{"type":"FeatureCollection","metadata":{"source":"USFS EDW Recreation Infrastructure Sites","region":"oakridge_oregon","bbox":[-122.75,43.35,-121.65,44.25],"note":"Official developed USFS campgrounds in the Oakridge / Westfir field area."},"features":[{"type":"Feature","id":3514187,"geometry":{"type":"Point","coordinates":[-122.705614,43.670592]},"properties":{"objectid":3514187,"site_cn":"5334010371","managing_org":"061501","site_id":"14414","site_name":"CEDAR CREEK CAMPGROUND","site_type":"CAMPGROUND","activity_type_list":"No Data","service_type_list":"No Data","seasonal_operational_status":"OPEN","op_status_reason":null,"development_status":"EXISTING","fee_charged":"Y","fee_type":"EXPANDED AMENITY FEE","recarea_name":"Cedar Creek Campground","public_site_name":"Cedar Creek Campground","alternative_name":null,"rec1stop_url":null,"usda_portal_url":"https://www.fs.usda.gov/recarea/umpqua/recarea/?recid=63404","important_info":null,"permit_information":null,"restrictions":"Quiet hours between 10 p.m. and 6 a.m.Campfires in developed fire pits only ; Fireworks are prohibitedDogs must be on leash; OHV/ATV; use prohibited in the campgroundMaximum length of stay: 14 days","closest_towns":"Cottage Grove, OR","water_availability":"Water can be treated or filtered from nearby water sources","restroom_availability":"Vault toilet(s)","operated_by":"US Forest Service","season_description":null,"directions":"From Cottage Grove, OR, travel east on Row River Road 2400 for 19 miles to Forest Road 2470. Turn right on County Road 2470 and continue for 4 miles along Brice Creek to Cedar Creek Campground, located on the left side of the road.","maximum_elevation":null,"minimum_elevation":"1,520 feet","site_season_start_date":null,"site_season_end_date":null,"latitude":43.670587,"longitude":-122.7056,"infra_last_update":1786027957000,"edw_last_modify":1786068288000,"globalid":"{9319F365-200D-410F-93DE-FB3851AC0C5F}"}},{"type":"Feature","id":3514889,"geometry":{"type":"Point","coordinates":[-122.148819,44.160077]},"properties":{"objectid":3514889,"site_cn":"5019.005631","managing_org":"061801","site_id":"15111","site_name":"HORSE CREEK GROUP CAMPGROUND","site_type":"GROUP CAMPGROUND","activity_type_list":"No Data","service_type_list":"No Data","seasonal_operational_status":"OPEN","op_status_reason":null,"development_status":"EXISTING","fee_charged":"Y","fee_type":"EXPANDED AMENITY FEE","recarea_name":"Horse Creek Campground","public_site_name":"Horse Creek Campground","alternative_name":null,"rec1stop_url":"https://www.recreation.gov/camping/campgrounds/231984","usda_portal_url":"https://www.fs.usda.gov/recarea/willamette/recarea/?recid=4393","important_info":null,"permit_information":null,"restrictions":"Camping is not allowed more than 14 days in a 60 day period.Check-in time: 2:00 pm or later. Check-out time: 1:00 pm; Use of chainsaws in the campground is prohibitedDogs MUST be on leash at all times within the campground","closest_towns":"McKenzie Bridge, OR","water_availability":"Yes, drinking water is available from a hand pump","restroom_availability":"Vault toilet(s)","operated_by":"US Forest Service","season_description":null,"directions":"From McKenzie Bridge, OR, travel east on Highway 126 to Horse Creek Road #2638. Follow Horse Creek Road southeast for 2 miles to Horse Creek Group Campsite.","maximum_elevation":null,"minimum_elevation":"1,400 feet","site_season_start_date":null,"site_season_end_date":null,"latitude":44.1600719,"longitude":-122.148805,"infra_last_update":1786027964000,"edw_last_modify":1786068383000,"globalid":"{5CBA26A7-522D-401C-AA85-D13DE2D93A3B}"}},{"type":"Feature","id":3514947,"geometry":{"type":"Point","coordinates":[-122.517145,43.976352]},"properties":{"objectid":3514947,"site_cn":"5019.005621","managing_org":"061805","site_id":"15066","site_name":"PUMA","site_type":"CAMPGROUND","activity_type_list":"No Data","service_type_list":"No Data","seasonal_operational_status":"OPEN","op_status_reason":null,"development_status":"EXISTING","fee_charged":"Y","fee_type":"EXPANDED AMENITY FEE","recarea_name":"PUMA","public_site_name":"Puma Campground","alternative_name":null,"rec1stop_url":"https://www.recreation.gov/camping/campgrounds/10165566","usda_portal_url":"https://www.fs.usda.gov/recarea/willamette/recarea/?recid=4509","important_info":null,"permit_information":null,"restrictions":"Single campsite capacity: 6 persons, 2 vehicles, 2 tents. Camping is not allowed more than 14 days in a 60 day period. Use of chainsaws in the campground is prohibited. Dogs MUST be on leash.","closest_towns":"Lowell, Oregon","water_availability":"Yes, drinking water is available from a hand pump","restroom_availability":"Vault toilet(s)","operated_by":"Concessionaire","season_description":null,"directions":"From Lowell, Oregon: Beginning at the Lowell Junior/Senior High School at 65 South Pioneer Street, head north for 0.1 mile. Turn left at the 2nd cross street onto North Shore Drive. Drive for another 0.1 mile and turn right at the first cross street, which is South Moss Street. In approximately 0.8 miles, South Moss Street becomes the Jasper-Lowell Road. Continue for another 1.0 mile until the four-way stop. ; Turn right onto Big Fall Creek Road. Approaching the base of the Fall Creek Lake Dam, bear to the left after passing Winberry Creek Road (on your right). Note that Big Fall Creek Road becomes Forest Road 18 after crossing the National Forest boundary. Travel for 16.1 miles from the four-way stop and the destination will be on your left.","maximum_elevation":null,"minimum_elevation":null,"site_season_start_date":null,"site_season_end_date":null,"latitude":43.976347000000004,"longitude":-122.517131,"infra_last_update":1786027964000,"edw_last_modify":1786068383000,"globalid":"{9DECF826-B84B-4B01-8B48-18CC42391E6C}"}},{"type":"Feature","id":3515200,"geometry":{"type":"Point","coordinates":[-122.006669,43.461179]},"properties":{"objectid":3515200,"site_cn":"5233.004621","managing_org":"060102","site_id":"12473","site_name":"CONTORTA POINT","site_type":"GROUP CAMPGROUND","activity_type_list":"No Data","service_type_list":"No Data","seasonal_operational_status":"OPEN","op_status_reason":null,"development_status":"EXISTING","fee_charged":"Y","fee_type":null,"recarea_name":"Contorta Point","public_site_name":"Contorta Point Group Campground","alternative_name":null,"rec1stop_url":"https://www.recreation.gov/camping/campgrounds/234289","usda_portal_url":"https://www.fs.usda.gov/recarea/deschutes/recarea/?recid=39052","important_info":null,"permit_information":null,"restrictions":"Maximum site spur length is 35 feet.","closest_towns":"Crescent, OR","water_availability":"No water is available","restroom_availability":"Vault toilet(s)","operated_by":"Concessionaire","season_description":null,"directions":"From Crescent, OR: Travel 12.2 miles west on County Road 61/Crescent Cut-off Road, then 3.5 miles north on Highway 58, then 9.9 miles southwest on Forest Road 60.","maximum_elevation":null,"minimum_elevation":"4,800 feet","site_season_start_date":null,"site_season_end_date":null,"latitude":43.461174,"longitude":-122.00665500000001,"infra_last_update":1786027950000,"edw_last_modify":1786068307000,"globalid":"{F641AD7E-8EAE-40D3-95F0-78276ADFDAFE}"}},{"type":"Feature","id":3515675,"geometry":{"type":"Point","coordinates":[-121.776044,43.871232]},"properties":{"objectid":3515675,"site_cn":"5113.004621","managing_org":"060101","site_id":"12395","site_name":"DESCHUTES BRIDGE","site_type":"CAMPGROUND","activity_type_list":"No Data","service_type_list":"No Data","seasonal_operational_status":"CLOSED","op_status_reason":null,"development_status":"EXISTING","fee_charged":"N","fee_type":null,"recarea_name":"Deschutes Bridge","public_site_name":"Deschutes Bridge Campground","alternative_name":null,"rec1stop_url":null,"usda_portal_url":null,"important_info":null,"permit_information":null,"restrictions":null,"closest_towns":"Sunriver, Oregon","water_availability":"No water is available","restroom_availability":"No restroom available","operated_by":"US Forest Service","season_description":null,"directions":null,"maximum_elevation":null,"minimum_elevation":"4,600 feet","site_season_start_date":null,"site_season_end_date":null,"latitude":43.87122617,"longitude":-121.7760303,"infra_last_update":1766409656000,"edw_last_modify":1766455519000,"globalid":"{FD88AA84-2A97-48EC-9121-0FE4F4C32092}"}},{"type":"Feature","id":3515860,"geometry":{"type":"Point","coordinates":[-121.962009,43.4946]},"properties":{"objectid":3515860,"site_cn":"5392.004621","managing_org":"060102","site_id":"40513","site_name":"SIMAX GROUP SITE","site_type":"GROUP CAMPGROUND","activity_type_list":"No Data","service_type_list":"No Data","seasonal_operational_status":"OPEN","op_status_reason":null,"development_status":"EXISTING","fee_charged":"Y","fee_type":null,"recarea_name":"SIMAX GROUP SITE","public_site_name":"Simax Group Campground","alternative_name":null,"rec1stop_url":"https://www.recreation.gov/camping/campgrounds/232779","usda_portal_url":"https://www.fs.usda.gov/recarea/deschutes/recarea/?recid=39096","important_info":null,"permit_information":null,"restrictions":"Maximum site spur length is 30 feet.","closest_towns":"Crescent, OR","water_availability":"Yes, drinking water is available from faucets","restroom_availability":"Vault toilet(s)","operated_by":"Concessionaire","season_description":null,"directions":"From Crescent, OR: Travel 12.2 miles west on County Road 61/Crescent Cut-off Road, then 3.5 miles north on Highway 58, then 2.2 miles west on Forest Road 60, then 1 mile south on Forest Road 6005.","maximum_elevation":null,"minimum_elevation":null,"site_season_start_date":null,"site_season_end_date":null,"latitude":43.494595000000004,"longitude":-121.961995,"infra_last_update":1786027954000,"edw_last_modify":1786068280000,"globalid":"{FC88E81A-2B12-4435-8A89-1B7AB0472576}"}},{"type":"Feature","id":3516264,"geometry":{"type":"Point","coordinates":[-122.083847,43.950894]},"properties":{"objectid":3516264,"site_cn":"5024.005581","managing_org":"061801","site_id":"14963","site_name":"ROARING RIVER","site_type":"GROUP CAMPGROUND","activity_type_list":"No Data","service_type_list":"No Data","seasonal_operational_status":"OPEN","op_status_reason":null,"development_status":"EXISTING","fee_charged":"Y","fee_type":"EXPANDED AMENITY FEE","recarea_name":"Roaring River Campground","public_site_name":"Roaring River Campground","alternative_name":null,"rec1stop_url":"https://www.recreation.gov/camping/campgrounds/231983","usda_portal_url":"https://www.fs.usda.gov/recarea/willamette/recarea/?recid=4395","important_info":null,"permit_information":null,"restrictions":"Camping is not allowed more than 14 days in a 60 day period.Check-in time: 2:00 pm or later. Check-out time: 1:00 pm; Use of chainsaws in the campground is prohibitedDogs MUST be on leash at all times within the campground","closest_towns":"Blue River, OR","water_availability":"No drinking water is available","restroom_availability":"Vault toilet(s)","operated_by":"US Forest Service","season_description":null,"directions":"From Blue River, OR, travel 4 miles east on Highway 126 to Aufderheide Drive (Forest Service Road 19). Proceed south on Aufderheide Drive, taking the Y and climbing to the top of Cougar Reservoir. Continue south on Aufderheide Drive for 20 miles to Roaring River Group Campsite.","maximum_elevation":null,"minimum_elevation":"2,600 feet","site_season_start_date":null,"site_season_end_date":null,"latitude":43.95088889,"longitude":-122.0838333,"infra_last_update":1786027964000,"edw_last_modify":1786068380000,"globalid":"{2DC1BCD5-6900-4C79-82FD-CF9C2B3A1081}"}},{"type":"Feature","id":3517003,"geometry":{"type":"Point","coordinates":[-122.045114,43.861305]},"properties":{"objectid":3517003,"site_cn":"5027.005641","managing_org":"061805","site_id":"15152","site_name":"SKOOKUM CREEK","site_type":"CAMPGROUND","activity_type_list":"No Data","service_type_list":"No Data","seasonal_operational_status":"OPEN","op_status_reason":null,"development_status":"EXISTING","fee_charged":"Y","fee_type":"STANDARD AMENITY FEE","recarea_name":"Skookum Creek Campground","public_site_name":"Skookum Creek Campground","alternative_name":null,"rec1stop_url":"https://www.recreation.gov/camping/campgrounds/10165631","usda_portal_url":"https://www.fs.usda.gov/recarea/willamette/recarea/?recid=4516","important_info":null,"permit_information":null,"restrictions":"No trailer facilities. Camping is not allowed more than 14 days in a 60 day period. Use of chainsaws in the campground is prohibited. Animals must be on a leash no longer than 6 feet.  Quiet hours are 10:00 p.m. until 6:00 a.m.","closest_towns":"Oakridge, Oregon","water_availability":"No water is available","restroom_availability":"Vault toilet(s)","operated_by":"US Forest Service","season_description":null,"directions":"Approximately 40 miles northeast of Oakridge, Oregon. From Oakridge, Oregon: Beginning at the intersection of Crestview Street and Oregon State Highway 58 (at the only traffic light along Highway 58 in Oakridge), travel west on State Highway 58 for 2.1 miles. Turn right onto the Westfir-Oakridge Road and follow for 1.3 miles. At the junction with the Westfir Road (which crosses a steel truss bridge on your left) continue to the right and drive to the center of the former logging town of Westfir. At the four-way intersection, continue straight onto Forest Road 19/Aufderheide Drive. Continue approximately 32 miles to the junction with Forest Road 1957 on your right (note that just beyond 1957 is the Box Canyon Guard Station and Box Canyon Horse Camp). ; Turn right onto Forest Road 1957, and travel 3.6 miles to its end at a large parking area. ;","maximum_elevation":null,"minimum_elevation":"4,500 feet","site_season_start_date":null,"site_season_end_date":null,"latitude":43.8613,"longitude":-122.0451,"infra_last_update":1786027962000,"edw_last_modify":1786068378000,"globalid":"{965B76B9-B687-4565-B963-96B5A1FECD5B}"}},{"type":"Feature","id":3517110,"geometry":{"type":"Point","coordinates":[-122.447574,43.522955]},"properties":{"objectid":3517110,"site_cn":"5353.005571","managing_org":"061805","site_id":"72113","site_name":"YOUNGS FLAT/EVERAGE FLAT","site_type":"CAMPGROUND","activity_type_list":"No Data","service_type_list":"No Data","seasonal_operational_status":"OPEN","op_status_reason":null,"development_status":"EXISTING","fee_charged":"N","fee_type":null,"recarea_name":"Youngs Flat/Everage Flat","public_site_name":"Everage Flat Campground","alternative_name":null,"rec1stop_url":null,"usda_portal_url":null,"important_info":null,"permit_information":null,"restrictions":null,"closest_towns":"Oakridge, Oregon","water_availability":"No drinking water is available","restroom_availability":"Vault toilet(s)","operated_by":"US Forest Service","season_description":null,"directions":"From the junction of Crestview Street and Oregon State Highway 58 in Oakridge (the only traffic light in Oakridge on Highway 58), travel east on 58 approximately two miles until Hills Creek Road/Kitson Springs Road. Turn right and travel 0.5 miles until Forest Road 21. Continue on the 21 road for just over 20 miles and Everage Flats will be on your right.","maximum_elevation":null,"minimum_elevation":"2,000 feet","site_season_start_date":null,"site_season_end_date":null,"latitude":43.52295,"longitude":-122.44756000000001,"infra_last_update":1753975102000,"edw_last_modify":1754014049000,"globalid":"{1E7200BC-029D-47EF-8569-4AAA6B7B6FFB}"}},{"type":"Feature","id":3518278,"geometry":{"type":"Point","coordinates":[-121.863084,43.801025]},"properties":{"objectid":3518278,"site_cn":"5016.004621","managing_org":"060101","site_id":"12402","site_name":"LITTLE CULTUS","site_type":"CAMPGROUND","activity_type_list":"No Data","service_type_list":"No Data","seasonal_operational_status":"OPEN","op_status_reason":null,"development_status":"EXISTING","fee_charged":"Y","fee_type":null,"recarea_name":"LITTLE CULTUS","public_site_name":"Little Cultus Campground","alternative_name":null,"rec1stop_url":"https://www.recreation.gov/camping/campgrounds/251722","usda_portal_url":"https://www.fs.usda.gov/recarea/deschutes/recarea/?recid=38906","important_info":null,"permit_information":null,"restrictions":"Maximum site spur length is 30 feet.","closest_towns":"La Pine / Sunriver, OR","water_availability":"Yes, drinking water is available from a hand pump","restroom_availability":"Vault toilet(s)","operated_by":"Concessionaire","season_description":null,"directions":"From Bend, OR: Travel 46.0 miles southwest on Cascade Lakes Hwy (46), then 0.8 miles west on Forest Road 4635, then 1.7 south on Forest Road 4630, and then 1.0 miles west on Forest Road 4636.","maximum_elevation":null,"minimum_elevation":null,"site_season_start_date":null,"site_season_end_date":null,"latitude":43.80102,"longitude":-121.86307,"infra_last_update":1786027953000,"edw_last_modify":1786068385000,"globalid":"{8C1423B8-66A3-4516-8DFA-291C523EA249}"}},{"type":"Feature","id":3518633,"geometry":{"type":"Point","coordinates":[-121.76545,44.035639]},"properties":{"objectid":3518633,"site_cn":"5114.004621","managing_org":"060101","site_id":"12397","site_name":"DEVILS LAKE","site_type":"CAMPGROUND","activity_type_list":"No Data","service_type_list":"No Data","seasonal_operational_status":"OPEN","op_status_reason":null,"development_status":"EXISTING","fee_charged":"Y","fee_type":"STANDARD AMENITY FEE","recarea_name":"Devils Lake","public_site_name":"Devils Lake Campground","alternative_name":null,"rec1stop_url":null,"usda_portal_url":"https://www.fs.usda.gov/recarea/deschutes/recarea/?recid=38846","important_info":null,"permit_information":null,"restrictions":"Walk in camping only. No motorized boats in Devils Lake.","closest_towns":"Bend / Sunriver, OR","water_availability":"No water is available","restroom_availability":"Vault toilet(s)","operated_by":"US Forest Service","season_description":null,"directions":"From Bend, OR: Travel about 29 miles west on Cascade Lakes Highway (46), turn south (left) and turn at the sign for Devil 's Lake trailhead.","maximum_elevation":null,"minimum_elevation":"5,500 feet","site_season_start_date":null,"site_season_end_date":null,"latitude":44.03563333,"longitude":-121.7654361,"infra_last_update":1786027842000,"edw_last_modify":1786068342000,"globalid":"{878266E7-B624-4787-BE43-CC447F67237D}"}},{"type":"Feature","id":3518677,"geometry":{"type":"Point","coordinates":[-122.208404,44.042255]},"properties":{"objectid":3518677,"site_cn":"5000.005581","managing_org":"061801","site_id":"14958","site_name":"FRENCH PETE CAMPGROUND","site_type":"CAMPGROUND","activity_type_list":"No Data","service_type_list":"No Data","seasonal_operational_status":"OPEN","op_status_reason":null,"development_status":"EXISTING","fee_charged":"Y","fee_type":null,"recarea_name":"French Pete Campground","public_site_name":"French Pete Campground","alternative_name":null,"rec1stop_url":"https://www.recreation.gov/camping/campgrounds/234730","usda_portal_url":"https://www.fs.usda.gov/recarea/willamette/recarea/?recid=4367","important_info":null,"permit_information":null,"restrictions":"Camping is restricted to developed campgrounds in the Cougar Recreation AreaCamping is not allowed more than 14 days in a 60 day period.Check-in time: 2:00 pm or later. Check-out time: 1:00 pm; Use of chainsaws in the campground is prohibitedDogs MUST be","closest_towns":"Blue River, Oregon","water_availability":"No, drinking water is not available. The water system is Non-functioning for the Summer and Fall 2026 camping season.","restroom_availability":"Vault toilet(s)","operated_by":"Concessionaire","season_description":null,"directions":"From Blue River, OR, travel 4 miles east on Highway 126 to Aufderheide Drive (Forest Service Road 19).Continue south on Aufderheide Drive, turning right at the Y and climbing to the top of Cougar Reservoir. Continue south on Aufderheide Drive 8 miles to French Pete Campground.","maximum_elevation":null,"minimum_elevation":"1,800 feet","site_season_start_date":null,"site_season_end_date":null,"latitude":44.04225,"longitude":-122.20839,"infra_last_update":1786027964000,"edw_last_modify":1786068396000,"globalid":"{49611C88-B809-49AA-A65C-F6EB27F765E2}"}},{"type":"Feature","id":3519540,"geometry":{"type":"Point","coordinates":[-121.796589,43.962975]},"properties":{"objectid":3519540,"site_cn":"8192.004621","managing_org":"060101","site_id":"41537","site_name":"LITTLE FAWN GROUP SITE","site_type":"GROUP CAMPGROUND","activity_type_list":"No Data","service_type_list":"No Data","seasonal_operational_status":"OPEN","op_status_reason":null,"development_status":"EXISTING","fee_charged":"Y","fee_type":null,"recarea_name":"Little Fawn Group Site","public_site_name":"Little Fawn Group Campground","alternative_name":null,"rec1stop_url":null,"usda_portal_url":"https://www.fs.usda.gov/recarea/deschutes/recarea/?recid=38910","important_info":null,"permit_information":null,"restrictions":null,"closest_towns":"Bend, OR","water_availability":"Yes, drinking water is available from a hand pump","restroom_availability":"Vault toilet(s)","operated_by":"Concessionaire","season_description":null,"directions":"From Bend, OR: Travel 35.5 miles southwest on Cascade Lakes Hwy (46), then 1.7 miles east on Forest Road 4625.","maximum_elevation":null,"minimum_elevation":" feet","site_season_start_date":null,"site_season_end_date":null,"latitude":43.962969439999995,"longitude":-121.79657499999999,"infra_last_update":1786027954000,"edw_last_modify":1786068244000,"globalid":"{0103F129-16CC-4D85-8570-223526B371FC}"}},{"type":"Feature","id":3520473,"geometry":{"type":"Point","coordinates":[-122.009181,43.748617]},"properties":{"objectid":3520473,"site_cn":"5002.005641","managing_org":"061805","site_id":"22281","site_name":"ISLET CAMPGROUND","site_type":"CAMPGROUND","activity_type_list":"No Data","service_type_list":"No Data","seasonal_operational_status":"OPEN","op_status_reason":null,"development_status":"EXISTING","fee_charged":"Y","fee_type":"EXPANDED AMENITY FEE","recarea_name":"Islet Campground","public_site_name":"Islet Campground","alternative_name":null,"rec1stop_url":"https://www.recreation.gov/camping/campgrounds/254094","usda_portal_url":"https://www.fs.usda.gov/recarea/willamette/recarea/?recid=4501","important_info":null,"permit_information":null,"restrictions":"Single campsite capacity: 6 persons, 2 vehicles, and 2 tents*Multiple campsite capacity: 8 persons, 3 vehicles, and 3 tents*See special regulations for Waldo Lake AreaCamping is not allowed more than 14 days in a 60 day period.","closest_towns":"Oakridge, Oregon","water_availability":"Yes, drinking water is available from faucets","restroom_availability":"Vault toilet(s)","operated_by":"Concessionaire","season_description":null,"directions":"From Oakridge, Oregon, travel east on Highway 58 for 23.3 miles. Turn left on the Waldo Lake Road/Forest Road 5897. Travel for 12.8 miles and turn left at the T intersection on Forest Road 5898. Travel for 1.2 miles and the destination will be on your right.","maximum_elevation":null,"minimum_elevation":"5,400 feet","site_season_start_date":null,"site_season_end_date":null,"latitude":43.748611110000006,"longitude":-122.00916670000001,"infra_last_update":1786027962000,"edw_last_modify":1786068394000,"globalid":"{4DE94C04-D81B-4E8C-AEBA-E4B84C3412C6}"}},{"type":"Feature","id":3520481,"geometry":{"type":"Point","coordinates":[-122.041681,43.693061]},"properties":{"objectid":3520481,"site_cn":"5003.005641","managing_org":"061805","site_id":"22284","site_name":"SHADOW BAY CAMPGROUND","site_type":"CAMPGROUND","activity_type_list":"No Data","service_type_list":"No Data","seasonal_operational_status":"OPEN","op_status_reason":null,"development_status":"EXISTING","fee_charged":"Y","fee_type":"EXPANDED AMENITY FEE","recarea_name":"Shadow Bay Campground","public_site_name":"Shadow Bay Campground","alternative_name":null,"rec1stop_url":"https://www.recreation.gov/camping/campgrounds/234219","usda_portal_url":"https://www.fs.usda.gov/recarea/willamette/recarea/?recid=4514","important_info":null,"permit_information":null,"restrictions":"Single campsite capacity: 6 persons, 2 vehicles, and 2 tents*Multiple campsite capacity: 8 persons, 3 vehicles, and 3 tents*See special regulations for Waldo Lake AreaCamping is not allowed more than 14 days in a 60 day period.","closest_towns":"Oakridge, Oregon","water_availability":"Yes, drinking water is available from faucets","restroom_availability":"Vault toilet(s)","operated_by":"Concessionaire","season_description":null,"directions":"From Oakridge: At the intersection of Crestview Street and Oregon State Highway 58 (the only traffic light on State Highway 58 in Oakridge), travel east on Highway 58 for 23.3 miles. Turn left on the Waldo Lake Road/Forest Road 5897 and travel 6.7 miles to Forest Road 5896. Turn left onto Forest Road 5896, travel 1.7 miles and the destination will be on your right.","maximum_elevation":null,"minimum_elevation":"5,400 feet","site_season_start_date":null,"site_season_end_date":null,"latitude":43.69305556,"longitude":-122.04166670000001,"infra_last_update":1786027962000,"edw_last_modify":1786068394000,"globalid":"{FC916625-FCE1-4449-A256-D4666D08609E}"}},{"type":"Feature","id":3520697,"geometry":{"type":"Point","coordinates":[-122.712314,43.582728]},"properties":{"objectid":3520697,"site_cn":"5330010371","managing_org":"061501","site_id":"14415","site_name":"MINERAL","site_type":"CAMPGROUND","activity_type_list":"No Data","service_type_list":"No Data","seasonal_operational_status":"OPEN","op_status_reason":null,"development_status":"EXISTING","fee_charged":"N","fee_type":null,"recarea_name":"Mineral Forest Camp","public_site_name":"Mineral Campground","alternative_name":null,"rec1stop_url":null,"usda_portal_url":"https://www.fs.usda.gov/recarea/umpqua/recarea/?recid=63422","important_info":null,"permit_information":null,"restrictions":"Quiet hours between 10 p.m. and 6 a.m.Campfires in developed fire pits only ; Fireworks are prohibitedDogs must be on leash; OHV/ATV; use prohibited in the campgroundMaximum length of stay: 14 days","closest_towns":"Cottage Grove, OR","water_availability":"Water can be treated or filtered from nearby water sources","restroom_availability":"Vault toilet(s)","operated_by":"US Forest Service","season_description":null,"directions":"From Cottage Grove, OR, travel east on Row River Road 2400 for 15 miles to Sharps Creek Road 2460. Turn right on Sharps Creek Road 2460 and continue for 10 miles. Turn left and continue onto the gravel portion of Sharps Creek Road 2460 for 2 miles. Mineral Camp is located on the right side of the road.","maximum_elevation":null,"minimum_elevation":"1,800 feet","site_season_start_date":null,"site_season_end_date":null,"latitude":43.582723,"longitude":-122.7123,"infra_last_update":1754065282000,"edw_last_modify":1754100386000,"globalid":"{3AEBC7A7-19E2-4BBC-BE67-72560E418282}"}},{"type":"Feature","id":3520718,"geometry":{"type":"Point","coordinates":[-122.297514,43.709172]},"properties":{"objectid":3520718,"site_cn":"5000.005641","managing_org":"061805","site_id":"15156","site_name":"BLUE POOL","site_type":"CAMPGROUND","activity_type_list":"No Data","service_type_list":"No Data","seasonal_operational_status":"OPEN","op_status_reason":null,"development_status":"EXISTING","fee_charged":"Y","fee_type":"EXPANDED AMENITY FEE","recarea_name":"BLUE POOL","public_site_name":"Blue Pool Campground","alternative_name":null,"rec1stop_url":"https://www.recreation.gov/camping/campgrounds/10165170","usda_portal_url":"https://www.fs.usda.gov/recarea/willamette/recarea/?recid=4491","important_info":null,"permit_information":null,"restrictions":"Single campsite capacity: 6 persons, 2 vehicles, 2 tents. Camping is not allowed more than 14 days in a 60 day period. Use of chainsaws in the campground is prohibited. Dogs must be on leash.","closest_towns":"Oakridge, Oregon","water_availability":"Yes, drinking water is available from a hand pump","restroom_availability":"Vault toilet(s)","operated_by":"Concessionaire","season_description":null,"directions":"From Oakridge, Oregon: From the intersection of Crestview Street and State Highway 58 (at the only traffic light on Highway 58 in Oakridge) proceed east on Oregon State Highway 58 for 9.2 miles. The destination will be on your right.","maximum_elevation":null,"minimum_elevation":null,"site_season_start_date":null,"site_season_end_date":null,"latitude":43.70916667,"longitude":-122.2975,"infra_last_update":1786027961000,"edw_last_modify":1786068396000,"globalid":"{282757BB-F80D-4436-B27D-423DC2EBB9AB}"}},{"type":"Feature","id":3520854,"geometry":{"type":"Point","coordinates":[-122.609459,43.962228]},"properties":{"objectid":3520854,"site_cn":"5005.005621","managing_org":"061805","site_id":"25939","site_name":"BROKEN BOWL","site_type":"CAMPGROUND","activity_type_list":"No Data","service_type_list":"No Data","seasonal_operational_status":"OPEN","op_status_reason":null,"development_status":"EXISTING","fee_charged":"Y","fee_type":"EXPANDED AMENITY FEE","recarea_name":"BROKEN BOWL","public_site_name":"Broken Bowl Campground","alternative_name":null,"rec1stop_url":"https://www.recreation.gov/camping/campgrounds/10165185","usda_portal_url":"https://www.fs.usda.gov/recarea/willamette/recarea/?recid=4493","important_info":null,"permit_information":null,"restrictions":"Single campsite capacity: 6 persons, 2 vehicles, 2 tentsCamping is not allowed more than 14 days in a 60 day period.; Use of chainsaws in the campground is prohibitted","closest_towns":"Lowell, Oregon","water_availability":"No drinking water is available","restroom_availability":"Portable toilet(s)","operated_by":"Concessionaire","season_description":null,"directions":"From Lowell, Oregon: Beginning at the Lowell Junior/Senior High School at 65 Pioneer Street, head north for 0.1 mile. Turn left at the 2nd cross street onto North Shore Drive. Drive for another 0.1 mile and turn right at the first cross street, which is South Moss Street. Drive for another 1.8 miles until the four-way stop. Turn right onto Big Fall Creek Road. Travel for 10.7 miles from the four-way stop and the destination will be on your right. Note that Big Fall Creek Road becomes Forest Road 18 after crossing the National Forest boundary.","maximum_elevation":null,"minimum_elevation":null,"site_season_start_date":null,"site_season_end_date":null,"latitude":43.96222222,"longitude":-122.60944439999999,"infra_last_update":1786027962000,"edw_last_modify":1786068392000,"globalid":"{76075CDC-C759-4716-A5A9-233EF903F2CA}"}},{"type":"Feature","id":3521286,"geometry":{"type":"Point","coordinates":[-122.54057,43.787783]},"properties":{"objectid":3521286,"site_cn":"5001.005621","managing_org":"061805","site_id":"15062","site_name":"SHADY DELL CG","site_type":"GROUP CAMPGROUND","activity_type_list":"No Data","service_type_list":"No Data","seasonal_operational_status":"CLOSED","op_status_reason":null,"development_status":"EXISTING","fee_charged":"N","fee_type":null,"recarea_name":"SHADY DELL CG","public_site_name":"Shady Dell Group Campground","alternative_name":null,"rec1stop_url":null,"usda_portal_url":"https://www.fs.usda.gov/generalinfo/willamette/specialplaces/generalinfo/?groupid=123223&recid=9650","important_info":null,"permit_information":null,"restrictions":null,"closest_towns":"Oakridge, Oregon","water_availability":"No drinking water is available","restroom_availability":"No restroom available","operated_by":"US Forest Service","season_description":null,"directions":null,"maximum_elevation":null,"minimum_elevation":null,"site_season_start_date":null,"site_season_end_date":null,"latitude":43.78777778,"longitude":-122.54055559999999,"infra_last_update":1766410963000,"edw_last_modify":1766455579000,"globalid":"{5F9EDD46-2B16-4D51-A1C4-208CB400A425}"}},{"type":"Feature","id":3521962,"geometry":{"type":"Point","coordinates":[-121.776003,43.813289]},"properties":{"objectid":3521962,"site_cn":"5017.004621","managing_org":"060101","site_id":"12392","site_name":"COW MEADOW","site_type":"CAMPGROUND","activity_type_list":"No Data","service_type_list":"No Data","seasonal_operational_status":"OPEN","op_status_reason":null,"development_status":"EXISTING","fee_charged":"Y","fee_type":null,"recarea_name":"Cow Meadow","public_site_name":"Cow Meadow Campground","alternative_name":null,"rec1stop_url":"https://www.recreation.gov/camping/campgrounds/267553","usda_portal_url":"https://www.fs.usda.gov/recarea/deschutes/recarea/?recid=38826","important_info":null,"permit_information":null,"restrictions":"Maximum site spur length is 26 feet.","closest_towns":"Bend / Sunriver / La Pine, OR","water_availability":"No water is available","restroom_availability":"Vault toilet(s)","operated_by":"Concessionaire","season_description":null,"directions":"From Bend, OR: Travel about 45 miles south on Cascade Lakes Highway (46), 0.5 mile east on Forest Road 40, then 2 miles south on Forest Road 4000-790.","maximum_elevation":null,"minimum_elevation":"4,500 feet","site_season_start_date":null,"site_season_end_date":null,"latitude":43.813283330000004,"longitude":-121.7759889,"infra_last_update":1786027953000,"edw_last_modify":1786068385000,"globalid":"{37829F46-C92F-4176-9565-2572926D23CC}"}},{"type":"Feature","id":3522320,"geometry":{"type":"Point","coordinates":[-122.276414,44.163105]},"properties":{"objectid":3522320,"site_cn":"5002.005581","managing_org":"061801","site_id":"14964","site_name":"DELTA CAMPGROUND","site_type":"CAMPGROUND","activity_type_list":"No Data","service_type_list":"No Data","seasonal_operational_status":"CLOSED","op_status_reason":null,"development_status":"EXISTING","fee_charged":"Y","fee_type":null,"recarea_name":"DELTA CAMPGROUND","public_site_name":"Delta Campground","alternative_name":null,"rec1stop_url":"https://www.recreation.gov/camping/campgrounds/233340","usda_portal_url":"https://www.fs.usda.gov/recarea/willamette/recarea/?recid=4365","important_info":null,"permit_information":null,"restrictions":"Camping is restricted to developed campgrounds in the Cougar Recreation Area.","closest_towns":"Blue River, ORMcKenzie Bridge, OR","water_availability":"Yes, hand pumps","restroom_availability":"Vault toilets","operated_by":"Concessionaire","season_description":null,"directions":"From Blue River, OR, travel east 4 miles on Hwy 126 to Aufderheide Drive (Forest Service Road 19).Proceed south on Aufderheide Drive for 0.1 miles to Forest Service Road 400. Continue west on FS Road 400 to for 0.8 miles to Delta Campground.","maximum_elevation":null,"minimum_elevation":null,"site_season_start_date":null,"site_season_end_date":null,"latitude":44.1631,"longitude":-122.2764,"infra_last_update":1786027964000,"edw_last_modify":1786068394000,"globalid":"{5DD93564-8B8A-4616-9E29-A963BF077EEB}"}},{"type":"Feature","id":3522410,"geometry":{"type":"Point","coordinates":[-121.824472,43.674861]},"properties":{"objectid":3522410,"site_cn":"5107.004621","managing_org":"060101","site_id":"12476","site_name":"NORTH DAVIS CREEK","site_type":"CAMPGROUND","activity_type_list":"No Data","service_type_list":"No Data","seasonal_operational_status":"OPEN","op_status_reason":null,"development_status":"EXISTING","fee_charged":"Y","fee_type":null,"recarea_name":"NORTH DAVIS CREEK","public_site_name":"North Davis Creek Campground","alternative_name":null,"rec1stop_url":"https://www.recreation.gov/camping/campgrounds/267558","usda_portal_url":"https://www.fs.usda.gov/recarea/deschutes/recarea/?recid=38932","important_info":null,"permit_information":null,"restrictions":"Maximum site spur length is 26 feet.","closest_towns":"La Pine/Crescent, OR","water_availability":"Yes, drinking water is available from a hand pump","restroom_availability":"Vault toilet(s)","operated_by":"Concessionaire","season_description":null,"directions":"From Bend, OR: Travel 56.2 miles southwest on Cascade Lakes Hwy (46). The campground is on the east side of the highway.","maximum_elevation":null,"minimum_elevation":null,"site_season_start_date":null,"site_season_end_date":null,"latitude":43.67485556,"longitude":-121.8244583,"infra_last_update":1786027944000,"edw_last_modify":1786068344000,"globalid":"{172B8DB6-C540-44DD-9604-002271B039CF}"}},{"type":"Feature","id":3522415,"geometry":{"type":"Point","coordinates":[-122.008914,43.586135]},"properties":{"objectid":3522415,"site_cn":"5228.004621","managing_org":"060102","site_id":"12479","site_name":"PRINCESS CREEK","site_type":"CAMPGROUND","activity_type_list":"No Data","service_type_list":"No Data","seasonal_operational_status":"OPEN","op_status_reason":null,"development_status":"EXISTING","fee_charged":"Y","fee_type":null,"recarea_name":"Princess Creek","public_site_name":"Princess Creek Campground","alternative_name":null,"rec1stop_url":"https://www.recreation.gov/camping/campgrounds/267079","usda_portal_url":"https://www.fs.usda.gov/recarea/deschutes/recarea/?recid=39088","important_info":null,"permit_information":null,"restrictions":"Maximum site spur length is 50 feet.","closest_towns":"Crescent, OR","water_availability":"No water is available","restroom_availability":"Vault toilet(s)","operated_by":"Concessionaire","season_description":null,"directions":"From Crescent, OR: Travel 12.2 miles west on County Road 61/Crescent Cut-off Road, then 9.1 miles northwest on Highway 58.","maximum_elevation":null,"minimum_elevation":"4,800 feet","site_season_start_date":null,"site_season_end_date":null,"latitude":43.586130000000004,"longitude":-122.0089,"infra_last_update":1786027950000,"edw_last_modify":1786068309000,"globalid":"{6F8AE8A0-18BC-4EE0-B135-98AE256B8E7F}"}},{"type":"Feature","id":3522455,"geometry":{"type":"Point","coordinates":[-121.834178,43.766361]},"properties":{"objectid":3522455,"site_cn":"5020.004621","managing_org":"060101","site_id":"12412","site_name":"ROCK CREEK","site_type":"CAMPGROUND","activity_type_list":"No Data","service_type_list":"No Data","seasonal_operational_status":"OPEN","op_status_reason":null,"development_status":"EXISTING","fee_charged":"Y","fee_type":null,"recarea_name":"Rock Creek","public_site_name":"Rock Creek Campground","alternative_name":null,"rec1stop_url":"https://www.recreation.gov/camping/campgrounds/251449","usda_portal_url":"https://www.fs.usda.gov/recarea/deschutes/recarea/?recid=38974","important_info":null,"permit_information":null,"restrictions":"Maximum site spur length is 30 feet.","closest_towns":"La Pine, OR","water_availability":"Yes, drinking water is available from a hand pump","restroom_availability":"Vault toilet(s)","operated_by":"Concessionaire","season_description":null,"directions":"From Bend, OR: Travel; about 50 miles southwest on Cascade Lakes Hwy (46).","maximum_elevation":null,"minimum_elevation":"4,400 feet","site_season_start_date":null,"site_season_end_date":null,"latitude":43.76635556,"longitude":-121.83416390000001,"infra_last_update":1786027949000,"edw_last_modify":1786068383000,"globalid":"{8FBC1609-807A-4497-81BB-19F2F6295B68}"}},{"type":"Feature","id":3522493,"geometry":{"type":"Point","coordinates":[-122.566403,43.806672]},"properties":{"objectid":3522493,"site_cn":"5000.005621","managing_org":"061805","site_id":"15061","site_name":"BLACK CANYON CAMPGROUND AND PICNIC","site_type":"CAMPGROUND","activity_type_list":"No Data","service_type_list":"No Data","seasonal_operational_status":"OPEN","op_status_reason":null,"development_status":"EXISTING","fee_charged":"Y","fee_type":"EXPANDED AMENITY FEE","recarea_name":"BLACK CANYON CAMPGROUND AND PICNIC","public_site_name":"Black Canyon Campground","alternative_name":null,"rec1stop_url":"https://www.recreation.gov/camping/campgrounds/234214","usda_portal_url":"https://www.fs.usda.gov/recarea/willamette/recarea/?recid=4488","important_info":null,"permit_information":null,"restrictions":"Single campsite capacity: 6 persons, two vehicles, and two tents. Multiple campsite capacity: 8 persons, three vehicles, and three tents. Camping is not allowed more than 14 days in a 60 day period.Use of chainsaws in the campground is prohibitted. Animals must be on a leash no longer than 6 feet. Quiet hours are 10:00 p.m. until 6:00 a.m.","closest_towns":"Oakridge, Oregon","water_availability":"Yes, drinking water is available from a hand pump","restroom_availability":"Vault toilet(s)","operated_by":"Concessionaire","season_description":"May - September","directions":"From Oakridge, Oregon, travel west on 58 for approximately eight miles. The destination will be on your right just before milepost 27.","maximum_elevation":null,"minimum_elevation":null,"site_season_start_date":null,"site_season_end_date":null,"latitude":43.806666670000006,"longitude":-122.56638889999999,"infra_last_update":1786027962000,"edw_last_modify":1786068396000,"globalid":"{D5A861B9-8B14-4840-8AE5-B42509149B9C}"}},{"type":"Feature","id":3522556,"geometry":{"type":"Point","coordinates":[-122.115267,43.410277]},"properties":{"objectid":3522556,"site_cn":"5041.005641","managing_org":"061805","site_id":"15186","site_name":"TIMPANOGAS LAKE CAMPGROUND","site_type":"CAMPGROUND","activity_type_list":"No Data","service_type_list":"No Data","seasonal_operational_status":"OPEN","op_status_reason":null,"development_status":"EXISTING","fee_charged":"Y","fee_type":"EXPANDED AMENITY FEE","recarea_name":"Timpanogas Lake Campground","public_site_name":"Timpanogas Lake Campground","alternative_name":null,"rec1stop_url":"https://www.recreation.gov/camping/campgrounds/234188","usda_portal_url":"https://www.fs.usda.gov/recarea/willamette/recarea/?recid=4517","important_info":null,"permit_information":null,"restrictions":"Camping is not allowed more than 14 days in a 60 day period. Use of chainsaws in the campground is prohibited. Animals must be on a leash no longer than 6 feet. Quiet hours are 10:00 p.m. until 6:00 a.m.","closest_towns":"Oakridge, Oregon","water_availability":"Yes, drinking water is available from a hand pump","restroom_availability":"Vault toilet(s)","operated_by":"US Forest Service","season_description":"May - September","directions":"Approximately 42 miles southeast of Oakridge, Oregon. From Oakridge, Oregon: From the intersection of Crestview Street and Oregon State Highway 58 (at the only traffic light along Highway 58 in Oakridge), proceed east on Highway 58 for 1.7 miles. Turn right onto Hills Creek Road/Kitson Springs Road. Travel for 0.5 miles and turn right onto Forest Road 21. Travel for approximately 32 miles (past Indigo Springs Campground) until the junction with Forest Road 2154. Turn left onto Forest Road 2154 and travel approximately 8 miles (past the end of pavement) to the campground.","maximum_elevation":null,"minimum_elevation":"5,300 feet","site_season_start_date":null,"site_season_end_date":null,"latitude":43.410272000000006,"longitude":-122.115253,"infra_last_update":1786027964000,"edw_last_modify":1786068369000,"globalid":"{E95866DA-340B-4E8A-A96B-52047BF2A2FA}"}},{"type":"Feature","id":3523021,"geometry":{"type":"Point","coordinates":[-122.032504,43.470115]},"properties":{"objectid":3523021,"site_cn":"5265.004621","managing_org":"060102","site_id":"29789","site_name":"WHITEFISH HORSE CAMP","site_type":"HORSE CAMP","activity_type_list":"No Data","service_type_list":"No Data","seasonal_operational_status":"OPEN","op_status_reason":null,"development_status":"EXISTING","fee_charged":"Y","fee_type":null,"recarea_name":"WHITEFISH HORSE CAMP","public_site_name":"Whitefish Horse Camp","alternative_name":null,"rec1stop_url":"https://www.recreation.gov/camping/campgrounds/232778","usda_portal_url":"https://www.fs.usda.gov/recarea/deschutes/recarea/?recid=39126","important_info":null,"permit_information":null,"restrictions":"Maximum site spur length is 30 feet.As part of a larger effort to reduce invasive species on national forest lands, weed-free feed is required on the Deschutes National Forest. Locate a weed-free feed vendor near you.","closest_towns":"Crescent, OR","water_availability":"Yes, drinking water is available from a hand pump","restroom_availability":"Vault toilet(s)","operated_by":"Concessionaire","season_description":null,"directions":"From Crescent, OR: Travel 12.2 miles west on County Road 61/Crescent Cut-off Road, then 3.5 miles north on Highway 58, then 6.7 miles west on Forest Road 60.","maximum_elevation":null,"minimum_elevation":null,"site_season_start_date":null,"site_season_end_date":null,"latitude":43.470110000000005,"longitude":-122.03249,"infra_last_update":1786027953000,"edw_last_modify":1786068301000,"globalid":"{3784FF3D-EB5D-48CE-8265-BF74F72958E1}"}},{"type":"Feature","id":3523225,"geometry":{"type":"Point","coordinates":[-122.002792,43.758339]},"properties":{"objectid":3523225,"site_cn":"11369010565","managing_org":"061805","site_id":"15150","site_name":"NORTH WALDO CAMPGROUND","site_type":"CAMPGROUND","activity_type_list":"No Data","service_type_list":"No Data","seasonal_operational_status":"OPEN","op_status_reason":null,"development_status":"EXISTING","fee_charged":"Y","fee_type":"EXPANDED AMENITY FEE","recarea_name":"NORTH WALDO CAMPGROUND","public_site_name":"North Waldo Campground","alternative_name":null,"rec1stop_url":"https://www.recreation.gov/camping/campgrounds/233364","usda_portal_url":"https://www.fs.usda.gov/recarea/willamette/recarea/?recid=4504","important_info":null,"permit_information":null,"restrictions":"See special regulations for Waldo Lake AreaSingle campsite capacity: 6 persons, 2 vehicles, and 2 tents*Multiple campsite capacity: 8 persons, 3 vehicles, and 3 tents*Camping is not allowed more than 14 days in a 60 day period.","closest_towns":"Oakridge, Oregon","water_availability":"Yes, drinking water is available from faucets","restroom_availability":"Vault toilet(s)","operated_by":"Concessionaire","season_description":null,"directions":"From Oakridge Oregon: At the intersection of Crestview Street and Oregon State Highway 58 (at the only traffic light along State Highway 58 in Oakridge), travel east on Highway 58 for 23.3 miles. Turn left onto the Waldo Lake Road/Forest Road 5897. Follow 5897 for approximately 12.8 miles and turn right at the T intersection onto Forest Road 5895. Travel for approximately 0.3 miles and the destination will be on your left.","maximum_elevation":null,"minimum_elevation":null,"site_season_start_date":null,"site_season_end_date":null,"latitude":43.75833333,"longitude":-122.0027778,"infra_last_update":1786027958000,"edw_last_modify":1786068415000,"globalid":"{C95CED02-57A1-4541-81C7-E8055F33509F}"}},{"type":"Feature","id":3523377,"geometry":{"type":"Point","coordinates":[-122.742214,43.706319]},"properties":{"objectid":3523377,"site_cn":"5333010371","managing_org":"061501","site_id":"14413","site_name":"RUJADA CAMPGROUND / PICNIC SITE / SWORDFERN TRAILHEAD","site_type":"CAMPGROUND","activity_type_list":"No Data","service_type_list":"No Data","seasonal_operational_status":"OPEN","op_status_reason":null,"development_status":"EXISTING","fee_charged":"Y","fee_type":"EXPANDED AMENITY FEE","recarea_name":"Rujada Campground","public_site_name":"Rujada Campground","alternative_name":null,"rec1stop_url":"https://www.recreation.gov/camping/campgrounds/251570","usda_portal_url":"https://www.fs.usda.gov/recarea/umpqua/recarea/?recid=63436","important_info":null,"permit_information":null,"restrictions":"Quiet hours between 10 p.m. and 6 a.m.Campfires in developed fire pits only ; Fireworks are prohibitedDogs must be on leash; OHV/ATV; use prohibited in the campgroundMaximum length of stay: 14 days","closest_towns":"Cottage Grove, OR","water_availability":"Yes, drinking water is available from faucets","restroom_availability":"Flush toilet(s)","operated_by":"US Forest Service","season_description":null,"directions":"From Cottage Grove, OR, travel east on Row River Road 2400 for 19 miles to Forest Road 17. Turn left onto Forest Road 17 and continue for 2 miles until you reach Rujada Campground, located on the right side of the road.","maximum_elevation":null,"minimum_elevation":"1,200 feet","site_season_start_date":null,"site_season_end_date":null,"latitude":43.706314,"longitude":-122.7422,"infra_last_update":1786027957000,"edw_last_modify":1786068288000,"globalid":"{180362D1-E789-4AA2-9CE8-772510FAB641}"}},{"type":"Feature","id":3524017,"geometry":{"type":"Point","coordinates":[-122.254736,43.885561]},"properties":{"objectid":3524017,"site_cn":"5013.005641","managing_org":"061805","site_id":"15159","site_name":"KIAHANIE","site_type":"CAMPGROUND","activity_type_list":"No Data","service_type_list":"No Data","seasonal_operational_status":"OPEN","op_status_reason":null,"development_status":"EXISTING","fee_charged":"Y","fee_type":"EXPANDED AMENITY FEE","recarea_name":"Kiahanie Campground","public_site_name":"Kiahanie Campground","alternative_name":null,"rec1stop_url":"https://www.recreation.gov/camping/campgrounds/10165395","usda_portal_url":"https://www.fs.usda.gov/recarea/willamette/recarea/?recid=4503","important_info":null,"permit_information":null,"restrictions":"Non street-legal OHV use prohibited in the campground. Camping is not allowed more than 14 days in a 60 day period. Use of chainsaws in the campground is prohibited. Animals must be on a leash no longer than 6 feet. Quiet hours are 10:00 p.m. until 6:00 a.m.","closest_towns":"Oakridge, Oregon","water_availability":"Yes, drinking water is available from a hand pump","restroom_availability":"Vault toilet(s)","operated_by":"US Forest Service","season_description":null,"directions":"25 miles northeast of Oakridge, Oregon, along the North Fork Middle Fork Wild and Scenic River. From the intersection of Crestview Street and Oregon State Highway 58 in Oakridge, Oregon (the only traffic light along Highway 58 in Oakridge), travel west on State Highway 58 for 2.1 miles. Turn right onto the Westfir-Oakridge Road and follow for 1.3 miles. At the junction with the Westfir Road (which crosses a steel truss bridge on your left) continue to the right and drive to the center of the former logging town of Westfir. At the four-way intersection, continue straight onto Forest Road 19/Aufderheide Drive. Continue approximately 20 miles, and the destination will be on your left.","maximum_elevation":null,"minimum_elevation":"2,200 feet","site_season_start_date":null,"site_season_end_date":null,"latitude":43.88555556,"longitude":-122.2547222,"infra_last_update":1786027962000,"edw_last_modify":1786068387000,"globalid":"{566C566A-7F67-4A9C-A787-FE1C6455AF6C}"}},{"type":"Feature","id":3524372,"geometry":{"type":"Point","coordinates":[-122.220125,44.058339]},"properties":{"objectid":3524372,"site_cn":"5463.005571","managing_org":"061801","site_id":"72035","site_name":"COUGAR CROSSING CAMPGROUND","site_type":"CAMPGROUND","activity_type_list":"No Data","service_type_list":"No Data","seasonal_operational_status":"OPEN","op_status_reason":null,"development_status":"EXISTING","fee_charged":"Y","fee_type":null,"recarea_name":"Cougar Crossing Campground","public_site_name":"Cougar Crossing Campground","alternative_name":null,"rec1stop_url":"https://www.recreation.gov/camping/campgrounds/122491","usda_portal_url":"https://www.fs.usda.gov/recarea/willamette/recarea/?recid=4363","important_info":null,"permit_information":null,"restrictions":"Camping is restricted to developed campgrounds in the Cougar Recreation Area.","closest_towns":"Blue River, Oregon","water_availability":"No; drinking water is available at nearby campgrounds","restroom_availability":"Vault toilet(s)","operated_by":"Concessionaire","season_description":null,"directions":"From Blue River, OR, travel 4 miles east on Highway 126 to Aufderheide Drive (Forest Road 19). Proceed south on Aufderheide Drive, taking a right at the Y and climbing to the top of Cougar Reservoir. Continue on Aufderheide Drive south 5 miles to find Cougar Crossing Campground where the South Fork of the McKenzie River pours into Cougar Reservoir.(Forest Service Road 19 is not maintained for snow and ice in the winter)","maximum_elevation":null,"minimum_elevation":"1,700 feet","site_season_start_date":null,"site_season_end_date":null,"latitude":44.05833333,"longitude":-122.2201111,"infra_last_update":1786027965000,"edw_last_modify":1786068273000,"globalid":"{EF74A767-1A56-4A30-92A6-6627F51D9C62}"}},{"type":"Feature","id":3525848,"geometry":{"type":"Point","coordinates":[-121.853431,43.592394]},"properties":{"objectid":3525848,"site_cn":"5246.004621","managing_org":"060102","site_id":"12478","site_name":"WEST DAVIS LAKE","site_type":"CAMPGROUND","activity_type_list":"No Data","service_type_list":"No Data","seasonal_operational_status":"OPEN","op_status_reason":null,"development_status":"EXISTING","fee_charged":"N","fee_type":null,"recarea_name":"WEST DAVIS LAKE","public_site_name":"West Davis Lake Campground","alternative_name":null,"rec1stop_url":null,"usda_portal_url":null,"important_info":null,"permit_information":null,"restrictions":null,"closest_towns":null,"water_availability":null,"restroom_availability":null,"operated_by":null,"season_description":null,"directions":null,"maximum_elevation":null,"minimum_elevation":null,"site_season_start_date":null,"site_season_end_date":null,"latitude":43.59238889,"longitude":-121.8534167,"infra_last_update":1766409673000,"edw_last_modify":1766455474000,"globalid":"{F29D2EC5-C46B-4C19-9970-23DC0D434A1C}"}},{"type":"Feature","id":3526029,"geometry":{"type":"Point","coordinates":[-122.064736,43.630283]},"properties":{"objectid":3526029,"site_cn":"5001.005641","managing_org":"061805","site_id":"15158","site_name":"GOLD LAKE CAMPGROUND","site_type":"CAMPGROUND","activity_type_list":"No Data","service_type_list":"No Data","seasonal_operational_status":"OPEN","op_status_reason":null,"development_status":"EXISTING","fee_charged":"Y","fee_type":"EXPANDED AMENITY FEE","recarea_name":"GOLD LAKE CAMPGROUND","public_site_name":"Gold Lake Campground","alternative_name":null,"rec1stop_url":"https://www.recreation.gov/camping/campgrounds/10165305","usda_portal_url":"https://www.fs.usda.gov/recarea/willamette/recarea/?recid=4496","important_info":null,"permit_information":null,"restrictions":"Non-motorized boating onlyFly-fishing onlyCamping is not allowed more than 14 days in a 60 day period. Use of chainsaws in the campground is prohibitedDogs MUST be on leash at all times","closest_towns":"Oakridge, Oregon","water_availability":"Yes, drinking water is available from a hand pump","restroom_availability":"Vault toilet(s)","operated_by":"Concessionaire","season_description":null,"directions":"From Oakridge, Oregon, travel east on Highway 58 about 26 miles.  Just below the summit of Willamette Pass (the Gold Lake Sno Park will be on your right), turn left onto the Gold Lake Road and travel 2 miles to your destination at the end of the road.","maximum_elevation":null,"minimum_elevation":null,"site_season_start_date":null,"site_season_end_date":null,"latitude":43.63027778,"longitude":-122.0647222,"infra_last_update":1786027962000,"edw_last_modify":1786068395000,"globalid":"{B1EDA784-A086-46B1-B059-66B704576510}"}},{"type":"Feature","id":3526981,"geometry":{"type":"Point","coordinates":[-122.052424,44.174185]},"properties":{"objectid":3526981,"site_cn":"5018.005631","managing_org":"061801","site_id":"15107","site_name":"LIMBERLOST","site_type":"CAMPGROUND","activity_type_list":"No Data","service_type_list":"No Data","seasonal_operational_status":"OPEN","op_status_reason":null,"development_status":"EXISTING","fee_charged":"Y","fee_type":null,"recarea_name":"LIMBERLOST","public_site_name":"Limberlost Campground","alternative_name":null,"rec1stop_url":"https://www.recreation.gov/camping/campgrounds/234732","usda_portal_url":"https://www.fs.usda.gov/recarea/willamette/recarea/?recid=4372","important_info":null,"permit_information":null,"restrictions":"Camping is not allowed more than 14 days in a 60 day period.Check-in time: 2:00 pm or later. Check-out time: 1:00 pm; Use of chainsaws in the campground is prohibitedDogs MUST be on leash at all times within the campground;","closest_towns":"Blue River, Oregon","water_availability":"No water is available","restroom_availability":"Vault toilet(s)","operated_by":"Concessionaire","season_description":null,"directions":"From McKenzie Bridge, OR, travel east on Highway 126 to Highway 242. Follow Highway 242 east for approximately 1 mile to Limberlost Campground.","maximum_elevation":null,"minimum_elevation":null,"site_season_start_date":null,"site_season_end_date":null,"latitude":44.17418,"longitude":-122.05241000000001,"infra_last_update":1786027964000,"edw_last_modify":1786068384000,"globalid":"{2B55298B-C444-45D4-98BF-52EDD5299AA6}"}},{"type":"Feature","id":3527105,"geometry":{"type":"Point","coordinates":[-122.243625,43.836672]},"properties":{"objectid":3527105,"site_cn":"5020.005641","managing_org":"061805","site_id":"15155","site_name":"BLAIR LAKE CAMPGROUND","site_type":"CAMPGROUND","activity_type_list":"No Data","service_type_list":"No Data","seasonal_operational_status":"OPEN","op_status_reason":null,"development_status":"EXISTING","fee_charged":"Y","fee_type":"EXPANDED AMENITY FEE","recarea_name":"Blair Lake Campground","public_site_name":"Blair Lake Campground","alternative_name":null,"rec1stop_url":"https://www.recreation.gov/camping/campgrounds/10165165","usda_portal_url":"https://www.fs.usda.gov/recarea/willamette/recarea/?recid=4490","important_info":null,"permit_information":null,"restrictions":"NO trailer facilities. Camping is not allowed more than 14 days in a 60 day period. Use of chainsaws in the campground is prohibited. Animals must be on a leash no longer than 6 feet. Quiet hours are 10:00 p.m. until 6:00 a.m.","closest_towns":"Oakridge, Oregon","water_availability":"Yes, drinking water is available from a hand pump","restroom_availability":"Vault toilet(s)","operated_by":"US Forest Service","season_description":null,"directions":"Approximately 18 miles northeast of Oakridge, Oregon.\nStarting at the Oakridge Post Office (48264 East 1st Street), drive east along East 1st for 0.7 miles where East 1st becomes Salmon Creek Road (Forest Service Road 24). Follow Salmon Creek Road/FSR 24 for 8.2 miles until the junction of FSR 1934 on your left. Turn left on FSR 1934 and follow for 7.4 miles until the junction of FSR 1934-733. Follow the 733 spur for 1.5 miles until it ends at the camp.","maximum_elevation":null,"minimum_elevation":"4,800 feet","site_season_start_date":null,"site_season_end_date":null,"latitude":43.83666667,"longitude":-122.2436111,"infra_last_update":1786027962000,"edw_last_modify":1786068383000,"globalid":"{8DE25DC3-311F-4FE6-B992-0E379CAB984D}"}},{"type":"Feature","id":3527984,"geometry":{"type":"Point","coordinates":[-121.784175,43.962342]},"properties":{"objectid":3527984,"site_cn":"5131.004621","managing_org":"060101","site_id":"12379","site_name":"SOUTH (HOSMER LAKE)","site_type":"CAMPGROUND","activity_type_list":"No Data","service_type_list":"No Data","seasonal_operational_status":"OPEN","op_status_reason":null,"development_status":"EXISTING","fee_charged":"Y","fee_type":null,"recarea_name":"South (Hosmer Lake)","public_site_name":"South Campground","alternative_name":null,"rec1stop_url":"https://www.recreation.gov/camping/campgrounds/251451","usda_portal_url":"https://www.fs.usda.gov/recarea/deschutes/recarea/?recid=38996","important_info":null,"permit_information":null,"restrictions":"Maximum site spur length is 26 feet.","closest_towns":"Bend / Sunriver, OR","water_availability":"No water is available","restroom_availability":"Vault toilet(s)","operated_by":"Concessionaire","season_description":null,"directions":"From Bend, OR: Travel 35.5 miles southwest on Cascade Lakes Highway (46), then 1.2 miles east on Forest Road 4625. South Campground will come up on the right side first and then Mallard Marsh.","maximum_elevation":null,"minimum_elevation":"4,900 feet","site_season_start_date":null,"site_season_end_date":null,"latitude":43.96233611,"longitude":-121.78416109999999,"infra_last_update":1786027948000,"edw_last_modify":1786068337000,"globalid":"{BDF1B71A-F121-47CC-A717-F4F89A6BF103}"}},{"type":"Feature","id":3528279,"geometry":{"type":"Point","coordinates":[-122.451403,43.601394]},"properties":{"objectid":3528279,"site_cn":"5038.005641","managing_org":"061805","site_id":"15188","site_name":"SAND PRAIRIE CAMPGROUND","site_type":"CAMPGROUND","activity_type_list":"No Data","service_type_list":"No Data","seasonal_operational_status":"OPEN","op_status_reason":null,"development_status":"EXISTING","fee_charged":"Y","fee_type":"EXPANDED AMENITY FEE","recarea_name":"SAND PRAIRIE CAMPGROUND","public_site_name":"Sand Prairie Campground","alternative_name":null,"rec1stop_url":"https://www.recreation.gov/camping/campgrounds/10165601","usda_portal_url":"https://www.fs.usda.gov/recarea/willamette/recarea/?recid=4512","important_info":null,"permit_information":null,"restrictions":"Single campsite capacity: 6 persons, 2 vehicles, 2 tents. Multiple campsite capacity: 8 persons, 3 vehicles, 3 tents. Camping is not allowed more than 14 days in a 60 day period.Quiet hours are 10:00 p.m. until 6:00 a.m.","closest_towns":"Oakridge, Oregon","water_availability":"No drinking water is available","restroom_availability":"Vault toilet(s)","operated_by":"Forest Service","season_description":"May - September","directions":"From Oakridge, Oregon: At the intersection of Crestview Street and Oregon State Highway 58 (at the only traffic light along Highway 58 in Oakridge), head east on Highway 58 for 1.7 miles to Hills Creek Road/Kitson Springs Road. Turn right on Hills Creek Road/Kitson Springs Road and travel for 0.5 miles to Forest Road 21. Turn right onto 21, and travel for approximately 11.6 miles and the destination will be on your right.","maximum_elevation":null,"minimum_elevation":null,"site_season_start_date":null,"site_season_end_date":null,"latitude":43.60138889,"longitude":-122.4513889,"infra_last_update":1786027962000,"edw_last_modify":1786068371000,"globalid":"{459C0333-1305-49B2-A71F-91709BD615F0}"}},{"type":"Feature","id":3528336,"geometry":{"type":"Point","coordinates":[-122.43057,43.666672]},"properties":{"objectid":3528336,"site_cn":"5044.005641","managing_org":"061805","site_id":"15187","site_name":"PACKARD CREEK CAMPGROUND","site_type":"CAMPGROUND","activity_type_list":"No Data","service_type_list":"No Data","seasonal_operational_status":"OPEN","op_status_reason":null,"development_status":"EXISTING","fee_charged":"Y","fee_type":null,"recarea_name":"PACKARD CREEK CAMPGROUND","public_site_name":"Packard Creek Campground","alternative_name":null,"rec1stop_url":"https://www.recreation.gov/camping/campgrounds/232894","usda_portal_url":"https://www.fs.usda.gov/recarea/willamette/recarea/?recid=4506","important_info":null,"permit_information":null,"restrictions":"Boaters are reminded that the speed limit around the swimming area and boat ramp is 5 M.P.H.Camping is not allowed more than 14 days in a 60 day period. Use of chainsaws is prohibited in the campground.","closest_towns":"Oakridge, Oregon","water_availability":"Yes, drinking water is available from faucets","restroom_availability":"Vault toilet(s)","operated_by":"Concessionaire","season_description":null,"directions":"From Oakridge, Oregon: Beginning at the intersection of Crestview Street and Oregon State Highway 58 (the only traffic light along State Highway 58 in Oakridge), travel east on Highway 58 for 1.7 miles. At the intersection of Hills Creek Road/Kitson Springs Road, turn right and travel for 0.5 miles. Turn right on Forest Road 21, and travel for approximately 5.2 miles. The destination will be on your left.","maximum_elevation":null,"minimum_elevation":null,"site_season_start_date":null,"site_season_end_date":null,"latitude":43.666666670000005,"longitude":-122.43055559999999,"infra_last_update":1786027964000,"edw_last_modify":1786068368000,"globalid":"{EF67844A-0107-41BE-8FB2-3727D058F586}"}},{"type":"Feature","id":3529012,"geometry":{"type":"Point","coordinates":[-122.54557,43.973061]},"properties":{"objectid":3529012,"site_cn":"5013.005621","managing_org":"061805","site_id":"15065","site_name":"BEDROCK CAMPGROUND","site_type":"CAMPGROUND","activity_type_list":"No Data","service_type_list":"No Data","seasonal_operational_status":"OPEN","op_status_reason":null,"development_status":"EXISTING","fee_charged":"Y","fee_type":"EXPANDED AMENITY FEE","recarea_name":"Bedrock Cg","public_site_name":"Bedrock Campground","alternative_name":null,"rec1stop_url":"https://www.recreation.gov/camping/campgrounds/10165125","usda_portal_url":"https://www.fs.usda.gov/recarea/willamette/recarea/?recid=4485","important_info":null,"permit_information":null,"restrictions":"Quiet hours: 10 pm to 6 amSingle campsite capacity: 6 persons, two vehicles, and two tents*Multiple campsite capacity: 8 persons, three vehicles, and three tents*Camping is not allowed more than 14 days in a 60 day period.Check-in time: 2:00 pm or later.","closest_towns":"Lowell, Oregon","water_availability":"No","restroom_availability":"Vault toilet(s)","operated_by":"Concessionaire","season_description":null,"directions":"From Lowell, Oregon: Beginning at the Lowell Junior/Senior High School at 65 South Pioneer St, head north for 0.1 mile. Turn left at the 2nd cross street onto North Shore Drive. Drive for another 0.1 mile and turn right at the first cross street, which is South Moss Street. Continue for 1.8 miles until the four-way stop. Turn right onto Big Fall Creek Road. Remain on this road for 14.5 miles and the campground will be on your left. Note that Big Fall Creek Road becomes Forest Road 18 after crossing the National Forest boundary.","maximum_elevation":null,"minimum_elevation":"1,100 feet","site_season_start_date":null,"site_season_end_date":null,"latitude":43.97305556,"longitude":-122.5455556,"infra_last_update":1786027965000,"edw_last_modify":1786068387000,"globalid":"{D2CAEC1A-2BC0-4B64-BAC4-1ABF93FAE029}"}},{"type":"Feature","id":3529125,"geometry":{"type":"Point","coordinates":[-122.261954,44.203145]},"properties":{"objectid":3529125,"site_cn":"5003.005581","managing_org":"061801","site_id":"23466","site_name":"MONA","site_type":"CAMPGROUND","activity_type_list":"No Data","service_type_list":"No Data","seasonal_operational_status":"OPEN","op_status_reason":null,"development_status":"EXISTING","fee_charged":"Y","fee_type":null,"recarea_name":"MONA","public_site_name":"Mona Campground","alternative_name":null,"rec1stop_url":"https://www.recreation.gov/camping/campgrounds/233341","usda_portal_url":"https://www.fs.usda.gov/recarea/willamette/recarea/?recid=4377","important_info":null,"permit_information":null,"restrictions":"Camping is not allowed more than 14 days in a 60 day period.Check-in time: 2:00 pm or later. Check-out time: 1:00 pm; Use of chainsaws in the campground is prohibitedDogs MUST be on leash at all times within the campground","closest_towns":"Blue River, Oregon","water_availability":"Yes, drinking water is available from a hand pump","restroom_availability":"Vault toilet(s)","operated_by":"Concessionaire","season_description":null,"directions":"From Blue River, OR, travel 3 miles east on Highway 126 to Forest Road 15. Proceed north 3 miles on Forest Road 15 to the north side of Blue River Reservoir. Cross Blue River Reservoir west over the bridge on Forest Road 120, then head south on Forest Road 120 to Mona Campground.","maximum_elevation":null,"minimum_elevation":null,"site_season_start_date":null,"site_season_end_date":null,"latitude":44.20314,"longitude":-122.26194,"infra_last_update":1786027964000,"edw_last_modify":1786068394000,"globalid":"{CA2B11F5-0470-4EB8-B78C-6020429E2F91}"}},{"type":"Feature","id":3529525,"geometry":{"type":"Point","coordinates":[-122.044847,43.582455]},"properties":{"objectid":3529525,"site_cn":"5229.004621","managing_org":"060102","site_id":"12486","site_name":"TRAPPER CREEK","site_type":"CAMPGROUND","activity_type_list":"No Data","service_type_list":"No Data","seasonal_operational_status":"OPEN","op_status_reason":null,"development_status":"EXISTING","fee_charged":"Y","fee_type":null,"recarea_name":"TRAPPER CREEK","public_site_name":"Trapper Creek Campground","alternative_name":null,"rec1stop_url":"https://www.recreation.gov/camping/campgrounds/233195","usda_portal_url":"https://www.fs.usda.gov/recarea/deschutes/recarea/?recid=39120","important_info":null,"permit_information":null,"restrictions":"Maximum site spur length is 40 feet.","closest_towns":"Crescent, OR","water_availability":"Pressurized water system","restroom_availability":"Vault toilet(s)","operated_by":"Concessionaire","season_description":null,"directions":"From Crescent, OR: Travel 12.2 miles west on County Road 61/Crescent Cut-Off Road, then 10.4 miles north and west on Highway 58, then 1.7 miles south on Forest Road 5810.","maximum_elevation":null,"minimum_elevation":null,"site_season_start_date":null,"site_season_end_date":null,"latitude":43.58245,"longitude":-122.0448333,"infra_last_update":1786027953000,"edw_last_modify":1786068308000,"globalid":"{E9B9BFBB-65A6-4278-A4E8-2C9DD0E9AC23}"}},{"type":"Feature","id":3529670,"geometry":{"type":"Point","coordinates":[-122.328347,43.496394]},"properties":{"objectid":3529670,"site_cn":"5037.005641","managing_org":"061805","site_id":"15193","site_name":"SACANDAGA","site_type":"CAMPGROUND","activity_type_list":"No Data","service_type_list":"No Data","seasonal_operational_status":"OPEN","op_status_reason":null,"development_status":"EXISTING","fee_charged":"Y","fee_type":"EXPANDED AMENITY FEE","recarea_name":"Sacandaga Campground","public_site_name":"Sacandaga Campground","alternative_name":null,"rec1stop_url":"https://www.recreation.gov/camping/campgrounds/10165586","usda_portal_url":"https://www.fs.usda.gov/recarea/willamette/recarea/?recid=4510","important_info":null,"permit_information":null,"restrictions":"Non street-legal OHV use prohibited in the campground. Camping is not allowed more than 14 days in a 60 day period. Use of chainsaws in the campground is prohibited. Animals must be on a leash no longer than 6 feet. \nQuiet hours are 10:00 p.m. until 6:00 a.m.","closest_towns":"Oakridge, Oregon","water_availability":"Yes, drinking water is available from a hand pump","restroom_availability":"Vault toilet(s)","operated_by":"US Forest Service","season_description":"May - September","directions":"From Oakridge, Oregon: From the junction of Crestview Street and Oregon State Highway 58 (at the only traffic light along Highway 58 in Oakridge), proceed east on Highway 58 for 1.7 miles. Turn right onto Hills Creek Road/Kitson Springs Road. Travel for 0.5 miles and turn right onto Forest Road 21. Follow Forest Road 21 for 24.6 miles and the destination will be on your right.","maximum_elevation":null,"minimum_elevation":"2,400 feet","site_season_start_date":null,"site_season_end_date":null,"latitude":43.49638889,"longitude":-122.3283333,"infra_last_update":1786027962000,"edw_last_modify":1786068372000,"globalid":"{86F7734E-15B7-47B7-8CF4-81E39360C793}"}},{"type":"Feature","id":3531344,"geometry":{"type":"Point","coordinates":[-121.786395,43.998211]},"properties":{"objectid":3531344,"site_cn":"5110.004621","managing_org":"060101","site_id":"24659","site_name":"QUINN MEADOW HORSE CAMP","site_type":"HORSE CAMP","activity_type_list":"No Data","service_type_list":"No Data","seasonal_operational_status":"OPEN","op_status_reason":null,"development_status":"EXISTING","fee_charged":"Y","fee_type":null,"recarea_name":"QUINN MEADOW HORSE CAMP","public_site_name":"Quinn Meadow Horse Camp","alternative_name":null,"rec1stop_url":"https://www.recreation.gov/camping/campgrounds/233788","usda_portal_url":"https://www.fs.usda.gov/recarea/deschutes/recarea/?recid=38956","important_info":null,"permit_information":null,"restrictions":"Maximum site spur length is 30 feetAs part of a larger effort to reduce invasive species on national forest lands, weed-free feed is required on the Deschutes National Forest. Locate a weed-free feed vendor near you.If entering the; Three Sisters Wilderne","closest_towns":"Bend / Sunriver, OR","water_availability":"Yes, drinking water is available from a hand pump","restroom_availability":"Vault toilet(s)","operated_by":"Concessionaire","season_description":null,"directions":"From Bend, OR: Travel 31.2 miles southwest on Cascade Lakes Hwy (46).","maximum_elevation":null,"minimum_elevation":null,"site_season_start_date":null,"site_season_end_date":null,"latitude":43.998205549999994,"longitude":-121.7863806,"infra_last_update":1786027952000,"edw_last_modify":1786068343000,"globalid":"{958720C5-AFE8-4C43-AF8C-058F86BBF65B}"}},{"type":"Feature","id":3531538,"geometry":{"type":"Point","coordinates":[-122.201236,44.036128]},"properties":{"objectid":3531538,"site_cn":"5465.005571","managing_org":"061801","site_id":"72037","site_name":"HARD ROCK","site_type":"GROUP CAMPGROUND","activity_type_list":"No Data","service_type_list":"No Data","seasonal_operational_status":"OPEN","op_status_reason":null,"development_status":"EXISTING","fee_charged":"Y","fee_type":null,"recarea_name":"HARD ROCK","public_site_name":"Hard Rock Group Campground","alternative_name":null,"rec1stop_url":"https://www.recreation.gov/camping/campgrounds/234216","usda_portal_url":"https://www.fs.usda.gov/recarea/willamette/recarea/?recid=4392","important_info":null,"permit_information":null,"restrictions":"Camping is restricted to developed campgroundsCamping is not allowed more than 14 days in a 60 day period.Check-in time: 2:00 pm or later. Check-out time: 1:00 pm; Use of chainsaws in the campground is prohibitedDogs MUST be on leash at all times within t","closest_towns":"Blue River, Oregon","water_availability":"No drinking water is available","restroom_availability":"Portable toilet(s)","operated_by":"Concessionaire","season_description":null,"directions":"From Blue River, OR, travel 4 miles east on Highway 126 to Aufderheide Drive (Forest Service Road 19). Proceed south on Aufderheide Drive, taking a right at the Y and climbing to the top of Cougar Reservoir. Continue south on Auferderheide Drive for 10 miles to the campground.","maximum_elevation":null,"minimum_elevation":null,"site_season_start_date":null,"site_season_end_date":null,"latitude":44.036122219999996,"longitude":-122.2012222,"infra_last_update":1786027962000,"edw_last_modify":1786068273000,"globalid":"{6F0CBF9C-D759-410E-9D57-E2E90F800879}"}},{"type":"Feature","id":3531753,"geometry":{"type":"Point","coordinates":[-121.910334,44.177885]},"properties":{"objectid":3531753,"site_cn":"5017.005631","managing_org":"061801","site_id":"15105","site_name":"ALDER SPRINGS","site_type":"CAMPGROUND","activity_type_list":"No Data","service_type_list":"No Data","seasonal_operational_status":"OPEN","op_status_reason":null,"development_status":"EXISTING","fee_charged":"Y","fee_type":"EXPANDED AMENITY FEE","recarea_name":"Alder Springs C.G.","public_site_name":"Alder Springs Campground","alternative_name":null,"rec1stop_url":"https://www.recreation.gov/camping/campgrounds/10165105","usda_portal_url":"https://www.fs.usda.gov/recarea/willamette/recarea/?recid=4358","important_info":null,"permit_information":null,"restrictions":"Tent camping onlyCamping is not allowed more than 14 days in a 60 day period.Use of chainsaws in the campground is prohibitedDogs MUST be on leash at all times within the campground","closest_towns":"McKenzie Bridge, OR","water_availability":"No water is available","restroom_availability":"Vault toilet(s)","operated_by":"US Forest Service","season_description":null,"directions":"From McKenzie Bridge, OR, travel east on Highway 126 for 3 miles to Highway 242. Follow Highway 242 east for 9 miles to Alder Springs Campground.","maximum_elevation":null,"minimum_elevation":"3,600 feet","site_season_start_date":null,"site_season_end_date":null,"latitude":44.177879999999995,"longitude":-121.91032000000001,"infra_last_update":1786027964000,"edw_last_modify":1786068385000,"globalid":"{F42D3955-0979-4D54-A817-E1EB2D5BB50E}"}},{"type":"Feature","id":3532412,"geometry":{"type":"Point","coordinates":[-122.172347,44.00195]},"properties":{"objectid":3532412,"site_cn":"5466.005571","managing_org":"061801","site_id":"72038","site_name":"RED DIAMOND","site_type":"GROUP CAMPGROUND","activity_type_list":"No Data","service_type_list":"No Data","seasonal_operational_status":"OPEN","op_status_reason":null,"development_status":"EXISTING","fee_charged":"Y","fee_type":null,"recarea_name":"RED DIAMOND","public_site_name":"Red Diamond Group Campground","alternative_name":null,"rec1stop_url":"https://www.recreation.gov/camping/campgrounds/234218","usda_portal_url":"https://www.fs.usda.gov/recarea/willamette/recarea/?recid=4394","important_info":null,"permit_information":null,"restrictions":"Camping is restricted to developed campgroundsCamping is not allowed more than 14 days in a 60 day period.Check-in time: 2:00 pm or later. Check-out time: 1:00 pmUse of chainsaws in the campground is prohibitedDogs MUST be on leash at all times within the","closest_towns":"Blue River, Oregon","water_availability":"No drinking water is available","restroom_availability":"Portable toilet(s)","operated_by":"Concessionaire","season_description":null,"directions":"From Blue River, OR, travel 4 miles east on Highway 126 to Aufderheide Drive (Forest Service Road 19).Proceed south on Aufderheide Drive, taking the Y and climbing to the top of Cougar Reservoir. Continue south on Aufderheide Drive for 13 miles to Red Diamond Group Campsite.","maximum_elevation":null,"minimum_elevation":null,"site_season_start_date":null,"site_season_end_date":null,"latitude":44.00194444,"longitude":-122.1723333,"infra_last_update":1786027962000,"edw_last_modify":1786068273000,"globalid":"{7AE9155A-7242-47D9-AF81-0387E047D626}"}},{"type":"Feature","id":3533476,"geometry":{"type":"Point","coordinates":[-121.867539,43.845925]},"properties":{"objectid":3533476,"site_cn":"5041.004621","managing_org":"060101","site_id":"12528","site_name":"BIG COVE BOAT-IN","site_type":"CAMPGROUND","activity_type_list":"No Data","service_type_list":"No Data","seasonal_operational_status":"OPEN","op_status_reason":null,"development_status":"EXISTING","fee_charged":"Y","fee_type":null,"recarea_name":" Big Cove Boat-In","public_site_name":"Big Cove Boat-in Campground","alternative_name":null,"rec1stop_url":null,"usda_portal_url":"https://www.fs.usda.gov/recarea/deschutes/recarea/?recid=38802","important_info":null,"permit_information":null,"restrictions":null,"closest_towns":"La Pine/ Sunriver/Bend","water_availability":"No water is available","restroom_availability":"Composting toilet(s)","operated_by":"Concessionaire","season_description":null,"directions":"From Bend, OR: Travel 46.0 miles southwest on Cascade Lakes Highway (46), then west on Forest Road 4635 for 2 miles, then boat over to the north shore of lake. Hikers interested in this campground can access it from the Winopee Trail.","maximum_elevation":null,"minimum_elevation":"6,300 feet","site_season_start_date":null,"site_season_end_date":null,"latitude":43.84591944,"longitude":-121.867525,"infra_last_update":1786027949000,"edw_last_modify":1786068370000,"globalid":"{C381878D-195A-430C-BE35-E2BAC6AF64F0}"}},{"type":"Feature","id":3534366,"geometry":{"type":"Point","coordinates":[-121.808272,43.966594]},"properties":{"objectid":3534366,"site_cn":"5023.004621","managing_org":"060101","site_id":"12408","site_name":"POINT","site_type":"CAMPGROUND","activity_type_list":"No Data","service_type_list":"No Data","seasonal_operational_status":"OPEN","op_status_reason":null,"development_status":"EXISTING","fee_charged":"Y","fee_type":null,"recarea_name":"Point","public_site_name":"Point Campground","alternative_name":null,"rec1stop_url":"https://www.recreation.gov/camping/campgrounds/267560","usda_portal_url":"https://www.fs.usda.gov/recarea/deschutes/recarea/?recid=38950","important_info":null,"permit_information":null,"restrictions":"Maximum site spur length is 26 feet.","closest_towns":"Bend / Sunriver, OR","water_availability":"Yes, drinking water is available from a hand pump","restroom_availability":"Vault toilet(s)","operated_by":"Concessionaire","season_description":null,"directions":"From Bend, OR: Travel; about 34 miles west on County Road 46 (Cascade Lakes Hwy).","maximum_elevation":null,"minimum_elevation":"4,900 feet","site_season_start_date":null,"site_season_end_date":null,"latitude":43.966588890000004,"longitude":-121.8082583,"infra_last_update":1786027950000,"edw_last_modify":1786068381000,"globalid":"{21C55A11-8F16-4D4B-B47A-476DAB1F9331}"}},{"type":"Feature","id":3535585,"geometry":{"type":"Point","coordinates":[-121.771678,43.715455]},"properties":{"objectid":3535585,"site_cn":"5021.004621","managing_org":"060101","site_id":"12413","site_name":"SOUTH TWIN LAKE","site_type":"CAMPGROUND","activity_type_list":"No Data","service_type_list":"No Data","seasonal_operational_status":"OPEN","op_status_reason":null,"development_status":"EXISTING","fee_charged":"Y","fee_type":null,"recarea_name":"South Twin Lake","public_site_name":"South Twin Lake Campground","alternative_name":null,"rec1stop_url":"https://www.recreation.gov/camping/campgrounds/251538","usda_portal_url":"https://www.fs.usda.gov/recarea/deschutes/recarea/?recid=39002","important_info":null,"permit_information":null,"restrictions":"Maximum site spur length is 26 feet. Non-motorized boats only.","closest_towns":"La Pine / Sunriver, OR","water_availability":"Yes, drinking water is available from a hand pump","restroom_availability":"Vault toilet(s)","operated_by":"Concessionaire","season_description":null,"directions":"From Bend, OR: Travel 26.8 miles south on Highway 97 to Wickiup Junction, then 11.0 miles west on County Road 43, then continue 4.6 miles west on Forest Road 42, and finally 2.0 miles south on Forest Road 4260.","maximum_elevation":null,"minimum_elevation":"4,300 feet","site_season_start_date":null,"site_season_end_date":null,"latitude":43.715450000000004,"longitude":-121.77166390000001,"infra_last_update":1786027950000,"edw_last_modify":1786068382000,"globalid":"{E63C7398-2963-445B-9F05-0620C5F8153B}"}},{"type":"Feature","id":3535788,"geometry":{"type":"Point","coordinates":[-122.035084,43.814585]},"properties":{"objectid":3535788,"site_cn":"5011.005641","managing_org":"061805","site_id":"15151","site_name":"TAYLOR BURN CAMPGROUND","site_type":"CAMPGROUND","activity_type_list":"No Data","service_type_list":"No Data","seasonal_operational_status":"OPEN","op_status_reason":null,"development_status":"EXISTING","fee_charged":"N","fee_type":null,"recarea_name":"TAYLOR BURN CAMPGROUND","public_site_name":"Taylor Burn Campground","alternative_name":null,"rec1stop_url":null,"usda_portal_url":null,"important_info":null,"permit_information":null,"restrictions":null,"closest_towns":"Oakridge, Oregon","water_availability":"No drinking water is available","restroom_availability":"No restroom available","operated_by":"US Forest Service","season_description":null,"directions":null,"maximum_elevation":null,"minimum_elevation":null,"site_season_start_date":null,"site_season_end_date":null,"latitude":43.81458,"longitude":-122.03506999999999,"infra_last_update":1753975102000,"edw_last_modify":1754014221000,"globalid":"{EFFE936C-759B-4EB7-B768-E43384F109E1}"}},{"type":"Feature","id":3536319,"geometry":{"type":"Point","coordinates":[-121.889922,43.838911]},"properties":{"objectid":3536319,"site_cn":"5010.004621","managing_org":"060101","site_id":"12382","site_name":"WEST CULTUS BOAT-IN","site_type":"CAMPGROUND","activity_type_list":"No Data","service_type_list":"No Data","seasonal_operational_status":"OPEN","op_status_reason":null,"development_status":"EXISTING","fee_charged":"Y","fee_type":null,"recarea_name":"West Cultus Boat-In","public_site_name":"West Cultus Boat-in Campground","alternative_name":null,"rec1stop_url":null,"usda_portal_url":"https://www.fs.usda.gov/recarea/deschutes/recarea/?recid=39028","important_info":null,"permit_information":null,"restrictions":"Campground is boat/hike in only.","closest_towns":"Bend / Sunriver, OR","water_availability":"No water is available","restroom_availability":"Composting toilet(s)","operated_by":"Concessionaire","season_description":null,"directions":"From Bend, OR: Travel 46.0 miles southwest on Cascade Lakes Highway (46), then west on Forest Road 4635 for 2 miles, then boat over to west end of lake or hike in.","maximum_elevation":null,"minimum_elevation":"4,700 feet","site_season_start_date":null,"site_season_end_date":null,"latitude":43.83890555,"longitude":-121.8899083,"infra_last_update":1786027949000,"edw_last_modify":1786068389000,"globalid":"{FA05EDC2-8280-4BAC-BC1A-DFE4039660FD}"}},{"type":"Feature","id":3536964,"geometry":{"type":"Point","coordinates":[-122.263347,43.497783]},"properties":{"objectid":3536964,"site_cn":"5036.005641","managing_org":"061805","site_id":"15185","site_name":"INDIGO SPRINGS","site_type":"CAMPGROUND","activity_type_list":"No Data","service_type_list":"No Data","seasonal_operational_status":"OPEN","op_status_reason":null,"development_status":"EXISTING","fee_charged":"Y","fee_type":"EXPANDED AMENITY FEE","recarea_name":"INDIGO SPRINGS","public_site_name":"Indigo Springs Campground","alternative_name":null,"rec1stop_url":"https://www.recreation.gov/camping/campgrounds/10165375","usda_portal_url":"https://www.fs.usda.gov/recarea/willamette/recarea/?recid=4500","important_info":null,"permit_information":null,"restrictions":"14 day stay limit. No trailer facilities or trailer turnaround. Single campsite capacity: 6 persons, 2 vehicles, 2 tents. Use of chainsaws prohibited in campground. Animals must be on a leash no longer than 6 feet. \nQuiet hours are 10:00 p.m. until 6:00 a.m.","closest_towns":"Oakridge, Oregon","water_availability":"No water is available","restroom_availability":"Vault toilet(s)","operated_by":"US Forest Service","season_description":"May - September","directions":"From the junction of Crestview Street and Oregon State Highway 58 in Oakridge (the only traffic light in Oakridge on Highway 58), travel east on 58 approximately two miles until Hills Creek Road/Kitson Springs Road. Turn right and travel 0.5 miles until Forest Road 21. Turn right on Forest Road 21 and travel south for approximately 28.5 miles, and the destination will be on your left.","maximum_elevation":null,"minimum_elevation":null,"site_season_start_date":null,"site_season_end_date":null,"latitude":43.49777778,"longitude":-122.2633333,"infra_last_update":1786027962000,"edw_last_modify":1786068372000,"globalid":"{5C3AF20D-00CB-4288-BCB8-5631ECDEBFE2}"}},{"type":"Feature","id":3537012,"geometry":{"type":"Point","coordinates":[-122.669114,43.646817]},"properties":{"objectid":3537012,"site_cn":"5331010371","managing_org":"061501","site_id":"14416","site_name":"HOBO CAMP","site_type":"CAMPGROUND","activity_type_list":"No Data","service_type_list":"No Data","seasonal_operational_status":"OPEN","op_status_reason":null,"development_status":"EXISTING","fee_charged":"Y","fee_type":null,"recarea_name":"HOBO","public_site_name":"Hobo Camp Campground","alternative_name":null,"rec1stop_url":null,"usda_portal_url":"https://www.fs.usda.gov/recarea/umpqua/recarea/?recid=63416","important_info":null,"permit_information":null,"restrictions":"Quiet hours between 10 p.m. and 6 a.m.Campfires in developed fire pits only ; Fireworks are prohibitedDogs must be on leash; OHV/ATV; use prohibited in the campgroundMaximum length of stay: 14 days","closest_towns":"Cottage Grove, OR","water_availability":"Water can be treated or filtered from nearby water sources","restroom_availability":"Vault toilet(s)","operated_by":"US Forest Service","season_description":null,"directions":"From Cottage Grove, OR, travel east on Row River Road 2400 for 19 miles to Brice Creek Road 2470. Turn right on County Road 2470 and continue for 7.5 miles. Hobo Camp is located on both sides of the road.","maximum_elevation":null,"minimum_elevation":null,"site_season_start_date":null,"site_season_end_date":null,"latitude":43.646812,"longitude":-122.6691,"infra_last_update":1786027957000,"edw_last_modify":1786068289000,"globalid":"{D66A9516-C8E3-4217-8533-9D39C3398CD8}"}},{"type":"Feature","id":3537220,"geometry":{"type":"Point","coordinates":[-122.030065,43.460936]},"properties":{"objectid":3537220,"site_cn":"5279.004621","managing_org":"060102","site_id":"40512","site_name":"WINDY GROUP SITE","site_type":"GROUP CAMPGROUND","activity_type_list":"No Data","service_type_list":"No Data","seasonal_operational_status":"OPEN","op_status_reason":null,"development_status":"EXISTING","fee_charged":"Y","fee_type":null,"recarea_name":"WINDY GROUP SITE","public_site_name":"Windy Group Campground","alternative_name":null,"rec1stop_url":"https://www.recreation.gov/camping/campgrounds/233113","usda_portal_url":"https://www.fs.usda.gov/recarea/deschutes/recarea/?recid=39128","important_info":null,"permit_information":null,"restrictions":"Maximum site spur length is 60 feet.","closest_towns":"Crescent, OR","water_availability":"No water is available","restroom_availability":"Vault toilet(s)","operated_by":"Concessionaire","season_description":null,"directions":"From Crescent, OR: Travel 12.2 miles west on County Road 61/Crescent Cut-off Road, then 3.5 miles north on Highway 58, then 7.4 miles west on Forest Road 60.","maximum_elevation":null,"minimum_elevation":null,"site_season_start_date":null,"site_season_end_date":null,"latitude":43.46093058,"longitude":-122.0300511,"infra_last_update":1786027953000,"edw_last_modify":1786068298000,"globalid":"{F057E970-AD51-40E9-A340-CE3736131F5F}"}},{"type":"Feature","id":3537475,"geometry":{"type":"Point","coordinates":[-121.758758,43.797097]},"properties":{"objectid":3537475,"site_cn":"5034.004621","managing_org":"060101","site_id":"12391","site_name":"CRANE PRAIRIE","site_type":"CAMPGROUND","activity_type_list":"No Data","service_type_list":"No Data","seasonal_operational_status":"OPEN","op_status_reason":null,"development_status":"EXISTING","fee_charged":"Y","fee_type":null,"recarea_name":"Crane Prairie","public_site_name":"Crane Prairie Campground","alternative_name":null,"rec1stop_url":"https://www.recreation.gov/camping/campgrounds/234085","usda_portal_url":"https://www.fs.usda.gov/recarea/deschutes/recarea/?recid=38828","important_info":null,"permit_information":null,"restrictions":"Maximum site spur length is 30 feet.","closest_towns":"Sunriver / La Pine, OR","water_availability":"Pressurized water system","restroom_availability":"Vault toilet(s)","operated_by":"Concessionaire","season_description":null,"directions":"From Bend, OR: Travel about 27 miles south on Highway 97, 11 miles west on County; Road 43, 5.5 miles west on County Road 42, then 4 miles north on County Road 4270.","maximum_elevation":null,"minimum_elevation":"4,400 feet","site_season_start_date":null,"site_season_end_date":null,"latitude":43.79709166,"longitude":-121.7587444,"infra_last_update":1786027948000,"edw_last_modify":1786068373000,"globalid":"{D339502D-0CD2-45A4-A9E1-2FA747E0DC31}"}},{"type":"Feature","id":3538051,"geometry":{"type":"Point","coordinates":[-122.579094,43.973195]},"properties":{"objectid":3538051,"site_cn":"5016.005621","managing_org":"061805","site_id":"15069","site_name":"CLARK CREEK ORGANIZATIONAL CAMP","site_type":"GROUP CAMPGROUND","activity_type_list":"No Data","service_type_list":"No Data","seasonal_operational_status":"OPEN","op_status_reason":null,"development_status":"EXISTING","fee_charged":"Y","fee_type":"EXPANDED AMENITY FEE","recarea_name":"Clark Creek Organizational Camp","public_site_name":"Clark Creek Organizational Camp","alternative_name":null,"rec1stop_url":"https://www.recreation.gov/camping/campgrounds/233820","usda_portal_url":"https://www.fs.usda.gov/recarea/willamette/recarea/?recid=4524","important_info":null,"permit_information":null,"restrictions":"Vehicles are prohibited from driving in the grass field. Camping is not allowed more than 14 days in a 60 day period. Use of chainsaws in the campground is prohibited. Animals must be on a leash no longer than 6 feet. \nQuiet hours are 10:00 p.m. until 6:00 a.m.","closest_towns":"Lowell, Oregon","water_availability":"Yes, drinking water is available from a hand pump","restroom_availability":"Vault toilet(s)","operated_by":"Concessionaire","season_description":"May - September","directions":"Approximately 15 miles northeast of Lowell, Oregon Beginning at the Lowell Junior/Senior High School at 65 South Pioneer Street, head north for 0.1 mile. ; Turn left at the 2nd cross street onto North Shore Drive. Travel for another 0.1 mile and turn right at the first cross street, which is South Moss Street. Continue for another 1.8 miles until the four-way stop. Turn right onto Big Fall Creek Road. Note that Big Fall Creek Road becomes Forest Road 18 after crossing the National Forest boundary. Travel for 12.7 miles and the destination will be on your left.","maximum_elevation":null,"minimum_elevation":"1,100 feet","site_season_start_date":null,"site_season_end_date":null,"latitude":43.97319,"longitude":-122.57907999999999,"infra_last_update":1786027962000,"edw_last_modify":1786068385000,"globalid":"{83C39B91-C4DB-4BBB-833E-3A00C3D1708D}"}},{"type":"Feature","id":3538118,"geometry":{"type":"Point","coordinates":[-121.819239,43.623536]},"properties":{"objectid":3538118,"site_cn":"11328010467","managing_org":"060102","site_id":"40519","site_name":"NORTH LAVA FLOW","site_type":"CAMPGROUND","activity_type_list":"No Data","service_type_list":"No Data","seasonal_operational_status":"OPEN","op_status_reason":null,"development_status":"EXISTING","fee_charged":"N","fee_type":null,"recarea_name":"NORTH LAVA FLOW","public_site_name":"North Lava Flow Campground","alternative_name":null,"rec1stop_url":null,"usda_portal_url":null,"important_info":null,"permit_information":null,"restrictions":null,"closest_towns":"Crescent, Oregon","water_availability":"No drinking water is available","restroom_availability":"Vault toilet(s)","operated_by":"US Forest Service","season_description":null,"directions":"From Crescent: Travel on Crescent Cutoff Road for approximately 9 miles; turn right onto Cascades Lakes National Scenic Byway; travel for approximately 10 miles until reaching the campground which will be on your left.","maximum_elevation":null,"minimum_elevation":null,"site_season_start_date":null,"site_season_end_date":null,"latitude":43.62353056,"longitude":-121.81922499999999,"infra_last_update":1753975094000,"edw_last_modify":1754014292000,"globalid":"{30A2F0ED-514A-47EF-BF72-1BF761CDFBAE}"}},{"type":"Feature","id":3539100,"geometry":{"type":"Point","coordinates":[-122.08594,43.957531]},"properties":{"objectid":3539100,"site_cn":"5025.005581","managing_org":"061801","site_id":"14962","site_name":"FRISSELL CROSSING CAMPGROUND","site_type":"CAMPGROUND","activity_type_list":"No Data","service_type_list":"No Data","seasonal_operational_status":"OPEN","op_status_reason":null,"development_status":"EXISTING","fee_charged":"Y","fee_type":"EXPANDED AMENITY FEE","recarea_name":"Frissell Crossing Cg","public_site_name":"Frissell Crossing Campground","alternative_name":null,"rec1stop_url":"https://www.recreation.gov/camping/campgrounds/234731","usda_portal_url":"https://www.fs.usda.gov/recarea/willamette/recarea/?recid=4368","important_info":null,"permit_information":null,"restrictions":"Camping is restricted to developed campgroundsCamping is not allowed more than 14 days in a 60 day period.Check-in time: 2:00 pm or later. Check-out time: 1:00 pm; Use of chainsaws in the campground is prohibitedDogs MUST be on leash at all times within t","closest_towns":"Blue River, Oregon","water_availability":"Yes, drinking water is available from a hand pump","restroom_availability":"Vault toilet(s)","operated_by":"Concessionaire","season_description":null,"directions":"From Blue River, OR, travel 4 miles east on Highway 126 to Aufderheide Drive (Forest Service Road 19).Continue on south on Aufderheide Drive, turning right at the Y and climbing to the top of Cougar Reservoir. Continue south on Aufderheide Drive 20 miles to Frissell Crossing Campground.","maximum_elevation":null,"minimum_elevation":"2,600 feet","site_season_start_date":null,"site_season_end_date":null,"latitude":43.9575254,"longitude":-122.085926,"infra_last_update":1786027964000,"edw_last_modify":1786068379000,"globalid":"{29FF8490-EA43-421A-A185-649BE2998394}"}},{"type":"Feature","id":3539132,"geometry":{"type":"Point","coordinates":[-122.220375,44.060033]},"properties":{"objectid":3539132,"site_cn":"5464.005571","managing_org":"061801","site_id":"72036","site_name":"SUNNYSIDE","site_type":"CAMPGROUND","activity_type_list":"No Data","service_type_list":"No Data","seasonal_operational_status":"OPEN","op_status_reason":null,"development_status":"EXISTING","fee_charged":"Y","fee_type":null,"recarea_name":"SUNNYSIDE","public_site_name":"Sunnyside Campground","alternative_name":null,"rec1stop_url":"https://www.recreation.gov/camping/campgrounds/234733","usda_portal_url":"https://www.fs.usda.gov/recarea/willamette/recarea/?recid=4385","important_info":null,"permit_information":null,"restrictions":"Camping is restricted to developed campgrounds in the Cougar Recreation AreaCamping is not allowed more than 14 days in a 60 day period.Check-in time: 2:00 pm or later. Check-out time: 1:00 pm; Use of chainsaws in the campground is prohibitedDogs MUST be","closest_towns":"Blue River, Oregon","water_availability":"No; drinking water is available at nearby campgrounds","restroom_availability":"Vault toilet(s)","operated_by":"Concessionaire","season_description":null,"directions":"From Blue River, OR, travel 4 miles east on Highway 126 to Aufderheide Drive (Forest Road 19). Proceed south on Aufderheide Drive, turning right at the Y and climbing to the top of Cougar Reservoir.  Continue south on Aufderheide Drive for 8 miles to Forest Road 500.Turn left on Forest Road 500 and continue north for 0.5 miles to Sunnyside Campground.","maximum_elevation":null,"minimum_elevation":null,"site_season_start_date":null,"site_season_end_date":null,"latitude":44.060027780000006,"longitude":-122.22036109999999,"infra_last_update":1786027965000,"edw_last_modify":1786068273000,"globalid":"{22BEE1D8-4F25-4F2C-935E-E601DCD480D0}"}},{"type":"Feature","id":3539471,"geometry":{"type":"Point","coordinates":[-122.640614,43.372983]},"properties":{"objectid":3539471,"site_cn":"5462010371","managing_org":"061506","site_id":"14499","site_name":"STEAMBOAT FALLS CAMPGROUND","site_type":"CAMPGROUND","activity_type_list":"No Data","service_type_list":"No Data","seasonal_operational_status":"OPEN","op_status_reason":null,"development_status":"EXISTING","fee_charged":"Y","fee_type":"EXPANDED AMENITY FEE","recarea_name":"Steamboat Falls","public_site_name":"Steamboat Falls Campground","alternative_name":null,"rec1stop_url":null,"usda_portal_url":"https://www.fs.usda.gov/recarea/umpqua/recarea/?recid=63746","important_info":null,"permit_information":null,"restrictions":"Quiet hours between 10 p.m. and 6 a.m.Campfires in developed fire pits only ; Fireworks are prohibitedDogs must be on leash; OHV/ATV use prohibited in the campgroundMaximum length of stay: 14 days","closest_towns":"Glide, OR","water_availability":"No water is available","restroom_availability":"Vault toilet(s)","operated_by":"US Forest Service","season_description":null,"directions":"From Roseburg, OR take OR-138 E/NE Diamond Lake Blvd. Continue on 138 until you reach Forest Service (FS) Road #38, Steamboat Creek Road. Continue on FS Road 38 to FS Road 3810 and turn right. Cross the bridge, stay to the left, and continue on FS Road 3810 for 1 mile to Steamboat Falls Campground.","maximum_elevation":null,"minimum_elevation":"1,400 feet","site_season_start_date":null,"site_season_end_date":null,"latitude":43.372978,"longitude":-122.6406,"infra_last_update":1786027957000,"edw_last_modify":1786068273000,"globalid":"{5F5AFC83-6B8B-404E-98E9-CFCE741C38BD}"}},{"type":"Feature","id":3539834,"geometry":{"type":"Point","coordinates":[-121.835975,43.786061]},"properties":{"objectid":3539834,"site_cn":"5024.004621","managing_org":"060101","site_id":"12410","site_name":"QUINN RIVER","site_type":"CAMPGROUND","activity_type_list":"No Data","service_type_list":"No Data","seasonal_operational_status":"OPEN","op_status_reason":null,"development_status":"EXISTING","fee_charged":"Y","fee_type":null,"recarea_name":"Quinn River","public_site_name":"Quinn River Campground","alternative_name":null,"rec1stop_url":"https://www.recreation.gov/camping/campgrounds/251433","usda_portal_url":"https://www.fs.usda.gov/recarea/deschutes/recarea/?recid=38958","important_info":null,"permit_information":null,"restrictions":"Maximum site spur length is 30 feet.","closest_towns":"La Pine / Sunriver, OR","water_availability":"Yes, drinking water is available from a hand pump","restroom_availability":"Vault toilet(s)","operated_by":"Concessionaire","season_description":null,"directions":"From Bend, OR: Travel; about 48 miles southwest on Cascade Lakes Hwy (46).","maximum_elevation":null,"minimum_elevation":"4,400 feet","site_season_start_date":null,"site_season_end_date":null,"latitude":43.78605555,"longitude":-121.83596109999999,"infra_last_update":1786027948000,"edw_last_modify":1786068380000,"globalid":"{616D7D56-5823-4B8A-A647-E419B8D3DDC3}"}},{"type":"Feature","id":3540266,"geometry":{"type":"Point","coordinates":[-122.61557,43.963894]},"properties":{"objectid":3540266,"site_cn":"5015.005621","managing_org":"061805","site_id":"15067","site_name":"DOLLY VARDEN","site_type":"CAMPGROUND","activity_type_list":"No Data","service_type_list":"No Data","seasonal_operational_status":"OPEN","op_status_reason":null,"development_status":"EXISTING","fee_charged":"Y","fee_type":null,"recarea_name":"DOLLY VARDEN","public_site_name":"Dolly Varden Campground","alternative_name":null,"rec1stop_url":"https://www.recreation.gov/camping/campgrounds/10165275","usda_portal_url":"https://www.fs.usda.gov/recarea/willamette/recarea/?recid=4495","important_info":null,"permit_information":null,"restrictions":"No trailers. Single campsite capacity: 6 persons, 2 vehicles, 2 tents. Camping is not allowed more than 14 days in a 60 day period. Use of chainsaws in the campground is prohibitted. Animals must be on a leash no longer than 6 feet.  Quiet hours are 10:00 p.m. until 6:00 a.m.","closest_towns":"Lowell, Oregon","water_availability":"No drinking water is available","restroom_availability":"Vault toilet(s)","operated_by":"Concessionaire","season_description":"May - September","directions":"From Lowell, Oregon: Beginning at the Lowell Junior/Senior High School at 65 South Pioneer Street, head north for 0.1 mile. Turn left at the 2nd cross street onto North Shore Drive. Drive for another 0.1 mile and turn right at the first cross street, which is South Moss Street. Continue for another 1.8 miles until the four-way stop. Turn right onto Big Fall Creek Road. Note that Big Fall Creek Road becomes Forest Road 18 after crossing the National Forest boundary. Travel for 10.2 miles from the four-way stop and the destination will be on your left.","maximum_elevation":null,"minimum_elevation":null,"site_season_start_date":null,"site_season_end_date":null,"latitude":43.96388889,"longitude":-122.6155556,"infra_last_update":1786027964000,"edw_last_modify":1786068386000,"globalid":"{277CEA57-FE82-4BE0-A324-1F3A8347F0B1}"}},{"type":"Feature","id":3540946,"geometry":{"type":"Point","coordinates":[-122.677714,43.651266]},"properties":{"objectid":3540946,"site_cn":"5332010371","managing_org":"061501","site_id":"26165","site_name":"LUND PARK","site_type":"CAMPGROUND","activity_type_list":"No Data","service_type_list":"No Data","seasonal_operational_status":"OPEN","op_status_reason":null,"development_status":"EXISTING","fee_charged":"Y","fee_type":"EXPANDED AMENITY FEE","recarea_name":"Lund Park Forest Camp","public_site_name":"Lund Park Campground","alternative_name":null,"rec1stop_url":"https://www.recreation.gov/camping/campgrounds/10060885","usda_portal_url":"https://www.fs.usda.gov/recarea/umpqua/recarea/?recid=63420","important_info":null,"permit_information":null,"restrictions":"Quiet hours between 10 p.m. and 6 a.m.Campfires in developed fire pits only ; Fireworks are prohibitedDogs must be on leash; OHV/ATV; use prohibited in the campgroundMaximum length of stay: 14 days","closest_towns":"Cottage Grove, OR","water_availability":"Water can be treated or filtered from nearby water sources","restroom_availability":"Vault toilet(s)","operated_by":"US Forest Service","season_description":null,"directions":"From Cottage Grove, OR, travel east on Row River Road 2400 for 19 miles to Brice Creek Road 2470. Turn right on County Road 2470 and continue for 7 miles to Lund Park, which is located on the left side of the road.","maximum_elevation":null,"minimum_elevation":"1,700 feet","site_season_start_date":null,"site_season_end_date":null,"latitude":43.651261000000005,"longitude":-122.6777,"infra_last_update":1786027957000,"edw_last_modify":1786068288000,"globalid":"{1644E30F-F717-4A1B-A0BF-8F149EA63702}"}},{"type":"Feature","id":3541035,"geometry":{"type":"Point","coordinates":[-122.441178,43.514794]},"properties":{"objectid":3541035,"site_cn":"5035.005641","managing_org":"061805","site_id":"15182","site_name":"SECRET","site_type":"CAMPGROUND","activity_type_list":"No Data","service_type_list":"No Data","seasonal_operational_status":"OPEN","op_status_reason":null,"development_status":"EXISTING","fee_charged":"Y","fee_type":null,"recarea_name":"Secret Campground","public_site_name":"Secret Campground","alternative_name":null,"rec1stop_url":"https://www.recreation.gov/camping/campgrounds/10165611","usda_portal_url":"https://www.fs.usda.gov/recarea/willamette/recarea/?recid=4513","important_info":null,"permit_information":null,"restrictions":"Use of chainsaws in the campground is prohibited. Animals must be on a leash no longer than 6 feet.","closest_towns":"Oakridge, Oregon","water_availability":"No water is available","restroom_availability":"Vault toilet(s)","operated_by":"US Forest Service","season_description":null,"directions":"From Oakridge, Oregon: Beginning at the junction of Crestview Street and Oregon State Highway 58 (at the only traffic light along Highway 58), travel east along 58 for 1.7 miles. ; At the junction of Hills Creek Road/Kitson Springs Road, turn right. Travel for 0.5 miles and turn right onto Forest Road 21. ; Travel along Forest Road 21 for approximately 18 miles and the destination will be on your right.","maximum_elevation":null,"minimum_elevation":"2,000 feet","site_season_start_date":null,"site_season_end_date":null,"latitude":43.514789,"longitude":-122.441164,"infra_last_update":1786027962000,"edw_last_modify":1786068373000,"globalid":"{1430D9E3-D78E-4BAC-A24C-D68585A2606A}"}},{"type":"Feature","id":3541658,"geometry":{"type":"Point","coordinates":[-121.800297,43.824655]},"properties":{"objectid":3541658,"site_cn":"5066.004621","managing_org":"060101","site_id":"34553","site_name":"CULTUS CORRAL","site_type":"HORSE CAMP","activity_type_list":"No Data","service_type_list":"No Data","seasonal_operational_status":"OPEN","op_status_reason":null,"development_status":"EXISTING","fee_charged":"Y","fee_type":null,"recarea_name":"CULTUS CORRAL","public_site_name":"Cultus Corral Horse Camp","alternative_name":null,"rec1stop_url":"https://www.recreation.gov/camping/campgrounds/267072","usda_portal_url":"https://www.fs.usda.gov/recarea/deschutes/recarea/?recid=38834","important_info":null,"permit_information":null,"restrictions":"Maximum site spur length is 30 feet.As part of a larger effort to reduce invasive species on national forest lands, weed-free feed is required on the Deschutes National Forest. Locate a weed-free feed vendor near you.","closest_towns":"La Pine / Sunriver / Bend, OR","water_availability":"Yes, drinking water is available from a hand pump","restroom_availability":"Vault toilet(s)","operated_by":"Concessionaire","season_description":null,"directions":"From Bend, OR: Travel about 46 miles southwest on Cascade Lakes Highway (46), then about 1 mile on Forest Road 4635, then a right on Forest Road 4630. The campground is at the end of the; road.","maximum_elevation":null,"minimum_elevation":null,"site_season_start_date":null,"site_season_end_date":null,"latitude":43.82465,"longitude":-121.8002833,"infra_last_update":1786027954000,"edw_last_modify":1786068357000,"globalid":"{D8B847D3-488C-4D5C-8766-D2DBDAF49448}"}},{"type":"Feature","id":3541807,"geometry":{"type":"Point","coordinates":[-121.888024,44.212325]},"properties":{"objectid":3541807,"site_cn":"5020.005631","managing_org":"061801","site_id":"15102","site_name":"SCOTT LAKE","site_type":"CAMPGROUND","activity_type_list":"No Data","service_type_list":"No Data","seasonal_operational_status":"OPEN","op_status_reason":null,"development_status":"EXISTING","fee_charged":"Y","fee_type":"STANDARD AMENITY FEE","recarea_name":"Benson Lake/Scott Lake Complex.","public_site_name":"Scott Lake Campground","alternative_name":null,"rec1stop_url":"https://www.recreation.gov/camping/campgrounds/10165606","usda_portal_url":"https://www.fs.usda.gov/recarea/willamette/recarea/?recid=4382","important_info":null,"permit_information":null,"restrictions":"No trailer facilitiesCamping is not allowed more than 14 days in a 60 day period.Use of chainsaws in the campground is prohibitedDogs MUST be on leash at all times within the campground","closest_towns":"McKenzie Bridge, OR","water_availability":"No water is available","restroom_availability":"Vault toilet(s)","operated_by":"US Forest Service","season_description":null,"directions":"From McKenzie Bridge, OR, travel east on Highway 126 for 3 miles to Highway 242. Follow Highway 242 east for 14 miles to Forest Road 260.Take a left on Forest Road 260 to Scott Lake Campground and nearby; Benson/Tenas Trailhead.","maximum_elevation":null,"minimum_elevation":"4,800 feet","site_season_start_date":null,"site_season_end_date":null,"latitude":44.21232,"longitude":-121.88801000000001,"infra_last_update":1791045447000,"edw_last_modify":1791092763000,"globalid":"{3F9011BD-AD94-4544-B8A1-4FA2804479D5}"}},{"type":"Feature","id":3543043,"geometry":{"type":"Point","coordinates":[-122.26086,44.203699]},"properties":{"objectid":3543043,"site_cn":"5032.005581","managing_org":"061801","site_id":"23467","site_name":"LOOKOUT CAMPGROUND","site_type":"CAMPGROUND","activity_type_list":"No Data","service_type_list":"No Data","seasonal_operational_status":"OPEN","op_status_reason":null,"development_status":"EXISTING","fee_charged":"Y","fee_type":null,"recarea_name":"LOOKOUT CAMPGROUND","public_site_name":"Lookout Campground","alternative_name":null,"rec1stop_url":"https://www.recreation.gov/camping/campgrounds/122540","usda_portal_url":"https://www.fs.usda.gov/recarea/willamette/recarea/?recid=4373","important_info":null,"permit_information":null,"restrictions":"Maximum trailer length 40 feetCamping is not allowed more than 14 days in a 60 day period.Check-in time: 2:00 pm or later. Check-out time: 1:00 pm; Use of chainsaws in the campground is prohibitedDogs MUST be on leash at all times within the campground;","closest_towns":"Blue River, Oregon","water_availability":"Yes, drinking water is available from a hand pump","restroom_availability":"Vault toilet(s)","operated_by":"Concessionaire","season_description":null,"directions":"From Blue River, OR, travel 3 miles east on Highway 126 to Forest Road 15. Proceed 3 miles on Forest Road 15 to the north side of Blue River Reservoir. Lookout Campground is on the left.","maximum_elevation":null,"minimum_elevation":null,"site_season_start_date":null,"site_season_end_date":null,"latitude":44.203694,"longitude":-122.260846,"infra_last_update":1786027964000,"edw_last_modify":1786068375000,"globalid":"{ED6C5680-8DDC-435D-95F4-59DE6EF65375}"}},{"type":"Feature","id":3543805,"geometry":{"type":"Point","coordinates":[-121.854103,43.588222]},"properties":{"objectid":3543805,"site_cn":"5244.004621","managing_org":"060102","site_id":"12477","site_name":"EAST DAVIS LAKE","site_type":"CAMPGROUND","activity_type_list":"No Data","service_type_list":"No Data","seasonal_operational_status":"OPEN","op_status_reason":null,"development_status":"EXISTING","fee_charged":"Y","fee_type":null,"recarea_name":"EAST DAVIS LAKE","public_site_name":"East Davis Lake Campground","alternative_name":null,"rec1stop_url":"https://www.recreation.gov/camping/campgrounds/266138","usda_portal_url":"https://www.fs.usda.gov/recarea/deschutes/recarea/?recid=38854","important_info":null,"permit_information":null,"restrictions":"Maximum site spur length is 50 feet. Davis Lake is a fly-fishing only lake with speed restrictions.","closest_towns":"La Pine/Crescent, OR","water_availability":"Yes, drinking water is available from a hand pump","restroom_availability":"Vault toilet(s)","operated_by":"Concessionaire","season_description":null,"directions":"From Crescent, OR: Travel 8.8 miles west on County Road 61, then 7.7 miles north on Highway 46, then 2.6 miles west on Forest Road 4600 850.","maximum_elevation":null,"minimum_elevation":null,"site_season_start_date":null,"site_season_end_date":null,"latitude":43.58821666,"longitude":-121.8540889,"infra_last_update":1786027948000,"edw_last_modify":1786068304000,"globalid":"{1797F6A6-B860-4E4A-9D71-A25F13F33CB5}"}},{"type":"Feature","id":3543900,"geometry":{"type":"Point","coordinates":[-121.691842,44.018883]},"properties":{"objectid":3543900,"site_cn":"8412.004621","managing_org":"060101","site_id":"40091","site_name":"TODD CREEK","site_type":"HORSE CAMP","activity_type_list":"No Data","service_type_list":"No Data","seasonal_operational_status":"OPEN","op_status_reason":null,"development_status":"EXISTING","fee_charged":"Y","fee_type":"STANDARD AMENITY FEE","recarea_name":"Todd Creek","public_site_name":"Todd Creek Horse Camp","alternative_name":null,"rec1stop_url":null,"usda_portal_url":"https://www.fs.usda.gov/recarea/deschutes/recarea/?recid=39020","important_info":null,"permit_information":null,"restrictions":"As part of a larger effort to reduce invasive species on national forest lands, weed-free feed is required on the Deschutes National Forest. Locate a weed-free feed vendor near you.","closest_towns":"Bend, OR","water_availability":"No water is available","restroom_availability":"Restrooms available nearby","operated_by":"US Forest Service","season_description":null,"directions":"From Bend, OR: Travel 24 miles west on Cascade Lakes Highway (46), then 0.6 miles south on Forest Road 4600-390.","maximum_elevation":null,"minimum_elevation":" feet","site_season_start_date":null,"site_season_end_date":null,"latitude":44.01887778,"longitude":-121.6918278,"infra_last_update":1786027840000,"edw_last_modify":1786068244000,"globalid":"{E8107337-C9CD-4027-A930-B9332BC91387}"}},{"type":"Feature","id":3543945,"geometry":{"type":"Point","coordinates":[-121.975758,43.501792]},"properties":{"objectid":3543945,"site_cn":"6276893010602","managing_org":"060102","site_id":"41561","site_name":"CRESCENT LAKE YURTS","site_type":"CAMPGROUND","activity_type_list":"No Data","service_type_list":"No Data","seasonal_operational_status":"OPEN","op_status_reason":null,"development_status":"EXISTING","fee_charged":"Y","fee_type":"EXPANDED AMENITY FEE","recarea_name":"Crescent Lake Yurts","public_site_name":"Crescent Lake Yurts","alternative_name":null,"rec1stop_url":null,"usda_portal_url":null,"important_info":null,"permit_information":null,"restrictions":null,"closest_towns":null,"water_availability":null,"restroom_availability":null,"operated_by":null,"season_description":null,"directions":null,"maximum_elevation":null,"minimum_elevation":"4,893 feet","site_season_start_date":null,"site_season_end_date":null,"latitude":43.501787,"longitude":-121.975744,"infra_last_update":1786027987000,"edw_last_modify":1786068252000,"globalid":"{6D1D59D4-0D0C-4F2F-9830-602200363676}"}},{"type":"Feature","id":3544278,"geometry":{"type":"Point","coordinates":[-121.974933,43.501786]},"properties":{"objectid":3544278,"site_cn":"5262.004621","managing_org":"060102","site_id":"12485","site_name":"CRESCENT LAKE","site_type":"CAMPGROUND","activity_type_list":"No Data","service_type_list":"No Data","seasonal_operational_status":"OPEN","op_status_reason":null,"development_status":"EXISTING","fee_charged":"Y","fee_type":"STANDARD AMENITY FEE","recarea_name":"CRESCENT LAKE","public_site_name":"Crescent Lake Campground","alternative_name":null,"rec1stop_url":"https://www.recreation.gov/camping/campgrounds/234711","usda_portal_url":"https://www.fs.usda.gov/recarea/deschutes/recarea/?recid=39060","important_info":null,"permit_information":null,"restrictions":"Maximum site spur length is 50 feet.","closest_towns":"Crescent, OR","water_availability":"Pressurized water system","restroom_availability":"Vault toilet(s)","operated_by":"Concessionaire","season_description":null,"directions":"From Crescent, OR: Travel 12.2 miles west on County Road 61/Crescent Cut-off Road, then 3.5 miles north on Highway 58, then 2.2 miles west on Forest Road 60.","maximum_elevation":null,"minimum_elevation":null,"site_season_start_date":null,"site_season_end_date":null,"latitude":43.50178056,"longitude":-121.9749195,"infra_last_update":1786027950000,"edw_last_modify":1786068302000,"globalid":"{C61E3B8B-8667-456B-8375-E8A2DA36CF69}"}},{"type":"Feature","id":3544279,"geometry":{"type":"Point","coordinates":[-122.019953,43.4593]},"properties":{"objectid":3544279,"site_cn":"5261.004621","managing_org":"060102","site_id":"12480","site_name":"SPRING","site_type":"CAMPGROUND","activity_type_list":"No Data","service_type_list":"No Data","seasonal_operational_status":"OPEN","op_status_reason":null,"development_status":"EXISTING","fee_charged":"Y","fee_type":null,"recarea_name":"Spring","public_site_name":"Spring Campground","alternative_name":null,"rec1stop_url":"https://www.recreation.gov/camping/campgrounds/233225","usda_portal_url":"https://www.fs.usda.gov/recarea/deschutes/recarea/?recid=39102","important_info":null,"permit_information":null,"restrictions":"Maximum site spur length is 50 feet.","closest_towns":"Crescent, OR","water_availability":"Yes, drinking water is available from faucets","restroom_availability":"Vault toilet(s)","operated_by":"Concessionaire","season_description":null,"directions":"From Crescent, travel 12.2 miles west on County Road 61, then 3.5 miles north on Hwy 58 , then 8.1 miles west on Forest Road 60.","maximum_elevation":null,"minimum_elevation":"4,800 feet","site_season_start_date":null,"site_season_end_date":null,"latitude":43.459295000000004,"longitude":-122.01993900000001,"infra_last_update":1786027948000,"edw_last_modify":1786068302000,"globalid":"{D9A7CADA-A691-46E2-9E25-261FB8B31862}"}},{"type":"Feature","id":3544401,"geometry":{"type":"Point","coordinates":[-121.964778,43.564158]},"properties":{"objectid":3544401,"site_cn":"5230.004621","managing_org":"060102","site_id":"12483","site_name":"SUNSET COVE","site_type":"CAMPGROUND","activity_type_list":"No Data","service_type_list":"No Data","seasonal_operational_status":"OPEN","op_status_reason":null,"development_status":"EXISTING","fee_charged":"Y","fee_type":null,"recarea_name":"SUNSET COVE","public_site_name":"Sunset Cove Campground","alternative_name":null,"rec1stop_url":"https://www.recreation.gov/camping/campgrounds/267070","usda_portal_url":"https://www.fs.usda.gov/recarea/deschutes/recarea/?recid=39112","important_info":null,"permit_information":null,"restrictions":"Maximum site spur length is 50 feet.","closest_towns":"Crescent, OR","water_availability":"Yes, drinking water is available from a hand pump","restroom_availability":"Vault toilet(s)","operated_by":"Concessionaire","season_description":null,"directions":"From Crescent, OR: Travel 12.2 miles west on County Road 61/ Crescent Cut-Off Road, then 6.2 miles north and west on Highway 58.","maximum_elevation":null,"minimum_elevation":null,"site_season_start_date":null,"site_season_end_date":null,"latitude":43.56415278,"longitude":-121.9647639,"infra_last_update":1786027950000,"edw_last_modify":1786068308000,"globalid":"{9A16F1A2-D875-447E-8BA8-29AF5FBDB00E}"}},{"type":"Feature","id":3544436,"geometry":{"type":"Point","coordinates":[-121.84365,43.497844]},"properties":{"objectid":3544436,"site_cn":"5245.004621","managing_org":"060102","site_id":"12490","site_name":"CRESCENT CREEK","site_type":"CAMPGROUND","activity_type_list":"No Data","service_type_list":"No Data","seasonal_operational_status":"OPEN","op_status_reason":null,"development_status":"EXISTING","fee_charged":"Y","fee_type":null,"recarea_name":"Crescent Creek","public_site_name":"Crescent Creek Campground","alternative_name":null,"rec1stop_url":"https://www.recreation.gov/camping/campgrounds/267557","usda_portal_url":"https://www.fs.usda.gov/recarea/deschutes/recarea/?recid=39058","important_info":null,"permit_information":null,"restrictions":"Maximum site spur length is 50 feet.","closest_towns":"Crescent, OR","water_availability":"Yes, drinking water is available from a hand pump","restroom_availability":"Vault toilet(s)","operated_by":"Concessionaire","season_description":null,"directions":"From Crescent, OR: Travel 8.7 miles west on County Road 61/Crescent Cut-off Road.","maximum_elevation":null,"minimum_elevation":"4,500 feet","site_season_start_date":null,"site_season_end_date":null,"latitude":43.49783889,"longitude":-121.8436361,"infra_last_update":1786027948000,"edw_last_modify":1786068304000,"globalid":"{0F9AFC40-3865-4AC9-BF70-28ED4422B91F}"}},{"type":"Feature","id":3544517,"geometry":{"type":"Point","coordinates":[-121.77095,43.669683]},"properties":{"objectid":3544517,"site_cn":"5042.004621","managing_org":"060101","site_id":"12487","site_name":"RESERVOIR","site_type":"CAMPGROUND","activity_type_list":"No Data","service_type_list":"No Data","seasonal_operational_status":"OPEN","op_status_reason":null,"development_status":"EXISTING","fee_charged":"Y","fee_type":null,"recarea_name":"RESERVOIR","public_site_name":"Reservoir Campground","alternative_name":null,"rec1stop_url":"https://www.recreation.gov/camping/campgrounds/267077","usda_portal_url":"https://www.fs.usda.gov/recarea/deschutes/recarea/?recid=38966","important_info":null,"permit_information":null,"restrictions":"Maximum site spur length is 30 feet.","closest_towns":"La Pine, OR","water_availability":"No water is available","restroom_availability":"Vault toilet(s)","operated_by":"Concessionaire","season_description":null,"directions":"From Bend, OR: Travel about 58 miles southwest on Cascade Lakes Hwy (46), then 2 miles east on Forest Road 44.","maximum_elevation":null,"minimum_elevation":null,"site_season_start_date":null,"site_season_end_date":null,"latitude":43.66967778,"longitude":-121.7709361,"infra_last_update":1786027949000,"edw_last_modify":1786068369000,"globalid":"{16FA00AC-CEC4-41CF-8F00-5C8A0639D2F9}"}},{"type":"Feature","id":3544576,"geometry":{"type":"Point","coordinates":[-121.809597,43.980078]},"properties":{"objectid":3544576,"site_cn":"5106.004621","managing_org":"060101","site_id":"12398","site_name":"ELK LAKE","site_type":"CAMPGROUND","activity_type_list":"No Data","service_type_list":"No Data","seasonal_operational_status":"OPEN","op_status_reason":null,"development_status":"EXISTING","fee_charged":"Y","fee_type":null,"recarea_name":"ELK LAKE","public_site_name":"Elk Lake Campground","alternative_name":null,"rec1stop_url":"https://www.recreation.gov/camping/campgrounds/267555","usda_portal_url":"https://www.fs.usda.gov/recarea/deschutes/recarea/?recid=38860","important_info":null,"permit_information":null,"restrictions":"Maximum site spur length is 26 feet.","closest_towns":"Bend / Sunriver, OR","water_availability":"Yes, drinking water is available from a hand pump","restroom_availability":"Vault toilet(s)","operated_by":"Concessionaire","season_description":null,"directions":"From Bend, travel 33.1 miles southwest on Cascade Lakes Hwy (46) to north end of Elk Lake.","maximum_elevation":null,"minimum_elevation":null,"site_season_start_date":null,"site_season_end_date":null,"latitude":43.980073,"longitude":-121.809583,"infra_last_update":1786027950000,"edw_last_modify":1786068344000,"globalid":"{AD903E8E-52AB-4029-810B-1925C6CBA9AE}"}},{"type":"Feature","id":3544591,"geometry":{"type":"Point","coordinates":[-121.728359,44.025122]},"properties":{"objectid":3544591,"site_cn":"5136.004621","managing_org":"060101","site_id":"12415","site_name":"SODA CREEK","site_type":"CAMPGROUND","activity_type_list":"No Data","service_type_list":"No Data","seasonal_operational_status":"OPEN","op_status_reason":null,"development_status":"EXISTING","fee_charged":"Y","fee_type":null,"recarea_name":"SODA CREEK","public_site_name":"Soda Creek Campground","alternative_name":null,"rec1stop_url":"https://www.recreation.gov/camping/campgrounds/273782","usda_portal_url":"https://www.fs.usda.gov/recarea/deschutes/recarea/?recid=38992","important_info":null,"permit_information":null,"restrictions":"Maximum site spur length is 30 feet. No motorboats on Sparks Lake.","closest_towns":"Bend / Sunriver, OR","water_availability":"No water is available","restroom_availability":"Vault toilet(s)","operated_by":"Concessionaire","season_description":null,"directions":"From Bend, travel 26.2 miles west on Cascade Lakes Hwy (46).","maximum_elevation":null,"minimum_elevation":null,"site_season_start_date":null,"site_season_end_date":null,"latitude":44.02511667,"longitude":-121.7283445,"infra_last_update":1786027948000,"edw_last_modify":1786068335000,"globalid":"{3DC3FBA6-419F-4803-8FC3-0E941AE418F4}"}},{"type":"Feature","id":3544663,"geometry":{"type":"Point","coordinates":[-121.785684,43.963355]},"properties":{"objectid":3544663,"site_cn":"5112.004621","managing_org":"060101","site_id":"12380","site_name":"MALLARD MARSH (HOSMER LAKE)","site_type":"CAMPGROUND","activity_type_list":"No Data","service_type_list":"No Data","seasonal_operational_status":"OPEN","op_status_reason":null,"development_status":"EXISTING","fee_charged":"Y","fee_type":null,"recarea_name":"MALLARD MARSH (HOSMER LAKE)","public_site_name":"Mallard Marsh Campground","alternative_name":null,"rec1stop_url":"https://www.recreation.gov/camping/campgrounds/251581","usda_portal_url":"https://www.fs.usda.gov/recarea/deschutes/recarea/?recid=38920","important_info":null,"permit_information":null,"restrictions":"Maximum site spur length is 26 feet.","closest_towns":"Bend / Sunriver, OR","water_availability":"No water is available","restroom_availability":"Vault toilet(s)","operated_by":"Concessionaire","season_description":null,"directions":"From Bend, OR: Travel 35.5 miles southwest on Cascade Lakes Hwy (46), then 1.3 miles east on Forest Road 4625. South Campground will come up on the right side first and then Mallard Marsh.","maximum_elevation":null,"minimum_elevation":null,"site_season_start_date":null,"site_season_end_date":null,"latitude":43.96335,"longitude":-121.78567,"infra_last_update":1786027950000,"edw_last_modify":1786068342000,"globalid":"{B1CEB5BA-7BD8-48B0-B95C-81C579A3DD3B}"}},{"type":"Feature","id":3544678,"geometry":{"type":"Point","coordinates":[-121.763975,43.733403]},"properties":{"objectid":3544678,"site_cn":"5013.004621","managing_org":"060101","site_id":"12405","site_name":"NORTH TWIN LAKE","site_type":"CAMPGROUND","activity_type_list":"No Data","service_type_list":"No Data","seasonal_operational_status":"OPEN","op_status_reason":null,"development_status":"EXISTING","fee_charged":"Y","fee_type":null,"recarea_name":"NORTH TWIN LAKE","public_site_name":"North Twin Lake Campground","alternative_name":null,"rec1stop_url":"https://www.recreation.gov/camping/campgrounds/266141","usda_portal_url":"https://www.fs.usda.gov/recarea/deschutes/recarea/?recid=38938","important_info":null,"permit_information":null,"restrictions":"Maximum site spur length is 30 feet.","closest_towns":"La Pine, OR","water_availability":"No water is available","restroom_availability":"Vault toilet(s)","operated_by":"Concessionaire","season_description":null,"directions":"From Bend, OR: Travel 26.8 miles south on Highway 97 to Wickiup Junction, then 11.0 miles west on County Road 43, then continue 4.6 miles west on County Road 42, and finally 0.2 miles south on County Road 4260.","maximum_elevation":null,"minimum_elevation":null,"site_season_start_date":null,"site_season_end_date":null,"latitude":43.73339722,"longitude":-121.7639611,"infra_last_update":1786027949000,"edw_last_modify":1786068387000,"globalid":"{293ED932-5F79-434D-B4C0-46DB9370B7F7}"}},{"type":"Feature","id":3544686,"geometry":{"type":"Point","coordinates":[-122.174064,44.175565]},"properties":{"objectid":3544686,"site_cn":"5021.005631","managing_org":"061801","site_id":"15110","site_name":"MCKENZIE BRIDGE CAMPGROUND","site_type":"CAMPGROUND","activity_type_list":"No Data","service_type_list":"No Data","seasonal_operational_status":"OPEN","op_status_reason":null,"development_status":"EXISTING","fee_charged":"Y","fee_type":null,"recarea_name":"MCKENZIE BRIDGE CAMPGROUND","public_site_name":"Mckenzie Bridge Campground","alternative_name":null,"rec1stop_url":"https://www.recreation.gov/camping/campgrounds/231985","usda_portal_url":"https://www.fs.usda.gov/recarea/willamette/recarea/?recid=4375","important_info":null,"permit_information":null,"restrictions":"  Maximum trailer length 35 feetCamping is not allowed more than 14 days in a 60 day period.Check-in time: 2:00 pm or later. Check-out time: 1:00 pm; Use of chainsaws in the campground is prohibitedDogs MUST be on leash at all times within the campground; C","closest_towns":"McKenzie Bridge, Oregon","water_availability":"Yes, drinking water is available from a hand pump","restroom_availability":"Vault toilet(s)","operated_by":"Concessionaire","season_description":null,"directions":"From McKenzie Bridge, OR, travel west on Highway 126 less than 1 mile to McKenzie Bridge Campground.","maximum_elevation":null,"minimum_elevation":null,"site_season_start_date":null,"site_season_end_date":null,"latitude":44.17556,"longitude":-122.17405000000001,"infra_last_update":1786027962000,"edw_last_modify":1786068382000,"globalid":"{9CA0A15B-6D99-4FBC-89DE-A2D909320A68}"}},{"type":"Feature","id":3544710,"geometry":{"type":"Point","coordinates":[-121.764228,43.910708]},"properties":{"objectid":3544710,"site_cn":"5011.004621","managing_org":"060101","site_id":"12400","site_name":"LITTLE LAVA LAKE","site_type":"CAMPGROUND","activity_type_list":"No Data","service_type_list":"No Data","seasonal_operational_status":"OPEN","op_status_reason":null,"development_status":"EXISTING","fee_charged":"Y","fee_type":null,"recarea_name":"LITTLE LAVA LAKE","public_site_name":"Little Lava Lake Campground","alternative_name":null,"rec1stop_url":null,"usda_portal_url":"https://www.fs.usda.gov/recarea/deschutes/recarea/?recid=38916","important_info":null,"permit_information":null,"restrictions":"Maximum site spur length is 30 feet. No motorized or mechanized vehicles allowed on Wilderness trails.","closest_towns":"Bend / Sunriver, OR","water_availability":"Yes, drinking water is available from a hand pump","restroom_availability":"Vault toilet(s)","operated_by":"Concessionaire","season_description":null,"directions":"From Bend, OR: Travel 38.4 miles southwest on Cascade Lakes Hwy (46), then 0.7 miles east on Forest Road 4600 500, and then 0.4 miles east on Forest Road 4600 520.","maximum_elevation":null,"minimum_elevation":null,"site_season_start_date":null,"site_season_end_date":null,"latitude":43.91070278,"longitude":-121.7642139,"infra_last_update":1786027950000,"edw_last_modify":1786068389000,"globalid":"{0EEA8EE1-D28E-45E6-8571-466887EC77F0}"}},{"type":"Feature","id":3544736,"geometry":{"type":"Point","coordinates":[-121.757953,43.705433]},"properties":{"objectid":3544736,"site_cn":"5025.004621","managing_org":"060101","site_id":"12369","site_name":"GULL POINT","site_type":"CAMPGROUND","activity_type_list":"No Data","service_type_list":"No Data","seasonal_operational_status":"OPEN","op_status_reason":null,"development_status":"EXISTING","fee_charged":"Y","fee_type":null,"recarea_name":"Gull Point","public_site_name":"Gull Point Campground","alternative_name":null,"rec1stop_url":"https://www.recreation.gov/camping/campgrounds/233193","usda_portal_url":"https://www.fs.usda.gov/recarea/deschutes/recarea/?recid=38874","important_info":null,"permit_information":null,"restrictions":"Maximum site spur length is 30 feet.","closest_towns":"La Pine / Sunriver, OR","water_availability":"Yes, drinking water is available from a hand pump","restroom_availability":"Flush toilet(s)","operated_by":"Concessionaire","season_description":null,"directions":"From Bend, OR: Travel 26.8 miles south on Hwy 97 to Wickiup Junction, then 11.0 miles west on; County Road 43, then continue 4.6 miles west on County Road 42, and finally 3.0 miles south on County Road 4260.","maximum_elevation":null,"minimum_elevation":"4,300 feet","site_season_start_date":null,"site_season_end_date":null,"latitude":43.70542778,"longitude":-121.75793890000001,"infra_last_update":1786027948000,"edw_last_modify":1786068379000,"globalid":"{B2BE83CE-A844-4D27-B1F4-CF34920CED64}"}},{"type":"Feature","id":3544744,"geometry":{"type":"Point","coordinates":[-122.224668,44.075897]},"properties":{"objectid":3544744,"site_cn":"5001.005581","managing_org":"061801","site_id":"14965","site_name":"SLIDE CREEK","site_type":"CAMPGROUND","activity_type_list":"No Data","service_type_list":"No Data","seasonal_operational_status":"OPEN","op_status_reason":null,"development_status":"EXISTING","fee_charged":"Y","fee_type":null,"recarea_name":"Slide Creek Campground","public_site_name":"Slide Creek Campground","alternative_name":null,"rec1stop_url":"https://www.recreation.gov/camping/campgrounds/233339","usda_portal_url":"https://www.fs.usda.gov/recarea/willamette/recarea/?recid=4383","important_info":null,"permit_information":null,"restrictions":"Camping is restricted to developed campgrounds in the Cougar Recreation Area.Camping is not allowed more than 14 days in a 60 day period.Check-in time: 2:00 pm or later. Check-out time: 1:00 pm; Use of chainsaws in the campground is prohibited Dogs MUST be on leash","closest_towns":"Blue River, Oregon","water_availability":"Yes, drinking water is available from a hand pump","restroom_availability":"Vault toilet(s)","operated_by":"Concessionaire","season_description":null,"directions":"From Blue River, OR, travel 4 miles east on Highway 126 to Aufderheide Drive (Forest Road 19). Proceed south on Aufderheide Drive, turning right at the Y and climbing to the top of Cougar Reservoir. Continue south on Aufderheide Drive for 8 miles to Forest Road 500.Turn left on Forest Road 500 and continue north for 1.5 miles to Slide Creek Campground and Day Use Area.","maximum_elevation":null,"minimum_elevation":"1,700 feet","site_season_start_date":null,"site_season_end_date":null,"latitude":44.0758919,"longitude":-122.224654,"infra_last_update":1786027964000,"edw_last_modify":1786068395000,"globalid":"{9049D169-4601-481B-84CC-8DBE1FB6D03D}"}},{"type":"Feature","id":3544745,"geometry":{"type":"Point","coordinates":[-121.848247,43.844697]},"properties":{"objectid":3544745,"site_cn":"1797560010602","managing_org":"060101","site_id":"41532","site_name":"LITTLE COVE BOAT-IN","site_type":"CAMPGROUND","activity_type_list":"No Data","service_type_list":"No Data","seasonal_operational_status":"CLOSED","op_status_reason":null,"development_status":"EXISTING","fee_charged":"Y","fee_type":null,"recarea_name":"Little Cove Boat-In","public_site_name":"Little Cove Boat-in Campground","alternative_name":null,"rec1stop_url":null,"usda_portal_url":"https://www.google.com/search?q=little+cove+boat+in+deschutes","important_info":null,"permit_information":null,"restrictions":null,"closest_towns":"Sunriver, Oregon","water_availability":"No water is available","restroom_availability":"Composting toilet(s)","operated_by":"Concessionaire","season_description":null,"directions":"From Bend, OR: Travel 46.0 miles southwest on Cascade Lakes Hwy (46), then west on Forest Road 4635 for 2 miles, then boat over to the north shore of the lake or hike in.","maximum_elevation":null,"minimum_elevation":"6,300 feet","site_season_start_date":null,"site_season_end_date":null,"latitude":43.84469166,"longitude":-121.8482333,"infra_last_update":1786027988000,"edw_last_modify":1786068406000,"globalid":"{7C8C9B25-50EF-4D6E-B437-8F129AB98EA3}"}},{"type":"Feature","id":3544784,"geometry":{"type":"Point","coordinates":[-122.37307,43.762783]},"properties":{"objectid":3544784,"site_cn":"5006.005641","managing_org":"061805","site_id":"15153","site_name":"SALMON CREEK FALLS","site_type":"CAMPGROUND","activity_type_list":"No Data","service_type_list":"No Data","seasonal_operational_status":"OPEN","op_status_reason":null,"development_status":"EXISTING","fee_charged":"Y","fee_type":"EXPANDED AMENITY FEE","recarea_name":"SALMON CREEK FALLS","public_site_name":"Salmon Creek Falls Campground","alternative_name":null,"rec1stop_url":"https://www.recreation.gov/camping/campgrounds/10165591","usda_portal_url":"https://www.fs.usda.gov/recarea/willamette/recarea/?recid=4511","important_info":null,"permit_information":null,"restrictions":"Single campsite capacity: 6 persons, 2 vehicles, 2 tents. Camping is not allowed more than 14 days in a 60 day period; Use of chainsaws in the campground is prohibited. Quiet hours are 10:00 p.m. until 6:00 a.m.","closest_towns":"Oakridge, Oregon","water_availability":"No water is available","restroom_availability":"Vault toilet(s)","operated_by":"Concessionaire","season_description":null,"directions":"Five miles east of Oakridge, Oregon, along Salmon Creek. From the corner of Crestview Street and Oregon State Highway 58 (at the only traffic light along Highway 58 in Oakridge), travel north on Crestview Street over the railroad tracks for 0.2 miles. ; Bear right at the four-way intersection onto East 1st Street, through the center of Oakridge. ; Follow East 1st Street for approximately 1.1 miles out of town to the junction of Fish Hatchery Road (on your right). ; Here, East 1st becomes Forest Road 24, otherwise known as the Salmon Creek Road. ; Stay straight on Salmon Creek Road, and travel approximately 3.7 miles and the destination will be on your right.","maximum_elevation":null,"minimum_elevation":null,"site_season_start_date":null,"site_season_end_date":null,"latitude":43.76277778,"longitude":-122.3730556,"infra_last_update":1786027961000,"edw_last_modify":1786068392000,"globalid":"{47843AF8-F3F7-4277-9DF2-0211FCCBA9DC}"}},{"type":"Feature","id":3544791,"geometry":{"type":"Point","coordinates":[-121.784652,43.732592]},"properties":{"objectid":3544791,"site_cn":"5015.004621","managing_org":"060101","site_id":"12414","site_name":"SHEEP BRIDGE","site_type":"CAMPGROUND","activity_type_list":"No Data","service_type_list":"No Data","seasonal_operational_status":"OPEN","op_status_reason":null,"development_status":"EXISTING","fee_charged":"Y","fee_type":null,"recarea_name":"Sheep Bridge","public_site_name":"Sheep Bridge Campground","alternative_name":null,"rec1stop_url":"https://www.recreation.gov/camping/campgrounds/234693","usda_portal_url":"https://www.fs.usda.gov/recarea/deschutes/recarea/?recid=38982","important_info":null,"permit_information":null,"restrictions":"Maximum site spur length is 30 feet.","closest_towns":"La Pine / Sunriver, OR","water_availability":"Yes, drinking water is available from a hand pump","restroom_availability":"Vault toilet(s)","operated_by":"Concessionaire","season_description":null,"directions":"From Bend, travel 26.8 miles south on Hwy 97 to Wickiup Junction, then 11.0 miles west on County Road 43, then continue 4.6 miles west on Forest Road 42 , and finally 0.8 miles south on Forest Road 4260.","maximum_elevation":null,"minimum_elevation":"4,400 feet","site_season_start_date":null,"site_season_end_date":null,"latitude":43.732587,"longitude":-121.784638,"infra_last_update":1786027948000,"edw_last_modify":1786068386000,"globalid":"{39257576-08B5-42AA-975E-FF2B283EF0C0}"}},{"type":"Feature","id":3544796,"geometry":{"type":"Point","coordinates":[-121.765945,43.913536]},"properties":{"objectid":3544796,"site_cn":"5036.004621","managing_org":"060101","site_id":"12401","site_name":"LAVA LAKE","site_type":"CAMPGROUND","activity_type_list":"No Data","service_type_list":"No Data","seasonal_operational_status":"OPEN","op_status_reason":null,"development_status":"EXISTING","fee_charged":"Y","fee_type":null,"recarea_name":"LAVA LAKE","public_site_name":"Lava Lake Campground","alternative_name":null,"rec1stop_url":null,"usda_portal_url":"https://www.fs.usda.gov/recarea/deschutes/recarea/?recid=38894","important_info":null,"permit_information":null,"restrictions":"Maximum site spur length is 30 feet. No motorized or mechanized vehicles allowed on Wilderness trails.","closest_towns":"Bend / Sunriver, OR","water_availability":"Yes, drinking water is available from a hand pump","restroom_availability":"Vault toilet(s)","operated_by":"Concessionaire","season_description":null,"directions":"From Bend, OR; Travel 38.4 miles southwest on Cascade Lakes Hwy (46), then 1.0 miles east on Forest Road 4600 500.","maximum_elevation":null,"minimum_elevation":null,"site_season_start_date":null,"site_season_end_date":null,"latitude":43.91353056,"longitude":-121.7659306,"infra_last_update":1786027946000,"edw_last_modify":1786068372000,"globalid":"{B0E1CBA2-F3AE-4AED-AE62-12E25A044825}"}},{"type":"Feature","id":3544798,"geometry":{"type":"Point","coordinates":[-122.096124,44.186115]},"properties":{"objectid":3544798,"site_cn":"5022.005631","managing_org":"061801","site_id":"15109","site_name":"PARADISE CAMPGROUND","site_type":"CAMPGROUND","activity_type_list":"No Data","service_type_list":"No Data","seasonal_operational_status":"OPEN","op_status_reason":null,"development_status":"EXISTING","fee_charged":"Y","fee_type":null,"recarea_name":"Paradise C.G.","public_site_name":"Paradise Campground","alternative_name":null,"rec1stop_url":"https://www.recreation.gov/camping/campgrounds/231986","usda_portal_url":"https://www.fs.usda.gov/recarea/willamette/recarea/?recid=4380","important_info":null,"permit_information":null,"restrictions":"Camping is restricted to developed campgroundsCamping is not allowed more than 14 days in a 60 day period.Check-in time: 2:00 pm or later. Check-out time: 1:00 pm; Use of chainsaws in the campground is prohibitedDogs MUST be on leash at all times within the campgound. Only launch boats from boat ramp.","closest_towns":"McKenzie Bridge, Oregon","water_availability":"Yes, drinking water is available from a hand pump","restroom_availability":"Flush toilet(s) and Vault Toilets","operated_by":"Concessionaire","season_description":null,"directions":"From McKenzie Bridge, OR, travel 4 miles east on Highway 126 to Paradise Campground.","maximum_elevation":null,"minimum_elevation":"1,600 feet","site_season_start_date":null,"site_season_end_date":null,"latitude":44.186110000000006,"longitude":-122.09611000000001,"infra_last_update":1786027964000,"edw_last_modify":1786068381000,"globalid":"{8C299FDD-BEE5-483F-83C9-3DBE07BCF99D}"}},{"type":"Feature","id":3544805,"geometry":{"type":"Point","coordinates":[-121.833317,43.837805]},"properties":{"objectid":3544805,"site_cn":"5035.004621","managing_org":"060101","site_id":"12393","site_name":"CULTUS LAKE","site_type":"CAMPGROUND","activity_type_list":"No Data","service_type_list":"No Data","seasonal_operational_status":"OPEN","op_status_reason":null,"development_status":"EXISTING","fee_charged":"Y","fee_type":null,"recarea_name":"Cultus Lake","public_site_name":"Cultus Lake Campground","alternative_name":null,"rec1stop_url":"https://www.recreation.gov/camping/campgrounds/251580","usda_portal_url":"https://www.fs.usda.gov/recarea/deschutes/recarea/?recid=38836","important_info":null,"permit_information":null,"restrictions":"Maximum site spur length is 30 feet.","closest_towns":"La Pine/ Sunriver/ Bend, OR","water_availability":"Pressurized water system","restroom_availability":"Vault toilet(s)","operated_by":"Concessionaire","season_description":null,"directions":"From Bend, OR: Travel 46 miles southwest on Cascade Lakes Hwy (46), then west on Forest Road 4635 for 2 miles.","maximum_elevation":null,"minimum_elevation":"4,700 feet","site_season_start_date":null,"site_season_end_date":null,"latitude":43.8378,"longitude":-121.8333028,"infra_last_update":1786027946000,"edw_last_modify":1786068373000,"globalid":"{A5449EA5-5789-4875-BAB3-165991128E6F}"}},{"type":"Feature","id":3544820,"geometry":{"type":"Point","coordinates":[-121.77292,43.714858]},"properties":{"objectid":3544820,"site_cn":"5031.004621","managing_org":"060101","site_id":"27366","site_name":"WEST SOUTH TWIN","site_type":"CAMPGROUND","activity_type_list":"No Data","service_type_list":"No Data","seasonal_operational_status":"OPEN","op_status_reason":null,"development_status":"EXISTING","fee_charged":"Y","fee_type":null,"recarea_name":"WEST SOUTH TWIN","public_site_name":"West South Twin Campground","alternative_name":null,"rec1stop_url":"https://www.recreation.gov/camping/campgrounds/251435","usda_portal_url":"https://www.fs.usda.gov/recarea/deschutes/recarea/?recid=39030","important_info":null,"permit_information":null,"restrictions":"Maximum site spur length is 30 feet.","closest_towns":"La Pine, OR","water_availability":"Yes, drinking water is available from a hand pump","restroom_availability":"Flush toilet(s)","operated_by":"Concessionaire","season_description":null,"directions":"From Bend, OR: Travel 26.8 miles south on Highway 97 to Wickiup Junction, then 11.0 miles west on County; Road 43, then continue 4.6 miles west on Forest Road 42, and finally 2.0 miles south on Forest Road 4260.","maximum_elevation":null,"minimum_elevation":null,"site_season_start_date":null,"site_season_end_date":null,"latitude":43.714852779999994,"longitude":-121.7729056,"infra_last_update":1786027949000,"edw_last_modify":1786068375000,"globalid":"{7BD692D3-7E82-45F2-B497-624FAF24395E}"}},{"type":"Feature","id":3544835,"geometry":{"type":"Point","coordinates":[-122.410114,43.502105]},"properties":{"objectid":3544835,"site_cn":"5034.005641","managing_org":"061805","site_id":"15184","site_name":"CAMPERS FLAT","site_type":"CAMPGROUND","activity_type_list":"No Data","service_type_list":"No Data","seasonal_operational_status":"OPEN","op_status_reason":null,"development_status":"EXISTING","fee_charged":"Y","fee_type":null,"recarea_name":"Campers Flat Campground","public_site_name":"Campers Flat Campground","alternative_name":null,"rec1stop_url":"https://www.recreation.gov/camping/campgrounds/10165195","usda_portal_url":"https://www.fs.usda.gov/recarea/willamette/recarea/?recid=4494","important_info":null,"permit_information":null,"restrictions":"Camping is not allowed more than 14 days in a 60 day period. Use of chainsaws in the campground is prohibited. Dogs MUST be on a leash in the campground.","closest_towns":"Oakridge, Oregon","water_availability":"Yes, drinking water is available from a hand pump","restroom_availability":"Vault toilet(s)","operated_by":"US Forest Service","season_description":"May - September","directions":"Located 22.2 miles south of Oakridge, Oregon, along the Middle Fork of the Willamette River. From Oakridge, Oregon: From the only traffic light on Highway 58 in Oakridge, proceed east on Oregon State Highway 58 for 1.7 miles. Turn right on Hills Creek Road/Kitson Springs Road. Travel for 0.5 miles and turn right onto Forest Road 21. ; Follow Forest Road 21 for 20 miles, and the destination will be on your right.","maximum_elevation":null,"minimum_elevation":"2,000 feet","site_season_start_date":null,"site_season_end_date":null,"latitude":43.5021,"longitude":-122.4101,"infra_last_update":1786027964000,"edw_last_modify":1786068373000,"globalid":"{9F162AF7-7A26-4540-A6E0-9A0CB33A3BDC}"}},{"type":"Feature","id":3544888,"geometry":{"type":"Point","coordinates":[-121.996544,43.459195]},"properties":{"objectid":3544888,"site_cn":"11319010467","managing_org":"060102","site_id":"41553","site_name":"CONTORTA FLAT","site_type":"CAMPGROUND","activity_type_list":"No Data","service_type_list":"No Data","seasonal_operational_status":"OPEN","op_status_reason":null,"development_status":"EXISTING","fee_charged":"Y","fee_type":null,"recarea_name":"CONTORTA FLAT","public_site_name":"Contorta Flat Campground","alternative_name":null,"rec1stop_url":"https://www.recreation.gov/camping/campgrounds/251567","usda_portal_url":"https://www.fs.usda.gov/recarea/deschutes/recarea/?recid=39050","important_info":null,"permit_information":null,"restrictions":"Maximum site spur length is 35 feet.","closest_towns":"Crescent, OR","water_availability":"No water is available","restroom_availability":"Vault toilet(s)","operated_by":"Concessionaire","season_description":null,"directions":"From Crescent, OR: Travel 12.2 miles west on County Road 61/Crescent Cut-off Road, then 3.5 miles north on Highway 58, then 9.9 miles southwest on Forest Road 60.","maximum_elevation":null,"minimum_elevation":null,"site_season_start_date":null,"site_season_end_date":null,"latitude":43.45919,"longitude":-121.99652999999999,"infra_last_update":1786027949000,"edw_last_modify":1786068416000,"globalid":"{03010031-E36C-4A9B-8AE8-6FA3CFBF9082}"}},{"type":"Feature","id":3544906,"geometry":{"type":"Point","coordinates":[-121.796589,43.962975]},"properties":{"objectid":3544906,"site_cn":"5038.004621","managing_org":"060101","site_id":"12378","site_name":"LITTLE FAWN","site_type":"CAMPGROUND","activity_type_list":"No Data","service_type_list":"No Data","seasonal_operational_status":"OPEN","op_status_reason":null,"development_status":"EXISTING","fee_charged":"Y","fee_type":null,"recarea_name":"Little Fawn","public_site_name":"Little Fawn Campground","alternative_name":null,"rec1stop_url":"https://www.recreation.gov/camping/campgrounds/233787","usda_portal_url":"https://www.fs.usda.gov/recarea/deschutes/recarea/?recid=38910","important_info":null,"permit_information":null,"restrictions":"Maximum site spur length is 30 feet.","closest_towns":"Bend, OR","water_availability":"Yes, drinking water is available from a hand pump","restroom_availability":"Vault toilet(s)","operated_by":"Concessionaire","season_description":null,"directions":"From Bend, OR: Travel 35.5 miles southwest on Cascade Lakes Hwy (46), then 1.7 miles east on Forest Road 4625.","maximum_elevation":null,"minimum_elevation":"4,900 feet","site_season_start_date":null,"site_season_end_date":null,"latitude":43.962969439999995,"longitude":-121.79657499999999,"infra_last_update":1766409695000,"edw_last_modify":1766455555000,"globalid":"{6F57568F-9E52-444E-A91E-CE459D32099E}"}},{"type":"Feature","id":3545286,"geometry":{"type":"Point","coordinates":[-122.083374,43.904495]},"properties":{"objectid":3545286,"site_cn":"5028.005581","managing_org":"061801","site_id":"34585","site_name":"BOX CANYON HORSE CAMP","site_type":"HORSE CAMP","activity_type_list":"No Data","service_type_list":"No Data","seasonal_operational_status":"OPEN","op_status_reason":null,"development_status":"EXISTING","fee_charged":"N","fee_type":null,"recarea_name":"BOX CANYON HORSE CAMP","public_site_name":"Box Canyon Horse Camp","alternative_name":null,"rec1stop_url":null,"usda_portal_url":"https://www.fs.usda.gov/recarea/willamette/recarea/?recid=4396","important_info":null,"permit_information":null,"restrictions":"Maximum trailer length 30 feet Camping is not allowed more than 14 days in a 60 day period.Use of chainsaws in the campground is prohibitedDogs MUST be on leash at all times within the campground","closest_towns":"Blue River, Oregon","water_availability":"Not for drinking; water is available for animals/stock","restroom_availability":"Vault toilet(s)","operated_by":"US Forest Service","season_description":null,"directions":"From Blue River, OR, travel 4 miles east on Highway 126 to Aufderheide Drive (Forest Service Road 19).Continue south on Aufderheide Drive, taking a right at the Y and climbing to the top of Cougar Reservoir. Continue south on Aurderheide Drive past Cougar Reservoir for 31 miles to Box Canyon Horse Camp on the west side of the road at the top of the pass.","maximum_elevation":null,"minimum_elevation":null,"site_season_start_date":null,"site_season_end_date":null,"latitude":43.90449,"longitude":-122.08336,"infra_last_update":1774264670000,"edw_last_modify":1774318199000,"globalid":"{AE195180-B419-4258-B492-93A73B14F906}"}}]}