{"type":"FeatureCollection","metadata":{"source":"USFS EDW Recreation Infrastructure Sites","region":"oakridge_oregon","bbox":[-122.75,43.35,-121.65,44.25],"note":"Official USFS trailhead infrastructure in the Oakridge / Westfir field area."},"features":[{"type":"Feature","id":3514071,"geometry":{"type":"Point","coordinates":[-122.207514,44.118894]},"properties":{"objectid":3514071,"site_cn":"5039.005581","managing_org":"061801","site_id":"72014","site_name":"ECHO TRAILHEAD","site_type":"TRAILHEAD","activity_type_list":"No Data","service_type_list":"No Data","seasonal_operational_status":"OPEN","op_status_reason":null,"development_status":"EXISTING","fee_charged":"N","fee_type":null,"recarea_name":"ECHO TRAILHEAD","public_site_name":"Echo Trailhead","alternative_name":null,"rec1stop_url":null,"usda_portal_url":"https://www.fs.usda.gov/recarea/willamette/recarea/?recid=81362","important_info":null,"permit_information":null,"restrictions":null,"closest_towns":"Blue River, Oregon","water_availability":"Water can be treated or filtered from nearby water sources","restroom_availability":"Vault toilet(s)","operated_by":"US Forest Service","season_description":null,"directions":"From Blue River, OR, travel east on Highway 126 for 4 miles to Forest Road 19 (Aufderheide). Turn right (south) on Forest Road 19, continuing straight past the Y onto Forest Road 410. Continue south on Forest Road 410 to the bottom of Cougar Reservoir and turn left (east) onto Forest Road 411. Continue up Forest Road 411 for 4 miles to Echo Trailhead at a roadside parking area on the right side of the road.","maximum_elevation":null,"minimum_elevation":null,"site_season_start_date":null,"site_season_end_date":null,"latitude":44.11888889,"longitude":-122.2075,"infra_last_update":1753975102000,"edw_last_modify":1754014198000,"globalid":"{0BE00A0A-7670-4104-87B8-EE2DE1F4B1F7}"}},{"type":"Feature","id":3514162,"geometry":{"type":"Point","coordinates":[-122.417792,43.374728]},"properties":{"objectid":3514162,"site_cn":"6262361010602","managing_org":"061503","site_id":"66517","site_name":"SKIPPER LAKES","site_type":"TRAILHEAD","activity_type_list":"No Data","service_type_list":"No Data","seasonal_operational_status":"OPEN","op_status_reason":null,"development_status":"EXISTING","fee_charged":"N","fee_type":null,"recarea_name":"Skipper Lakes","public_site_name":null,"alternative_name":null,"rec1stop_url":null,"usda_portal_url":null,"important_info":null,"permit_information":null,"restrictions":null,"closest_towns":null,"water_availability":null,"restroom_availability":null,"operated_by":null,"season_description":null,"directions":null,"maximum_elevation":null,"minimum_elevation":" feet","site_season_start_date":null,"site_season_end_date":null,"latitude":43.374722229999996,"longitude":-122.41777778,"infra_last_update":1771858856000,"edw_last_modify":1771898637000,"globalid":"{B93525C2-9C17-4EEB-84D1-63DDA3DF5B4D}"}},{"type":"Feature","id":3514191,"geometry":{"type":"Point","coordinates":[-121.70082,44.18755]},"properties":{"objectid":3514191,"site_cn":"5350.004621","managing_org":"060105","site_id":"28291","site_name":"POLE CREEK T.H.","site_type":"TRAILHEAD","activity_type_list":"No Data","service_type_list":"No Data","seasonal_operational_status":"OPEN","op_status_reason":null,"development_status":"EXISTING","fee_charged":"Y","fee_type":"STANDARD AMENITY FEE","recarea_name":"Pole Creek T.H.","public_site_name":"Pole Creek Trailhead","alternative_name":null,"rec1stop_url":null,"usda_portal_url":"https://www.fs.usda.gov/recarea/deschutes/recreation/recarea/?recid=71839","important_info":null,"permit_information":null,"restrictions":null,"closest_towns":"Sisters, OR","water_availability":"No water is available","restroom_availability":"Vault toilet(s)","operated_by":"US Forest Service","season_description":null,"directions":"From Sisters, OR: 1.5 miles west on Highway 242 (McKenzie Pass Highway), then approximately 10 miles south on Forest Service Road 15.","maximum_elevation":null,"minimum_elevation":"4,600 feet","site_season_start_date":null,"site_season_end_date":null,"latitude":44.18754444,"longitude":-121.7008056,"infra_last_update":1786027839000,"edw_last_modify":1786068285000,"globalid":"{4A54C03C-6755-41B9-9FA2-2CD85C499026}"}},{"type":"Feature","id":3514263,"geometry":{"type":"Point","coordinates":[-122.257163,43.887202]},"properties":{"objectid":3514263,"site_cn":"6491115010602","managing_org":"061805","site_id":"74770","site_name":"NORTH FORK (BUFFALO ROCK ROAD 1939)","site_type":"TRAILHEAD","activity_type_list":"No Data","service_type_list":"No Data","seasonal_operational_status":"OPEN","op_status_reason":null,"development_status":"EXISTING","fee_charged":"N","fee_type":null,"recarea_name":"North Fork (Buffalo Rock Road 1939)","public_site_name":null,"alternative_name":null,"rec1stop_url":null,"usda_portal_url":null,"important_info":null,"permit_information":null,"restrictions":null,"closest_towns":null,"water_availability":null,"restroom_availability":null,"operated_by":null,"season_description":null,"directions":null,"maximum_elevation":null,"minimum_elevation":" feet","site_season_start_date":null,"site_season_end_date":null,"latitude":43.88719699999999,"longitude":-122.257149,"infra_last_update":1771858857000,"edw_last_modify":1771898634000,"globalid":"{4A4A4CEA-3A5C-44D7-8FFF-991DA1C2536B}"}},{"type":"Feature","id":3514282,"geometry":{"type":"Point","coordinates":[-122.146008,43.776268]},"properties":{"objectid":3514282,"site_cn":"6491149010602","managing_org":"061805","site_id":"74779","site_name":"WALDO MOUNTAIN","site_type":"TRAILHEAD","activity_type_list":"No Data","service_type_list":"No Data","seasonal_operational_status":"OPEN","op_status_reason":null,"development_status":"EXISTING","fee_charged":"N","fee_type":null,"recarea_name":"Waldo Mountain","public_site_name":"Waldo Mountain","alternative_name":null,"rec1stop_url":null,"usda_portal_url":null,"important_info":null,"permit_information":null,"restrictions":null,"closest_towns":null,"water_availability":null,"restroom_availability":null,"operated_by":null,"season_description":null,"directions":null,"maximum_elevation":null,"minimum_elevation":" feet","site_season_start_date":null,"site_season_end_date":null,"latitude":43.776263,"longitude":-122.145994,"infra_last_update":1772638149000,"edw_last_modify":1772676196000,"globalid":"{DFE579E2-8AC7-48B1-8D00-BD7616C79DEB}"}},{"type":"Feature","id":3514517,"geometry":{"type":"Point","coordinates":[-122.111959,43.817228]},"properties":{"objectid":3514517,"site_cn":"5074.005641","managing_org":"061805","site_id":"72724","site_name":"WINCHESTER","site_type":"TRAILHEAD","activity_type_list":"No Data","service_type_list":"No Data","seasonal_operational_status":"OPEN","op_status_reason":null,"development_status":"EXISTING","fee_charged":"N","fee_type":null,"recarea_name":"WINCHESTER","public_site_name":"Winchester Ridge Trailhead","alternative_name":null,"rec1stop_url":null,"usda_portal_url":"https://www.fs.usda.gov/recarea/willamette/recarea/?recid=81396","important_info":null,"permit_information":null,"restrictions":"Wilderness RegulationsWeed Free Feed Required","closest_towns":null,"water_availability":null,"restroom_availability":null,"operated_by":null,"season_description":null,"directions":"From Oakridge, OR, at the traffic signal, proceed over the overpass (Crestview) and turn right at the next intersection (East 1st Street). Travel through Oakridge to Forest Road 24 (Salmon Creek Road) and continue for 10 miles to Forest Road 2417. Follow Forest Road 2417 for 11 miles to Forest Road 2417-254. Proceed on Forest Road 254 for 0.25 mile to the Winchester Lake Trailhead, which is located on the right side of the road. The Winchester Ridge Trail #3596 is reached by hiking the Winchester Trail #3594 for approximately 1.4 miles.","maximum_elevation":null,"minimum_elevation":null,"site_season_start_date":null,"site_season_end_date":null,"latitude":43.81722222,"longitude":-122.11194444,"infra_last_update":1744209504000,"edw_last_modify":1744252541000,"globalid":"{C96E3710-81FB-4ED3-B441-3FA2F1FDAEAF}"}},{"type":"Feature","id":3514805,"geometry":{"type":"Point","coordinates":[-121.655358,44.048692]},"properties":{"objectid":3514805,"site_cn":"8156.004621","managing_org":"060101","site_id":"40061","site_name":"370/380 JUNCTION TH","site_type":"TRAILHEAD","activity_type_list":"No Data","service_type_list":"No Data","seasonal_operational_status":"OPEN","op_status_reason":null,"development_status":"EXISTING","fee_charged":"N","fee_type":null,"recarea_name":"370/380 Junction Th","public_site_name":"370/380 Junction Trailhead","alternative_name":null,"rec1stop_url":null,"usda_portal_url":"https://www.fs.usda.gov/recarea/deschutes/recarea/?recid=38832","important_info":null,"permit_information":null,"restrictions":null,"closest_towns":"Bend, Oregon","water_availability":"No water is available","restroom_availability":null,"operated_by":null,"season_description":null,"directions":null,"maximum_elevation":null,"minimum_elevation":" feet","site_season_start_date":null,"site_season_end_date":null,"latitude":44.04868611,"longitude":-121.65534439999999,"infra_last_update":1753975094000,"edw_last_modify":1754013950000,"globalid":"{8122C1BA-15E4-43B1-AEF2-4D8B837ABE14}"}},{"type":"Feature","id":3514820,"geometry":{"type":"Point","coordinates":[-122.544783,43.972929]},"properties":{"objectid":3514820,"site_cn":"6491093010602","managing_org":"061805","site_id":"74766","site_name":"JONES (LOWER)","site_type":"TRAILHEAD","activity_type_list":"No Data","service_type_list":"No Data","seasonal_operational_status":"OPEN","op_status_reason":null,"development_status":"EXISTING","fee_charged":"N","fee_type":null,"recarea_name":"Jones (Lower)","public_site_name":null,"alternative_name":null,"rec1stop_url":null,"usda_portal_url":null,"important_info":null,"permit_information":null,"restrictions":null,"closest_towns":null,"water_availability":null,"restroom_availability":null,"operated_by":null,"season_description":null,"directions":null,"maximum_elevation":null,"minimum_elevation":" feet","site_season_start_date":null,"site_season_end_date":null,"latitude":43.972924000000006,"longitude":-122.544769,"infra_last_update":1771858855000,"edw_last_modify":1771898634000,"globalid":"{BF3ED5F1-B9F2-439E-BD55-DC7F35FE25BA}"}},{"type":"Feature","id":3514849,"geometry":{"type":"Point","coordinates":[-122.498903,43.80195]},"properties":{"objectid":3514849,"site_cn":"5054.005621","managing_org":"061805","site_id":"72548","site_name":"ALPINE (1910/683)","site_type":"TRAILHEAD","activity_type_list":"No Data","service_type_list":"No Data","seasonal_operational_status":"OPEN","op_status_reason":null,"development_status":"EXISTING","fee_charged":"N","fee_type":null,"recarea_name":"Alpine (1910/683)","public_site_name":null,"alternative_name":null,"rec1stop_url":null,"usda_portal_url":null,"important_info":null,"permit_information":null,"restrictions":null,"closest_towns":null,"water_availability":null,"restroom_availability":null,"operated_by":null,"season_description":null,"directions":null,"maximum_elevation":null,"minimum_elevation":" feet","site_season_start_date":null,"site_season_end_date":null,"latitude":43.80194444000001,"longitude":-122.49888889,"infra_last_update":1771858857000,"edw_last_modify":1771898758000,"globalid":"{65853388-D2C1-4016-91EE-B29AF5159E7D}"}},{"type":"Feature","id":3515089,"geometry":{"type":"Point","coordinates":[-122.191125,43.575839]},"properties":{"objectid":3515089,"site_cn":"5355.005571","managing_org":"061805","site_id":"72118","site_name":"VIVIAN LAKE TRAILHEAD (EAST)","site_type":"TRAILHEAD","activity_type_list":"No Data","service_type_list":"No Data","seasonal_operational_status":"OPEN","op_status_reason":null,"development_status":"EXISTING","fee_charged":"N","fee_type":null,"recarea_name":"VIVIAN LAKE TRAILHEAD (EAST)","public_site_name":"Vivian Lake Trailhead","alternative_name":null,"rec1stop_url":null,"usda_portal_url":"https://www.fs.usda.gov/recarea/willamette/recarea/?recid=81424","important_info":null,"permit_information":null,"restrictions":"Wilderness RegulationsWeed Free Feed Required","closest_towns":null,"water_availability":null,"restroom_availability":null,"operated_by":null,"season_description":null,"directions":"From Oakridge, OR, travel east on Highway 58 for 2 miles to Kitson Springs County Road. Turn right and proceed on Kitson Springs County Road (which becomes Forest Road 23) for about 20 miles to the Vivian Lake Trailhead located on the left side of Forest Road 23. ;","maximum_elevation":null,"minimum_elevation":null,"site_season_start_date":null,"site_season_end_date":null,"latitude":43.57583333,"longitude":-122.19111111000001,"infra_last_update":1744209510000,"edw_last_modify":1744252453000,"globalid":"{DFCB472F-143F-45EF-836F-E41DE1E2C0D0}"}},{"type":"Feature","id":3515362,"geometry":{"type":"Point","coordinates":[-121.902852,43.79393]},"properties":{"objectid":3515362,"site_cn":"5147.004621","managing_org":"060101","site_id":"40019","site_name":"LEMISH LAKE","site_type":"TRAILHEAD","activity_type_list":"No Data","service_type_list":"No Data","seasonal_operational_status":"OPEN","op_status_reason":null,"development_status":"EXISTING","fee_charged":"N","fee_type":null,"recarea_name":"LEMISH LAKE","public_site_name":"Lemish Lake Trailhead","alternative_name":null,"rec1stop_url":null,"usda_portal_url":"https://www.fs.usda.gov/recarea/deschutes/recarea/?recid=81770","important_info":null,"permit_information":null,"restrictions":null,"closest_towns":"Sunriver, Oregon","water_availability":"No water is available","restroom_availability":"No restroom available","operated_by":"US Forest Service","season_description":null,"directions":"Take Forest Road 40 about 26 miles west of Sunriver, continue on Forest Road 4630 to Little Cultus Lake. Take Forest Road 4736 a short distance to the Lemish Lake Trailhead.  Alternate access is from Forest Road 4290 near Charlton Lake.","maximum_elevation":null,"minimum_elevation":null,"site_season_start_date":null,"site_season_end_date":null,"latitude":43.793925,"longitude":-121.9028383,"infra_last_update":1753975094000,"edw_last_modify":1754014131000,"globalid":"{5401F60B-80F0-4B86-B925-2F2D5BC92A72}"}},{"type":"Feature","id":3515508,"geometry":{"type":"Point","coordinates":[-122.551125,43.856672]},"properties":{"objectid":3515508,"site_cn":"5028.005621","managing_org":"061805","site_id":"72582","site_name":"JOE'S PEAK","site_type":"TRAILHEAD","activity_type_list":"No Data","service_type_list":"No Data","seasonal_operational_status":"OPEN","op_status_reason":null,"development_status":"EXISTING","fee_charged":"N","fee_type":null,"recarea_name":"JOE'S PEAK","public_site_name":"Joe's Peak Trailhead","alternative_name":null,"rec1stop_url":null,"usda_portal_url":"https://www.fs.usda.gov/recarea/willamette/recarea/?recid=81394","important_info":null,"permit_information":null,"restrictions":null,"closest_towns":null,"water_availability":null,"restroom_availability":null,"operated_by":null,"season_description":null,"directions":"From Lowell, OR, travel 2 miles north on the Jasper-Lowell Road, turn right at the Unity Bridge on to the Big Fall Creek Road. Turn right at Winberry Creek Road (Forest Road 1802), and proceed 9 miles. At the junction of Forest Roads 1802, 150 and 160, turn right onto Forest Road 150 and travel 5 miles. Just before crossing the Cabin Creek Bridge, there is a short spur road on the left. Proceed up this spur road for a short distance to its end. There is adequate parking and turn around room.","maximum_elevation":null,"minimum_elevation":null,"site_season_start_date":null,"site_season_end_date":null,"latitude":43.85666667,"longitude":-122.55111111000001,"infra_last_update":1782753724000,"edw_last_modify":1782787016000,"globalid":"{071A9DC0-B635-43A9-B3AB-0F326E66D19B}"}},{"type":"Feature","id":3515570,"geometry":{"type":"Point","coordinates":[-122.712792,43.840005]},"properties":{"objectid":3515570,"site_cn":"5033.005621","managing_org":"061805","site_id":"72561","site_name":"EAGLE'S REST (LOWER)/GOODMAN (UPPER)","site_type":"TRAILHEAD","activity_type_list":"No Data","service_type_list":"No Data","seasonal_operational_status":"OPEN","op_status_reason":null,"development_status":"EXISTING","fee_charged":"N","fee_type":null,"recarea_name":"Eagle'S Rest (Lower)/Goodman (Upper)","public_site_name":null,"alternative_name":null,"rec1stop_url":null,"usda_portal_url":null,"important_info":null,"permit_information":null,"restrictions":null,"closest_towns":null,"water_availability":null,"restroom_availability":null,"operated_by":null,"season_description":null,"directions":null,"maximum_elevation":null,"minimum_elevation":" feet","site_season_start_date":null,"site_season_end_date":null,"latitude":43.84,"longitude":-122.71277778,"infra_last_update":1771858855000,"edw_last_modify":1771898761000,"globalid":"{CD5E70CD-3D0D-4D93-91A9-7A4C13DDFE1A}"}},{"type":"Feature","id":3515672,"geometry":{"type":"Point","coordinates":[-122.240292,43.357228]},"properties":{"objectid":3515672,"site_cn":"6262328010602","managing_org":"061503","site_id":"66500","site_name":"WARM SPRINGS","site_type":"TRAILHEAD","activity_type_list":"No Data","service_type_list":"No Data","seasonal_operational_status":"OPEN","op_status_reason":null,"development_status":"EXISTING","fee_charged":"N","fee_type":null,"recarea_name":"WARM SPRINGS","public_site_name":"Warm Springs Trailhead","alternative_name":null,"rec1stop_url":null,"usda_portal_url":null,"important_info":null,"permit_information":null,"restrictions":null,"closest_towns":"Glide, OR","water_availability":"No water is available","restroom_availability":"No restroom available","operated_by":"US Forest Service","season_description":null,"directions":"From Glide, OR following OR 138 E, turn left onto Forest Service Road (FSR) 2610/Birds Point Road, just past dam turn left to stay on FSR 2610/NF 600,  at he intersection turn left onto FSR 2610-680/Lemolo Plant Road.  Trailhead is ahead on the west side of the road.","maximum_elevation":null,"minimum_elevation":null,"site_season_start_date":null,"site_season_end_date":null,"latitude":43.35722222,"longitude":-122.2402778,"infra_last_update":1753975099000,"edw_last_modify":1754013978000,"globalid":"{21FBED8B-1840-4B6F-9B34-B450968A7D8C}"}},{"type":"Feature","id":3515682,"geometry":{"type":"Point","coordinates":[-122.100292,43.801394]},"properties":{"objectid":3515682,"site_cn":"5079.005641","managing_org":"061805","site_id":"72729","site_name":"SWAN LAKE","site_type":"TRAILHEAD","activity_type_list":"No Data","service_type_list":"No Data","seasonal_operational_status":"OPEN","op_status_reason":null,"development_status":"EXISTING","fee_charged":"N","fee_type":null,"recarea_name":"SWAN LAKE","public_site_name":"Swan Lake Trailhead","alternative_name":null,"rec1stop_url":null,"usda_portal_url":"https://www.fs.usda.gov/recarea/willamette/recarea/?recid=81407","important_info":null,"permit_information":null,"restrictions":"Wilderness RegulationsWeed Free Feed Required","closest_towns":null,"water_availability":null,"restroom_availability":null,"operated_by":null,"season_description":null,"directions":"From Oakridge, OR, travel east on Highway 58, turn left at the traffic light, proceed over the overpass and turn right at the next intersection. Travel through Oakridge, OR, to Forest Road 24 (Salmon Creek Road) and continue for 10 miles to Forest Road 2417. Follow Forest Road 2417 for approximately 12.5 miles to the end of the road. The end of the road is the trailhead.","maximum_elevation":null,"minimum_elevation":null,"site_season_start_date":null,"site_season_end_date":null,"latitude":43.80138889,"longitude":-122.10027778,"infra_last_update":1744209504000,"edw_last_modify":1744252539000,"globalid":"{6C5D0A24-DAF7-4A8F-9EFF-25D11533571D}"}},{"type":"Feature","id":3515865,"geometry":{"type":"Point","coordinates":[-121.717114,44.241561]},"properties":{"objectid":3515865,"site_cn":"5354.004621","managing_org":"060105","site_id":"28287","site_name":"MILLICAN CRATER T.H.","site_type":"TRAILHEAD","activity_type_list":"No Data","service_type_list":"No Data","seasonal_operational_status":"OPEN","op_status_reason":null,"development_status":"EXISTING","fee_charged":"N","fee_type":null,"recarea_name":"Millican Crater T.H.","public_site_name":null,"alternative_name":null,"rec1stop_url":null,"usda_portal_url":null,"important_info":null,"permit_information":null,"restrictions":null,"closest_towns":null,"water_availability":null,"restroom_availability":null,"operated_by":null,"season_description":null,"directions":null,"maximum_elevation":null,"minimum_elevation":"5,200 feet","site_season_start_date":null,"site_season_end_date":null,"latitude":44.24155555,"longitude":-121.7171,"infra_last_update":1755621906000,"edw_last_modify":1755655599000,"globalid":"{855713A1-FDCE-475E-9A0C-A3C4DC6DD5A2}"}},{"type":"Feature","id":3515927,"geometry":{"type":"Point","coordinates":[-122.399314,43.543005]},"properties":{"objectid":3515927,"site_cn":"5451.005571","managing_org":"061805","site_id":"72117","site_name":"MOON POINT","site_type":"TRAILHEAD","activity_type_list":"No Data","service_type_list":"No Data","seasonal_operational_status":"OPEN","op_status_reason":null,"development_status":"EXISTING","fee_charged":"N","fee_type":null,"recarea_name":"Moon Point","public_site_name":null,"alternative_name":null,"rec1stop_url":null,"usda_portal_url":null,"important_info":null,"permit_information":null,"restrictions":null,"closest_towns":null,"water_availability":null,"restroom_availability":null,"operated_by":null,"season_description":null,"directions":null,"maximum_elevation":null,"minimum_elevation":" feet","site_season_start_date":null,"site_season_end_date":null,"latitude":43.543,"longitude":-122.3993,"infra_last_update":1771858856000,"edw_last_modify":1771898705000,"globalid":"{531BDD09-9953-4F9E-A830-0AD0A191AD69}"}},{"type":"Feature","id":3516198,"geometry":{"type":"Point","coordinates":[-122.093347,43.726394]},"properties":{"objectid":3516198,"site_cn":"5085.005641","managing_org":"061805","site_id":"72735","site_name":"KOCH MOUNTAIN (WEST)","site_type":"TRAILHEAD","activity_type_list":"No Data","service_type_list":"No Data","seasonal_operational_status":"OPEN","op_status_reason":null,"development_status":"EXISTING","fee_charged":"N","fee_type":null,"recarea_name":"KOCH MOUNTAIN (WEST)","public_site_name":"Koch Mountain Trailhead","alternative_name":null,"rec1stop_url":null,"usda_portal_url":"https://www.fs.usda.gov/recarea/willamette/recarea/?recid=81417","important_info":null,"permit_information":null,"restrictions":"Wilderness RegulationsWeed Free Feed Required","closest_towns":null,"water_availability":null,"restroom_availability":null,"operated_by":null,"season_description":null,"directions":"From Oakridge, OR, travel east on Highway 58 to the traffic signal. Turn left at the traffic signal, proceed over the overpass and turn right at the next intersection. Travel through Oakridge to Forest Road 24 (Salmon Creek Road) and continue for approximately 13.5 miles to Forest Road 2422. Turn left and follow Forest Road 2422 for 12 miles to the end of the road where the trailhead is located.","maximum_elevation":null,"minimum_elevation":null,"site_season_start_date":null,"site_season_end_date":null,"latitude":43.72638889,"longitude":-122.09333333,"infra_last_update":1744209504000,"edw_last_modify":1744252536000,"globalid":"{A57362D9-9C6C-43A6-9F6E-246E005DFAB7}"}},{"type":"Feature","id":3516216,"geometry":{"type":"Point","coordinates":[-122.725714,43.623388]},"properties":{"objectid":3516216,"site_cn":"6171012010602","managing_org":"061501","site_id":"66470","site_name":"ADAMS MOUNTAIN","site_type":"TRAILHEAD","activity_type_list":"No Data","service_type_list":"No Data","seasonal_operational_status":"OPEN","op_status_reason":null,"development_status":"EXISTING","fee_charged":"N","fee_type":null,"recarea_name":"Adams Mountain","public_site_name":null,"alternative_name":null,"rec1stop_url":null,"usda_portal_url":null,"important_info":null,"permit_information":null,"restrictions":null,"closest_towns":null,"water_availability":null,"restroom_availability":null,"operated_by":null,"season_description":null,"directions":null,"maximum_elevation":null,"minimum_elevation":" feet","site_season_start_date":null,"site_season_end_date":null,"latitude":43.623383,"longitude":-122.7257,"infra_last_update":1771858859000,"edw_last_modify":1771898638000,"globalid":"{6D335CF7-F5DE-43CC-AB4F-5B74DFF2B0D8}"}},{"type":"Feature","id":3516464,"geometry":{"type":"Point","coordinates":[-122.479736,43.394172]},"properties":{"objectid":3516464,"site_cn":"6262381010602","managing_org":"061506","site_id":"66524","site_name":"BOULDER CREEK (NORTH)","site_type":"TRAILHEAD","activity_type_list":"No Data","service_type_list":"No Data","seasonal_operational_status":"OPEN","op_status_reason":null,"development_status":"EXISTING","fee_charged":"N","fee_type":null,"recarea_name":"Boulder Creek (North)","public_site_name":null,"alternative_name":null,"rec1stop_url":null,"usda_portal_url":null,"important_info":null,"permit_information":null,"restrictions":null,"closest_towns":null,"water_availability":null,"restroom_availability":null,"operated_by":null,"season_description":null,"directions":null,"maximum_elevation":null,"minimum_elevation":" feet","site_season_start_date":null,"site_season_end_date":null,"latitude":43.39416666,"longitude":-122.47972223,"infra_last_update":1771858855000,"edw_last_modify":1771898637000,"globalid":"{3CF5115A-4508-48EE-872F-B2A75FFD2FE8}"}},{"type":"Feature","id":3516705,"geometry":{"type":"Point","coordinates":[-122.104025,44.113661]},"properties":{"objectid":3516705,"site_cn":"5434.005571","managing_org":"061801","site_id":"72682","site_name":"HORSEPASTURE","site_type":"TRAILHEAD","activity_type_list":"No Data","service_type_list":"No Data","seasonal_operational_status":"OPEN","op_status_reason":null,"development_status":"EXISTING","fee_charged":"N","fee_type":null,"recarea_name":"HORSEPASTURE","public_site_name":"Horsepasture Trailhead","alternative_name":null,"rec1stop_url":null,"usda_portal_url":"https://www.fs.usda.gov/recarea/willamette/recarea/?recid=81268","important_info":null,"permit_information":null,"restrictions":null,"closest_towns":null,"water_availability":null,"restroom_availability":null,"operated_by":null,"season_description":null,"directions":"From McKenzie Bridge, OR, travel west on Highway 126 to Forest Road 2638 (Horse Creek Road). Travel southeast on Forest Road 2638 to Forest Road 356. Turn right and head southwest up Forest Road 356 to Forest Road 1993. Turn right, traveling along the side of Horsepasture Mountain traveling northwest on Forest Road 1993 to a small pullout on the uphill side at Horsepasture Trailhead.","maximum_elevation":null,"minimum_elevation":null,"site_season_start_date":null,"site_season_end_date":null,"latitude":44.11365556,"longitude":-122.10401111,"infra_last_update":1744209511000,"edw_last_modify":1744252441000,"globalid":"{5180E527-EE69-474B-BFED-6F2F44293627}"}},{"type":"Feature","id":3516710,"geometry":{"type":"Point","coordinates":[-122.033125,43.949005]},"properties":{"objectid":3516710,"site_cn":"5060.005581","managing_org":"061801","site_id":"72031","site_name":"SOUTH FORK","site_type":"TRAILHEAD","activity_type_list":"No Data","service_type_list":"No Data","seasonal_operational_status":"OPEN","op_status_reason":null,"development_status":"EXISTING","fee_charged":"N","fee_type":null,"recarea_name":"South Fork","public_site_name":null,"alternative_name":null,"rec1stop_url":null,"usda_portal_url":null,"important_info":null,"permit_information":null,"restrictions":null,"closest_towns":null,"water_availability":null,"restroom_availability":null,"operated_by":null,"season_description":null,"directions":null,"maximum_elevation":null,"minimum_elevation":"2,800 feet","site_season_start_date":null,"site_season_end_date":null,"latitude":43.949,"longitude":-122.03311111000001,"infra_last_update":1771858859000,"edw_last_modify":1771898757000,"globalid":"{3983B2C2-6EE7-4AC1-BD89-71119DF12235}"}},{"type":"Feature","id":3516892,"geometry":{"type":"Point","coordinates":[-122.706514,43.671109]},"properties":{"objectid":3516892,"site_cn":"10920010371","managing_org":"061501","site_id":"66410","site_name":"CEDAR CREEK TRAILHEAD","site_type":"TRAILHEAD","activity_type_list":"No Data","service_type_list":"No Data","seasonal_operational_status":"OPEN","op_status_reason":null,"development_status":"EXISTING","fee_charged":"N","fee_type":null,"recarea_name":"CEDAR CREEK TRAILHEAD","public_site_name":"Cedar Creek Trailhead","alternative_name":null,"rec1stop_url":null,"usda_portal_url":"https://www.fs.usda.gov/recarea/umpqua/recarea/?recid=63404","important_info":null,"permit_information":null,"restrictions":null,"closest_towns":"Cottage Grove, OR","water_availability":"Water can be treated or filtered from nearby water sources","restroom_availability":"Vault toilet(s)","operated_by":"US Forest Service","season_description":null,"directions":"From Cottage Grove, OR, travel east on Row River Road 2400 for 19 miles to Forest Road 2470. Turn right on County Road 2470 and continue for 4 miles along Brice Creek to Cedar Creek Trailhead, located on the left side of the road.","maximum_elevation":null,"minimum_elevation":null,"site_season_start_date":null,"site_season_end_date":null,"latitude":43.671104,"longitude":-122.7065,"infra_last_update":1753975099000,"edw_last_modify":1754014302000,"globalid":"{CB296C1D-519C-411E-87A7-E8FC55D9AF61}"}},{"type":"Feature","id":3517012,"geometry":{"type":"Point","coordinates":[-122.601814,43.694555]},"properties":{"objectid":3517012,"site_cn":"6171056010602","managing_org":"061501","site_id":"66478","site_name":"HALO MOUNTAIN","site_type":"TRAILHEAD","activity_type_list":"No Data","service_type_list":"No Data","seasonal_operational_status":"OPEN","op_status_reason":null,"development_status":"EXISTING","fee_charged":"N","fee_type":null,"recarea_name":"Halo Mountain","public_site_name":null,"alternative_name":null,"rec1stop_url":null,"usda_portal_url":null,"important_info":null,"permit_information":null,"restrictions":null,"closest_towns":null,"water_availability":null,"restroom_availability":null,"operated_by":null,"season_description":null,"directions":null,"maximum_elevation":null,"minimum_elevation":" feet","site_season_start_date":null,"site_season_end_date":null,"latitude":43.69455,"longitude":-122.6018,"infra_last_update":1771858858000,"edw_last_modify":1771898638000,"globalid":"{6C19AC12-50E3-4820-85B3-87ED913D089B}"}},{"type":"Feature","id":3517107,"geometry":{"type":"Point","coordinates":[-121.925114,44.168105]},"properties":{"objectid":3517107,"site_cn":"5250.005571","managing_org":"061801","site_id":"72694","site_name":"PROXY FALLS","site_type":"TRAILHEAD","activity_type_list":"No Data","service_type_list":"No Data","seasonal_operational_status":"OPEN","op_status_reason":null,"development_status":"EXISTING","fee_charged":"Y","fee_type":"STANDARD AMENITY FEE","recarea_name":"Proxy Falls Trailhead","public_site_name":"Proxy Falls Trailhead","alternative_name":null,"rec1stop_url":null,"usda_portal_url":"https://www.fs.usda.gov/recarea/willamette/recarea/?recid=80282","important_info":null,"permit_information":null,"restrictions":"Wilderness RegulationsWeed Free Feed Required","closest_towns":"McKenzie Bridge, OR","water_availability":"No drinking water is available","restroom_availability":"Vault toilet(s)","operated_by":"US Forest Service","season_description":null,"directions":"From McKenzie Bridge, OR, travel east on Highway 126 to Highway 242. Travel east on Highway 242 for 9 miles to Proxy Falls Trailhead.","maximum_elevation":null,"minimum_elevation":"3,200 feet","site_season_start_date":null,"site_season_end_date":null,"latitude":44.1681,"longitude":-121.9251,"infra_last_update":1786027857000,"edw_last_modify":1786068303000,"globalid":"{DD3EBDC2-9674-4722-A434-144747EA8DC2}"}},{"type":"Feature","id":3517179,"geometry":{"type":"Point","coordinates":[-122.088903,44.18445]},"properties":{"objectid":3517179,"site_cn":"5446.005571","managing_org":"061801","site_id":"72676","site_name":"MCKENZIE R. TRAILHEAD (PARADISE)","site_type":"TRAILHEAD","activity_type_list":"No Data","service_type_list":"No Data","seasonal_operational_status":"OPEN","op_status_reason":null,"development_status":"EXISTING","fee_charged":"N","fee_type":null,"recarea_name":"MCKENZIE R. TRAILHEAD (PARADISE)","public_site_name":"McKenzie River Trailhead at Paradise CG","alternative_name":null,"rec1stop_url":null,"usda_portal_url":"https://www.fs.usda.gov/recarea/willamette/recarea/?recid=81242","important_info":null,"permit_information":null,"restrictions":null,"closest_towns":null,"water_availability":null,"restroom_availability":null,"operated_by":null,"season_description":null,"directions":"From McKenzie Bridge, OR, follow Highway 126 east 5 miles and turn left (north) into Paradise Campground (Forest Road 300). Past the 2 gates on your left, there will be parking on the right before the one way loop in the road. This parking is for McKenzie River Trailhead at Paradise Campground.","maximum_elevation":null,"minimum_elevation":null,"site_season_start_date":null,"site_season_end_date":null,"latitude":44.18444444,"longitude":-122.08888889,"infra_last_update":1744209511000,"edw_last_modify":1744252439000,"globalid":"{765759DA-EAF4-47C1-AD8E-04CAC0C54A94}"}},{"type":"Feature","id":3517198,"geometry":{"type":"Point","coordinates":[-121.675284,44.046383]},"properties":{"objectid":3517198,"site_cn":"11400010467","managing_org":"060101","site_id":"40090","site_name":"CRATER DITCH","site_type":"TRAILHEAD","activity_type_list":"No Data","service_type_list":"No Data","seasonal_operational_status":"OPEN","op_status_reason":null,"development_status":"EXISTING","fee_charged":"N","fee_type":null,"recarea_name":"CRATER DITCH","public_site_name":"Crater Ditch Trailhead","alternative_name":null,"rec1stop_url":null,"usda_portal_url":"https://www.fs.usda.gov/recarea/deschutes/recarea/?recid=38832","important_info":null,"permit_information":null,"restrictions":"Wilderness restrictions applyMaps of areas where special restrictions apply:; Dog leash restrictions,; Camp Chambers,; Green Lakes,; Matthieu and Golden Lakes,; Moraine Lakes,; Sisters Mirror Lakes area. Motorized and mechanical equipment (including bicyc","closest_towns":"Bend, Oregon","water_availability":"No water is available","restroom_availability":"No restroom available","operated_by":"US Forest Service","season_description":null,"directions":"From Bend, OR: Travel 24.0 miles west on Cascade Lakes Highway (46), then 3.2 miles north on Forest Road 4600-370 to junction with Road 4600-378, then go west to the; end of the road.","maximum_elevation":null,"minimum_elevation":null,"site_season_start_date":null,"site_season_end_date":null,"latitude":44.04637777,"longitude":-121.6752695,"infra_last_update":1753975094000,"edw_last_modify":1754014291000,"globalid":"{D2F7ED41-85A4-4FB1-97BB-B339C0B6E3A5}"}},{"type":"Feature","id":3517301,"geometry":{"type":"Point","coordinates":[-122.603214,43.796405]},"properties":{"objectid":3517301,"site_cn":"5063.005621","managing_org":"061805","site_id":"72570","site_name":"LAWLER (UPPER)","site_type":"TRAILHEAD","activity_type_list":"No Data","service_type_list":"No Data","seasonal_operational_status":"OPEN","op_status_reason":null,"development_status":"EXISTING","fee_charged":"N","fee_type":null,"recarea_name":"Lawler (Upper)","public_site_name":"Lawler (Upper)","alternative_name":null,"rec1stop_url":null,"usda_portal_url":null,"important_info":null,"permit_information":null,"restrictions":null,"closest_towns":null,"water_availability":null,"restroom_availability":null,"operated_by":null,"season_description":null,"directions":null,"maximum_elevation":null,"minimum_elevation":" feet","site_season_start_date":null,"site_season_end_date":null,"latitude":43.7964,"longitude":-122.6032,"infra_last_update":1636552778000,"edw_last_modify":1744204303000,"globalid":"{7B1FBF8C-43E3-4507-8198-AE17E02438F1}"}},{"type":"Feature","id":3517341,"geometry":{"type":"Point","coordinates":[-122.083597,43.904617]},"properties":{"objectid":3517341,"site_cn":"5023.005581","managing_org":"061801","site_id":"72011","site_name":"BOX CANYON TRAILHEAD","site_type":"TRAILHEAD","activity_type_list":"No Data","service_type_list":"No Data","seasonal_operational_status":"OPEN","op_status_reason":null,"development_status":"EXISTING","fee_charged":"N","fee_type":null,"recarea_name":"Box Canyon Trailhead","public_site_name":null,"alternative_name":null,"rec1stop_url":null,"usda_portal_url":null,"important_info":null,"permit_information":null,"restrictions":null,"closest_towns":null,"water_availability":null,"restroom_availability":null,"operated_by":null,"season_description":null,"directions":null,"maximum_elevation":null,"minimum_elevation":" feet","site_season_start_date":null,"site_season_end_date":null,"latitude":43.904611110000005,"longitude":-122.08358333,"infra_last_update":1771858854000,"edw_last_modify":1771898762000,"globalid":"{5A4C6AD3-7208-4B41-B13E-452CA764CA68}"}},{"type":"Feature","id":3517713,"geometry":{"type":"Point","coordinates":[-122.657114,43.642021]},"properties":{"objectid":3517713,"site_cn":"10960010371","managing_org":"061501","site_id":"66417","site_name":"EAST BRICE CREEK","site_type":"TRAILHEAD","activity_type_list":"No Data","service_type_list":"No Data","seasonal_operational_status":"OPEN","op_status_reason":null,"development_status":"EXISTING","fee_charged":"N","fee_type":null,"recarea_name":"East Brice Creek Trailhead","public_site_name":"East Brice Creek (champion Creek) Trailh","alternative_name":null,"rec1stop_url":null,"usda_portal_url":"https://www.fs.usda.gov/recarea/umpqua/recarea/?recid=63402","important_info":null,"permit_information":null,"restrictions":null,"closest_towns":"Cottage Grove, OR","water_availability":"Water can be treated or filtered from nearby water sources","restroom_availability":"Vault toilet(s)","operated_by":"US Forest Service","season_description":null,"directions":"From Cottage Grove, OR, travel east on Row River Road 2400 for 19 miles to Brice Creek Road 2470. Turn right on County Road 2470 and continue for 8 miles. East Brice Creek Trailhead is located on the left side of the road.","maximum_elevation":null,"minimum_elevation":"1,800 feet","site_season_start_date":null,"site_season_end_date":null,"latitude":43.642016000000005,"longitude":-122.6571,"infra_last_update":1753975099000,"edw_last_modify":1754014302000,"globalid":"{BAE85036-AE02-4900-9D88-3C1D7F6CE666}"}},{"type":"Feature","id":3517736,"geometry":{"type":"Point","coordinates":[-122.447519,43.540059]},"properties":{"objectid":3517736,"site_cn":"5101.005641","managing_org":"061805","site_id":"72107","site_name":"MIDDLE FORK TRAILHEAD  (NRT-21 ROAD/2127 ROAD)","site_type":"TRAILHEAD","activity_type_list":"No Data","service_type_list":"No Data","seasonal_operational_status":"OPEN","op_status_reason":null,"development_status":"EXISTING","fee_charged":"N","fee_type":null,"recarea_name":"Middle Fork Trailhead  (Nrt-21 Road/2127 Road)","public_site_name":"Middle Fork Trailhead  (Nrt-21 Road/2127","alternative_name":null,"rec1stop_url":null,"usda_portal_url":null,"important_info":null,"permit_information":null,"restrictions":null,"closest_towns":null,"water_availability":null,"restroom_availability":null,"operated_by":null,"season_description":null,"directions":null,"maximum_elevation":null,"minimum_elevation":" feet","site_season_start_date":null,"site_season_end_date":null,"latitude":43.540054,"longitude":-122.447505,"infra_last_update":1636550202000,"edw_last_modify":1744204304000,"globalid":"{D7B7045F-52EB-4EB0-98D7-AE0502290F88}"}},{"type":"Feature","id":3517895,"geometry":{"type":"Point","coordinates":[-121.893767,43.66285]},"properties":{"objectid":3517895,"site_cn":"11162010467","managing_org":"060102","site_id":"40528","site_name":"MOORE CREEK","site_type":"TRAILHEAD","activity_type_list":"No Data","service_type_list":"No Data","seasonal_operational_status":"OPEN","op_status_reason":null,"development_status":"EXISTING","fee_charged":"N","fee_type":null,"recarea_name":"MOORE CREEK","public_site_name":"Moore Creek Trailhead","alternative_name":null,"rec1stop_url":null,"usda_portal_url":null,"important_info":null,"permit_information":null,"restrictions":null,"closest_towns":"Crescent, OR","water_availability":"No water is available","restroom_availability":"No restroom available","operated_by":"US Forest Service","season_description":null,"directions":null,"maximum_elevation":null,"minimum_elevation":null,"site_season_start_date":null,"site_season_end_date":null,"latitude":43.66284444,"longitude":-121.8937528,"infra_last_update":1753975094000,"edw_last_modify":1754014296000,"globalid":"{E01C892B-626B-4BA5-AB94-3DAF57B0F0BB}"}},{"type":"Feature","id":3518051,"geometry":{"type":"Point","coordinates":[-122.040414,44.205005]},"properties":{"objectid":3518051,"site_cn":"6485796010602","managing_org":"061801","site_id":"75001","site_name":"MCKENZIE RIVER TRAILHEAD (FRISSEL BOATING)","site_type":"TRAILHEAD","activity_type_list":"No Data","service_type_list":"No Data","seasonal_operational_status":"OPEN","op_status_reason":null,"development_status":"EXISTING","fee_charged":"N","fee_type":null,"recarea_name":"Mckenzie River Trailhead (Frissel Boating)","public_site_name":null,"alternative_name":null,"rec1stop_url":null,"usda_portal_url":null,"important_info":null,"permit_information":null,"restrictions":null,"closest_towns":null,"water_availability":null,"restroom_availability":null,"operated_by":null,"season_description":null,"directions":null,"maximum_elevation":null,"minimum_elevation":" feet","site_season_start_date":null,"site_season_end_date":null,"latitude":44.205,"longitude":-122.0404,"infra_last_update":1771858854000,"edw_last_modify":1771898634000,"globalid":"{DABDB5F0-FD44-47CF-A358-6AD90609B329}"}},{"type":"Feature","id":3518085,"geometry":{"type":"Point","coordinates":[-122.368625,43.681672]},"properties":{"objectid":3518085,"site_cn":"5097.005641","managing_org":"061805","site_id":"72103","site_name":"TUFTI CREEK","site_type":"TRAILHEAD","activity_type_list":"No Data","service_type_list":"No Data","seasonal_operational_status":"OPEN","op_status_reason":null,"development_status":"EXISTING","fee_charged":"N","fee_type":null,"recarea_name":"Tufti Creek","public_site_name":null,"alternative_name":null,"rec1stop_url":null,"usda_portal_url":null,"important_info":null,"permit_information":null,"restrictions":null,"closest_towns":null,"water_availability":null,"restroom_availability":null,"operated_by":null,"season_description":null,"directions":null,"maximum_elevation":null,"minimum_elevation":" feet","site_season_start_date":null,"site_season_end_date":null,"latitude":43.681666670000006,"longitude":-122.36861111,"infra_last_update":1791045447000,"edw_last_modify":1791092755000,"globalid":"{433A991A-E6FC-40C4-A1F1-5A978A5986F3}"}},{"type":"Feature","id":3518097,"geometry":{"type":"Point","coordinates":[-122.533347,43.767783]},"properties":{"objectid":3518097,"site_cn":"5053.005621","managing_org":"061805","site_id":"72566","site_name":"DECEPTION BUTTE (LOWER)","site_type":"TRAILHEAD","activity_type_list":"No Data","service_type_list":"No Data","seasonal_operational_status":"OPEN","op_status_reason":null,"development_status":"EXISTING","fee_charged":"N","fee_type":null,"recarea_name":"DECEPTION BUTTE (LOWER)","public_site_name":"Deception Butte Trailhead - Lower","alternative_name":null,"rec1stop_url":null,"usda_portal_url":"https://www.fs.usda.gov/recarea/willamette/recarea/?recid=81474","important_info":null,"permit_information":null,"restrictions":null,"closest_towns":null,"water_availability":null,"restroom_availability":null,"operated_by":null,"season_description":null,"directions":"The trailhead has changed for this trail in the last few years from Hwy 58 to Forest Road 5850 just a short distance up this road to the trailhead on the right.How To Get There: From Eugene, Oregon, travel about 7.3 miles to Highway 58. Travel east on Highway 58 for approximately 31.5 miles, turn right on to Forest Road 5850, travel just a few hundred yards to the parking area on the right. (Note the trail is shared with a fitness trail for a few hundred feet) Follow sign to new portion of trail.The upper end of the trail is reached by traveling back to the west on Highway 58 for 1.9 miles to Forest Road 5847. Forest Road 5847 is 2.4 miles west of the Middle Fork Ranger District office. Follow this road for 4.4 miles to Forest Road 549. Turn left and proceed 3.4 miles. The trailhead is located on the left side of the road.","maximum_elevation":null,"minimum_elevation":null,"site_season_start_date":null,"site_season_end_date":null,"latitude":43.767777779999996,"longitude":-122.53333332999999,"infra_last_update":1744209503000,"edw_last_modify":1744252552000,"globalid":"{189E042A-49A2-450D-BE3D-82527A0A3939}"}},{"type":"Feature","id":3518178,"geometry":{"type":"Point","coordinates":[-121.934282,43.805207]},"properties":{"objectid":3518178,"site_cn":"7677.004621","managing_org":"060101","site_id":"40041","site_name":"MANY LAKES","site_type":"TRAILHEAD","activity_type_list":"No Data","service_type_list":"No Data","seasonal_operational_status":"OPEN","op_status_reason":null,"development_status":"EXISTING","fee_charged":"N","fee_type":null,"recarea_name":"MANY LAKES","public_site_name":"Many Lakes Trailhead","alternative_name":null,"rec1stop_url":null,"usda_portal_url":"https://www.fs.usda.gov/recarea/deschutes/recarea/?recid=38922","important_info":null,"permit_information":null,"restrictions":null,"closest_towns":"Sunriver, Oregon","water_availability":"No water is available","restroom_availability":"Vault toilet(s)","operated_by":"US Forest Service","season_description":null,"directions":"From Bend: Roughly 50 miles SW of Bend; the Many Lakes Trailhead is located on Forest Service Road 4636, about 3.5 miles west of Little Cultus Lake.","maximum_elevation":null,"minimum_elevation":null,"site_season_start_date":null,"site_season_end_date":null,"latitude":43.80520167,"longitude":-121.9342683,"infra_last_update":1753975094000,"edw_last_modify":1754013951000,"globalid":"{3BC4E57D-3E67-47E2-A1FF-543B728ED434}"}},{"type":"Feature","id":3518386,"geometry":{"type":"Point","coordinates":[-122.207459,44.118144]},"properties":{"objectid":3518386,"site_cn":"5020.005581","managing_org":"061801","site_id":"34586","site_name":"EAST FORK TRAILHEAD (LOWER)","site_type":"TRAILHEAD","activity_type_list":"No Data","service_type_list":"No Data","seasonal_operational_status":"OPEN","op_status_reason":null,"development_status":"EXISTING","fee_charged":"N","fee_type":null,"recarea_name":"East Fork Trailhead, Lower","public_site_name":"East Fork Trailhead, Lower","alternative_name":null,"rec1stop_url":null,"usda_portal_url":"https://www.fs.usda.gov/recarea/willamette/recarea/?recid=80269","important_info":null,"permit_information":null,"restrictions":"Wilderness RegulationsWeed Free Feed Required","closest_towns":"Blue River, OR","water_availability":"Water can be treated or filtered from nearby water sources","restroom_availability":"Vault toilet(s)","operated_by":"Concessionaire","season_description":null,"directions":"From Blue River, OR, travel 4 miles east on Highway 126 and turn right onto Forest Road 19 (Aufderheide). Continue right at the Y junction for 3 miles to the top of Cougar Reservoir. At the reservoir, turn left across the dam onto Forest Road 1993 and drive 3 miles to East Fork, Lower Trailhead at the end of a parking lot on the northeast corner of the 1993 and 1994 Forest Road junctions.","maximum_elevation":null,"minimum_elevation":"1,700 feet","site_season_start_date":null,"site_season_end_date":null,"latitude":44.11813889,"longitude":-122.2074444,"infra_last_update":1774266915000,"edw_last_modify":1774318200000,"globalid":"{FE50B536-22DE-4184-923C-AF2162E1D43F}"}},{"type":"Feature","id":3518406,"geometry":{"type":"Point","coordinates":[-122.086604,43.469887]},"properties":{"objectid":3518406,"site_cn":"11168010467","managing_org":"060102","site_id":"40534","site_name":"SNELL LAKE TRAILHEAD","site_type":"TRAILHEAD","activity_type_list":"No Data","service_type_list":"No Data","seasonal_operational_status":"OPEN","op_status_reason":null,"development_status":"EXISTING","fee_charged":"N","fee_type":null,"recarea_name":"Snell Lake Trailhead","public_site_name":"Snell Lake Trailhead","alternative_name":null,"rec1stop_url":null,"usda_portal_url":null,"important_info":null,"permit_information":null,"restrictions":null,"closest_towns":"Crescent, Oregon","water_availability":"No water is available","restroom_availability":"No restroom available","operated_by":"US Forest Service","season_description":null,"directions":"From Crescent, OR- Travel 12.2 miles west on County Road 61, then go 3.5 miles north on Hwy 58 to Crescent Lake Junction. From the junction go towards Crescent Lake and take Forest Road 60 west for 5 miles. Turn right on Forest Service Road #6010 going to Summit Lake. Approximately 5 miles up Forest Road #6010, Snell Lake Trail #43 crosses the road.","maximum_elevation":null,"minimum_elevation":"5,616 feet","site_season_start_date":null,"site_season_end_date":null,"latitude":43.46988167,"longitude":-122.08659,"infra_last_update":1753975094000,"edw_last_modify":1754014296000,"globalid":"{7FB5BAF3-2E92-417A-9F45-136D12BBFD40}"}},{"type":"Feature","id":3518438,"geometry":{"type":"Point","coordinates":[-122.511959,44.037505]},"properties":{"objectid":3518438,"site_cn":"5030.005621","managing_org":"061805","site_id":"72558","site_name":"LITTLE COWHORN TRAILHEAD","site_type":"TRAILHEAD","activity_type_list":"No Data","service_type_list":"No Data","seasonal_operational_status":"OPEN","op_status_reason":null,"development_status":"EXISTING","fee_charged":"N","fee_type":null,"recarea_name":"Little Cowhorn Trailhead","public_site_name":null,"alternative_name":null,"rec1stop_url":null,"usda_portal_url":null,"important_info":null,"permit_information":null,"restrictions":null,"closest_towns":null,"water_availability":null,"restroom_availability":null,"operated_by":null,"season_description":null,"directions":null,"maximum_elevation":null,"minimum_elevation":" feet","site_season_start_date":null,"site_season_end_date":null,"latitude":44.0375,"longitude":-122.51194444,"infra_last_update":1771858859000,"edw_last_modify":1771898761000,"globalid":"{87B7C8BC-CD62-4A7B-B725-F882C92C6D98}"}},{"type":"Feature","id":3518465,"geometry":{"type":"Point","coordinates":[-122.617792,43.900839]},"properties":{"objectid":3518465,"site_cn":"5029.005621","managing_org":"061805","site_id":"72571","site_name":"STATION BUTTE","site_type":"TRAILHEAD","activity_type_list":"No Data","service_type_list":"No Data","seasonal_operational_status":"OPEN","op_status_reason":null,"development_status":"EXISTING","fee_charged":"N","fee_type":null,"recarea_name":"STATION BUTTE","public_site_name":"Station Butte Trailhead","alternative_name":null,"rec1stop_url":null,"usda_portal_url":"https://www.fs.usda.gov/recarea/willamette/recarea/?recid=81389","important_info":null,"permit_information":null,"restrictions":null,"closest_towns":null,"water_availability":null,"restroom_availability":null,"operated_by":null,"season_description":null,"directions":"From Lowell, OR, Covered Bridge (Oregon State Highway 58 Milepost 13.5) travel 0.6 miles north on the Jasper-Lowell Road, turn left on North Shore Drive and travel 0.1 mile to Moss Street. Turn right on Moss (Jasper / Lowell Road), travel 1.9 mile to the Big Fall Creek Road (just before the Unity Covered Bridge). Turn right on Big Fall Creek Road and proceed 1 mile and turn right at the Winberry Road (Forest Road 1802). Travel 9 miles to the junction of Forest Roads 1802, 150 and 160. Continue on Forest Road 1802 for a very short distance and turn right on the Forest Road 814 and park at the end of the road. Walk downstream to Forest Road 150 and cross the stream on the road bridge. The Station Butte Trail #3471 begins on the left side of the road.","maximum_elevation":null,"minimum_elevation":null,"site_season_start_date":null,"site_season_end_date":null,"latitude":43.90083333,"longitude":-122.61777778,"infra_last_update":1744209502000,"edw_last_modify":1744252570000,"globalid":"{1C145F55-18B1-4FBB-8BAE-B84FB2BE8C2D}"}},{"type":"Feature","id":3518526,"geometry":{"type":"Point","coordinates":[-122.609181,43.876116]},"properties":{"objectid":3518526,"site_cn":"5058.005621","managing_org":"061805","site_id":"72576","site_name":"WINBERRY DIVIDE","site_type":"TRAILHEAD","activity_type_list":"No Data","service_type_list":"No Data","seasonal_operational_status":"OPEN","op_status_reason":null,"development_status":"EXISTING","fee_charged":"N","fee_type":null,"recarea_name":"Winberry Divide","public_site_name":null,"alternative_name":null,"rec1stop_url":null,"usda_portal_url":null,"important_info":null,"permit_information":null,"restrictions":null,"closest_towns":null,"water_availability":null,"restroom_availability":null,"operated_by":null,"season_description":null,"directions":null,"maximum_elevation":null,"minimum_elevation":" feet","site_season_start_date":null,"site_season_end_date":null,"latitude":43.876111110000004,"longitude":-122.60916667,"infra_last_update":1771858858000,"edw_last_modify":1771898757000,"globalid":"{94BA7B54-F074-4F78-8C3E-BC5C0ADB1965}"}},{"type":"Feature","id":3518531,"geometry":{"type":"Point","coordinates":[-122.036396,43.814042]},"properties":{"objectid":3518531,"site_cn":"6491166010602","managing_org":"061805","site_id":"74784","site_name":"SHALE RIDGE (SOUTH)","site_type":"TRAILHEAD","activity_type_list":"No Data","service_type_list":"No Data","seasonal_operational_status":"OPEN","op_status_reason":null,"development_status":"EXISTING","fee_charged":"N","fee_type":null,"recarea_name":"Shale Ridge (South)","public_site_name":null,"alternative_name":null,"rec1stop_url":null,"usda_portal_url":null,"important_info":null,"permit_information":null,"restrictions":null,"closest_towns":null,"water_availability":null,"restroom_availability":null,"operated_by":null,"season_description":null,"directions":null,"maximum_elevation":null,"minimum_elevation":" feet","site_season_start_date":null,"site_season_end_date":null,"latitude":43.814037,"longitude":-122.036382,"infra_last_update":1771858856000,"edw_last_modify":1771898633000,"globalid":"{7580526C-ABC3-4479-B7D3-8DF724E8FB78}"}},{"type":"Feature","id":3518650,"geometry":{"type":"Point","coordinates":[-122.506514,43.436663]},"properties":{"objectid":3518650,"site_cn":"5456010371","managing_org":"061506","site_id":"36836","site_name":"BULL PUP","site_type":"TRAILHEAD","activity_type_list":"No Data","service_type_list":"No Data","seasonal_operational_status":"OPEN","op_status_reason":null,"development_status":"EXISTING","fee_charged":"N","fee_type":null,"recarea_name":"Bull Pup","public_site_name":null,"alternative_name":null,"rec1stop_url":null,"usda_portal_url":null,"important_info":null,"permit_information":null,"restrictions":null,"closest_towns":null,"water_availability":null,"restroom_availability":null,"operated_by":null,"season_description":null,"directions":null,"maximum_elevation":null,"minimum_elevation":"5,200 feet","site_season_start_date":null,"site_season_end_date":null,"latitude":43.436658,"longitude":-122.5065,"infra_last_update":1771858858000,"edw_last_modify":1771898704000,"globalid":"{7BC62206-3380-4E99-BDB7-5E3DCAFACE19}"}},{"type":"Feature","id":3518773,"geometry":{"type":"Point","coordinates":[-122.494514,43.403319]},"properties":{"objectid":3518773,"site_cn":"10998010371","managing_org":"061506","site_id":"66437","site_name":"FULLER LAKE","site_type":"TRAILHEAD","activity_type_list":"No Data","service_type_list":"No Data","seasonal_operational_status":"CLOSED","op_status_reason":null,"development_status":"EXISTING","fee_charged":"N","fee_type":null,"recarea_name":"Fuller Shelter Forest Camp","public_site_name":"Fuller Shelter Forest Camp","alternative_name":null,"rec1stop_url":null,"usda_portal_url":null,"important_info":null,"permit_information":null,"restrictions":null,"closest_towns":null,"water_availability":null,"restroom_availability":null,"operated_by":null,"season_description":null,"directions":null,"maximum_elevation":null,"minimum_elevation":"5,000 feet","site_season_start_date":null,"site_season_end_date":null,"latitude":43.403314,"longitude":-122.4945,"infra_last_update":1727974146000,"edw_last_modify":1744204305000,"globalid":"{C455A73A-984B-4917-8228-7A14C51C3042}"}},{"type":"Feature","id":3519141,"geometry":{"type":"Point","coordinates":[-122.471547,43.710472]},"properties":{"objectid":3519141,"site_cn":"5098.005641","managing_org":"061805","site_id":"72104","site_name":"LARISON ROCK (UPPER)","site_type":"TRAILHEAD","activity_type_list":"No Data","service_type_list":"No Data","seasonal_operational_status":"OPEN","op_status_reason":null,"development_status":"EXISTING","fee_charged":"N","fee_type":null,"recarea_name":"Larison Rock (Upper)","public_site_name":null,"alternative_name":null,"rec1stop_url":null,"usda_portal_url":null,"important_info":null,"permit_information":null,"restrictions":null,"closest_towns":null,"water_availability":null,"restroom_availability":null,"operated_by":null,"season_description":null,"directions":null,"maximum_elevation":null,"minimum_elevation":"3,000 feet","site_season_start_date":null,"site_season_end_date":null,"latitude":43.710467,"longitude":-122.47153300000001,"infra_last_update":1771858857000,"edw_last_modify":1771898752000,"globalid":"{842F9C52-2104-4194-9854-56A75132369D}"}},{"type":"Feature","id":3519148,"geometry":{"type":"Point","coordinates":[-122.107514,43.3643]},"properties":{"objectid":3519148,"site_cn":"5379010371","managing_org":"061503","site_id":"14447","site_name":"CALAMUT LAKE","site_type":"TRAILHEAD","activity_type_list":"No Data","service_type_list":"No Data","seasonal_operational_status":"OPEN","op_status_reason":null,"development_status":"EXISTING","fee_charged":"N","fee_type":null,"recarea_name":"Calamut Lake","public_site_name":"Calamut Lake","alternative_name":null,"rec1stop_url":null,"usda_portal_url":null,"important_info":null,"permit_information":null,"restrictions":null,"closest_towns":null,"water_availability":null,"restroom_availability":null,"operated_by":null,"season_description":null,"directions":null,"maximum_elevation":null,"minimum_elevation":" feet","site_season_start_date":null,"site_season_end_date":null,"latitude":43.364295,"longitude":-122.1075,"infra_last_update":1764702801000,"edw_last_modify":1764727405000,"globalid":"{06730F91-3FAA-4799-9D27-1D2CBCB1C182}"}},{"type":"Feature","id":3519622,"geometry":{"type":"Point","coordinates":[-122.057581,43.591012]},"properties":{"objectid":3519622,"site_cn":"11137010467","managing_org":"060102","site_id":"40535","site_name":"PENGRA PASS TRAILHEAD","site_type":"TRAILHEAD","activity_type_list":"No Data","service_type_list":"No Data","seasonal_operational_status":"OPEN","op_status_reason":null,"development_status":"EXISTING","fee_charged":"N","fee_type":null,"recarea_name":"PENGRA PASS TRAILHEAD","public_site_name":"Pengra Pass Trailhead","alternative_name":null,"rec1stop_url":null,"usda_portal_url":null,"important_info":null,"permit_information":null,"restrictions":null,"closest_towns":"Crescent, Oregon","water_availability":"No water is available","restroom_availability":"No restroom available","operated_by":"US Forest Service","season_description":null,"directions":"From Crescent: Travel 1 miles west on County Road 61 then take a right (north) onto Hwy 58 for approximately 10.5 miles; take a left (south) onto Forest Service Road 5810 and travel approximately 2 miles to trailhead.","maximum_elevation":null,"minimum_elevation":null,"site_season_start_date":null,"site_season_end_date":null,"latitude":43.59100667,"longitude":-122.05756670000001,"infra_last_update":1753975094000,"edw_last_modify":1754014297000,"globalid":"{571DD2AA-62F5-40C3-B147-CFB32A583841}"}},{"type":"Feature","id":3519707,"geometry":{"type":"Point","coordinates":[-122.466959,43.954172]},"properties":{"objectid":3519707,"site_cn":"5003.005621","managing_org":"061805","site_id":"72568","site_name":"GOLD POINT (LOWER)","site_type":"TRAILHEAD","activity_type_list":"No Data","service_type_list":"No Data","seasonal_operational_status":"OPEN","op_status_reason":null,"development_status":"EXISTING","fee_charged":"N","fee_type":null,"recarea_name":"GOLD POINT (LOWER)","public_site_name":"Gold Point Trailhead - Lower","alternative_name":null,"rec1stop_url":null,"usda_portal_url":"https://www.fs.usda.gov/recarea/willamette/recarea/?recid=81464","important_info":null,"permit_information":null,"restrictions":null,"closest_towns":null,"water_availability":null,"restroom_availability":null,"operated_by":null,"season_description":null,"directions":"From Lowell, Oregon, travel 2 miles north on the Jasper-Lowell Road and turn right at the Unity Bridge, and proceed 16.8 miles on Big Fall Creek Road (Forest Road 18) to Forest Road 1825. Turn right, proceed 2.3 miles to Forest Road 1835, turn left and go 0.6 mile to Forest Road 1835-220, and park on the left.","maximum_elevation":null,"minimum_elevation":null,"site_season_start_date":null,"site_season_end_date":null,"latitude":43.95416667,"longitude":-122.46694443999999,"infra_last_update":1744209500000,"edw_last_modify":1744252590000,"globalid":"{C3B418CB-6A1B-43E8-B070-CFF7868C2DD3}"}},{"type":"Feature","id":3519783,"geometry":{"type":"Point","coordinates":[-122.420014,43.354172]},"properties":{"objectid":3519783,"site_cn":"6262366010602","managing_org":"061503","site_id":"66518","site_name":"CINDER PRAIRIE","site_type":"TRAILHEAD","activity_type_list":"No Data","service_type_list":"No Data","seasonal_operational_status":"OPEN","op_status_reason":null,"development_status":"EXISTING","fee_charged":"N","fee_type":null,"recarea_name":"Cinder Prairie","public_site_name":null,"alternative_name":null,"rec1stop_url":null,"usda_portal_url":null,"important_info":null,"permit_information":null,"restrictions":null,"closest_towns":null,"water_availability":null,"restroom_availability":null,"operated_by":null,"season_description":null,"directions":null,"maximum_elevation":null,"minimum_elevation":" feet","site_season_start_date":null,"site_season_end_date":null,"latitude":43.354166670000005,"longitude":-122.42,"infra_last_update":1771858856000,"edw_last_modify":1771898637000,"globalid":"{84E2183C-D158-4599-AFE4-E384D5149C8E}"}},{"type":"Feature","id":3519815,"geometry":{"type":"Point","coordinates":[-122.578347,43.973616]},"properties":{"objectid":3519815,"site_cn":"5056.005621","managing_org":"061805","site_id":"72556","site_name":"CLARK CREEK NATURE TRAIL (LOW CLK BUTTE)","site_type":"TRAILHEAD","activity_type_list":"No Data","service_type_list":"No Data","seasonal_operational_status":"OPEN","op_status_reason":null,"development_status":"EXISTING","fee_charged":"N","fee_type":null,"recarea_name":"CLARK CREEK NATURE TRAIL (LOW CLK BUTTE)","public_site_name":"Clark Creek Trailhead","alternative_name":null,"rec1stop_url":null,"usda_portal_url":"https://www.fs.usda.gov/recarea/willamette/recarea/?recid=81086","important_info":null,"permit_information":null,"restrictions":null,"closest_towns":"Lowell, Oregon","water_availability":"No drinking water is available","restroom_availability":"Vault toilet(s)","operated_by":"US Forest Service","season_description":null,"directions":"Travel 2 miles north from Lowell, Oregon on Jasper-Lowell Road, turn right at the Unity Bridge and proceed 12.8 miles on the Big Fall Creek Road (Forest Road 18). There is a very good parking and turn around area on the left side of the road just past the entrance to the Clark Creek Organization Camp.","maximum_elevation":null,"minimum_elevation":null,"site_season_start_date":null,"site_season_end_date":null,"latitude":43.97361111,"longitude":-122.5783333,"infra_last_update":1753975102000,"edw_last_modify":1754014183000,"globalid":"{3D4F1BC6-7207-4D8F-B7BA-02D2E5B11061}"}},{"type":"Feature","id":3520022,"geometry":{"type":"Point","coordinates":[-122.39057,43.73445]},"properties":{"objectid":3520022,"site_cn":"5087.005641","managing_org":"061805","site_id":"72737","site_name":"AUBREY MOUNTAIN","site_type":"TRAILHEAD","activity_type_list":"No Data","service_type_list":"No Data","seasonal_operational_status":"OPEN","op_status_reason":null,"development_status":"EXISTING","fee_charged":"N","fee_type":null,"recarea_name":"Aubrey Mountain","public_site_name":null,"alternative_name":null,"rec1stop_url":null,"usda_portal_url":null,"important_info":null,"permit_information":null,"restrictions":null,"closest_towns":null,"water_availability":null,"restroom_availability":null,"operated_by":null,"season_description":null,"directions":null,"maximum_elevation":null,"minimum_elevation":" feet","site_season_start_date":null,"site_season_end_date":null,"latitude":43.734444440000004,"longitude":-122.39055556000001,"infra_last_update":1771858857000,"edw_last_modify":1771898753000,"globalid":"{5A71DF71-D0C5-4972-92CB-ED2B48EC322C}"}},{"type":"Feature","id":3520090,"geometry":{"type":"Point","coordinates":[-122.151958,43.466672]},"properties":{"objectid":3520090,"site_cn":"5362.005571","managing_org":"061805","site_id":"72128","site_name":"DIAMOND PEAK TRAILHEAD (NORTH)","site_type":"TRAILHEAD","activity_type_list":"No Data","service_type_list":"No Data","seasonal_operational_status":"OPEN","op_status_reason":null,"development_status":"EXISTING","fee_charged":"N","fee_type":null,"recarea_name":"Diamond Peak Trailhead (North)","public_site_name":null,"alternative_name":null,"rec1stop_url":null,"usda_portal_url":null,"important_info":null,"permit_information":null,"restrictions":null,"closest_towns":null,"water_availability":null,"restroom_availability":null,"operated_by":null,"season_description":null,"directions":null,"maximum_elevation":null,"minimum_elevation":" feet","site_season_start_date":null,"site_season_end_date":null,"latitude":43.46666667,"longitude":-122.15194444,"infra_last_update":1771858858000,"edw_last_modify":1771898715000,"globalid":"{394AEE5D-4908-4CF0-AB94-6E0A862025BB}"}},{"type":"Feature","id":3520152,"geometry":{"type":"Point","coordinates":[-121.835092,43.841922]},"properties":{"objectid":3520152,"site_cn":"5144.004621","managing_org":"060101","site_id":"40016","site_name":"WINOPEE LAKE","site_type":"TRAILHEAD","activity_type_list":"No Data","service_type_list":"No Data","seasonal_operational_status":"OPEN","op_status_reason":null,"development_status":"EXISTING","fee_charged":"N","fee_type":null,"recarea_name":"WINOPEE LAKE","public_site_name":"Winopee Lake Trailhead","alternative_name":null,"rec1stop_url":null,"usda_portal_url":"https://www.fs.usda.gov/recarea/deschutes/recarea/?recid=81779","important_info":null,"permit_information":null,"restrictions":null,"closest_towns":"Sunriver, Oregon","water_availability":"No water is available","restroom_availability":"No restroom available","operated_by":"US Forest Service","season_description":null,"directions":"From Bend, travel 46 miles southwest on Cascade Lakes Hwy (46), then west on Forest Road 4635 for 2 miles. Trail begins from Winopee Lake Trailhead near Cultus Lake Campground.","maximum_elevation":null,"minimum_elevation":null,"site_season_start_date":null,"site_season_end_date":null,"latitude":43.84191666,"longitude":-121.8350778,"infra_last_update":1753975095000,"edw_last_modify":1754014133000,"globalid":"{A2A076AC-764C-4735-9125-02DB94C8BA12}"}},{"type":"Feature","id":3520421,"geometry":{"type":"Point","coordinates":[-122.056268,43.6782]},"properties":{"objectid":3520421,"site_cn":"6491156010602","managing_org":"061805","site_id":"74781","site_name":"SOUTH WALDO (NORTH)","site_type":"TRAILHEAD","activity_type_list":"No Data","service_type_list":"No Data","seasonal_operational_status":"OPEN","op_status_reason":null,"development_status":"EXISTING","fee_charged":"N","fee_type":null,"recarea_name":"South Waldo (North)","public_site_name":null,"alternative_name":null,"rec1stop_url":null,"usda_portal_url":null,"important_info":null,"permit_information":null,"restrictions":null,"closest_towns":null,"water_availability":null,"restroom_availability":null,"operated_by":null,"season_description":null,"directions":null,"maximum_elevation":null,"minimum_elevation":" feet","site_season_start_date":null,"site_season_end_date":null,"latitude":43.678195,"longitude":-122.05625400000001,"infra_last_update":1771858858000,"edw_last_modify":1771898633000,"globalid":"{A86F015D-312B-449F-B530-85C90488B63C}"}},{"type":"Feature","id":3520469,"geometry":{"type":"Point","coordinates":[-122.513347,43.906672]},"properties":{"objectid":3520469,"site_cn":"5024.005621","managing_org":"061805","site_id":"72587","site_name":"SADDLEBLANKET","site_type":"TRAILHEAD","activity_type_list":"No Data","service_type_list":"No Data","seasonal_operational_status":"OPEN","op_status_reason":null,"development_status":"EXISTING","fee_charged":"N","fee_type":null,"recarea_name":"SADDLEBLANKET","public_site_name":"Saddleblanket Trailhead","alternative_name":null,"rec1stop_url":null,"usda_portal_url":"https://www.fs.usda.gov/recarea/willamette/recarea/?recid=81384","important_info":null,"permit_information":null,"restrictions":null,"closest_towns":null,"water_availability":null,"restroom_availability":null,"operated_by":null,"season_description":null,"directions":"From Lowell, OR, travel 2 miles north on the Jasper-Lowell Road, turn right at the Unity Bridge and proceed 16.2 miles on Big Fall Creek Road (Forest Road 18).Turn right on to Forest Road 1824 and travel 7.7 miles. Keep left at Forest Road 142 and proceed 1.1 miles to Forest Road 144. Turn right and travel 0.8 mile to the end of the road. The trail begins on the left side of the road.The other end of the trail is reached by traveling on Forest Road 1824-142 for 2.9 miles to Forest Road 143 and going 0.9 mile to the trailhead. Forest Road 143 is closed to motor vehicle traffic in the spring for wildlife management.","maximum_elevation":null,"minimum_elevation":null,"site_season_start_date":null,"site_season_end_date":null,"latitude":43.90666667,"longitude":-122.51333333,"infra_last_update":1744209501000,"edw_last_modify":1744252573000,"globalid":"{A7964B91-3A24-4BEE-A9A5-698B5C28CB91}"}},{"type":"Feature","id":3520623,"geometry":{"type":"Point","coordinates":[-121.666854,44.177345]},"properties":{"objectid":3520623,"site_cn":"5293.004621","managing_org":"060105","site_id":"41507","site_name":"CHUSH FALLS","site_type":"TRAILHEAD","activity_type_list":"No Data","service_type_list":"No Data","seasonal_operational_status":"OPEN","op_status_reason":null,"development_status":"EXISTING","fee_charged":"N","fee_type":null,"recarea_name":"Chush Falls","public_site_name":null,"alternative_name":null,"rec1stop_url":null,"usda_portal_url":null,"important_info":null,"permit_information":null,"restrictions":null,"closest_towns":null,"water_availability":null,"restroom_availability":null,"operated_by":null,"season_description":null,"directions":null,"maximum_elevation":null,"minimum_elevation":"5,200 feet","site_season_start_date":null,"site_season_end_date":null,"latitude":44.17734,"longitude":-121.66684,"infra_last_update":1771858857000,"edw_last_modify":1771898727000,"globalid":"{D7C4C1EC-2B3A-4C97-ABE4-59EBA64358CE}"}},{"type":"Feature","id":3520969,"geometry":{"type":"Point","coordinates":[-122.030402,43.597302]},"properties":{"objectid":3520969,"site_cn":"6491129010602","managing_org":"061805","site_id":"74773","site_name":"PCT WILLAMETTE PASS","site_type":"TRAILHEAD","activity_type_list":"No Data","service_type_list":"No Data","seasonal_operational_status":"OPEN","op_status_reason":null,"development_status":"EXISTING","fee_charged":"N","fee_type":null,"recarea_name":"Pct Willamette Pass","public_site_name":null,"alternative_name":null,"rec1stop_url":null,"usda_portal_url":null,"important_info":null,"permit_information":null,"restrictions":null,"closest_towns":null,"water_availability":null,"restroom_availability":null,"operated_by":null,"season_description":null,"directions":null,"maximum_elevation":null,"minimum_elevation":" feet","site_season_start_date":null,"site_season_end_date":null,"latitude":43.597297,"longitude":-122.030388,"infra_last_update":1771858857000,"edw_last_modify":1771898633000,"globalid":"{3E2F989C-4EDC-46FA-A613-BB785B024146}"}},{"type":"Feature","id":3521012,"geometry":{"type":"Point","coordinates":[-121.973389,43.745952]},"properties":{"objectid":3521012,"site_cn":"10061010565","managing_org":"061805","site_id":"72755","site_name":"CHARLTON LAKE","site_type":"TRAILHEAD","activity_type_list":"No Data","service_type_list":"No Data","seasonal_operational_status":"OPEN","op_status_reason":null,"development_status":"EXISTING","fee_charged":"N","fee_type":null,"recarea_name":"Charlton Lake","public_site_name":null,"alternative_name":null,"rec1stop_url":null,"usda_portal_url":null,"important_info":null,"permit_information":null,"restrictions":null,"closest_towns":null,"water_availability":null,"restroom_availability":null,"operated_by":null,"season_description":null,"directions":null,"maximum_elevation":null,"minimum_elevation":"5,420 feet","site_season_start_date":null,"site_season_end_date":null,"latitude":43.745947,"longitude":-121.97337499999999,"infra_last_update":1771858851000,"edw_last_modify":1771899199000,"globalid":"{B5ACD14B-B518-42E7-9BCB-9EC1822A36D9}"}},{"type":"Feature","id":3521033,"geometry":{"type":"Point","coordinates":[-122.043909,43.579244]},"properties":{"objectid":3521033,"site_cn":"5232.004621","managing_org":"060102","site_id":"33247","site_name":"YORAN/TRAPPER","site_type":"TRAILHEAD","activity_type_list":"No Data","service_type_list":"No Data","seasonal_operational_status":"OPEN","op_status_reason":null,"development_status":"EXISTING","fee_charged":"N","fee_type":null,"recarea_name":"Yoran/Trapper Trailhead","public_site_name":"Yoran Lake Trailhead","alternative_name":null,"rec1stop_url":null,"usda_portal_url":"https://www.fs.usda.gov/recarea/deschutes/recreation/recarea/?recid=39132","important_info":null,"permit_information":null,"restrictions":null,"closest_towns":"Crescent, Oregon","water_availability":"No water is available","restroom_availability":null,"operated_by":"US Forest Service","season_description":null,"directions":"From Eugene, OR, follow Highway 58 for 70 miles to Willamette Pass. Just east of the pass turn right at Odell Lake Road. Follow this paved road for 1.8 miles to the Yoran Lake trailhead. From Crescent, OR,  travel 12.2 miles west on County Road 61, then about 10 miles north on Highway 58 to just east of Willamette Pass and turn left on Odell Lake Road. Follow this paved road for 1.8 miles to the Yoran Lake trailhead.","maximum_elevation":null,"minimum_elevation":"4,800 feet","site_season_start_date":null,"site_season_end_date":null,"latitude":43.57923833,"longitude":-122.043895,"infra_last_update":1753975095000,"edw_last_modify":1754014088000,"globalid":"{6A6963A1-A7B8-4758-94A7-EEA2233D0BA8}"}},{"type":"Feature","id":3521467,"geometry":{"type":"Point","coordinates":[-121.736911,44.013492]},"properties":{"objectid":3521467,"site_cn":"7670.004621","managing_org":"060101","site_id":"40034","site_name":"RAY ATKESON","site_type":"TRAILHEAD","activity_type_list":"No Data","service_type_list":"No Data","seasonal_operational_status":"OPEN","op_status_reason":null,"development_status":"EXISTING","fee_charged":"Y","fee_type":"STANDARD AMENITY FEE","recarea_name":"Ray Atkeson","public_site_name":"Ray Atkeson Trailhead","alternative_name":null,"rec1stop_url":null,"usda_portal_url":"https://www.fs.usda.gov/recarea/deschutes/recarea/?recid=39010","important_info":null,"permit_information":null,"restrictions":null,"closest_towns":"Bend/Sunriver, OR","water_availability":"No water is available","restroom_availability":"Vault toilet(s)","operated_by":"US Forest Service","season_description":null,"directions":"From Bend, OR: Travel west on Cascade Lakes Highway (Highway 46) for 26 miles, then travel south on Forest Road 400 for 1 mile to the Ray Atkeson Trailhead/Sparks Lake Boat ramp.","maximum_elevation":null,"minimum_elevation":null,"site_season_start_date":null,"site_season_end_date":null,"latitude":44.013487,"longitude":-121.736897,"infra_last_update":1766409408000,"edw_last_modify":1766455403000,"globalid":"{3A3F4198-62A3-4045-B79C-60951DFAAB5B}"}},{"type":"Feature","id":3521491,"geometry":{"type":"Point","coordinates":[-122.192714,43.442805]},"properties":{"objectid":3521491,"site_cn":"5252.005571","managing_org":"061805","site_id":"72109","site_name":"MIDDLE FORK TRAILHEAD (NRT-BIG SWAMP)","site_type":"TRAILHEAD","activity_type_list":"No Data","service_type_list":"No Data","seasonal_operational_status":"OPEN","op_status_reason":null,"development_status":"EXISTING","fee_charged":"N","fee_type":null,"recarea_name":"Middle Fork Trailhead (Nrt-Big Swamp)","public_site_name":null,"alternative_name":null,"rec1stop_url":null,"usda_portal_url":null,"important_info":null,"permit_information":null,"restrictions":null,"closest_towns":null,"water_availability":null,"restroom_availability":null,"operated_by":null,"season_description":null,"directions":null,"maximum_elevation":null,"minimum_elevation":" feet","site_season_start_date":null,"site_season_end_date":null,"latitude":43.4428,"longitude":-122.1927,"infra_last_update":1771858858000,"edw_last_modify":1771898735000,"globalid":"{E9D457AD-DE02-4C04-BCCE-7FC9F25FADEF}"}},{"type":"Feature","id":3521505,"geometry":{"type":"Point","coordinates":[-122.048903,43.634172]},"properties":{"objectid":3521505,"site_cn":"5062.005641","managing_org":"061805","site_id":"72713","site_name":"FUJI MOUNTAIN (LOWER)","site_type":"TRAILHEAD","activity_type_list":"No Data","service_type_list":"No Data","seasonal_operational_status":"OPEN","op_status_reason":null,"development_status":"EXISTING","fee_charged":"N","fee_type":null,"recarea_name":"Fuji Mountain (Lower)","public_site_name":null,"alternative_name":null,"rec1stop_url":null,"usda_portal_url":null,"important_info":null,"permit_information":null,"restrictions":null,"closest_towns":null,"water_availability":null,"restroom_availability":null,"operated_by":null,"season_description":null,"directions":null,"maximum_elevation":null,"minimum_elevation":"5,000 feet","site_season_start_date":null,"site_season_end_date":null,"latitude":43.63416667,"longitude":-122.04888889,"infra_last_update":1771858859000,"edw_last_modify":1771898756000,"globalid":"{70BF8136-EE12-49B0-A41E-8A5E52C28345}"}},{"type":"Feature","id":3521544,"geometry":{"type":"Point","coordinates":[-122.431959,43.985005]},"properties":{"objectid":3521544,"site_cn":"5006.005621","managing_org":"061805","site_id":"72544","site_name":"FALL CREEK TRAILHEAD (ROAD 1833)","site_type":"TRAILHEAD","activity_type_list":"No Data","service_type_list":"No Data","seasonal_operational_status":"OPEN","op_status_reason":null,"development_status":"EXISTING","fee_charged":"N","fee_type":null,"recarea_name":"Fall Creek Trailhead (Road 1833)","public_site_name":null,"alternative_name":null,"rec1stop_url":null,"usda_portal_url":null,"important_info":null,"permit_information":null,"restrictions":null,"closest_towns":null,"water_availability":null,"restroom_availability":null,"operated_by":null,"season_description":null,"directions":null,"maximum_elevation":null,"minimum_elevation":"1,200 feet","site_season_start_date":null,"site_season_end_date":null,"latitude":43.985,"longitude":-122.43194444,"infra_last_update":1771858857000,"edw_last_modify":1771898764000,"globalid":"{064A7F86-F2C6-46C4-A511-7BAEA2831520}"}},{"type":"Feature","id":3521599,"geometry":{"type":"Point","coordinates":[-122.051802,43.768939]},"properties":{"objectid":3521599,"site_cn":"6491135010602","managing_org":"061805","site_id":"74775","site_name":"WAHANNA","site_type":"TRAILHEAD","activity_type_list":"No Data","service_type_list":"No Data","seasonal_operational_status":"OPEN","op_status_reason":null,"development_status":"EXISTING","fee_charged":"N","fee_type":null,"recarea_name":"Wahanna","public_site_name":null,"alternative_name":null,"rec1stop_url":null,"usda_portal_url":null,"important_info":null,"permit_information":null,"restrictions":null,"closest_towns":null,"water_availability":null,"restroom_availability":null,"operated_by":null,"season_description":null,"directions":null,"maximum_elevation":null,"minimum_elevation":" feet","site_season_start_date":null,"site_season_end_date":null,"latitude":43.768934,"longitude":-122.051788,"infra_last_update":1771858856000,"edw_last_modify":1771898633000,"globalid":"{C0F5A35B-F2C3-4CD4-983C-D32BEB3B8E54}"}},{"type":"Feature","id":3521730,"geometry":{"type":"Point","coordinates":[-122.743764,43.580788]},"properties":{"objectid":3521730,"site_cn":"6171041010602","managing_org":"061501","site_id":"66475","site_name":"BOHEMIA MOUNTAIN","site_type":"TRAILHEAD","activity_type_list":"No Data","service_type_list":"No Data","seasonal_operational_status":"OPEN","op_status_reason":null,"development_status":"EXISTING","fee_charged":"N","fee_type":null,"recarea_name":"BOHEMIA MOUNTAIN","public_site_name":"Bohemia Mountain Trailhead","alternative_name":null,"rec1stop_url":null,"usda_portal_url":null,"important_info":null,"permit_information":null,"restrictions":null,"closest_towns":"Cottage Grove, OR","water_availability":"No drinking water is available","restroom_availability":"No restroom available","operated_by":"US Forest Service","season_description":null,"directions":"ACCESS #1 (via Brice Creek): From Cottage Grove, OR, travel east on Row River Road 2400 for 19 miles to where it junctions with Brice Creek Road and Layng Creek Road. Keep right, following Brice Creek Road 2470 for 12 miles. (Note: Brice Creek Road number changes from County Road 2470 to Forest Road 22 at Champion Creek Road). Stay on Brice Creek Road for 12 miles and turn right onto Noonday Road 2212 (follow the signs to Fairview Peak) and travel for 6.7 miles to the junction of Forest Roads 2212 and 2212-767. Keep to the right of Forest Road 2212 for another 2.1 miles to the junction of Sharps Creek Road 2460. Continue left for 1.1 miles to the junction of Fairview Peak Road 2460-773.\nACCESS #2 (via Sharps Creek): From Cottage Grove, OR, travel east on Row River Road 2400 for 15.3 miles to Sharps Creek Road 2460. Stay to the left and continue on Forest Road 2460 for 7.3 miles to the junction of Fairview Peak Road 2460-773. The last 5.5 miles of this route is rough, narrow and steep. This route is not recommended for low-clearance passenger cars. Use low gear and drive slowly and with caution.\nThe trailhead is 40 miles southeast of Cottage Grove, OR.","maximum_elevation":null,"minimum_elevation":null,"site_season_start_date":null,"site_season_end_date":null,"latitude":43.580783,"longitude":-122.74375,"infra_last_update":1753975099000,"edw_last_modify":1754013981000,"globalid":"{3A1FD09A-503D-44E1-8D55-B8A08245886B}"}},{"type":"Feature","id":3521795,"geometry":{"type":"Point","coordinates":[-122.162414,44.231905]},"properties":{"objectid":3521795,"site_cn":"5015.005581","managing_org":"061801","site_id":"72028","site_name":"LOOKOUT TRAILHEAD (LOWER)","site_type":"TRAILHEAD","activity_type_list":"No Data","service_type_list":"No Data","seasonal_operational_status":"OPEN","op_status_reason":null,"development_status":"EXISTING","fee_charged":"N","fee_type":null,"recarea_name":"Lookout Trailhead (Lower)","public_site_name":null,"alternative_name":null,"rec1stop_url":null,"usda_portal_url":null,"important_info":null,"permit_information":null,"restrictions":null,"closest_towns":null,"water_availability":null,"restroom_availability":null,"operated_by":null,"season_description":null,"directions":null,"maximum_elevation":null,"minimum_elevation":" feet","site_season_start_date":null,"site_season_end_date":null,"latitude":44.2319,"longitude":-122.1624,"infra_last_update":1771858855000,"edw_last_modify":1771898763000,"globalid":"{5FC159BF-74C7-4AED-B1CD-42E2D019D277}"}},{"type":"Feature","id":3521891,"geometry":{"type":"Point","coordinates":[-122.309181,43.802783]},"properties":{"objectid":3521891,"site_cn":"5058.005641","managing_org":"061805","site_id":"72709","site_name":"WARM SPRINGS","site_type":"TRAILHEAD","activity_type_list":"No Data","service_type_list":"No Data","seasonal_operational_status":"OPEN","op_status_reason":null,"development_status":"EXISTING","fee_charged":"N","fee_type":null,"recarea_name":"WARM SPRINGS","public_site_name":"Warm Springs Trailhead","alternative_name":null,"rec1stop_url":null,"usda_portal_url":"https://www.fs.usda.gov/recarea/willamette/recarea/?recid=81406","important_info":null,"permit_information":null,"restrictions":null,"closest_towns":null,"water_availability":null,"restroom_availability":null,"operated_by":null,"season_description":null,"directions":"FROM HIGHWAY 58: From the Middle Fork Ranger Station on Hwy 58, travel east towards Oakridge, OR for 5 miles. Turn left on to Fish Hatchery Road. At the stop sign, turn right onto Forest Road 24 (Salmon Creek Road). Continue 9 miles to Forest Road 1934 (Blair Lake). Turn left onto Forest Road 1934 and continue for 0.5 mile. It is approximately 0.5 miles from the trailhead to the hot springs.","maximum_elevation":null,"minimum_elevation":null,"site_season_start_date":null,"site_season_end_date":null,"latitude":43.80277778,"longitude":-122.30916667,"infra_last_update":1744209503000,"edw_last_modify":1744252549000,"globalid":"{D0CC9B43-7321-4FBB-AB4B-DF43DBDA4180}"}},{"type":"Feature","id":3521997,"geometry":{"type":"Point","coordinates":[-122.094509,43.726493]},"properties":{"objectid":3521997,"site_cn":"6491152010602","managing_org":"061805","site_id":"74780","site_name":"KOCH MOUNTAIN (EAST)","site_type":"TRAILHEAD","activity_type_list":"No Data","service_type_list":"No Data","seasonal_operational_status":"OPEN","op_status_reason":null,"development_status":"EXISTING","fee_charged":"N","fee_type":null,"recarea_name":"Koch Mountain (East)","public_site_name":null,"alternative_name":null,"rec1stop_url":null,"usda_portal_url":null,"important_info":null,"permit_information":null,"restrictions":null,"closest_towns":null,"water_availability":null,"restroom_availability":null,"operated_by":null,"season_description":null,"directions":null,"maximum_elevation":null,"minimum_elevation":" feet","site_season_start_date":null,"site_season_end_date":null,"latitude":43.726487999999996,"longitude":-122.094495,"infra_last_update":1771858855000,"edw_last_modify":1771898633000,"globalid":"{47CC6096-B56C-44AD-95C0-23895C3911FF}"}},{"type":"Feature","id":3522377,"geometry":{"type":"Point","coordinates":[-122.154459,44.149728]},"properties":{"objectid":3522377,"site_cn":"5432.005571","managing_org":"061801","site_id":"72680","site_name":"OLALLIE TRAILHEAD (NORTH)","site_type":"TRAILHEAD","activity_type_list":"No Data","service_type_list":"No Data","seasonal_operational_status":"OPEN","op_status_reason":null,"development_status":"EXISTING","fee_charged":"N","fee_type":null,"recarea_name":"OLALLIE TRAILHEAD (NORTH)","public_site_name":"Olallie North Trailhead","alternative_name":null,"rec1stop_url":null,"usda_portal_url":"https://www.fs.usda.gov/recarea/willamette/recarea/?recid=81359","important_info":null,"permit_information":null,"restrictions":null,"closest_towns":null,"water_availability":null,"restroom_availability":null,"operated_by":null,"season_description":null,"directions":"From McKenzie Bridge, OR, travel west on Highway 126 to Forest Road 2638 (Horse Creek Road). Travel south on Forest Road 2638 about 3 miles to Forest Road 1993. Travel southwest up Forest Road 1993 about 3 miles to a small parking area on the north side of the road. Ollalie North Trailhead is directly south across Forest Road 1993 from this parking area.","maximum_elevation":null,"minimum_elevation":null,"site_season_start_date":null,"site_season_end_date":null,"latitude":44.14972222,"longitude":-122.15444443999999,"infra_last_update":1782753145000,"edw_last_modify":1782787014000,"globalid":"{95456A41-0F55-452C-9E9E-A6832C69D98B}"}},{"type":"Feature","id":3522837,"geometry":{"type":"Point","coordinates":[-122.617514,43.734147]},"properties":{"objectid":3522837,"site_cn":"10983010371","managing_org":"061501","site_id":"66422","site_name":"MOON FALLS","site_type":"TRAILHEAD","activity_type_list":"No Data","service_type_list":"No Data","seasonal_operational_status":"OPEN","op_status_reason":null,"development_status":"EXISTING","fee_charged":"N","fee_type":null,"recarea_name":"Moon Falls Trailhead","public_site_name":"Moon Falls Trailhead","alternative_name":null,"rec1stop_url":null,"usda_portal_url":null,"important_info":null,"permit_information":null,"restrictions":null,"closest_towns":null,"water_availability":null,"restroom_availability":null,"operated_by":null,"season_description":null,"directions":null,"maximum_elevation":null,"minimum_elevation":"3,000 feet","site_season_start_date":null,"site_season_end_date":null,"latitude":43.734142,"longitude":-122.6175,"infra_last_update":1727974145000,"edw_last_modify":1744204316000,"globalid":"{44E6772B-3737-4A3B-94C7-9E5E6BE76DF7}"}},{"type":"Feature","id":3523004,"geometry":{"type":"Point","coordinates":[-122.61807,43.963894]},"properties":{"objectid":3523004,"site_cn":"5010.005621","managing_org":"061805","site_id":"72555","site_name":"FALL CREEK TRAILHEAD (DOLLY VARDEN)","site_type":"TRAILHEAD","activity_type_list":"No Data","service_type_list":"No Data","seasonal_operational_status":"OPEN","op_status_reason":null,"development_status":"EXISTING","fee_charged":"N","fee_type":null,"recarea_name":"Fall Creek Trailhead (Dolly Varden)","public_site_name":null,"alternative_name":null,"rec1stop_url":null,"usda_portal_url":null,"important_info":null,"permit_information":null,"restrictions":null,"closest_towns":null,"water_availability":null,"restroom_availability":null,"operated_by":null,"season_description":null,"directions":null,"maximum_elevation":null,"minimum_elevation":"1,000 feet","site_season_start_date":null,"site_season_end_date":null,"latitude":43.96388889,"longitude":-122.61805556,"infra_last_update":1771858857000,"edw_last_modify":1771898764000,"globalid":"{1EFDC70D-1A09-4663-86B1-1C1C3A79A50E}"}},{"type":"Feature","id":3523472,"geometry":{"type":"Point","coordinates":[-122.454914,43.598805]},"properties":{"objectid":3523472,"site_cn":"5099.005641","managing_org":"061805","site_id":"72105","site_name":"MIDDLE FORK TRAILHEAD (NRT-SAND PRAIRIE)","site_type":"TRAILHEAD","activity_type_list":"No Data","service_type_list":"No Data","seasonal_operational_status":"OPEN","op_status_reason":null,"development_status":"EXISTING","fee_charged":"N","fee_type":null,"recarea_name":"Middle Fork Trailhead (Nrt-Sand Prairie)","public_site_name":null,"alternative_name":null,"rec1stop_url":null,"usda_portal_url":null,"important_info":null,"permit_information":null,"restrictions":null,"closest_towns":null,"water_availability":null,"restroom_availability":null,"operated_by":null,"season_description":null,"directions":null,"maximum_elevation":null,"minimum_elevation":" feet","site_season_start_date":null,"site_season_end_date":null,"latitude":43.5988,"longitude":-122.4549,"infra_last_update":1771858854000,"edw_last_modify":1771898752000,"globalid":"{6940C597-33B1-41D6-B623-4C251B6034A6}"}},{"type":"Feature","id":3523493,"geometry":{"type":"Point","coordinates":[-122.347514,44.023894]},"properties":{"objectid":3523493,"site_cn":"5031.005621","managing_org":"061805","site_id":"72559","site_name":"HEHE","site_type":"TRAILHEAD","activity_type_list":"No Data","service_type_list":"No Data","seasonal_operational_status":"OPEN","op_status_reason":null,"development_status":"EXISTING","fee_charged":"N","fee_type":null,"recarea_name":"Hehe","public_site_name":null,"alternative_name":null,"rec1stop_url":null,"usda_portal_url":null,"important_info":null,"permit_information":null,"restrictions":null,"closest_towns":null,"water_availability":null,"restroom_availability":null,"operated_by":null,"season_description":null,"directions":null,"maximum_elevation":null,"minimum_elevation":" feet","site_season_start_date":null,"site_season_end_date":null,"latitude":44.02388889,"longitude":-122.3475,"infra_last_update":1771858856000,"edw_last_modify":1771898761000,"globalid":"{6FEC0068-96F9-44CE-A4F0-F2434840DC91}"}},{"type":"Feature","id":3523598,"geometry":{"type":"Point","coordinates":[-122.743764,43.517305]},"properties":{"objectid":3523598,"site_cn":"6171035010602","managing_org":"061501","site_id":"66474","site_name":"CHINA SADDLE (BOHEMIA NRT)","site_type":"TRAILHEAD","activity_type_list":"No Data","service_type_list":"No Data","seasonal_operational_status":"OPEN","op_status_reason":null,"development_status":"EXISTING","fee_charged":"N","fee_type":null,"recarea_name":"China Saddle (Bohemia Nrt)","public_site_name":null,"alternative_name":null,"rec1stop_url":null,"usda_portal_url":null,"important_info":null,"permit_information":null,"restrictions":null,"closest_towns":null,"water_availability":null,"restroom_availability":null,"operated_by":null,"season_description":null,"directions":null,"maximum_elevation":null,"minimum_elevation":" feet","site_season_start_date":null,"site_season_end_date":null,"latitude":43.5173,"longitude":-122.74375,"infra_last_update":1771858856000,"edw_last_modify":1771898638000,"globalid":"{9E29312D-ADB9-4081-A976-C2986D0ABDFC}"}},{"type":"Feature","id":3523746,"geometry":{"type":"Point","coordinates":[-122.620881,43.711755]},"properties":{"objectid":3523746,"site_cn":"6170986010602","managing_org":"061501","site_id":"66463","site_name":"PINARD FALLS","site_type":"TRAILHEAD","activity_type_list":"No Data","service_type_list":"No Data","seasonal_operational_status":"OPEN","op_status_reason":null,"development_status":"EXISTING","fee_charged":"N","fee_type":null,"recarea_name":"Pinard Falls","public_site_name":null,"alternative_name":null,"rec1stop_url":null,"usda_portal_url":null,"important_info":null,"permit_information":null,"restrictions":null,"closest_towns":null,"water_availability":null,"restroom_availability":null,"operated_by":null,"season_description":null,"directions":null,"maximum_elevation":null,"minimum_elevation":" feet","site_season_start_date":null,"site_season_end_date":null,"latitude":43.71175,"longitude":-122.620867,"infra_last_update":1771858857000,"edw_last_modify":1771898638000,"globalid":"{841D6D0C-9064-465C-925D-8CEB3D3EF394}"}},{"type":"Feature","id":3523769,"geometry":{"type":"Point","coordinates":[-122.284914,43.737405]},"properties":{"objectid":3523769,"site_cn":"5081.005641","managing_org":"061805","site_id":"72731","site_name":"OWL CABINWAY WAY","site_type":"TRAILHEAD","activity_type_list":"No Data","service_type_list":"No Data","seasonal_operational_status":"OPEN","op_status_reason":null,"development_status":"EXISTING","fee_charged":"N","fee_type":null,"recarea_name":"Owl Cabinway Way","public_site_name":null,"alternative_name":null,"rec1stop_url":null,"usda_portal_url":null,"important_info":null,"permit_information":null,"restrictions":null,"closest_towns":null,"water_availability":null,"restroom_availability":null,"operated_by":null,"season_description":null,"directions":null,"maximum_elevation":null,"minimum_elevation":" feet","site_season_start_date":null,"site_season_end_date":null,"latitude":43.7374,"longitude":-122.2849,"infra_last_update":1791045448000,"edw_last_modify":1791092756000,"globalid":"{43483F01-649A-4538-B76D-5ED28BAB4097}"}},{"type":"Feature","id":3523835,"geometry":{"type":"Point","coordinates":[-122.026125,43.920839]},"properties":{"objectid":3523835,"site_cn":"5022.005581","managing_org":"061801","site_id":"72010","site_name":"CROSSING WAY","site_type":"TRAILHEAD","activity_type_list":"No Data","service_type_list":"No Data","seasonal_operational_status":"OPEN","op_status_reason":null,"development_status":"EXISTING","fee_charged":"N","fee_type":null,"recarea_name":"CROSSING WAY","public_site_name":"Crossing Way Trailhead","alternative_name":null,"rec1stop_url":null,"usda_portal_url":"https://www.fs.usda.gov/recarea/willamette/recarea/?recid=81278","important_info":null,"permit_information":null,"restrictions":"Wilderness RegulationsWeed Free Feed Required","closest_towns":"McKenzie Bridge, Oregon","water_availability":"No drinking water is available","restroom_availability":"No restroom available","operated_by":"US Forest Service","season_description":null,"directions":"From Blue River, OR, travel 4 miles east on Highway 126 and turn right onto Forest Road 19 (Aufderheide). Continue right at the Y junction for 3 miles to the top of Cougar Reservoir. At the reservoir, continue south on Forest Road 19 for 25.5 miles and turn left (east) onto Forest Road 1958. Continue east up this road to Crossing Way Trailhead on the right (west) side of the road.","maximum_elevation":null,"minimum_elevation":null,"site_season_start_date":null,"site_season_end_date":null,"latitude":43.92083333,"longitude":-122.0261111,"infra_last_update":1753975102000,"edw_last_modify":1754014212000,"globalid":"{B46C0063-DD15-4C98-8E95-61188479FD72}"}},{"type":"Feature","id":3524043,"geometry":{"type":"Point","coordinates":[-122.145014,43.776672]},"properties":{"objectid":3524043,"site_cn":"5077.005641","managing_org":"061805","site_id":"72727","site_name":"SALMON LAKES","site_type":"TRAILHEAD","activity_type_list":"No Data","service_type_list":"No Data","seasonal_operational_status":"OPEN","op_status_reason":null,"development_status":"EXISTING","fee_charged":"N","fee_type":null,"recarea_name":"Salmon Lakes","public_site_name":null,"alternative_name":null,"rec1stop_url":null,"usda_portal_url":null,"important_info":null,"permit_information":null,"restrictions":null,"closest_towns":null,"water_availability":null,"restroom_availability":null,"operated_by":null,"season_description":null,"directions":null,"maximum_elevation":null,"minimum_elevation":" feet","site_season_start_date":null,"site_season_end_date":null,"latitude":43.776666670000004,"longitude":-122.145,"infra_last_update":1791045448000,"edw_last_modify":1791092757000,"globalid":"{36E8A359-3117-436D-AA43-62ACD1A10D58}"}},{"type":"Feature","id":3524450,"geometry":{"type":"Point","coordinates":[-121.804823,43.954783]},"properties":{"objectid":3524450,"site_cn":"5159.004621","managing_org":"060101","site_id":"12426","site_name":"SIX LAKES","site_type":"TRAILHEAD","activity_type_list":"No Data","service_type_list":"No Data","seasonal_operational_status":"OPEN","op_status_reason":null,"development_status":"EXISTING","fee_charged":"N","fee_type":null,"recarea_name":"Six Lakes","public_site_name":"Six Lakes Trailhead","alternative_name":null,"rec1stop_url":null,"usda_portal_url":"https://www.fs.usda.gov/recarea/deschutes/recarea/?recid=38988","important_info":null,"permit_information":null,"restrictions":null,"closest_towns":"Bend / Sunriver / La Pine, OR","water_availability":"No water is available","restroom_availability":"Vault toilet(s)","operated_by":"US Forest Service","season_description":null,"directions":"From Bend, OR travel 35 miles west on Highway 46 (Cascade Lakes Highway) to the Six Lakes trailhead.","maximum_elevation":null,"minimum_elevation":"5,000 feet","site_season_start_date":null,"site_season_end_date":null,"latitude":43.95477803,"longitude":-121.8048087,"infra_last_update":1766409693000,"edw_last_modify":1766455502000,"globalid":"{6D67C6C5-AE3B-4C7E-84C6-8C1723EE028B}"}},{"type":"Feature","id":3524624,"geometry":{"type":"Point","coordinates":[-122.045437,43.620632]},"properties":{"objectid":3524624,"site_cn":"6490983010602","managing_org":"061805","site_id":"74727","site_name":"MARILYN LAKES","site_type":"TRAILHEAD","activity_type_list":"No Data","service_type_list":"No Data","seasonal_operational_status":"OPEN","op_status_reason":null,"development_status":"EXISTING","fee_charged":"N","fee_type":null,"recarea_name":"Marilyn Lakes","public_site_name":null,"alternative_name":null,"rec1stop_url":null,"usda_portal_url":null,"important_info":null,"permit_information":null,"restrictions":null,"closest_towns":null,"water_availability":null,"restroom_availability":null,"operated_by":null,"season_description":null,"directions":null,"maximum_elevation":null,"minimum_elevation":" feet","site_season_start_date":null,"site_season_end_date":null,"latitude":43.620627000000006,"longitude":-122.045423,"infra_last_update":1771858856000,"edw_last_modify":1771898634000,"globalid":"{F7C13B60-E32C-469F-8060-BA90780390B2}"}},{"type":"Feature","id":3524684,"geometry":{"type":"Point","coordinates":[-122.256314,43.607905]},"properties":{"objectid":3524684,"site_cn":"5461.005571","managing_org":"061805","site_id":"72138","site_name":"POOL CREEK","site_type":"TRAILHEAD","activity_type_list":"No Data","service_type_list":"No Data","seasonal_operational_status":"OPEN","op_status_reason":null,"development_status":"EXISTING","fee_charged":"N","fee_type":null,"recarea_name":"Pool Creek","public_site_name":null,"alternative_name":null,"rec1stop_url":null,"usda_portal_url":null,"important_info":null,"permit_information":null,"restrictions":null,"closest_towns":null,"water_availability":null,"restroom_availability":null,"operated_by":null,"season_description":null,"directions":null,"maximum_elevation":null,"minimum_elevation":" feet","site_season_start_date":null,"site_season_end_date":null,"latitude":43.6079,"longitude":-122.2563,"infra_last_update":1771858858000,"edw_last_modify":1771898702000,"globalid":"{DE97C3E5-6B47-4D48-8EEB-B3448E036BBC}"}},{"type":"Feature","id":3524773,"geometry":{"type":"Point","coordinates":[-122.036714,43.814705]},"properties":{"objectid":3524773,"site_cn":"5073.005641","managing_org":"061805","site_id":"72741","site_name":"BLAIR LAKE TRAILHEAD (EAST)","site_type":"TRAILHEAD","activity_type_list":"No Data","service_type_list":"No Data","seasonal_operational_status":"OPEN","op_status_reason":null,"development_status":"EXISTING","fee_charged":"N","fee_type":null,"recarea_name":"Blair Lake Trailhead (East)","public_site_name":null,"alternative_name":null,"rec1stop_url":null,"usda_portal_url":null,"important_info":null,"permit_information":null,"restrictions":null,"closest_towns":null,"water_availability":null,"restroom_availability":null,"operated_by":null,"season_description":null,"directions":null,"maximum_elevation":null,"minimum_elevation":" feet","site_season_start_date":null,"site_season_end_date":null,"latitude":43.8147,"longitude":-122.0367,"infra_last_update":1771858858000,"edw_last_modify":1771898754000,"globalid":"{20E9FE04-B7E2-4EE8-BE8C-E40E415AA10E}"}},{"type":"Feature","id":3524877,"geometry":{"type":"Point","coordinates":[-122.115414,44.214505]},"properties":{"objectid":3524877,"site_cn":"5019.005581","managing_org":"061801","site_id":"72022","site_name":"LOOKOUT TRAILHEAD (UPPER)","site_type":"TRAILHEAD","activity_type_list":"No Data","service_type_list":"No Data","seasonal_operational_status":"OPEN","op_status_reason":null,"development_status":"EXISTING","fee_charged":"N","fee_type":null,"recarea_name":"Lookout Trailhead (Upper)","public_site_name":null,"alternative_name":null,"rec1stop_url":null,"usda_portal_url":null,"important_info":null,"permit_information":null,"restrictions":null,"closest_towns":null,"water_availability":null,"restroom_availability":null,"operated_by":null,"season_description":null,"directions":null,"maximum_elevation":null,"minimum_elevation":" feet","site_season_start_date":null,"site_season_end_date":null,"latitude":44.2145,"longitude":-122.1154,"infra_last_update":1771858858000,"edw_last_modify":1771898763000,"globalid":"{22614518-C8D5-4626-A773-DF93F0D57385}"}},{"type":"Feature","id":3524880,"geometry":{"type":"Point","coordinates":[-122.560847,43.842228]},"properties":{"objectid":3524880,"site_cn":"5007.005621","managing_org":"061805","site_id":"72585","site_name":"TIRE MOUNTAIN","site_type":"TRAILHEAD","activity_type_list":"No Data","service_type_list":"No Data","seasonal_operational_status":"OPEN","op_status_reason":null,"development_status":"EXISTING","fee_charged":"N","fee_type":null,"recarea_name":"Tire Mountain","public_site_name":null,"alternative_name":null,"rec1stop_url":null,"usda_portal_url":null,"important_info":null,"permit_information":null,"restrictions":null,"closest_towns":null,"water_availability":null,"restroom_availability":null,"operated_by":null,"season_description":null,"directions":null,"maximum_elevation":null,"minimum_elevation":" feet","site_season_start_date":null,"site_season_end_date":null,"latitude":43.84222222,"longitude":-122.56083333,"infra_last_update":1771858853000,"edw_last_modify":1771898764000,"globalid":"{AD9C3501-8BE2-486E-906C-F384DE8A48F5}"}},{"type":"Feature","id":3524916,"geometry":{"type":"Point","coordinates":[-122.03282,43.948867]},"properties":{"objectid":3524916,"site_cn":"11347010565","managing_org":"061801","site_id":"31133","site_name":"ELK CREEK TRAILHEAD","site_type":"TRAILHEAD","activity_type_list":"No Data","service_type_list":"No Data","seasonal_operational_status":"OPEN","op_status_reason":null,"development_status":"EXISTING","fee_charged":"N","fee_type":null,"recarea_name":"Elk Creek Trailhead","public_site_name":null,"alternative_name":null,"rec1stop_url":null,"usda_portal_url":null,"important_info":null,"permit_information":null,"restrictions":null,"closest_towns":null,"water_availability":null,"restroom_availability":null,"operated_by":null,"season_description":null,"directions":null,"maximum_elevation":null,"minimum_elevation":"2,900 feet","site_season_start_date":null,"site_season_end_date":null,"latitude":43.948861109999996,"longitude":-122.03280556,"infra_last_update":1771858859000,"edw_last_modify":1771899194000,"globalid":"{428DB24E-3AC8-46DE-80D4-962959DAA2D6}"}},{"type":"Feature","id":3525470,"geometry":{"type":"Point","coordinates":[-122.657347,43.639555]},"properties":{"objectid":3525470,"site_cn":"6171021010602","managing_org":"061501","site_id":"66472","site_name":"NOONDAY WAGON ROAD","site_type":"TRAILHEAD","activity_type_list":"No Data","service_type_list":"No Data","seasonal_operational_status":"OPEN","op_status_reason":null,"development_status":"EXISTING","fee_charged":"N","fee_type":null,"recarea_name":"Noonday Wagon Road","public_site_name":null,"alternative_name":null,"rec1stop_url":null,"usda_portal_url":null,"important_info":null,"permit_information":null,"restrictions":null,"closest_towns":null,"water_availability":null,"restroom_availability":null,"operated_by":null,"season_description":null,"directions":null,"maximum_elevation":null,"minimum_elevation":" feet","site_season_start_date":null,"site_season_end_date":null,"latitude":43.63955,"longitude":-122.65733300000001,"infra_last_update":1771858859000,"edw_last_modify":1771898638000,"globalid":"{790BF3C0-35A7-4BD2-B213-53D2E79026A0}"}},{"type":"Feature","id":3525506,"geometry":{"type":"Point","coordinates":[-122.457514,43.593405]},"properties":{"objectid":3525506,"site_cn":"5100.005641","managing_org":"061805","site_id":"72106","site_name":"MIDDLE FORK TRAILHEAD (NRT-BUCK CREEK)","site_type":"TRAILHEAD","activity_type_list":"No Data","service_type_list":"No Data","seasonal_operational_status":"OPEN","op_status_reason":null,"development_status":"EXISTING","fee_charged":"N","fee_type":null,"recarea_name":"Middle Fork Trailhead (Nrt-Buck Creek)","public_site_name":null,"alternative_name":null,"rec1stop_url":null,"usda_portal_url":null,"important_info":null,"permit_information":null,"restrictions":null,"closest_towns":null,"water_availability":null,"restroom_availability":null,"operated_by":null,"season_description":null,"directions":null,"maximum_elevation":null,"minimum_elevation":" feet","site_season_start_date":null,"site_season_end_date":null,"latitude":43.5934,"longitude":-122.4575,"infra_last_update":1771858858000,"edw_last_modify":1771898752000,"globalid":"{AAE2FF59-E3CF-4824-A19F-1A67435FFF7A}"}},{"type":"Feature","id":3525550,"geometry":{"type":"Point","coordinates":[-122.464459,43.901672]},"properties":{"objectid":3525550,"site_cn":"5027.005621","managing_org":"061805","site_id":"72550","site_name":"ALPINE (ROAD 1912)","site_type":"TRAILHEAD","activity_type_list":"No Data","service_type_list":"No Data","seasonal_operational_status":"OPEN","op_status_reason":null,"development_status":"EXISTING","fee_charged":"N","fee_type":null,"recarea_name":"Alpine (Road 1912)","public_site_name":null,"alternative_name":null,"rec1stop_url":null,"usda_portal_url":null,"important_info":null,"permit_information":null,"restrictions":null,"closest_towns":null,"water_availability":null,"restroom_availability":null,"operated_by":null,"season_description":null,"directions":null,"maximum_elevation":null,"minimum_elevation":" feet","site_season_start_date":null,"site_season_end_date":null,"latitude":43.901666670000004,"longitude":-122.46444444,"infra_last_update":1771858853000,"edw_last_modify":1771898762000,"globalid":"{BCB4433E-0760-4B4F-8AAA-37B08528684C}"}},{"type":"Feature","id":3525658,"geometry":{"type":"Point","coordinates":[-122.061783,44.061224]},"properties":{"objectid":3525658,"site_cn":"5045.005581","managing_org":"061801","site_id":"72012","site_name":"PAT SADDLE","site_type":"TRAILHEAD","activity_type_list":"No Data","service_type_list":"No Data","seasonal_operational_status":"OPEN","op_status_reason":null,"development_status":"EXISTING","fee_charged":"N","fee_type":null,"recarea_name":"PAT SADDLE","public_site_name":"Pat Saddle Trailhead","alternative_name":null,"rec1stop_url":null,"usda_portal_url":"https://www.fs.usda.gov/recarea/willamette/recarea/?recid=81274","important_info":null,"permit_information":null,"restrictions":"Wilderness RegulationsWeed Free Feed Required","closest_towns":null,"water_availability":null,"restroom_availability":null,"operated_by":null,"season_description":null,"directions":"From Blue River, OR, travel 4 miles east on Highway 126 and turn right onto Forest Road 19 (Aufderheide). Continue right at the Y junction for 3 miles to the top of Cougar Reservoir. At the reservoir, turn left across the dam onto Forest Road 1993 and continue up the road to a spur road on the right (south) side of the road. Follow that spur south around the loop to Pat Saddle Trailhead.","maximum_elevation":null,"minimum_elevation":null,"site_season_start_date":null,"site_season_end_date":null,"latitude":44.061219,"longitude":-122.061769,"infra_last_update":1769692876000,"edw_last_modify":1769738620000,"globalid":"{3C8D0F5D-EC60-4688-9593-BE300E78D167}"}},{"type":"Feature","id":3525788,"geometry":{"type":"Point","coordinates":[-121.80275,43.863989]},"properties":{"objectid":3525788,"site_cn":"5151.004621","managing_org":"060101","site_id":"27954","site_name":"CORRAL SWAMP TRAILHEAD","site_type":"TRAILHEAD","activity_type_list":"No Data","service_type_list":"No Data","seasonal_operational_status":"OPEN","op_status_reason":null,"development_status":"EXISTING","fee_charged":"N","fee_type":null,"recarea_name":"CORRAL SWAMP TRAILHEAD","public_site_name":"Corral Swamp Trailhead","alternative_name":null,"rec1stop_url":null,"usda_portal_url":"https://www.fs.usda.gov/recarea/deschutes/recarea/?recid=38824","important_info":null,"permit_information":null,"restrictions":"Wilderness restrictions applyMaps of areas where special restrictions apply:; Dog leash restrictions,; Camp Chambers,; Green Lakes,; Matthieu and Golden Lakes,; Moraine Lakes,; Sisters Mirror Lakes area. ; Motorized and mechanical equipment (including bic","closest_towns":"Sunriver, Oregon","water_availability":"No water is available","restroom_availability":"No restroom available","operated_by":"US Forest Service","season_description":null,"directions":"From Bend, OR: Travel 41.1 miles southwest on Cascade Lakes Highway (46), then 0.1 miles west on Forest Road 4628, then 1.8 miles west on Forest Road 4632.","maximum_elevation":null,"minimum_elevation":null,"site_season_start_date":null,"site_season_end_date":null,"latitude":43.86398333,"longitude":-121.8027361,"infra_last_update":1753975094000,"edw_last_modify":1754014128000,"globalid":"{2EA7C3E6-E0F6-4783-951E-DC854136F3BB}"}},{"type":"Feature","id":3525846,"geometry":{"type":"Point","coordinates":[-122.074014,43.961605]},"properties":{"objectid":3525846,"site_cn":"5038.005581","managing_org":"061801","site_id":"72016","site_name":"FRISSELL CROSSING TRAILHEAD","site_type":"TRAILHEAD","activity_type_list":"No Data","service_type_list":"No Data","seasonal_operational_status":"OPEN","op_status_reason":null,"development_status":"EXISTING","fee_charged":"N","fee_type":null,"recarea_name":"Frissell Crossing Trailhead","public_site_name":null,"alternative_name":null,"rec1stop_url":null,"usda_portal_url":null,"important_info":null,"permit_information":null,"restrictions":null,"closest_towns":null,"water_availability":null,"restroom_availability":null,"operated_by":null,"season_description":null,"directions":null,"maximum_elevation":null,"minimum_elevation":" feet","site_season_start_date":null,"site_season_end_date":null,"latitude":43.9616,"longitude":-122.074,"infra_last_update":1771858856000,"edw_last_modify":1771898760000,"globalid":"{AA111A15-3B79-4189-9645-C23C9EC35297}"}},{"type":"Feature","id":3525930,"geometry":{"type":"Point","coordinates":[-122.413214,43.501905]},"properties":{"objectid":3525930,"site_cn":"5450.005571","managing_org":"061805","site_id":"72116","site_name":"YOUNGS ROCK","site_type":"TRAILHEAD","activity_type_list":"No Data","service_type_list":"No Data","seasonal_operational_status":"OPEN","op_status_reason":null,"development_status":"EXISTING","fee_charged":"N","fee_type":null,"recarea_name":"Youngs Rock","public_site_name":null,"alternative_name":null,"rec1stop_url":null,"usda_portal_url":null,"important_info":null,"permit_information":null,"restrictions":null,"closest_towns":null,"water_availability":null,"restroom_availability":null,"operated_by":null,"season_description":null,"directions":null,"maximum_elevation":null,"minimum_elevation":" feet","site_season_start_date":null,"site_season_end_date":null,"latitude":43.5019,"longitude":-122.4132,"infra_last_update":1771858859000,"edw_last_modify":1771898705000,"globalid":"{42A5018B-704E-4003-B5E6-624BBD8831E2}"}},{"type":"Feature","id":3526061,"geometry":{"type":"Point","coordinates":[-122.398389,43.400346]},"properties":{"objectid":3526061,"site_cn":"5462.005571","managing_org":"061805","site_id":"72139","site_name":"STALEY RIDGE/DOME ROCK","site_type":"TRAILHEAD","activity_type_list":"No Data","service_type_list":"No Data","seasonal_operational_status":"OPEN","op_status_reason":null,"development_status":"EXISTING","fee_charged":"N","fee_type":null,"recarea_name":"Staley Ridge/Dome Rock","public_site_name":null,"alternative_name":null,"rec1stop_url":null,"usda_portal_url":null,"important_info":null,"permit_information":null,"restrictions":null,"closest_towns":null,"water_availability":null,"restroom_availability":null,"operated_by":null,"season_description":null,"directions":null,"maximum_elevation":null,"minimum_elevation":" feet","site_season_start_date":null,"site_season_end_date":null,"latitude":43.400341000000004,"longitude":-122.398375,"infra_last_update":1771858858000,"edw_last_modify":1771898701000,"globalid":"{996DB635-FA54-4D1A-A8FB-124329A75302}"}},{"type":"Feature","id":3526080,"geometry":{"type":"Point","coordinates":[-122.018625,43.671672]},"properties":{"objectid":3526080,"site_cn":"5059.005641","managing_org":"061805","site_id":"72710","site_name":"BETTY LAKE","site_type":"TRAILHEAD","activity_type_list":"No Data","service_type_list":"No Data","seasonal_operational_status":"OPEN","op_status_reason":null,"development_status":"EXISTING","fee_charged":"N","fee_type":null,"recarea_name":"BETTY LAKE","public_site_name":"Betty Lake Trailhead","alternative_name":null,"rec1stop_url":null,"usda_portal_url":"https://www.fs.usda.gov/recarea/willamette/recarea/?recid=81420","important_info":null,"permit_information":null,"restrictions":null,"closest_towns":null,"water_availability":null,"restroom_availability":null,"operated_by":null,"season_description":null,"directions":"From Oakridge, OR, go east on Highway 58 for 23 miles to the Waldo Lake Road 5897. Follow Waldo Lake Road for 5.5 miles to trailhead on left.","maximum_elevation":null,"minimum_elevation":null,"site_season_start_date":null,"site_season_end_date":null,"latitude":43.67166667,"longitude":-122.01861111000001,"infra_last_update":1744209503000,"edw_last_modify":1744252549000,"globalid":"{5C0AAD4B-9595-45C6-AF66-9BF505EB313C}"}},{"type":"Feature","id":3526197,"geometry":{"type":"Point","coordinates":[-122.266125,43.740561]},"properties":{"objectid":3526197,"site_cn":"5088.005641","managing_org":"061805","site_id":"72738","site_name":"EUGENE TO CREST (AUBREY MOUNTAIN)","site_type":"TRAILHEAD","activity_type_list":"No Data","service_type_list":"No Data","seasonal_operational_status":"OPEN","op_status_reason":null,"development_status":"EXISTING","fee_charged":"N","fee_type":null,"recarea_name":"Eugene To Crest (Aubrey Mountain)","public_site_name":null,"alternative_name":null,"rec1stop_url":null,"usda_portal_url":null,"important_info":null,"permit_information":null,"restrictions":null,"closest_towns":null,"water_availability":null,"restroom_availability":null,"operated_by":null,"season_description":null,"directions":null,"maximum_elevation":null,"minimum_elevation":"1,500 feet","site_season_start_date":null,"site_season_end_date":null,"latitude":43.74055556,"longitude":-122.26611111,"infra_last_update":1771858857000,"edw_last_modify":1771898753000,"globalid":"{45E3E243-DB08-40D9-B764-2D4FA880FA4B}"}},{"type":"Feature","id":3526677,"geometry":{"type":"Point","coordinates":[-122.122545,43.619065]},"properties":{"objectid":3526677,"site_cn":"6491158010602","managing_org":"061805","site_id":"74782","site_name":"SOUTH WALDO (SOUTH)","site_type":"TRAILHEAD","activity_type_list":"No Data","service_type_list":"No Data","seasonal_operational_status":"OPEN","op_status_reason":null,"development_status":"EXISTING","fee_charged":"N","fee_type":null,"recarea_name":"South Waldo (South)","public_site_name":null,"alternative_name":null,"rec1stop_url":null,"usda_portal_url":null,"important_info":null,"permit_information":null,"restrictions":null,"closest_towns":null,"water_availability":null,"restroom_availability":null,"operated_by":null,"season_description":null,"directions":null,"maximum_elevation":null,"minimum_elevation":" feet","site_season_start_date":null,"site_season_end_date":null,"latitude":43.61906,"longitude":-122.12253100000001,"infra_last_update":1771858857000,"edw_last_modify":1771898633000,"globalid":"{3BEE9F64-60CE-4E37-A3C7-B0561B5D2E3F}"}},{"type":"Feature","id":3526763,"geometry":{"type":"Point","coordinates":[-122.015292,43.683061]},"properties":{"objectid":3526763,"site_cn":"5066.005641","managing_org":"061805","site_id":"72717","site_name":"TWINS PEAK","site_type":"TRAILHEAD","activity_type_list":"No Data","service_type_list":"No Data","seasonal_operational_status":"OPEN","op_status_reason":null,"development_status":"EXISTING","fee_charged":"N","fee_type":null,"recarea_name":"Twins Peak","public_site_name":null,"alternative_name":null,"rec1stop_url":null,"usda_portal_url":null,"important_info":null,"permit_information":null,"restrictions":null,"closest_towns":null,"water_availability":null,"restroom_availability":null,"operated_by":null,"season_description":null,"directions":null,"maximum_elevation":null,"minimum_elevation":"5,800 feet","site_season_start_date":null,"site_season_end_date":null,"latitude":43.68305556,"longitude":-122.01527777999999,"infra_last_update":1771858858000,"edw_last_modify":1771898755000,"globalid":"{100C6FA6-00FF-4842-8E76-929B6D774C48}"}},{"type":"Feature","id":3526809,"geometry":{"type":"Point","coordinates":[-122.019736,43.810839]},"properties":{"objectid":3526809,"site_cn":"5075.005641","managing_org":"061805","site_id":"72725","site_name":"HELEN LAKE","site_type":"TRAILHEAD","activity_type_list":"No Data","service_type_list":"No Data","seasonal_operational_status":"OPEN","op_status_reason":null,"development_status":"EXISTING","fee_charged":"N","fee_type":null,"recarea_name":"HELEN LAKE","public_site_name":"Helen Lake Trailhead","alternative_name":null,"rec1stop_url":null,"usda_portal_url":"https://www.fs.usda.gov/recarea/willamette/recarea/?recid=81403","important_info":null,"permit_information":null,"restrictions":"Wilderness RegulationsWeed Free Feed Required","closest_towns":null,"water_availability":null,"restroom_availability":null,"operated_by":null,"season_description":null,"directions":"From Oakridge, OR, travel east on Highway 58, for 23 miles to Forest Road 5897 (Waldo Lake Road). Turn left and follow Forest Road 5897 for 11 miles to Forest Road 5898, which leads to North Waldo Campground and Islet Campground. Continue left (main paved road) on Forest Road 5898 and drive toward North Waldo Campground and turn right onto Forest Road 5989-514 (Taylor Burn Road). Follow Forest Road 514 for 6 miles to the trailhead, which is located on the right side of the road.","maximum_elevation":null,"minimum_elevation":null,"site_season_start_date":null,"site_season_end_date":null,"latitude":43.81083333,"longitude":-122.01972222,"infra_last_update":1744209504000,"edw_last_modify":1744252541000,"globalid":"{AC9DA109-34BA-412E-925E-A4B75E09E77C}"}},{"type":"Feature","id":3526836,"geometry":{"type":"Point","coordinates":[-122.640131,43.731222]},"properties":{"objectid":3526836,"site_cn":"6170985010602","managing_org":"061501","site_id":"66462","site_name":"SPIRIT FALLS","site_type":"TRAILHEAD","activity_type_list":"No Data","service_type_list":"No Data","seasonal_operational_status":"OPEN","op_status_reason":null,"development_status":"EXISTING","fee_charged":"N","fee_type":null,"recarea_name":"Spirit Falls","public_site_name":null,"alternative_name":null,"rec1stop_url":null,"usda_portal_url":null,"important_info":null,"permit_information":null,"restrictions":null,"closest_towns":null,"water_availability":null,"restroom_availability":null,"operated_by":null,"season_description":null,"directions":null,"maximum_elevation":null,"minimum_elevation":" feet","site_season_start_date":null,"site_season_end_date":null,"latitude":43.731217,"longitude":-122.640117,"infra_last_update":1771858856000,"edw_last_modify":1771898638000,"globalid":"{BF327762-5DC4-4BDB-8222-D8A1799BA1BA}"}},{"type":"Feature","id":3526896,"geometry":{"type":"Point","coordinates":[-122.681231,43.772122]},"properties":{"objectid":3526896,"site_cn":"6170978010602","managing_org":"061501","site_id":"66459","site_name":"HARDESTY WAY","site_type":"TRAILHEAD","activity_type_list":"No Data","service_type_list":"No Data","seasonal_operational_status":"OPEN","op_status_reason":null,"development_status":"EXISTING","fee_charged":"N","fee_type":null,"recarea_name":"Hardesty Way","public_site_name":null,"alternative_name":null,"rec1stop_url":null,"usda_portal_url":null,"important_info":null,"permit_information":null,"restrictions":null,"closest_towns":null,"water_availability":null,"restroom_availability":null,"operated_by":null,"season_description":null,"directions":null,"maximum_elevation":null,"minimum_elevation":" feet","site_season_start_date":null,"site_season_end_date":null,"latitude":43.772117,"longitude":-122.681217,"infra_last_update":1771858857000,"edw_last_modify":1771898638000,"globalid":"{0349D129-D92A-4055-8EBF-BEDE57DE642F}"}},{"type":"Feature","id":3526996,"geometry":{"type":"Point","coordinates":[-122.033347,43.367505]},"properties":{"objectid":3526996,"site_cn":"6262327010602","managing_org":"061503","site_id":"66499","site_name":"WINDIGO PASS (PACIFIC CREST TRAIL)","site_type":"TRAILHEAD","activity_type_list":"No Data","service_type_list":"No Data","seasonal_operational_status":"OPEN","op_status_reason":null,"development_status":"EXISTING","fee_charged":"N","fee_type":null,"recarea_name":"WINDIGO PASS (PACIFIC CREST TRAIL)","public_site_name":"Windigo Pass Trailhead","alternative_name":null,"rec1stop_url":null,"usda_portal_url":null,"important_info":null,"permit_information":null,"restrictions":null,"closest_towns":"Glide, OR","water_availability":"Water can be treated or filtered from nearby water sources","restroom_availability":"No restroom available","operated_by":"US Forest Service","season_description":null,"directions":"From Glide, OR, follow OR-138 E, turn left onto Forest Service Road (FSR) 60, turn right to stay on FSR 60, destination will be on the right.","maximum_elevation":null,"minimum_elevation":null,"site_season_start_date":null,"site_season_end_date":null,"latitude":43.3675,"longitude":-122.0333333,"infra_last_update":1753975100000,"edw_last_modify":1754013978000,"globalid":"{6914FA62-DD29-4FC5-BCF9-47B16B4CD6BF}"}},{"type":"Feature","id":3527047,"geometry":{"type":"Point","coordinates":[-122.120814,43.432005]},"properties":{"objectid":3527047,"site_cn":"5470.005571","managing_org":"061805","site_id":"72141","site_name":"WINDY PASS","site_type":"TRAILHEAD","activity_type_list":"No Data","service_type_list":"No Data","seasonal_operational_status":"OPEN","op_status_reason":null,"development_status":"EXISTING","fee_charged":"N","fee_type":null,"recarea_name":"Windy Pass","public_site_name":null,"alternative_name":null,"rec1stop_url":null,"usda_portal_url":null,"important_info":null,"permit_information":null,"restrictions":null,"closest_towns":null,"water_availability":null,"restroom_availability":null,"operated_by":null,"season_description":null,"directions":null,"maximum_elevation":null,"minimum_elevation":" feet","site_season_start_date":null,"site_season_end_date":null,"latitude":43.432,"longitude":-122.1208,"infra_last_update":1771858857000,"edw_last_modify":1771898700000,"globalid":"{14678ED0-89B8-4793-B825-50652DC4959F}"}},{"type":"Feature","id":3527158,"geometry":{"type":"Point","coordinates":[-122.121092,43.420502]},"properties":{"objectid":3527158,"site_cn":"5048.005641","managing_org":"061805","site_id":"15189","site_name":"OPAL LAKE","site_type":"TRAILHEAD","activity_type_list":"No Data","service_type_list":"No Data","seasonal_operational_status":"OPEN","op_status_reason":null,"development_status":"EXISTING","fee_charged":"N","fee_type":null,"recarea_name":"Opal Lake Picnic Area","public_site_name":"Opal Lake Picnic Area","alternative_name":null,"rec1stop_url":null,"usda_portal_url":null,"important_info":null,"permit_information":null,"restrictions":null,"closest_towns":null,"water_availability":null,"restroom_availability":null,"operated_by":null,"season_description":null,"directions":null,"maximum_elevation":null,"minimum_elevation":" feet","site_season_start_date":null,"site_season_end_date":null,"latitude":43.420497,"longitude":-122.121078,"infra_last_update":1633280932000,"edw_last_modify":1744204323000,"globalid":"{10791658-6C80-4AE1-B4BF-66C5F961BFF7}"}},{"type":"Feature","id":3527214,"geometry":{"type":"Point","coordinates":[-122.110847,43.702783]},"properties":{"objectid":3527214,"site_cn":"5084.005641","managing_org":"061805","site_id":"72734","site_name":"BLACK CREEK (WEST)","site_type":"TRAILHEAD","activity_type_list":"No Data","service_type_list":"No Data","seasonal_operational_status":"OPEN","op_status_reason":null,"development_status":"EXISTING","fee_charged":"N","fee_type":null,"recarea_name":"Black Creek (West)","public_site_name":null,"alternative_name":null,"rec1stop_url":null,"usda_portal_url":null,"important_info":null,"permit_information":null,"restrictions":null,"closest_towns":null,"water_availability":null,"restroom_availability":null,"operated_by":null,"season_description":null,"directions":null,"maximum_elevation":null,"minimum_elevation":" feet","site_season_start_date":null,"site_season_end_date":null,"latitude":43.70277778,"longitude":-122.11083332999999,"infra_last_update":1771858857000,"edw_last_modify":1771898753000,"globalid":"{77889B8E-C292-4804-8640-DBE4F268C756}"}},{"type":"Feature","id":3527268,"geometry":{"type":"Point","coordinates":[-122.220209,44.103367]},"properties":{"objectid":3527268,"site_cn":"5048.005581","managing_org":"061801","site_id":"72005","site_name":"LOWDER/WALKER TRAILHEAD","site_type":"TRAILHEAD","activity_type_list":"No Data","service_type_list":"No Data","seasonal_operational_status":"OPEN","op_status_reason":null,"development_status":"EXISTING","fee_charged":"N","fee_type":null,"recarea_name":"Lowder/Walker Trailhead","public_site_name":null,"alternative_name":null,"rec1stop_url":null,"usda_portal_url":null,"important_info":null,"permit_information":null,"restrictions":null,"closest_towns":null,"water_availability":null,"restroom_availability":null,"operated_by":null,"season_description":null,"directions":null,"maximum_elevation":null,"minimum_elevation":" feet","site_season_start_date":null,"site_season_end_date":null,"latitude":44.103361109999994,"longitude":-122.22019445000001,"infra_last_update":1771858859000,"edw_last_modify":1771898759000,"globalid":"{F44C7046-CCD4-41D7-B5BC-50087D35FAC5}"}},{"type":"Feature","id":3527288,"geometry":{"type":"Point","coordinates":[-122.173514,43.583705]},"properties":{"objectid":3527288,"site_cn":"5460.005571","managing_org":"061805","site_id":"72137","site_name":"PINTO MOUNTAIN","site_type":"TRAILHEAD","activity_type_list":"No Data","service_type_list":"No Data","seasonal_operational_status":"OPEN","op_status_reason":null,"development_status":"EXISTING","fee_charged":"N","fee_type":null,"recarea_name":"Pinto Mountain","public_site_name":null,"alternative_name":null,"rec1stop_url":null,"usda_portal_url":null,"important_info":null,"permit_information":null,"restrictions":null,"closest_towns":null,"water_availability":null,"restroom_availability":null,"operated_by":null,"season_description":null,"directions":null,"maximum_elevation":null,"minimum_elevation":" feet","site_season_start_date":null,"site_season_end_date":null,"latitude":43.5837,"longitude":-122.1735,"infra_last_update":1771858855000,"edw_last_modify":1771898702000,"globalid":"{F1023CD3-E4C2-481B-ADC0-703ACDD417AA}"}},{"type":"Feature","id":3527317,"geometry":{"type":"Point","coordinates":[-122.149097,44.160311]},"properties":{"objectid":3527317,"site_cn":"5437.005571","managing_org":"061801","site_id":"72685","site_name":"HORSE CREEK TRAILHEAD","site_type":"TRAILHEAD","activity_type_list":"No Data","service_type_list":"No Data","seasonal_operational_status":"OPEN","op_status_reason":null,"development_status":"EXISTING","fee_charged":"N","fee_type":null,"recarea_name":"HORSE CREEK TRAILHEAD","public_site_name":"Horse Creek Trailhead","alternative_name":null,"rec1stop_url":null,"usda_portal_url":"https://www.fs.usda.gov/recarea/willamette/recarea/?recid=81269","important_info":null,"permit_information":null,"restrictions":"Wilderness RegulationsWeed Free Feed Required","closest_towns":null,"water_availability":null,"restroom_availability":null,"operated_by":null,"season_description":null,"directions":"From McKenzie Bridge, OR, travel west on Highway 126 to Forest Road 2638 (Horse Creek Road). Travel southeast on Forest Road 2638 to a small pull out on the left (east) at Horse Creek Trailhead.","maximum_elevation":null,"minimum_elevation":null,"site_season_start_date":null,"site_season_end_date":null,"latitude":44.16030556,"longitude":-122.14908333,"infra_last_update":1744209511000,"edw_last_modify":1744252440000,"globalid":"{3868E784-BBE3-473E-A5BD-6B05C82375D2}"}},{"type":"Feature","id":3527986,"geometry":{"type":"Point","coordinates":[-122.026086,43.459825]},"properties":{"objectid":3527986,"site_cn":"5238.004621","managing_org":"060102","site_id":"33248","site_name":"WINDY/OLDENBERG LAKES","site_type":"TRAILHEAD","activity_type_list":"No Data","service_type_list":"No Data","seasonal_operational_status":"OPEN","op_status_reason":null,"development_status":"EXISTING","fee_charged":"N","fee_type":null,"recarea_name":"WINDY/OLDENBERG LAKES","public_site_name":"Windy/Oldenberg Trailhead","alternative_name":null,"rec1stop_url":null,"usda_portal_url":"https://www.fs.usda.gov/recarea/deschutes/recreation/recarea/?recid=39082","important_info":null,"permit_information":null,"restrictions":null,"closest_towns":"Crescent, OR","water_availability":"No water is available","restroom_availability":"Vault toilet(s)","operated_by":"US Forest Service","season_description":null,"directions":"From Crescent: Head west on Crescent Cutoff (County Road 61), turn right onto Highway 58 for approximately 4 miles, turn left onto Forest Service Road 60 and travel approximately 5 miles to the trailhead.","maximum_elevation":null,"minimum_elevation":null,"site_season_start_date":null,"site_season_end_date":null,"latitude":43.459819440000004,"longitude":-122.0260722,"infra_last_update":1766409664000,"edw_last_modify":1766455476000,"globalid":"{0E0BB3A4-772F-422C-B788-76F281D5D9E9}"}},{"type":"Feature","id":3528197,"geometry":{"type":"Point","coordinates":[-122.269459,44.032505]},"properties":{"objectid":3528197,"site_cn":"5018.005581","managing_org":"061801","site_id":"72025","site_name":"INDIAN RIDGE TRAILHEAD (LOWER)","site_type":"TRAILHEAD","activity_type_list":"No Data","service_type_list":"No Data","seasonal_operational_status":"OPEN","op_status_reason":null,"development_status":"EXISTING","fee_charged":"N","fee_type":null,"recarea_name":"Indian Ridge Trailhead (Lower)","public_site_name":null,"alternative_name":null,"rec1stop_url":null,"usda_portal_url":null,"important_info":null,"permit_information":null,"restrictions":null,"closest_towns":null,"water_availability":null,"restroom_availability":null,"operated_by":null,"season_description":null,"directions":null,"maximum_elevation":null,"minimum_elevation":" feet","site_season_start_date":null,"site_season_end_date":null,"latitude":44.0325,"longitude":-122.26944444,"infra_last_update":1771858856000,"edw_last_modify":1771898763000,"globalid":"{859FFA00-BB07-4555-BE91-9EE2A103BC6F}"}},{"type":"Feature","id":3528278,"geometry":{"type":"Point","coordinates":[-122.031471,43.597165]},"properties":{"objectid":3528278,"site_cn":"11138010467","managing_org":"060102","site_id":"40536","site_name":"SKYLINE TRAILHEAD","site_type":"TRAILHEAD","activity_type_list":"No Data","service_type_list":"No Data","seasonal_operational_status":"OPEN","op_status_reason":null,"development_status":"EXISTING","fee_charged":"N","fee_type":null,"recarea_name":"Skyline Trailhead","public_site_name":"Rosary Lakes Trailhead","alternative_name":null,"rec1stop_url":null,"usda_portal_url":"https://www.fs.usda.gov/recarea/deschutes/recarea/?recid=81145","important_info":null,"permit_information":null,"restrictions":null,"closest_towns":"Crescent, OR","water_availability":"No water is available","restroom_availability":"Vault toilet(s)","operated_by":"US Forest Service","season_description":null,"directions":"From Crescent: Travel 1 miles west on County Road 61 then take a right (north) onto Hwy 58 for approximately 10.5 miles and take a right at the ODOT sandshed; trailhead will be on your right.","maximum_elevation":null,"minimum_elevation":"5,134 feet","site_season_start_date":null,"site_season_end_date":null,"latitude":43.597159999999995,"longitude":-122.0314567,"infra_last_update":1753975094000,"edw_last_modify":1754014297000,"globalid":"{8ACEA40D-0573-4880-9ACA-26FA65047A5F}"}},{"type":"Feature","id":3528473,"geometry":{"type":"Point","coordinates":[-122.091436,43.629788]},"properties":{"objectid":3528473,"site_cn":"5065.005641","managing_org":"061805","site_id":"72716","site_name":"FUJI MOUNTAIN (UPPER)","site_type":"TRAILHEAD","activity_type_list":"No Data","service_type_list":"No Data","seasonal_operational_status":"OPEN","op_status_reason":null,"development_status":"EXISTING","fee_charged":"N","fee_type":null,"recarea_name":"Fuji Mountain (Upper)","public_site_name":null,"alternative_name":null,"rec1stop_url":null,"usda_portal_url":null,"important_info":null,"permit_information":null,"restrictions":null,"closest_towns":null,"water_availability":null,"restroom_availability":null,"operated_by":null,"season_description":null,"directions":null,"maximum_elevation":null,"minimum_elevation":"5,000 feet","site_season_start_date":null,"site_season_end_date":null,"latitude":43.629782999999996,"longitude":-122.091422,"infra_last_update":1771858858000,"edw_last_modify":1771898755000,"globalid":"{2599E6DB-4F9C-4F36-80D7-B17CF1C3CB4C}"}},{"type":"Feature","id":3528487,"geometry":{"type":"Point","coordinates":[-122.083283,43.907083]},"properties":{"objectid":3528487,"site_cn":"10081010565","managing_org":"061805","site_id":"72754","site_name":"BOX CANYON TRAILHEAD","site_type":"TRAILHEAD","activity_type_list":"No Data","service_type_list":"No Data","seasonal_operational_status":"OPEN","op_status_reason":null,"development_status":"EXISTING","fee_charged":"N","fee_type":null,"recarea_name":"BOX CANYON TRAILHEAD","public_site_name":"Box Canyon Trailhead","alternative_name":null,"rec1stop_url":null,"usda_portal_url":"https://www.fs.usda.gov/recarea/willamette/recarea/?recid=81279","important_info":null,"permit_information":null,"restrictions":null,"closest_towns":null,"water_availability":null,"restroom_availability":null,"operated_by":null,"season_description":null,"directions":"From Blue River, OR, travel 4 miles east on Highway 126 and turn right onto Forest Road 19 (Aufderheide). Continue right at the Y junction for 3 miles to the top of Cougar Reservoir. At the reservoir, continue south on Forest Road 19 for 26 miles and turn right (west) into Box Canyon Horse Camp and Box Canyon Trailhead by the water troughs.","maximum_elevation":null,"minimum_elevation":null,"site_season_start_date":null,"site_season_end_date":null,"latitude":43.907078,"longitude":-122.083269,"infra_last_update":1744209518000,"edw_last_modify":1744252630000,"globalid":"{65C82A25-EDF1-480E-A3A4-99A00FC87CAC}"}},{"type":"Feature","id":3528499,"geometry":{"type":"Point","coordinates":[-122.494414,43.759805]},"properties":{"objectid":3528499,"site_cn":"5067.005641","managing_org":"061805","site_id":"72718","site_name":"NORTH FORK (OFFICE BRIDGE)","site_type":"TRAILHEAD","activity_type_list":"No Data","service_type_list":"No Data","seasonal_operational_status":"OPEN","op_status_reason":null,"development_status":"EXISTING","fee_charged":"N","fee_type":null,"recarea_name":"North Fork (Office Bridge)","public_site_name":null,"alternative_name":null,"rec1stop_url":null,"usda_portal_url":null,"important_info":null,"permit_information":null,"restrictions":null,"closest_towns":null,"water_availability":null,"restroom_availability":null,"operated_by":null,"season_description":null,"directions":null,"maximum_elevation":null,"minimum_elevation":" feet","site_season_start_date":null,"site_season_end_date":null,"latitude":43.7598,"longitude":-122.4944,"infra_last_update":1771858859000,"edw_last_modify":1771898755000,"globalid":"{1211B9C8-BED7-45AA-9F9C-ABF549235841}"}},{"type":"Feature","id":3528686,"geometry":{"type":"Point","coordinates":[-122.002714,43.787805]},"properties":{"objectid":3528686,"site_cn":"5080.005641","managing_org":"061805","site_id":"72730","site_name":"TORREY LAKE","site_type":"TRAILHEAD","activity_type_list":"No Data","service_type_list":"No Data","seasonal_operational_status":"OPEN","op_status_reason":null,"development_status":"EXISTING","fee_charged":"N","fee_type":null,"recarea_name":"Torrey Lake","public_site_name":null,"alternative_name":null,"rec1stop_url":null,"usda_portal_url":null,"important_info":null,"permit_information":null,"restrictions":null,"closest_towns":null,"water_availability":null,"restroom_availability":null,"operated_by":null,"season_description":null,"directions":null,"maximum_elevation":null,"minimum_elevation":" feet","site_season_start_date":null,"site_season_end_date":null,"latitude":43.7878,"longitude":-122.0027,"infra_last_update":1771858857000,"edw_last_modify":1771898753000,"globalid":"{B0154E3C-32E1-474B-BB3E-27B60F3265FE}"}},{"type":"Feature","id":3528719,"geometry":{"type":"Point","coordinates":[-122.429991,43.750339]},"properties":{"objectid":3528719,"site_cn":"5089.005641","managing_org":"061805","site_id":"72739","site_name":"SALMON CREEK","site_type":"TRAILHEAD","activity_type_list":"No Data","service_type_list":"No Data","seasonal_operational_status":"OPEN","op_status_reason":null,"development_status":"EXISTING","fee_charged":"N","fee_type":null,"recarea_name":"Salmon Creek","public_site_name":null,"alternative_name":null,"rec1stop_url":null,"usda_portal_url":null,"important_info":null,"permit_information":null,"restrictions":null,"closest_towns":null,"water_availability":null,"restroom_availability":null,"operated_by":null,"season_description":null,"directions":null,"maximum_elevation":null,"minimum_elevation":" feet","site_season_start_date":null,"site_season_end_date":null,"latitude":43.750334,"longitude":-122.42997700000001,"infra_last_update":1771858857000,"edw_last_modify":1771898752000,"globalid":"{B3375A62-19F7-45EC-99C0-6110C52E1E3C}"}},{"type":"Feature","id":3528874,"geometry":{"type":"Point","coordinates":[-121.675247,44.055828]},"properties":{"objectid":3528874,"site_cn":"5150.004621","managing_org":"060101","site_id":"40022","site_name":"BROKEN TOP","site_type":"TRAILHEAD","activity_type_list":"No Data","service_type_list":"No Data","seasonal_operational_status":"OPEN","op_status_reason":null,"development_status":"EXISTING","fee_charged":"N","fee_type":null,"recarea_name":"BROKEN TOP","public_site_name":"Broken Top Trailhead","alternative_name":null,"rec1stop_url":null,"usda_portal_url":"https://www.fs.usda.gov/recarea/deschutes/recarea/?recid=38810","important_info":null,"permit_information":null,"restrictions":"Wilderness restrictions apply in the Three Sisters WildernessMaps of areas where special restrictions apply:; Dog leash restrictions,; Camp Chambers,; Green Lakes,; Matthieu and Golden Lakes,; Moraine Lakes,; Sisters Mirror Lakes area. ; Motorized and mec","closest_towns":"Bend, Oregon","water_availability":"No water is available","restroom_availability":"Vault toilet(s)","operated_by":"US Forest Service","season_description":null,"directions":"From Bend, OR: Travel 24.0 miles west on Cascade Lakes Highway (46), then 4.0 miles north on Forest Road 4600-370, then about 1 mile west on Forest Road 4600-380.View Larger Map","maximum_elevation":null,"minimum_elevation":null,"site_season_start_date":null,"site_season_end_date":null,"latitude":44.055822219999996,"longitude":-121.6752333,"infra_last_update":1766409408000,"edw_last_modify":1766455505000,"globalid":"{C9C2708F-0699-4B64-8F3E-A7D9F14FED5A}"}},{"type":"Feature","id":3528942,"geometry":{"type":"Point","coordinates":[-122.175292,43.48445]},"properties":{"objectid":3528942,"site_cn":"5363.005571","managing_org":"061805","site_id":"72129","site_name":"ROCKPILE","site_type":"TRAILHEAD","activity_type_list":"No Data","service_type_list":"No Data","seasonal_operational_status":"OPEN","op_status_reason":null,"development_status":"EXISTING","fee_charged":"N","fee_type":null,"recarea_name":"Rockpile","public_site_name":null,"alternative_name":null,"rec1stop_url":null,"usda_portal_url":null,"important_info":null,"permit_information":null,"restrictions":null,"closest_towns":null,"water_availability":null,"restroom_availability":null,"operated_by":null,"season_description":null,"directions":null,"maximum_elevation":null,"minimum_elevation":" feet","site_season_start_date":null,"site_season_end_date":null,"latitude":43.484444440000004,"longitude":-122.17527778,"infra_last_update":1771858855000,"edw_last_modify":1771898715000,"globalid":"{3C1DD4C7-2423-47C0-BC72-A93D05D613EC}"}},{"type":"Feature","id":3529232,"geometry":{"type":"Point","coordinates":[-122.616547,43.637122]},"properties":{"objectid":3529232,"site_cn":"6170994010602","managing_org":"061501","site_id":"66466","site_name":"PARKER FALLS","site_type":"TRAILHEAD","activity_type_list":"No Data","service_type_list":"No Data","seasonal_operational_status":"OPEN","op_status_reason":null,"development_status":"EXISTING","fee_charged":"N","fee_type":null,"recarea_name":"Parker Falls","public_site_name":null,"alternative_name":null,"rec1stop_url":null,"usda_portal_url":null,"important_info":null,"permit_information":null,"restrictions":null,"closest_towns":null,"water_availability":null,"restroom_availability":null,"operated_by":null,"season_description":null,"directions":null,"maximum_elevation":null,"minimum_elevation":" feet","site_season_start_date":null,"site_season_end_date":null,"latitude":43.637116999999996,"longitude":-122.616533,"infra_last_update":1771858859000,"edw_last_modify":1771898638000,"globalid":"{152751EB-A2F6-4C08-8B22-169CD34CD6C3}"}},{"type":"Feature","id":3529429,"geometry":{"type":"Point","coordinates":[-122.594459,43.815283]},"properties":{"objectid":3529429,"site_cn":"5022.005641","managing_org":"061805","site_id":"29864","site_name":"HARRALSON TRAILHEAD","site_type":"TRAILHEAD","activity_type_list":"No Data","service_type_list":"No Data","seasonal_operational_status":"OPEN","op_status_reason":null,"development_status":"EXISTING","fee_charged":"Y","fee_type":"STANDARD AMENITY FEE","recarea_name":"Harralson T.H.","public_site_name":"Harralson Trailhead","alternative_name":null,"rec1stop_url":null,"usda_portal_url":"https://www.fs.usda.gov/recarea/willamette/recarea/?recid=80273","important_info":null,"permit_information":null,"restrictions":"Weed Free Feed RequiredNo stock allowed in any of the Waldo Lake developed camps.Camping is not allowed more than 14 days in a 60 day period.Check-in time: 2:00 pm or later. Check-out time: 1:00 pm; Use of chainsaws in the campground is prohibitedDogs MUS","closest_towns":"Oakridge, Oregon","water_availability":"No drinking water is available","restroom_availability":"Vault toilet(s)","operated_by":"US Forest Service","season_description":null,"directions":"From Oakridge, Oregon: At the intersection of Crestview Street and Oregon State Highway 58 (at the only traffic light along State Highway 58 in Oakridge), travel east on Highway 58 for 23.3 miles. Turn left onto the Waldo Lake Road/Forest Road 5897. Travel for approximately 12 miles. ; Where the paved road begins a sharp left curve, stay straight and follow the road (which becomes unpaved) into the camp.","maximum_elevation":null,"minimum_elevation":"5,500 feet","site_season_start_date":null,"site_season_end_date":null,"latitude":43.815277779999995,"longitude":-122.59444439999999,"infra_last_update":1786027858000,"edw_last_modify":1786068381000,"globalid":"{18362E99-E510-4A0A-9732-0BDED9038AC2}"}},{"type":"Feature","id":3529443,"geometry":{"type":"Point","coordinates":[-122.340847,43.558616]},"properties":{"objectid":3529443,"site_cn":"6262323010602","managing_org":"061503","site_id":"66497","site_name":"WHITE MULE (NORTH UMPQUA TRAIL)","site_type":"TRAILHEAD","activity_type_list":"No Data","service_type_list":"No Data","seasonal_operational_status":"OPEN","op_status_reason":null,"development_status":"EXISTING","fee_charged":"N","fee_type":null,"recarea_name":"WHITE MULE (NORTH UMPQUA TRAIL)","public_site_name":"White Mule Trailhead","alternative_name":null,"rec1stop_url":null,"usda_portal_url":null,"important_info":null,"permit_information":null,"restrictions":null,"closest_towns":"Glide, OR","water_availability":"No water is available","restroom_availability":"No restroom available","operated_by":"US Forest Service","season_description":null,"directions":"To reach the White Mule Trailhead, turn north off Hwy 138 at milepost 72 onto Forest Road 2610 (Birds Point Road) and travel 5.2 miles across dam which forms Lemolo Reservoir. Stay left onto Forest Road 2610 about 0.75 mile. Trailhead is on the left. Parking available for three standard vehicles, very tight for horse trailers.","maximum_elevation":null,"minimum_elevation":null,"site_season_start_date":null,"site_season_end_date":null,"latitude":43.55861111,"longitude":-122.3408333,"infra_last_update":1753975100000,"edw_last_modify":1754013979000,"globalid":"{75A6767B-DE18-45F9-B7D0-5412031561C6}"}},{"type":"Feature","id":3529530,"geometry":{"type":"Point","coordinates":[-122.068431,43.935283]},"properties":{"objectid":3529530,"site_cn":"5016.005581","managing_org":"061801","site_id":"72027","site_name":"ROARING RIDGE TRAILHEAD (LOWER)","site_type":"TRAILHEAD","activity_type_list":"No Data","service_type_list":"No Data","seasonal_operational_status":"OPEN","op_status_reason":null,"development_status":"EXISTING","fee_charged":"N","fee_type":null,"recarea_name":"Roaring Ridge Trailhead (Lower)","public_site_name":null,"alternative_name":null,"rec1stop_url":null,"usda_portal_url":null,"important_info":null,"permit_information":null,"restrictions":null,"closest_towns":null,"water_availability":null,"restroom_availability":null,"operated_by":null,"season_description":null,"directions":null,"maximum_elevation":null,"minimum_elevation":" feet","site_season_start_date":null,"site_season_end_date":null,"latitude":43.93527777,"longitude":-122.06841666999999,"infra_last_update":1771858857000,"edw_last_modify":1771898763000,"globalid":"{57B67C5F-D4D4-4EB2-AD66-F2757AADD244}"}},{"type":"Feature","id":3529569,"geometry":{"type":"Point","coordinates":[-122.521125,43.752505]},"properties":{"objectid":3529569,"site_cn":"5094.005641","managing_org":"061805","site_id":"72745","site_name":"ALPINE (LOWER)","site_type":"TRAILHEAD","activity_type_list":"No Data","service_type_list":"No Data","seasonal_operational_status":"OPEN","op_status_reason":null,"development_status":"EXISTING","fee_charged":"N","fee_type":null,"recarea_name":"Alpine (Lower)","public_site_name":null,"alternative_name":null,"rec1stop_url":null,"usda_portal_url":null,"important_info":null,"permit_information":null,"restrictions":null,"closest_towns":null,"water_availability":null,"restroom_availability":null,"operated_by":null,"season_description":null,"directions":null,"maximum_elevation":null,"minimum_elevation":" feet","site_season_start_date":null,"site_season_end_date":null,"latitude":43.7525,"longitude":-122.52111111,"infra_last_update":1771858854000,"edw_last_modify":1771898752000,"globalid":"{89CF4AE0-EA8A-41BD-A6BD-D9315CFCA49E}"}},{"type":"Feature","id":3529692,"geometry":{"type":"Point","coordinates":[-121.972236,44.136672]},"properties":{"objectid":3529692,"site_cn":"5246.005571","managing_org":"061801","site_id":"72696","site_name":"SEPARATION LAKE","site_type":"TRAILHEAD","activity_type_list":"No Data","service_type_list":"No Data","seasonal_operational_status":"OPEN","op_status_reason":null,"development_status":"EXISTING","fee_charged":"N","fee_type":null,"recarea_name":"SEPARATION LAKE","public_site_name":"Separation Lake Trailhead","alternative_name":null,"rec1stop_url":null,"usda_portal_url":"https://www.fs.usda.gov/recarea/willamette/recarea/?recid=81267","important_info":null,"permit_information":null,"restrictions":"Wilderness RegulationsWeed Free Feed Required","closest_towns":null,"water_availability":null,"restroom_availability":null,"operated_by":null,"season_description":null,"directions":"From McKenzie Bridge, OR, drive east on Highway 126 for 3 miles to Forest Road 2643 (Foley Ridge Road). Follow Forest Road 2643 uphill for 10 miles to Forest Road 480. Turn right (west) on Forest Road 480 and follow it to a loop where it ends at Separation Lake Trailhead.","maximum_elevation":null,"minimum_elevation":null,"site_season_start_date":null,"site_season_end_date":null,"latitude":44.136666670000004,"longitude":-121.97222222,"infra_last_update":1744209508000,"edw_last_modify":1744252475000,"globalid":"{507E78BF-D231-4529-86DF-BB8415A11720}"}},{"type":"Feature","id":3529813,"geometry":{"type":"Point","coordinates":[-121.766067,44.033544]},"properties":{"objectid":3529813,"site_cn":"5129.004621","managing_org":"060101","site_id":"30959","site_name":"WICKIUP PLAINS","site_type":"TRAILHEAD","activity_type_list":"No Data","service_type_list":"No Data","seasonal_operational_status":"OPEN","op_status_reason":null,"development_status":"EXISTING","fee_charged":"Y","fee_type":"STANDARD AMENITY FEE","recarea_name":"Wickiup Plains","public_site_name":"Wickiup Plains Trailhead","alternative_name":null,"rec1stop_url":null,"usda_portal_url":"https://www.fs.usda.gov/recarea/deschutes/recarea/?recid=80317","important_info":null,"permit_information":null,"restrictions":null,"closest_towns":"Bend/Sunriver, OR","water_availability":"No water is available","restroom_availability":"Vault toilet(s)","operated_by":"US Forest Service","season_description":null,"directions":"From Bend, OR: Travel 28.7 miles west on Cascade Lakes Highway (46). The trailhead is adjacent to Devils Lake.","maximum_elevation":null,"minimum_elevation":"5,500 feet","site_season_start_date":null,"site_season_end_date":null,"latitude":44.033538889999996,"longitude":-121.76605280000001,"infra_last_update":1753975095000,"edw_last_modify":1754014142000,"globalid":"{F019D3C0-3792-4D80-9A4D-5C4642A70D4F}"}},{"type":"Feature","id":3529943,"geometry":{"type":"Point","coordinates":[-122.664214,43.792505]},"properties":{"objectid":3529943,"site_cn":"6170979010602","managing_org":"061501","site_id":"66460","site_name":"HARDESTY MOUNTAIN","site_type":"TRAILHEAD","activity_type_list":"No Data","service_type_list":"No Data","seasonal_operational_status":"OPEN","op_status_reason":null,"development_status":"EXISTING","fee_charged":"N","fee_type":null,"recarea_name":"Hardesty Mountain","public_site_name":null,"alternative_name":null,"rec1stop_url":null,"usda_portal_url":null,"important_info":null,"permit_information":null,"restrictions":null,"closest_towns":null,"water_availability":null,"restroom_availability":null,"operated_by":null,"season_description":null,"directions":null,"maximum_elevation":null,"minimum_elevation":" feet","site_season_start_date":null,"site_season_end_date":null,"latitude":43.7925,"longitude":-122.6642,"infra_last_update":1771858858000,"edw_last_modify":1771898638000,"globalid":"{B2F0E5AA-25F1-4767-B7DA-C8B3A7A8212B}"}},{"type":"Feature","id":3529960,"geometry":{"type":"Point","coordinates":[-122.317236,43.845005]},"properties":{"objectid":3529960,"site_cn":"5070.005641","managing_org":"061805","site_id":"72721","site_name":"HUCKLEBERRY LOOKOUT","site_type":"TRAILHEAD","activity_type_list":"No Data","service_type_list":"No Data","seasonal_operational_status":"OPEN","op_status_reason":null,"development_status":"EXISTING","fee_charged":"N","fee_type":null,"recarea_name":"Huckleberry Lookout","public_site_name":"Huckleberry Lookout","alternative_name":null,"rec1stop_url":null,"usda_portal_url":null,"important_info":null,"permit_information":null,"restrictions":null,"closest_towns":null,"water_availability":null,"restroom_availability":null,"operated_by":null,"season_description":null,"directions":null,"maximum_elevation":null,"minimum_elevation":" feet","site_season_start_date":null,"site_season_end_date":null,"latitude":43.845,"longitude":-122.31722222,"infra_last_update":1772638217000,"edw_last_modify":1772676197000,"globalid":"{ED5C560B-0E4B-4A83-90C8-49E25ADF21E4}"}},{"type":"Feature","id":3530320,"geometry":{"type":"Point","coordinates":[-122.400292,43.498894]},"properties":{"objectid":3530320,"site_cn":"5251.005571","managing_org":"061805","site_id":"72108","site_name":"MIDDLE FORK TRAILHEAD (NRT-COAL CREEK)","site_type":"TRAILHEAD","activity_type_list":"No Data","service_type_list":"No Data","seasonal_operational_status":"OPEN","op_status_reason":null,"development_status":"EXISTING","fee_charged":"N","fee_type":null,"recarea_name":"Middle Fork Trailhead (Nrt-Coal Creek)","public_site_name":null,"alternative_name":null,"rec1stop_url":null,"usda_portal_url":null,"important_info":null,"permit_information":null,"restrictions":null,"closest_towns":null,"water_availability":null,"restroom_availability":null,"operated_by":null,"season_description":null,"directions":null,"maximum_elevation":null,"minimum_elevation":" feet","site_season_start_date":null,"site_season_end_date":null,"latitude":43.49888889,"longitude":-122.40027778,"infra_last_update":1771858858000,"edw_last_modify":1771898735000,"globalid":"{98D44B42-7817-4EB0-8611-077E21AB7486}"}},{"type":"Feature","id":3530338,"geometry":{"type":"Point","coordinates":[-122.678814,43.649755]},"properties":{"objectid":3530338,"site_cn":"6171013010602","managing_org":"061501","site_id":"66471","site_name":"MARTEN FLUME","site_type":"TRAILHEAD","activity_type_list":"No Data","service_type_list":"No Data","seasonal_operational_status":"OPEN","op_status_reason":null,"development_status":"EXISTING","fee_charged":"N","fee_type":null,"recarea_name":"Marten Flume","public_site_name":null,"alternative_name":null,"rec1stop_url":null,"usda_portal_url":null,"important_info":null,"permit_information":null,"restrictions":null,"closest_towns":null,"water_availability":null,"restroom_availability":null,"operated_by":null,"season_description":null,"directions":null,"maximum_elevation":null,"minimum_elevation":" feet","site_season_start_date":null,"site_season_end_date":null,"latitude":43.649750000000004,"longitude":-122.6788,"infra_last_update":1771858858000,"edw_last_modify":1771898638000,"globalid":"{F55B2A4D-D7B1-4086-966A-465FE50CE2BF}"}},{"type":"Feature","id":3530414,"geometry":{"type":"Point","coordinates":[-122.307792,43.83945]},"properties":{"objectid":3530414,"site_cn":"5069.005641","managing_org":"061805","site_id":"72720","site_name":"HUCKLEBERRY LAKE","site_type":"TRAILHEAD","activity_type_list":"No Data","service_type_list":"No Data","seasonal_operational_status":"OPEN","op_status_reason":null,"development_status":"EXISTING","fee_charged":"N","fee_type":null,"recarea_name":"Huckleberry Lake","public_site_name":null,"alternative_name":null,"rec1stop_url":null,"usda_portal_url":null,"important_info":null,"permit_information":null,"restrictions":null,"closest_towns":null,"water_availability":null,"restroom_availability":null,"operated_by":null,"season_description":null,"directions":null,"maximum_elevation":null,"minimum_elevation":" feet","site_season_start_date":null,"site_season_end_date":null,"latitude":43.83944444,"longitude":-122.30777778,"infra_last_update":1771858859000,"edw_last_modify":1771898755000,"globalid":"{275B9B76-041A-4D9D-B0A9-E8B3CC370EF0}"}},{"type":"Feature","id":3530456,"geometry":{"type":"Point","coordinates":[-122.555014,44.01445]},"properties":{"objectid":3530456,"site_cn":"5057.005621","managing_org":"061805","site_id":"72572","site_name":"JONES (UPPER)","site_type":"TRAILHEAD","activity_type_list":"No Data","service_type_list":"No Data","seasonal_operational_status":"OPEN","op_status_reason":null,"development_status":"EXISTING","fee_charged":"N","fee_type":null,"recarea_name":"Jones (Upper)","public_site_name":null,"alternative_name":null,"rec1stop_url":null,"usda_portal_url":null,"important_info":null,"permit_information":null,"restrictions":null,"closest_towns":null,"water_availability":null,"restroom_availability":null,"operated_by":null,"season_description":null,"directions":null,"maximum_elevation":null,"minimum_elevation":" feet","site_season_start_date":null,"site_season_end_date":null,"latitude":44.014444440000005,"longitude":-122.555,"infra_last_update":1771858857000,"edw_last_modify":1771898757000,"globalid":"{2FD6D0CB-EC53-4C9A-A143-0F3247D0FC95}"}},{"type":"Feature","id":3530533,"geometry":{"type":"Point","coordinates":[-122.554181,43.350561]},"properties":{"objectid":3530533,"site_cn":"6262211010602","managing_org":"061506","site_id":"66489","site_name":"ILLAHEE LOOKOUT","site_type":"TRAILHEAD","activity_type_list":"No Data","service_type_list":"No Data","seasonal_operational_status":"OPEN","op_status_reason":null,"development_status":"EXISTING","fee_charged":"N","fee_type":null,"recarea_name":"Illahee Lookout","public_site_name":null,"alternative_name":null,"rec1stop_url":null,"usda_portal_url":null,"important_info":null,"permit_information":null,"restrictions":null,"closest_towns":null,"water_availability":null,"restroom_availability":null,"operated_by":null,"season_description":null,"directions":null,"maximum_elevation":null,"minimum_elevation":" feet","site_season_start_date":null,"site_season_end_date":null,"latitude":43.35055556,"longitude":-122.55416667,"infra_last_update":1771858856000,"edw_last_modify":1771898637000,"globalid":"{06BEC54C-46BE-4273-99A8-61DEA7C93E26}"}},{"type":"Feature","id":3530718,"geometry":{"type":"Point","coordinates":[-122.500547,43.983558]},"properties":{"objectid":3530718,"site_cn":"5017.005621","managing_org":"061805","site_id":"72543","site_name":"FALL CREEK TRAILHEAD (ROAD 1828)","site_type":"TRAILHEAD","activity_type_list":"No Data","service_type_list":"No Data","seasonal_operational_status":"OPEN","op_status_reason":null,"development_status":"EXISTING","fee_charged":"N","fee_type":null,"recarea_name":"Fall Creek Trailhead (Road 1828)","public_site_name":null,"alternative_name":null,"rec1stop_url":null,"usda_portal_url":null,"important_info":null,"permit_information":null,"restrictions":null,"closest_towns":null,"water_availability":null,"restroom_availability":null,"operated_by":null,"season_description":null,"directions":null,"maximum_elevation":null,"minimum_elevation":"1,100 feet","site_season_start_date":null,"site_season_end_date":null,"latitude":43.983553,"longitude":-122.500533,"infra_last_update":1771858857000,"edw_last_modify":1771898763000,"globalid":"{9F58CF49-F722-4063-9FEE-15DA4564FFA9}"}},{"type":"Feature","id":3530760,"geometry":{"type":"Point","coordinates":[-122.202236,43.516672]},"properties":{"objectid":3530760,"site_cn":"5358.005571","managing_org":"061805","site_id":"72121","site_name":"CORRIGAN LAKE","site_type":"TRAILHEAD","activity_type_list":"No Data","service_type_list":"No Data","seasonal_operational_status":"OPEN","op_status_reason":null,"development_status":"EXISTING","fee_charged":"N","fee_type":null,"recarea_name":"Corrigan Lake","public_site_name":null,"alternative_name":null,"rec1stop_url":null,"usda_portal_url":null,"important_info":null,"permit_information":null,"restrictions":null,"closest_towns":null,"water_availability":null,"restroom_availability":null,"operated_by":null,"season_description":null,"directions":null,"maximum_elevation":null,"minimum_elevation":"5,300 feet","site_season_start_date":null,"site_season_end_date":null,"latitude":43.51666667,"longitude":-122.20222222000001,"infra_last_update":1771858858000,"edw_last_modify":1771898716000,"globalid":"{73CEA869-1CCB-41C2-BB0E-44859CC9368C}"}},{"type":"Feature","id":3530899,"geometry":{"type":"Point","coordinates":[-122.351314,43.703605]},"properties":{"objectid":3530899,"site_cn":"5456.005571","managing_org":"061805","site_id":"72133","site_name":"KITSON RIDGE TRAILHEAD (HIGHWAY 58 EAST)","site_type":"TRAILHEAD","activity_type_list":"No Data","service_type_list":"No Data","seasonal_operational_status":"OPEN","op_status_reason":null,"development_status":"EXISTING","fee_charged":"N","fee_type":null,"recarea_name":"Kitson Ridge Trailhead (Highway 58 East)","public_site_name":null,"alternative_name":null,"rec1stop_url":null,"usda_portal_url":null,"important_info":null,"permit_information":null,"restrictions":null,"closest_towns":null,"water_availability":null,"restroom_availability":null,"operated_by":null,"season_description":null,"directions":null,"maximum_elevation":null,"minimum_elevation":" feet","site_season_start_date":null,"site_season_end_date":null,"latitude":43.7036,"longitude":-122.3513,"infra_last_update":1791045448000,"edw_last_modify":1791092734000,"globalid":"{33ADF0FD-1CDB-49B0-8EBA-08D24AD97221}"}},{"type":"Feature","id":3531070,"geometry":{"type":"Point","coordinates":[-121.892097,44.213672]},"properties":{"objectid":3531070,"site_cn":"5444.005571","managing_org":"061801","site_id":"72692","site_name":"BENSON LAKE TRAILHEAD","site_type":"TRAILHEAD","activity_type_list":"No Data","service_type_list":"No Data","seasonal_operational_status":"OPEN","op_status_reason":null,"development_status":"EXISTING","fee_charged":"Y","fee_type":"STANDARD AMENITY FEE","recarea_name":"Benson Lake Trailhead","public_site_name":"Benson Lake Trailhead","alternative_name":null,"rec1stop_url":null,"usda_portal_url":null,"important_info":null,"permit_information":null,"restrictions":null,"closest_towns":null,"water_availability":null,"restroom_availability":null,"operated_by":null,"season_description":null,"directions":null,"maximum_elevation":null,"minimum_elevation":"4,680 feet","site_season_start_date":null,"site_season_end_date":null,"latitude":44.21366667,"longitude":-121.89208332999999,"infra_last_update":1753975101000,"edw_last_modify":1754014030000,"globalid":"{605108FB-071F-4BD0-B1C2-84117AFAFAB7}"}},{"type":"Feature","id":3531238,"geometry":{"type":"Point","coordinates":[-121.87057,44.224728]},"properties":{"objectid":3531238,"site_cn":"5445.005571","managing_org":"061801","site_id":"72693","site_name":"HAND LAKE","site_type":"TRAILHEAD","activity_type_list":"No Data","service_type_list":"No Data","seasonal_operational_status":"OPEN","op_status_reason":null,"development_status":"EXISTING","fee_charged":"N","fee_type":null,"recarea_name":"HAND LAKE","public_site_name":"Hand Lake Trailhead","alternative_name":null,"rec1stop_url":null,"usda_portal_url":"https://www.fs.usda.gov/recarea/willamette/recarea/?recid=81237","important_info":null,"permit_information":null,"restrictions":"Wilderness RegulationsWeed Free Feed Required","closest_towns":null,"water_availability":null,"restroom_availability":null,"operated_by":null,"season_description":null,"directions":"From McKenzie Bridge, OR, travel east on Highway 126 to Highway 242. Travel east on Highway 242 for 16 miles to Hand Lake Trailhead. The Trailhead is on the left (northwest) side of the highway, parking is on the right (southeast) side.","maximum_elevation":null,"minimum_elevation":null,"site_season_start_date":null,"site_season_end_date":null,"latitude":44.22472222,"longitude":-121.87055556000001,"infra_last_update":1744209511000,"edw_last_modify":1744252439000,"globalid":"{9AC70DDA-B998-4DA1-85CF-36F693CCDE89}"}},{"type":"Feature","id":3531602,"geometry":{"type":"Point","coordinates":[-122.295847,44.226394]},"properties":{"objectid":3531602,"site_cn":"5009.005581","managing_org":"061801","site_id":"72013","site_name":"BUCK MOUNTAIN TRAILHEAD (EAST)","site_type":"TRAILHEAD","activity_type_list":"No Data","service_type_list":"No Data","seasonal_operational_status":"OPEN","op_status_reason":null,"development_status":"EXISTING","fee_charged":"N","fee_type":null,"recarea_name":"Buck Mountain Trailhead (East)","public_site_name":null,"alternative_name":null,"rec1stop_url":null,"usda_portal_url":null,"important_info":null,"permit_information":null,"restrictions":null,"closest_towns":null,"water_availability":null,"restroom_availability":null,"operated_by":null,"season_description":null,"directions":null,"maximum_elevation":null,"minimum_elevation":" feet","site_season_start_date":null,"site_season_end_date":null,"latitude":44.22638889,"longitude":-122.29583333,"infra_last_update":1771858858000,"edw_last_modify":1771898764000,"globalid":"{F7768ADF-5883-4EA2-A2CF-0D4E1EE9498C}"}},{"type":"Feature","id":3531676,"geometry":{"type":"Point","coordinates":[-122.660292,43.851672]},"properties":{"objectid":3531676,"site_cn":"5022.005621","managing_org":"061805","site_id":"72569","site_name":"HARDESTY (LOWER)","site_type":"TRAILHEAD","activity_type_list":"No Data","service_type_list":"No Data","seasonal_operational_status":"OPEN","op_status_reason":null,"development_status":"EXISTING","fee_charged":"Y","fee_type":"STANDARD AMENITY FEE","recarea_name":"HARDESTY (LOWER)","public_site_name":"Hardesty Trailhead","alternative_name":null,"rec1stop_url":null,"usda_portal_url":"https://www.fs.usda.gov/recarea/willamette/recarea/?recid=81069","important_info":null,"permit_information":null,"restrictions":null,"closest_towns":"Lowell, Oregon","water_availability":"No drinking water is available","restroom_availability":"Vault toilet(s)","operated_by":"US Forest Service","season_description":null,"directions":"The site is located at milepost 21 of OR Highway 58 when travelling eastbound.","maximum_elevation":null,"minimum_elevation":null,"site_season_start_date":null,"site_season_end_date":null,"latitude":43.85166667,"longitude":-122.6602778,"infra_last_update":1774543034000,"edw_last_modify":1774577145000,"globalid":"{8721DD02-B5CC-4E19-90D9-5AFCBA6699B6}"}},{"type":"Feature","id":3531695,"geometry":{"type":"Point","coordinates":[-122.529114,43.684505]},"properties":{"objectid":3531695,"site_cn":"5360.005571","managing_org":"061805","site_id":"72126","site_name":"LARISON CREEK (UPPER)","site_type":"TRAILHEAD","activity_type_list":"No Data","service_type_list":"No Data","seasonal_operational_status":"OPEN","op_status_reason":null,"development_status":"EXISTING","fee_charged":"N","fee_type":null,"recarea_name":"LARISON CREEK (UPPER)","public_site_name":"Larison Creek Trailhead - Upper","alternative_name":null,"rec1stop_url":null,"usda_portal_url":"https://www.fs.usda.gov/recarea/willamette/recarea/?recid=81049","important_info":null,"permit_information":null,"restrictions":null,"closest_towns":null,"water_availability":"None","restroom_availability":null,"operated_by":null,"season_description":null,"directions":"From Oakridge, Oregon, travel east on Highway 58 for 2 miles to Kitson Springs County Road. ; Turn right and proceed on Kitson Springs County Road for 0.5 miles to Forest Road 21. ; Turn right and continue for 3 miles to the trailhead at Larison Cove. ; Turn right into the lower trailhead parking lot.To reach the upper trailhead,; travel 1 mile on Forest Road 21 to Forest Road 2102, turn right and follow Forest Road 2102 for approximately 2 miles to Forest Road 2102-101.Turn left onto Forest Road 101 and travel about 8 miles to the trailhead. ; The last mile of Forest Road 101 to the trailhead is steep. ; The trailhead is on the left side of the road.","maximum_elevation":null,"minimum_elevation":null,"site_season_start_date":null,"site_season_end_date":null,"latitude":43.6845,"longitude":-122.5291,"infra_last_update":1744209510000,"edw_last_modify":1744252453000,"globalid":"{203667DF-6C94-4104-85B9-681C5B2E00AB}"}},{"type":"Feature","id":3531737,"geometry":{"type":"Point","coordinates":[-122.057514,43.948894]},"properties":{"objectid":3531737,"site_cn":"5036.005581","managing_org":"061801","site_id":"72021","site_name":"ROARING RIDGE TRAILHEAD (UPPER)","site_type":"TRAILHEAD","activity_type_list":"No Data","service_type_list":"No Data","seasonal_operational_status":"OPEN","op_status_reason":null,"development_status":"EXISTING","fee_charged":"N","fee_type":null,"recarea_name":"Roaring Ridge Trailhead (Upper)","public_site_name":null,"alternative_name":null,"rec1stop_url":null,"usda_portal_url":null,"important_info":null,"permit_information":null,"restrictions":null,"closest_towns":null,"water_availability":null,"restroom_availability":null,"operated_by":null,"season_description":null,"directions":null,"maximum_elevation":null,"minimum_elevation":" feet","site_season_start_date":null,"site_season_end_date":null,"latitude":43.94888889,"longitude":-122.0575,"infra_last_update":1771858858000,"edw_last_modify":1771898760000,"globalid":"{98845AE0-36D1-4594-AEDA-113F796B700C}"}},{"type":"Feature","id":3532084,"geometry":{"type":"Point","coordinates":[-122.576125,43.995283]},"properties":{"objectid":3532084,"site_cn":"5055.005621","managing_org":"061805","site_id":"72553","site_name":"CLARK BUTTE (UPPER)","site_type":"TRAILHEAD","activity_type_list":"No Data","service_type_list":"No Data","seasonal_operational_status":"OPEN","op_status_reason":null,"development_status":"EXISTING","fee_charged":"N","fee_type":null,"recarea_name":"Clark Butte (Upper)","public_site_name":null,"alternative_name":null,"rec1stop_url":null,"usda_portal_url":null,"important_info":null,"permit_information":null,"restrictions":null,"closest_towns":null,"water_availability":null,"restroom_availability":null,"operated_by":null,"season_description":null,"directions":null,"maximum_elevation":null,"minimum_elevation":" feet","site_season_start_date":null,"site_season_end_date":null,"latitude":43.995277779999995,"longitude":-122.57611111,"infra_last_update":1771858858000,"edw_last_modify":1771898757000,"globalid":"{F85F4922-0B1C-4BEA-8B3C-C9B6FD35246F}"}},{"type":"Feature","id":3532090,"geometry":{"type":"Point","coordinates":[-121.735853,44.03038]},"properties":{"objectid":3532090,"site_cn":"5052.004621","managing_org":"060101","site_id":"12423","site_name":"GREEN LAKES/SODA CREEK","site_type":"TRAILHEAD","activity_type_list":"No Data","service_type_list":"No Data","seasonal_operational_status":"OPEN","op_status_reason":null,"development_status":"EXISTING","fee_charged":"Y","fee_type":"STANDARD AMENITY FEE","recarea_name":"Green Lakes/Soda Creek","public_site_name":"Green Lakes Trailhead","alternative_name":null,"rec1stop_url":null,"usda_portal_url":"https://www.fs.usda.gov/recarea/deschutes/recarea/?recid=38872","important_info":null,"permit_information":null,"restrictions":"Wilderness restrictions apply in the Three Sisters WildernessMaps of areas where special restrictions apply:; Dog leash restrictions,; Camp Chambers,; Green Lakes,; Matthieu and Golden Lakes,; Moraine Lakes,; Sisters Mirror Lakes area. ; Motorized and mec","closest_towns":"Bend, OR","water_availability":"No water is available","restroom_availability":"Vault toilet(s)","operated_by":"US Forest Service","season_description":null,"directions":"From Bend, travel 26.7 miles west on Cascade Lakes Hwy (46).","maximum_elevation":null,"minimum_elevation":"6,200 feet","site_season_start_date":null,"site_season_end_date":null,"latitude":44.030375,"longitude":-121.7358389,"infra_last_update":1786027842000,"edw_last_modify":1786068363000,"globalid":"{85EB0435-1153-4553-A996-F9F8A14686D7}"}},{"type":"Feature","id":3532092,"geometry":{"type":"Point","coordinates":[-122.728514,43.675353]},"properties":{"objectid":3532092,"site_cn":"10961010371","managing_org":"061501","site_id":"66418","site_name":"WEST BRICE CREEK","site_type":"TRAILHEAD","activity_type_list":"No Data","service_type_list":"No Data","seasonal_operational_status":"OPEN","op_status_reason":null,"development_status":"EXISTING","fee_charged":"N","fee_type":null,"recarea_name":"West Brice Creek","public_site_name":"West Brice Creek Trailhead","alternative_name":null,"rec1stop_url":null,"usda_portal_url":"https://www.fs.usda.gov/recarea/umpqua/recarea/?recid=63402","important_info":null,"permit_information":null,"restrictions":null,"closest_towns":"Cottage Grove, OR","water_availability":"Water can be treated or filtered from nearby water sources","restroom_availability":"Vault toilet(s)","operated_by":"US Forest Service","season_description":null,"directions":"From Cottage Grove, OR, travel east on Row River Road 2400 for 19 miles, continue on Brice Creek Road for 3.5 miles until reaching West Brice Creek Trailhead, locate on the right side of the road.","maximum_elevation":null,"minimum_elevation":"1,200 feet","site_season_start_date":null,"site_season_end_date":null,"latitude":43.675348,"longitude":-122.7285,"infra_last_update":1753975099000,"edw_last_modify":1754014301000,"globalid":"{44844DEA-42C9-479E-B99B-EDD8E3B8A565}"}},{"type":"Feature","id":3532245,"geometry":{"type":"Point","coordinates":[-122.742236,43.844728]},"properties":{"objectid":3532245,"site_cn":"5034.005621","managing_org":"061805","site_id":"72560","site_name":"EAGLE'S REST (UPPER)","site_type":"TRAILHEAD","activity_type_list":"No Data","service_type_list":"No Data","seasonal_operational_status":"OPEN","op_status_reason":null,"development_status":"EXISTING","fee_charged":"N","fee_type":null,"recarea_name":"Eagle'S Rest (Upper)","public_site_name":null,"alternative_name":null,"rec1stop_url":null,"usda_portal_url":null,"important_info":null,"permit_information":null,"restrictions":null,"closest_towns":null,"water_availability":null,"restroom_availability":null,"operated_by":null,"season_description":null,"directions":null,"maximum_elevation":null,"minimum_elevation":" feet","site_season_start_date":null,"site_season_end_date":null,"latitude":43.84472222,"longitude":-122.74222222,"infra_last_update":1771858858000,"edw_last_modify":1771898760000,"globalid":"{E7607B07-CFE0-4F89-AE81-35FB5A274484}"}},{"type":"Feature","id":3532300,"geometry":{"type":"Point","coordinates":[-122.086603,43.469867]},"properties":{"objectid":3532300,"site_cn":"11167010467","managing_org":"060102","site_id":"40533","site_name":"MEEK LAKE/SNELL LAKE","site_type":"TRAILHEAD","activity_type_list":"No Data","service_type_list":"No Data","seasonal_operational_status":"OPEN","op_status_reason":null,"development_status":"EXISTING","fee_charged":"N","fee_type":null,"recarea_name":"Meek Lake/Snell Lake","public_site_name":"Meek Lake /Snell Lake Trailhead","alternative_name":null,"rec1stop_url":null,"usda_portal_url":"https://www.fs.usda.gov/recarea/deschutes/recreation/fishing/recarea/?recid=39100&actid=104","important_info":null,"permit_information":null,"restrictions":null,"closest_towns":"Crescent, Oregon","water_availability":"No water is available","restroom_availability":"No restroom available","operated_by":"US Forest Service","season_description":null,"directions":"From Crescent, OR- Travel 12.2 miles west on County Road 61, then go 3.5 miles north on Hwy 58 to Crescent Lake Junction. From the junction go towards Crescent Lake and take Forest Road 60 west for 5 miles. Turn right on Forest Service Road #6010 going to Summit Lake. Approximately 5 miles up Forest Road #6010, Snell Lake Trail #43 crosses the road.","maximum_elevation":null,"minimum_elevation":"5,600 feet","site_season_start_date":null,"site_season_end_date":null,"latitude":43.46986111,"longitude":-122.0865889,"infra_last_update":1753975094000,"edw_last_modify":1754014296000,"globalid":"{909DA0D0-339D-411D-BE09-F7978E16ADD0}"}},{"type":"Feature","id":3532308,"geometry":{"type":"Point","coordinates":[-121.941681,44.151394]},"properties":{"objectid":3532308,"site_cn":"5436.005571","managing_org":"061801","site_id":"72684","site_name":"FOLEY RIDGE","site_type":"TRAILHEAD","activity_type_list":"No Data","service_type_list":"No Data","seasonal_operational_status":"OPEN","op_status_reason":null,"development_status":"EXISTING","fee_charged":"N","fee_type":null,"recarea_name":"FOLEY RIDGE","public_site_name":"Foley Ridge Trailhead","alternative_name":null,"rec1stop_url":null,"usda_portal_url":"https://www.fs.usda.gov/recarea/willamette/recarea/?recid=81264","important_info":null,"permit_information":null,"restrictions":"Wilderness RegulationsWeed Free Feed Required","closest_towns":null,"water_availability":null,"restroom_availability":null,"operated_by":null,"season_description":null,"directions":"From McKenzie Bridge, OR, drive east on Highway 126 for 3 miles to Forest Road 2643 (Foley Ridge Road). Follow Forest Road 2643 to its terminus at Foley Ridge Trailhead.","maximum_elevation":null,"minimum_elevation":null,"site_season_start_date":null,"site_season_end_date":null,"latitude":44.15138889,"longitude":-121.94166666999999,"infra_last_update":1744209511000,"edw_last_modify":1744252441000,"globalid":"{98906067-79CD-4B95-A075-D3ACDC41A28C}"}},{"type":"Feature","id":3532421,"geometry":{"type":"Point","coordinates":[-122.66307,43.793339]},"properties":{"objectid":3532421,"site_cn":"5061.005621","managing_org":"061805","site_id":"72579","site_name":"HARDESTY (UPPER)","site_type":"TRAILHEAD","activity_type_list":"No Data","service_type_list":"No Data","seasonal_operational_status":"OPEN","op_status_reason":null,"development_status":"EXISTING","fee_charged":"N","fee_type":null,"recarea_name":"Hardesty (Upper)","public_site_name":null,"alternative_name":null,"rec1stop_url":null,"usda_portal_url":null,"important_info":null,"permit_information":null,"restrictions":null,"closest_towns":null,"water_availability":null,"restroom_availability":null,"operated_by":null,"season_description":null,"directions":null,"maximum_elevation":null,"minimum_elevation":" feet","site_season_start_date":null,"site_season_end_date":null,"latitude":43.79333333,"longitude":-122.66305556,"infra_last_update":1771858856000,"edw_last_modify":1771898756000,"globalid":"{5ED5F8C3-4E80-4910-AA31-A9915BD6267E}"}},{"type":"Feature","id":3532501,"geometry":{"type":"Point","coordinates":[-122.13057,43.799728]},"properties":{"objectid":3532501,"site_cn":"5078.005641","managing_org":"061805","site_id":"72728","site_name":"GANDER LAKES","site_type":"TRAILHEAD","activity_type_list":"No Data","service_type_list":"No Data","seasonal_operational_status":"OPEN","op_status_reason":null,"development_status":"EXISTING","fee_charged":"N","fee_type":null,"recarea_name":"Gander Lakes","public_site_name":null,"alternative_name":null,"rec1stop_url":null,"usda_portal_url":null,"important_info":null,"permit_information":null,"restrictions":null,"closest_towns":null,"water_availability":null,"restroom_availability":null,"operated_by":null,"season_description":null,"directions":null,"maximum_elevation":null,"minimum_elevation":" feet","site_season_start_date":null,"site_season_end_date":null,"latitude":43.79972222,"longitude":-122.13055556,"infra_last_update":1771858857000,"edw_last_modify":1771898754000,"globalid":"{410C0B6D-4A04-47D7-ABFE-2C17A4897BD4}"}},{"type":"Feature","id":3532517,"geometry":{"type":"Point","coordinates":[-122.440014,43.688061]},"properties":{"objectid":3532517,"site_cn":"5096.005641","managing_org":"061805","site_id":"72102","site_name":"LARISON CREEK (LOWER)","site_type":"TRAILHEAD","activity_type_list":"No Data","service_type_list":"No Data","seasonal_operational_status":"OPEN","op_status_reason":null,"development_status":"EXISTING","fee_charged":"Y","fee_type":null,"recarea_name":"Larison Creek, Lower","public_site_name":"Larison Creek, Lower","alternative_name":null,"rec1stop_url":null,"usda_portal_url":"https://www.fs.usda.gov/recarea/willamette/recarea/?recid=81481","important_info":null,"permit_information":null,"restrictions":null,"closest_towns":null,"water_availability":null,"restroom_availability":null,"operated_by":null,"season_description":null,"directions":"Travel east on Highway 58 from the City of Oakridge for 2 miles to Kitson Springs County Road. Turn right and proceed on Kitson Springs County Road for 0.5 miles to Forest Road 21. Turn right and continue for 3 miles to the trailhead at Larison Cove. Turn right into the trailhead parking lot.The upper trailhead can be reached by traveling 1 mile on Forest Road 21 to Forest Road 2102; turn left and follow Forest Road 2102 for approximately 2 miles to Forest Road 2102-101. Turn left onto Forest Road 101 and travel about 8 miles to the trailhead. The last mile of Forest Road 101 to the trailhead is steep. The trailhead is on the left side of the road.","maximum_elevation":null,"minimum_elevation":"1,600 feet","site_season_start_date":null,"site_season_end_date":null,"latitude":43.68805556,"longitude":-122.44,"infra_last_update":1786027892000,"edw_last_modify":1786068346000,"globalid":"{0539DF00-705F-4E7E-AF29-12F7895FCC4F}"}},{"type":"Feature","id":3532761,"geometry":{"type":"Point","coordinates":[-122.067653,43.705497]},"properties":{"objectid":3532761,"site_cn":"6491160010602","managing_org":"061805","site_id":"74783","site_name":"BLACK CREEK (EAST)","site_type":"TRAILHEAD","activity_type_list":"No Data","service_type_list":"No Data","seasonal_operational_status":"OPEN","op_status_reason":null,"development_status":"EXISTING","fee_charged":"N","fee_type":null,"recarea_name":"Black Creek (East)","public_site_name":null,"alternative_name":null,"rec1stop_url":null,"usda_portal_url":null,"important_info":null,"permit_information":null,"restrictions":null,"closest_towns":null,"water_availability":null,"restroom_availability":null,"operated_by":null,"season_description":null,"directions":null,"maximum_elevation":null,"minimum_elevation":" feet","site_season_start_date":null,"site_season_end_date":null,"latitude":43.705492,"longitude":-122.067639,"infra_last_update":1771858855000,"edw_last_modify":1771898633000,"globalid":"{44BE19BB-72B9-496F-9030-39789842A425}"}},{"type":"Feature","id":3532937,"geometry":{"type":"Point","coordinates":[-122.160287,43.68719]},"properties":{"objectid":3532937,"site_cn":"5082.005641","managing_org":"061805","site_id":"72732","site_name":"BIG BUNCHGRASS","site_type":"TRAILHEAD","activity_type_list":"No Data","service_type_list":"No Data","seasonal_operational_status":"OPEN","op_status_reason":null,"development_status":"EXISTING","fee_charged":"N","fee_type":null,"recarea_name":"Big Bunchgrass","public_site_name":null,"alternative_name":null,"rec1stop_url":null,"usda_portal_url":null,"important_info":null,"permit_information":null,"restrictions":null,"closest_towns":null,"water_availability":null,"restroom_availability":null,"operated_by":null,"season_description":null,"directions":null,"maximum_elevation":null,"minimum_elevation":" feet","site_season_start_date":null,"site_season_end_date":null,"latitude":43.687185,"longitude":-122.160273,"infra_last_update":1771858855000,"edw_last_modify":1771898753000,"globalid":"{8376EFEE-F304-4AF1-B43E-22D286FAF1D2}"}},{"type":"Feature","id":3532988,"geometry":{"type":"Point","coordinates":[-122.071486,43.962311]},"properties":{"objectid":3532988,"site_cn":"5435.005571","managing_org":"061801","site_id":"72683","site_name":"OLALLIE TRAILHEAD (SOUTH)","site_type":"TRAILHEAD","activity_type_list":"No Data","service_type_list":"No Data","seasonal_operational_status":"OPEN","op_status_reason":null,"development_status":"EXISTING","fee_charged":"N","fee_type":null,"recarea_name":"OLALLIE TRAILHEAD (SOUTH)","public_site_name":"Olallie South Trailhead","alternative_name":null,"rec1stop_url":null,"usda_portal_url":"https://www.fs.usda.gov/recarea/willamette/recarea/?recid=81277","important_info":null,"permit_information":null,"restrictions":"Wilderness RegulationsWeed Free Feed Required","closest_towns":null,"water_availability":null,"restroom_availability":null,"operated_by":null,"season_description":null,"directions":"From Blue River, OR, travel 4 miles east on Highway 126 and turn right onto Forest Road 19 (Aufderheide). Continue right at the Y junction for 3 miles to the top of Cougar Reservoir. At the reservoir, continue south on Forest Road 19 for 20 miles and turn left (north) onto Forest Road 441. Continue down this road to Olallie South Trailhead at the end of the road.","maximum_elevation":null,"minimum_elevation":null,"site_season_start_date":null,"site_season_end_date":null,"latitude":43.96230556,"longitude":-122.07147223,"infra_last_update":1744209511000,"edw_last_modify":1744252441000,"globalid":"{143627A4-1818-47C9-A967-C58BB7A6435E}"}},{"type":"Feature","id":3533243,"geometry":{"type":"Point","coordinates":[-121.777172,43.903833]},"properties":{"objectid":3533243,"site_cn":"5060.004621","managing_org":"060101","site_id":"27953","site_name":"LUCKY LAKE","site_type":"TRAILHEAD","activity_type_list":"No Data","service_type_list":"No Data","seasonal_operational_status":"OPEN","op_status_reason":null,"development_status":"EXISTING","fee_charged":"N","fee_type":null,"recarea_name":"Lucky Lake","public_site_name":"Lucky Lake Trailhead","alternative_name":null,"rec1stop_url":null,"usda_portal_url":"https://www.fs.usda.gov/recarea/deschutes/recreation/recarea/?recid=72025","important_info":null,"permit_information":null,"restrictions":null,"closest_towns":null,"water_availability":"No water is available","restroom_availability":"Vault toilet(s)","operated_by":"US Forest Service","season_description":null,"directions":"From Bend, OR: Travel 38.8 miles west on Cascade Lakes Highway (46) on the west side of the highway.","maximum_elevation":null,"minimum_elevation":"4,800 feet","site_season_start_date":null,"site_season_end_date":null,"latitude":43.90382778,"longitude":-121.77715830000001,"infra_last_update":1766409686000,"edw_last_modify":1766455542000,"globalid":"{FE404FE6-9D3B-4552-914A-486D45F632B6}"}},{"type":"Feature","id":3533435,"geometry":{"type":"Point","coordinates":[-122.670681,43.561638]},"properties":{"objectid":3533435,"site_cn":"6171027010602","managing_org":"061501","site_id":"66473","site_name":"SHANE SADDLE (BOHEMIA NRT)","site_type":"TRAILHEAD","activity_type_list":"No Data","service_type_list":"No Data","seasonal_operational_status":"OPEN","op_status_reason":null,"development_status":"EXISTING","fee_charged":"N","fee_type":null,"recarea_name":"Shane Saddle (Bohemia Nrt)","public_site_name":null,"alternative_name":null,"rec1stop_url":null,"usda_portal_url":null,"important_info":null,"permit_information":null,"restrictions":null,"closest_towns":null,"water_availability":null,"restroom_availability":null,"operated_by":null,"season_description":null,"directions":null,"maximum_elevation":null,"minimum_elevation":" feet","site_season_start_date":null,"site_season_end_date":null,"latitude":43.561633,"longitude":-122.670667,"infra_last_update":1771858856000,"edw_last_modify":1771898638000,"globalid":"{96FF8C0F-067C-40A3-A024-ADAD9E4E4E97}"}},{"type":"Feature","id":3533843,"geometry":{"type":"Point","coordinates":[-121.7657,44.034997]},"properties":{"objectid":3533843,"site_cn":"7667.004621","managing_org":"060101","site_id":"40031","site_name":"SOUTHSISTER/DEVILS","site_type":"TRAILHEAD","activity_type_list":"No Data","service_type_list":"No Data","seasonal_operational_status":"OPEN","op_status_reason":null,"development_status":"EXISTING","fee_charged":"Y","fee_type":"STANDARD AMENITY FEE","recarea_name":"South Sister Th/Devils Lake","public_site_name":"South Sister/Devils Lake Trailhead","alternative_name":null,"rec1stop_url":null,"usda_portal_url":"https://www.fs.usda.gov/recarea/deschutes/recarea/?recid=38850","important_info":null,"permit_information":null,"restrictions":"Wilderness restrictions applyMaps of areas where special restrictions apply:; Dog leash restrictions,; Camp Chambers,; Green Lakes,; Matthieu and Golden Lakes,; Moraine Lakes,; Sisters Mirror Lakes areaMotorized and mechanical equipment (including bicycle","closest_towns":"Bend, OR","water_availability":"No water is available","restroom_availability":"Vault toilet(s)","operated_by":"US Forest Service","season_description":null,"directions":"From Bend, OR: Travel approximately 29 miles west on Cascade Lakes Hwy (46). Turn south (left) at the sign for Devil 's Lake trailhead.","maximum_elevation":null,"minimum_elevation":"5,450 feet","site_season_start_date":null,"site_season_end_date":null,"latitude":44.03499166,"longitude":-121.76568610000001,"infra_last_update":1766409704000,"edw_last_modify":1766455403000,"globalid":"{5BD2AB4C-50AD-4004-9655-5B7185B992EC}"}},{"type":"Feature","id":3534060,"geometry":{"type":"Point","coordinates":[-122.420014,43.354172]},"properties":{"objectid":3534060,"site_cn":"6262213010602","managing_org":"061506","site_id":"66490","site_name":"BULLDOG ROCK","site_type":"TRAILHEAD","activity_type_list":"No Data","service_type_list":"No Data","seasonal_operational_status":"OPEN","op_status_reason":null,"development_status":"EXISTING","fee_charged":"N","fee_type":null,"recarea_name":"Bulldog Rock","public_site_name":null,"alternative_name":null,"rec1stop_url":null,"usda_portal_url":null,"important_info":null,"permit_information":null,"restrictions":null,"closest_towns":null,"water_availability":null,"restroom_availability":null,"operated_by":null,"season_description":null,"directions":null,"maximum_elevation":null,"minimum_elevation":" feet","site_season_start_date":null,"site_season_end_date":null,"latitude":43.354166670000005,"longitude":-122.42,"infra_last_update":1771858858000,"edw_last_modify":1771898637000,"globalid":"{AF7E3AB7-7E2E-4E4D-B6B9-9D0D5F0D9D8E}"}},{"type":"Feature","id":3534073,"geometry":{"type":"Point","coordinates":[-122.116681,43.410005]},"properties":{"objectid":3534073,"site_cn":"5352.005571","managing_org":"061805","site_id":"72112","site_name":"INDIGO LAKE/JUNE LAKE TRAILHEAD","site_type":"TRAILHEAD","activity_type_list":"No Data","service_type_list":"No Data","seasonal_operational_status":"OPEN","op_status_reason":null,"development_status":"EXISTING","fee_charged":"Y","fee_type":null,"recarea_name":"Indigo Lake/June Lake Trailhead","public_site_name":"Indigo Lake/June Lake Trailhead","alternative_name":null,"rec1stop_url":null,"usda_portal_url":null,"important_info":null,"permit_information":null,"restrictions":null,"closest_towns":null,"water_availability":null,"restroom_availability":null,"operated_by":null,"season_description":null,"directions":null,"maximum_elevation":null,"minimum_elevation":"5,300 feet","site_season_start_date":null,"site_season_end_date":null,"latitude":43.41,"longitude":-122.11666667,"infra_last_update":1786027892000,"edw_last_modify":1786068285000,"globalid":"{55628A25-7E68-41A9-BFFF-019900F18186}"}},{"type":"Feature","id":3534136,"geometry":{"type":"Point","coordinates":[-122.095014,44.065561]},"properties":{"objectid":3534136,"site_cn":"5007.005581","managing_org":"061801","site_id":"72000","site_name":"LOWDER (UPPER)","site_type":"TRAILHEAD","activity_type_list":"No Data","service_type_list":"No Data","seasonal_operational_status":"OPEN","op_status_reason":null,"development_status":"EXISTING","fee_charged":"N","fee_type":null,"recarea_name":"Lowder (Upper)","public_site_name":null,"alternative_name":null,"rec1stop_url":null,"usda_portal_url":null,"important_info":null,"permit_information":null,"restrictions":null,"closest_towns":null,"water_availability":null,"restroom_availability":null,"operated_by":null,"season_description":null,"directions":null,"maximum_elevation":null,"minimum_elevation":" feet","site_season_start_date":null,"site_season_end_date":null,"latitude":44.06555556,"longitude":-122.095,"infra_last_update":1771858859000,"edw_last_modify":1771898764000,"globalid":"{B86BFB08-2AE4-4DCB-A6D2-59168404E68A}"}},{"type":"Feature","id":3534401,"geometry":{"type":"Point","coordinates":[-122.033051,43.596115]},"properties":{"objectid":3534401,"site_cn":"5241.004621","managing_org":"060102","site_id":"29790","site_name":"WILLAMETTE PASS PCT","site_type":"TRAILHEAD","activity_type_list":"No Data","service_type_list":"No Data","seasonal_operational_status":"OPEN","op_status_reason":null,"development_status":"EXISTING","fee_charged":"N","fee_type":null,"recarea_name":"WILLAMETTE PASS PCT","public_site_name":"Willamette Pass PCT Trailhead","alternative_name":null,"rec1stop_url":null,"usda_portal_url":null,"important_info":null,"permit_information":null,"restrictions":null,"closest_towns":"Crescent, Oregon","water_availability":"No water is available","restroom_availability":"Vault toilet(s)","operated_by":"US Forest Service","season_description":null,"directions":null,"maximum_elevation":null,"minimum_elevation":null,"site_season_start_date":null,"site_season_end_date":null,"latitude":43.59611,"longitude":-122.03303700000001,"infra_last_update":1766409673000,"edw_last_modify":1766455475000,"globalid":"{70E32D4A-0CF4-4C68-B1AE-EF832DB05188}"}},{"type":"Feature","id":3534532,"geometry":{"type":"Point","coordinates":[-122.697297,43.618255]},"properties":{"objectid":3534532,"site_cn":"6170996010602","managing_org":"061501","site_id":"66467","site_name":"KNOTT EAST","site_type":"TRAILHEAD","activity_type_list":"No Data","service_type_list":"No Data","seasonal_operational_status":"OPEN","op_status_reason":null,"development_status":"EXISTING","fee_charged":"N","fee_type":null,"recarea_name":"Knott East","public_site_name":null,"alternative_name":null,"rec1stop_url":null,"usda_portal_url":null,"important_info":null,"permit_information":null,"restrictions":null,"closest_towns":null,"water_availability":null,"restroom_availability":null,"operated_by":null,"season_description":null,"directions":null,"maximum_elevation":null,"minimum_elevation":" feet","site_season_start_date":null,"site_season_end_date":null,"latitude":43.61825,"longitude":-122.697283,"infra_last_update":1771858859000,"edw_last_modify":1771898638000,"globalid":"{F9C814C1-28A2-4589-AA32-BEDE14674C1C}"}},{"type":"Feature","id":3534580,"geometry":{"type":"Point","coordinates":[-122.033903,43.65445]},"properties":{"objectid":3534580,"site_cn":"5061.005641","managing_org":"061805","site_id":"72712","site_name":"MT. RAY","site_type":"TRAILHEAD","activity_type_list":"No Data","service_type_list":"No Data","seasonal_operational_status":"OPEN","op_status_reason":null,"development_status":"EXISTING","fee_charged":"N","fee_type":null,"recarea_name":"MT. RAY","public_site_name":"Mt. Ray Trailhead","alternative_name":null,"rec1stop_url":null,"usda_portal_url":"https://www.fs.usda.gov/recarea/willamette/recarea/?recid=81421","important_info":null,"permit_information":null,"restrictions":"Wilderness RegulationsWeed Free Feed Required","closest_towns":null,"water_availability":null,"restroom_availability":null,"operated_by":null,"season_description":null,"directions":"From Oakridge, OR, travel east on Highway 58, for 23 miles to Forest Road 5897 (Waldo Lake Road). Turn left and follow Forest Road 5897 for 4 miles to the trailhead, which is located on the left side of the road.Map Location:T.22 S., R.6 E., W.M., Sections 20, 19, 18 & 13","maximum_elevation":null,"minimum_elevation":null,"site_season_start_date":null,"site_season_end_date":null,"latitude":43.654444440000006,"longitude":-122.03388889,"infra_last_update":1782757548000,"edw_last_modify":1782787016000,"globalid":"{1700F980-2AA0-4223-9BB8-9FBF3F6401D8}"}},{"type":"Feature","id":3534891,"geometry":{"type":"Point","coordinates":[-122.116839,43.40972]},"properties":{"objectid":3534891,"site_cn":"6490990010602","managing_org":"061805","site_id":"74728","site_name":"MIDDLE FORK TRAILHEAD (NRT-TIMPANOGAS)","site_type":"TRAILHEAD","activity_type_list":"No Data","service_type_list":"No Data","seasonal_operational_status":"OPEN","op_status_reason":null,"development_status":"EXISTING","fee_charged":"N","fee_type":null,"recarea_name":"Middle Fork Trailhead (Nrt-Timpanogas)","public_site_name":null,"alternative_name":null,"rec1stop_url":null,"usda_portal_url":null,"important_info":null,"permit_information":null,"restrictions":null,"closest_towns":null,"water_availability":null,"restroom_availability":null,"operated_by":null,"season_description":null,"directions":null,"maximum_elevation":null,"minimum_elevation":" feet","site_season_start_date":null,"site_season_end_date":null,"latitude":43.409715,"longitude":-122.11682499999999,"infra_last_update":1771858855000,"edw_last_modify":1771898634000,"globalid":"{26C0A10F-B267-468B-AC02-96C4062FD272}"}},{"type":"Feature","id":3534933,"geometry":{"type":"Point","coordinates":[-122.044847,43.861066]},"properties":{"objectid":3534933,"site_cn":"10082010565","managing_org":"061805","site_id":"72753","site_name":"ERMA BELL","site_type":"TRAILHEAD","activity_type_list":"No Data","service_type_list":"No Data","seasonal_operational_status":"OPEN","op_status_reason":null,"development_status":"EXISTING","fee_charged":"Y","fee_type":"STANDARD AMENITY FEE","recarea_name":"Erma Bell T.H.","public_site_name":"Erma Bell Trailhead","alternative_name":null,"rec1stop_url":null,"usda_portal_url":"https://www.fs.usda.gov/recarea/willamette/recarea/?recid=80271","important_info":null,"permit_information":null,"restrictions":"Wilderness RegulationsWeed Free Feed Required","closest_towns":"Oakridge, Oregon","water_availability":"No; drinking water is available at nearby campgrounds","restroom_availability":"No restroom available","operated_by":"US Forest Service","season_description":null,"directions":"Access from: Erma Bell Trailhead","maximum_elevation":null,"minimum_elevation":"4,500 feet","site_season_start_date":null,"site_season_end_date":null,"latitude":43.861061,"longitude":-122.044833,"infra_last_update":1786027857000,"edw_last_modify":1786068424000,"globalid":"{993427EB-B801-41CF-9E8E-5F6118E02EBB}"}},{"type":"Feature","id":3534972,"geometry":{"type":"Point","coordinates":[-122.134395,43.463399]},"properties":{"objectid":3534972,"site_cn":"5359.005571","managing_org":"061805","site_id":"72122","site_name":"PCT EMIGRANT PASS","site_type":"TRAILHEAD","activity_type_list":"No Data","service_type_list":"No Data","seasonal_operational_status":"OPEN","op_status_reason":null,"development_status":"EXISTING","fee_charged":"N","fee_type":null,"recarea_name":"Pct Emigrant Pass","public_site_name":null,"alternative_name":null,"rec1stop_url":null,"usda_portal_url":null,"important_info":null,"permit_information":null,"restrictions":null,"closest_towns":null,"water_availability":null,"restroom_availability":null,"operated_by":null,"season_description":null,"directions":null,"maximum_elevation":null,"minimum_elevation":" feet","site_season_start_date":null,"site_season_end_date":null,"latitude":43.463393999999994,"longitude":-122.13438099999999,"infra_last_update":1771858856000,"edw_last_modify":1771898716000,"globalid":"{EBFDECDF-95D8-49AD-B902-FA6FE4E3742E}"}},{"type":"Feature","id":3535125,"geometry":{"type":"Point","coordinates":[-122.128347,44.178894]},"properties":{"objectid":3535125,"site_cn":"5043.005631","managing_org":"061801","site_id":"36496","site_name":"MCKENZIE RIVER TRAILHEAD (WEST)","site_type":"TRAILHEAD","activity_type_list":"No Data","service_type_list":"No Data","seasonal_operational_status":"OPEN","op_status_reason":null,"development_status":"EXISTING","fee_charged":"N","fee_type":null,"recarea_name":"MCKENZIE RIVER TRAILHEAD (WEST)","public_site_name":"Mckenzie River Trailhead - Lower","alternative_name":null,"rec1stop_url":null,"usda_portal_url":"https://www.fs.usda.gov/recarea/willamette/recreation/recarea/?recid=81244","important_info":null,"permit_information":null,"restrictions":null,"closest_towns":"McKenzie Bridge, Oregon","water_availability":"No potable water available\nWater can be treated or filtered from nearby water sources","restroom_availability":"Restrooms available nearby\nPorta Potty may be available May - September","operated_by":"US Forest Service","season_description":null,"directions":"From McKenzie Bridge, OR, travel east on Highway 125 for 1.5 miles to Lower McKenzie River Trailhead, accessed at a long pullout on the north side of the Highway.","maximum_elevation":null,"minimum_elevation":null,"site_season_start_date":null,"site_season_end_date":null,"latitude":44.17888889,"longitude":-122.1283333,"infra_last_update":1774270685000,"edw_last_modify":1774318199000,"globalid":"{BCDFC5DD-7302-43A6-8F2B-D95CA2D532F3}"}},{"type":"Feature","id":3535207,"geometry":{"type":"Point","coordinates":[-122.664214,43.792505]},"properties":{"objectid":3535207,"site_cn":"6170977010602","managing_org":"061501","site_id":"66458","site_name":"SAWTOOTH","site_type":"TRAILHEAD","activity_type_list":"No Data","service_type_list":"No Data","seasonal_operational_status":"OPEN","op_status_reason":null,"development_status":"EXISTING","fee_charged":"N","fee_type":null,"recarea_name":"Sawtooth","public_site_name":null,"alternative_name":null,"rec1stop_url":null,"usda_portal_url":null,"important_info":null,"permit_information":null,"restrictions":null,"closest_towns":null,"water_availability":null,"restroom_availability":null,"operated_by":null,"season_description":null,"directions":null,"maximum_elevation":null,"minimum_elevation":" feet","site_season_start_date":null,"site_season_end_date":null,"latitude":43.7925,"longitude":-122.6642,"infra_last_update":1727974216000,"edw_last_modify":1744204340000,"globalid":"{47E6E339-9AB2-4E9F-A06D-F319688522A5}"}},{"type":"Feature","id":3535215,"geometry":{"type":"Point","coordinates":[-122.032785,43.762549]},"properties":{"objectid":3535215,"site_cn":"6491141010602","managing_org":"061805","site_id":"74776","site_name":"RIGDON LAKES","site_type":"TRAILHEAD","activity_type_list":"No Data","service_type_list":"No Data","seasonal_operational_status":"OPEN","op_status_reason":null,"development_status":"EXISTING","fee_charged":"N","fee_type":null,"recarea_name":"Rigdon Lakes","public_site_name":null,"alternative_name":null,"rec1stop_url":null,"usda_portal_url":null,"important_info":null,"permit_information":null,"restrictions":null,"closest_towns":null,"water_availability":null,"restroom_availability":null,"operated_by":null,"season_description":null,"directions":null,"maximum_elevation":null,"minimum_elevation":" feet","site_season_start_date":null,"site_season_end_date":null,"latitude":43.762544000000005,"longitude":-122.03277100000001,"infra_last_update":1771858859000,"edw_last_modify":1771898633000,"globalid":"{6D6F6B4E-608D-48DD-B405-910B358A60FD}"}},{"type":"Feature","id":3535318,"geometry":{"type":"Point","coordinates":[-122.07062,43.878091]},"properties":{"objectid":3535318,"site_cn":"6491122010602","managing_org":"061805","site_id":"74772","site_name":"NORTH FORK (SHALE RIDGE)","site_type":"TRAILHEAD","activity_type_list":"No Data","service_type_list":"No Data","seasonal_operational_status":"OPEN","op_status_reason":null,"development_status":"EXISTING","fee_charged":"N","fee_type":null,"recarea_name":"North Fork (Shale Ridge)","public_site_name":null,"alternative_name":null,"rec1stop_url":null,"usda_portal_url":null,"important_info":null,"permit_information":null,"restrictions":null,"closest_towns":null,"water_availability":null,"restroom_availability":null,"operated_by":null,"season_description":null,"directions":null,"maximum_elevation":null,"minimum_elevation":" feet","site_season_start_date":null,"site_season_end_date":null,"latitude":43.878086,"longitude":-122.070606,"infra_last_update":1771858858000,"edw_last_modify":1771898633000,"globalid":"{CFDC34A7-3975-412B-80C9-739C77548B78}"}},{"type":"Feature","id":3535450,"geometry":{"type":"Point","coordinates":[-122.206714,44.043105]},"properties":{"objectid":3535450,"site_cn":"5033.005581","managing_org":"061801","site_id":"31132","site_name":"FRENCH PETE TRAILHEAD","site_type":"TRAILHEAD","activity_type_list":"No Data","service_type_list":"No Data","seasonal_operational_status":"OPEN","op_status_reason":null,"development_status":"EXISTING","fee_charged":"N","fee_type":null,"recarea_name":"FRENCH PETE TRAILHEAD","public_site_name":"French Pete Trailhead","alternative_name":null,"rec1stop_url":null,"usda_portal_url":"https://www.fs.usda.gov/recarea/willamette/recarea/?recid=81275","important_info":null,"permit_information":null,"restrictions":"Wilderness RegulationsWeed Free Feed Required","closest_towns":"Blue River, Oregon","water_availability":"Water can be treated or filtered from nearby water sources","restroom_availability":"Vault toilet(s)","operated_by":"US Forest Service","season_description":null,"directions":"From Blue River, OR, travel 4 miles east on Highway 126 and turn right onto Forest Road 19 (Aufderheide). Continue right at the Y junction for 3 miles to the top of Cougar Reservoir. At the reservoir, continue south on Forest Road 19 for 7 miles to French Pete Trailhead.","maximum_elevation":null,"minimum_elevation":null,"site_season_start_date":null,"site_season_end_date":null,"latitude":44.0431,"longitude":-122.2067,"infra_last_update":1753975102000,"edw_last_modify":1754014203000,"globalid":"{5C9A7370-E200-4DF3-8B4D-67043AAC01C8}"}},{"type":"Feature","id":3535605,"geometry":{"type":"Point","coordinates":[-121.782092,44.016705]},"properties":{"objectid":3535605,"site_cn":"5043.004621","managing_org":"060101","site_id":"12427","site_name":"SISTERS MIRROR LAKE","site_type":"TRAILHEAD","activity_type_list":"No Data","service_type_list":"No Data","seasonal_operational_status":"OPEN","op_status_reason":null,"development_status":"EXISTING","fee_charged":"N","fee_type":null,"recarea_name":"Sisters Mirror Lake","public_site_name":"Mirror Lake Trailhead","alternative_name":null,"rec1stop_url":null,"usda_portal_url":"https://www.fs.usda.gov/recarea/deschutes/recarea/?recid=81436","important_info":null,"permit_information":null,"restrictions":null,"closest_towns":"Bend, OR","water_availability":"No water is available","restroom_availability":"Vault toilet(s)","operated_by":"US Forest Service","season_description":null,"directions":"From Bend, OR: Travel 30 miles southwest on Cascade Lakes Highway (46) and the trailhead is on the west side of the road.","maximum_elevation":null,"minimum_elevation":"4,900 feet","site_season_start_date":null,"site_season_end_date":null,"latitude":44.0167,"longitude":-121.7820778,"infra_last_update":1766409704000,"edw_last_modify":1766455552000,"globalid":"{870AA868-33B0-45C8-A8F5-AAA483FFC025}"}},{"type":"Feature","id":3536454,"geometry":{"type":"Point","coordinates":[-122.435856,43.803209]},"properties":{"objectid":3536454,"site_cn":"6491109010602","managing_org":"061805","site_id":"74768","site_name":"NORTH FORK (ROAD 1912)","site_type":"TRAILHEAD","activity_type_list":"No Data","service_type_list":"No Data","seasonal_operational_status":"OPEN","op_status_reason":null,"development_status":"EXISTING","fee_charged":"N","fee_type":null,"recarea_name":"North Fork (Road 1912)","public_site_name":null,"alternative_name":null,"rec1stop_url":null,"usda_portal_url":null,"important_info":null,"permit_information":null,"restrictions":null,"closest_towns":null,"water_availability":null,"restroom_availability":null,"operated_by":null,"season_description":null,"directions":null,"maximum_elevation":null,"minimum_elevation":" feet","site_season_start_date":null,"site_season_end_date":null,"latitude":43.803203999999994,"longitude":-122.435842,"infra_last_update":1771858853000,"edw_last_modify":1771898634000,"globalid":"{893C8754-DCFC-44F9-B8C0-11DA82DC05B0}"}},{"type":"Feature","id":3536524,"geometry":{"type":"Point","coordinates":[-122.114792,44.102394]},"properties":{"objectid":3536524,"site_cn":"255815010602","managing_org":"061801","site_id":"34587","site_name":"EAST FORK TRAILHEAD (UPPER)","site_type":"TRAILHEAD","activity_type_list":"No Data","service_type_list":"No Data","seasonal_operational_status":"OPEN","op_status_reason":null,"development_status":"EXISTING","fee_charged":"N","fee_type":null,"recarea_name":"EAST FORK TRAILHEAD (UPPER)","public_site_name":"East Fork, Upper Trailhead","alternative_name":null,"rec1stop_url":null,"usda_portal_url":"https://www.fs.usda.gov/recarea/willamette/recarea/?recid=81270","important_info":null,"permit_information":null,"restrictions":"Wilderness RegulationsWeed Free Feed Required","closest_towns":null,"water_availability":null,"restroom_availability":null,"operated_by":null,"season_description":null,"directions":"From Blue River, OR, travel 4 miles east on Highway 126 and turn right onto Forest Road 19 (Aufderheide). Continue right at the Y junction for 3 miles to the top of Cougar Reservoir. At the reservoir, turn left across the dam onto Forest Road 1993 and continue up the road to a small parking area on the right (south) side of the road at East Fork, Upper Trailhead.","maximum_elevation":null,"minimum_elevation":null,"site_season_start_date":null,"site_season_end_date":null,"latitude":44.10238889,"longitude":-122.11477778,"infra_last_update":1671034459000,"edw_last_modify":1744204344000,"globalid":"{4F08D810-C0A8-45F2-8DBF-F376E6CBCF51}"}},{"type":"Feature","id":3536667,"geometry":{"type":"Point","coordinates":[-122.134831,43.463702]},"properties":{"objectid":3536667,"site_cn":"11139010467","managing_org":"060102","site_id":"40537","site_name":"EMIGRANT PASS TRAILHEAD","site_type":"TRAILHEAD","activity_type_list":"No Data","service_type_list":"No Data","seasonal_operational_status":"OPEN","op_status_reason":null,"development_status":"EXISTING","fee_charged":"N","fee_type":null,"recarea_name":"EMIGRANT PASS TRAILHEAD","public_site_name":"Emigrant Pass Trailhead","alternative_name":null,"rec1stop_url":null,"usda_portal_url":"https://www.fs.usda.gov/recarea/deschutes/recreation/recarea/?recid=39084&actid=104","important_info":null,"permit_information":null,"restrictions":null,"closest_towns":"Cresent, Oregon","water_availability":"No water is available","restroom_availability":"No restroom available","operated_by":"US Forest Service","season_description":null,"directions":"From Crescent, OR travel about 12 miles west on County Road 61, then 3.5 miles north on Highway 58, then 7 miles west on Forest Road 60, continue west on Forest Road 6010 for 6.5 miles to Summit Lake and Emigrant Pass trailhead.","maximum_elevation":null,"minimum_elevation":null,"site_season_start_date":null,"site_season_end_date":null,"latitude":43.46369667,"longitude":-122.1348167,"infra_last_update":1753975094000,"edw_last_modify":1754014297000,"globalid":"{0A914333-5DE5-4FC3-A57D-4B7AB89727BF}"}},{"type":"Feature","id":3536669,"geometry":{"type":"Point","coordinates":[-122.168347,43.669172]},"properties":{"objectid":3536669,"site_cn":"5093.005641","managing_org":"061805","site_id":"72744","site_name":"VERDUN","site_type":"TRAILHEAD","activity_type_list":"No Data","service_type_list":"No Data","seasonal_operational_status":"OPEN","op_status_reason":null,"development_status":"EXISTING","fee_charged":"N","fee_type":null,"recarea_name":"Verdun","public_site_name":null,"alternative_name":null,"rec1stop_url":null,"usda_portal_url":null,"important_info":null,"permit_information":null,"restrictions":null,"closest_towns":null,"water_availability":null,"restroom_availability":null,"operated_by":null,"season_description":null,"directions":null,"maximum_elevation":null,"minimum_elevation":" feet","site_season_start_date":null,"site_season_end_date":null,"latitude":43.66916667,"longitude":-122.16833333,"infra_last_update":1771858858000,"edw_last_modify":1771898752000,"globalid":"{AA2F5D83-17B5-4D32-AEEA-93DD2DE180DD}"}},{"type":"Feature","id":3536694,"geometry":{"type":"Point","coordinates":[-121.867664,43.804676]},"properties":{"objectid":3536694,"site_cn":"8019.004621","managing_org":"060101","site_id":"40053","site_name":"DEER LAKE","site_type":"TRAILHEAD","activity_type_list":"No Data","service_type_list":"No Data","seasonal_operational_status":"CLOSED","op_status_reason":null,"development_status":"EXISTING","fee_charged":"N","fee_type":null,"recarea_name":"DEER LAKE","public_site_name":"Deer Lake Trailhead","alternative_name":null,"rec1stop_url":null,"usda_portal_url":"https://www.fs.usda.gov/recarea/deschutes/recarea/?recid=38844","important_info":null,"permit_information":null,"restrictions":"If entering the Three Sisters Wilderness: Wilderness restrictions applyView maps of areas where camping/campfire/dog restrictions apply:; Dog leash restrictions,; Camp Chambers,; Green Lakes,; Matthieu Lakes,; Golden Lake,; Moraine Lakes,; Sisters Mirror.","closest_towns":"La Pine, Oregon /; Bend, Oregon","water_availability":"No","restroom_availability":"No","operated_by":null,"season_description":null,"directions":"From Bend, OR: Travel 46.0 miles southwest on Cascade Lakes Highway (46), then 0.8 miles west on Forest Road 4635, then 1.7 miles southwest on Forest Road 4630, then 0.7 miles southwest on Forest Road 4636, and then less than a mile northwest on Forest Road 4636-640.","maximum_elevation":null,"minimum_elevation":null,"site_season_start_date":null,"site_season_end_date":null,"latitude":43.804671,"longitude":-121.86765,"infra_last_update":1744209514000,"edw_last_modify":1744252396000,"globalid":"{E1687F15-D8D0-4802-B754-CA4DFFFE27D7}"}},{"type":"Feature","id":3536760,"geometry":{"type":"Point","coordinates":[-122.045847,43.625005]},"properties":{"objectid":3536760,"site_cn":"5063.005641","managing_org":"061805","site_id":"72714","site_name":"MAIDEN PEAK TRAILHEAD","site_type":"TRAILHEAD","activity_type_list":"No Data","service_type_list":"No Data","seasonal_operational_status":"OPEN","op_status_reason":null,"development_status":"EXISTING","fee_charged":"N","fee_type":null,"recarea_name":"Maiden Peak Trailhead","public_site_name":"Maiden Peak Trailhead","alternative_name":null,"rec1stop_url":null,"usda_portal_url":null,"important_info":null,"permit_information":null,"restrictions":null,"closest_towns":null,"water_availability":null,"restroom_availability":null,"operated_by":null,"season_description":null,"directions":null,"maximum_elevation":null,"minimum_elevation":"4,950 feet","site_season_start_date":null,"site_season_end_date":null,"latitude":43.625,"longitude":-122.04583333,"infra_last_update":1788279784000,"edw_last_modify":1788314830000,"globalid":"{302BB048-D8EF-4D93-876F-A16B5122BEDA}"}},{"type":"Feature","id":3536820,"geometry":{"type":"Point","coordinates":[-122.731314,43.791672]},"properties":{"objectid":3536820,"site_cn":"6170975010602","managing_org":"061501","site_id":"66457","site_name":"MOUNT JUNE","site_type":"TRAILHEAD","activity_type_list":"No Data","service_type_list":"No Data","seasonal_operational_status":"OPEN","op_status_reason":null,"development_status":"EXISTING","fee_charged":"N","fee_type":null,"recarea_name":"Mount June","public_site_name":null,"alternative_name":null,"rec1stop_url":null,"usda_portal_url":null,"important_info":null,"permit_information":null,"restrictions":null,"closest_towns":null,"water_availability":null,"restroom_availability":null,"operated_by":null,"season_description":null,"directions":null,"maximum_elevation":null,"minimum_elevation":" feet","site_season_start_date":null,"site_season_end_date":null,"latitude":43.791667000000004,"longitude":-122.7313,"infra_last_update":1771858856000,"edw_last_modify":1771898638000,"globalid":"{ED2506E3-E342-4B62-A04E-A3DE6B1D85DA}"}},{"type":"Feature","id":3536905,"geometry":{"type":"Point","coordinates":[-122.170844,43.872212]},"properties":{"objectid":3536905,"site_cn":"6491117010602","managing_org":"061805","site_id":"74771","site_name":"NORTH FORK (ROAD 1944)","site_type":"TRAILHEAD","activity_type_list":"No Data","service_type_list":"No Data","seasonal_operational_status":"OPEN","op_status_reason":null,"development_status":"EXISTING","fee_charged":"N","fee_type":null,"recarea_name":"North Fork (Road 1944)","public_site_name":null,"alternative_name":null,"rec1stop_url":null,"usda_portal_url":null,"important_info":null,"permit_information":null,"restrictions":null,"closest_towns":null,"water_availability":null,"restroom_availability":null,"operated_by":null,"season_description":null,"directions":null,"maximum_elevation":null,"minimum_elevation":" feet","site_season_start_date":null,"site_season_end_date":null,"latitude":43.872206999999996,"longitude":-122.17083,"infra_last_update":1771858857000,"edw_last_modify":1771898633000,"globalid":"{F77D13FB-ADB5-4E6D-9D01-5372EA5A35BF}"}},{"type":"Feature","id":3536962,"geometry":{"type":"Point","coordinates":[-122.01807,43.672228]},"properties":{"objectid":3536962,"site_cn":"5060.005641","managing_org":"061805","site_id":"72711","site_name":"BOBBY LAKE","site_type":"TRAILHEAD","activity_type_list":"No Data","service_type_list":"No Data","seasonal_operational_status":"OPEN","op_status_reason":null,"development_status":"EXISTING","fee_charged":"N","fee_type":null,"recarea_name":"BOBBY LAKE","public_site_name":"Bobby Lake Trailhead","alternative_name":null,"rec1stop_url":null,"usda_portal_url":"https://www.fs.usda.gov/recarea/willamette/recarea/?recid=81419","important_info":null,"permit_information":null,"restrictions":null,"closest_towns":null,"water_availability":null,"restroom_availability":null,"operated_by":null,"season_description":null,"directions":"From Oakridge, OR, go east on Highway 58 for 23 miles to the Waldo Lake Road 5897. Follow Waldo Lake Road for 5.5 miles to trailhead on the right.","maximum_elevation":null,"minimum_elevation":null,"site_season_start_date":null,"site_season_end_date":null,"latitude":43.672222219999995,"longitude":-122.01805556000001,"infra_last_update":1744209503000,"edw_last_modify":1744252548000,"globalid":"{150CC4CE-8447-482C-84A5-106AC3F1798D}"}},{"type":"Feature","id":3537071,"geometry":{"type":"Point","coordinates":[-122.212236,43.528061]},"properties":{"objectid":3537071,"site_cn":"5356.005571","managing_org":"061805","site_id":"72119","site_name":"BLUE LAKE","site_type":"TRAILHEAD","activity_type_list":"No Data","service_type_list":"No Data","seasonal_operational_status":"OPEN","op_status_reason":null,"development_status":"EXISTING","fee_charged":"N","fee_type":null,"recarea_name":"Blue Lake","public_site_name":null,"alternative_name":null,"rec1stop_url":null,"usda_portal_url":null,"important_info":null,"permit_information":null,"restrictions":null,"closest_towns":null,"water_availability":null,"restroom_availability":null,"operated_by":null,"season_description":null,"directions":null,"maximum_elevation":null,"minimum_elevation":"5,300 feet","site_season_start_date":null,"site_season_end_date":null,"latitude":43.52805556,"longitude":-122.21222222,"infra_last_update":1771858857000,"edw_last_modify":1771898716000,"globalid":"{64457E34-AE46-4A9B-A861-B541F1B8B734}"}},{"type":"Feature","id":3537130,"geometry":{"type":"Point","coordinates":[-122.205292,44.148061]},"properties":{"objectid":3537130,"site_cn":"5012.005581","managing_org":"061801","site_id":"72019","site_name":"CASTLE ROCK","site_type":"TRAILHEAD","activity_type_list":"No Data","service_type_list":"No Data","seasonal_operational_status":"OPEN","op_status_reason":null,"development_status":"EXISTING","fee_charged":"N","fee_type":null,"recarea_name":"Castle Rock","public_site_name":null,"alternative_name":null,"rec1stop_url":null,"usda_portal_url":null,"important_info":null,"permit_information":null,"restrictions":null,"closest_towns":null,"water_availability":null,"restroom_availability":null,"operated_by":null,"season_description":null,"directions":null,"maximum_elevation":null,"minimum_elevation":" feet","site_season_start_date":null,"site_season_end_date":null,"latitude":44.14805556,"longitude":-122.20527778,"infra_last_update":1771858856000,"edw_last_modify":1771898764000,"globalid":"{8B07F38E-9093-408F-B667-A1DDD36F6A4D}"}},{"type":"Feature","id":3537374,"geometry":{"type":"Point","coordinates":[-122.147014,44.192172]},"properties":{"objectid":3537374,"site_cn":"5430.005571","managing_org":"061801","site_id":"72678","site_name":"FRISSELL","site_type":"TRAILHEAD","activity_type_list":"No Data","service_type_list":"No Data","seasonal_operational_status":"OPEN","op_status_reason":null,"development_status":"EXISTING","fee_charged":"N","fee_type":null,"recarea_name":"Frissell","public_site_name":null,"alternative_name":null,"rec1stop_url":null,"usda_portal_url":null,"important_info":null,"permit_information":null,"restrictions":null,"closest_towns":null,"water_availability":null,"restroom_availability":null,"operated_by":null,"season_description":null,"directions":null,"maximum_elevation":null,"minimum_elevation":" feet","site_season_start_date":null,"site_season_end_date":null,"latitude":44.192166660000005,"longitude":-122.147,"infra_last_update":1771858857000,"edw_last_modify":1771898708000,"globalid":"{DF6CF9F1-B6AF-4974-80F1-52509449B4BD}"}},{"type":"Feature","id":3537381,"geometry":{"type":"Point","coordinates":[-122.489459,43.883339]},"properties":{"objectid":3537381,"site_cn":"5026.005621","managing_org":"061805","site_id":"72549","site_name":"ALPINE (RD 1825/1912)","site_type":"TRAILHEAD","activity_type_list":"No Data","service_type_list":"No Data","seasonal_operational_status":"OPEN","op_status_reason":null,"development_status":"EXISTING","fee_charged":"N","fee_type":null,"recarea_name":"Alpine (Rd 1825/1912)","public_site_name":null,"alternative_name":null,"rec1stop_url":null,"usda_portal_url":null,"important_info":null,"permit_information":null,"restrictions":null,"closest_towns":null,"water_availability":null,"restroom_availability":null,"operated_by":null,"season_description":null,"directions":null,"maximum_elevation":null,"minimum_elevation":" feet","site_season_start_date":null,"site_season_end_date":null,"latitude":43.88333333,"longitude":-122.48944444,"infra_last_update":1771858858000,"edw_last_modify":1771898762000,"globalid":"{06E41846-B12E-4CB0-A8A7-2EB4D31EC0C1}"}},{"type":"Feature","id":3537619,"geometry":{"type":"Point","coordinates":[-121.963399,43.808809]},"properties":{"objectid":3537619,"site_cn":"7666.004621","managing_org":"060101","site_id":"40030","site_name":"IRISH & TAYLOR","site_type":"TRAILHEAD","activity_type_list":"No Data","service_type_list":"No Data","seasonal_operational_status":"OPEN","op_status_reason":null,"development_status":"EXISTING","fee_charged":"N","fee_type":null,"recarea_name":"IRISH & TAYLOR","public_site_name":"Irish And Taylor Trailhead","alternative_name":null,"rec1stop_url":null,"usda_portal_url":"https://www.fs.usda.gov/recarea/deschutes/recarea/?recid=81769","important_info":null,"permit_information":null,"restrictions":null,"closest_towns":"Bend, Oregon","water_availability":"No water is available","restroom_availability":"No restroom available","operated_by":"US Forest Service","season_description":null,"directions":"From Bend, follow the Cascade Lakes Highway west for 46 miles. Turn right on Forest Service Road 4635, when you see a sign for Cultus Lake. In less than 1 mile, turn left on Forest Service Road 4630, where you see a sign that says Little Cultus Lake, 3 miles, and Irish and Taylor lakes, 7 miles.","maximum_elevation":null,"minimum_elevation":null,"site_season_start_date":null,"site_season_end_date":null,"latitude":43.808803329999996,"longitude":-121.963385,"infra_last_update":1753975094000,"edw_last_modify":1754013952000,"globalid":"{4A2BF09E-BC18-4EE3-A510-A92B53B8AA66}"}},{"type":"Feature","id":3537928,"geometry":{"type":"Point","coordinates":[-121.773747,43.901247]},"properties":{"objectid":3537928,"site_cn":"8018.004621","managing_org":"060101","site_id":"40052","site_name":"BLUE LAGOON","site_type":"TRAILHEAD","activity_type_list":"No Data","service_type_list":"No Data","seasonal_operational_status":"OPEN","op_status_reason":null,"development_status":"EXISTING","fee_charged":"N","fee_type":null,"recarea_name":"Blue Lagoon","public_site_name":"Blue Lagoon","alternative_name":null,"rec1stop_url":null,"usda_portal_url":null,"important_info":null,"permit_information":null,"restrictions":null,"closest_towns":null,"water_availability":null,"restroom_availability":null,"operated_by":null,"season_description":null,"directions":null,"maximum_elevation":null,"minimum_elevation":" feet","site_season_start_date":null,"site_season_end_date":null,"latitude":43.901241670000005,"longitude":-121.77373334,"infra_last_update":1592720091000,"edw_last_modify":1744204346000,"globalid":"{46F53EC8-5202-4B60-B99A-2F24E8C78482}"}},{"type":"Feature","id":3537995,"geometry":{"type":"Point","coordinates":[-122.172153,44.012311]},"properties":{"objectid":3537995,"site_cn":"11345010565","managing_org":"061801","site_id":"34588","site_name":"REBEL","site_type":"TRAILHEAD","activity_type_list":"No Data","service_type_list":"No Data","seasonal_operational_status":"OPEN","op_status_reason":null,"development_status":"EXISTING","fee_charged":"N","fee_type":null,"recarea_name":"REBEL","public_site_name":"Rebel Trailhead","alternative_name":null,"rec1stop_url":null,"usda_portal_url":"https://www.fs.usda.gov/recarea/willamette/recarea/?recid=81276","important_info":null,"permit_information":null,"restrictions":"Wilderness RegulationsWeed Free Feed Required","closest_towns":null,"water_availability":null,"restroom_availability":null,"operated_by":null,"season_description":null,"directions":"From Blue River, OR, travel 4 miles east on Highway 126 and turn right onto Forest Road 19 (Aufderheide). Continue right at the Y junction for 3 miles to the top of Cougar Reservoir. At the reservoir, continue south on Forest Road 19 for 10 miles to Rebel Trailhead.","maximum_elevation":null,"minimum_elevation":null,"site_season_start_date":null,"site_season_end_date":null,"latitude":44.01230556,"longitude":-122.17213889,"infra_last_update":1744209518000,"edw_last_modify":1744252617000,"globalid":"{2D7A325A-7D01-458A-ABDF-42AA4C68ACB8}"}},{"type":"Feature","id":3538176,"geometry":{"type":"Point","coordinates":[-122.224903,44.166811]},"properties":{"objectid":3538176,"site_cn":"5429.005571","managing_org":"061801","site_id":"72677","site_name":"KING CASTLE","site_type":"TRAILHEAD","activity_type_list":"No Data","service_type_list":"No Data","seasonal_operational_status":"OPEN","op_status_reason":null,"development_status":"EXISTING","fee_charged":"N","fee_type":null,"recarea_name":"King Castle","public_site_name":null,"alternative_name":null,"rec1stop_url":null,"usda_portal_url":null,"important_info":null,"permit_information":null,"restrictions":null,"closest_towns":null,"water_availability":null,"restroom_availability":null,"operated_by":null,"season_description":null,"directions":null,"maximum_elevation":null,"minimum_elevation":"1,200 feet","site_season_start_date":null,"site_season_end_date":null,"latitude":44.16680556,"longitude":-122.22488889,"infra_last_update":1771858857000,"edw_last_modify":1771898708000,"globalid":"{2BE532F5-E51E-4B93-A60E-58A8B261DD2C}"}},{"type":"Feature","id":3538322,"geometry":{"type":"Point","coordinates":[-122.669964,43.608672]},"properties":{"objectid":3538322,"site_cn":"6171004010602","managing_org":"061501","site_id":"66469","site_name":"CAT MOUNTAIN","site_type":"TRAILHEAD","activity_type_list":"No Data","service_type_list":"No Data","seasonal_operational_status":"OPEN","op_status_reason":null,"development_status":"EXISTING","fee_charged":"N","fee_type":null,"recarea_name":"CAT MOUNTAIN","public_site_name":"Cat Mountain Trailhead","alternative_name":null,"rec1stop_url":null,"usda_portal_url":null,"important_info":null,"permit_information":null,"restrictions":null,"closest_towns":"Cottage Grove, OR","water_availability":"No drinking water is available","restroom_availability":"No restroom available","operated_by":"US Forest Service","season_description":null,"directions":"Cat Mountain Trailhead is approximately 25 miles southeast of Cottage Grove, OR. From Cottage Grove, OR, travel east on Row River Road 2400 for 19 miles to the junction of Layng Creek Road 17 and Brice Creek Road 2470, continue right on Brice Creek Road 2470 for 6.2 miles to Cat Creek Road 2263. Turn right and continue on Cat Creek Road 2263 for 6.2 miles to Forest Road 2263-763 on the right. Follow Forest Road 2263-763 for 3.9 miles to the trailhead on the right.","maximum_elevation":null,"minimum_elevation":null,"site_season_start_date":null,"site_season_end_date":null,"latitude":43.608667000000004,"longitude":-122.66995,"infra_last_update":1753975099000,"edw_last_modify":1754013981000,"globalid":"{BC08AB91-A693-4807-9361-7D12EC00AB8F}"}},{"type":"Feature","id":3538378,"geometry":{"type":"Point","coordinates":[-122.149424,43.73857]},"properties":{"objectid":3538378,"site_cn":"6491145010602","managing_org":"061805","site_id":"74778","site_name":"WALDO MEADOWS","site_type":"TRAILHEAD","activity_type_list":"No Data","service_type_list":"No Data","seasonal_operational_status":"OPEN","op_status_reason":null,"development_status":"EXISTING","fee_charged":"N","fee_type":null,"recarea_name":"Waldo Meadows","public_site_name":null,"alternative_name":null,"rec1stop_url":null,"usda_portal_url":null,"important_info":null,"permit_information":null,"restrictions":null,"closest_towns":null,"water_availability":null,"restroom_availability":null,"operated_by":null,"season_description":null,"directions":null,"maximum_elevation":null,"minimum_elevation":" feet","site_season_start_date":null,"site_season_end_date":null,"latitude":43.738565,"longitude":-122.14941,"infra_last_update":1771858858000,"edw_last_modify":1771898633000,"globalid":"{2D4AE239-EC28-4439-AB65-6E03108AD11C}"}},{"type":"Feature","id":3538452,"geometry":{"type":"Point","coordinates":[-121.811564,43.983233]},"properties":{"objectid":3538452,"site_cn":"5014.004621","managing_org":"060101","site_id":"12425","site_name":"ELK LAKE","site_type":"TRAILHEAD","activity_type_list":"No Data","service_type_list":"No Data","seasonal_operational_status":"OPEN","op_status_reason":null,"development_status":"EXISTING","fee_charged":"N","fee_type":null,"recarea_name":"Elk Lake","public_site_name":"Elk Lake Trailhead","alternative_name":null,"rec1stop_url":null,"usda_portal_url":"https://www.fs.usda.gov/recarea/deschutes/recarea/?recid=38866","important_info":null,"permit_information":null,"restrictions":"Wilderness restrictions applyMaps of areas where special restrictions apply:; Dog leash restrictions,; Camp Chambers,; Green Lakes,; Matthieu and Golden Lakes,; Moraine Lakes,; Sisters Mirror Lakes area. ; Motorized and mechanical equipment (including bic","closest_towns":"Bend, OR","water_availability":"No water is available","restroom_availability":"Vault toilet(s)","operated_by":"US Forest Service","season_description":null,"directions":"From Bend, OR travel 33.0 miles west on Cascade Lakes Hwy (46).","maximum_elevation":null,"minimum_elevation":"5,000 feet","site_season_start_date":null,"site_season_end_date":null,"latitude":43.98322778,"longitude":-121.81155,"infra_last_update":1766409698000,"edw_last_modify":1766455571000,"globalid":"{9123F2E6-2BE1-4B8F-B70B-7E33C8662C35}"}},{"type":"Feature","id":3538471,"geometry":{"type":"Point","coordinates":[-122.024931,44.1347]},"properties":{"objectid":3538471,"site_cn":"5433.005571","managing_org":"061801","site_id":"72681","site_name":"RAINBOW FALLS","site_type":"TRAILHEAD","activity_type_list":"No Data","service_type_list":"No Data","seasonal_operational_status":"OPEN","op_status_reason":null,"development_status":"EXISTING","fee_charged":"N","fee_type":null,"recarea_name":"RAINBOW FALLS","public_site_name":"Rainbow Falls Trailhead","alternative_name":null,"rec1stop_url":null,"usda_portal_url":"https://www.fs.usda.gov/recarea/willamette/recarea/?recid=81266","important_info":null,"permit_information":null,"restrictions":"Wilderness RegulationsWeed Free Feed Required","closest_towns":null,"water_availability":null,"restroom_availability":null,"operated_by":null,"season_description":null,"directions":"From McKenzie Bridge, OR, drive east on Highway 126 for 3 miles to Forest Road 2643 (Foley Ridge Road). Follow Forest Road 2643 uphill for 8 miles to Rainbow Falls Trailhead at a pullout on the right (south) side of the road.","maximum_elevation":null,"minimum_elevation":null,"site_season_start_date":null,"site_season_end_date":null,"latitude":44.13469444,"longitude":-122.02491667,"infra_last_update":1744209511000,"edw_last_modify":1744252441000,"globalid":"{DCC6DADC-4DED-4366-B675-8F9649537F90}"}},{"type":"Feature","id":3538490,"geometry":{"type":"Point","coordinates":[-122.423093,43.947986]},"properties":{"objectid":3538490,"site_cn":"5025.005621","managing_org":"061805","site_id":"72567","site_name":"GOLD POINT (UPPER)","site_type":"TRAILHEAD","activity_type_list":"No Data","service_type_list":"No Data","seasonal_operational_status":"OPEN","op_status_reason":null,"development_status":"EXISTING","fee_charged":"N","fee_type":null,"recarea_name":"GOLD POINT (UPPER)","public_site_name":"Gold Point Trailhead - Upper","alternative_name":null,"rec1stop_url":null,"usda_portal_url":"https://www.fs.usda.gov/recarea/willamette/recarea/?recid=81465","important_info":null,"permit_information":null,"restrictions":null,"closest_towns":null,"water_availability":null,"restroom_availability":null,"operated_by":null,"season_description":null,"directions":"Travel 2 miles north from Lowell, Oregon, on the Jasper-Lowell Road and turn right at the Unity Bridge, and proceed 16.8 miles on Big Fall Creek Road (Forest Road 18) to Forest Road 1825. Turn right, proceed 2.3 miles to Forest Road 1835, turn left and go 0.6 mile to Forest Road 1835-220, and turn left again. Continue approximately 0.5 miles. Trailhead parking for the lower trailhead is on the left side of the road.The upper trailhead is reached by continuing on the Fall Creek Road past Forest Road 1825 for 6.6 miles. Turn right on Forest Road 1835, proceed 6.1 miles to the junction with Forest Road 1835-365. Turn right and the trailhead is a short distance up this road.","maximum_elevation":null,"minimum_elevation":null,"site_season_start_date":null,"site_season_end_date":null,"latitude":43.947980109999996,"longitude":-122.42307901,"infra_last_update":1744209501000,"edw_last_modify":1744252572000,"globalid":"{7EF116C1-5981-410B-9D19-3FD603E34EE2}"}},{"type":"Feature","id":3538516,"geometry":{"type":"Point","coordinates":[-122.173268,43.583727]},"properties":{"objectid":3538516,"site_cn":"6491019010602","managing_org":"061805","site_id":"74764","site_name":"VIVIAN LAKE TRAILHEAD (WEST)","site_type":"TRAILHEAD","activity_type_list":"No Data","service_type_list":"No Data","seasonal_operational_status":"OPEN","op_status_reason":null,"development_status":"EXISTING","fee_charged":"N","fee_type":null,"recarea_name":"Vivian Lake Trailhead (West)","public_site_name":null,"alternative_name":null,"rec1stop_url":null,"usda_portal_url":null,"important_info":null,"permit_information":null,"restrictions":null,"closest_towns":null,"water_availability":null,"restroom_availability":null,"operated_by":null,"season_description":null,"directions":null,"maximum_elevation":null,"minimum_elevation":" feet","site_season_start_date":null,"site_season_end_date":null,"latitude":43.583722,"longitude":-122.173254,"infra_last_update":1771858855000,"edw_last_modify":1771898634000,"globalid":"{185F60CB-1A1D-46D7-949B-51AC62103ECD}"}},{"type":"Feature","id":3538730,"geometry":{"type":"Point","coordinates":[-122.714814,43.822905]},"properties":{"objectid":3538730,"site_cn":"5062.005621","managing_org":"061805","site_id":"72562","site_name":"LOST CREEK (WEST)","site_type":"TRAILHEAD","activity_type_list":"No Data","service_type_list":"No Data","seasonal_operational_status":"OPEN","op_status_reason":null,"development_status":"EXISTING","fee_charged":"N","fee_type":null,"recarea_name":"Lost Creek (West)","public_site_name":null,"alternative_name":null,"rec1stop_url":null,"usda_portal_url":null,"important_info":null,"permit_information":null,"restrictions":null,"closest_towns":null,"water_availability":null,"restroom_availability":null,"operated_by":null,"season_description":null,"directions":null,"maximum_elevation":null,"minimum_elevation":" feet","site_season_start_date":null,"site_season_end_date":null,"latitude":43.8229,"longitude":-122.7148,"infra_last_update":1771858855000,"edw_last_modify":1771898756000,"globalid":"{43018825-7914-4B17-A649-576AAF938916}"}},{"type":"Feature","id":3539075,"geometry":{"type":"Point","coordinates":[-122.524142,43.545441]},"properties":{"objectid":3539075,"site_cn":"5452.005571","managing_org":"061805","site_id":"72123","site_name":"BEARBONES","site_type":"TRAILHEAD","activity_type_list":"No Data","service_type_list":"No Data","seasonal_operational_status":"OPEN","op_status_reason":null,"development_status":"EXISTING","fee_charged":"N","fee_type":null,"recarea_name":"Bearbones","public_site_name":null,"alternative_name":null,"rec1stop_url":null,"usda_portal_url":null,"important_info":null,"permit_information":null,"restrictions":null,"closest_towns":null,"water_availability":null,"restroom_availability":null,"operated_by":null,"season_description":null,"directions":null,"maximum_elevation":null,"minimum_elevation":" feet","site_season_start_date":null,"site_season_end_date":null,"latitude":43.545436,"longitude":-122.524128,"infra_last_update":1771858858000,"edw_last_modify":1771898705000,"globalid":"{24021E42-F9C5-4071-A831-60C494860BF3}"}},{"type":"Feature","id":3539122,"geometry":{"type":"Point","coordinates":[-121.913325,43.603044]},"properties":{"objectid":3539122,"site_cn":"11163010467","managing_org":"060102","site_id":"40529","site_name":"MAIDEN LAKE TRAILHEAD","site_type":"TRAILHEAD","activity_type_list":"No Data","service_type_list":"No Data","seasonal_operational_status":"OPEN","op_status_reason":null,"development_status":"EXISTING","fee_charged":"N","fee_type":null,"recarea_name":"MAIDEN LAKE TRAILHEAD","public_site_name":"Maiden Lake Trailhead","alternative_name":null,"rec1stop_url":null,"usda_portal_url":"https://www.fs.usda.gov/recarea/deschutes/recreation/recarea/?recid=39072&actid=104","important_info":null,"permit_information":null,"restrictions":null,"closest_towns":"Crescent, Oregon","water_availability":"No water is available","restroom_availability":"No restroom available","operated_by":"US Forest Service","season_description":null,"directions":null,"maximum_elevation":null,"minimum_elevation":null,"site_season_start_date":null,"site_season_end_date":null,"latitude":43.60303889,"longitude":-121.9133111,"infra_last_update":1753975094000,"edw_last_modify":1754014296000,"globalid":"{A7F7A768-5438-4BD6-8E3D-BADDC3AB577C}"}},{"type":"Feature","id":3539193,"geometry":{"type":"Point","coordinates":[-122.241681,43.839728]},"properties":{"objectid":3539193,"site_cn":"5071.005641","managing_org":"061805","site_id":"72722","site_name":"BLAIR LAKE TRAILHEAD (WEST)","site_type":"TRAILHEAD","activity_type_list":"No Data","service_type_list":"No Data","seasonal_operational_status":"OPEN","op_status_reason":null,"development_status":"EXISTING","fee_charged":"N","fee_type":null,"recarea_name":"Blair Lake Trailhead (West)","public_site_name":null,"alternative_name":null,"rec1stop_url":null,"usda_portal_url":null,"important_info":null,"permit_information":null,"restrictions":null,"closest_towns":null,"water_availability":null,"restroom_availability":null,"operated_by":null,"season_description":null,"directions":null,"maximum_elevation":null,"minimum_elevation":" feet","site_season_start_date":null,"site_season_end_date":null,"latitude":43.83972222,"longitude":-122.24166667,"infra_last_update":1771858857000,"edw_last_modify":1771898755000,"globalid":"{0D008EDC-AAE6-43CE-B2ED-036E53DC4513}"}},{"type":"Feature","id":3539310,"geometry":{"type":"Point","coordinates":[-122.195914,43.575705]},"properties":{"objectid":3539310,"site_cn":"5454.005571","managing_org":"061805","site_id":"72125","site_name":"HEMLOCK BUTTE","site_type":"TRAILHEAD","activity_type_list":"No Data","service_type_list":"No Data","seasonal_operational_status":"OPEN","op_status_reason":null,"development_status":"EXISTING","fee_charged":"N","fee_type":null,"recarea_name":"Hemlock Butte","public_site_name":null,"alternative_name":null,"rec1stop_url":null,"usda_portal_url":null,"important_info":null,"permit_information":null,"restrictions":null,"closest_towns":null,"water_availability":null,"restroom_availability":null,"operated_by":null,"season_description":null,"directions":null,"maximum_elevation":null,"minimum_elevation":" feet","site_season_start_date":null,"site_season_end_date":null,"latitude":43.5757,"longitude":-122.1959,"infra_last_update":1771858856000,"edw_last_modify":1771898704000,"globalid":"{EB07B5BA-7D8E-48BD-A422-BFB3885E6AD4}"}},{"type":"Feature","id":3539350,"geometry":{"type":"Point","coordinates":[-122.618903,43.825005]},"properties":{"objectid":3539350,"site_cn":"5060.005621","managing_org":"061805","site_id":"72563","site_name":"HIGHWAY 58 (EULA/SOUTH.WILLAMETTE/LAWLER)","site_type":"TRAILHEAD","activity_type_list":"No Data","service_type_list":"No Data","seasonal_operational_status":"OPEN","op_status_reason":null,"development_status":"EXISTING","fee_charged":"N","fee_type":null,"recarea_name":"Highway 58 (Eula/South.Willamette/Lawler)","public_site_name":null,"alternative_name":null,"rec1stop_url":null,"usda_portal_url":null,"important_info":null,"permit_information":null,"restrictions":null,"closest_towns":null,"water_availability":null,"restroom_availability":null,"operated_by":null,"season_description":null,"directions":null,"maximum_elevation":null,"minimum_elevation":" feet","site_season_start_date":null,"site_season_end_date":null,"latitude":43.825,"longitude":-122.61888889,"infra_last_update":1771858855000,"edw_last_modify":1771898757000,"globalid":"{66D26836-9C42-4FD3-9D2E-42579DCC0CC3}"}},{"type":"Feature","id":3539808,"geometry":{"type":"Point","coordinates":[-122.148625,43.738617]},"properties":{"objectid":3539808,"site_cn":"5083.005641","managing_org":"061805","site_id":"72733","site_name":"SPIRIT LAKE","site_type":"TRAILHEAD","activity_type_list":"No Data","service_type_list":"No Data","seasonal_operational_status":"OPEN","op_status_reason":null,"development_status":"EXISTING","fee_charged":"N","fee_type":null,"recarea_name":"Spirit Lake","public_site_name":null,"alternative_name":null,"rec1stop_url":null,"usda_portal_url":null,"important_info":null,"permit_information":null,"restrictions":null,"closest_towns":null,"water_availability":null,"restroom_availability":null,"operated_by":null,"season_description":null,"directions":null,"maximum_elevation":null,"minimum_elevation":" feet","site_season_start_date":null,"site_season_end_date":null,"latitude":43.73861111,"longitude":-122.14861111,"infra_last_update":1771858853000,"edw_last_modify":1771898753000,"globalid":"{AF39F773-00B6-4961-8AB2-76BA6E54FED8}"}},{"type":"Feature","id":3539811,"geometry":{"type":"Point","coordinates":[-121.871125,44.206117]},"properties":{"objectid":3539811,"site_cn":"5038.005631","managing_org":"061801","site_id":"32692","site_name":"OBSIDIAN","site_type":"TRAILHEAD","activity_type_list":"No Data","service_type_list":"No Data","seasonal_operational_status":"OPEN","op_status_reason":null,"development_status":"EXISTING","fee_charged":"Y","fee_type":"STANDARD AMENITY FEE","recarea_name":"Obsidian Trhd","public_site_name":"Obsidian Trailhead","alternative_name":null,"rec1stop_url":null,"usda_portal_url":"https://www.fs.usda.gov/recarea/willamette/recarea/?recid=80278","important_info":null,"permit_information":null,"restrictions":null,"closest_towns":"McKenzie Bridge, OR","water_availability":"No drinking water is available","restroom_availability":"Vault toilet(s)","operated_by":"US Forest Service","season_description":null,"directions":"From McKenzie Bridge, OR, drive east on Highway 126 about 2 miles to the junction of Highway 242. Travel northeast 17 miles on Highway 242 to Forest Road 250. Turn right (east) onto Forest Road 250, and turn right at the next Y junction. At the next Y junction, turn right and follow the loop to the far end to find Obsidian Hiker Trailhead.","maximum_elevation":null,"minimum_elevation":"4,800 feet","site_season_start_date":null,"site_season_end_date":null,"latitude":44.20611111,"longitude":-121.8711111,"infra_last_update":1772729854000,"edw_last_modify":1772762598000,"globalid":"{9159EAA1-1CD3-4987-A0C1-E6C7441548FE}"}},{"type":"Feature","id":3539836,"geometry":{"type":"Point","coordinates":[-122.481959,43.83445]},"properties":{"objectid":3539836,"site_cn":"5067.005621","managing_org":"061805","site_id":"72551","site_name":"ALPINE (WINDY PASS)","site_type":"TRAILHEAD","activity_type_list":"No Data","service_type_list":"No Data","seasonal_operational_status":"OPEN","op_status_reason":null,"development_status":"EXISTING","fee_charged":"N","fee_type":null,"recarea_name":"Alpine (Windy Pass)","public_site_name":null,"alternative_name":null,"rec1stop_url":null,"usda_portal_url":null,"important_info":null,"permit_information":null,"restrictions":null,"closest_towns":null,"water_availability":null,"restroom_availability":null,"operated_by":null,"season_description":null,"directions":null,"maximum_elevation":null,"minimum_elevation":" feet","site_season_start_date":null,"site_season_end_date":null,"latitude":43.834444440000006,"longitude":-122.48194443999999,"infra_last_update":1771858857000,"edw_last_modify":1771898755000,"globalid":"{82375BF3-8FD9-417D-860D-79A354187AE6}"}},{"type":"Feature","id":3540038,"geometry":{"type":"Point","coordinates":[-122.192377,43.442658]},"properties":{"objectid":3540038,"site_cn":"5459.005571","managing_org":"061805","site_id":"72136","site_name":"MIDDLE FORK TRAILHEAD (NRT-PADDYS VALLEY)","site_type":"TRAILHEAD","activity_type_list":"No Data","service_type_list":"No Data","seasonal_operational_status":"OPEN","op_status_reason":null,"development_status":"EXISTING","fee_charged":"N","fee_type":null,"recarea_name":"Middle Fork Trailhead (Nrt-Paddys Valley)","public_site_name":null,"alternative_name":null,"rec1stop_url":null,"usda_portal_url":null,"important_info":null,"permit_information":null,"restrictions":null,"closest_towns":null,"water_availability":null,"restroom_availability":null,"operated_by":null,"season_description":null,"directions":null,"maximum_elevation":null,"minimum_elevation":" feet","site_season_start_date":null,"site_season_end_date":null,"latitude":43.442653,"longitude":-122.192363,"infra_last_update":1771858856000,"edw_last_modify":1771898702000,"globalid":"{4FAB8541-ABFD-45B3-BA39-7EE1FBBDC412}"}},{"type":"Feature","id":3540111,"geometry":{"type":"Point","coordinates":[-121.966169,43.548414]},"properties":{"objectid":3540111,"site_cn":"11165010467","managing_org":"060102","site_id":"40531","site_name":"CRATER BUTTE TRAILHEAD","site_type":"TRAILHEAD","activity_type_list":"No Data","service_type_list":"No Data","seasonal_operational_status":"OPEN","op_status_reason":null,"development_status":"EXISTING","fee_charged":"N","fee_type":null,"recarea_name":"CRATER BUTTE TRAILHEAD","public_site_name":"Crater Butte Trailhead","alternative_name":null,"rec1stop_url":null,"usda_portal_url":"https://www.fs.usda.gov/recarea/deschutes/recarea/?recid=39056","important_info":null,"permit_information":null,"restrictions":"Wilderness restrictions applyMotorized and mechanical equipment (including bicycles and drones) are prohibited in the wilderness.Groups must be under 12 people and 12 head of stock.Build campfires at least 100 feet away from water.Pack in / Pack out! '||chr(38)||'ldqu","closest_towns":"Crescent, Oregon","water_availability":"No water is available","restroom_availability":"No restroom available","operated_by":"US Forest Service","season_description":null,"directions":"From Crescent, OR: Travel 12.2 miles west on County Road 61/Crescent Cut-off Road, then 5.4 miles north on Highway 58, then turn left onto east Odell Lake Road/Forest Service Road 680 for approximately .10 of a mile, then follow the signs.","maximum_elevation":null,"minimum_elevation":null,"site_season_start_date":null,"site_season_end_date":null,"latitude":43.54840833,"longitude":-121.966155,"infra_last_update":1753975094000,"edw_last_modify":1754014296000,"globalid":"{665BCC05-1AC4-44F1-92C1-4690E48DD94A}"}},{"type":"Feature","id":3540114,"geometry":{"type":"Point","coordinates":[-122.070014,43.878894]},"properties":{"objectid":3540114,"site_cn":"5095.005641","managing_org":"061805","site_id":"72746","site_name":"SHALE RIDGE (NORTH)","site_type":"TRAILHEAD","activity_type_list":"No Data","service_type_list":"No Data","seasonal_operational_status":"OPEN","op_status_reason":null,"development_status":"EXISTING","fee_charged":"N","fee_type":null,"recarea_name":"SHALE RIDGE (NORTH)","public_site_name":"Shale Ridge Trailhead","alternative_name":null,"rec1stop_url":null,"usda_portal_url":"https://www.fs.usda.gov/recarea/willamette/recarea/?recid=81393","important_info":null,"permit_information":null,"restrictions":"Wilderness RegulationsWeed Free Feed Required","closest_towns":null,"water_availability":null,"restroom_availability":null,"operated_by":null,"season_description":null,"directions":"From Westfir, OR, continue up Forest Road 19 (Aufderheide Drive) for 30 miles to the trailhead, which is located on the right side of the road.Approximately 3 miles past Constitution Grove Trailhead.","maximum_elevation":null,"minimum_elevation":null,"site_season_start_date":null,"site_season_end_date":null,"latitude":43.87888889,"longitude":-122.07,"infra_last_update":1744209504000,"edw_last_modify":1744252531000,"globalid":"{5AE14868-5584-4DE7-B631-BDCF43322FEA}"}},{"type":"Feature","id":3540154,"geometry":{"type":"Point","coordinates":[-122.460414,43.737305]},"properties":{"objectid":3540154,"site_cn":"5457.005571","managing_org":"061805","site_id":"72134","site_name":"LARISON ROCK (LOWER)","site_type":"TRAILHEAD","activity_type_list":"No Data","service_type_list":"No Data","seasonal_operational_status":"OPEN","op_status_reason":null,"development_status":"EXISTING","fee_charged":"N","fee_type":null,"recarea_name":"Larison Rock (Lower)","public_site_name":null,"alternative_name":null,"rec1stop_url":null,"usda_portal_url":null,"important_info":null,"permit_information":null,"restrictions":null,"closest_towns":null,"water_availability":null,"restroom_availability":null,"operated_by":null,"season_description":null,"directions":null,"maximum_elevation":null,"minimum_elevation":" feet","site_season_start_date":null,"site_season_end_date":null,"latitude":43.7373,"longitude":-122.4604,"infra_last_update":1771858858000,"edw_last_modify":1771898704000,"globalid":"{A94BAE8E-48E2-4806-B9C6-FB1B449582E2}"}},{"type":"Feature","id":3540322,"geometry":{"type":"Point","coordinates":[-122.218903,43.517505]},"properties":{"objectid":3540322,"site_cn":"5357.005571","managing_org":"061805","site_id":"72120","site_name":"BEAR MOUNTAIN","site_type":"TRAILHEAD","activity_type_list":"No Data","service_type_list":"No Data","seasonal_operational_status":"OPEN","op_status_reason":null,"development_status":"EXISTING","fee_charged":"N","fee_type":null,"recarea_name":"Bear Mountain","public_site_name":null,"alternative_name":null,"rec1stop_url":null,"usda_portal_url":null,"important_info":null,"permit_information":null,"restrictions":null,"closest_towns":null,"water_availability":null,"restroom_availability":null,"operated_by":null,"season_description":null,"directions":null,"maximum_elevation":null,"minimum_elevation":" feet","site_season_start_date":null,"site_season_end_date":null,"latitude":43.5175,"longitude":-122.21888889,"infra_last_update":1771858855000,"edw_last_modify":1771898716000,"globalid":"{713FEED7-FF9B-4DDB-8B7C-982460FF0BD7}"}},{"type":"Feature","id":3540328,"geometry":{"type":"Point","coordinates":[-122.112283,43.466736]},"properties":{"objectid":3540328,"site_cn":"8340.004621","managing_org":"060102","site_id":"40516","site_name":"SUMMIT LAKE TRAILHEAD","site_type":"TRAILHEAD","activity_type_list":"No Data","service_type_list":"No Data","seasonal_operational_status":"OPEN","op_status_reason":null,"development_status":"EXISTING","fee_charged":"N","fee_type":null,"recarea_name":"Summit Lake Trailhead","public_site_name":"Summit Lake Trailhead","alternative_name":null,"rec1stop_url":null,"usda_portal_url":null,"important_info":null,"permit_information":null,"restrictions":null,"closest_towns":null,"water_availability":null,"restroom_availability":null,"operated_by":null,"season_description":null,"directions":null,"maximum_elevation":null,"minimum_elevation":"5,600 feet","site_season_start_date":null,"site_season_end_date":null,"latitude":43.46673056,"longitude":-122.11226944,"infra_last_update":1592720093000,"edw_last_modify":1744204351000,"globalid":"{8F35ED81-8689-4226-89E2-B69EF7259B31}"}},{"type":"Feature","id":3540436,"geometry":{"type":"Point","coordinates":[-122.583347,43.744172]},"properties":{"objectid":3540436,"site_cn":"5036.005621","managing_org":"061805","site_id":"72564","site_name":"DECEPTION BUTTE (UPPER)","site_type":"TRAILHEAD","activity_type_list":"No Data","service_type_list":"No Data","seasonal_operational_status":"OPEN","op_status_reason":null,"development_status":"EXISTING","fee_charged":"N","fee_type":null,"recarea_name":"DECEPTION BUTE (UPPER)","public_site_name":"Deception Butte Trailhead - Upper","alternative_name":null,"rec1stop_url":null,"usda_portal_url":"https://www.fs.usda.gov/recarea/willamette/recarea/?recid=81475","important_info":null,"permit_information":null,"restrictions":null,"closest_towns":null,"water_availability":null,"restroom_availability":null,"operated_by":null,"season_description":null,"directions":"From Eugene, Oregon, travel about 7.3 miles to Highway 58. Go east on Highway 58 to the crossing of Deception Creek (Highway 58 Milepost 31.0). Deception Creek is approximately 0.5 mile west of the Middle Fork Ranger District office.Take Forest Road 5850 located just west of the Middle Fork Ranger District compound. There is a small parking lot a short distance from Highway 58. There is a short loop trail, and the Deception Butte lower trailhead is on the loop.To reach the upper end of the trail, travel back to the west on Highway 58 for 1.9 miles to Forest Road 5847. ( Forest Road 5847 is 2.4 miles west of the Middle Fork Ranger District office.)Follow this road for 4.4 miles to Forest Road 549. Turn left and proceed 3.4 miles. The trailhead is located on the left side of the road.","maximum_elevation":null,"minimum_elevation":null,"site_season_start_date":null,"site_season_end_date":null,"latitude":43.744166670000006,"longitude":-122.58333332999999,"infra_last_update":1791045448000,"edw_last_modify":1791092761000,"globalid":"{013579CF-426E-45A2-8196-E265C9C3CDB1}"}},{"type":"Feature","id":3540966,"geometry":{"type":"Point","coordinates":[-121.714083,44.223422]},"properties":{"objectid":3540966,"site_cn":"5349.004621","managing_org":"060105","site_id":"28292","site_name":"SCOTT PASS T.H.","site_type":"TRAILHEAD","activity_type_list":"No Data","service_type_list":"No Data","seasonal_operational_status":"OPEN","op_status_reason":null,"development_status":"EXISTING","fee_charged":"N","fee_type":null,"recarea_name":"SCOTT PASS T.H.","public_site_name":"Scott Pass Trailhead","alternative_name":null,"rec1stop_url":null,"usda_portal_url":"https://www.fs.usda.gov/recarea/deschutes/recarea/?recid=81746","important_info":null,"permit_information":null,"restrictions":null,"closest_towns":"Sisters, OR","water_availability":"No water is available","restroom_availability":"No restroom available","operated_by":"US Forest Service","season_description":null,"directions":"From Sisters, OR: 5.8 miles west on Hwy. 242, then 6.4 miles south on Forest. Road 1018, then 1.3 miles west on Forest Road 1026 and travel about a mile to the Scott Pass trailhead.","maximum_elevation":null,"minimum_elevation":null,"site_season_start_date":null,"site_season_end_date":null,"latitude":44.22341667,"longitude":-121.7140694,"infra_last_update":1753975094000,"edw_last_modify":1754014050000,"globalid":"{84100F78-8961-4D9A-BC02-03778FE65CE3}"}},{"type":"Feature","id":3541197,"geometry":{"type":"Point","coordinates":[-122.746764,43.575455]},"properties":{"objectid":3541197,"site_cn":"6171048010602","managing_org":"061501","site_id":"66477","site_name":"MARTIN SHARPS","site_type":"TRAILHEAD","activity_type_list":"No Data","service_type_list":"No Data","seasonal_operational_status":"OPEN","op_status_reason":null,"development_status":"EXISTING","fee_charged":"N","fee_type":null,"recarea_name":"Martin Sharps","public_site_name":null,"alternative_name":null,"rec1stop_url":null,"usda_portal_url":null,"important_info":null,"permit_information":null,"restrictions":null,"closest_towns":null,"water_availability":null,"restroom_availability":null,"operated_by":null,"season_description":null,"directions":null,"maximum_elevation":null,"minimum_elevation":" feet","site_season_start_date":null,"site_season_end_date":null,"latitude":43.575450000000004,"longitude":-122.74675,"infra_last_update":1771858855000,"edw_last_modify":1771898638000,"globalid":"{08719794-2BF2-438D-9D84-5A602D79208F}"}},{"type":"Feature","id":3541234,"geometry":{"type":"Point","coordinates":[-122.020847,43.810561]},"properties":{"objectid":3541234,"site_cn":"5076.005641","managing_org":"061805","site_id":"72726","site_name":"FIELDS LAKE","site_type":"TRAILHEAD","activity_type_list":"No Data","service_type_list":"No Data","seasonal_operational_status":"OPEN","op_status_reason":null,"development_status":"EXISTING","fee_charged":"N","fee_type":null,"recarea_name":"FIELDS LAKE","public_site_name":"Fields Lake Trailhead","alternative_name":null,"rec1stop_url":null,"usda_portal_url":"https://www.fs.usda.gov/recarea/willamette/recarea/?recid=81404","important_info":null,"permit_information":null,"restrictions":"Wilderness RegulationsWeed Free Feed Required","closest_towns":null,"water_availability":null,"restroom_availability":null,"operated_by":null,"season_description":null,"directions":"From Oakridge, OR, travel east on Highway 58, for 23 miles to Forest Road 5897 (Waldo Lake Road). Turn left and follow Forest Road 5897 for 11 miles to Forest Road 5898, which leads to North Waldo Campground and Islet Campground. Continue left (main paved road) on Forest Road 5898 and drive toward North Waldo Campground and turn right onto Forest Road 5898-514 (Taylor Burn Road). Follow Forest Road 514 for 7 miles to the trailhead, which is located on the left side of the road.Map Location:T.20 S., R.6 E., W.M., Sections 28 & 33","maximum_elevation":null,"minimum_elevation":null,"site_season_start_date":null,"site_season_end_date":null,"latitude":43.81055556,"longitude":-122.02083332999999,"infra_last_update":1782757496000,"edw_last_modify":1782787015000,"globalid":"{EFAE9F0C-26D1-42AF-8532-C94AC608E65F}"}},{"type":"Feature","id":3541392,"geometry":{"type":"Point","coordinates":[-122.678814,43.649755]},"properties":{"objectid":3541392,"site_cn":"6170987010602","managing_org":"061501","site_id":"66464","site_name":"CRAWFISH","site_type":"TRAILHEAD","activity_type_list":"No Data","service_type_list":"No Data","seasonal_operational_status":"OPEN","op_status_reason":null,"development_status":"EXISTING","fee_charged":"N","fee_type":null,"recarea_name":"Crawfish","public_site_name":null,"alternative_name":null,"rec1stop_url":null,"usda_portal_url":null,"important_info":null,"permit_information":null,"restrictions":null,"closest_towns":null,"water_availability":null,"restroom_availability":null,"operated_by":null,"season_description":null,"directions":null,"maximum_elevation":null,"minimum_elevation":" feet","site_season_start_date":null,"site_season_end_date":null,"latitude":43.649750000000004,"longitude":-122.6788,"infra_last_update":1771858858000,"edw_last_modify":1771898638000,"globalid":"{8F1B179E-D1A8-46FE-818D-5E507610887C}"}},{"type":"Feature","id":3541421,"geometry":{"type":"Point","coordinates":[-122.713014,43.583222]},"properties":{"objectid":3541421,"site_cn":"6171046010602","managing_org":"061501","site_id":"66476","site_name":"FAIRVIEW CREEK / HARDSCRABBLE","site_type":"TRAILHEAD","activity_type_list":"No Data","service_type_list":"No Data","seasonal_operational_status":"OPEN","op_status_reason":null,"development_status":"EXISTING","fee_charged":"N","fee_type":null,"recarea_name":"Fairview Creek / Hardscrabble","public_site_name":null,"alternative_name":null,"rec1stop_url":null,"usda_portal_url":null,"important_info":null,"permit_information":null,"restrictions":null,"closest_towns":null,"water_availability":null,"restroom_availability":null,"operated_by":null,"season_description":null,"directions":null,"maximum_elevation":null,"minimum_elevation":" feet","site_season_start_date":null,"site_season_end_date":null,"latitude":43.583217,"longitude":-122.713,"infra_last_update":1771858858000,"edw_last_modify":1771898638000,"globalid":"{AAA04A30-D70C-44C8-B5E5-2767465DF5DA}"}},{"type":"Feature","id":3541438,"geometry":{"type":"Point","coordinates":[-122.035109,43.814683]},"properties":{"objectid":3541438,"site_cn":"5032.005641","managing_org":"061805","site_id":"15551","site_name":"TAYLOR BURN TRAILHEAD","site_type":"TRAILHEAD","activity_type_list":"No Data","service_type_list":"No Data","seasonal_operational_status":"OPEN","op_status_reason":null,"development_status":"EXISTING","fee_charged":"N","fee_type":null,"recarea_name":"Taylor Burn Trailhead","public_site_name":null,"alternative_name":null,"rec1stop_url":null,"usda_portal_url":null,"important_info":null,"permit_information":null,"restrictions":null,"closest_towns":null,"water_availability":null,"restroom_availability":null,"operated_by":null,"season_description":null,"directions":null,"maximum_elevation":null,"minimum_elevation":" feet","site_season_start_date":null,"site_season_end_date":null,"latitude":43.814678,"longitude":-122.035095,"infra_last_update":1771858857000,"edw_last_modify":1771898761000,"globalid":"{25222626-76FC-450E-AF90-892D2E5FFC14}"}},{"type":"Feature","id":3541556,"geometry":{"type":"Point","coordinates":[-122.725714,43.623388]},"properties":{"objectid":3541556,"site_cn":"6171000010602","managing_org":"061501","site_id":"66468","site_name":"KNOTT WEST","site_type":"TRAILHEAD","activity_type_list":"No Data","service_type_list":"No Data","seasonal_operational_status":"OPEN","op_status_reason":null,"development_status":"EXISTING","fee_charged":"N","fee_type":null,"recarea_name":"Knott West","public_site_name":null,"alternative_name":null,"rec1stop_url":null,"usda_portal_url":null,"important_info":null,"permit_information":null,"restrictions":null,"closest_towns":null,"water_availability":null,"restroom_availability":null,"operated_by":null,"season_description":null,"directions":null,"maximum_elevation":null,"minimum_elevation":" feet","site_season_start_date":null,"site_season_end_date":null,"latitude":43.623383,"longitude":-122.7257,"infra_last_update":1771858858000,"edw_last_modify":1771898638000,"globalid":"{F72AE0A7-EF33-4C00-AE6E-0956A79CCEE9}"}},{"type":"Feature","id":3541608,"geometry":{"type":"Point","coordinates":[-122.200014,43.566117]},"properties":{"objectid":3541608,"site_cn":"5361.005571","managing_org":"061805","site_id":"72127","site_name":"DIAMOND PEAK TRAILHEAD (SOUTH)","site_type":"TRAILHEAD","activity_type_list":"No Data","service_type_list":"No Data","seasonal_operational_status":"OPEN","op_status_reason":null,"development_status":"EXISTING","fee_charged":"N","fee_type":null,"recarea_name":"Diamond Peak Trailhead (South)","public_site_name":null,"alternative_name":null,"rec1stop_url":null,"usda_portal_url":null,"important_info":null,"permit_information":null,"restrictions":null,"closest_towns":null,"water_availability":null,"restroom_availability":null,"operated_by":null,"season_description":null,"directions":null,"maximum_elevation":null,"minimum_elevation":" feet","site_season_start_date":null,"site_season_end_date":null,"latitude":43.56611111,"longitude":-122.2,"infra_last_update":1771858856000,"edw_last_modify":1771898716000,"globalid":"{66ED4978-7ABC-475D-BE0B-3FE285D97795}"}},{"type":"Feature","id":3541836,"geometry":{"type":"Point","coordinates":[-122.677414,43.650781]},"properties":{"objectid":3541836,"site_cn":"10921010371","managing_org":"061501","site_id":"66411","site_name":"LUND PARK TRAILHEAD","site_type":"TRAILHEAD","activity_type_list":"No Data","service_type_list":"No Data","seasonal_operational_status":"OPEN","op_status_reason":null,"development_status":"EXISTING","fee_charged":"N","fee_type":null,"recarea_name":"LUND PARK TRAILHEAD","public_site_name":"Lund Park Trailhead","alternative_name":null,"rec1stop_url":null,"usda_portal_url":null,"important_info":null,"permit_information":null,"restrictions":null,"closest_towns":"Cottage Grove, OR","water_availability":"Water can be treated or filtered from nearby water sources","restroom_availability":"Vault toilet(s)","operated_by":"US Forest Service","season_description":null,"directions":"From Cottage Grove, OR, travel east on Row River Road 2400 for 19 miles to Brice Creek Road 2470. Turn right on County Road 2470 and continue for 7 miles to Lund Park Trailhead, which is located on the left side of the road.","maximum_elevation":null,"minimum_elevation":null,"site_season_start_date":null,"site_season_end_date":null,"latitude":43.650776,"longitude":-122.6774,"infra_last_update":1753975099000,"edw_last_modify":1754014302000,"globalid":"{A9980729-B1FC-437D-A10C-546A2A4778EC}"}},{"type":"Feature","id":3541859,"geometry":{"type":"Point","coordinates":[-122.405304,43.8445]},"properties":{"objectid":3541859,"site_cn":"6491113010602","managing_org":"061805","site_id":"74769","site_name":"NORTH FORK (ROAD 1919)","site_type":"TRAILHEAD","activity_type_list":"No Data","service_type_list":"No Data","seasonal_operational_status":"OPEN","op_status_reason":null,"development_status":"EXISTING","fee_charged":"N","fee_type":null,"recarea_name":"North Fork (Road 1919)","public_site_name":null,"alternative_name":null,"rec1stop_url":null,"usda_portal_url":null,"important_info":null,"permit_information":null,"restrictions":null,"closest_towns":null,"water_availability":null,"restroom_availability":null,"operated_by":null,"season_description":null,"directions":null,"maximum_elevation":null,"minimum_elevation":" feet","site_season_start_date":null,"site_season_end_date":null,"latitude":43.844495,"longitude":-122.40529,"infra_last_update":1791045480000,"edw_last_modify":1791092727000,"globalid":"{CAD7527F-A9A8-42A7-80C6-0B0E2D48B92D}"}},{"type":"Feature","id":3541967,"geometry":{"type":"Point","coordinates":[-122.141959,43.866394]},"properties":{"objectid":3541967,"site_cn":"5072.005641","managing_org":"061805","site_id":"72723","site_name":"FISHER CREEK","site_type":"TRAILHEAD","activity_type_list":"No Data","service_type_list":"No Data","seasonal_operational_status":"OPEN","op_status_reason":null,"development_status":"EXISTING","fee_charged":"N","fee_type":null,"recarea_name":"Fisher Creek","public_site_name":null,"alternative_name":null,"rec1stop_url":null,"usda_portal_url":null,"important_info":null,"permit_information":null,"restrictions":null,"closest_towns":null,"water_availability":null,"restroom_availability":null,"operated_by":null,"season_description":null,"directions":null,"maximum_elevation":null,"minimum_elevation":" feet","site_season_start_date":null,"site_season_end_date":null,"latitude":43.86638889,"longitude":-122.14194444,"infra_last_update":1771858856000,"edw_last_modify":1771898754000,"globalid":"{1DF9D986-448B-4316-B32F-5669A42A8CE9}"}},{"type":"Feature","id":3542093,"geometry":{"type":"Point","coordinates":[-122.579373,43.973009]},"properties":{"objectid":3542093,"site_cn":"6491022010602","managing_org":"061805","site_id":"74765","site_name":"CLARK BUTTE (LOWER)","site_type":"TRAILHEAD","activity_type_list":"No Data","service_type_list":"No Data","seasonal_operational_status":"OPEN","op_status_reason":null,"development_status":"EXISTING","fee_charged":"N","fee_type":null,"recarea_name":"Clark Butte (Lower)","public_site_name":null,"alternative_name":null,"rec1stop_url":null,"usda_portal_url":null,"important_info":null,"permit_information":null,"restrictions":null,"closest_towns":null,"water_availability":null,"restroom_availability":null,"operated_by":null,"season_description":null,"directions":null,"maximum_elevation":null,"minimum_elevation":" feet","site_season_start_date":null,"site_season_end_date":null,"latitude":43.973003999999996,"longitude":-122.579359,"infra_last_update":1771858858000,"edw_last_modify":1771898634000,"globalid":"{8A7ED2F1-9BE7-4D25-9390-ADAF989607DA}"}},{"type":"Feature","id":3542103,"geometry":{"type":"Point","coordinates":[-121.977191,43.504632]},"properties":{"objectid":3542103,"site_cn":"8341.004621","managing_org":"060102","site_id":"40517","site_name":"FAWN LAKE TRAILHEAD","site_type":"TRAILHEAD","activity_type_list":"No Data","service_type_list":"No Data","seasonal_operational_status":"OPEN","op_status_reason":null,"development_status":"EXISTING","fee_charged":"N","fee_type":null,"recarea_name":"FAWN LAKE TRAILHEAD","public_site_name":"Fawn Lake Trailhead","alternative_name":null,"rec1stop_url":null,"usda_portal_url":"https://www.fs.usda.gov/recarea/deschutes/recreation/recarea/?recid=39068&actid=104","important_info":null,"permit_information":null,"restrictions":null,"closest_towns":"Crescent, OR","water_availability":"No water is available","restroom_availability":"Vault toilet(s)","operated_by":"US Forest Service","season_description":null,"directions":"From Crescent, travel 12.2 miles west on County Road 61, then 3.5 miles north on Hwy 58, then about 2 miles west on Forest Road 60 to Fawn Lake trailhead.","maximum_elevation":null,"minimum_elevation":null,"site_season_start_date":null,"site_season_end_date":null,"latitude":43.50462667,"longitude":-121.9771767,"infra_last_update":1753975094000,"edw_last_modify":1754013949000,"globalid":"{738F272C-5521-4762-A98A-5E8D91166E54}"}},{"type":"Feature","id":3542293,"geometry":{"type":"Point","coordinates":[-122.0538,43.766921]},"properties":{"objectid":3542293,"site_cn":"6491143010602","managing_org":"061805","site_id":"74777","site_name":"SIX LAKES","site_type":"TRAILHEAD","activity_type_list":"No Data","service_type_list":"No Data","seasonal_operational_status":"OPEN","op_status_reason":null,"development_status":"EXISTING","fee_charged":"N","fee_type":null,"recarea_name":"Six Lakes","public_site_name":null,"alternative_name":null,"rec1stop_url":null,"usda_portal_url":null,"important_info":null,"permit_information":null,"restrictions":null,"closest_towns":null,"water_availability":null,"restroom_availability":null,"operated_by":null,"season_description":null,"directions":null,"maximum_elevation":null,"minimum_elevation":" feet","site_season_start_date":null,"site_season_end_date":null,"latitude":43.766916,"longitude":-122.053786,"infra_last_update":1771858854000,"edw_last_modify":1771898633000,"globalid":"{0F4D74E5-02AD-4800-B26E-A5AFDB674094}"}},{"type":"Feature","id":3542312,"geometry":{"type":"Point","coordinates":[-121.968914,44.224905]},"properties":{"objectid":3542312,"site_cn":"5440.005571","managing_org":"061801","site_id":"72688","site_name":"TENAS LAKES","site_type":"TRAILHEAD","activity_type_list":"No Data","service_type_list":"No Data","seasonal_operational_status":"OPEN","op_status_reason":null,"development_status":"EXISTING","fee_charged":"N","fee_type":null,"recarea_name":"TENAS LAKES","public_site_name":"Tenas Lakes Trailhead","alternative_name":null,"rec1stop_url":null,"usda_portal_url":"https://www.fs.usda.gov/recarea/willamette/recarea/?recid=81284","important_info":null,"permit_information":null,"restrictions":"Wilderness RegulationsWeed Free Feed Required","closest_towns":null,"water_availability":null,"restroom_availability":null,"operated_by":null,"season_description":null,"directions":"From McKenzie Bridge, OR, proceed east on Highway 126 for 8 miles to Forest Road 2649 (Scott Road). Turn right (east), heading up Forest Road 2649 to Forest Road 640. Turn left (north) onto Forest Road 640 and follow it to Tenas Lakes Trailhead. Trailhead is on the right (east) and parking is on the left (west).","maximum_elevation":null,"minimum_elevation":null,"site_season_start_date":null,"site_season_end_date":null,"latitude":44.2249,"longitude":-121.9689,"infra_last_update":1753975102000,"edw_last_modify":1754014031000,"globalid":"{A946A233-36D8-48F6-AA34-1B8556DDF9EF}"}},{"type":"Feature","id":3542315,"geometry":{"type":"Point","coordinates":[-122.703064,43.626872]},"properties":{"objectid":3542315,"site_cn":"6170989010602","managing_org":"061501","site_id":"66465","site_name":"CRAWFISH LAKE","site_type":"TRAILHEAD","activity_type_list":"No Data","service_type_list":"No Data","seasonal_operational_status":"OPEN","op_status_reason":null,"development_status":"EXISTING","fee_charged":"N","fee_type":null,"recarea_name":"CRAWFISH LAKE","public_site_name":"Crawfish Lake Trailhead","alternative_name":null,"rec1stop_url":null,"usda_portal_url":null,"important_info":null,"permit_information":null,"restrictions":null,"closest_towns":"Cottage Grove, OR","water_availability":"No drinking water is available","restroom_availability":"No restroom available","operated_by":"US Forest Service","season_description":null,"directions":"From Cottage Grove, OR, travel east on Row River Road 2400 for 19 miles to the junction of Layng Creek Road 17, and Brice Creek Road 2470. Bear right on Brice Creek Road 2470 and continue for 6.2 miles to Cat Creek Road 2263. Turn right and continue on Cat Creek Road 2263 for 1.7 miles to Dog Creek Road 717. Bear right on Dog Creek Road 717 and travel 3.1 miles to Forest Road 2263-834. Bear right on Forest Road 2263-834. While on Forest Road 2263-834, stay to your left and travel 1.25 miles to the end of the road. The trailhead is on the right.\nThe trailhead is approximately 35 miles southeast of Cottage Grove.","maximum_elevation":null,"minimum_elevation":null,"site_season_start_date":null,"site_season_end_date":null,"latitude":43.626867000000004,"longitude":-122.70305,"infra_last_update":1753975099000,"edw_last_modify":1754013981000,"globalid":"{0F0797C4-FF1A-4ED5-B696-E02998176666}"}},{"type":"Feature","id":3542390,"geometry":{"type":"Point","coordinates":[-122.227979,44.127618]},"properties":{"objectid":3542390,"site_cn":"5011.005581","managing_org":"061801","site_id":"72017","site_name":"O'LEARY","site_type":"TRAILHEAD","activity_type_list":"No Data","service_type_list":"No Data","seasonal_operational_status":"OPEN","op_status_reason":null,"development_status":"EXISTING","fee_charged":"N","fee_type":null,"recarea_name":"O'LEARY","public_site_name":"O'Leary / Castle Rock Trailhead","alternative_name":null,"rec1stop_url":null,"usda_portal_url":"https://www.fs.usda.gov/recarea/willamette/recarea/?recid=81360","important_info":null,"permit_information":null,"restrictions":null,"closest_towns":null,"water_availability":null,"restroom_availability":null,"operated_by":null,"season_description":null,"directions":"From Blue River, OR, travel east on Highway 126 for 4 miles to Forest Road 19 (Aufderheide). Turn left (south) on Forest Road 19, continuing straight past the Y onto Forest Road 410. Continue south on Forest Road 410 to the bottom of Cougar Reservoir and turn left (east) onto Forest Road 411. Continue up Forest Road 411 for 3 miles to a roadside parking area on the right side of the road. O'Leary / Castle Rock Trailhead is across the road from the parking area.","maximum_elevation":null,"minimum_elevation":null,"site_season_start_date":null,"site_season_end_date":null,"latitude":44.127613000000004,"longitude":-122.22796500000001,"infra_last_update":1782757459000,"edw_last_modify":1782787017000,"globalid":"{43CEAA29-0BA9-484D-B92A-6BB4E923F243}"}},{"type":"Feature","id":3542414,"geometry":{"type":"Point","coordinates":[-122.558347,43.814728]},"properties":{"objectid":3542414,"site_cn":"5059.005621","managing_org":"061805","site_id":"72557","site_name":"CLOVERPATCH","site_type":"TRAILHEAD","activity_type_list":"No Data","service_type_list":"No Data","seasonal_operational_status":"OPEN","op_status_reason":null,"development_status":"EXISTING","fee_charged":"N","fee_type":null,"recarea_name":"CLOVERPATCH","public_site_name":"Cloverpatch Trailhead","alternative_name":null,"rec1stop_url":null,"usda_portal_url":"https://www.fs.usda.gov/recarea/willamette/recarea/?recid=81397","important_info":null,"permit_information":null,"restrictions":null,"closest_towns":null,"water_availability":null,"restroom_availability":null,"operated_by":null,"season_description":null,"directions":"From Oakridge, OR, travel 4 miles west, turn right onto Westfir Road (Highway 58 Milepost 31.5). Turn left after crossing the green bridge over the Middle Fork Willamette River and proceed for approximately 1 mile.Turn left at the community of Hemlock, OR (Winfrey Road), turn left after crossing the bridge and proceed 4.5 miles to Forest Road 5826.Proceed 4 miles to the trailhead, which is located on the left side of the road. Parking space is limited. The upper trailhead is reached by traveling on the North Shore Road to Forest Road 5824, traveling 4.5 miles to the junction of Forest Roads 5824 and 5824-124. Turn on to Forest Road 5824-124 and travel 2 miles to the trailhead.","maximum_elevation":null,"minimum_elevation":null,"site_season_start_date":null,"site_season_end_date":null,"latitude":43.81472222,"longitude":-122.55833333,"infra_last_update":1744209503000,"edw_last_modify":1744252549000,"globalid":"{897F7F56-27F7-417E-87BD-5F5AE0FFCAEA}"}},{"type":"Feature","id":3542443,"geometry":{"type":"Point","coordinates":[-122.462937,43.789475]},"properties":{"objectid":3542443,"site_cn":"6491098010602","managing_org":"061805","site_id":"74767","site_name":"NORTH FORK (ROAD 1910)","site_type":"TRAILHEAD","activity_type_list":"No Data","service_type_list":"No Data","seasonal_operational_status":"OPEN","op_status_reason":null,"development_status":"EXISTING","fee_charged":"N","fee_type":null,"recarea_name":"North Fork (Road 1910)","public_site_name":null,"alternative_name":null,"rec1stop_url":null,"usda_portal_url":null,"important_info":null,"permit_information":null,"restrictions":null,"closest_towns":null,"water_availability":null,"restroom_availability":null,"operated_by":null,"season_description":null,"directions":null,"maximum_elevation":null,"minimum_elevation":" feet","site_season_start_date":null,"site_season_end_date":null,"latitude":43.78947,"longitude":-122.462923,"infra_last_update":1771858859000,"edw_last_modify":1771898634000,"globalid":"{D0820564-A193-49A1-9976-876C816E99BB}"}},{"type":"Feature","id":3542540,"geometry":{"type":"Point","coordinates":[-122.257514,44.008339]},"properties":{"objectid":3542540,"site_cn":"5010.005581","managing_org":"061801","site_id":"72015","site_name":"INDIAN RIDGE TRAILHEAD (UPPER)","site_type":"TRAILHEAD","activity_type_list":"No Data","service_type_list":"No Data","seasonal_operational_status":"OPEN","op_status_reason":null,"development_status":"EXISTING","fee_charged":"N","fee_type":null,"recarea_name":"Indian Ridge Trailhead (Upper)","public_site_name":null,"alternative_name":null,"rec1stop_url":null,"usda_portal_url":null,"important_info":null,"permit_information":null,"restrictions":null,"closest_towns":null,"water_availability":null,"restroom_availability":null,"operated_by":null,"season_description":null,"directions":null,"maximum_elevation":null,"minimum_elevation":" feet","site_season_start_date":null,"site_season_end_date":null,"latitude":44.00833333,"longitude":-122.2575,"infra_last_update":1771858858000,"edw_last_modify":1771898764000,"globalid":"{4107E810-4A0D-4611-AFCE-2CE8C5AB9790}"}},{"type":"Feature","id":3542585,"geometry":{"type":"Point","coordinates":[-122.044458,43.621117]},"properties":{"objectid":3542585,"site_cn":"5091.005641","managing_org":"061805","site_id":"72742","site_name":"GOLD LAKE TRAILHEAD","site_type":"TRAILHEAD","activity_type_list":"No Data","service_type_list":"No Data","seasonal_operational_status":"OPEN","op_status_reason":null,"development_status":"EXISTING","fee_charged":"N","fee_type":null,"recarea_name":"GOLD LAKE TRAILHEAD","public_site_name":"Gold Lake Trailhead","alternative_name":null,"rec1stop_url":null,"usda_portal_url":"https://www.fs.usda.gov/recarea/willamette/recreation/recarea/?recid=4497","important_info":null,"permit_information":null,"restrictions":null,"closest_towns":"Oakridge, Oregon","water_availability":"No; drinking water is available at nearby campgrounds","restroom_availability":"Vault toilet(s)","operated_by":"Concessionaire","season_description":null,"directions":"From Oakridge, follow Highway 58 east for 28 miles to Gold Lake Road (Forest Service Road 500). Follow Gold Lake Road for 2 miles to Gold Lake Campground.","maximum_elevation":null,"minimum_elevation":null,"site_season_start_date":null,"site_season_end_date":null,"latitude":43.62111111,"longitude":-122.04444439999999,"infra_last_update":1753975102000,"edw_last_modify":1754014163000,"globalid":"{EE99654D-FCA6-44F8-8F9F-CE916A157DB7}"}},{"type":"Feature","id":3542836,"geometry":{"type":"Point","coordinates":[-121.875847,44.212505]},"properties":{"objectid":3542836,"site_cn":"5441.005571","managing_org":"061801","site_id":"72689","site_name":"SCOTT","site_type":"TRAILHEAD","activity_type_list":"No Data","service_type_list":"No Data","seasonal_operational_status":"OPEN","op_status_reason":null,"development_status":"EXISTING","fee_charged":"N","fee_type":null,"recarea_name":"Scott","public_site_name":null,"alternative_name":null,"rec1stop_url":null,"usda_portal_url":null,"important_info":null,"permit_information":null,"restrictions":null,"closest_towns":null,"water_availability":null,"restroom_availability":null,"operated_by":null,"season_description":null,"directions":null,"maximum_elevation":null,"minimum_elevation":" feet","site_season_start_date":null,"site_season_end_date":null,"latitude":44.2125,"longitude":-121.87583332999999,"infra_last_update":1771858858000,"edw_last_modify":1771898706000,"globalid":"{4F020B6D-9CB0-4784-A77D-94E9CDF2E349}"}},{"type":"Feature","id":3543027,"geometry":{"type":"Point","coordinates":[-122.312734,44.229485]},"properties":{"objectid":3543027,"site_cn":"6485804010602","managing_org":"061801","site_id":"75002","site_name":"BUCK MOUNTAIN TRAILHEAD (WEST)","site_type":"TRAILHEAD","activity_type_list":"No Data","service_type_list":"No Data","seasonal_operational_status":"OPEN","op_status_reason":null,"development_status":"EXISTING","fee_charged":"N","fee_type":null,"recarea_name":"Buck Mountain Trailhead (West)","public_site_name":null,"alternative_name":null,"rec1stop_url":null,"usda_portal_url":null,"important_info":null,"permit_information":null,"restrictions":null,"closest_towns":null,"water_availability":null,"restroom_availability":null,"operated_by":null,"season_description":null,"directions":null,"maximum_elevation":null,"minimum_elevation":" feet","site_season_start_date":null,"site_season_end_date":null,"latitude":44.229479999999995,"longitude":-122.31272000000001,"infra_last_update":1771858855000,"edw_last_modify":1771898634000,"globalid":"{7116C21E-CB9E-4C1F-A961-0ED74C2E1E19}"}},{"type":"Feature","id":3543293,"geometry":{"type":"Point","coordinates":[-122.058044,44.239085]},"properties":{"objectid":3543293,"site_cn":"6485794010602","managing_org":"061801","site_id":"75000","site_name":"MCKENZIE RIVER TRAILHEAD (DEER CREEK)","site_type":"TRAILHEAD","activity_type_list":"No Data","service_type_list":"No Data","seasonal_operational_status":"OPEN","op_status_reason":null,"development_status":"EXISTING","fee_charged":"N","fee_type":null,"recarea_name":"Mckenzie River Trailhead (Deer Creek)","public_site_name":null,"alternative_name":null,"rec1stop_url":null,"usda_portal_url":null,"important_info":null,"permit_information":null,"restrictions":null,"closest_towns":null,"water_availability":null,"restroom_availability":null,"operated_by":null,"season_description":null,"directions":null,"maximum_elevation":null,"minimum_elevation":" feet","site_season_start_date":null,"site_season_end_date":null,"latitude":44.239079999999994,"longitude":-122.05803,"infra_last_update":1771858858000,"edw_last_modify":1771898634000,"globalid":"{ED3CB08A-4575-4110-8A24-954982BF9DB5}"}},{"type":"Feature","id":3543675,"geometry":{"type":"Point","coordinates":[-122.377414,43.714005]},"properties":{"objectid":3543675,"site_cn":"5455.005571","managing_org":"061805","site_id":"72132","site_name":"KITSON RIDGE TRAILHEAD (ROAD 23 WEST)","site_type":"TRAILHEAD","activity_type_list":"No Data","service_type_list":"No Data","seasonal_operational_status":"OPEN","op_status_reason":null,"development_status":"EXISTING","fee_charged":"N","fee_type":null,"recarea_name":"Kitson Ridge Trailhead (Road 23 West)","public_site_name":null,"alternative_name":null,"rec1stop_url":null,"usda_portal_url":null,"important_info":null,"permit_information":null,"restrictions":null,"closest_towns":null,"water_availability":null,"restroom_availability":null,"operated_by":null,"season_description":null,"directions":null,"maximum_elevation":null,"minimum_elevation":" feet","site_season_start_date":null,"site_season_end_date":null,"latitude":43.714,"longitude":-122.3774,"infra_last_update":1791045448000,"edw_last_modify":1791092734000,"globalid":"{B1EE1EF4-E7D9-4E04-96B8-8124DF4E348D}"}},{"type":"Feature","id":3543906,"geometry":{"type":"Point","coordinates":[-121.737128,44.013612]},"properties":{"objectid":3543906,"site_cn":"7679.004621","managing_org":"060101","site_id":"40043","site_name":"SPARKS LAKE","site_type":"TRAILHEAD","activity_type_list":"No Data","service_type_list":"No Data","seasonal_operational_status":"OPEN","op_status_reason":null,"development_status":"EXISTING","fee_charged":"Y","fee_type":null,"recarea_name":"SPARKS LAKE","public_site_name":"Sparks Lake Day Use Area","alternative_name":null,"rec1stop_url":null,"usda_portal_url":"https://www.fs.usda.gov/recarea/deschutes/recarea/?recid=39014","important_info":null,"permit_information":null,"restrictions":"There is no camping at the boat ramp or day use area.","closest_towns":null,"water_availability":"No","restroom_availability":"No","operated_by":null,"season_description":null,"directions":"From Bend, OR: Travel 26.2 miles west on Cascade Lakes Highway (46), then 0.2 miles south on Forest Road 4600 400.","maximum_elevation":null,"minimum_elevation":null,"site_season_start_date":null,"site_season_end_date":null,"latitude":44.01360699999999,"longitude":-121.73711399999999,"infra_last_update":1786027890000,"edw_last_modify":1786068244000,"globalid":"{1CABD7F0-D3A1-4918-978B-F07A8684FA5B}"}},{"type":"Feature","id":3544058,"geometry":{"type":"Point","coordinates":[-122.422514,43.738339]},"properties":{"objectid":3544058,"site_cn":"5086.005641","managing_org":"061805","site_id":"72736","site_name":"EUGENE TO CREST","site_type":"TRAILHEAD","activity_type_list":"No Data","service_type_list":"No Data","seasonal_operational_status":"OPEN","op_status_reason":null,"development_status":"EXISTING","fee_charged":"N","fee_type":null,"recarea_name":"Eugene To Crest","public_site_name":null,"alternative_name":null,"rec1stop_url":null,"usda_portal_url":null,"important_info":null,"permit_information":null,"restrictions":null,"closest_towns":null,"water_availability":null,"restroom_availability":null,"operated_by":null,"season_description":null,"directions":null,"maximum_elevation":null,"minimum_elevation":" feet","site_season_start_date":null,"site_season_end_date":null,"latitude":43.73833333,"longitude":-122.4225,"infra_last_update":1771858859000,"edw_last_modify":1771898753000,"globalid":"{CC05C626-4D57-45D9-AE00-883178F744F9}"}},{"type":"Feature","id":3544141,"geometry":{"type":"Point","coordinates":[-122.250214,43.481805]},"properties":{"objectid":3544141,"site_cn":"5453.005571","managing_org":"061805","site_id":"72124","site_name":"CHUCKLE SPRINGS","site_type":"TRAILHEAD","activity_type_list":"No Data","service_type_list":"No Data","seasonal_operational_status":"OPEN","op_status_reason":null,"development_status":"EXISTING","fee_charged":"N","fee_type":null,"recarea_name":"Chuckle Springs","public_site_name":null,"alternative_name":null,"rec1stop_url":null,"usda_portal_url":null,"important_info":null,"permit_information":null,"restrictions":null,"closest_towns":null,"water_availability":null,"restroom_availability":null,"operated_by":null,"season_description":null,"directions":null,"maximum_elevation":null,"minimum_elevation":" feet","site_season_start_date":null,"site_season_end_date":null,"latitude":43.4818,"longitude":-122.2502,"infra_last_update":1771858854000,"edw_last_modify":1771898705000,"globalid":"{4F66371D-A3A8-43BE-8D18-A404D2D9FEDC}"}}]}