{"type":"FeatureCollection","metadata":{"layer":"trailheads-rich","scope":"Idaho","feature_count":488,"source":"USFS EDW Recreation Infrastructure Sites","note":"Public-facing recreation infrastructure with activity/service lists, operations, fees, seasons, permits, restrictions, water/restrooms, and directions when published."},"features":[{"type":"Feature","geometry":{"type":"Point","coordinates":[-116.4569227,46.7737182]},"properties":{"objectid":2760159,"site_cn":"210243010602","managing_org":"011752","site_id":"3210","site_name":"POTLATCH CANYON TRAILHEAD","site_type":"TRAILHEAD","activity_type_list":"No Data","service_type_list":"No Data","seasonal_operational_status":"OPEN","op_status_reason":null,"development_status":"EXISTING","development_scale":"3","total_capacity":14,"fee_charged":"N","fee_type":null,"recarea_name":"Potlatch Canyon Trailhead","recarea_description":"What was once an old railroad bed just down the road from the town of Deary, Idaho, is now the delightful Potlatch Canyon hiking trail.  This trail is an amazing place to experience colorful wildflower displays, take in views overlooking the canyon, stroll in and out of the shadows created by towering cedar trees and ponderosa pines and experience the panoramic views awaiting you in wide open meadows--you might even catch a glimpse of a moose!","information_center":null,"official_designation":null,"fee_description":"No fees are required for this site","operational_hours":"Day use only; no overnight camping allowed","open_season":null,"best_season":null,"busiest_season":null,"usage_level":null,"pack_in_out":"Y","public_site_name":"Potlatch Canyon Trailhead","alternative_name":null,"rec1stop_url":null,"usda_portal_url":"https://www.fs.usda.gov/recarea/nezperceclearwater/recarea/?recid=80076","important_info":null,"rentals_and_guides":null,"passes":null,"permit_information":null,"restrictions":null,"closest_towns":"Deary, ID","water_availability":"No drinking water is available","restroom_availability":"Vault toilet(s)","operated_by":"US Forest Service","season_description":null,"directions":"From Deary, Idaho head east on Highway 8 to the town of Helmer. In Helmer follow signs to Little Boulder Campground (right on Park Road). After three miles trailhead is on your left just before bridge.","maximum_elevation":null,"minimum_elevation":" feet","season_name":null,"site_season_start_date":null,"site_season_end_date":null,"max_nbr_people":null,"passes_accepted":null,"latitude":46.773711999999996,"longitude":-116.45690900000001,"infra_last_update":1753975077000,"edw_last_modify":1754014257000,"globalid":"{825AA0FB-115E-41C2-AE6F-625DBD10EC30}"}},{"type":"Feature","geometry":{"type":"Point","coordinates":[-115.0077129,44.1994061]},"properties":{"objectid":2760246,"site_cn":"5179.003221","managing_org":"041404","site_id":"32094","site_name":"IRON CREEK TH","site_type":"TRAILHEAD","activity_type_list":"No Data","service_type_list":"No Data","seasonal_operational_status":"OPEN","op_status_reason":null,"development_status":"EXISTING","development_scale":"3","total_capacity":94.5,"fee_charged":"N","fee_type":null,"recarea_name":"Iron Creek Th","recarea_description":"IRON CREEK TH (Trailhead)","information_center":null,"official_designation":null,"fee_description":null,"operational_hours":null,"open_season":null,"best_season":null,"busiest_season":null,"usage_level":null,"pack_in_out":"Y","public_site_name":"Iron Creek Th","alternative_name":null,"rec1stop_url":null,"usda_portal_url":null,"important_info":null,"rentals_and_guides":null,"passes":null,"permit_information":null,"restrictions":null,"closest_towns":null,"water_availability":null,"restroom_availability":null,"operated_by":null,"season_description":null,"directions":null,"maximum_elevation":null,"minimum_elevation":" feet","season_name":null,"site_season_start_date":null,"site_season_end_date":null,"max_nbr_people":null,"passes_accepted":null,"latitude":44.1994,"longitude":-115.0077,"infra_last_update":1749730236000,"edw_last_modify":1749780314000,"globalid":"{28DF747F-1405-4190-836A-57CD4CE781BE}"}},{"type":"Feature","geometry":{"type":"Point","coordinates":[-115.835248,43.659353]},"properties":{"objectid":2760256,"site_cn":"7405.002731","managing_org":"040201","site_id":"6583","site_name":"COTTONWOOD SOUTH TRAILHEAD","site_type":"TRAILHEAD","activity_type_list":"No Data","service_type_list":"No Data","seasonal_operational_status":"OPEN","op_status_reason":null,"development_status":"EXISTING","development_scale":"3","total_capacity":21,"fee_charged":"N","fee_type":null,"recarea_name":"Cottonwood South Trailhead","recarea_description":"COTTONWOOD SOUTH TRAILHEAD (Trailhead)","information_center":null,"official_designation":null,"fee_description":null,"operational_hours":null,"open_season":null,"best_season":null,"busiest_season":null,"usage_level":null,"pack_in_out":"Y","public_site_name":"Cottonwood South Trailhead","alternative_name":null,"rec1stop_url":null,"usda_portal_url":null,"important_info":null,"rentals_and_guides":null,"passes":null,"permit_information":null,"restrictions":null,"closest_towns":null,"water_availability":null,"restroom_availability":null,"operated_by":null,"season_description":null,"directions":null,"maximum_elevation":null,"minimum_elevation":"3,300 feet","season_name":null,"site_season_start_date":null,"site_season_end_date":null,"max_nbr_people":null,"passes_accepted":null,"latitude":43.659347000000004,"longitude":-115.835235,"infra_last_update":1782842568000,"edw_last_modify":1782877519000,"globalid":"{67657EF2-4D5D-4A47-93C1-34663F9263F8}"}},{"type":"Feature","geometry":{"type":"Point","coordinates":[-116.12783,43.737925]},"properties":{"objectid":2760410,"site_cn":"6054979010602","managing_org":"040201","site_id":"6704","site_name":"STACK ROCK","site_type":"TRAILHEAD","activity_type_list":"No Data","service_type_list":"No Data","seasonal_operational_status":"OPEN","op_status_reason":null,"development_status":"EXISTING","development_scale":"3","total_capacity":0,"fee_charged":"Y","fee_type":"STANDARD AMENITY FEE","recarea_name":"Stack Rock","recarea_description":"STACK ROCK (Trailhead)","information_center":null,"official_designation":null,"fee_description":null,"operational_hours":null,"open_season":null,"best_season":null,"busiest_season":null,"usage_level":null,"pack_in_out":"N","public_site_name":"Stack Rock","alternative_name":null,"rec1stop_url":null,"usda_portal_url":null,"important_info":null,"rentals_and_guides":null,"passes":null,"permit_information":null,"restrictions":null,"closest_towns":null,"water_availability":"no","restroom_availability":"vault toilet(s)","operated_by":null,"season_description":null,"directions":null,"maximum_elevation":null,"minimum_elevation":" feet","season_name":null,"site_season_start_date":null,"site_season_end_date":null,"max_nbr_people":null,"passes_accepted":null,"latitude":43.737919000000005,"longitude":-116.127817,"infra_last_update":1786027905000,"edw_last_modify":1786068256000,"globalid":"{3F514713-96EA-4288-A5CF-413FA79689C5}"}},{"type":"Feature","geometry":{"type":"Point","coordinates":[-115.4029284,45.6524904]},"properties":{"objectid":2760543,"site_cn":"2920995010602","managing_org":"011705","site_id":"170603050101-001","site_name":"RR222RD-015","site_type":"TRAILHEAD","activity_type_list":"No Data","service_type_list":"No Data","seasonal_operational_status":"OPEN","op_status_reason":null,"development_status":"EXISTING","development_scale":"0","total_capacity":3.5,"fee_charged":"N","fee_type":null,"recarea_name":"Rr222rd-015","recarea_description":"RR222RD-015 (Trailhead)","information_center":null,"official_designation":null,"fee_description":null,"operational_hours":null,"open_season":null,"best_season":null,"busiest_season":null,"usage_level":null,"pack_in_out":"Y","public_site_name":null,"alternative_name":null,"rec1stop_url":null,"usda_portal_url":null,"important_info":null,"rentals_and_guides":null,"passes":null,"permit_information":null,"restrictions":null,"closest_towns":null,"water_availability":null,"restroom_availability":null,"operated_by":null,"season_description":null,"directions":null,"maximum_elevation":null,"minimum_elevation":"5,115 feet","season_name":null,"site_season_start_date":null,"site_season_end_date":null,"max_nbr_people":null,"passes_accepted":null,"latitude":45.65248423,"longitude":-115.40291520000001,"infra_last_update":1771858858000,"edw_last_modify":1771899106000,"globalid":"{19CC1FCC-F42C-4B9E-810C-17682B836DAF}"}},{"type":"Feature","geometry":{"type":"Point","coordinates":[-115.3096363,46.0541412]},"properties":{"objectid":2760564,"site_cn":"6270661010602","managing_org":"011706","site_id":"170603020402-022","site_name":"FOG MOUNTAIN TRAILHEAD","site_type":"TRAILHEAD","activity_type_list":"No Data","service_type_list":"No Data","seasonal_operational_status":"OPEN","op_status_reason":null,"development_status":"EXISTING","development_scale":"1","total_capacity":8,"fee_charged":"N","fee_type":null,"recarea_name":"Fog Mountain Trailhead","recarea_description":"FOG MOUNTAIN TRAILHEAD (Trailhead)","information_center":null,"official_designation":null,"fee_description":null,"operational_hours":null,"open_season":null,"best_season":null,"busiest_season":null,"usage_level":null,"pack_in_out":"N","public_site_name":null,"alternative_name":null,"rec1stop_url":null,"usda_portal_url":null,"important_info":null,"rentals_and_guides":null,"passes":null,"permit_information":null,"restrictions":null,"closest_towns":null,"water_availability":null,"restroom_availability":null,"operated_by":null,"season_description":null,"directions":null,"maximum_elevation":null,"minimum_elevation":" feet","season_name":null,"site_season_start_date":null,"site_season_end_date":null,"max_nbr_people":null,"passes_accepted":null,"latitude":46.054134999999995,"longitude":-115.309623,"infra_last_update":1771858855000,"edw_last_modify":1771898637000,"globalid":"{03A0F854-5D99-4CED-848F-E76FB9A59801}"}},{"type":"Feature","geometry":{"type":"Point","coordinates":[-115.8619333,45.5972112]},"properties":{"objectid":2760615,"site_cn":"251687010602","managing_org":"011701","site_id":"2035","site_name":"SQUARE MTN TH","site_type":"TRAILHEAD","activity_type_list":"No Data","service_type_list":"No Data","seasonal_operational_status":"OPEN","op_status_reason":null,"development_status":"EXISTING","development_scale":"3","total_capacity":49,"fee_charged":"N","fee_type":null,"recarea_name":"SQUARE MTN TH","recarea_description":"SQUARE MTN TH","information_center":null,"official_designation":null,"fee_description":"No fees are required for this site","operational_hours":"Open 24 hours/day","open_season":null,"best_season":null,"busiest_season":null,"usage_level":null,"pack_in_out":"Y","public_site_name":"Square Mountain Trailhead","alternative_name":null,"rec1stop_url":null,"usda_portal_url":null,"important_info":null,"rentals_and_guides":null,"passes":null,"permit_information":null,"restrictions":null,"closest_towns":"Riggins, ID","water_availability":null,"restroom_availability":"Vault toilet(s)","operated_by":"US Forest Service","season_description":null,"directions":null,"maximum_elevation":null,"minimum_elevation":null,"season_name":null,"site_season_start_date":null,"site_season_end_date":null,"max_nbr_people":null,"passes_accepted":null,"latitude":45.597205,"longitude":-115.86192000000001,"infra_last_update":1753975077000,"edw_last_modify":1754014254000,"globalid":"{0E497639-A902-4CFB-B8A3-CDB29F9B2FAD}"}},{"type":"Feature","geometry":{"type":"Point","coordinates":[-114.4900128,44.3880062]},"properties":{"objectid":2760702,"site_cn":"11975010540","managing_org":"041302","site_id":"32268","site_name":"PAASASIKWANA NAOKWAIDE TRAILHEAD","site_type":"TRAILHEAD","activity_type_list":"No Data","service_type_list":"No Data","seasonal_operational_status":"OPEN","op_status_reason":null,"development_status":"EXISTING","development_scale":"1","total_capacity":18,"fee_charged":"N","fee_type":null,"recarea_name":"Paasasikwana Naokwaide Trailhead","recarea_description":"PAASASIKWANA NAOKWAIDE TRAILHEAD (Trailhead)","information_center":null,"official_designation":null,"fee_description":null,"operational_hours":null,"open_season":null,"best_season":null,"busiest_season":null,"usage_level":null,"pack_in_out":"Y","public_site_name":"Paasasikwana Naokwaide Trailhead","alternative_name":null,"rec1stop_url":null,"usda_portal_url":null,"important_info":null,"rentals_and_guides":null,"passes":null,"permit_information":null,"restrictions":null,"closest_towns":null,"water_availability":null,"restroom_availability":null,"operated_by":null,"season_description":null,"directions":null,"maximum_elevation":null,"minimum_elevation":" feet","season_name":null,"site_season_start_date":null,"site_season_end_date":null,"max_nbr_people":null,"passes_accepted":null,"latitude":44.388,"longitude":-114.49,"infra_last_update":1744209519000,"edw_last_modify":1744252613000,"globalid":"{02FD28BC-CBAE-4E52-9B22-7E0B60DFD783}"}},{"type":"Feature","geometry":{"type":"Point","coordinates":[-115.4823329,43.940091]},"properties":{"objectid":2760793,"site_cn":"45291010602","managing_org":"040203","site_id":"6195","site_name":"UPPER BEAR SUMMIT TRAILHEAD","site_type":"TRAILHEAD","activity_type_list":"No Data","service_type_list":"No Data","seasonal_operational_status":"OPEN","op_status_reason":null,"development_status":"EXISTING","development_scale":"3","total_capacity":21,"fee_charged":"N","fee_type":null,"recarea_name":"Upper Bear Summit Trailhead","recarea_description":"The Upper Bear Summit Trailhead has a loading/unloading ramp for animals and serves Bear Summit (#286) and Bear Summit West (#288) trails.","information_center":null,"official_designation":null,"fee_description":"No fees are required for this site","operational_hours":null,"open_season":null,"best_season":null,"busiest_season":null,"usage_level":null,"pack_in_out":"Y","public_site_name":"Upper Bear Summit Trailhead","alternative_name":null,"rec1stop_url":null,"usda_portal_url":null,"important_info":null,"rentals_and_guides":null,"passes":null,"permit_information":null,"restrictions":null,"closest_towns":null,"water_availability":null,"restroom_availability":null,"operated_by":null,"season_description":null,"directions":null,"maximum_elevation":null,"minimum_elevation":" feet","season_name":null,"site_season_start_date":null,"site_season_end_date":null,"max_nbr_people":null,"passes_accepted":null,"latitude":43.940084999999996,"longitude":-115.48232,"infra_last_update":1753975085000,"edw_last_modify":1754014234000,"globalid":"{2CA54C90-D110-421E-B3DA-D5DA90E29BF3}"}},{"type":"Feature","geometry":{"type":"Point","coordinates":[-111.5446119,42.1824062]},"properties":{"objectid":2760862,"site_cn":"12963010495","managing_org":"041553","site_id":"6632","site_name":"PARIS PEAK TRAILHEAD","site_type":"TRAILHEAD","activity_type_list":"No Data","service_type_list":"No Data","seasonal_operational_status":"OPEN","op_status_reason":null,"development_status":"EXISTING","development_scale":"2","total_capacity":35,"fee_charged":"N","fee_type":null,"recarea_name":"PARIS PEAK TRAILHEAD","recarea_description":"Paris Peak Trailhead","information_center":null,"official_designation":null,"fee_description":"No fees are required for this site","operational_hours":"Day use only; no overnight camping allowed","open_season":null,"best_season":null,"busiest_season":null,"usage_level":null,"pack_in_out":"Y","public_site_name":"Paris Peak Trailhead","alternative_name":null,"rec1stop_url":null,"usda_portal_url":"https://www.fs.usda.gov/recarea/ctnf/recarea/?recid=54453","important_info":null,"rentals_and_guides":null,"passes":null,"permit_information":null,"restrictions":null,"closest_towns":null,"water_availability":"No water is available","restroom_availability":"No restroom available","operated_by":"US Forest Service","season_description":null,"directions":null,"maximum_elevation":null,"minimum_elevation":null,"season_name":null,"site_season_start_date":null,"site_season_end_date":null,"max_nbr_people":null,"passes_accepted":null,"latitude":42.1824,"longitude":-111.5446,"infra_last_update":1753975087000,"edw_last_modify":1754014279000,"globalid":"{9908027B-992F-4091-B8F9-5E2EEF473C95}"}},{"type":"Feature","geometry":{"type":"Point","coordinates":[-115.0163542,46.4613205]},"properties":{"objectid":2760873,"site_cn":"5248.000411","managing_org":"011755","site_id":"353","site_name":"MOCUS POINT TRAILHEAD","site_type":"TRAILHEAD","activity_type_list":"No Data","service_type_list":"No Data","seasonal_operational_status":"OPEN","op_status_reason":null,"development_status":"EXISTING","development_scale":"3","total_capacity":32,"fee_charged":"N","fee_type":null,"recarea_name":"MOCUS POINT TRAILHEAD","recarea_description":"Forty-six miles northeast of Lowell, at milepost 143 along the Northwest Passage Scenic Byway and All American Road (US Highway 12), visitors can witness the magnificent Mocus Point suspension bridge leading into the Selway Bitterroot Wilderness across the Lochsa River. Spacious parking, hitchrails, stock ramps and a restroom provide for a comfortable unloading zone whether you are stopped for a break from your drive or preparing for a long pack trip into the wilderness.","information_center":null,"official_designation":null,"fee_description":"No fees are required for this site","operational_hours":"Open 24 hours/day","open_season":null,"best_season":null,"busiest_season":null,"usage_level":null,"pack_in_out":"Y","public_site_name":"Mocus Point Trailhead","alternative_name":null,"rec1stop_url":null,"usda_portal_url":"https://www.fs.usda.gov/recarea/nezperceclearwater/recarea/?recid=80584","important_info":null,"rentals_and_guides":null,"passes":null,"permit_information":null,"restrictions":null,"closest_towns":"Lolo, MT","water_availability":"No drinking water is available","restroom_availability":"Vault toilet(s)","operated_by":"US Forest Service","season_description":null,"directions":"From Lowell, ID, drive 46 miles northeast on US Hwy 12 to milepost 143.","maximum_elevation":null,"minimum_elevation":null,"season_name":null,"site_season_start_date":null,"site_season_end_date":null,"max_nbr_people":null,"passes_accepted":null,"latitude":46.46131416,"longitude":-115.0163409,"infra_last_update":1753975076000,"edw_last_modify":1754014082000,"globalid":"{F0D0F661-536F-4C04-B571-5CFD06E67E1B}"}},{"type":"Feature","geometry":{"type":"Point","coordinates":[-115.4550576,45.8979128]},"properties":{"objectid":2760876,"site_cn":"2921061010602","managing_org":"011705","site_id":"170603050201-003","site_name":"RR443RD-003","site_type":"TRAILHEAD","activity_type_list":"No Data","service_type_list":"No Data","seasonal_operational_status":"OPEN","op_status_reason":null,"development_status":"EXISTING","development_scale":"1","total_capacity":3.5,"fee_charged":"N","fee_type":null,"recarea_name":"Rr443rd-003","recarea_description":"RR443RD-003 (Trailhead)","information_center":null,"official_designation":null,"fee_description":null,"operational_hours":null,"open_season":null,"best_season":null,"busiest_season":null,"usage_level":null,"pack_in_out":"Y","public_site_name":null,"alternative_name":null,"rec1stop_url":null,"usda_portal_url":null,"important_info":null,"rentals_and_guides":null,"passes":null,"permit_information":null,"restrictions":null,"closest_towns":null,"water_availability":null,"restroom_availability":null,"operated_by":null,"season_description":null,"directions":null,"maximum_elevation":null,"minimum_elevation":"4,213 feet","season_name":null,"site_season_start_date":null,"site_season_end_date":null,"max_nbr_people":null,"passes_accepted":null,"latitude":45.89790662,"longitude":-115.4550443,"infra_last_update":1771858859000,"edw_last_modify":1771899105000,"globalid":"{19FB58B1-2DD2-454D-9457-838A3EA8452A}"}},{"type":"Feature","geometry":{"type":"Point","coordinates":[-111.232612,43.2760094]},"properties":{"objectid":2760973,"site_cn":"5073.003281","managing_org":"041554","site_id":"0409","site_name":"BEAR CREEK TRAILHEAD","site_type":"TRAILHEAD","activity_type_list":"FISHING, RIVER / STREAM | HORSEBACK RIDING | MOTORCYCLES & SCOOTERS","service_type_list":"PARKING | RESTROOMS","seasonal_operational_status":"OPEN","op_status_reason":null,"development_status":"EXISTING","development_scale":"2","total_capacity":105,"fee_charged":"N","fee_type":null,"recarea_name":"Bear Creek Trailhead","recarea_description":"BEAR CREEK TRAILHEAD (Trailhead)","information_center":null,"official_designation":null,"fee_description":"No fees are required for this site","operational_hours":"Day use only; no overnight camping allowed","open_season":null,"best_season":null,"busiest_season":null,"usage_level":null,"pack_in_out":"Y","public_site_name":"Bear Creek Trailhead","alternative_name":null,"rec1stop_url":null,"usda_portal_url":"https://www.fs.usda.gov/recarea/ctnf/recreation/recarea/?recid=53711&actid=104","important_info":null,"rentals_and_guides":null,"passes":null,"permit_information":null,"restrictions":null,"closest_towns":"Irwin, Idaho","water_availability":"No water is available","restroom_availability":"Vault toilet(s)","operated_by":"US Forest Service","season_description":null,"directions":null,"maximum_elevation":null,"minimum_elevation":"5,600 feet","season_name":null,"site_season_start_date":null,"site_season_end_date":null,"max_nbr_people":null,"passes_accepted":null,"latitude":43.276003,"longitude":-111.2326,"infra_last_update":1766409790000,"edw_last_modify":1766455535000,"globalid":"{2995DB3C-AD18-4C56-9F26-2828C9C604A2}"}},{"type":"Feature","geometry":{"type":"Point","coordinates":[-116.092878,43.665903]},"properties":{"objectid":2761009,"site_cn":"10633010312","managing_org":"040201","site_id":"6106","site_name":"TRAIL 4 TRAILHEAD","site_type":"TRAILHEAD","activity_type_list":"No Data","service_type_list":"No Data","seasonal_operational_status":"OPEN","op_status_reason":null,"development_status":"EXISTING","development_scale":"3","total_capacity":35,"fee_charged":"N","fee_type":null,"recarea_name":"Trail 4 Trailhead","recarea_description":"This trailhead is part of the Ridge To Rivers Trail System.","information_center":null,"official_designation":null,"fee_description":"No fees are required for this site","operational_hours":"June - End of September Unless closed by snow","open_season":null,"best_season":null,"busiest_season":null,"usage_level":null,"pack_in_out":"N","public_site_name":"Trail 4 Trailhead","alternative_name":null,"rec1stop_url":null,"usda_portal_url":"www.fs.usda.gov/recarea/asnf/recreation/recarea/?recid=81204","important_info":null,"rentals_and_guides":null,"passes":null,"permit_information":null,"restrictions":null,"closest_towns":"Boise, ID","water_availability":"No water is available","restroom_availability":"No restroom available","operated_by":"US Forest Service","season_description":null,"directions":"From Boise take 8th street north to the trailhead","maximum_elevation":null,"minimum_elevation":" feet","season_name":null,"site_season_start_date":null,"site_season_end_date":null,"max_nbr_people":null,"passes_accepted":null,"latitude":43.665896999999994,"longitude":-116.092865,"infra_last_update":1753975085000,"edw_last_modify":1754014307000,"globalid":"{37F10DB0-D285-456C-9853-0C49FD526BE2}"}},{"type":"Feature","geometry":{"type":"Point","coordinates":[-115.6540133,45.6362062]},"properties":{"objectid":2761013,"site_cn":"5785.000961","managing_org":"011705","site_id":"2079","site_name":"LAKE CREEK","site_type":"TRAILHEAD","activity_type_list":"No Data","service_type_list":"No Data","seasonal_operational_status":"OPEN","op_status_reason":null,"development_status":"EXISTING","development_scale":"2","total_capacity":18,"fee_charged":"N","fee_type":null,"recarea_name":"Lake Creek","recarea_description":"LAKE CREEK (Trailhead)","information_center":null,"official_designation":null,"fee_description":null,"operational_hours":null,"open_season":null,"best_season":null,"busiest_season":null,"usage_level":null,"pack_in_out":"Y","public_site_name":"Lake Creek","alternative_name":null,"rec1stop_url":null,"usda_portal_url":null,"important_info":null,"rentals_and_guides":null,"passes":null,"permit_information":null,"restrictions":null,"closest_towns":null,"water_availability":null,"restroom_availability":null,"operated_by":null,"season_description":null,"directions":null,"maximum_elevation":null,"minimum_elevation":" feet","season_name":null,"site_season_start_date":null,"site_season_end_date":null,"max_nbr_people":null,"passes_accepted":null,"latitude":45.6362,"longitude":-115.65400000999999,"infra_last_update":1786971257000,"edw_last_modify":1787018824000,"globalid":"{36852321-66A3-4CF6-A9DF-5E067FF106F3}"}},{"type":"Feature","geometry":{"type":"Point","coordinates":[-116.0732062,45.6629736]},"properties":{"objectid":2761193,"site_cn":"2920827010602","managing_org":"011701","site_id":"170602090304-008","site_name":"SR398RD-001","site_type":"TRAILHEAD","activity_type_list":"No Data","service_type_list":"No Data","seasonal_operational_status":"OPEN","op_status_reason":null,"development_status":"EXISTING","development_scale":"0","total_capacity":3.5,"fee_charged":"N","fee_type":null,"recarea_name":"Sr398rd-001","recarea_description":"SR398RD-001 (Trailhead)","information_center":null,"official_designation":null,"fee_description":null,"operational_hours":null,"open_season":null,"best_season":null,"busiest_season":null,"usage_level":null,"pack_in_out":"Y","public_site_name":null,"alternative_name":null,"rec1stop_url":null,"usda_portal_url":null,"important_info":null,"rentals_and_guides":null,"passes":null,"permit_information":null,"restrictions":null,"closest_towns":null,"water_availability":null,"restroom_availability":null,"operated_by":null,"season_description":null,"directions":null,"maximum_elevation":null,"minimum_elevation":"5,423 feet","season_name":null,"site_season_start_date":null,"site_season_end_date":null,"max_nbr_people":null,"passes_accepted":null,"latitude":45.66296751,"longitude":-116.0731928,"infra_last_update":1771858858000,"edw_last_modify":1771899110000,"globalid":"{C4722801-C7A4-4CA8-84C2-CE412F195A66}"}},{"type":"Feature","geometry":{"type":"Point","coordinates":[-116.2112802,44.429585]},"properties":{"objectid":2761400,"site_cn":"7465.002731","managing_org":"040206","site_id":"6571","site_name":"WILSON CORRALS TRAILHEAD","site_type":"TRAILHEAD","activity_type_list":"No Data","service_type_list":"No Data","seasonal_operational_status":"OPEN","op_status_reason":null,"development_status":"EXISTING","development_scale":"2","total_capacity":53,"fee_charged":"N","fee_type":null,"recarea_name":"Wilson Corrals Trailhead","recarea_description":"WILSON CORRALS TRAILHEAD (Trailhead)","information_center":null,"official_designation":null,"fee_description":null,"operational_hours":null,"open_season":null,"best_season":null,"busiest_season":null,"usage_level":null,"pack_in_out":"Y","public_site_name":null,"alternative_name":null,"rec1stop_url":null,"usda_portal_url":null,"important_info":null,"rentals_and_guides":null,"passes":null,"permit_information":null,"restrictions":null,"closest_towns":null,"water_availability":null,"restroom_availability":null,"operated_by":null,"season_description":null,"directions":null,"maximum_elevation":null,"minimum_elevation":" feet","season_name":null,"site_season_start_date":null,"site_season_end_date":null,"max_nbr_people":null,"passes_accepted":null,"latitude":44.429579,"longitude":-116.211267,"infra_last_update":1771858856000,"edw_last_modify":1771898605000,"globalid":"{56B770B2-262C-4D45-A225-E5AA18A906D1}"}},{"type":"Feature","geometry":{"type":"Point","coordinates":[-111.12044,43.5663354]},"properties":{"objectid":2761539,"site_cn":"6599993010602","managing_org":"041556","site_id":"524","site_name":"POLE CANYON","site_type":"TRAILHEAD","activity_type_list":"No Data","service_type_list":"No Data","seasonal_operational_status":"OPEN","op_status_reason":null,"development_status":"EXISTING","development_scale":"3","total_capacity":0,"fee_charged":"N","fee_type":null,"recarea_name":"POLE CANYON","recarea_description":"This trail is locally known as the Pole Canyon Trail.  Just South of Victor, ID, the Allen Canyon-Pole Canyon Trail (014) is a popular destition for local motorbikes, horseback riders, hikers, and mountain bikers.  A prolonged uphill grade make this trail a challenge for hikers and mountain bikers alike and steep rocky sections of trail on the Western leg of the 014 horseshoe provide for expert level technical challenge.  The entire trail can be used as a loop by combining the 014 with a small section of the Powerline Trail (031).  Pole Canyon usually receives a moderate to high amount of use in summer evenings and weekends.  Please follow all rules concerning Trail Right-Of-Way.","information_center":null,"official_designation":null,"fee_description":"No fees are required for this site","operational_hours":"Day use only: open sunrise to sunset","open_season":null,"best_season":null,"busiest_season":null,"usage_level":null,"pack_in_out":"N","public_site_name":"Pole Canyon Trailhead","alternative_name":null,"rec1stop_url":null,"usda_portal_url":"https://www.fs.usda.gov/recarea/ctnf/recreation/recarea/?recid=53679&actid=104","important_info":null,"rentals_and_guides":null,"passes":null,"permit_information":null,"restrictions":null,"closest_towns":"Victor, Idaho","water_availability":"No water is available","restroom_availability":"No restroom available","operated_by":"US Forest Service","season_description":null,"directions":"From Victor, ID head South on Continue onto Forest Rd 60547/Pole Canyon Rd","maximum_elevation":null,"minimum_elevation":null,"season_name":null,"site_season_start_date":null,"site_season_end_date":null,"max_nbr_people":null,"passes_accepted":null,"latitude":43.566328999999996,"longitude":-111.120428,"infra_last_update":1753975087000,"edw_last_modify":1754013966000,"globalid":"{0FBA14F5-2D0E-4145-A2F6-115C6CD5D813}"}},{"type":"Feature","geometry":{"type":"Point","coordinates":[-114.2493756,42.2541456]},"properties":{"objectid":2761572,"site_cn":"5563.003221","managing_org":"041401","site_id":"20002","site_name":"RIM VIEW TH","site_type":"TRAILHEAD","activity_type_list":"No Data","service_type_list":"No Data","seasonal_operational_status":"OPEN","op_status_reason":null,"development_status":"EXISTING","development_scale":"2","total_capacity":42,"fee_charged":"N","fee_type":null,"recarea_name":"Rim View Th","recarea_description":"RIM VIEW TH (Trailhead)","information_center":null,"official_designation":null,"fee_description":null,"operational_hours":null,"open_season":null,"best_season":null,"busiest_season":null,"usage_level":null,"pack_in_out":"Y","public_site_name":null,"alternative_name":null,"rec1stop_url":null,"usda_portal_url":null,"important_info":null,"rentals_and_guides":null,"passes":null,"permit_information":null,"restrictions":null,"closest_towns":null,"water_availability":null,"restroom_availability":null,"operated_by":null,"season_description":null,"directions":null,"maximum_elevation":null,"minimum_elevation":" feet","season_name":null,"site_season_start_date":null,"site_season_end_date":null,"max_nbr_people":null,"passes_accepted":null,"latitude":42.25413955,"longitude":-114.24936321,"infra_last_update":1771858858000,"edw_last_modify":1771898663000,"globalid":"{24AC01D0-6B88-4230-BD3D-150940B6FEDC}"}},{"type":"Feature","geometry":{"type":"Point","coordinates":[-114.8097353,45.6822285]},"properties":{"objectid":2761579,"site_cn":"5078.000271","managing_org":"010304","site_id":"31998","site_name":"FLAT CREEK TRAILHEAD","site_type":"TRAILHEAD","activity_type_list":"No Data","service_type_list":"No Data","seasonal_operational_status":"OPEN","op_status_reason":null,"development_status":"EXISTING","development_scale":"1","total_capacity":0,"fee_charged":"N","fee_type":null,"recarea_name":"Flat Creek Trailhead","recarea_description":"FLAT CREEK TRAILHEAD (Trailhead)","information_center":null,"official_designation":null,"fee_description":null,"operational_hours":null,"open_season":null,"best_season":null,"busiest_season":null,"usage_level":null,"pack_in_out":"N","public_site_name":null,"alternative_name":null,"rec1stop_url":null,"usda_portal_url":null,"important_info":null,"rentals_and_guides":null,"passes":null,"permit_information":null,"restrictions":null,"closest_towns":null,"water_availability":null,"restroom_availability":null,"operated_by":null,"season_description":null,"directions":null,"maximum_elevation":null,"minimum_elevation":" feet","season_name":null,"site_season_start_date":null,"site_season_end_date":null,"max_nbr_people":null,"passes_accepted":null,"latitude":45.68222222,"longitude":-114.80972220000001,"infra_last_update":1771858855000,"edw_last_modify":1771898754000,"globalid":"{CC2AC5A2-4321-47C2-BD09-C82A5265D095}"}},{"type":"Feature","geometry":{"type":"Point","coordinates":[-114.415403,44.4406968]},"properties":{"objectid":2761591,"site_cn":"5011.002901","managing_org":"041302","site_id":"22281","site_name":"BUSTER LAKE TRAILHEAD","site_type":"TRAILHEAD","activity_type_list":"No Data","service_type_list":"No Data","seasonal_operational_status":"OPEN","op_status_reason":null,"development_status":"EXISTING","development_scale":"2","total_capacity":9,"fee_charged":"N","fee_type":null,"recarea_name":"BUSTER LAKE TRAILHEAD","recarea_description":"This is the trailhead for trail #4153, Fanny's Hole and #4152, Buster Lake Trail.  There is one campsite above Buster Lake available for overnight camping.  The road is narrow and steep; 4wd recommended.","information_center":null,"official_designation":null,"fee_description":"No fees are required for this site","operational_hours":"Open 24 hours/day","open_season":null,"best_season":null,"busiest_season":null,"usage_level":null,"pack_in_out":"Y","public_site_name":"Buster Lake Trailhead","alternative_name":null,"rec1stop_url":null,"usda_portal_url":"https://www.fs.usda.gov/recarea/scnf/recarea/?recid=76202","important_info":null,"rentals_and_guides":null,"passes":null,"permit_information":null,"restrictions":null,"closest_towns":"Challis, Idaho","water_availability":"No water is available","restroom_availability":"No restroom available","operated_by":"US Forest Service","season_description":null,"directions":"From Challis, Idaho head west on Yankee Fork Rd/Main St and continue for 5 miles. Then turn left onto Garden Creek Rd. Stay on Garden Cr Rd for a little over 7 miles, trailhead will be at the end of the road.","maximum_elevation":null,"minimum_elevation":null,"season_name":null,"site_season_start_date":null,"site_season_end_date":null,"max_nbr_people":null,"passes_accepted":null,"latitude":44.440690630000006,"longitude":-114.4153902,"infra_last_update":1753975086000,"edw_last_modify":1754014221000,"globalid":"{81AF4F49-4B58-4AAE-928A-A859E381C22B}"}},{"type":"Feature","geometry":{"type":"Point","coordinates":[-115.6261072,45.8844786]},"properties":{"objectid":2761725,"site_cn":"2921211010602","managing_org":"011705","site_id":"170603050402-009D","site_name":"RR1858RD-007D","site_type":"TRAILHEAD","activity_type_list":"No Data","service_type_list":"No Data","seasonal_operational_status":"OPEN","op_status_reason":null,"development_status":"EXISTING","development_scale":"1","total_capacity":3.5,"fee_charged":"N","fee_type":null,"recarea_name":"Rr1858rd-007d","recarea_description":"RR1858RD-007D (Trailhead)","information_center":null,"official_designation":null,"fee_description":null,"operational_hours":null,"open_season":null,"best_season":null,"busiest_season":null,"usage_level":null,"pack_in_out":"Y","public_site_name":null,"alternative_name":null,"rec1stop_url":null,"usda_portal_url":null,"important_info":null,"rentals_and_guides":null,"passes":null,"permit_information":null,"restrictions":null,"closest_towns":null,"water_availability":null,"restroom_availability":null,"operated_by":null,"season_description":null,"directions":null,"maximum_elevation":null,"minimum_elevation":"3,993 feet","season_name":null,"site_season_start_date":null,"site_season_end_date":null,"max_nbr_people":null,"passes_accepted":null,"latitude":45.8844724,"longitude":-115.6260939,"infra_last_update":1771858853000,"edw_last_modify":1771899102000,"globalid":"{917EE819-90EF-49FE-9E89-7766DC593FD6}"}},{"type":"Feature","geometry":{"type":"Point","coordinates":[-114.7942864,45.6897846]},"properties":{"objectid":2761898,"site_cn":"4387274010602","managing_org":"010304","site_id":"170603010403-001","site_name":"FLAT CK TRAIL","site_type":"TRAILHEAD","activity_type_list":"No Data","service_type_list":"No Data","seasonal_operational_status":"OPEN","op_status_reason":null,"development_status":"EXISTING","development_scale":"2","total_capacity":0,"fee_charged":"N","fee_type":null,"recarea_name":"FLAT CK TRAIL","recarea_description":"FLAT CK TRAIL","information_center":null,"official_designation":null,"fee_description":"No fees are required for this site","operational_hours":null,"open_season":null,"best_season":null,"busiest_season":null,"usage_level":null,"pack_in_out":"Y","public_site_name":"Flat Creekk Trail","alternative_name":null,"rec1stop_url":null,"usda_portal_url":null,"important_info":null,"rentals_and_guides":null,"passes":null,"permit_information":null,"restrictions":null,"closest_towns":null,"water_availability":null,"restroom_availability":null,"operated_by":null,"season_description":null,"directions":null,"maximum_elevation":null,"minimum_elevation":null,"season_name":null,"site_season_start_date":null,"site_season_end_date":null,"max_nbr_people":null,"passes_accepted":null,"latitude":45.68977833,"longitude":-114.7942733,"infra_last_update":1753975073000,"edw_last_modify":1754014235000,"globalid":"{ACAEEE59-5BC3-4A61-8B30-C83BC735071F}"}},{"type":"Feature","geometry":{"type":"Point","coordinates":[-116.1748132,44.570806]},"properties":{"objectid":2761921,"site_cn":"7143.002731","managing_org":"040204","site_id":"6537","site_name":"FOUR CORNERS TRAILHEAD","site_type":"TRAILHEAD","activity_type_list":"No Data","service_type_list":"No Data","seasonal_operational_status":"OPEN","op_status_reason":null,"development_status":"EXISTING","development_scale":"3","total_capacity":25,"fee_charged":"N","fee_type":null,"recarea_name":"Four Corners Trailhead","recarea_description":"FOUR CORNERS TRAILHEAD (Trailhead)","information_center":null,"official_designation":null,"fee_description":null,"operational_hours":null,"open_season":null,"best_season":null,"busiest_season":null,"usage_level":null,"pack_in_out":"Y","public_site_name":"Four Corners Trailhead","alternative_name":null,"rec1stop_url":null,"usda_portal_url":null,"important_info":null,"rentals_and_guides":null,"passes":null,"permit_information":null,"restrictions":null,"closest_towns":null,"water_availability":null,"restroom_availability":"vault","operated_by":null,"season_description":null,"directions":null,"maximum_elevation":null,"minimum_elevation":" feet","season_name":null,"site_season_start_date":null,"site_season_end_date":null,"max_nbr_people":null,"passes_accepted":null,"latitude":44.5708,"longitude":-116.1748,"infra_last_update":1766409703000,"edw_last_modify":1766455404000,"globalid":"{607D0C75-5D2E-4680-989F-2DCF8F5A7299}"}},{"type":"Feature","geometry":{"type":"Point","coordinates":[-116.1631952,45.4859604]},"properties":{"objectid":2761941,"site_cn":"2920693010602","managing_org":"011701","site_id":"170602090204-004","site_name":"SR2081RD-001","site_type":"TRAILHEAD","activity_type_list":"No Data","service_type_list":"No Data","seasonal_operational_status":"OPEN","op_status_reason":null,"development_status":"EXISTING","development_scale":"0","total_capacity":3.5,"fee_charged":"N","fee_type":null,"recarea_name":"Sr2081rd-001","recarea_description":"SR2081RD-001 (Trailhead)","information_center":null,"official_designation":null,"fee_description":null,"operational_hours":null,"open_season":null,"best_season":null,"busiest_season":null,"usage_level":null,"pack_in_out":"Y","public_site_name":null,"alternative_name":null,"rec1stop_url":null,"usda_portal_url":null,"important_info":null,"rentals_and_guides":null,"passes":null,"permit_information":null,"restrictions":null,"closest_towns":null,"water_availability":null,"restroom_availability":null,"operated_by":null,"season_description":null,"directions":null,"maximum_elevation":null,"minimum_elevation":"3,609 feet","season_name":null,"site_season_start_date":null,"site_season_end_date":null,"max_nbr_people":null,"passes_accepted":null,"latitude":45.48595429,"longitude":-116.1631818,"infra_last_update":1771858856000,"edw_last_modify":1771899112000,"globalid":"{147664F4-59A6-4DDB-B189-C85C95D4BDBD}"}},{"type":"Feature","geometry":{"type":"Point","coordinates":[-115.3215419,44.1291451]},"properties":{"objectid":2762038,"site_cn":"7426.002731","managing_org":"040205","site_id":"6581","site_name":"BLUE JAY TRAILHEAD","site_type":"TRAILHEAD","activity_type_list":"No Data","service_type_list":"No Data","seasonal_operational_status":"OPEN","op_status_reason":null,"development_status":"EXISTING","development_scale":"2","total_capacity":25,"fee_charged":"N","fee_type":null,"recarea_name":"Blue Jay Trailhead","recarea_description":"BLUE JAY TRAILHEAD (Trailhead)","information_center":null,"official_designation":null,"fee_description":null,"operational_hours":null,"open_season":null,"best_season":null,"busiest_season":null,"usage_level":null,"pack_in_out":"Y","public_site_name":null,"alternative_name":null,"rec1stop_url":null,"usda_portal_url":null,"important_info":null,"rentals_and_guides":null,"passes":null,"permit_information":null,"restrictions":null,"closest_towns":null,"water_availability":null,"restroom_availability":null,"operated_by":null,"season_description":null,"directions":null,"maximum_elevation":null,"minimum_elevation":" feet","season_name":null,"site_season_start_date":null,"site_season_end_date":null,"max_nbr_people":null,"passes_accepted":null,"latitude":44.129139,"longitude":-115.321529,"infra_last_update":1771858858000,"edw_last_modify":1771898605000,"globalid":"{BCDDE002-C5B7-46D7-A328-70A26B411AE3}"}},{"type":"Feature","geometry":{"type":"Point","coordinates":[-115.465892,46.6310485]},"properties":{"objectid":2762068,"site_cn":"2921581010602","managing_org":"011753","site_id":"170603070503-024","site_name":"NF250RD-041","site_type":"TRAILHEAD","activity_type_list":"No Data","service_type_list":"No Data","seasonal_operational_status":"OPEN","op_status_reason":null,"development_status":"EXISTING","development_scale":"1","total_capacity":3.5,"fee_charged":"N","fee_type":null,"recarea_name":"Nf250rd-041","recarea_description":"NF250RD-041 (Trailhead)","information_center":null,"official_designation":null,"fee_description":null,"operational_hours":null,"open_season":null,"best_season":null,"busiest_season":null,"usage_level":null,"pack_in_out":"Y","public_site_name":null,"alternative_name":null,"rec1stop_url":null,"usda_portal_url":null,"important_info":null,"rentals_and_guides":null,"passes":null,"permit_information":null,"restrictions":null,"closest_towns":null,"water_availability":null,"restroom_availability":null,"operated_by":null,"season_description":null,"directions":null,"maximum_elevation":null,"minimum_elevation":"2,257 feet","season_name":null,"site_season_start_date":null,"site_season_end_date":null,"max_nbr_people":null,"passes_accepted":null,"latitude":46.63104223,"longitude":-115.4658785,"infra_last_update":1771858856000,"edw_last_modify":1771899094000,"globalid":"{C6EF153C-D8DA-4BAE-BA53-E58F80959B82}"}},{"type":"Feature","geometry":{"type":"Point","coordinates":[-115.1258409,44.9587173]},"properties":{"objectid":2762113,"site_cn":"6431219010602","managing_org":"041206","site_id":"60146","site_name":"MARBLE CREEK","site_type":"TRAILHEAD","activity_type_list":"No Data","service_type_list":"No Data","seasonal_operational_status":"OPEN","op_status_reason":null,"development_status":"EXISTING","development_scale":"1","total_capacity":21,"fee_charged":"N","fee_type":null,"recarea_name":"Marble Creek","recarea_description":"MARBLE CREEK (Trailhead)","information_center":null,"official_designation":null,"fee_description":null,"operational_hours":null,"open_season":null,"best_season":null,"busiest_season":null,"usage_level":null,"pack_in_out":"Y","public_site_name":null,"alternative_name":null,"rec1stop_url":null,"usda_portal_url":null,"important_info":null,"rentals_and_guides":null,"passes":null,"permit_information":null,"restrictions":null,"closest_towns":null,"water_availability":null,"restroom_availability":null,"operated_by":null,"season_description":null,"directions":null,"maximum_elevation":null,"minimum_elevation":" feet","season_name":null,"site_season_start_date":null,"site_season_end_date":null,"max_nbr_people":null,"passes_accepted":null,"latitude":44.95871111,"longitude":-115.1258278,"infra_last_update":1771858855000,"edw_last_modify":1771898635000,"globalid":"{BAA02D00-B881-4F28-9EAC-6CFB039150A0}"}},{"type":"Feature","geometry":{"type":"Point","coordinates":[-115.0659129,44.2427061]},"properties":{"objectid":2762385,"site_cn":"12936010560","managing_org":"041404","site_id":"40083","site_name":"STANLEY LAKE TRAILHEAD","site_type":"TRAILHEAD","activity_type_list":"No Data","service_type_list":"No Data","seasonal_operational_status":"OPEN","op_status_reason":null,"development_status":"EXISTING","development_scale":"3","total_capacity":84,"fee_charged":"N","fee_type":null,"recarea_name":"Stanley Lake Trailhead","recarea_description":"STANLEY LAKE TRAILHEAD (Trailhead)","information_center":null,"official_designation":null,"fee_description":null,"operational_hours":null,"open_season":null,"best_season":null,"busiest_season":null,"usage_level":null,"pack_in_out":"Y","public_site_name":"Stanley Lake Trailhead","alternative_name":null,"rec1stop_url":null,"usda_portal_url":null,"important_info":null,"rentals_and_guides":null,"passes":null,"permit_information":null,"restrictions":null,"closest_towns":null,"water_availability":null,"restroom_availability":null,"operated_by":null,"season_description":null,"directions":null,"maximum_elevation":null,"minimum_elevation":" feet","season_name":null,"site_season_start_date":null,"site_season_end_date":null,"max_nbr_people":null,"passes_accepted":null,"latitude":44.2427,"longitude":-115.0659,"infra_last_update":1749673987000,"edw_last_modify":1749694024000,"globalid":"{239B1331-7BA6-4778-99DB-136977D3FB19}"}},{"type":"Feature","geometry":{"type":"Point","coordinates":[-115.5400133,45.8799062]},"properties":{"objectid":2762412,"site_cn":"2921241010602","managing_org":"011705","site_id":"170603050402-016","site_name":"ELK SUMMIT LOOKOUT","site_type":"TRAILHEAD","activity_type_list":"No Data","service_type_list":"No Data","seasonal_operational_status":"OPEN","op_status_reason":null,"development_status":"EXISTING","development_scale":"1","total_capacity":3.5,"fee_charged":"N","fee_type":null,"recarea_name":"Elk Summit Lookout","recarea_description":"ELK SUMMIT LOOKOUT (Trailhead)","information_center":null,"official_designation":null,"fee_description":null,"operational_hours":null,"open_season":null,"best_season":null,"busiest_season":null,"usage_level":null,"pack_in_out":"Y","public_site_name":null,"alternative_name":null,"rec1stop_url":null,"usda_portal_url":null,"important_info":null,"rentals_and_guides":null,"passes":null,"permit_information":null,"restrictions":null,"closest_towns":null,"water_availability":null,"restroom_availability":null,"operated_by":null,"season_description":null,"directions":null,"maximum_elevation":null,"minimum_elevation":"6,352 feet","season_name":null,"site_season_start_date":null,"site_season_end_date":null,"max_nbr_people":null,"passes_accepted":null,"latitude":45.8799,"longitude":-115.54,"infra_last_update":1771858858000,"edw_last_modify":1771899101000,"globalid":"{2D23BE9F-3B6E-4A6D-B57A-38F730D6558B}"}},{"type":"Feature","geometry":{"type":"Point","coordinates":[-116.4133534,46.9383109]},"properties":{"objectid":2762549,"site_cn":"3893911010602","managing_org":"011752","site_id":"170603060802_09","site_name":"PAL789RD_03","site_type":"TRAILHEAD","activity_type_list":"No Data","service_type_list":"No Data","seasonal_operational_status":"OPEN","op_status_reason":null,"development_status":"EXISTING","development_scale":"1","total_capacity":3.5,"fee_charged":"N","fee_type":null,"recarea_name":"Pal789rd_03","recarea_description":"PAL789RD_03 (Trailhead)","information_center":null,"official_designation":null,"fee_description":null,"operational_hours":null,"open_season":null,"best_season":null,"busiest_season":null,"usage_level":null,"pack_in_out":"Y","public_site_name":null,"alternative_name":null,"rec1stop_url":null,"usda_portal_url":null,"important_info":null,"rentals_and_guides":null,"passes":null,"permit_information":null,"restrictions":null,"closest_towns":null,"water_availability":null,"restroom_availability":null,"operated_by":null,"season_description":null,"directions":null,"maximum_elevation":null,"minimum_elevation":"2,920 feet","season_name":null,"site_season_start_date":null,"site_season_end_date":null,"max_nbr_people":null,"passes_accepted":null,"latitude":46.93830467,"longitude":-116.41333966,"infra_last_update":1771858858000,"edw_last_modify":1771898956000,"globalid":"{D4770050-973A-430F-8C80-EB5AA6E27C65}"}},{"type":"Feature","geometry":{"type":"Point","coordinates":[-115.8178831,44.4825161]},"properties":{"objectid":2762729,"site_cn":"7166.002731","managing_org":"040204","site_id":"6559","site_name":"EAST FORK CLEAR CREEK TRAILHEAD","site_type":"TRAILHEAD","activity_type_list":"No Data","service_type_list":"No Data","seasonal_operational_status":"OPEN","op_status_reason":null,"development_status":"EXISTING","development_scale":"0","total_capacity":25,"fee_charged":"N","fee_type":null,"recarea_name":"East Fork Clear Creek Trailhead","recarea_description":"EAST FORK CLEAR CREEK TRAILHEAD (Trailhead)","information_center":null,"official_designation":null,"fee_description":null,"operational_hours":null,"open_season":null,"best_season":null,"busiest_season":null,"usage_level":null,"pack_in_out":"Y","public_site_name":null,"alternative_name":null,"rec1stop_url":null,"usda_portal_url":null,"important_info":null,"rentals_and_guides":null,"passes":null,"permit_information":null,"restrictions":null,"closest_towns":null,"water_availability":null,"restroom_availability":null,"operated_by":null,"season_description":null,"directions":null,"maximum_elevation":null,"minimum_elevation":" feet","season_name":null,"site_season_start_date":null,"site_season_end_date":null,"max_nbr_people":null,"passes_accepted":null,"latitude":44.482510000000005,"longitude":-115.81787,"infra_last_update":1771858857000,"edw_last_modify":1771898609000,"globalid":"{9A516D63-AE83-48F6-9CF1-6437BCD3D4ED}"}},{"type":"Feature","geometry":{"type":"Point","coordinates":[-115.5266151,44.9584861]},"properties":{"objectid":2762747,"site_cn":"12835.003141","managing_org":"041206","site_id":"60120","site_name":"PARKS CREEK","site_type":"TRAILHEAD","activity_type_list":"No Data","service_type_list":"No Data","seasonal_operational_status":"OPEN","op_status_reason":null,"development_status":"EXISTING","development_scale":"2","total_capacity":21,"fee_charged":"N","fee_type":null,"recarea_name":"PARKS CREEK","recarea_description":"Located on the North side of the East Fork South Fork Salmon River Road NFSR #51887. TH is signed and has a registration box. Parking availability for up to 10 vehicles.","information_center":null,"official_designation":null,"fee_description":null,"operational_hours":null,"open_season":null,"best_season":null,"busiest_season":null,"usage_level":null,"pack_in_out":"Y","public_site_name":"Parks Creek Trailhead","alternative_name":null,"rec1stop_url":null,"usda_portal_url":null,"important_info":null,"rentals_and_guides":null,"passes":null,"permit_information":null,"restrictions":null,"closest_towns":"Yellow Pine, ID","water_availability":null,"restroom_availability":null,"operated_by":"US Forest Service","season_description":null,"directions":null,"maximum_elevation":null,"minimum_elevation":null,"season_name":null,"site_season_start_date":null,"site_season_end_date":null,"max_nbr_people":null,"passes_accepted":null,"latitude":44.958479999999994,"longitude":-115.526602,"infra_last_update":1759394009000,"edw_last_modify":1759457467000,"globalid":"{F04A22B6-15E4-421C-BB95-5BA68879900C}"}},{"type":"Feature","geometry":{"type":"Point","coordinates":[-113.7263086,44.1299262]},"properties":{"objectid":2762881,"site_cn":"5012.002901","managing_org":"041302","site_id":"22283","site_name":"WEST FORK UPPER PAHSIMEROI TRAILHEAD","site_type":"TRAILHEAD","activity_type_list":"No Data","service_type_list":"No Data","seasonal_operational_status":"OPEN","op_status_reason":null,"development_status":"EXISTING","development_scale":"2","total_capacity":19,"fee_charged":"N","fee_type":null,"recarea_name":"WEST FORK UPPER PAHSIMEROI TRAILHEAD","recarea_description":"This trailhead has minimal development, providing access to #4197, Merriam Lake, #4089 Leatherman Pass, and #4198 Pass Lake trails. One metal fire ring, a picnic table and a two-sided latrine are on site.","information_center":null,"official_designation":null,"fee_description":"No fees are required for this site","operational_hours":"Open 24 hours/day","open_season":null,"best_season":null,"busiest_season":null,"usage_level":null,"pack_in_out":"Y","public_site_name":"West Fork Upper Pahsimeroi Trailhead","alternative_name":null,"rec1stop_url":null,"usda_portal_url":"https://www.fs.usda.gov/recarea/scnf/recarea/?recid=76204","important_info":null,"rentals_and_guides":null,"passes":null,"permit_information":null,"restrictions":null,"closest_towns":"Mackay, Idaho","water_availability":"No water is available","restroom_availability":"Vault toilet(s)","operated_by":"US Forest Service","season_description":null,"directions":"From Mackay drive north on US-93 N for about 22 miles. Turn right onto Double spring Pass Rd for 10 miles. Then turn right onto NF-117 and stay on this Rd for 6 miles, then merge onto NF-118/Upper Pahsimeroi for almost 8 miles, trailhead will be at the end of the road on the left.","maximum_elevation":null,"minimum_elevation":null,"season_name":null,"site_season_start_date":null,"site_season_end_date":null,"max_nbr_people":null,"passes_accepted":null,"latitude":44.12992,"longitude":-113.726296,"infra_last_update":1753975086000,"edw_last_modify":1754014221000,"globalid":"{16F6E1E4-3B75-4187-8527-F41F7B157885}"}},{"type":"Feature","geometry":{"type":"Point","coordinates":[-116.0508892,47.9788054]},"properties":{"objectid":2763006,"site_cn":"4258679010602","managing_org":"010403","site_id":"170103010104-004","site_name":"\"TRAIL 52 TRAILHEAD, MM 43.7\"","site_type":"TRAILHEAD","activity_type_list":"No Data","service_type_list":"No Data","seasonal_operational_status":"OPEN","op_status_reason":null,"development_status":"EXISTING","development_scale":"1","total_capacity":3.5,"fee_charged":"N","fee_type":null,"recarea_name":"Trail 52 Trailhead, MM 43.7","recarea_description":"TRAIL 52 TRAILHEAD, MM 43.7 (Trailhead)","information_center":null,"official_designation":null,"fee_description":null,"operational_hours":null,"open_season":null,"best_season":null,"busiest_season":null,"usage_level":null,"pack_in_out":"Y","public_site_name":"Trail 52 Trailhead, MM 43.7","alternative_name":null,"rec1stop_url":null,"usda_portal_url":null,"important_info":null,"rentals_and_guides":null,"passes":null,"permit_information":null,"restrictions":null,"closest_towns":null,"water_availability":null,"restroom_availability":null,"operated_by":null,"season_description":null,"directions":null,"maximum_elevation":null,"minimum_elevation":"4,797 feet","season_name":null,"site_season_start_date":null,"site_season_end_date":null,"max_nbr_people":null,"passes_accepted":null,"latitude":47.97879907,"longitude":-116.0508753,"infra_last_update":1783689197000,"edw_last_modify":1783738916000,"globalid":"{901DB148-57E4-44B4-9AAE-C0982DAFCD1F}"}},{"type":"Feature","geometry":{"type":"Point","coordinates":[-115.6641679,46.523988]},"properties":{"objectid":2763028,"site_cn":"2921605010602","managing_org":"011753","site_id":"170603070702-006","site_name":"NF250RD-006","site_type":"TRAILHEAD","activity_type_list":"No Data","service_type_list":"No Data","seasonal_operational_status":"OPEN","op_status_reason":null,"development_status":"EXISTING","development_scale":"1","total_capacity":3.5,"fee_charged":"N","fee_type":null,"recarea_name":"Nf250rd-006","recarea_description":"NF250RD-006 (Trailhead)","information_center":null,"official_designation":null,"fee_description":null,"operational_hours":null,"open_season":null,"best_season":null,"busiest_season":null,"usage_level":null,"pack_in_out":"Y","public_site_name":null,"alternative_name":null,"rec1stop_url":null,"usda_portal_url":null,"important_info":null,"rentals_and_guides":null,"passes":null,"permit_information":null,"restrictions":null,"closest_towns":null,"water_availability":null,"restroom_availability":null,"operated_by":null,"season_description":null,"directions":null,"maximum_elevation":null,"minimum_elevation":"3,894 feet","season_name":null,"site_season_start_date":null,"site_season_end_date":null,"max_nbr_people":null,"passes_accepted":null,"latitude":46.52398177,"longitude":-115.6641544,"infra_last_update":1771858856000,"edw_last_modify":1771899094000,"globalid":"{A3E827E0-7F82-4425-BC2C-979E2041BDB9}"}},{"type":"Feature","geometry":{"type":"Point","coordinates":[-116.3833363,45.1576201]},"properties":{"objectid":2763031,"site_cn":"78071010602","managing_org":"041204","site_id":"30062","site_name":"POLLOCK MOUNTAIN","site_type":"TRAILHEAD","activity_type_list":"No Data","service_type_list":"No Data","seasonal_operational_status":"OPEN","op_status_reason":null,"development_status":"EXISTING","development_scale":"2","total_capacity":28,"fee_charged":"N","fee_type":null,"recarea_name":"Pollock","recarea_description":"POLLOCK (Trailhead)","information_center":null,"official_designation":null,"fee_description":null,"operational_hours":null,"open_season":null,"best_season":null,"busiest_season":null,"usage_level":null,"pack_in_out":"Y","public_site_name":"Pollock","alternative_name":null,"rec1stop_url":null,"usda_portal_url":null,"important_info":null,"rentals_and_guides":null,"passes":null,"permit_information":null,"restrictions":null,"closest_towns":null,"water_availability":null,"restroom_availability":null,"operated_by":null,"season_description":null,"directions":null,"maximum_elevation":null,"minimum_elevation":" feet","season_name":null,"site_season_start_date":null,"site_season_end_date":null,"max_nbr_people":null,"passes_accepted":null,"latitude":45.157614,"longitude":-116.383323,"infra_last_update":1744209520000,"edw_last_modify":1744252396000,"globalid":"{D41E26D8-1922-4D34-82A5-2BD76DEDE9D8}"}},{"type":"Feature","geometry":{"type":"Point","coordinates":[-115.3922208,43.522496]},"properties":{"objectid":2763081,"site_cn":"7416.002731","managing_org":"040201","site_id":"6594","site_name":"CROSSCUT TRAILHEAD","site_type":"TRAILHEAD","activity_type_list":"No Data","service_type_list":"No Data","seasonal_operational_status":"OPEN","op_status_reason":null,"development_status":"EXISTING","development_scale":"3","total_capacity":21,"fee_charged":"N","fee_type":null,"recarea_name":"Crosscut Trailhead","recarea_description":"The Crosscut trail crosses several streams, passes through deep valleys carpeted with wildflowers in the spring and offers views of Horse Ranch Mountain and Steel Mountain.","information_center":null,"official_designation":null,"fee_description":"No fees are required for this site","operational_hours":"End of May - End of September Unless closed by snow","open_season":null,"best_season":null,"busiest_season":null,"usage_level":null,"pack_in_out":"Y","public_site_name":"Crosscut Trailhead","alternative_name":null,"rec1stop_url":null,"usda_portal_url":"www.fs.usda.gov/recarea/asnf/recreation/recarea/?recid=5118","important_info":null,"rentals_and_guides":null,"passes":null,"permit_information":null,"restrictions":null,"closest_towns":"Mountain Home, ID","water_availability":"No water is available","restroom_availability":"No restroom available","operated_by":"US Forest Service","season_description":null,"directions":"From Mountain Home travel north on State Highway 20 about 20 miles to the intersection of Forest Service (FS) road 134.  Go northwest toward Anderson Ranch Reservoir on FS road 134 about 5 miles to the intersection of FS road 113.  Go northeast about 10 miles on FS road 113, which parallels the west side of the reservoir and intersects FS road 123.  Travel north on FS road 123 for about 5 miles to the intersection of FS road 128.  On FS road 128, go south, then east for about 10 miles to Pine and a paved road. Go north about 10 miles to Featherville where the pave road ends (where FS road 156 and FS road 135 intersect).  Travel north for about 10 miles on FS road 156 to the intersection of FS road 105 and a trail directional sign.  Go northwest on FS road 105 for about 3 miles to the signed trailhead located in a prominent saddle.","maximum_elevation":null,"minimum_elevation":" feet","season_name":null,"site_season_start_date":null,"site_season_end_date":null,"max_nbr_people":null,"passes_accepted":null,"latitude":43.52249,"longitude":-115.392208,"infra_last_update":1753975084000,"edw_last_modify":1754013953000,"globalid":"{30C7348D-A36F-41A4-877F-EBEC224AF997}"}},{"type":"Feature","geometry":{"type":"Point","coordinates":[-115.9363633,45.4634261]},"properties":{"objectid":2763099,"site_cn":"6988.000961","managing_org":"011701","site_id":"2032","site_name":"WIND RIVER","site_type":"TRAILHEAD","activity_type_list":"No Data","service_type_list":"No Data","seasonal_operational_status":"OPEN","op_status_reason":null,"development_status":"EXISTING","development_scale":"3","total_capacity":18,"fee_charged":"N","fee_type":null,"recarea_name":"WIND RIVER","recarea_description":"Southern access to the Gospel-Hump Wilderness and Idaho Centennial Trail #88. Trailhead for horses and pack animals.","information_center":null,"official_designation":null,"fee_description":"No fees are required for this site","operational_hours":"Open 24 hours/day","open_season":null,"best_season":null,"busiest_season":null,"usage_level":null,"pack_in_out":"Y","public_site_name":"Wind River Trailhead","alternative_name":null,"rec1stop_url":null,"usda_portal_url":"https://www.fs.usda.gov/recarea/nezperceclearwater/recarea/?recid=16792","important_info":null,"rentals_and_guides":null,"passes":null,"permit_information":null,"restrictions":null,"closest_towns":"Riggins, ID","water_availability":"No drinking water is available","restroom_availability":"No restroom available","operated_by":"US Forest Service","season_description":null,"directions":"Approx 23 miles up the Salmon River Rd #1614 from Riggins.","maximum_elevation":null,"minimum_elevation":null,"season_name":null,"site_season_start_date":null,"site_season_end_date":null,"max_nbr_people":null,"passes_accepted":null,"latitude":45.46342,"longitude":-115.93635,"infra_last_update":1753975077000,"edw_last_modify":1754013957000,"globalid":"{E99DDEFD-486C-471C-9DA0-1D4DB1F0C015}"}},{"type":"Feature","geometry":{"type":"Point","coordinates":[-111.241212,43.4726064]},"properties":{"objectid":2763121,"site_cn":"5116.003281","managing_org":"041554","site_id":"0425","site_name":"LOWER RAINEY CREEK TH","site_type":"TRAILHEAD","activity_type_list":"FISHING, RIVER / STREAM | HORSEBACK RIDING","service_type_list":"PARKING | RESTROOMS","seasonal_operational_status":"OPEN","op_status_reason":null,"development_status":"EXISTING","development_scale":"3","total_capacity":88,"fee_charged":"N","fee_type":null,"recarea_name":"Lower Rainey Creek Th","recarea_description":"The Rainey Creek trail begins at Rainey Creek Trailhead and ends at Junction South Fork Rainey Creek Trail. The trail is open for the following uses: Off Highway Vehicles (OHV) less than or equal to 50 inches wide","information_center":null,"official_designation":null,"fee_description":"No fees are required for this site","operational_hours":"Day use only: open sunrise to sunset","open_season":null,"best_season":null,"busiest_season":null,"usage_level":null,"pack_in_out":"Y","public_site_name":"Lower Rainey Creek Trailhead","alternative_name":null,"rec1stop_url":null,"usda_portal_url":"https://www.fs.usda.gov/recarea/ctnf/recreation/recarea/?recid=54535&actid=24","important_info":null,"rentals_and_guides":null,"passes":null,"permit_information":null,"restrictions":null,"closest_towns":"Swan Valley, Idaho","water_availability":"No water is available","restroom_availability":"Vault toilet(s)","operated_by":"US Forest Service","season_description":null,"directions":"From Swan Valley go 1 mile on US-26 east. Turn left onto Rainey Creek Road. Follow Rainey Creek road for approximately 5.7 miles until you reach the trailhead","maximum_elevation":null,"minimum_elevation":"6,100 feet","season_name":null,"site_season_start_date":null,"site_season_end_date":null,"max_nbr_people":null,"passes_accepted":null,"latitude":43.4726,"longitude":-111.2412,"infra_last_update":1753975087000,"edw_last_modify":1754014150000,"globalid":"{52689F77-90B3-435D-B5B4-E41CE314D457}"}},{"type":"Feature","geometry":{"type":"Point","coordinates":[-115.414144,44.1094421]},"properties":{"objectid":2763151,"site_cn":"7420.002731","managing_org":"040205","site_id":"6564","site_name":"JACKSON PEAK TRAILHEAD","site_type":"TRAILHEAD","activity_type_list":"No Data","service_type_list":"No Data","seasonal_operational_status":"OPEN","op_status_reason":null,"development_status":"EXISTING","development_scale":"2","total_capacity":25,"fee_charged":"N","fee_type":null,"recarea_name":"Jackson Peak Trailhead","recarea_description":"JACKSON PEAK TRAILHEAD (Trailhead)","information_center":null,"official_designation":null,"fee_description":null,"operational_hours":null,"open_season":null,"best_season":null,"busiest_season":null,"usage_level":null,"pack_in_out":"Y","public_site_name":"Jackson Peak Trailhead","alternative_name":null,"rec1stop_url":null,"usda_portal_url":null,"important_info":null,"rentals_and_guides":null,"passes":null,"permit_information":null,"restrictions":null,"closest_towns":null,"water_availability":null,"restroom_availability":null,"operated_by":null,"season_description":null,"directions":null,"maximum_elevation":null,"minimum_elevation":" feet","season_name":null,"site_season_start_date":null,"site_season_end_date":null,"max_nbr_people":null,"passes_accepted":null,"latitude":44.109436,"longitude":-115.41413100000001,"infra_last_update":1744209514000,"edw_last_modify":1744252397000,"globalid":"{248B9A33-8294-441D-A438-02AB72D59400}"}},{"type":"Feature","geometry":{"type":"Point","coordinates":[-111.6784513,44.4950904]},"properties":{"objectid":2763209,"site_cn":"6754680010602","managing_org":"041552","site_id":"0318","site_name":"HOWARD CREEK TRAILHEAD","site_type":"TRAILHEAD","activity_type_list":"No Data","service_type_list":"No Data","seasonal_operational_status":"OPEN","op_status_reason":null,"development_status":"EXISTING","development_scale":"1","total_capacity":15,"fee_charged":"N","fee_type":null,"recarea_name":"Howard Creek Trailhead","recarea_description":"HOWARD CREEK TRAILHEAD (Trailhead)","information_center":null,"official_designation":null,"fee_description":null,"operational_hours":null,"open_season":null,"best_season":null,"busiest_season":null,"usage_level":null,"pack_in_out":"N","public_site_name":null,"alternative_name":null,"rec1stop_url":null,"usda_portal_url":null,"important_info":null,"rentals_and_guides":null,"passes":null,"permit_information":null,"restrictions":null,"closest_towns":null,"water_availability":null,"restroom_availability":null,"operated_by":null,"season_description":null,"directions":null,"maximum_elevation":null,"minimum_elevation":" feet","season_name":null,"site_season_start_date":null,"site_season_end_date":null,"max_nbr_people":null,"passes_accepted":null,"latitude":44.495084,"longitude":-111.678439,"infra_last_update":1771858853000,"edw_last_modify":1771898621000,"globalid":"{B1ABB42A-F63D-4BEB-A8EF-29DF3A820F4F}"}},{"type":"Feature","geometry":{"type":"Point","coordinates":[-114.992768,45.6777669]},"properties":{"objectid":2763377,"site_cn":"3893615010602","managing_org":"011705","site_id":"170602070402-002","site_name":"RRDRYSADDLE-02","site_type":"TRAILHEAD","activity_type_list":"No Data","service_type_list":"No Data","seasonal_operational_status":"OPEN","op_status_reason":null,"development_status":"EXISTING","development_scale":"0","total_capacity":3.5,"fee_charged":"N","fee_type":null,"recarea_name":"Rrdrysaddle-02","recarea_description":"RRDRYSADDLE-02 (Trailhead)","information_center":null,"official_designation":null,"fee_description":null,"operational_hours":null,"open_season":null,"best_season":null,"busiest_season":null,"usage_level":null,"pack_in_out":"Y","public_site_name":null,"alternative_name":null,"rec1stop_url":null,"usda_portal_url":null,"important_info":null,"rentals_and_guides":null,"passes":null,"permit_information":null,"restrictions":null,"closest_towns":null,"water_availability":null,"restroom_availability":null,"operated_by":null,"season_description":null,"directions":null,"maximum_elevation":null,"minimum_elevation":"7,815 feet","season_name":null,"site_season_start_date":null,"site_season_end_date":null,"max_nbr_people":null,"passes_accepted":null,"latitude":45.67776063,"longitude":-114.99275487,"infra_last_update":1771858853000,"edw_last_modify":1771898961000,"globalid":"{C2EC1975-D851-40B0-B4C2-1607B0D86D9D}"}},{"type":"Feature","geometry":{"type":"Point","coordinates":[-111.3334871,43.7776674]},"properties":{"objectid":2763487,"site_cn":"6759479010602","managing_org":"041556","site_id":"0538","site_name":"NORTH PACKSADDLE","site_type":"TRAILHEAD","activity_type_list":"No Data","service_type_list":"No Data","seasonal_operational_status":"OPEN","op_status_reason":null,"development_status":"EXISTING","development_scale":"2","total_capacity":100,"fee_charged":"N","fee_type":null,"recarea_name":"NORTH PACKSADDLE","recarea_description":"Off Highway Vehicles (OHV) less than or equal to 50 inches wide","information_center":null,"official_designation":null,"fee_description":null,"operational_hours":"Day use only: open sunrise to sunset","open_season":null,"best_season":null,"busiest_season":null,"usage_level":null,"pack_in_out":"N","public_site_name":"North Packsaddle Trailhead","alternative_name":null,"rec1stop_url":null,"usda_portal_url":null,"important_info":null,"rentals_and_guides":null,"passes":null,"permit_information":null,"restrictions":null,"closest_towns":"Driggs, Idaho","water_availability":"No drinking water is available","restroom_availability":"No restroom available","operated_by":"US Forest Service","season_description":null,"directions":null,"maximum_elevation":null,"minimum_elevation":null,"season_name":null,"site_season_start_date":null,"site_season_end_date":null,"max_nbr_people":null,"passes_accepted":null,"latitude":43.777661,"longitude":-111.33347499999999,"infra_last_update":1732012943000,"edw_last_modify":1744204303000,"globalid":"{4FF1C6BE-8983-4363-B8FD-5E9F3520DC84}"}},{"type":"Feature","geometry":{"type":"Point","coordinates":[-115.5510084,46.0058834]},"properties":{"objectid":2763491,"site_cn":"2920983010602","managing_org":"011705","site_id":"170603020404-008","site_name":"MC2102RD-002","site_type":"TRAILHEAD","activity_type_list":"No Data","service_type_list":"No Data","seasonal_operational_status":"OPEN","op_status_reason":null,"development_status":"EXISTING","development_scale":"0","total_capacity":3.5,"fee_charged":"N","fee_type":null,"recarea_name":"Mc2102rd-002","recarea_description":"MC2102RD-002 (Trailhead)","information_center":null,"official_designation":null,"fee_description":null,"operational_hours":null,"open_season":null,"best_season":null,"busiest_season":null,"usage_level":null,"pack_in_out":"Y","public_site_name":null,"alternative_name":null,"rec1stop_url":null,"usda_portal_url":null,"important_info":null,"rentals_and_guides":null,"passes":null,"permit_information":null,"restrictions":null,"closest_towns":null,"water_availability":null,"restroom_availability":null,"operated_by":null,"season_description":null,"directions":null,"maximum_elevation":null,"minimum_elevation":"6,014 feet","season_name":null,"site_season_start_date":null,"site_season_end_date":null,"max_nbr_people":null,"passes_accepted":null,"latitude":46.00587718,"longitude":-115.5509951,"infra_last_update":1771858851000,"edw_last_modify":1771899106000,"globalid":"{70EEF750-BA1D-49B6-9D31-95B1A6033DDE}"}},{"type":"Feature","geometry":{"type":"Point","coordinates":[-115.2626,44.3075351]},"properties":{"objectid":2763504,"site_cn":"1361315010602","managing_org":"040205","site_id":"6563","site_name":"KIRKHAM RIDGE TRAILHEAD (BULL TROUT)","site_type":"TRAILHEAD","activity_type_list":"No Data","service_type_list":"No Data","seasonal_operational_status":"OPEN","op_status_reason":null,"development_status":"EXISTING","development_scale":"3","total_capacity":100,"fee_charged":"N","fee_type":null,"recarea_name":"Kirkham Ridge Trailhead (Bull Trout)","recarea_description":"KIRKHAM RIDGE TRAILHEAD (BULL TROUT) (Trailhead)","information_center":null,"official_designation":null,"fee_description":null,"operational_hours":null,"open_season":null,"best_season":null,"busiest_season":null,"usage_level":null,"pack_in_out":"N","public_site_name":"Kirkham Ridge Trailhead (Bull Trout)","alternative_name":null,"rec1stop_url":null,"usda_portal_url":null,"important_info":null,"rentals_and_guides":null,"passes":null,"permit_information":null,"restrictions":null,"closest_towns":null,"water_availability":null,"restroom_availability":null,"operated_by":null,"season_description":null,"directions":null,"maximum_elevation":null,"minimum_elevation":" feet","season_name":null,"site_season_start_date":null,"site_season_end_date":null,"max_nbr_people":null,"passes_accepted":null,"latitude":44.307528999999995,"longitude":-115.262587,"infra_last_update":1765356792000,"edw_last_modify":1765418608000,"globalid":"{7AE20773-72EC-406D-A623-A7EED0BE23C9}"}},{"type":"Feature","geometry":{"type":"Point","coordinates":[-116.493114,48.2631063]},"properties":{"objectid":2763528,"site_cn":"5879.000331","managing_org":"010406","site_id":"1541","site_name":"GOLD HILL","site_type":"TRAILHEAD","activity_type_list":"No Data","service_type_list":"No Data","seasonal_operational_status":"OPEN","op_status_reason":null,"development_status":"EXISTING","development_scale":"4","total_capacity":28,"fee_charged":"N","fee_type":null,"recarea_name":"GOLD HILL","recarea_description":"This trail is popular with hikers and mountain bikers. Located close to town and not too steep, this trail is a nice hike for the entire family. Panoramic views of Sandpoint, Lake Pend Oreille and the Selkirk Mountains are offered all along the route, but the best views are near the top. Visitors will enjoy various forest settings for the entire length of the trail. Don't forget the camera, there are excellent views from this trail! USGS Quad(s): Talache View an elevation profile of the trail. View a more detailed map of the trail area.","information_center":null,"official_designation":null,"fee_description":"No fees are required for this site","operational_hours":"Open 24 hours/day","open_season":null,"best_season":null,"busiest_season":null,"usage_level":null,"pack_in_out":"Y","public_site_name":"Gold Hill Trailhead #3","alternative_name":null,"rec1stop_url":null,"usda_portal_url":"https://www.fs.usda.gov/recarea/ipnf/recarea/?recid=6803","important_info":null,"rentals_and_guides":null,"passes":null,"permit_information":null,"restrictions":"Closed to all motorized vehicles yearlong.","closest_towns":"Sandpoint, Idaho","water_availability":null,"restroom_availability":null,"operated_by":"US Forest Service","season_description":null,"directions":"From Sandpoint, take Hwy. 95 south 2 miles to Bottle Bay Road; turn left onto Bottle Bay Road and go 4.8 miles to the trailhead located on the right. Access to upper trailhead: Take Hwy. 95 south 6 miles to Sagle Road; turn left onto Sagle Road and go 6 miles to Contest Mtn. Road 2642 (located on the left at the hairpin turn); turn left onto Road 2642 and go 6 miles to the trailhead.","maximum_elevation":null,"minimum_elevation":null,"season_name":null,"site_season_start_date":null,"site_season_end_date":null,"max_nbr_people":null,"passes_accepted":null,"latitude":48.2631,"longitude":-116.4931,"infra_last_update":1753975074000,"edw_last_modify":1754013992000,"globalid":"{18569DEB-A0ED-4D29-9CBB-C459DDA66056}"}},{"type":"Feature","geometry":{"type":"Point","coordinates":[-116.0014179,45.6450428]},"properties":{"objectid":2763719,"site_cn":"2921301010602","managing_org":"011701","site_id":"170603050701-009","site_name":"SR444RD-004","site_type":"TRAILHEAD","activity_type_list":"No Data","service_type_list":"No Data","seasonal_operational_status":"OPEN","op_status_reason":null,"development_status":"EXISTING","development_scale":"1","total_capacity":3.5,"fee_charged":"N","fee_type":null,"recarea_name":"Sr444rd-004","recarea_description":"SR444RD-004 (Trailhead)","information_center":null,"official_designation":null,"fee_description":null,"operational_hours":null,"open_season":null,"best_season":null,"busiest_season":null,"usage_level":null,"pack_in_out":"Y","public_site_name":null,"alternative_name":null,"rec1stop_url":null,"usda_portal_url":null,"important_info":null,"rentals_and_guides":null,"passes":null,"permit_information":null,"restrictions":null,"closest_towns":null,"water_availability":null,"restroom_availability":null,"operated_by":null,"season_description":null,"directions":null,"maximum_elevation":null,"minimum_elevation":"5,728 feet","season_name":null,"site_season_start_date":null,"site_season_end_date":null,"max_nbr_people":null,"passes_accepted":null,"latitude":45.64503666,"longitude":-116.0014045,"infra_last_update":1771858855000,"edw_last_modify":1771899100000,"globalid":"{882A6B60-664B-4DE5-9503-8EF4D91C626D}"}},{"type":"Feature","geometry":{"type":"Point","coordinates":[-115.2903628,43.540026]},"properties":{"objectid":2763780,"site_cn":"5655864010602","managing_org":"040201","site_id":"6599","site_name":"GREEN CREEK TRAILHEAD","site_type":"TRAILHEAD","activity_type_list":"No Data","service_type_list":"No Data","seasonal_operational_status":"OPEN","op_status_reason":null,"development_status":"EXISTING","development_scale":"3","total_capacity":0,"fee_charged":"N","fee_type":null,"recarea_name":"Green Creek Trailhead","recarea_description":"GREEN CREEK TRAILHEAD (Trailhead)","information_center":null,"official_designation":null,"fee_description":null,"operational_hours":null,"open_season":null,"best_season":null,"busiest_season":null,"usage_level":null,"pack_in_out":"N","public_site_name":"Green Creek Trailhead","alternative_name":null,"rec1stop_url":null,"usda_portal_url":null,"important_info":null,"rentals_and_guides":null,"passes":null,"permit_information":null,"restrictions":null,"closest_towns":null,"water_availability":null,"restroom_availability":null,"operated_by":null,"season_description":null,"directions":null,"maximum_elevation":null,"minimum_elevation":" feet","season_name":null,"site_season_start_date":null,"site_season_end_date":null,"max_nbr_people":null,"passes_accepted":null,"latitude":43.54002,"longitude":-115.29035,"infra_last_update":1782842627000,"edw_last_modify":1782877523000,"globalid":"{F9496326-5CF7-4DEF-BD7D-956C3497ED7B}"}},{"type":"Feature","geometry":{"type":"Point","coordinates":[-116.1613306,46.8844731]},"properties":{"objectid":2763860,"site_cn":"2921887010602","managing_org":"011752","site_id":"170603080801-013","site_name":"PAL1965RD_UPPERBASINTH-022.1","site_type":"TRAILHEAD","activity_type_list":"No Data","service_type_list":"No Data","seasonal_operational_status":"OPEN","op_status_reason":null,"development_status":"EXISTING","development_scale":"1","total_capacity":3.5,"fee_charged":"N","fee_type":null,"recarea_name":"Pal1965rd_Upperbasinth-022.1","recarea_description":"PAL1965RD_UPPERBASINTH-022.1 (Trailhead)","information_center":null,"official_designation":null,"fee_description":null,"operational_hours":null,"open_season":null,"best_season":null,"busiest_season":null,"usage_level":null,"pack_in_out":"Y","public_site_name":null,"alternative_name":null,"rec1stop_url":null,"usda_portal_url":null,"important_info":null,"rentals_and_guides":null,"passes":null,"permit_information":null,"restrictions":null,"closest_towns":null,"water_availability":null,"restroom_availability":null,"operated_by":null,"season_description":null,"directions":null,"maximum_elevation":null,"minimum_elevation":"3,445 feet","season_name":null,"site_season_start_date":null,"site_season_end_date":null,"max_nbr_people":null,"passes_accepted":null,"latitude":46.88446687,"longitude":-116.161317,"infra_last_update":1771858853000,"edw_last_modify":1771899088000,"globalid":"{B59FB020-8DCB-41DB-B708-E73F953159AC}"}},{"type":"Feature","geometry":{"type":"Point","coordinates":[-116.1013513,48.4156463]},"properties":{"objectid":2763863,"site_cn":"4257413010602","managing_org":"011404","site_id":"170101011702-4004","site_name":"CARIBOU CREEK TH 410","site_type":"TRAILHEAD","activity_type_list":"No Data","service_type_list":"No Data","seasonal_operational_status":"OPEN","op_status_reason":null,"development_status":"EXISTING","development_scale":"1","total_capacity":3.5,"fee_charged":"N","fee_type":null,"recarea_name":"Caribou Creek Th 410","recarea_description":"CARIBOU CREEK TH 410 (Trailhead)","information_center":null,"official_designation":null,"fee_description":null,"operational_hours":null,"open_season":null,"best_season":null,"busiest_season":null,"usage_level":null,"pack_in_out":"Y","public_site_name":null,"alternative_name":null,"rec1stop_url":null,"usda_portal_url":null,"important_info":null,"rentals_and_guides":null,"passes":null,"permit_information":null,"restrictions":null,"closest_towns":null,"water_availability":null,"restroom_availability":null,"operated_by":null,"season_description":null,"directions":null,"maximum_elevation":null,"minimum_elevation":"6,220 feet","season_name":null,"site_season_start_date":null,"site_season_end_date":null,"max_nbr_people":null,"passes_accepted":null,"latitude":48.415639909999996,"longitude":-116.1013373,"infra_last_update":1771858859000,"edw_last_modify":1771898902000,"globalid":"{8B024B7F-CABE-494B-B835-B6E13D0EE35A}"}},{"type":"Feature","geometry":{"type":"Point","coordinates":[-116.3916093,44.764019]},"properties":{"objectid":2763880,"site_cn":"6623303010602","managing_org":"041201","site_id":"10212","site_name":"LOWER SHINGLE FLAT","site_type":"TRAILHEAD","activity_type_list":"No Data","service_type_list":"No Data","seasonal_operational_status":"OPEN","op_status_reason":null,"development_status":"EXISTING","development_scale":"2","total_capacity":28,"fee_charged":"N","fee_type":null,"recarea_name":"Lower Shingle Flat","recarea_description":"LOWER SHINGLE FLAT (Trailhead)","information_center":null,"official_designation":null,"fee_description":null,"operational_hours":null,"open_season":null,"best_season":null,"busiest_season":null,"usage_level":null,"pack_in_out":"Y","public_site_name":null,"alternative_name":null,"rec1stop_url":null,"usda_portal_url":null,"important_info":null,"rentals_and_guides":null,"passes":null,"permit_information":null,"restrictions":null,"closest_towns":null,"water_availability":null,"restroom_availability":null,"operated_by":null,"season_description":null,"directions":null,"maximum_elevation":null,"minimum_elevation":" feet","season_name":null,"site_season_start_date":null,"site_season_end_date":null,"max_nbr_people":null,"passes_accepted":null,"latitude":44.764013000000006,"longitude":-116.39159599999999,"infra_last_update":1771858857000,"edw_last_modify":1771898626000,"globalid":"{B101DF04-C690-4F16-B5A6-186E6001FB3D}"}},{"type":"Feature","geometry":{"type":"Point","coordinates":[-111.4386261,43.7079914]},"properties":{"objectid":2763932,"site_cn":"6759491010602","managing_org":"041556","site_id":"0540","site_name":"CARLTON CUTOFF","site_type":"TRAILHEAD","activity_type_list":"No Data","service_type_list":"No Data","seasonal_operational_status":"OPEN","op_status_reason":null,"development_status":"EXISTING","development_scale":"1","total_capacity":50,"fee_charged":"N","fee_type":null,"recarea_name":"Carlton Cutoff","recarea_description":"CARLTON CUTOFF (Trailhead)","information_center":null,"official_designation":null,"fee_description":null,"operational_hours":null,"open_season":null,"best_season":null,"busiest_season":null,"usage_level":null,"pack_in_out":"N","public_site_name":null,"alternative_name":null,"rec1stop_url":null,"usda_portal_url":null,"important_info":null,"rentals_and_guides":null,"passes":null,"permit_information":null,"restrictions":null,"closest_towns":null,"water_availability":null,"restroom_availability":null,"operated_by":null,"season_description":null,"directions":null,"maximum_elevation":null,"minimum_elevation":" feet","season_name":null,"site_season_start_date":null,"site_season_end_date":null,"max_nbr_people":null,"passes_accepted":null,"latitude":43.707985,"longitude":-111.43861399999999,"infra_last_update":1771858855000,"edw_last_modify":1771898620000,"globalid":"{11619B56-962B-4ACC-9850-B00BEB10ED19}"}},{"type":"Feature","geometry":{"type":"Point","coordinates":[-115.0299406,45.7952261]},"properties":{"objectid":2763942,"site_cn":"3893667010602","managing_org":"011705","site_id":"170603020302-018","site_name":"RD285-018","site_type":"TRAILHEAD","activity_type_list":"No Data","service_type_list":"No Data","seasonal_operational_status":"OPEN","op_status_reason":null,"development_status":"EXISTING","development_scale":"1","total_capacity":3.5,"fee_charged":"N","fee_type":null,"recarea_name":"Rd285-018","recarea_description":"RD285-018 (Trailhead)","information_center":null,"official_designation":null,"fee_description":null,"operational_hours":null,"open_season":null,"best_season":null,"busiest_season":null,"usage_level":null,"pack_in_out":"Y","public_site_name":null,"alternative_name":null,"rec1stop_url":null,"usda_portal_url":null,"important_info":null,"rentals_and_guides":null,"passes":null,"permit_information":null,"restrictions":null,"closest_towns":null,"water_availability":null,"restroom_availability":null,"operated_by":null,"season_description":null,"directions":null,"maximum_elevation":null,"minimum_elevation":"6,791 feet","season_name":null,"site_season_start_date":null,"site_season_end_date":null,"max_nbr_people":null,"passes_accepted":null,"latitude":45.79521986,"longitude":-115.02992741,"infra_last_update":1771858854000,"edw_last_modify":1771898960000,"globalid":"{08288696-2729-44F0-8118-246BE457A408}"}},{"type":"Feature","geometry":{"type":"Point","coordinates":[-115.3908315,45.7303334]},"properties":{"objectid":2764054,"site_cn":"2921051010602","managing_org":"011705","site_id":"170603050103-002B","site_name":"RR222RD-018B","site_type":"TRAILHEAD","activity_type_list":"No Data","service_type_list":"No Data","seasonal_operational_status":"OPEN","op_status_reason":null,"development_status":"EXISTING","development_scale":"0","total_capacity":3.5,"fee_charged":"N","fee_type":null,"recarea_name":"Rr222rd-018b","recarea_description":"RR222RD-018B (Trailhead)","information_center":null,"official_designation":null,"fee_description":null,"operational_hours":null,"open_season":null,"best_season":null,"busiest_season":null,"usage_level":null,"pack_in_out":"Y","public_site_name":null,"alternative_name":null,"rec1stop_url":null,"usda_portal_url":null,"important_info":null,"rentals_and_guides":null,"passes":null,"permit_information":null,"restrictions":null,"closest_towns":null,"water_availability":null,"restroom_availability":null,"operated_by":null,"season_description":null,"directions":null,"maximum_elevation":null,"minimum_elevation":"4,213 feet","season_name":null,"site_season_start_date":null,"site_season_end_date":null,"max_nbr_people":null,"passes_accepted":null,"latitude":45.73032722,"longitude":-115.3908182,"infra_last_update":1771858858000,"edw_last_modify":1771899105000,"globalid":"{4F5336E5-BDB0-47AC-B6FE-485A44DAAFD0}"}},{"type":"Feature","geometry":{"type":"Point","coordinates":[-115.9353361,44.377504]},"properties":{"objectid":2764231,"site_cn":"7151.002731","managing_org":"040204","site_id":"6545","site_name":"SKUNK CREEK/WET FOOT TRAILHEAD","site_type":"TRAILHEAD","activity_type_list":"No Data","service_type_list":"No Data","seasonal_operational_status":"OPEN","op_status_reason":null,"development_status":"EXISTING","development_scale":"0","total_capacity":15,"fee_charged":"N","fee_type":null,"recarea_name":"Skunk Creek/Wet Foot Trailhead","recarea_description":"SKUNK CREEK/WET FOOT TRAILHEAD (Trailhead)","information_center":null,"official_designation":null,"fee_description":null,"operational_hours":null,"open_season":null,"best_season":null,"busiest_season":null,"usage_level":null,"pack_in_out":"Y","public_site_name":null,"alternative_name":null,"rec1stop_url":null,"usda_portal_url":null,"important_info":null,"rentals_and_guides":null,"passes":null,"permit_information":null,"restrictions":null,"closest_towns":null,"water_availability":null,"restroom_availability":null,"operated_by":null,"season_description":null,"directions":null,"maximum_elevation":null,"minimum_elevation":" feet","season_name":null,"site_season_start_date":null,"site_season_end_date":null,"max_nbr_people":null,"passes_accepted":null,"latitude":44.377498,"longitude":-115.935323,"infra_last_update":1771858859000,"edw_last_modify":1771898610000,"globalid":"{58FAF24C-2EB5-4202-8C5F-2C9BD81195DF}"}},{"type":"Feature","geometry":{"type":"Point","coordinates":[-115.530923,44.0723581]},"properties":{"objectid":2764345,"site_cn":"7425.002731","managing_org":"040205","site_id":"6580","site_name":"KIRKHAM RIDGE TRAILHEAD (HWY 21)","site_type":"TRAILHEAD","activity_type_list":"No Data","service_type_list":"No Data","seasonal_operational_status":"OPEN","op_status_reason":null,"development_status":"EXISTING","development_scale":"2","total_capacity":30,"fee_charged":"N","fee_type":null,"recarea_name":"Kirkham Ridge Trailhead (Hwy 21)","recarea_description":"KIRKHAM RIDGE TRAILHEAD (HWY 21) (Trailhead)","information_center":null,"official_designation":null,"fee_description":null,"operational_hours":null,"open_season":null,"best_season":null,"busiest_season":null,"usage_level":null,"pack_in_out":"Y","public_site_name":null,"alternative_name":null,"rec1stop_url":null,"usda_portal_url":null,"important_info":null,"rentals_and_guides":null,"passes":null,"permit_information":null,"restrictions":null,"closest_towns":null,"water_availability":null,"restroom_availability":null,"operated_by":null,"season_description":null,"directions":null,"maximum_elevation":null,"minimum_elevation":" feet","season_name":null,"site_season_start_date":null,"site_season_end_date":null,"max_nbr_people":null,"passes_accepted":null,"latitude":44.072351999999995,"longitude":-115.53091,"infra_last_update":1771858853000,"edw_last_modify":1771898605000,"globalid":"{D91BA4A2-7329-4A7F-867F-FA34CCC5E308}"}},{"type":"Feature","geometry":{"type":"Point","coordinates":[-116.1076137,47.0876662]},"properties":{"objectid":2764390,"site_cn":"5883.000331","managing_org":"010404","site_id":"2173","site_name":"HOBO HISTORIC","site_type":"TRAILHEAD","activity_type_list":"No Data","service_type_list":"No Data","seasonal_operational_status":"OPEN","op_status_reason":null,"development_status":"EXISTING","development_scale":"3","total_capacity":61,"fee_charged":"N","fee_type":null,"recarea_name":"HOBO HISTORIC","recarea_description":"Part of the Marble Creek trail system, Trail #254 features remnants of historical logging including a splash dam (one of 5 on Marble Creek), a steam donkey, and logging camp. The trail is rated as easy, but the return to the trailhead from Hobo Creek is a steep climb - be sure to take your time and rest often. This trail is open to non-motorized use only.","information_center":null,"official_designation":null,"fee_description":"No fees are required for this site","operational_hours":"Open 24 hours/day","open_season":null,"best_season":null,"busiest_season":null,"usage_level":null,"pack_in_out":"Y","public_site_name":"Hobo Historic Trailhead","alternative_name":null,"rec1stop_url":null,"usda_portal_url":"https://www.fs.usda.gov/recarea/ipnf/recarea/?recid=6920","important_info":null,"rentals_and_guides":null,"passes":null,"permit_information":null,"restrictions":null,"closest_towns":"Clarkia, ID and St Marie's, ID","water_availability":null,"restroom_availability":null,"operated_by":"US Forest Service","season_description":null,"directions":"From Clarkia, Idaho follow Forest Road 301 to Forest Road 321. Follow Forest Road 321 to the trailhead located on the east side of the road.\nFrom St. Marie's, Idaho follow Forest Highway 50 to Forest Road 321 at Marble Creek. Follow Forest Road 321 to the trailhead located on the east side of the road.","maximum_elevation":null,"minimum_elevation":null,"season_name":null,"site_season_start_date":null,"site_season_end_date":null,"max_nbr_people":null,"passes_accepted":null,"latitude":47.08766,"longitude":-116.1076,"infra_last_update":1753975074000,"edw_last_modify":1754013992000,"globalid":"{086D6B3A-F95E-4145-865C-8AA48EA83D78}"}},{"type":"Feature","geometry":{"type":"Point","coordinates":[-115.1815811,44.9511382]},"properties":{"objectid":2764609,"site_cn":"12824.003141","managing_org":"041206","site_id":"60123","site_name":"ROOSEVELT","site_type":"TRAILHEAD","activity_type_list":"No Data","service_type_list":"No Data","seasonal_operational_status":"OPEN","op_status_reason":null,"development_status":"EXISTING","development_scale":"2","total_capacity":21,"fee_charged":"N","fee_type":null,"recarea_name":"Monumental","recarea_description":"One of the more remote TH's on the Payette NF, Krassel RD. This TH is located in the Monumental Draige and provides access into the Frank Church-River of No Return Wilderness and the upper portion of the Monumental Creek draige.  Just a short hike down trail from this TH you can visit the historic site of Roosevelt, which is now submerged under Roosevelt Lake.","information_center":null,"official_designation":null,"fee_description":"No fees are required for this site","operational_hours":"Open 24 hours/day","open_season":null,"best_season":null,"busiest_season":null,"usage_level":null,"pack_in_out":"Y","public_site_name":"Roosevelt Trailhead","alternative_name":null,"rec1stop_url":null,"usda_portal_url":null,"important_info":null,"rentals_and_guides":null,"passes":null,"permit_information":null,"restrictions":null,"closest_towns":"Yellow Pine, ID","water_availability":"No drinking water is available","restroom_availability":"Vault toilet(s)","operated_by":"US Forest Service","season_description":null,"directions":null,"maximum_elevation":null,"minimum_elevation":" feet","season_name":null,"site_season_start_date":null,"site_season_end_date":null,"max_nbr_people":null,"passes_accepted":null,"latitude":44.951131999999994,"longitude":-115.181568,"infra_last_update":1766410751000,"edw_last_modify":1766455601000,"globalid":"{255BF801-B0B7-4F0A-A5D8-F4C8B6729DA8}"}},{"type":"Feature","geometry":{"type":"Point","coordinates":[-116.8415958,46.9692922]},"properties":{"objectid":2764667,"site_cn":"6634326010602","managing_org":"011752","site_id":"3217","site_name":"GOLD HILL TRAILHEAD","site_type":"TRAILHEAD","activity_type_list":"No Data","service_type_list":"No Data","seasonal_operational_status":"OPEN","op_status_reason":null,"development_status":"EXISTING","development_scale":"3","total_capacity":53,"fee_charged":"N","fee_type":null,"recarea_name":"Gold Hill Trailhead","recarea_description":"Gold Hill Trailhead is located near Potlatch ID on Forest Road 770 and provides access to approximately 13.5 miles of OHV trails and many additional miles of forest roads creating many loop opportunities for OHV users.  There is plenty of parking for trailers and two OHV loading ramps on site.","information_center":null,"official_designation":null,"fee_description":"No fees are required for this site","operational_hours":"Day use only; no overnight camping allowed","open_season":null,"best_season":null,"busiest_season":null,"usage_level":null,"pack_in_out":"Y","public_site_name":"Gold Hill Trailhead","alternative_name":null,"rec1stop_url":null,"usda_portal_url":null,"important_info":null,"rentals_and_guides":null,"passes":null,"permit_information":null,"restrictions":null,"closest_towns":"Potlatch, ID","water_availability":"No drinking water is available","restroom_availability":"No restroom available","operated_by":"US Forest Service","season_description":null,"directions":"From Potlatch ID, take Onaway Road approximately 1 mile to Crane Creek Road (FSR 377), continue approximately 2 miles and take a left on Gold Creek Road (FSR 770).  Continue on FSR 770 approximately 3 miles, Gold Hill Trailhead will be on the left.","maximum_elevation":null,"minimum_elevation":" feet","season_name":null,"site_season_start_date":null,"site_season_end_date":null,"max_nbr_people":null,"passes_accepted":null,"latitude":46.969286000000004,"longitude":-116.841582,"infra_last_update":1753975076000,"edw_last_modify":1754013965000,"globalid":"{F9E1ED61-EDEA-44C5-A1E5-0A1D918DB554}"}},{"type":"Feature","geometry":{"type":"Point","coordinates":[-115.853245,45.9005017]},"properties":{"objectid":2764720,"site_cn":"2921329010602","managing_org":"011701","site_id":"170603050702-008","site_name":"CW244RD-005","site_type":"TRAILHEAD","activity_type_list":"No Data","service_type_list":"No Data","seasonal_operational_status":"OPEN","op_status_reason":null,"development_status":"EXISTING","development_scale":"0","total_capacity":3.5,"fee_charged":"N","fee_type":null,"recarea_name":"Cw244rd-005","recarea_description":"CW244RD-005 (Trailhead)","information_center":null,"official_designation":null,"fee_description":null,"operational_hours":null,"open_season":null,"best_season":null,"busiest_season":null,"usage_level":null,"pack_in_out":"Y","public_site_name":null,"alternative_name":null,"rec1stop_url":null,"usda_portal_url":null,"important_info":null,"rentals_and_guides":null,"passes":null,"permit_information":null,"restrictions":null,"closest_towns":null,"water_availability":null,"restroom_availability":null,"operated_by":null,"season_description":null,"directions":null,"maximum_elevation":null,"minimum_elevation":"4,836 feet","season_name":null,"site_season_start_date":null,"site_season_end_date":null,"max_nbr_people":null,"passes_accepted":null,"latitude":45.900495549999995,"longitude":-115.8532316,"infra_last_update":1771858858000,"edw_last_modify":1771899099000,"globalid":"{6073A0A7-945A-4676-88F8-5EEC030521DA}"}},{"type":"Feature","geometry":{"type":"Point","coordinates":[-115.661241,44.9632506]},"properties":{"objectid":2764757,"site_cn":"6614555010602","managing_org":"041206","site_id":"60153","site_name":"DEADMAN BAR TRAILHEAD","site_type":"TRAILHEAD","activity_type_list":"No Data","service_type_list":"No Data","seasonal_operational_status":"OPEN","op_status_reason":null,"development_status":"EXISTING","development_scale":"2","total_capacity":11,"fee_charged":"N","fee_type":null,"recarea_name":"Deadman Bar Trailhead","recarea_description":"DEADMAN BAR TRAILHEAD (Trailhead)","information_center":null,"official_designation":null,"fee_description":null,"operational_hours":null,"open_season":null,"best_season":null,"busiest_season":null,"usage_level":null,"pack_in_out":"Y","public_site_name":null,"alternative_name":null,"rec1stop_url":null,"usda_portal_url":null,"important_info":null,"rentals_and_guides":null,"passes":null,"permit_information":null,"restrictions":null,"closest_towns":null,"water_availability":null,"restroom_availability":null,"operated_by":null,"season_description":null,"directions":null,"maximum_elevation":null,"minimum_elevation":" feet","season_name":null,"site_season_start_date":null,"site_season_end_date":null,"max_nbr_people":null,"passes_accepted":null,"latitude":44.963244440000004,"longitude":-115.66122779999999,"infra_last_update":1771858852000,"edw_last_modify":1771898626000,"globalid":"{ECED6BF3-E1F2-4134-A542-26513BBB0A0E}"}},{"type":"Feature","geometry":{"type":"Point","coordinates":[-115.8005171,44.6266801]},"properties":{"objectid":2764868,"site_cn":"7145.002731","managing_org":"040204","site_id":"6539","site_name":"BIG CREEK SUMMIT TRAILHEAD","site_type":"TRAILHEAD","activity_type_list":"No Data","service_type_list":"No Data","seasonal_operational_status":"OPEN","op_status_reason":null,"development_status":"EXISTING","development_scale":"1","total_capacity":15,"fee_charged":"N","fee_type":null,"recarea_name":"Big Creek Summit Trailhead","recarea_description":"BIG CREEK SUMMIT TRAILHEAD (Trailhead)","information_center":null,"official_designation":null,"fee_description":null,"operational_hours":null,"open_season":null,"best_season":null,"busiest_season":null,"usage_level":null,"pack_in_out":"Y","public_site_name":null,"alternative_name":null,"rec1stop_url":null,"usda_portal_url":null,"important_info":null,"rentals_and_guides":null,"passes":null,"permit_information":null,"restrictions":null,"closest_towns":null,"water_availability":null,"restroom_availability":null,"operated_by":null,"season_description":null,"directions":null,"maximum_elevation":null,"minimum_elevation":" feet","season_name":null,"site_season_start_date":null,"site_season_end_date":null,"max_nbr_people":null,"passes_accepted":null,"latitude":44.626674,"longitude":-115.800504,"infra_last_update":1771858858000,"edw_last_modify":1771898610000,"globalid":"{3EF46881-60E3-459C-8A09-0297CFB53002}"}},{"type":"Feature","geometry":{"type":"Point","coordinates":[-116.5055574,45.5010121]},"properties":{"objectid":2764869,"site_cn":"5412010263","managing_org":"061604","site_id":"68033","site_name":"LOW SADDLE TRAILHEAD","site_type":"TRAILHEAD","activity_type_list":"No Data","service_type_list":"No Data","seasonal_operational_status":"OPEN","op_status_reason":null,"development_status":"EXISTING","development_scale":"3","total_capacity":15,"fee_charged":"N","fee_type":null,"recarea_name":"LOW SADDLE TRAILHEAD","recarea_description":"Low Saddle Trailhead is located along the Stormy Point North Trail (#108) just north of the Hells Canyon Wilderness area. This rustic facility allows hikers and horse back riders a place to begin their visit or to pick up others coming out of the wilderness. Taking a short hike towards the canyon presents a fantastic view of Hells Canyon.","information_center":"Riggins- Hells Canyon National Recreation Area","official_designation":null,"fee_description":"No fees are required for this site","operational_hours":"Open 24 hours/day","open_season":null,"best_season":null,"busiest_season":null,"usage_level":"Light","pack_in_out":"Y","public_site_name":"Low Saddle Trailhead","alternative_name":null,"rec1stop_url":null,"usda_portal_url":"https://www.fs.usda.gov/recarea/wallowa-whitman/recarea/?recid=51625","important_info":null,"rentals_and_guides":null,"passes":null,"permit_information":null,"restrictions":"General rules of use and restrictions apply for this developed recreation site.Wilderness Regulations apply; within Hells Canyon Wildernes. Advisory: No motor vehicles are authorized beyond the gate and fence towards the canyon. Motorized vehicles, bicycl","closest_towns":"Riggins, Idaho (24; miles)","water_availability":"No water is available","restroom_availability":"Vault toilet(s)","operated_by":"US Forest Service","season_description":null,"directions":"From Riggins, Idaho travel north on Highway 95 for 1.5 miles to Forest Road 241 (Race Creek Road); Travel up Race Creek Road for 3 miles to Bean Creek Road Junction; keep right and stay on Forest Road 241 for 9 more miles to junction with Forest Road 420 (Iron Phone Junction); At Forest Road 420 junction turn left and go south for about 2 miles to Forest Road 1819 (Cold Springs Road); Travel about 9 miles on Forest Road 1819 to the trailhead.   Advisory: Many of these roads are narrow, steep and winding and are suitable for high clearance and 4x4 vehicles only.","maximum_elevation":null,"minimum_elevation":null,"season_name":null,"site_season_start_date":null,"site_season_end_date":null,"max_nbr_people":null,"passes_accepted":null,"latitude":45.501006,"longitude":-116.505544,"infra_last_update":1753975100000,"edw_last_modify":1754014037000,"globalid":"{13370C70-5228-49D9-8BF6-727D5CC639DA}"}},{"type":"Feature","geometry":{"type":"Point","coordinates":[-116.1681202,44.9475851]},"properties":{"objectid":2764937,"site_cn":"13088.003141","managing_org":"041204","site_id":"40104","site_name":"WEST FACE","site_type":"TRAILHEAD","activity_type_list":"No Data","service_type_list":"No Data","seasonal_operational_status":"OPEN","op_status_reason":null,"development_status":"EXISTING","development_scale":"3","total_capacity":245,"fee_charged":"N","fee_type":null,"recarea_name":"WEST FACE","recarea_description":"The West Face Trailhead is used primarily in the snow season as a snowmobile trailhead parking area. There is summertime use as a trailhead for hiking and mountain biking in the Bear Basin area.","information_center":null,"official_designation":null,"fee_description":"No fees are required for this site","operational_hours":"Open 24 hours/day","open_season":null,"best_season":null,"busiest_season":null,"usage_level":null,"pack_in_out":"Y","public_site_name":"West Face Trailhead","alternative_name":null,"rec1stop_url":null,"usda_portal_url":"https://www.fs.usda.gov/recarea/payette/recarea/?recid=27057","important_info":null,"rentals_and_guides":null,"passes":null,"permit_information":null,"restrictions":null,"closest_towns":"McCall, ID","water_availability":"No water is available","restroom_availability":"Vault toilet(s)","operated_by":"US Forest Service","season_description":null,"directions":"Travel 4.5 miles west from McCall on Highway 55 to the trailhead.  It is located on the eastern side of the highway.","maximum_elevation":null,"minimum_elevation":null,"season_name":null,"site_season_start_date":null,"site_season_end_date":null,"max_nbr_people":null,"passes_accepted":null,"latitude":44.947579,"longitude":-116.16810699999999,"infra_last_update":1766410708000,"edw_last_modify":1766455600000,"globalid":"{01E5D154-60CB-4AA6-9551-7704CB52D6DB}"}},{"type":"Feature","geometry":{"type":"Point","coordinates":[-114.9184129,44.1473061]},"properties":{"objectid":2765071,"site_cn":"12935010560","managing_org":"041404","site_id":"40081","site_name":"REDFISH TRAILHEAD","site_type":"TRAILHEAD","activity_type_list":"No Data","service_type_list":"No Data","seasonal_operational_status":"OPEN","op_status_reason":null,"development_status":"EXISTING","development_scale":"2","total_capacity":227.5,"fee_charged":"N","fee_type":null,"recarea_name":"Redfish Trailhead","recarea_description":"REDFISH TRAILHEAD (Trailhead)","information_center":null,"official_designation":null,"fee_description":null,"operational_hours":null,"open_season":null,"best_season":null,"busiest_season":null,"usage_level":null,"pack_in_out":"Y","public_site_name":null,"alternative_name":null,"rec1stop_url":null,"usda_portal_url":null,"important_info":null,"rentals_and_guides":null,"passes":null,"permit_information":null,"restrictions":null,"closest_towns":null,"water_availability":null,"restroom_availability":null,"operated_by":null,"season_description":null,"directions":null,"maximum_elevation":null,"minimum_elevation":" feet","season_name":null,"site_season_start_date":null,"site_season_end_date":null,"max_nbr_people":null,"passes_accepted":null,"latitude":44.1473,"longitude":-114.9184,"infra_last_update":1771858858000,"edw_last_modify":1771899186000,"globalid":"{A1DDD10D-86AB-45E5-8713-E54625BE56E1}"}},{"type":"Feature","geometry":{"type":"Point","coordinates":[-114.7772353,45.7786174]},"properties":{"objectid":2765120,"site_cn":"5079.000271","managing_org":"010304","site_id":"32001","site_name":"SPOT MOUNTAIN TRAILHEAD","site_type":"TRAILHEAD","activity_type_list":"No Data","service_type_list":"No Data","seasonal_operational_status":"OPEN","op_status_reason":null,"development_status":"EXISTING","development_scale":"3","total_capacity":0,"fee_charged":"N","fee_type":null,"recarea_name":"SPOT MOUNTAIN TRAILHEAD","recarea_description":"Spot Mountain Trailhead has parking suitable for a few cars. It accesses Trail #3 to Spot Mountain Lookout. There are no facilities.","information_center":null,"official_designation":null,"fee_description":"No fees are required for this site","operational_hours":"Open 24 hours/day","open_season":null,"best_season":null,"busiest_season":null,"usage_level":"Light","pack_in_out":"N","public_site_name":"Spot Mountain Trailhead","alternative_name":null,"rec1stop_url":null,"usda_portal_url":"https://www.fs.usda.gov/recarea/bitterroot/recarea/?recid=60762","important_info":null,"rentals_and_guides":null,"passes":null,"permit_information":null,"restrictions":null,"closest_towns":"Darby, MT","water_availability":"No drinking water is available","restroom_availability":"No restroom available","operated_by":"US Forest Service","season_description":null,"directions":"From Darby, MT travel south 4.3 miles on Highway 93, turn south (right) on the West Fork Road and proceed for approximately 14.3 miles. Turn west (right) on Forest Road 468, Nez Perce Road and travel for approximately 39 miles (Nez Perce Rd becomes Magruder Corridor.)  to the trailhead.","maximum_elevation":null,"minimum_elevation":null,"season_name":null,"site_season_start_date":null,"site_season_end_date":null,"max_nbr_people":null,"passes_accepted":null,"latitude":45.77861111,"longitude":-114.7772222,"infra_last_update":1753975074000,"edw_last_modify":1754014169000,"globalid":"{3F0FD472-1C15-4979-B9E6-8E72C2B3A5FC}"}},{"type":"Feature","geometry":{"type":"Point","coordinates":[-115.5868156,45.9122512]},"properties":{"objectid":2765283,"site_cn":"2921239010602","managing_org":"011705","site_id":"170603050402-015","site_name":"RR1831RD-001","site_type":"TRAILHEAD","activity_type_list":"No Data","service_type_list":"No Data","seasonal_operational_status":"OPEN","op_status_reason":null,"development_status":"EXISTING","development_scale":"0","total_capacity":3.5,"fee_charged":"N","fee_type":null,"recarea_name":"Rr1831rd-001","recarea_description":"RR1831RD-001 (Trailhead)","information_center":null,"official_designation":null,"fee_description":null,"operational_hours":null,"open_season":null,"best_season":null,"busiest_season":null,"usage_level":null,"pack_in_out":"Y","public_site_name":null,"alternative_name":null,"rec1stop_url":null,"usda_portal_url":null,"important_info":null,"rentals_and_guides":null,"passes":null,"permit_information":null,"restrictions":null,"closest_towns":null,"water_availability":null,"restroom_availability":null,"operated_by":null,"season_description":null,"directions":null,"maximum_elevation":null,"minimum_elevation":"5,217 feet","season_name":null,"site_season_start_date":null,"site_season_end_date":null,"max_nbr_people":null,"passes_accepted":null,"latitude":45.91224498,"longitude":-115.5868023,"infra_last_update":1771858855000,"edw_last_modify":1771899101000,"globalid":"{8BA40A8E-5720-4120-B1E7-FDA28503585A}"}},{"type":"Feature","geometry":{"type":"Point","coordinates":[-114.6544115,43.6905394]},"properties":{"objectid":2765314,"site_cn":"5573.003221","managing_org":"041403","site_id":"30003","site_name":"BAKER LAKE TRAILHEAD","site_type":"TRAILHEAD","activity_type_list":"No Data","service_type_list":"No Data","seasonal_operational_status":"OPEN","op_status_reason":null,"development_status":"EXISTING","development_scale":"3","total_capacity":70,"fee_charged":"N","fee_type":null,"recarea_name":"BAKER LAKE TRAILHEAD","recarea_description":"This trailhead accesses Baker Lake Tr. No. 138 and the Osberg Ridgeline Tr. No. 147. Baker Lake, a pristine alpine lake less than 2 miles from the trailhead, is a perfect spot for a picnic or day hike. Or, Tr. 138 continues to connect to the Prairie Cr. and Big Smoky Cr. valleys. Osberg Ridgeline Trail is open to singletrack motorized use, including e-bikes and dirt bikes, from May 1 - Aug. 29. The trailhead is located at the end of Baker Creek Rd. No. 162 and includes a vault toilet.","information_center":null,"official_designation":null,"fee_description":"No fees are required for this site","operational_hours":null,"open_season":null,"best_season":null,"busiest_season":null,"usage_level":null,"pack_in_out":"Y","public_site_name":"Baker Lake Trailhead","alternative_name":null,"rec1stop_url":null,"usda_portal_url":"https://www.fs.usda.gov/recarea/sawtooth/recreation/recarea/?recid=84501","important_info":null,"rentals_and_guides":null,"passes":null,"permit_information":null,"restrictions":null,"closest_towns":"Ketchum, ID","water_availability":"No drinking water is available","restroom_availability":"Vault toilet(s)","operated_by":"US Forest Service","season_description":null,"directions":null,"maximum_elevation":null,"minimum_elevation":null,"season_name":null,"site_season_start_date":null,"site_season_end_date":null,"max_nbr_people":null,"passes_accepted":null,"latitude":43.69053325,"longitude":-114.65439880000001,"infra_last_update":1759394020000,"edw_last_modify":1759457381000,"globalid":"{1871C1DE-A2EB-4850-8E1C-1B5A4A859884}"}},{"type":"Feature","geometry":{"type":"Point","coordinates":[-115.3094119,44.1452821]},"properties":{"objectid":2765316,"site_cn":"7421.002731","managing_org":"040205","site_id":"6566","site_name":"WARM SPRINGS TRAILHEAD (AIRSTRIP)","site_type":"TRAILHEAD","activity_type_list":"No Data","service_type_list":"No Data","seasonal_operational_status":"OPEN","op_status_reason":null,"development_status":"EXISTING","development_scale":"2","total_capacity":25,"fee_charged":"N","fee_type":null,"recarea_name":"Warm Springs Trailhead (Airstrip)","recarea_description":"WARM SPRINGS TRAILHEAD (AIRSTRIP) (Trailhead)","information_center":null,"official_designation":null,"fee_description":null,"operational_hours":null,"open_season":null,"best_season":null,"busiest_season":null,"usage_level":null,"pack_in_out":"Y","public_site_name":null,"alternative_name":null,"rec1stop_url":null,"usda_portal_url":null,"important_info":null,"rentals_and_guides":null,"passes":null,"permit_information":null,"restrictions":null,"closest_towns":null,"water_availability":null,"restroom_availability":null,"operated_by":null,"season_description":null,"directions":null,"maximum_elevation":null,"minimum_elevation":" feet","season_name":null,"site_season_start_date":null,"site_season_end_date":null,"max_nbr_people":null,"passes_accepted":null,"latitude":44.145276,"longitude":-115.309399,"infra_last_update":1771858858000,"edw_last_modify":1771898606000,"globalid":"{C4F8E20F-7E3B-4510-9288-3BA422B7339A}"}},{"type":"Feature","geometry":{"type":"Point","coordinates":[-115.5341911,44.6430201]},"properties":{"objectid":2765327,"site_cn":"6643053010602","managing_org":"040204","site_id":"6531","site_name":"LANDMARK AIRSTRIP 0U0","site_type":"TRAILHEAD","activity_type_list":"No Data","service_type_list":"No Data","seasonal_operational_status":"OPEN","op_status_reason":null,"development_status":"EXISTING","development_scale":"3","total_capacity":0,"fee_charged":"N","fee_type":null,"recarea_name":"Landmark Airstrip 0u0","recarea_description":"LANDMARK AIRSTRIP 0U0 (Trailhead)","information_center":null,"official_designation":null,"fee_description":null,"operational_hours":null,"open_season":null,"best_season":null,"busiest_season":null,"usage_level":null,"pack_in_out":"Y","public_site_name":"Landmark Airstrip 0u0","alternative_name":null,"rec1stop_url":null,"usda_portal_url":null,"important_info":null,"rentals_and_guides":null,"passes":null,"permit_information":null,"restrictions":null,"closest_towns":null,"water_availability":null,"restroom_availability":null,"operated_by":null,"season_description":null,"directions":null,"maximum_elevation":null,"minimum_elevation":" feet","season_name":null,"site_season_start_date":null,"site_season_end_date":null,"max_nbr_people":null,"passes_accepted":null,"latitude":44.643014,"longitude":-115.534178,"infra_last_update":1782842414000,"edw_last_modify":1782877521000,"globalid":"{C53C61D4-0F41-47F0-A98D-946B8F51B258}"}},{"type":"Feature","geometry":{"type":"Point","coordinates":[-115.6833131,44.5739561]},"properties":{"objectid":2765343,"site_cn":"7144.002731","managing_org":"040204","site_id":"6538","site_name":"TYNDALL/VULCAN TRAILHEAD","site_type":"TRAILHEAD","activity_type_list":"No Data","service_type_list":"No Data","seasonal_operational_status":"OPEN","op_status_reason":null,"development_status":"EXISTING","development_scale":"3","total_capacity":60,"fee_charged":"N","fee_type":null,"recarea_name":"Tyndall/Vulcan Trailhead","recarea_description":"TYNDALL/VULCAN TRAILHEAD (Trailhead)","information_center":null,"official_designation":null,"fee_description":null,"operational_hours":null,"open_season":null,"best_season":null,"busiest_season":null,"usage_level":null,"pack_in_out":"Y","public_site_name":"Tyndall/Vulcan Trailhead","alternative_name":null,"rec1stop_url":null,"usda_portal_url":null,"important_info":null,"rentals_and_guides":null,"passes":null,"permit_information":null,"restrictions":null,"closest_towns":null,"water_availability":null,"restroom_availability":"Vault at Trailhead","operated_by":null,"season_description":null,"directions":null,"maximum_elevation":null,"minimum_elevation":"7,060 feet","season_name":null,"site_season_start_date":null,"site_season_end_date":null,"max_nbr_people":null,"passes_accepted":null,"latitude":44.57395,"longitude":-115.6833,"infra_last_update":1766409703000,"edw_last_modify":1766455404000,"globalid":"{81931AA6-4679-4CB8-A42F-913A0D25296B}"}},{"type":"Feature","geometry":{"type":"Point","coordinates":[-115.841133,43.826786]},"properties":{"objectid":2765349,"site_cn":"7485.002731","managing_org":"040203","site_id":"6184","site_name":"BUENA VISTA TRAILHEAD","site_type":"TRAILHEAD","activity_type_list":"No Data","service_type_list":"No Data","seasonal_operational_status":"OPEN","op_status_reason":null,"development_status":"EXISTING","development_scale":"3","total_capacity":40,"fee_charged":"N","fee_type":null,"recarea_name":"BUENA VISTA TRAILHEAD","recarea_description":"The Buena Vista Trailhead serves Buena Vista (#262) and Charcoal Gulch (#263) trails. Located in Idaho City adjacent to the Idaho City airstrip. In the winter Charcoal Gulch and Buena Vista become cross country ski/snowshoeing trails.","information_center":null,"official_designation":null,"fee_description":"No fees are required for this site","operational_hours":"Open year round","open_season":null,"best_season":null,"busiest_season":null,"usage_level":null,"pack_in_out":"Y","public_site_name":"Buena Vista Trail","alternative_name":null,"rec1stop_url":null,"usda_portal_url":"www.fs.usda.gov/recarea/asnf/recreation/recarea/?recid=81216","important_info":null,"rentals_and_guides":null,"passes":null,"permit_information":null,"restrictions":null,"closest_towns":"Idaho City, ID","water_availability":"No water is available","restroom_availability":"Vault toilet(s)","operated_by":null,"season_description":null,"directions":"In Idaho City, head west on W Wall St toward Commercial St for about 0.3 miles","maximum_elevation":null,"minimum_elevation":null,"season_name":null,"site_season_start_date":null,"site_season_end_date":null,"max_nbr_people":null,"passes_accepted":null,"latitude":43.82678,"longitude":-115.84112,"infra_last_update":1753975084000,"edw_last_modify":1754013952000,"globalid":"{BEBFD6C0-1FB5-4A6F-993D-D1499F68CCFB}"}},{"type":"Feature","geometry":{"type":"Point","coordinates":[-115.7157812,44.8992661]},"properties":{"objectid":2765410,"site_cn":"12838.003141","managing_org":"041206","site_id":"60112","site_name":"JAKIE / TEAPOT","site_type":"TRAILHEAD","activity_type_list":"No Data","service_type_list":"No Data","seasonal_operational_status":"OPEN","op_status_reason":null,"development_status":"EXISTING","development_scale":"2","total_capacity":28,"fee_charged":"N","fee_type":null,"recarea_name":"JAKIE / TEAPOT","recarea_description":"The Jakie Creek/Teapot Trailhead is located along the South Fork of the Salmon River.  From the trailhead, you can travel on the west side of the river on the Cougar Creek Trail #098 that follows Jakie Creek for approximately 1 mile, then follows Cougar Creek to Cougar Lakes.\nImmediately on the east side of the road is Phoebe Creek, but access to Phoebe Meadow begin at the Camp Creek Trailhead just south of this trailhead.\nThis trail system does loop to the south and ties into the Camp Creek Trailhead at the Camp Creek Campground (near Reed Ranch).","information_center":null,"official_designation":null,"fee_description":null,"operational_hours":null,"open_season":null,"best_season":null,"busiest_season":null,"usage_level":null,"pack_in_out":"Y","public_site_name":"Jakie/Teapot Trailhead","alternative_name":null,"rec1stop_url":null,"usda_portal_url":"https://www.fs.usda.gov/recarea/payette/recreation/ohv/recarea/?recid=82914&actid=93","important_info":null,"rentals_and_guides":null,"passes":null,"permit_information":null,"restrictions":null,"closest_towns":"Yellow Pine, ID","water_availability":null,"restroom_availability":null,"operated_by":"US Forest Service","season_description":null,"directions":null,"maximum_elevation":null,"minimum_elevation":null,"season_name":null,"site_season_start_date":null,"site_season_end_date":null,"max_nbr_people":null,"passes_accepted":null,"latitude":44.89926,"longitude":-115.715768,"infra_last_update":1759394009000,"edw_last_modify":1759457467000,"globalid":"{6F7E046F-7E64-4CA2-96CA-6585A3896844}"}},{"type":"Feature","geometry":{"type":"Point","coordinates":[-114.7311919,46.4423637]},"properties":{"objectid":2765417,"site_cn":"210229010602","managing_org":"011755","site_id":"3611","site_name":"TOM BEALE PARK TRAILHEAD","site_type":"TRAILHEAD","activity_type_list":"No Data","service_type_list":"No Data","seasonal_operational_status":"OPEN","op_status_reason":null,"development_status":"EXISTING","development_scale":"2","total_capacity":17,"fee_charged":"N","fee_type":null,"recarea_name":"Tom Beale Park Trailhead","recarea_description":"TOM BEALE PARK TRAILHEAD (Trailhead)","information_center":null,"official_designation":null,"fee_description":null,"operational_hours":null,"open_season":null,"best_season":null,"busiest_season":null,"usage_level":null,"pack_in_out":"Y","public_site_name":null,"alternative_name":null,"rec1stop_url":null,"usda_portal_url":null,"important_info":null,"rentals_and_guides":null,"passes":null,"permit_information":null,"restrictions":null,"closest_towns":null,"water_availability":null,"restroom_availability":null,"operated_by":null,"season_description":null,"directions":null,"maximum_elevation":null,"minimum_elevation":" feet","season_name":null,"site_season_start_date":null,"site_season_end_date":null,"max_nbr_people":null,"passes_accepted":null,"latitude":46.442357380000004,"longitude":-114.73117862,"infra_last_update":1771858858000,"edw_last_modify":1771899170000,"globalid":"{40599DE0-41D1-412D-9ABA-378C272F63BC}"}},{"type":"Feature","geometry":{"type":"Point","coordinates":[-116.9003853,44.565608]},"properties":{"objectid":2765545,"site_cn":"12874.003141","managing_org":"041202","site_id":"20121","site_name":"KEITHLY SADDLE","site_type":"TRAILHEAD","activity_type_list":"No Data","service_type_list":"No Data","seasonal_operational_status":"OPEN","op_status_reason":null,"development_status":"EXISTING","development_scale":"1","total_capacity":10,"fee_charged":"N","fee_type":null,"recarea_name":"Keithly Saddle","recarea_description":"KEITHLY SADDLE (Trailhead)","information_center":null,"official_designation":null,"fee_description":null,"operational_hours":null,"open_season":null,"best_season":null,"busiest_season":null,"usage_level":null,"pack_in_out":"Y","public_site_name":null,"alternative_name":null,"rec1stop_url":null,"usda_portal_url":null,"important_info":null,"rentals_and_guides":null,"passes":null,"permit_information":null,"restrictions":null,"closest_towns":null,"water_availability":null,"restroom_availability":null,"operated_by":null,"season_description":null,"directions":null,"maximum_elevation":null,"minimum_elevation":" feet","season_name":null,"site_season_start_date":null,"site_season_end_date":null,"max_nbr_people":null,"passes_accepted":null,"latitude":44.565602000000005,"longitude":-116.900372,"infra_last_update":1771858857000,"edw_last_modify":1771899188000,"globalid":"{D81BC96F-4BE7-4584-A6D9-FCD89E6ABD72}"}},{"type":"Feature","geometry":{"type":"Point","coordinates":[-116.8631142,48.7391063]},"properties":{"objectid":2765595,"site_cn":"236482010602","managing_org":"010408","site_id":"421","site_name":"NAVIGATION TRAILHEAD","site_type":"TRAILHEAD","activity_type_list":"No Data","service_type_list":"No Data","seasonal_operational_status":"OPEN","op_status_reason":null,"development_status":"EXISTING","development_scale":"4","total_capacity":53,"fee_charged":"N","fee_type":null,"recarea_name":"Navigation Trailhead","recarea_description":"This is an excellent trail. Developed campgrounds located at the north end of Upper Priest Lake (Navigation Campground) and the south end of Upper Priest Lake (Plowboy Campground). The trail passes through valley and sidehill terrain. Along the trail there is an old trappers cabin, beaver ponds, abundant wildlife and scenic views. USGS Quad(s): Upper Priest Lake, Priest Lake NE, Caribou Creekview an elevation profile of the trail. View a more detailed map of the trail area.","information_center":null,"official_designation":null,"fee_description":"No fees are required for this site","operational_hours":"Open 24 hours/day","open_season":null,"best_season":null,"busiest_season":null,"usage_level":null,"pack_in_out":"Y","public_site_name":"Navigation Trailhead","alternative_name":null,"rec1stop_url":null,"usda_portal_url":"https://www.fs.usda.gov/recarea/ipnf/recarea/?recid=6790","important_info":null,"rentals_and_guides":null,"passes":null,"permit_information":null,"restrictions":null,"closest_towns":"Priest River, Idaho","water_availability":null,"restroom_availability":null,"operated_by":"US Forest Service","season_description":null,"directions":"1) At Nordman turn east onto Reeder Bay Road. Stay on the main road approx. 14 miles to Beaver Creek Campground. Turn right toward the campground then left uphill to the trailhead. Pull-through park available for trailers.2) North on Hwy 57, Hwy 57 turns into graveled Forest Service Rd #302 approx. 4 miles past Nordman. Travel north on Rd. #302 approx. 14 miles until it turns into Rd. #1013 at the Granite Pass junction. The road to the trailhead is on the right side, located 5.5 miles up Rd. #1013. (1 mile past the Hughes Meadows turnoff.) Stock trailer parking available.3) Trail can also be reached via Plowboy Mountain Trail #295.","maximum_elevation":null,"minimum_elevation":" feet","season_name":null,"site_season_start_date":null,"site_season_end_date":null,"max_nbr_people":null,"passes_accepted":null,"latitude":48.7391,"longitude":-116.8631,"infra_last_update":1766409767000,"edw_last_modify":1766455588000,"globalid":"{42970833-8E76-49FE-B33A-C373637117F5}"}},{"type":"Feature","geometry":{"type":"Point","coordinates":[-115.3025931,45.153693]},"properties":{"objectid":2765632,"site_cn":"12845.003141","managing_org":"041206","site_id":"60127","site_name":"BIG CREEK/SMITH CREEK","site_type":"TRAILHEAD","activity_type_list":"No Data","service_type_list":"No Data","seasonal_operational_status":"OPEN","op_status_reason":null,"development_status":"EXISTING","development_scale":"3","total_capacity":70,"fee_charged":"N","fee_type":null,"recarea_name":"BIG CREEK/SMITH CREEK","recarea_description":"This trailhead is located just past the Big Creek Station, and is a major access point for the Frank Church River of No Return Wilderness.","information_center":null,"official_designation":null,"fee_description":null,"operational_hours":null,"open_season":null,"best_season":null,"busiest_season":null,"usage_level":null,"pack_in_out":"Y","public_site_name":"Big Creek/Smith Creek Trailhead","alternative_name":null,"rec1stop_url":null,"usda_portal_url":"https://www.fs.usda.gov/recarea/payette/recarea/?recid=27023","important_info":null,"rentals_and_guides":null,"passes":null,"permit_information":null,"restrictions":null,"closest_towns":"Yellow Pine, ID","water_availability":"No drinking water is available","restroom_availability":"Vault toilet(s)","operated_by":"US Forest Service","season_description":null,"directions":null,"maximum_elevation":null,"minimum_elevation":null,"season_name":null,"site_season_start_date":null,"site_season_end_date":null,"max_nbr_people":null,"passes_accepted":null,"latitude":45.153686799999996,"longitude":-115.30257999999999,"infra_last_update":1771616064000,"edw_last_modify":1771639413000,"globalid":"{8A228E19-DE31-46B0-86A9-810F7BB38D38}"}},{"type":"Feature","geometry":{"type":"Point","coordinates":[-115.2489388,43.598282]},"properties":{"objectid":2765661,"site_cn":"10631010312","managing_org":"040201","site_id":"6104","site_name":"PINE GULCH TRAILHEAD","site_type":"TRAILHEAD","activity_type_list":"No Data","service_type_list":"No Data","seasonal_operational_status":"OPEN","op_status_reason":null,"development_status":"EXISTING","development_scale":"3","total_capacity":35,"fee_charged":"N","fee_type":null,"recarea_name":"Pine Gulch Trailhead","recarea_description":"The Pine Gulch Trailhead includes visitor information and registration box","information_center":null,"official_designation":null,"fee_description":"No fees are required for this site","operational_hours":"End of May - End of September Unless closed by snow","open_season":null,"best_season":null,"busiest_season":null,"usage_level":null,"pack_in_out":"Y","public_site_name":"Pine Gulch Trailhead","alternative_name":null,"rec1stop_url":null,"usda_portal_url":"www.fs.usda.gov/recarea/asnf/recreation/recarea/?recid=81200","important_info":null,"rentals_and_guides":null,"passes":null,"permit_information":null,"restrictions":null,"closest_towns":"Mountain Home, ID","water_availability":"No water is available","restroom_availability":"No restroom available","operated_by":"US Forest Service","season_description":null,"directions":"From Mtn Home travel north on Hwy 20 for 35 miles turn left onto Hwy 61 for 20 miles. Turn right onto wood creek road for 9 miles then turn right onto pine creek road.","maximum_elevation":null,"minimum_elevation":" feet","season_name":null,"site_season_start_date":null,"site_season_end_date":null,"max_nbr_people":null,"passes_accepted":null,"latitude":43.598276,"longitude":-115.24892600000001,"infra_last_update":1753975084000,"edw_last_modify":1754014307000,"globalid":"{D946295F-A130-43C5-B171-A85D77CA9A22}"}},{"type":"Feature","geometry":{"type":"Point","coordinates":[-115.7687372,45.0623911]},"properties":{"objectid":2765742,"site_cn":"6431210010602","managing_org":"041206","site_id":"60136","site_name":"COW CREEK","site_type":"TRAILHEAD","activity_type_list":"No Data","service_type_list":"No Data","seasonal_operational_status":"OPEN","op_status_reason":null,"development_status":"EXISTING","development_scale":"1","total_capacity":21,"fee_charged":"N","fee_type":null,"recarea_name":"Cow Creek","recarea_description":"COW CREEK (Trailhead)","information_center":null,"official_designation":null,"fee_description":null,"operational_hours":null,"open_season":null,"best_season":null,"busiest_season":null,"usage_level":null,"pack_in_out":"Y","public_site_name":null,"alternative_name":null,"rec1stop_url":null,"usda_portal_url":null,"important_info":null,"rentals_and_guides":null,"passes":null,"permit_information":null,"restrictions":null,"closest_towns":null,"water_availability":null,"restroom_availability":null,"operated_by":null,"season_description":null,"directions":null,"maximum_elevation":null,"minimum_elevation":" feet","season_name":null,"site_season_start_date":null,"site_season_end_date":null,"max_nbr_people":null,"passes_accepted":null,"latitude":45.062385,"longitude":-115.76872399999999,"infra_last_update":1771858854000,"edw_last_modify":1771898635000,"globalid":"{DB138930-56AC-48A8-96F4-31355B367911}"}},{"type":"Feature","geometry":{"type":"Point","coordinates":[-115.391522,45.7308315]},"properties":{"objectid":2765852,"site_cn":"2921049010602","managing_org":"011705","site_id":"170603050103-002A","site_name":"RR222RD-018A","site_type":"TRAILHEAD","activity_type_list":"No Data","service_type_list":"No Data","seasonal_operational_status":"OPEN","op_status_reason":null,"development_status":"EXISTING","development_scale":"0","total_capacity":3.5,"fee_charged":"N","fee_type":null,"recarea_name":"Rr222rd-018a","recarea_description":"RR222RD-018A (Trailhead)","information_center":null,"official_designation":null,"fee_description":null,"operational_hours":null,"open_season":null,"best_season":null,"busiest_season":null,"usage_level":null,"pack_in_out":"Y","public_site_name":null,"alternative_name":null,"rec1stop_url":null,"usda_portal_url":null,"important_info":null,"rentals_and_guides":null,"passes":null,"permit_information":null,"restrictions":null,"closest_towns":null,"water_availability":null,"restroom_availability":null,"operated_by":null,"season_description":null,"directions":null,"maximum_elevation":null,"minimum_elevation":"4,209 feet","season_name":null,"site_season_start_date":null,"site_season_end_date":null,"max_nbr_people":null,"passes_accepted":null,"latitude":45.73082533,"longitude":-115.39150869999999,"infra_last_update":1771858859000,"edw_last_modify":1771899105000,"globalid":"{3D4D1AF2-D90C-4165-B3D6-3D86FD5BEC46}"}},{"type":"Feature","geometry":{"type":"Point","coordinates":[-115.6812151,44.5584561]},"properties":{"objectid":2765955,"site_cn":"7429.002731","managing_org":"040204","site_id":"6352","site_name":"YELLOW JACKET TRAILHEAD","site_type":"TRAILHEAD","activity_type_list":"No Data","service_type_list":"No Data","seasonal_operational_status":"OPEN","op_status_reason":null,"development_status":"EXISTING","development_scale":"1","total_capacity":15,"fee_charged":"N","fee_type":null,"recarea_name":"Yellow Jacket Trailhead","recarea_description":"YELLOW JACKET TRAILHEAD (Trailhead)","information_center":null,"official_designation":null,"fee_description":null,"operational_hours":null,"open_season":null,"best_season":null,"busiest_season":null,"usage_level":null,"pack_in_out":"Y","public_site_name":null,"alternative_name":null,"rec1stop_url":null,"usda_portal_url":null,"important_info":null,"rentals_and_guides":null,"passes":null,"permit_information":null,"restrictions":null,"closest_towns":null,"water_availability":null,"restroom_availability":null,"operated_by":null,"season_description":null,"directions":null,"maximum_elevation":null,"minimum_elevation":" feet","season_name":null,"site_season_start_date":null,"site_season_end_date":null,"max_nbr_people":null,"passes_accepted":null,"latitude":44.55845,"longitude":-115.681202,"infra_last_update":1771858859000,"edw_last_modify":1771898605000,"globalid":"{D46019AE-9655-40F0-B872-02EFDCDCC4E2}"}},{"type":"Feature","geometry":{"type":"Point","coordinates":[-115.9291812,45.0446101]},"properties":{"objectid":2766154,"site_cn":"12814.003141","managing_org":"041206","site_id":"60101","site_name":"DUCK/HUM LAKE","site_type":"TRAILHEAD","activity_type_list":"No Data","service_type_list":"No Data","seasonal_operational_status":"OPEN","op_status_reason":null,"development_status":"EXISTING","development_scale":"3","total_capacity":35,"fee_charged":"N","fee_type":null,"recarea_name":"DUCK/HUM LAKE","recarea_description":"The Duck Lake/Hum Lake Trailhead provides access to the Twenty Mile Trail #085 and Hum Lake Trail #082 from Lick Creek Road. The hike to Duck Lake is just under 1.5 miles one way and reasoble for a wide range of ability levels. It does entrail two small stream crossings. At Duck Lake you'll find several dispersed camping sites.","information_center":null,"official_designation":null,"fee_description":null,"operational_hours":null,"open_season":null,"best_season":null,"busiest_season":null,"usage_level":null,"pack_in_out":"Y","public_site_name":"Duck/Hum Lake Trailhead","alternative_name":null,"rec1stop_url":null,"usda_portal_url":"https://www.fs.usda.gov/recarea/payette/recreation/recarea/?recid=26997","important_info":null,"rentals_and_guides":null,"passes":null,"permit_information":null,"restrictions":null,"closest_towns":"McCall, ID","water_availability":null,"restroom_availability":"Vault toilet(s)","operated_by":"US Forest Service","season_description":null,"directions":"From McCall, take Lick Creek Road approximately 18 miles. The trailhead will be on the left approximately 1.5 miles beyond Lick Creek Summit.","maximum_elevation":null,"minimum_elevation":null,"season_name":null,"site_season_start_date":null,"site_season_end_date":null,"max_nbr_people":null,"passes_accepted":null,"latitude":45.044604,"longitude":-115.929168,"infra_last_update":1759394008000,"edw_last_modify":1759457467000,"globalid":"{B2D28DB3-1D09-4954-863F-0B2E840B8CD9}"}},{"type":"Feature","geometry":{"type":"Point","coordinates":[-115.920772,44.063773]},"properties":{"objectid":2766169,"site_cn":"7466.002731","managing_org":"040206","site_id":"6579","site_name":"STATION CREEK TRAILHEAD","site_type":"TRAILHEAD","activity_type_list":"No Data","service_type_list":"No Data","seasonal_operational_status":"OPEN","op_status_reason":null,"development_status":"EXISTING","development_scale":"1","total_capacity":15,"fee_charged":"N","fee_type":null,"recarea_name":"Station Creek Trailhead","recarea_description":"STATION CREEK TRAILHEAD (Trailhead)","information_center":null,"official_designation":null,"fee_description":null,"operational_hours":null,"open_season":null,"best_season":null,"busiest_season":null,"usage_level":null,"pack_in_out":"Y","public_site_name":null,"alternative_name":null,"rec1stop_url":null,"usda_portal_url":null,"important_info":null,"rentals_and_guides":null,"passes":null,"permit_information":null,"restrictions":null,"closest_towns":null,"water_availability":null,"restroom_availability":null,"operated_by":null,"season_description":null,"directions":null,"maximum_elevation":null,"minimum_elevation":" feet","season_name":null,"site_season_start_date":null,"site_season_end_date":null,"max_nbr_people":null,"passes_accepted":null,"latitude":44.063767,"longitude":-115.92075899999999,"infra_last_update":1771858859000,"edw_last_modify":1771898605000,"globalid":"{45FFDD88-2B41-49EF-87F5-19C379FE0095}"}},{"type":"Feature","geometry":{"type":"Point","coordinates":[-116.0214921,45.4643959]},"properties":{"objectid":2766171,"site_cn":"2920677010602","managing_org":"011701","site_id":"170602090203-020","site_name":"SR9917RD-001","site_type":"TRAILHEAD","activity_type_list":"No Data","service_type_list":"No Data","seasonal_operational_status":"OPEN","op_status_reason":null,"development_status":"EXISTING","development_scale":"0","total_capacity":3.5,"fee_charged":"N","fee_type":null,"recarea_name":"Sr9917rd-001","recarea_description":"SR9917RD-001 (Trailhead)","information_center":null,"official_designation":null,"fee_description":null,"operational_hours":null,"open_season":null,"best_season":null,"busiest_season":null,"usage_level":null,"pack_in_out":"Y","public_site_name":null,"alternative_name":null,"rec1stop_url":null,"usda_portal_url":null,"important_info":null,"rentals_and_guides":null,"passes":null,"permit_information":null,"restrictions":null,"closest_towns":null,"water_availability":null,"restroom_availability":null,"operated_by":null,"season_description":null,"directions":null,"maximum_elevation":null,"minimum_elevation":"6,070 feet","season_name":null,"site_season_start_date":null,"site_season_end_date":null,"max_nbr_people":null,"passes_accepted":null,"latitude":45.46438973,"longitude":-116.0214788,"infra_last_update":1771858858000,"edw_last_modify":1771899113000,"globalid":"{754A6914-432B-476A-AC18-D12261AB0BF7}"}},{"type":"Feature","geometry":{"type":"Point","coordinates":[-115.4379929,43.566886]},"properties":{"objectid":2766190,"site_cn":"7412.002731","managing_org":"040201","site_id":"6590","site_name":"BEAR HOLE TRAILHEAD","site_type":"TRAILHEAD","activity_type_list":"No Data","service_type_list":"No Data","seasonal_operational_status":"OPEN","op_status_reason":null,"development_status":"EXISTING","development_scale":"2","total_capacity":18,"fee_charged":"N","fee_type":null,"recarea_name":"Bear Hole Trailhead","recarea_description":"BEAR HOLE TRAILHEAD (Trailhead)","information_center":null,"official_designation":null,"fee_description":null,"operational_hours":null,"open_season":null,"best_season":null,"busiest_season":null,"usage_level":null,"pack_in_out":"Y","public_site_name":null,"alternative_name":null,"rec1stop_url":null,"usda_portal_url":null,"important_info":null,"rentals_and_guides":null,"passes":null,"permit_information":null,"restrictions":null,"closest_towns":null,"water_availability":null,"restroom_availability":null,"operated_by":null,"season_description":null,"directions":null,"maximum_elevation":null,"minimum_elevation":" feet","season_name":null,"site_season_start_date":null,"site_season_end_date":null,"max_nbr_people":null,"passes_accepted":null,"latitude":43.56688,"longitude":-115.43798,"infra_last_update":1771858859000,"edw_last_modify":1771898606000,"globalid":"{A412E4EC-D986-4DDB-B189-9E39D86E313E}"}},{"type":"Feature","geometry":{"type":"Point","coordinates":[-112.3618121,42.7073062]},"properties":{"objectid":2766245,"site_cn":"13012.002861","managing_org":"041557","site_id":"6765","site_name":"CRESTLINE TRAILHEAD","site_type":"TRAILHEAD","activity_type_list":"No Data","service_type_list":"No Data","seasonal_operational_status":"OPEN","op_status_reason":null,"development_status":"EXISTING","development_scale":"1","total_capacity":28,"fee_charged":"N","fee_type":null,"recarea_name":"Crestline Trailhead","recarea_description":"CRESTLINE TRAILHEAD (Trailhead)","information_center":null,"official_designation":null,"fee_description":null,"operational_hours":null,"open_season":null,"best_season":null,"busiest_season":null,"usage_level":null,"pack_in_out":"Y","public_site_name":null,"alternative_name":null,"rec1stop_url":null,"usda_portal_url":null,"important_info":null,"rentals_and_guides":null,"passes":null,"permit_information":null,"restrictions":null,"closest_towns":null,"water_availability":null,"restroom_availability":null,"operated_by":null,"season_description":null,"directions":null,"maximum_elevation":null,"minimum_elevation":"5,840 feet","season_name":null,"site_season_start_date":null,"site_season_end_date":null,"max_nbr_people":null,"passes_accepted":null,"latitude":42.707300000000004,"longitude":-112.3618,"infra_last_update":1771858851000,"edw_last_modify":1771899186000,"globalid":"{5F4F96E8-17AC-4737-A43A-BF496CC0A311}"}},{"type":"Feature","geometry":{"type":"Point","coordinates":[-114.9928254,46.6775683]},"properties":{"objectid":2766268,"site_cn":"5781.000961","managing_org":"011705","site_id":"2075","site_name":"DRY SADDLE","site_type":"TRAILHEAD","activity_type_list":"No Data","service_type_list":"No Data","seasonal_operational_status":"OPEN","op_status_reason":null,"development_status":"EXISTING","development_scale":"3","total_capacity":53,"fee_charged":"N","fee_type":null,"recarea_name":"DRY SADDLE","recarea_description":"Dry Saddle trailhead is one of the major trailheads accessing the Frank Church-River of No Return Wilderness lying north of the Salmon River. It provides access to many high mountain lakes along Sheep Hill Trail #575. It is only a 10-mile hike to Sheep Hill Lookout. A loading ramp is provided for stock. The 250 degree view from the trailhead is spectacular!","information_center":null,"official_designation":null,"fee_description":"No fees are required for this site","operational_hours":"Open 24 hours/day","open_season":null,"best_season":null,"busiest_season":null,"usage_level":null,"pack_in_out":"Y","public_site_name":"Dry Saddle Trailhead","alternative_name":null,"rec1stop_url":null,"usda_portal_url":"https://www.fs.usda.gov/recarea/nezperceclearwater/recarea/?recid=16696","important_info":null,"rentals_and_guides":null,"passes":null,"permit_information":null,"restrictions":null,"closest_towns":"Elk City, ID","water_availability":"No drinking water is available","restroom_availability":"Vault toilet(s)","operated_by":"US Forest Service","season_description":null,"directions":"From State Highway 14, turn south onto Red River-Dixie Road #222. Follow Road #222 past Red River Ranger Station (now closed) to its junction with Nezperce Trail Road #468. Turn east onto Road #468 and follow approximately 33 miles to the trailhead.","maximum_elevation":null,"minimum_elevation":null,"season_name":null,"site_season_start_date":null,"site_season_end_date":null,"max_nbr_people":null,"passes_accepted":null,"latitude":46.677562,"longitude":-114.992812,"infra_last_update":1753975076000,"edw_last_modify":1754013996000,"globalid":"{5BDD642F-D4F3-4580-A0A4-C8A6198BD1E4}"}},{"type":"Feature","geometry":{"type":"Point","coordinates":[-113.2890715,43.7686732]},"properties":{"objectid":2766273,"site_cn":"17585010540","managing_org":"041304","site_id":"42214","site_name":"KING MOUNTAIN LAUNCH SITE","site_type":"TRAILHEAD","activity_type_list":"No Data","service_type_list":"No Data","seasonal_operational_status":"OPEN","op_status_reason":null,"development_status":"EXISTING","development_scale":"2","total_capacity":5,"fee_charged":"N","fee_type":null,"recarea_name":"KING MOUNTAIN LAUNCH SITE","recarea_description":"This area is a launch site for hangliders with picnic table and windsock at lower launch site, and a metal launch ramp at the upper launch site.","information_center":null,"official_designation":null,"fee_description":"No fees are required for this site","operational_hours":"Open 24 hours/day","open_season":null,"best_season":null,"busiest_season":null,"usage_level":null,"pack_in_out":"Y","public_site_name":"King Mountain Launch Site","alternative_name":null,"rec1stop_url":null,"usda_portal_url":"https://www.fs.usda.gov/recarea/scnf/recarea/?recid=76184","important_info":null,"rentals_and_guides":null,"passes":null,"permit_information":null,"restrictions":null,"closest_towns":"Mackay, Idaho","water_availability":"No water is available","restroom_availability":"No restroom available","operated_by":"US Forest Service","season_description":null,"directions":"From Mackay, ID take Hwy 93 south of Mackay 15 miles to the town of Moore. Turn left at the hanglider signs and follow them to the launch sites located on Beaver land Pass Road.","maximum_elevation":null,"minimum_elevation":null,"season_name":null,"site_season_start_date":null,"site_season_end_date":null,"max_nbr_people":null,"passes_accepted":null,"latitude":43.768667,"longitude":-113.289059,"infra_last_update":1753975086000,"edw_last_modify":1754014267000,"globalid":"{17806EBB-D3DF-48E9-AE7F-6CD63EDAFB9A}"}},{"type":"Feature","geometry":{"type":"Point","coordinates":[-111.7764103,44.5210824]},"properties":{"objectid":2766275,"site_cn":"6754694010602","managing_org":"041552","site_id":"0319","site_name":"EAST DRY CREEK TRAILHEAD","site_type":"TRAILHEAD","activity_type_list":"No Data","service_type_list":"No Data","seasonal_operational_status":"OPEN","op_status_reason":null,"development_status":"EXISTING","development_scale":"1","total_capacity":20,"fee_charged":"N","fee_type":null,"recarea_name":"East Dry Creek Trailhead","recarea_description":"EAST DRY CREEK TRAILHEAD (Trailhead)","information_center":null,"official_designation":null,"fee_description":null,"operational_hours":null,"open_season":null,"best_season":null,"busiest_season":null,"usage_level":null,"pack_in_out":"N","public_site_name":null,"alternative_name":null,"rec1stop_url":null,"usda_portal_url":null,"important_info":null,"rentals_and_guides":null,"passes":null,"permit_information":null,"restrictions":null,"closest_towns":null,"water_availability":null,"restroom_availability":null,"operated_by":null,"season_description":null,"directions":null,"maximum_elevation":null,"minimum_elevation":" feet","season_name":null,"site_season_start_date":null,"site_season_end_date":null,"max_nbr_people":null,"passes_accepted":null,"latitude":44.521076,"longitude":-111.776398,"infra_last_update":1771858854000,"edw_last_modify":1771898621000,"globalid":"{05144CDE-ECBA-4718-A97C-42AC1338C95D}"}},{"type":"Feature","geometry":{"type":"Point","coordinates":[-111.3140122,44.6700065]},"properties":{"objectid":2766308,"site_cn":"12310010495","managing_org":"041552","site_id":"0311","site_name":"TARGHEE CREEK TRAILHEAD","site_type":"TRAILHEAD","activity_type_list":"No Data","service_type_list":"No Data","seasonal_operational_status":"OPEN","op_status_reason":null,"development_status":"EXISTING","development_scale":"2","total_capacity":20,"fee_charged":"N","fee_type":null,"recarea_name":"TARGHEE CREEK TRAILHEAD","recarea_description":"Special attractions along the trail include five alpine lakes amid the mountains, abundant wildlife, wildflowers, and great scenic views of the mountains and valley floor. The Targhee Creek Trail is located in Grizzly Bear habitat and if camping overnight along the trail, use the bear proof storage containers provided or hang your food appropriately.","information_center":null,"official_designation":null,"fee_description":"No fees are required for this site","operational_hours":"Day use only; no overnight camping allowed","open_season":null,"best_season":null,"busiest_season":null,"usage_level":null,"pack_in_out":"Y","public_site_name":"Targhee Creek Trailhead","alternative_name":null,"rec1stop_url":null,"usda_portal_url":"https://www.fs.usda.gov/recarea/ctnf/recarea/?recid=54719","important_info":null,"rentals_and_guides":null,"passes":null,"permit_information":null,"restrictions":null,"closest_towns":"West Yellowstone, MT","water_availability":"No drinking water is available","restroom_availability":"No restroom available","operated_by":"US Forest Service","season_description":null,"directions":"Located 16 miles north of the Island Park Ranger Station and 10 miles west of West Yellowstone, MT. Travel north 15 miles on Highway 20 then turn west on Forest Road #057. This road leads directly to the Targhee Creek Trailhead.","maximum_elevation":null,"minimum_elevation":null,"season_name":null,"site_season_start_date":null,"site_season_end_date":null,"max_nbr_people":null,"passes_accepted":null,"latitude":44.67,"longitude":-111.314,"infra_last_update":1753975087000,"edw_last_modify":1754014282000,"globalid":"{E8B65ACD-9CBC-49E2-BB85-24CC82883DA2}"}},{"type":"Feature","geometry":{"type":"Point","coordinates":[-115.149013,44.4140061]},"properties":{"objectid":2766333,"site_cn":"5425.003191","managing_org":"041302","site_id":"32286","site_name":"BEAVER CREEK TRAILHEAD","site_type":"TRAILHEAD","activity_type_list":"No Data","service_type_list":"No Data","seasonal_operational_status":"OPEN","op_status_reason":null,"development_status":"EXISTING","development_scale":"2","total_capacity":35,"fee_charged":"N","fee_type":null,"recarea_name":"BEAVER CREEK TRAILHEAD","recarea_description":"Beaver Creek Trailhead provides access to Wilderness trails in the Cape Horn area.  Trail #4021 South Fork of Fall Creek is accessed from this trailhead (this trail is also referred to as Halstead Creek).","information_center":null,"official_designation":null,"fee_description":"No fees are required for this site","operational_hours":"Open 24 hours/day","open_season":null,"best_season":null,"busiest_season":null,"usage_level":null,"pack_in_out":"Y","public_site_name":"Beaver Creek Trailhead","alternative_name":null,"rec1stop_url":null,"usda_portal_url":"https://www.fs.usda.gov/recarea/scnf/recreation/recarea/?recid=76242","important_info":null,"rentals_and_guides":null,"passes":null,"permit_information":null,"restrictions":null,"closest_towns":"Stanley, Idaho","water_availability":"No water is available","restroom_availability":"No restroom available","operated_by":"US Forest Service","season_description":null,"directions":"From Stanley, ID go 19 miles NW of Stanley on highway 21, turn north onto Forest Road #203, go .5 miles and turn left on Forest Road #008 and drive 3 miles.","maximum_elevation":null,"minimum_elevation":null,"season_name":null,"site_season_start_date":null,"site_season_end_date":null,"max_nbr_people":null,"passes_accepted":null,"latitude":44.414,"longitude":-115.149,"infra_last_update":1753975086000,"edw_last_modify":1754014034000,"globalid":"{062589A8-4CBA-41AA-BE79-975D69F87981}"}},{"type":"Feature","geometry":{"type":"Point","coordinates":[-115.65889,44.080903]},"properties":{"objectid":2766389,"site_cn":"6743629010602","managing_org":"040205","site_id":"6706","site_name":"DEADWOOD RIDGE TRAILHEAD","site_type":"TRAILHEAD","activity_type_list":"No Data","service_type_list":"No Data","seasonal_operational_status":"OPEN","op_status_reason":null,"development_status":"EXISTING","development_scale":"3","total_capacity":0,"fee_charged":"N","fee_type":null,"recarea_name":"Deadwood Ridge Trailhead","recarea_description":"DEADWOOD RIDGE TRAILHEAD (Trailhead)","information_center":null,"official_designation":null,"fee_description":null,"operational_hours":null,"open_season":null,"best_season":null,"busiest_season":null,"usage_level":null,"pack_in_out":"Y","public_site_name":"Deadwood Ridge Trailhead","alternative_name":null,"rec1stop_url":null,"usda_portal_url":null,"important_info":null,"rentals_and_guides":null,"passes":null,"permit_information":null,"restrictions":null,"closest_towns":null,"water_availability":null,"restroom_availability":null,"operated_by":null,"season_description":null,"directions":null,"maximum_elevation":null,"minimum_elevation":" feet","season_name":null,"site_season_start_date":null,"site_season_end_date":null,"max_nbr_people":null,"passes_accepted":null,"latitude":44.080897,"longitude":-115.658877,"infra_last_update":1782842641000,"edw_last_modify":1782877521000,"globalid":"{CA76DA32-12CE-411C-AFFD-5BF9C708D5B5}"}},{"type":"Feature","geometry":{"type":"Point","coordinates":[-116.6670628,47.0657512]},"properties":{"objectid":2766390,"site_cn":"3515770010602","managing_org":"011752","site_id":"3213","site_name":"PALOUSE DIVIDE CROSS COUNTRY SKI TRAILHEAD","site_type":"TRAILHEAD","activity_type_list":"No Data","service_type_list":"No Data","seasonal_operational_status":"OPEN","op_status_reason":null,"development_status":"EXISTING","development_scale":"3","total_capacity":35,"fee_charged":"N","fee_type":null,"recarea_name":"PALOUSE DIVIDE CROSS COUNTRY SKI TRAILHEAD","recarea_description":"Only 42 miles north of the college town of Moscow, in north central Idaho, skiers, skate skiers and snowshoers alike will find groomed as well as backcountry trails.  Known for its beautiful landscape and spiraling evergreen trees reaching high into the sky, the 18 miles of winter trails range from easy to intermediate in skill level required, making the Palouse Divide Nordic Ski Area ideal for beginners as well as those with more experience.  A Idaho Department of Recreation Park n' Ski pass is required for parking from November 15th to April 30th.","information_center":null,"official_designation":null,"fee_description":"No fees are required for this site","operational_hours":"Open 24 hours/day","open_season":null,"best_season":null,"busiest_season":null,"usage_level":null,"pack_in_out":"N","public_site_name":"Palouse Divide Nordic Ski Area","alternative_name":null,"rec1stop_url":null,"usda_portal_url":"https://www.fs.usda.gov/recarea/nezperceclearwater/recreation/recarea/?recid=80129&actid=89","important_info":null,"rentals_and_guides":null,"passes":null,"permit_information":null,"restrictions":null,"closest_towns":"Emida, ID","water_availability":"No drinking water is available","restroom_availability":"Portable toilet(s)","operated_by":"US Forest Service","season_description":null,"directions":"From Potlatch ID travel north on Highway 6/Whitepine Drive for 22 miles.  The parking area is at the top of the Palouse Divide on FSR 377.","maximum_elevation":null,"minimum_elevation":null,"season_name":null,"site_season_start_date":null,"site_season_end_date":null,"max_nbr_people":null,"passes_accepted":null,"latitude":47.065745,"longitude":-116.667049,"infra_last_update":1753975077000,"edw_last_modify":1754014245000,"globalid":"{50D3B492-5867-4611-9A22-A7F1D5F83BE4}"}},{"type":"Feature","geometry":{"type":"Point","coordinates":[-116.0048163,45.1848361]},"properties":{"objectid":2766397,"site_cn":"6633774010602","managing_org":"041204","site_id":"40116","site_name":"FRENCH CREEK","site_type":"TRAILHEAD","activity_type_list":"No Data","service_type_list":"No Data","seasonal_operational_status":"OPEN","op_status_reason":null,"development_status":"EXISTING","development_scale":"3","total_capacity":18,"fee_charged":"N","fee_type":null,"recarea_name":"French Creek","recarea_description":"FRENCH CREEK (Trailhead)","information_center":null,"official_designation":null,"fee_description":null,"operational_hours":null,"open_season":null,"best_season":null,"busiest_season":null,"usage_level":null,"pack_in_out":"N","public_site_name":"French Creek","alternative_name":null,"rec1stop_url":null,"usda_portal_url":null,"important_info":null,"rentals_and_guides":null,"passes":null,"permit_information":null,"restrictions":null,"closest_towns":null,"water_availability":null,"restroom_availability":null,"operated_by":null,"season_description":null,"directions":null,"maximum_elevation":null,"minimum_elevation":" feet","season_name":null,"site_season_start_date":null,"site_season_end_date":null,"max_nbr_people":null,"passes_accepted":null,"latitude":45.184830000000005,"longitude":-116.00480300000001,"infra_last_update":1783344324000,"edw_last_modify":1783392557000,"globalid":"{9C994824-41B9-4155-99B6-4115EE3A76BA}"}},{"type":"Feature","geometry":{"type":"Point","coordinates":[-115.6494331,44.5832061]},"properties":{"objectid":2766488,"site_cn":"7436.002731","managing_org":"040204","site_id":"6360","site_name":"LODGEPOLE CREEK TRAILHEAD","site_type":"TRAILHEAD","activity_type_list":"No Data","service_type_list":"No Data","seasonal_operational_status":"OPEN","op_status_reason":null,"development_status":"EXISTING","development_scale":"1","total_capacity":15,"fee_charged":"N","fee_type":null,"recarea_name":"Lodgepole Creek Trailhead","recarea_description":"LODGEPOLE CREEK TRAILHEAD (Trailhead)","information_center":null,"official_designation":null,"fee_description":null,"operational_hours":null,"open_season":null,"best_season":null,"busiest_season":null,"usage_level":null,"pack_in_out":"Y","public_site_name":null,"alternative_name":null,"rec1stop_url":null,"usda_portal_url":null,"important_info":null,"rentals_and_guides":null,"passes":null,"permit_information":null,"restrictions":null,"closest_towns":null,"water_availability":null,"restroom_availability":null,"operated_by":null,"season_description":null,"directions":null,"maximum_elevation":null,"minimum_elevation":" feet","season_name":null,"site_season_start_date":null,"site_season_end_date":null,"max_nbr_people":null,"passes_accepted":null,"latitude":44.5832,"longitude":-115.64942,"infra_last_update":1771858856000,"edw_last_modify":1771898605000,"globalid":"{9CD58770-2AE3-4C8E-8A80-C7722F0C4D56}"}},{"type":"Feature","geometry":{"type":"Point","coordinates":[-115.844619,43.824117]},"properties":{"objectid":2766505,"site_cn":"6643067010602","managing_org":"040203","site_id":"06205","site_name":"IDAHO CITY AIRSTRIP U98","site_type":"TRAILHEAD","activity_type_list":"No Data","service_type_list":"No Data","seasonal_operational_status":"OPEN","op_status_reason":null,"development_status":"EXISTING","development_scale":"3","total_capacity":0,"fee_charged":"N","fee_type":null,"recarea_name":"Idaho City Airstrip U98","recarea_description":"IDAHO CITY AIRSTRIP U98 (Trailhead)","information_center":null,"official_designation":null,"fee_description":null,"operational_hours":null,"open_season":null,"best_season":null,"busiest_season":null,"usage_level":null,"pack_in_out":"N","public_site_name":"Idaho City Airstrip U98","alternative_name":null,"rec1stop_url":null,"usda_portal_url":null,"important_info":null,"rentals_and_guides":null,"passes":null,"permit_information":null,"restrictions":null,"closest_towns":null,"water_availability":null,"restroom_availability":null,"operated_by":null,"season_description":null,"directions":null,"maximum_elevation":null,"minimum_elevation":" feet","season_name":null,"site_season_start_date":null,"site_season_end_date":null,"max_nbr_people":null,"passes_accepted":null,"latitude":43.824111,"longitude":-115.844606,"infra_last_update":1782842195000,"edw_last_modify":1782877521000,"globalid":"{22C455BF-2641-48E0-98EF-1C8E375EAF5B}"}},{"type":"Feature","geometry":{"type":"Point","coordinates":[-114.5028541,45.7168883]},"properties":{"objectid":2766522,"site_cn":"5074.000271","managing_org":"010304","site_id":"31995","site_name":"NEZ PERCE PASS TRAILHEAD","site_type":"TRAILHEAD","activity_type_list":"No Data","service_type_list":"No Data","seasonal_operational_status":"OPEN","op_status_reason":null,"development_status":"EXISTING","development_scale":"3","total_capacity":32,"fee_charged":"N","fee_type":null,"recarea_name":"NEZ PERCE PASS TRAILHEAD","recarea_description":"Nez Perce Pass Trailhead has adequate parking for both cars and trailer. It offers access to trail #16, the Selway Bitterroot Wilderness and the Frank Church Wilderness. Facilities include a vault toilet and hitching rails.","information_center":null,"official_designation":null,"fee_description":"No fees are required for this site","operational_hours":"Open 24 hours/day","open_season":null,"best_season":null,"busiest_season":null,"usage_level":"Light","pack_in_out":"Y","public_site_name":"Nez Perce Pass Trailhead","alternative_name":null,"rec1stop_url":null,"usda_portal_url":"https://www.fs.usda.gov/recarea/bitterroot/recarea/?recid=60648","important_info":null,"rentals_and_guides":null,"passes":null,"permit_information":null,"restrictions":null,"closest_towns":"Darby, MT","water_availability":"No drinking water is available","restroom_availability":"Vault toilet(s)","operated_by":"US Forest Service","season_description":null,"directions":"From Darby, MT travel south 4.3 miles on Highway 93, turn south on the West Fork Road and proceed for approximately 14.3 miles. Turn west (right) on Forest Road 468, Nez Perce Road and travel for approximately 16.1 miles to the trailhead.","maximum_elevation":null,"minimum_elevation":null,"season_name":null,"site_season_start_date":null,"site_season_end_date":null,"max_nbr_people":null,"passes_accepted":null,"latitude":45.716882,"longitude":-114.50284099999999,"infra_last_update":1766410969000,"edw_last_modify":1766455535000,"globalid":"{4BA0E065-739D-4613-BB39-A4F3E46137AD}"}},{"type":"Feature","geometry":{"type":"Point","coordinates":[-114.9423448,45.6559046]},"properties":{"objectid":2766543,"site_cn":"4397873010602","managing_org":"010304","site_id":"170602070402-004","site_name":"LODGEPOLE HUMP TRAILHEAD","site_type":"TRAILHEAD","activity_type_list":"No Data","service_type_list":"No Data","seasonal_operational_status":"OPEN","op_status_reason":null,"development_status":"EXISTING","development_scale":"1","total_capacity":0,"fee_charged":"N","fee_type":null,"recarea_name":"Lodgepole Hump Trailhead","recarea_description":"LODGEPOLE HUMP TRAILHEAD (Trailhead)","information_center":null,"official_designation":null,"fee_description":null,"operational_hours":null,"open_season":null,"best_season":null,"busiest_season":null,"usage_level":null,"pack_in_out":"N","public_site_name":null,"alternative_name":null,"rec1stop_url":null,"usda_portal_url":null,"important_info":null,"rentals_and_guides":null,"passes":null,"permit_information":null,"restrictions":null,"closest_towns":null,"water_availability":null,"restroom_availability":null,"operated_by":null,"season_description":null,"directions":null,"maximum_elevation":null,"minimum_elevation":" feet","season_name":null,"site_season_start_date":null,"site_season_end_date":null,"max_nbr_people":null,"passes_accepted":null,"latitude":45.65589833,"longitude":-114.94233167,"infra_last_update":1771858854000,"edw_last_modify":1771898840000,"globalid":"{E7354FC0-31E1-4317-87D3-82BE96AB74F1}"}},{"type":"Feature","geometry":{"type":"Point","coordinates":[-114.0785356,43.8522532]},"properties":{"objectid":2766581,"site_cn":"10391010540","managing_org":"041304","site_id":"42265","site_name":"FALL CREEK TRAILHEAD","site_type":"TRAILHEAD","activity_type_list":"No Data","service_type_list":"No Data","seasonal_operational_status":"OPEN","op_status_reason":null,"development_status":"EXISTING","development_scale":"3","total_capacity":45,"fee_charged":"N","fee_type":null,"recarea_name":"FALL CREEK TRAILHEAD","recarea_description":"One accessible camping spot, with accessible toilet, located in open sagebrush. The trailhead accesses 3 trails: Waterfall accessible trail (4344), Fall Creek (4045) and Moose Lake (4068).","information_center":null,"official_designation":null,"fee_description":"No fees are required for this site","operational_hours":"Open 24 hours/day","open_season":null,"best_season":null,"busiest_season":null,"usage_level":null,"pack_in_out":"Y","public_site_name":"Fall Creek Trailhead","alternative_name":null,"rec1stop_url":null,"usda_portal_url":"https://www.fs.usda.gov/recarea/scnf/recarea/?recid=76158","important_info":null,"rentals_and_guides":null,"passes":null,"permit_information":null,"restrictions":null,"closest_towns":"Mackay, Idaho","water_availability":"No water is available","restroom_availability":"Vault toilet(s)","operated_by":"US Forest Service","season_description":null,"directions":"From Mackay, ID take US Highway 93 16 miles north of Mackay to the Trail Creek Road. Turn left on the Trail Creek Road. Follow this road 18 miles to the Copper Basin Road. Turn left on the Road #135. Follow this road 2 miles to the Wildhorse Creek Road (#136). Stay to the right on the Wildhorse Creek Road. Follow the Wildhorse Creek Road 3.5 miles to the Fall Creek Road (#503). Turn left on the Fall Creek Road and follow it to the trailhead.","maximum_elevation":null,"minimum_elevation":null,"season_name":null,"site_season_start_date":null,"site_season_end_date":null,"max_nbr_people":null,"passes_accepted":null,"latitude":43.852247000000006,"longitude":-114.078523,"infra_last_update":1753975086000,"edw_last_modify":1754014308000,"globalid":"{07EEA10B-3E63-461F-81C7-D405EC37ADAD}"}},{"type":"Feature","geometry":{"type":"Point","coordinates":[-116.5993382,48.8058273]},"properties":{"objectid":2766602,"site_cn":"5878.000331","managing_org":"010407","site_id":"4209","site_name":"UPPER TROUT CREEK","site_type":"TRAILHEAD","activity_type_list":"No Data","service_type_list":"No Data","seasonal_operational_status":"OPEN","op_status_reason":null,"development_status":"EXISTING","development_scale":"3","total_capacity":42,"fee_charged":"N","fee_type":null,"recarea_name":"UPPER TROUT CREEK","recarea_description":"UPPER TROUT CREEK","information_center":null,"official_designation":null,"fee_description":"No fees are required for this site","operational_hours":"Open 24 hours/day","open_season":null,"best_season":null,"busiest_season":null,"usage_level":null,"pack_in_out":"Y","public_site_name":"Upper Trout Creek  Trailhead","alternative_name":null,"rec1stop_url":null,"usda_portal_url":null,"important_info":null,"rentals_and_guides":null,"passes":null,"permit_information":null,"restrictions":null,"closest_towns":"Bonners Ferry, ID","water_availability":null,"restroom_availability":null,"operated_by":"US Forest Service","season_description":null,"directions":null,"maximum_elevation":null,"minimum_elevation":null,"season_name":null,"site_season_start_date":null,"site_season_end_date":null,"max_nbr_people":null,"passes_accepted":null,"latitude":48.805820999999995,"longitude":-116.599324,"infra_last_update":1766409771000,"edw_last_modify":1766455420000,"globalid":"{9F389FF1-A868-40C9-802E-E6464BEBCF12}"}},{"type":"Feature","geometry":{"type":"Point","coordinates":[-114.3274258,44.7088582]},"properties":{"objectid":2766658,"site_cn":"5071.002901","managing_org":"041302","site_id":"22285","site_name":"BLOWFLY TRAILHEAD","site_type":"TRAILHEAD","activity_type_list":"No Data","service_type_list":"No Data","seasonal_operational_status":"OPEN","op_status_reason":null,"development_status":"EXISTING","development_scale":"1","total_capacity":19,"fee_charged":"N","fee_type":null,"recarea_name":"Blowfly Trailhead","recarea_description":"BLOWFLY TRAILHEAD (Trailhead)","information_center":null,"official_designation":null,"fee_description":null,"operational_hours":null,"open_season":null,"best_season":null,"busiest_season":null,"usage_level":null,"pack_in_out":"Y","public_site_name":null,"alternative_name":null,"rec1stop_url":null,"usda_portal_url":null,"important_info":null,"rentals_and_guides":null,"passes":null,"permit_information":null,"restrictions":null,"closest_towns":null,"water_availability":null,"restroom_availability":null,"operated_by":null,"season_description":null,"directions":null,"maximum_elevation":null,"minimum_elevation":"6,560 feet","season_name":null,"site_season_start_date":null,"site_season_end_date":null,"max_nbr_people":null,"passes_accepted":null,"latitude":44.70885199999999,"longitude":-114.32741299999999,"infra_last_update":1771858857000,"edw_last_modify":1771898755000,"globalid":"{32326450-15C5-4793-9635-779E79ADAB22}"}},{"type":"Feature","geometry":{"type":"Point","coordinates":[-115.6486831,44.5114761]},"properties":{"objectid":2766707,"site_cn":"7434.002731","managing_org":"040204","site_id":"6344","site_name":"RICE LAKE TRAILHEAD","site_type":"TRAILHEAD","activity_type_list":"No Data","service_type_list":"No Data","seasonal_operational_status":"OPEN","op_status_reason":null,"development_status":"EXISTING","development_scale":"1","total_capacity":15,"fee_charged":"N","fee_type":null,"recarea_name":"Rice Lake Trailhead","recarea_description":"RICE LAKE TRAILHEAD (Trailhead)","information_center":null,"official_designation":null,"fee_description":null,"operational_hours":null,"open_season":null,"best_season":null,"busiest_season":null,"usage_level":null,"pack_in_out":"Y","public_site_name":"Rice Lake Trailhead","alternative_name":null,"rec1stop_url":null,"usda_portal_url":null,"important_info":null,"rentals_and_guides":null,"passes":null,"permit_information":null,"restrictions":null,"closest_towns":null,"water_availability":null,"restroom_availability":null,"operated_by":null,"season_description":null,"directions":null,"maximum_elevation":null,"minimum_elevation":" feet","season_name":null,"site_season_start_date":null,"site_season_end_date":null,"max_nbr_people":null,"passes_accepted":null,"latitude":44.51147,"longitude":-115.64867,"infra_last_update":1744209514000,"edw_last_modify":1744252397000,"globalid":"{9D893828-A410-4961-ABE1-FA52F71A7FDF}"}},{"type":"Feature","geometry":{"type":"Point","coordinates":[-116.0715412,48.4468998]},"properties":{"objectid":2766744,"site_cn":"4257417010602","managing_org":"011404","site_id":"170101011703-4002","site_name":"ROBERTS MOUNTAIN TH 407","site_type":"TRAILHEAD","activity_type_list":"No Data","service_type_list":"No Data","seasonal_operational_status":"OPEN","op_status_reason":null,"development_status":"EXISTING","development_scale":"1","total_capacity":3.5,"fee_charged":"N","fee_type":null,"recarea_name":"Roberts Mountain Th 407","recarea_description":"ROBERTS MOUNTAIN TH 407 (Trailhead)","information_center":null,"official_designation":null,"fee_description":null,"operational_hours":null,"open_season":null,"best_season":null,"busiest_season":null,"usage_level":null,"pack_in_out":"Y","public_site_name":null,"alternative_name":null,"rec1stop_url":null,"usda_portal_url":null,"important_info":null,"rentals_and_guides":null,"passes":null,"permit_information":null,"restrictions":null,"closest_towns":null,"water_availability":null,"restroom_availability":null,"operated_by":null,"season_description":null,"directions":null,"maximum_elevation":null,"minimum_elevation":"3,445 feet","season_name":null,"site_season_start_date":null,"site_season_end_date":null,"max_nbr_people":null,"passes_accepted":null,"latitude":48.446893460000005,"longitude":-116.0715272,"infra_last_update":1771858853000,"edw_last_modify":1771898901000,"globalid":"{8449D876-75F3-43B8-8515-2D2ECB814960}"}},{"type":"Feature","geometry":{"type":"Point","coordinates":[-116.1010817,48.415749]},"properties":{"objectid":2766745,"site_cn":"4257409010602","managing_org":"011404","site_id":"170101011702-4002","site_name":"SMITH MOUNTAIN TH 155","site_type":"TRAILHEAD","activity_type_list":"No Data","service_type_list":"No Data","seasonal_operational_status":"OPEN","op_status_reason":null,"development_status":"EXISTING","development_scale":"1","total_capacity":3.5,"fee_charged":"N","fee_type":null,"recarea_name":"Smith Mountain Th 155","recarea_description":"SMITH MOUNTAIN TH 155 (Trailhead)","information_center":null,"official_designation":null,"fee_description":null,"operational_hours":null,"open_season":null,"best_season":null,"busiest_season":null,"usage_level":null,"pack_in_out":"Y","public_site_name":null,"alternative_name":null,"rec1stop_url":null,"usda_portal_url":null,"important_info":null,"rentals_and_guides":null,"passes":null,"permit_information":null,"restrictions":null,"closest_towns":null,"water_availability":null,"restroom_availability":null,"operated_by":null,"season_description":null,"directions":null,"maximum_elevation":null,"minimum_elevation":"6,217 feet","season_name":null,"site_season_start_date":null,"site_season_end_date":null,"max_nbr_people":null,"passes_accepted":null,"latitude":48.41574265,"longitude":-116.1010677,"infra_last_update":1771858858000,"edw_last_modify":1771898902000,"globalid":"{7A0E20BF-A741-44B9-BEFE-89FC11EAA2B8}"}},{"type":"Feature","geometry":{"type":"Point","coordinates":[-116.1814106,46.7447572]},"properties":{"objectid":2766776,"site_cn":"5200.000411","managing_org":"011752","site_id":"2791","site_name":"ELK CREEK FALLS","site_type":"TRAILHEAD","activity_type_list":"No Data","service_type_list":"No Data","seasonal_operational_status":"OPEN","op_status_reason":null,"development_status":"EXISTING","development_scale":"3","total_capacity":105,"fee_charged":"N","fee_type":null,"recarea_name":"Elk Creek Falls","recarea_description":"Just 50 miles east of Moscow, Idaho, visitors will find The Elk Creek Falls Recreation Area, home to the Elk Creek Falls National Recreation Trail, with one of the most scenic waterfalls in the state of Idaho. Three separate waterfalls totaling over 140 feet carve a beautiful canyon filled with mesmerizing columnar basaltic formations... with amenities such as restrooms, picnic tables, pedestal grills and trailhead information all accessible by a developed Forest Service trail... Elk Creek Falls awaits you!","information_center":null,"official_designation":null,"fee_description":"No fees are required for this site","operational_hours":"Day use only; no overnight camping allowed","open_season":null,"best_season":null,"busiest_season":null,"usage_level":null,"pack_in_out":"Y","public_site_name":"Elk Creek Falls Trailhead","alternative_name":null,"rec1stop_url":"https://www.recreation.gov/camping/campgrounds/273868","usda_portal_url":"https://www.fs.usda.gov/recarea/nezperceclearwater/recreation/recarea/?recid=80110&actid=50","important_info":null,"rentals_and_guides":null,"passes":null,"permit_information":null,"restrictions":null,"closest_towns":"Elk River, ID","water_availability":"No drinking water is available","restroom_availability":"Vault toilet(s)","operated_by":"US Forest Service","season_description":null,"directions":"From Moscow, Idaho, travel east on Hwy. 8, passing through Troy, Deary and Bovill.  Approximately 11 miles past the town of Bovill will be signs for Elk Creek Falls Recreation Area.  Turn right on FS Road 1452 (gravel road), in a couple of miles road leads to the recreation area parking lot.","maximum_elevation":null,"minimum_elevation":" feet","season_name":null,"site_season_start_date":null,"site_season_end_date":null,"max_nbr_people":null,"passes_accepted":null,"latitude":46.744751,"longitude":-116.18139699999999,"infra_last_update":1753975076000,"edw_last_modify":1754014103000,"globalid":"{75D326EE-B1C3-450D-B0C2-D4EDF257C90F}"}},{"type":"Feature","geometry":{"type":"Point","coordinates":[-115.4379799,43.627409]},"properties":{"objectid":2766838,"site_cn":"7408.002731","managing_org":"040201","site_id":"6586","site_name":"UPPER ROARING RIVER TRAILHEAD","site_type":"TRAILHEAD","activity_type_list":"No Data","service_type_list":"No Data","seasonal_operational_status":"OPEN","op_status_reason":null,"development_status":"EXISTING","development_scale":"2","total_capacity":21,"fee_charged":"N","fee_type":null,"recarea_name":"Upper Roaring River Trailhead","recarea_description":"UPPER ROARING RIVER TRAILHEAD (Trailhead)","information_center":null,"official_designation":null,"fee_description":null,"operational_hours":null,"open_season":null,"best_season":null,"busiest_season":null,"usage_level":null,"pack_in_out":"Y","public_site_name":"Upper Roaring River Trailhead","alternative_name":null,"rec1stop_url":null,"usda_portal_url":null,"important_info":null,"rentals_and_guides":null,"passes":null,"permit_information":null,"restrictions":null,"closest_towns":null,"water_availability":null,"restroom_availability":null,"operated_by":null,"season_description":null,"directions":null,"maximum_elevation":null,"minimum_elevation":" feet","season_name":null,"site_season_start_date":null,"site_season_end_date":null,"max_nbr_people":null,"passes_accepted":null,"latitude":43.627403,"longitude":-115.437967,"infra_last_update":1744209514000,"edw_last_modify":1744252397000,"globalid":"{DAA9B367-49DF-4F11-877C-4B212194828C}"}},{"type":"Feature","geometry":{"type":"Point","coordinates":[-115.4609461,44.8906481]},"properties":{"objectid":2766878,"site_cn":"7156.002731","managing_org":"040204","site_id":"6550","site_name":"HENNESSEY MEADOWS/RIORDAN TRAILHEAD","site_type":"TRAILHEAD","activity_type_list":"No Data","service_type_list":"No Data","seasonal_operational_status":"OPEN","op_status_reason":null,"development_status":"EXISTING","development_scale":"1","total_capacity":25,"fee_charged":"N","fee_type":null,"recarea_name":"Hennessey Meadows/Riordan Trailhead","recarea_description":"HENNESSEY MEADOWS/RIORDAN TRAILHEAD (Trailhead)","information_center":null,"official_designation":null,"fee_description":null,"operational_hours":null,"open_season":null,"best_season":null,"busiest_season":null,"usage_level":null,"pack_in_out":"Y","public_site_name":null,"alternative_name":null,"rec1stop_url":null,"usda_portal_url":null,"important_info":null,"rentals_and_guides":null,"passes":null,"permit_information":null,"restrictions":null,"closest_towns":null,"water_availability":null,"restroom_availability":null,"operated_by":null,"season_description":null,"directions":null,"maximum_elevation":null,"minimum_elevation":" feet","season_name":null,"site_season_start_date":null,"site_season_end_date":null,"max_nbr_people":null,"passes_accepted":null,"latitude":44.890642,"longitude":-115.460933,"infra_last_update":1771858859000,"edw_last_modify":1771898610000,"globalid":"{8C5D914D-1BA6-49EE-83AC-7F0994C2D3DE}"}},{"type":"Feature","geometry":{"type":"Point","coordinates":[-115.628912,43.962675]},"properties":{"objectid":2766879,"site_cn":"7486.002731","managing_org":"040203","site_id":"6187","site_name":"WHOOP-UM-UP TRAILHEAD","site_type":"TRAILHEAD","activity_type_list":"No Data","service_type_list":"No Data","seasonal_operational_status":"OPEN","op_status_reason":null,"development_status":"EXISTING","development_scale":"4","total_capacity":98,"fee_charged":"Y","fee_type":null,"recarea_name":"Whoop-Um-Up Trailhead","recarea_description":"WHOOP-UM-UP TRAILHEAD (Trailhead)","information_center":null,"official_designation":null,"fee_description":null,"operational_hours":null,"open_season":null,"best_season":null,"busiest_season":null,"usage_level":null,"pack_in_out":"N","public_site_name":"Whoop-Um-Up Trailhead","alternative_name":null,"rec1stop_url":null,"usda_portal_url":null,"important_info":null,"rentals_and_guides":null,"passes":null,"permit_information":null,"restrictions":null,"closest_towns":null,"water_availability":"no","restroom_availability":"vault toilet","operated_by":null,"season_description":null,"directions":null,"maximum_elevation":null,"minimum_elevation":" feet","season_name":null,"site_season_start_date":null,"site_season_end_date":null,"max_nbr_people":null,"passes_accepted":null,"latitude":43.962669000000005,"longitude":-115.628899,"infra_last_update":1744209514000,"edw_last_modify":1744252396000,"globalid":"{8F45A6A7-A465-4FC4-96B9-918E2B359C7C}"}},{"type":"Feature","geometry":{"type":"Point","coordinates":[-115.8375651,44.6581781]},"properties":{"objectid":2767085,"site_cn":"7432.002731","managing_org":"040204","site_id":"6342","site_name":"SOUTH FORK GOLD FORK TRAILHEAD","site_type":"TRAILHEAD","activity_type_list":"No Data","service_type_list":"No Data","seasonal_operational_status":"OPEN","op_status_reason":null,"development_status":"EXISTING","development_scale":"1","total_capacity":15,"fee_charged":"N","fee_type":null,"recarea_name":"South Fork Gold Fork Trailhead","recarea_description":"SOUTH FORK GOLD FORK TRAILHEAD (Trailhead)","information_center":null,"official_designation":null,"fee_description":null,"operational_hours":null,"open_season":null,"best_season":null,"busiest_season":null,"usage_level":null,"pack_in_out":"Y","public_site_name":null,"alternative_name":null,"rec1stop_url":null,"usda_portal_url":null,"important_info":null,"rentals_and_guides":null,"passes":null,"permit_information":null,"restrictions":null,"closest_towns":null,"water_availability":null,"restroom_availability":null,"operated_by":null,"season_description":null,"directions":null,"maximum_elevation":null,"minimum_elevation":" feet","season_name":null,"site_season_start_date":null,"site_season_end_date":null,"max_nbr_people":null,"passes_accepted":null,"latitude":44.658172,"longitude":-115.837552,"infra_last_update":1771858859000,"edw_last_modify":1771898605000,"globalid":"{E3C8B7C0-84FA-4A01-ADC7-5490C4865576}"}},{"type":"Feature","geometry":{"type":"Point","coordinates":[-115.3138033,46.0572322]},"properties":{"objectid":2767129,"site_cn":"260394010602","managing_org":"011706","site_id":"2072","site_name":"GEDNEY","site_type":"TRAILHEAD","activity_type_list":"No Data","service_type_list":"No Data","seasonal_operational_status":"OPEN","op_status_reason":null,"development_status":"EXISTING","development_scale":"2","total_capacity":5,"fee_charged":"N","fee_type":null,"recarea_name":"Gedney","recarea_description":"GEDNEY (Trailhead)","information_center":null,"official_designation":null,"fee_description":null,"operational_hours":null,"open_season":null,"best_season":null,"busiest_season":null,"usage_level":null,"pack_in_out":"Y","public_site_name":null,"alternative_name":null,"rec1stop_url":null,"usda_portal_url":null,"important_info":null,"rentals_and_guides":null,"passes":null,"permit_information":null,"restrictions":null,"closest_towns":null,"water_availability":null,"restroom_availability":null,"operated_by":null,"season_description":null,"directions":null,"maximum_elevation":null,"minimum_elevation":" feet","season_name":null,"site_season_start_date":null,"site_season_end_date":null,"max_nbr_people":null,"passes_accepted":null,"latitude":46.057226,"longitude":-115.31379,"infra_last_update":1771858852000,"edw_last_modify":1771899163000,"globalid":"{2EA6AA36-D8B6-46D8-8354-56F5D38ADB74}"}},{"type":"Feature","geometry":{"type":"Point","coordinates":[-116.4514675,45.3926134]},"properties":{"objectid":2767184,"site_cn":"2920937010602","managing_org":"011701","site_id":"170602100504-001","site_name":"SR517RD-002","site_type":"TRAILHEAD","activity_type_list":"No Data","service_type_list":"No Data","seasonal_operational_status":"OPEN","op_status_reason":null,"development_status":"EXISTING","development_scale":"1","total_capacity":3.5,"fee_charged":"N","fee_type":null,"recarea_name":"Sr517rd-002","recarea_description":"SR517RD-002 (Trailhead)","information_center":null,"official_designation":null,"fee_description":null,"operational_hours":null,"open_season":null,"best_season":null,"busiest_season":null,"usage_level":null,"pack_in_out":"Y","public_site_name":null,"alternative_name":null,"rec1stop_url":null,"usda_portal_url":null,"important_info":null,"rentals_and_guides":null,"passes":null,"permit_information":null,"restrictions":null,"closest_towns":null,"water_availability":null,"restroom_availability":null,"operated_by":null,"season_description":null,"directions":null,"maximum_elevation":null,"minimum_elevation":"6,135 feet","season_name":null,"site_season_start_date":null,"site_season_end_date":null,"max_nbr_people":null,"passes_accepted":null,"latitude":45.39260735,"longitude":-116.4514541,"infra_last_update":1771858858000,"edw_last_modify":1771899107000,"globalid":"{7D52199A-BCEC-4902-A44A-C0A1C904AB1A}"}},{"type":"Feature","geometry":{"type":"Point","coordinates":[-115.7242075,46.008284]},"properties":{"objectid":2767218,"site_cn":"3893795010602","managing_org":"011706","site_id":"170603040102-045","site_name":"KAY-TRAPPER","site_type":"TRAILHEAD","activity_type_list":"HIKING | TRAILHEAD/SNOWPARK ACTIVITIES","service_type_list":"No Data","seasonal_operational_status":"OPEN","op_status_reason":null,"development_status":"EXISTING","development_scale":"0","total_capacity":3.5,"fee_charged":"N","fee_type":null,"recarea_name":"Kay-Trapper","recarea_description":"An unimproved trailhead providing access to Kay-Trapper Trail #147, and Kay Creek Trail #151.","information_center":null,"official_designation":null,"fee_description":null,"operational_hours":null,"open_season":null,"best_season":null,"busiest_season":null,"usage_level":null,"pack_in_out":"Y","public_site_name":"Kay-Trapper Trailhead","alternative_name":null,"rec1stop_url":null,"usda_portal_url":null,"important_info":"Forest Service Road 9705 is not suitable for full-sized vehicles.","rentals_and_guides":null,"passes":null,"permit_information":null,"restrictions":null,"closest_towns":null,"water_availability":null,"restroom_availability":null,"operated_by":null,"season_description":null,"directions":null,"maximum_elevation":null,"minimum_elevation":"4,255 feet","season_name":null,"site_season_start_date":null,"site_season_end_date":null,"max_nbr_people":null,"passes_accepted":null,"latitude":46.00827779,"longitude":-115.72419411000001,"infra_last_update":1759394069000,"edw_last_modify":1759457453000,"globalid":"{89DDB6DF-444A-4CB2-9C9E-F0FF338FBEF7}"}},{"type":"Feature","geometry":{"type":"Point","coordinates":[-115.0800129,44.4010061]},"properties":{"objectid":2767286,"site_cn":"5428.003191","managing_org":"041302","site_id":"32281","site_name":"ASHER KNAPP TRAILHEAD","site_type":"TRAILHEAD","activity_type_list":"No Data","service_type_list":"No Data","seasonal_operational_status":"OPEN","op_status_reason":null,"development_status":"EXISTING","development_scale":"2","total_capacity":35,"fee_charged":"N","fee_type":null,"recarea_name":"Asher Knapp Transfer Camp","recarea_description":"ASHER KNAPP TRANSFER CAMP (Trailhead)","information_center":null,"official_designation":null,"fee_description":null,"operational_hours":null,"open_season":null,"best_season":null,"busiest_season":null,"usage_level":null,"pack_in_out":"Y","public_site_name":"Asher Knapp Transfer Camp","alternative_name":null,"rec1stop_url":null,"usda_portal_url":null,"important_info":null,"rentals_and_guides":null,"passes":null,"permit_information":null,"restrictions":null,"closest_towns":null,"water_availability":null,"restroom_availability":null,"operated_by":null,"season_description":null,"directions":null,"maximum_elevation":null,"minimum_elevation":null,"season_name":null,"site_season_start_date":null,"site_season_end_date":null,"max_nbr_people":null,"passes_accepted":null,"latitude":44.401,"longitude":-115.08,"infra_last_update":1744209511000,"edw_last_modify":1744252442000,"globalid":"{6C1C3F4E-A910-4736-8A0F-BAB9A25CAE24}"}},{"type":"Feature","geometry":{"type":"Point","coordinates":[-115.4650809,43.9502411]},"properties":{"objectid":2767725,"site_cn":"45292010602","managing_org":"040203","site_id":"6196","site_name":"LOWER BEAR SUMMIT TRAILHEAD","site_type":"TRAILHEAD","activity_type_list":"No Data","service_type_list":"No Data","seasonal_operational_status":"OPEN","op_status_reason":null,"development_status":"EXISTING","development_scale":"2","total_capacity":35,"fee_charged":"N","fee_type":null,"recarea_name":"Lower Bear Summit Trailhead","recarea_description":"LOWER BEAR SUMMIT TRAILHEAD (Trailhead)","information_center":null,"official_designation":null,"fee_description":"No fees are required for this site","operational_hours":null,"open_season":null,"best_season":null,"busiest_season":null,"usage_level":null,"pack_in_out":"Y","public_site_name":"Lower Bear Summit Trailhead","alternative_name":null,"rec1stop_url":null,"usda_portal_url":null,"important_info":null,"rentals_and_guides":null,"passes":null,"permit_information":null,"restrictions":null,"closest_towns":null,"water_availability":null,"restroom_availability":null,"operated_by":null,"season_description":null,"directions":null,"maximum_elevation":null,"minimum_elevation":" feet","season_name":null,"site_season_start_date":null,"site_season_end_date":null,"max_nbr_people":null,"passes_accepted":null,"latitude":43.950235,"longitude":-115.465068,"infra_last_update":1753975084000,"edw_last_modify":1754014234000,"globalid":"{A9BB1837-F43C-4868-BEBE-3539B59685EA}"}},{"type":"Feature","geometry":{"type":"Point","coordinates":[-116.1370236,48.4705161]},"properties":{"objectid":2767731,"site_cn":"4257425010602","managing_org":"011404","site_id":"170101011703-4006","site_name":"NORTH CALLAHAN TIMBER TH 548","site_type":"TRAILHEAD","activity_type_list":"No Data","service_type_list":"No Data","seasonal_operational_status":"OPEN","op_status_reason":null,"development_status":"EXISTING","development_scale":"1","total_capacity":3.5,"fee_charged":"N","fee_type":null,"recarea_name":"North Callahan Timber Th 548","recarea_description":"NORTH CALLAHAN TIMBER TH 548 (Trailhead)","information_center":null,"official_designation":null,"fee_description":null,"operational_hours":null,"open_season":null,"best_season":null,"busiest_season":null,"usage_level":null,"pack_in_out":"Y","public_site_name":null,"alternative_name":null,"rec1stop_url":null,"usda_portal_url":null,"important_info":null,"rentals_and_guides":null,"passes":null,"permit_information":null,"restrictions":null,"closest_towns":null,"water_availability":null,"restroom_availability":null,"operated_by":null,"season_description":null,"directions":null,"maximum_elevation":null,"minimum_elevation":"3,789 feet","season_name":null,"site_season_start_date":null,"site_season_end_date":null,"max_nbr_people":null,"passes_accepted":null,"latitude":48.47050971,"longitude":-116.1370096,"infra_last_update":1771858857000,"edw_last_modify":1771898901000,"globalid":"{6F7E428C-62AC-401B-87CC-5686F2FD24C7}"}},{"type":"Feature","geometry":{"type":"Point","coordinates":[-111.23477,43.5745894]},"properties":{"objectid":2767787,"site_cn":"6759441010602","managing_org":"041556","site_id":"0528","site_name":"LITTLE PINE/SPOOKY","site_type":"TRAILHEAD","activity_type_list":"No Data","service_type_list":"No Data","seasonal_operational_status":"OPEN","op_status_reason":null,"development_status":"EXISTING","development_scale":"0","total_capacity":15,"fee_charged":"N","fee_type":null,"recarea_name":"Little Pine/Spooky","recarea_description":"LITTLE PINE/SPOOKY (Trailhead)","information_center":null,"official_designation":null,"fee_description":null,"operational_hours":null,"open_season":null,"best_season":null,"busiest_season":null,"usage_level":null,"pack_in_out":"N","public_site_name":null,"alternative_name":null,"rec1stop_url":null,"usda_portal_url":null,"important_info":null,"rentals_and_guides":null,"passes":null,"permit_information":null,"restrictions":null,"closest_towns":null,"water_availability":null,"restroom_availability":null,"operated_by":null,"season_description":null,"directions":null,"maximum_elevation":null,"minimum_elevation":" feet","season_name":null,"site_season_start_date":null,"site_season_end_date":null,"max_nbr_people":null,"passes_accepted":null,"latitude":43.574583,"longitude":-111.234758,"infra_last_update":1771858858000,"edw_last_modify":1771898621000,"globalid":"{C19EF1D8-95CE-4812-8ACA-F1470C478653}"}},{"type":"Feature","geometry":{"type":"Point","coordinates":[-115.4248031,44.7294661]},"properties":{"objectid":2767832,"site_cn":"7163.002731","managing_org":"040204","site_id":"6556","site_name":"PISTOL LAKE TRAILHEAD","site_type":"TRAILHEAD","activity_type_list":"No Data","service_type_list":"No Data","seasonal_operational_status":"OPEN","op_status_reason":null,"development_status":"EXISTING","development_scale":"1","total_capacity":15,"fee_charged":"N","fee_type":null,"recarea_name":"Pistol Lake Trailhead","recarea_description":"PISTOL LAKE TRAILHEAD (Trailhead)","information_center":null,"official_designation":null,"fee_description":null,"operational_hours":null,"open_season":null,"best_season":null,"busiest_season":null,"usage_level":null,"pack_in_out":"Y","public_site_name":"Pistol Lake Trailhead","alternative_name":null,"rec1stop_url":null,"usda_portal_url":null,"important_info":null,"rentals_and_guides":null,"passes":null,"permit_information":null,"restrictions":null,"closest_towns":null,"water_availability":null,"restroom_availability":null,"operated_by":null,"season_description":null,"directions":null,"maximum_elevation":null,"minimum_elevation":" feet","season_name":null,"site_season_start_date":null,"site_season_end_date":null,"max_nbr_people":null,"passes_accepted":null,"latitude":44.729459999999996,"longitude":-115.42479,"infra_last_update":1744209513000,"edw_last_modify":1744252398000,"globalid":"{C3E0246F-04D4-4ECF-B4FB-F38BBD42C7AE}"}},{"type":"Feature","geometry":{"type":"Point","coordinates":[-116.105357,48.2459456]},"properties":{"objectid":2767850,"site_cn":"4258593010602","managing_org":"010407","site_id":"170102131204-011","site_name":"1184/563 TRAILHEAD","site_type":"TRAILHEAD","activity_type_list":"No Data","service_type_list":"No Data","seasonal_operational_status":"OPEN","op_status_reason":null,"development_status":"EXISTING","development_scale":"2","total_capacity":3.5,"fee_charged":"N","fee_type":null,"recarea_name":"1184/563 Trailhead","recarea_description":"1184/563 TRAILHEAD (Trailhead)","information_center":null,"official_designation":null,"fee_description":null,"operational_hours":null,"open_season":null,"best_season":null,"busiest_season":null,"usage_level":null,"pack_in_out":"Y","public_site_name":null,"alternative_name":null,"rec1stop_url":null,"usda_portal_url":null,"important_info":null,"rentals_and_guides":null,"passes":null,"permit_information":null,"restrictions":null,"closest_towns":null,"water_availability":null,"restroom_availability":null,"operated_by":null,"season_description":null,"directions":null,"maximum_elevation":null,"minimum_elevation":"2,730 feet","season_name":null,"site_season_start_date":null,"site_season_end_date":null,"max_nbr_people":null,"passes_accepted":null,"latitude":48.24593925,"longitude":-116.1053431,"infra_last_update":1771858855000,"edw_last_modify":1771898885000,"globalid":"{E1CA17A7-A5BC-41DD-891E-6570BE5D0DD4}"}},{"type":"Feature","geometry":{"type":"Point","coordinates":[-112.3965121,42.7602062]},"properties":{"objectid":2767910,"site_cn":"12272010495","managing_org":"041557","site_id":"36440","site_name":"KINNEY CREEK","site_type":"TRAILHEAD","activity_type_list":"No Data","service_type_list":"No Data","seasonal_operational_status":"OPEN","op_status_reason":null,"development_status":"EXISTING","development_scale":"1","total_capacity":38,"fee_charged":"N","fee_type":null,"recarea_name":"Kinney Creek","recarea_description":"KINNEY CREEK (Trailhead)","information_center":null,"official_designation":null,"fee_description":null,"operational_hours":null,"open_season":null,"best_season":null,"busiest_season":null,"usage_level":null,"pack_in_out":"Y","public_site_name":"Kinney Creek","alternative_name":null,"rec1stop_url":null,"usda_portal_url":null,"important_info":null,"rentals_and_guides":null,"passes":null,"permit_information":null,"restrictions":null,"closest_towns":null,"water_availability":null,"restroom_availability":null,"operated_by":null,"season_description":null,"directions":null,"maximum_elevation":null,"minimum_elevation":"4,920 feet","season_name":null,"site_season_start_date":null,"site_season_end_date":null,"max_nbr_people":null,"passes_accepted":null,"latitude":42.7602,"longitude":-112.3965,"infra_last_update":1744209519000,"edw_last_modify":1744252611000,"globalid":"{E9BE0EA8-E691-4D3E-81E5-C18DF65D901E}"}},{"type":"Feature","geometry":{"type":"Point","coordinates":[-116.6777998,47.0106182]},"properties":{"objectid":2768038,"site_cn":"3515769010602","managing_org":"011752","site_id":"219101","site_name":"GIANT WHITE PINE TRAILHEAD","site_type":"TRAILHEAD","activity_type_list":"No Data","service_type_list":"No Data","seasonal_operational_status":"OPEN","op_status_reason":null,"development_status":"EXISTING","development_scale":"3","total_capacity":35,"fee_charged":"N","fee_type":null,"recarea_name":"Giant White Pine Trailhead","recarea_description":"Take the opportunity to travel the lovely White Pine Scenic Byway, Idaho 6, north from the quaint town of Harvard, Idaho for just over 7 miles to visit this special site. Named after an enormous, 600 year old white pine that has since been cut down due to disease (but still resides in the site!).  The trailhead offers restrooms, picnic tables and access to many mile of motorized single track trail , including the National Recreation Trail 224A, the East Fork Meadows Creek Trail.","information_center":null,"official_designation":null,"fee_description":"No fees are required for this site","operational_hours":"Day use only; no overnight camping allowed","open_season":null,"best_season":null,"busiest_season":null,"usage_level":null,"pack_in_out":"Y","public_site_name":"Giant White Pine Trailhead","alternative_name":null,"rec1stop_url":null,"usda_portal_url":"https://www.fs.usda.gov/recarea/nezperceclearwater/recarea/?recid=80085","important_info":null,"rentals_and_guides":null,"passes":null,"permit_information":null,"restrictions":null,"closest_towns":"Potlatch, ID","water_availability":"Yes, drinking water is available from a hand pump","restroom_availability":"Vault toilet(s)","operated_by":"US Forest Service","season_description":null,"directions":"Travel north on Highway 6/Whitepine Drive, 7.7 miles from Harvard, Idaho.","maximum_elevation":null,"minimum_elevation":" feet","season_name":null,"site_season_start_date":null,"site_season_end_date":null,"max_nbr_people":null,"passes_accepted":null,"latitude":47.010611999999995,"longitude":-116.677786,"infra_last_update":1753975076000,"edw_last_modify":1754014245000,"globalid":"{3E6A7AA8-C80A-4431-AD4B-B0FDCD5B18D0}"}},{"type":"Feature","geometry":{"type":"Point","coordinates":[-114.8494649,44.0846728]},"properties":{"objectid":2768096,"site_cn":"5182.003221","managing_org":"041404","site_id":"34209","site_name":"WILLIAMS CREEK TH","site_type":"TRAILHEAD","activity_type_list":"No Data","service_type_list":"No Data","seasonal_operational_status":"OPEN","op_status_reason":null,"development_status":"EXISTING","development_scale":"3","total_capacity":94.5,"fee_charged":"N","fee_type":null,"recarea_name":"Williams Creek Th","recarea_description":"WILLIAMS CREEK TH (Trailhead)","information_center":null,"official_designation":null,"fee_description":null,"operational_hours":null,"open_season":null,"best_season":null,"busiest_season":null,"usage_level":null,"pack_in_out":"Y","public_site_name":"Williams Creek TH","alternative_name":null,"rec1stop_url":null,"usda_portal_url":null,"important_info":null,"rentals_and_guides":null,"passes":null,"permit_information":null,"restrictions":null,"closest_towns":null,"water_availability":null,"restroom_availability":null,"operated_by":null,"season_description":null,"directions":null,"maximum_elevation":null,"minimum_elevation":" feet","season_name":null,"site_season_start_date":null,"site_season_end_date":null,"max_nbr_people":null,"passes_accepted":null,"latitude":44.08466666,"longitude":-114.84945210000001,"infra_last_update":1783346185000,"edw_last_modify":1783392564000,"globalid":"{DB75AFBE-BE23-4B23-9C2D-8AA0966ABFAC}"}},{"type":"Feature","geometry":{"type":"Point","coordinates":[-115.6323675,46.6979003]},"properties":{"objectid":2768198,"site_cn":"4225344010602","managing_org":"011753","site_id":"3339","site_name":"SHEEP MOUNTAIN / CAMP 60 TRAILHEAD","site_type":"TRAILHEAD","activity_type_list":"No Data","service_type_list":"No Data","seasonal_operational_status":"OPEN","op_status_reason":null,"development_status":"EXISTING","development_scale":"2","total_capacity":50,"fee_charged":"N","fee_type":null,"recarea_name":"Sheep Mountain / Camp 60 Trailhead","recarea_description":"SHEEP MOUNTAIN / CAMP 60 TRAILHEAD (Trailhead)","information_center":null,"official_designation":null,"fee_description":null,"operational_hours":null,"open_season":null,"best_season":null,"busiest_season":null,"usage_level":null,"pack_in_out":"N","public_site_name":"Sheep Mountain / Camp 60 Trailhead","alternative_name":null,"rec1stop_url":null,"usda_portal_url":null,"important_info":null,"rentals_and_guides":null,"passes":null,"permit_information":null,"restrictions":null,"closest_towns":null,"water_availability":null,"restroom_availability":null,"operated_by":null,"season_description":null,"directions":null,"maximum_elevation":null,"minimum_elevation":" feet","season_name":null,"site_season_start_date":null,"site_season_end_date":null,"max_nbr_people":null,"passes_accepted":null,"latitude":46.697894,"longitude":-115.632354,"infra_last_update":1766409744000,"edw_last_modify":1766455581000,"globalid":"{B04247F1-91F3-40C8-A5F5-E17DC07F4406}"}},{"type":"Feature","geometry":{"type":"Point","coordinates":[-116.4510186,45.3926728]},"properties":{"objectid":2768313,"site_cn":"2920939010602","managing_org":"011701","site_id":"170602100504-002","site_name":"SR517RD-003","site_type":"TRAILHEAD","activity_type_list":"No Data","service_type_list":"No Data","seasonal_operational_status":"OPEN","op_status_reason":null,"development_status":"EXISTING","development_scale":"0","total_capacity":3.5,"fee_charged":"N","fee_type":null,"recarea_name":"Sr517rd-003","recarea_description":"SR517RD-003 (Trailhead)","information_center":null,"official_designation":null,"fee_description":null,"operational_hours":null,"open_season":null,"best_season":null,"busiest_season":null,"usage_level":null,"pack_in_out":"Y","public_site_name":null,"alternative_name":null,"rec1stop_url":null,"usda_portal_url":null,"important_info":null,"rentals_and_guides":null,"passes":null,"permit_information":null,"restrictions":null,"closest_towns":null,"water_availability":null,"restroom_availability":null,"operated_by":null,"season_description":null,"directions":null,"maximum_elevation":null,"minimum_elevation":"6,129 feet","season_name":null,"site_season_start_date":null,"site_season_end_date":null,"max_nbr_people":null,"passes_accepted":null,"latitude":45.39266674,"longitude":-116.4510052,"infra_last_update":1771858857000,"edw_last_modify":1771899107000,"globalid":"{2606714A-7C54-49AB-B1C4-66514337AD46}"}},{"type":"Feature","geometry":{"type":"Point","coordinates":[-112.4188121,42.7228062]},"properties":{"objectid":2768400,"site_cn":"13011.002861","managing_org":"041557","site_id":"6764","site_name":"WEST MINK CREEK & VALVE HOUSE","site_type":"TRAILHEAD","activity_type_list":"No Data","service_type_list":"No Data","seasonal_operational_status":"OPEN","op_status_reason":null,"development_status":"EXISTING","development_scale":"1","total_capacity":73,"fee_charged":"N","fee_type":null,"recarea_name":"West Mink Creek & Valve House","recarea_description":"WEST MINK CREEK & VALVE HOUSE (Trailhead)","information_center":null,"official_designation":null,"fee_description":null,"operational_hours":null,"open_season":null,"best_season":null,"busiest_season":null,"usage_level":null,"pack_in_out":"Y","public_site_name":"West Mink Creek & Valve House","alternative_name":null,"rec1stop_url":null,"usda_portal_url":null,"important_info":null,"rentals_and_guides":null,"passes":null,"permit_information":null,"restrictions":null,"closest_towns":null,"water_availability":null,"restroom_availability":null,"operated_by":null,"season_description":null,"directions":null,"maximum_elevation":null,"minimum_elevation":" feet","season_name":null,"site_season_start_date":null,"site_season_end_date":null,"max_nbr_people":null,"passes_accepted":null,"latitude":42.7228,"longitude":-112.4188,"infra_last_update":1698334103000,"edw_last_modify":1744204315000,"globalid":"{CBFC6B21-C23D-4891-996C-DE3A3B59F8CC}"}},{"type":"Feature","geometry":{"type":"Point","coordinates":[-115.1838314,44.4110343]},"properties":{"objectid":2768437,"site_cn":"5423.003191","managing_org":"041302","site_id":"32282","site_name":"MARSH CREEK TRANSFER CAMP TRAILHEAD","site_type":"TRAILHEAD","activity_type_list":"No Data","service_type_list":"No Data","seasonal_operational_status":"OPEN","op_status_reason":null,"development_status":"EXISTING","development_scale":"2","total_capacity":50,"fee_charged":"N","fee_type":null,"recarea_name":"MARSH CREEK TRANSFER CAMP TRAILHEAD","recarea_description":"This trailhead provides access for the Marsh Creek Trail #4237, the Bear Valley-Marsh Creek Trail #4010, and the Middle Fork Trail #4001.","information_center":null,"official_designation":null,"fee_description":"No fees are required for this site","operational_hours":"Open 24 hours/day","open_season":null,"best_season":null,"busiest_season":null,"usage_level":null,"pack_in_out":"Y","public_site_name":"Marsh Creek Transfer Camp Trailhead","alternative_name":null,"rec1stop_url":null,"usda_portal_url":"https://www.fs.usda.gov/recarea/scnf/recarea/?recid=76240","important_info":null,"rentals_and_guides":null,"passes":null,"permit_information":null,"restrictions":null,"closest_towns":"Stanley, Idaho","water_availability":"No drinking water is available","restroom_availability":"Vault toilet(s)","operated_by":"US Forest Service","season_description":null,"directions":"From Stanley, Idaho travel 17 miles NW on Hwy 21.  Turn right on Lola Creek Rd/40083 for approximately 2 miles, trailhead is at the end of the road.","maximum_elevation":null,"minimum_elevation":null,"season_name":null,"site_season_start_date":null,"site_season_end_date":null,"max_nbr_people":null,"passes_accepted":null,"latitude":44.411028210000005,"longitude":-115.1838184,"infra_last_update":1753975086000,"edw_last_modify":1754014035000,"globalid":"{CE5E8098-6A8C-4A8B-8B24-F9EC100F82FF}"}},{"type":"Feature","geometry":{"type":"Point","coordinates":[-115.5406355,45.9693966]},"properties":{"objectid":2768462,"site_cn":"2920969010602","managing_org":"011705","site_id":"170603020404-002","site_name":"MC464GRD-001","site_type":"TRAILHEAD","activity_type_list":"No Data","service_type_list":"No Data","seasonal_operational_status":"OPEN","op_status_reason":null,"development_status":"EXISTING","development_scale":"0","total_capacity":3.5,"fee_charged":"N","fee_type":null,"recarea_name":"Mc464grd-001","recarea_description":"MC464GRD-001 (Trailhead)","information_center":null,"official_designation":null,"fee_description":null,"operational_hours":null,"open_season":null,"best_season":null,"busiest_season":null,"usage_level":null,"pack_in_out":"Y","public_site_name":null,"alternative_name":null,"rec1stop_url":null,"usda_portal_url":null,"important_info":null,"rentals_and_guides":null,"passes":null,"permit_information":null,"restrictions":null,"closest_towns":null,"water_availability":null,"restroom_availability":null,"operated_by":null,"season_description":null,"directions":null,"maximum_elevation":null,"minimum_elevation":"6,703 feet","season_name":null,"site_season_start_date":null,"site_season_end_date":null,"max_nbr_people":null,"passes_accepted":null,"latitude":45.969390409999995,"longitude":-115.5406222,"infra_last_update":1771858857000,"edw_last_modify":1771899107000,"globalid":"{17A9564D-67B1-4A8A-BA7B-AC0E10071E24}"}},{"type":"Feature","geometry":{"type":"Point","coordinates":[-112.1812121,42.8371062]},"properties":{"objectid":2768481,"site_cn":"13007.002861","managing_org":"041557","site_id":"6760","site_name":"INMAN TRAILHEAD","site_type":"TRAILHEAD","activity_type_list":"No Data","service_type_list":"No Data","seasonal_operational_status":"OPEN","op_status_reason":null,"development_status":"EXISTING","development_scale":"2","total_capacity":105,"fee_charged":"N","fee_type":null,"recarea_name":"Inman Trailhead","recarea_description":"INMAN TRAILHEAD (Trailhead)","information_center":null,"official_designation":null,"fee_description":"No fees are required for this site","operational_hours":null,"open_season":null,"best_season":null,"busiest_season":null,"usage_level":null,"pack_in_out":"Y","public_site_name":"Inman Trailhead","alternative_name":null,"rec1stop_url":null,"usda_portal_url":null,"important_info":null,"rentals_and_guides":null,"passes":null,"permit_information":null,"restrictions":null,"closest_towns":null,"water_availability":null,"restroom_availability":null,"operated_by":null,"season_description":null,"directions":null,"maximum_elevation":null,"minimum_elevation":"5,420 feet","season_name":null,"site_season_start_date":null,"site_season_end_date":null,"max_nbr_people":null,"passes_accepted":null,"latitude":42.8371,"longitude":-112.1812,"infra_last_update":1753975087000,"edw_last_modify":1754014278000,"globalid":"{BAC53EA0-29CB-4015-9EF3-0C29743CA4A7}"}},{"type":"Feature","geometry":{"type":"Point","coordinates":[-114.9938996,45.6770283]},"properties":{"objectid":2768515,"site_cn":"3893617010602","managing_org":"011705","site_id":"170602070402-003","site_name":"RRDRYSDLTRAILHEAD","site_type":"TRAILHEAD","activity_type_list":"No Data","service_type_list":"No Data","seasonal_operational_status":"OPEN","op_status_reason":null,"development_status":"EXISTING","development_scale":"1","total_capacity":3.5,"fee_charged":"N","fee_type":null,"recarea_name":"Rrdrysdltrailhead","recarea_description":"RRDRYSDLTRAILHEAD (Trailhead)","information_center":null,"official_designation":null,"fee_description":null,"operational_hours":null,"open_season":null,"best_season":null,"busiest_season":null,"usage_level":null,"pack_in_out":"Y","public_site_name":null,"alternative_name":null,"rec1stop_url":null,"usda_portal_url":null,"important_info":null,"rentals_and_guides":null,"passes":null,"permit_information":null,"restrictions":null,"closest_towns":null,"water_availability":null,"restroom_availability":null,"operated_by":null,"season_description":null,"directions":null,"maximum_elevation":null,"minimum_elevation":"7,818 feet","season_name":null,"site_season_start_date":null,"site_season_end_date":null,"max_nbr_people":null,"passes_accepted":null,"latitude":45.67702204,"longitude":-114.9938864,"infra_last_update":1771858859000,"edw_last_modify":1771898961000,"globalid":"{C113A3E9-4136-42BC-A884-2801D859C6B8}"}},{"type":"Feature","geometry":{"type":"Point","coordinates":[-115.0270564,46.9753608]},"properties":{"objectid":2768520,"site_cn":"3893951010602","managing_org":"011753","site_id":"170603070103_06","site_name":"NF250RD_89","site_type":"TRAILHEAD","activity_type_list":"No Data","service_type_list":"No Data","seasonal_operational_status":"OPEN","op_status_reason":null,"development_status":"EXISTING","development_scale":"0","total_capacity":3.5,"fee_charged":"N","fee_type":null,"recarea_name":"Nf250rd_89","recarea_description":"NF250RD_89 (Trailhead)","information_center":null,"official_designation":null,"fee_description":null,"operational_hours":null,"open_season":null,"best_season":null,"busiest_season":null,"usage_level":null,"pack_in_out":"Y","public_site_name":null,"alternative_name":null,"rec1stop_url":null,"usda_portal_url":null,"important_info":null,"rentals_and_guides":null,"passes":null,"permit_information":null,"restrictions":null,"closest_towns":null,"water_availability":null,"restroom_availability":null,"operated_by":null,"season_description":null,"directions":null,"maximum_elevation":null,"minimum_elevation":"5,948 feet","season_name":null,"site_season_start_date":null,"site_season_end_date":null,"max_nbr_people":null,"passes_accepted":null,"latitude":46.97535448,"longitude":-115.02704299,"infra_last_update":1771858859000,"edw_last_modify":1771898955000,"globalid":"{9E9450CE-65D9-4A9B-9CD5-35A675C03054}"}},{"type":"Feature","geometry":{"type":"Point","coordinates":[-116.5564676,46.986905]},"properties":{"objectid":2768535,"site_cn":"2920489010602","managing_org":"011752","site_id":"170601080101-018","site_name":"PAL767CRD-003","site_type":"TRAILHEAD","activity_type_list":"No Data","service_type_list":"No Data","seasonal_operational_status":"OPEN","op_status_reason":null,"development_status":"EXISTING","development_scale":"1","total_capacity":3.5,"fee_charged":"N","fee_type":null,"recarea_name":"Pal767crd-003","recarea_description":"PAL767CRD-003 (Trailhead)","information_center":null,"official_designation":null,"fee_description":null,"operational_hours":null,"open_season":null,"best_season":null,"busiest_season":null,"usage_level":null,"pack_in_out":"Y","public_site_name":null,"alternative_name":null,"rec1stop_url":null,"usda_portal_url":null,"important_info":null,"rentals_and_guides":null,"passes":null,"permit_information":null,"restrictions":null,"closest_towns":null,"water_availability":null,"restroom_availability":null,"operated_by":null,"season_description":null,"directions":null,"maximum_elevation":null,"minimum_elevation":"2,959 feet","season_name":null,"site_season_start_date":null,"site_season_end_date":null,"max_nbr_people":null,"passes_accepted":null,"latitude":46.98689882,"longitude":-116.5564539,"infra_last_update":1771858855000,"edw_last_modify":1771899116000,"globalid":"{2F2F9D57-EA60-4034-8B51-7F27F9900118}"}},{"type":"Feature","geometry":{"type":"Point","coordinates":[-115.7852331,44.5207561]},"properties":{"objectid":2768655,"site_cn":"7147.002731","managing_org":"040204","site_id":"6541","site_name":"CLEAR CREEK SUMMIT TRAILHEAD","site_type":"TRAILHEAD","activity_type_list":"No Data","service_type_list":"No Data","seasonal_operational_status":"OPEN","op_status_reason":null,"development_status":"EXISTING","development_scale":"1","total_capacity":25,"fee_charged":"N","fee_type":null,"recarea_name":"Clear Creek Summit Trailhead","recarea_description":"CLEAR CREEK SUMMIT TRAILHEAD (Trailhead)","information_center":null,"official_designation":null,"fee_description":null,"operational_hours":null,"open_season":null,"best_season":null,"busiest_season":null,"usage_level":null,"pack_in_out":"Y","public_site_name":null,"alternative_name":null,"rec1stop_url":null,"usda_portal_url":null,"important_info":null,"rentals_and_guides":null,"passes":null,"permit_information":null,"restrictions":null,"closest_towns":null,"water_availability":null,"restroom_availability":null,"operated_by":null,"season_description":null,"directions":null,"maximum_elevation":null,"minimum_elevation":" feet","season_name":null,"site_season_start_date":null,"site_season_end_date":null,"max_nbr_people":null,"passes_accepted":null,"latitude":44.52075,"longitude":-115.78522000000001,"infra_last_update":1771858857000,"edw_last_modify":1771898610000,"globalid":"{7239514B-15D2-459B-8EB7-22438C98C74E}"}},{"type":"Feature","geometry":{"type":"Point","coordinates":[-115.8105939,43.535783]},"properties":{"objectid":2768696,"site_cn":"7419.002731","managing_org":"040201","site_id":"6597","site_name":"WILLOW CREEK TRAILHEAD","site_type":"TRAILHEAD","activity_type_list":"No Data","service_type_list":"No Data","seasonal_operational_status":"OPEN","op_status_reason":null,"development_status":"EXISTING","development_scale":"3","total_capacity":42,"fee_charged":"N","fee_type":null,"recarea_name":"Willow Creek Trailhead","recarea_description":"WILLOW CREEK TRAILHEAD (Trailhead)","information_center":null,"official_designation":null,"fee_description":null,"operational_hours":null,"open_season":null,"best_season":null,"busiest_season":null,"usage_level":null,"pack_in_out":"Y","public_site_name":"Willow Creek Trailhead","alternative_name":null,"rec1stop_url":null,"usda_portal_url":null,"important_info":null,"rentals_and_guides":null,"passes":null,"permit_information":null,"restrictions":null,"closest_towns":null,"water_availability":null,"restroom_availability":null,"operated_by":null,"season_description":null,"directions":null,"maximum_elevation":null,"minimum_elevation":" feet","season_name":null,"site_season_start_date":null,"site_season_end_date":null,"max_nbr_people":null,"passes_accepted":null,"latitude":43.535776999999996,"longitude":-115.810581,"infra_last_update":1782842623000,"edw_last_modify":1782877519000,"globalid":"{2097FEF1-267A-42D9-AA1D-1F25BBB6516A}"}},{"type":"Feature","geometry":{"type":"Point","coordinates":[-114.8425115,43.9393004]},"properties":{"objectid":2768703,"site_cn":"12927010560","managing_org":"041404","site_id":"40071","site_name":"CABIN CREEK TRAILHEAD","site_type":"TRAILHEAD","activity_type_list":"No Data","service_type_list":"No Data","seasonal_operational_status":"OPEN","op_status_reason":null,"development_status":"EXISTING","development_scale":"2","total_capacity":45.5,"fee_charged":"N","fee_type":null,"recarea_name":"Cabin Creek Trailhead","recarea_description":"CABIN CREEK TRAILHEAD (Trailhead)","information_center":null,"official_designation":null,"fee_description":null,"operational_hours":null,"open_season":null,"best_season":null,"busiest_season":null,"usage_level":null,"pack_in_out":"Y","public_site_name":null,"alternative_name":null,"rec1stop_url":null,"usda_portal_url":null,"important_info":null,"rentals_and_guides":null,"passes":null,"permit_information":null,"restrictions":null,"closest_towns":null,"water_availability":null,"restroom_availability":null,"operated_by":null,"season_description":null,"directions":null,"maximum_elevation":null,"minimum_elevation":" feet","season_name":null,"site_season_start_date":null,"site_season_end_date":null,"max_nbr_people":null,"passes_accepted":null,"latitude":43.93929431,"longitude":-114.84249869,"infra_last_update":1771858858000,"edw_last_modify":1771899186000,"globalid":"{4218C920-7511-4366-931F-7E789B103615}"}},{"type":"Feature","geometry":{"type":"Point","coordinates":[-115.7076075,44.8907589]},"properties":{"objectid":2768814,"site_cn":"6618017010602","managing_org":"041206","site_id":"60159","site_name":"PHOEBE MEADOWS","site_type":"TRAILHEAD","activity_type_list":"No Data","service_type_list":"No Data","seasonal_operational_status":"OPEN","op_status_reason":null,"development_status":"EXISTING","development_scale":"1","total_capacity":21,"fee_charged":"N","fee_type":null,"recarea_name":"Phoebe Meadows","recarea_description":"PHOEBE MEADOWS (Trailhead)","information_center":null,"official_designation":null,"fee_description":null,"operational_hours":null,"open_season":null,"best_season":null,"busiest_season":null,"usage_level":null,"pack_in_out":"Y","public_site_name":null,"alternative_name":null,"rec1stop_url":null,"usda_portal_url":null,"important_info":null,"rentals_and_guides":null,"passes":null,"permit_information":null,"restrictions":null,"closest_towns":null,"water_availability":null,"restroom_availability":null,"operated_by":null,"season_description":null,"directions":null,"maximum_elevation":null,"minimum_elevation":" feet","season_name":null,"site_season_start_date":null,"site_season_end_date":null,"max_nbr_people":null,"passes_accepted":null,"latitude":44.89075278,"longitude":-115.70759439999999,"infra_last_update":1771858859000,"edw_last_modify":1771898626000,"globalid":"{B77C32DE-47CB-4756-BE04-CBA6D2731E5D}"}},{"type":"Feature","geometry":{"type":"Point","coordinates":[-116.0660149,48.8260065]},"properties":{"objectid":2768832,"site_cn":"236489010602","managing_org":"010407","site_id":"413","site_name":"KENO CREEK","site_type":"TRAILHEAD","activity_type_list":"No Data","service_type_list":"No Data","seasonal_operational_status":"OPEN","op_status_reason":null,"development_status":"EXISTING","development_scale":"3","total_capacity":10,"fee_charged":"N","fee_type":null,"recarea_name":"Keno Creek","recarea_description":"KENO CREEK (Trailhead)","information_center":null,"official_designation":null,"fee_description":"No fees are required for this site","operational_hours":"Open 24 hours/day","open_season":null,"best_season":null,"busiest_season":null,"usage_level":null,"pack_in_out":"Y","public_site_name":"Keno Creek Trailhead","alternative_name":null,"rec1stop_url":null,"usda_portal_url":null,"important_info":null,"rentals_and_guides":null,"passes":null,"permit_information":null,"restrictions":null,"closest_towns":"Bonners Ferry, ID","water_availability":null,"restroom_availability":null,"operated_by":"US Forest Service","season_description":null,"directions":null,"maximum_elevation":null,"minimum_elevation":" feet","season_name":null,"site_season_start_date":null,"site_season_end_date":null,"max_nbr_people":null,"passes_accepted":null,"latitude":48.8260001,"longitude":-116.0660008,"infra_last_update":1753975074000,"edw_last_modify":1754014255000,"globalid":"{E25BF969-E26C-410D-9EE4-3B98572A41CE}"}},{"type":"Feature","geometry":{"type":"Point","coordinates":[-115.7205824,46.1026366]},"properties":{"objectid":2768854,"site_cn":"3893791010602","managing_org":"011706","site_id":"170603040102-021","site_name":"ROAD286-021","site_type":"TRAILHEAD","activity_type_list":"No Data","service_type_list":"No Data","seasonal_operational_status":"OPEN","op_status_reason":null,"development_status":"EXISTING","development_scale":"0","total_capacity":3.5,"fee_charged":"N","fee_type":null,"recarea_name":"Road286-021","recarea_description":"ROAD286-021 (Trailhead)","information_center":null,"official_designation":null,"fee_description":null,"operational_hours":null,"open_season":null,"best_season":null,"busiest_season":null,"usage_level":null,"pack_in_out":"Y","public_site_name":null,"alternative_name":null,"rec1stop_url":null,"usda_portal_url":null,"important_info":null,"rentals_and_guides":null,"passes":null,"permit_information":null,"restrictions":null,"closest_towns":null,"water_availability":null,"restroom_availability":null,"operated_by":null,"season_description":null,"directions":null,"maximum_elevation":null,"minimum_elevation":"4,226 feet","season_name":null,"site_season_start_date":null,"site_season_end_date":null,"max_nbr_people":null,"passes_accepted":null,"latitude":46.10263038,"longitude":-115.72056905,"infra_last_update":1771858857000,"edw_last_modify":1771898958000,"globalid":"{5E33A522-0DC7-4FFC-9FB1-E842644F1D7C}"}},{"type":"Feature","geometry":{"type":"Point","coordinates":[-115.4458431,44.6635061]},"properties":{"objectid":2768862,"site_cn":"7428.002731","managing_org":"040204","site_id":"6351","site_name":"SNOWSHOE/SUMMIT TRAILHEAD","site_type":"TRAILHEAD","activity_type_list":"No Data","service_type_list":"No Data","seasonal_operational_status":"OPEN","op_status_reason":null,"development_status":"EXISTING","development_scale":"1","total_capacity":25,"fee_charged":"N","fee_type":null,"recarea_name":"Snowshoe/Summit Trailhead","recarea_description":"SNOWSHOE/SUMMIT TRAILHEAD (Trailhead)","information_center":null,"official_designation":null,"fee_description":null,"operational_hours":null,"open_season":null,"best_season":null,"busiest_season":null,"usage_level":null,"pack_in_out":"Y","public_site_name":null,"alternative_name":null,"rec1stop_url":null,"usda_portal_url":null,"important_info":null,"rentals_and_guides":null,"passes":null,"permit_information":null,"restrictions":null,"closest_towns":null,"water_availability":null,"restroom_availability":null,"operated_by":null,"season_description":null,"directions":null,"maximum_elevation":null,"minimum_elevation":" feet","season_name":null,"site_season_start_date":null,"site_season_end_date":null,"max_nbr_people":null,"passes_accepted":null,"latitude":44.6635,"longitude":-115.44583,"infra_last_update":1771858854000,"edw_last_modify":1771898605000,"globalid":"{8B615BB8-E063-4C25-A5D9-4C82A46B4F7A}"}},{"type":"Feature","geometry":{"type":"Point","coordinates":[-115.605385,43.955152]},"properties":{"objectid":2768919,"site_cn":"7473.002731","managing_org":"040203","site_id":"6190","site_name":"UPPER CROOKED RIVER TRAILHEAD","site_type":"TRAILHEAD","activity_type_list":"No Data","service_type_list":"No Data","seasonal_operational_status":"OPEN","op_status_reason":null,"development_status":"EXISTING","development_scale":"3","total_capacity":20,"fee_charged":"N","fee_type":null,"recarea_name":"Upper Crooked River Trailhead","recarea_description":"UPPER CROOKED RIVER TRAILHEAD (Trailhead)","information_center":null,"official_designation":null,"fee_description":null,"operational_hours":null,"open_season":null,"best_season":null,"busiest_season":null,"usage_level":null,"pack_in_out":"Y","public_site_name":"Upper Crooked River Trailhead","alternative_name":null,"rec1stop_url":null,"usda_portal_url":null,"important_info":null,"rentals_and_guides":null,"passes":null,"permit_information":null,"restrictions":null,"closest_towns":null,"water_availability":null,"restroom_availability":null,"operated_by":null,"season_description":null,"directions":null,"maximum_elevation":null,"minimum_elevation":" feet","season_name":null,"site_season_start_date":null,"site_season_end_date":null,"max_nbr_people":null,"passes_accepted":null,"latitude":43.955146,"longitude":-115.605372,"infra_last_update":1782842287000,"edw_last_modify":1782877518000,"globalid":"{DC9B2CA1-5A4E-44E1-8A77-2CD2C0995F08}"}},{"type":"Feature","geometry":{"type":"Point","coordinates":[-116.3441775,47.9922146]},"properties":{"objectid":2769012,"site_cn":"4258659010602","managing_org":"010403","site_id":"170103010101-009","site_name":"TRAIL 452 TRAILHEAD","site_type":"TRAILHEAD","activity_type_list":"No Data","service_type_list":"No Data","seasonal_operational_status":"OPEN","op_status_reason":null,"development_status":"EXISTING","development_scale":"0","total_capacity":3.5,"fee_charged":"N","fee_type":null,"recarea_name":"Trail 452 Trailhead","recarea_description":"TRAIL 452 TRAILHEAD (Trailhead)","information_center":null,"official_designation":null,"fee_description":null,"operational_hours":null,"open_season":null,"best_season":null,"busiest_season":null,"usage_level":null,"pack_in_out":"Y","public_site_name":"Trail 452 Trailhead","alternative_name":null,"rec1stop_url":null,"usda_portal_url":null,"important_info":null,"rentals_and_guides":null,"passes":null,"permit_information":null,"restrictions":null,"closest_towns":null,"water_availability":null,"restroom_availability":null,"operated_by":null,"season_description":null,"directions":null,"maximum_elevation":null,"minimum_elevation":"4,843 feet","season_name":null,"site_season_start_date":null,"site_season_end_date":null,"max_nbr_people":null,"passes_accepted":null,"latitude":47.992208299999994,"longitude":-116.3441636,"infra_last_update":1592720501000,"edw_last_modify":1744204316000,"globalid":"{AB0D9138-629D-4AE6-9999-5EF0376A258B}"}},{"type":"Feature","geometry":{"type":"Point","coordinates":[-115.7116852,45.0988781]},"properties":{"objectid":2769035,"site_cn":"6431211010602","managing_org":"041206","site_id":"60145","site_name":"BLUE LAKE / ZENA CREEK","site_type":"TRAILHEAD","activity_type_list":"No Data","service_type_list":"No Data","seasonal_operational_status":"OPEN","op_status_reason":null,"development_status":"EXISTING","development_scale":"1","total_capacity":14,"fee_charged":"N","fee_type":null,"recarea_name":"Blue Lake / Zena Creek","recarea_description":"BLUE LAKE / ZENA CREEK (Trailhead)","information_center":null,"official_designation":null,"fee_description":null,"operational_hours":null,"open_season":null,"best_season":null,"busiest_season":null,"usage_level":null,"pack_in_out":"Y","public_site_name":"Blue Lake / Zena Creek","alternative_name":null,"rec1stop_url":null,"usda_portal_url":null,"important_info":null,"rentals_and_guides":null,"passes":null,"permit_information":null,"restrictions":null,"closest_towns":null,"water_availability":null,"restroom_availability":null,"operated_by":null,"season_description":null,"directions":null,"maximum_elevation":null,"minimum_elevation":" feet","season_name":null,"site_season_start_date":null,"site_season_end_date":null,"max_nbr_people":null,"passes_accepted":null,"latitude":45.098872,"longitude":-115.71167200000001,"infra_last_update":1787903107000,"edw_last_modify":1787969128000,"globalid":"{E4EA937E-2DFD-4FE3-959D-EDA4111E7663}"}},{"type":"Feature","geometry":{"type":"Point","coordinates":[-114.6039001,43.8158327]},"properties":{"objectid":2769060,"site_cn":"12931010560","managing_org":"041404","site_id":"40075","site_name":"PRAIRIE CREEK - HARRIMAN TRAILHEAD","site_type":"TRAILHEAD","activity_type_list":"No Data","service_type_list":"No Data","seasonal_operational_status":"OPEN","op_status_reason":null,"development_status":"EXISTING","development_scale":"3","total_capacity":70,"fee_charged":"N","fee_type":null,"recarea_name":"Prairie Creek - Harriman Trailhead","recarea_description":"PRAIRIE CREEK - HARRIMAN TRAILHEAD (Trailhead)","information_center":null,"official_designation":null,"fee_description":null,"operational_hours":null,"open_season":null,"best_season":null,"busiest_season":null,"usage_level":null,"pack_in_out":"Y","public_site_name":"Prairie Creek - Harriman Trailhead","alternative_name":null,"rec1stop_url":null,"usda_portal_url":null,"important_info":null,"rentals_and_guides":null,"passes":null,"permit_information":null,"restrictions":null,"closest_towns":null,"water_availability":null,"restroom_availability":null,"operated_by":null,"season_description":null,"directions":null,"maximum_elevation":null,"minimum_elevation":" feet","season_name":null,"site_season_start_date":null,"site_season_end_date":null,"max_nbr_people":null,"passes_accepted":null,"latitude":43.81582654,"longitude":-114.60388737000001,"infra_last_update":1783346375000,"edw_last_modify":1783392571000,"globalid":"{2031B48F-C2F0-4F53-9D25-17D75A84FE39}"}},{"type":"Feature","geometry":{"type":"Point","coordinates":[-116.6287269,46.9273227]},"properties":{"objectid":2769103,"site_cn":"2920501010602","managing_org":"011752","site_id":"170601080102-003","site_name":"PAL4784RD-001","site_type":"TRAILHEAD","activity_type_list":"No Data","service_type_list":"No Data","seasonal_operational_status":"OPEN","op_status_reason":null,"development_status":"EXISTING","development_scale":"1","total_capacity":3.5,"fee_charged":"N","fee_type":null,"recarea_name":"Pal4784rd-001","recarea_description":"PAL4784RD-001 (Trailhead)","information_center":null,"official_designation":null,"fee_description":null,"operational_hours":null,"open_season":null,"best_season":null,"busiest_season":null,"usage_level":null,"pack_in_out":"Y","public_site_name":null,"alternative_name":null,"rec1stop_url":null,"usda_portal_url":null,"important_info":null,"rentals_and_guides":null,"passes":null,"permit_information":null,"restrictions":null,"closest_towns":null,"water_availability":null,"restroom_availability":null,"operated_by":null,"season_description":null,"directions":null,"maximum_elevation":null,"minimum_elevation":"2,808 feet","season_name":null,"site_season_start_date":null,"site_season_end_date":null,"max_nbr_people":null,"passes_accepted":null,"latitude":46.92731657,"longitude":-116.62871319999999,"infra_last_update":1771858851000,"edw_last_modify":1771899116000,"globalid":"{4BF8287C-0AF0-4F07-9F49-7020C551D6BB}"}},{"type":"Feature","geometry":{"type":"Point","coordinates":[-115.8610211,44.3586211]},"properties":{"objectid":2769189,"site_cn":"7460.002731","managing_org":"040206","site_id":"6578","site_name":"MIDDLE FORK PAYETTE RIVER/WET FOOT TRAILHEAD","site_type":"TRAILHEAD","activity_type_list":"No Data","service_type_list":"No Data","seasonal_operational_status":"OPEN","op_status_reason":null,"development_status":"EXISTING","development_scale":"3","total_capacity":28,"fee_charged":"N","fee_type":null,"recarea_name":"Middle Fork Payette River/Wet Foot Trailhead","recarea_description":"MIDDLE FORK PAYETTE RIVER/WET FOOT TRAILHEAD (Trailhead)","information_center":null,"official_designation":null,"fee_description":null,"operational_hours":null,"open_season":null,"best_season":null,"busiest_season":null,"usage_level":null,"pack_in_out":"Y","public_site_name":"Middle Fork Payette River/Wet Foot Trail","alternative_name":null,"rec1stop_url":null,"usda_portal_url":null,"important_info":null,"rentals_and_guides":null,"passes":null,"permit_information":null,"restrictions":null,"closest_towns":null,"water_availability":null,"restroom_availability":null,"operated_by":null,"season_description":null,"directions":null,"maximum_elevation":null,"minimum_elevation":" feet","season_name":null,"site_season_start_date":null,"site_season_end_date":null,"max_nbr_people":null,"passes_accepted":null,"latitude":44.358615,"longitude":-115.861008,"infra_last_update":1782842557000,"edw_last_modify":1782877519000,"globalid":"{DADF248B-D2E7-42D6-AA75-B978BA056BDC}"}},{"type":"Feature","geometry":{"type":"Point","coordinates":[-115.0648132,45.9030063]},"properties":{"objectid":2769208,"site_cn":"267709010602","managing_org":"011705","site_id":"2091","site_name":"ELK MOUNTAIN TRAILHEAD","site_type":"TRAILHEAD","activity_type_list":"No Data","service_type_list":"No Data","seasonal_operational_status":"OPEN","op_status_reason":null,"development_status":"EXISTING","development_scale":"2","total_capacity":8,"fee_charged":"N","fee_type":null,"recarea_name":"Elk Mountain Trailhead","recarea_description":"ELK MOUNTAIN TRAILHEAD (Trailhead)","information_center":null,"official_designation":null,"fee_description":null,"operational_hours":null,"open_season":null,"best_season":null,"busiest_season":null,"usage_level":null,"pack_in_out":"Y","public_site_name":"Elk Mountain Trailhead","alternative_name":null,"rec1stop_url":null,"usda_portal_url":null,"important_info":null,"rentals_and_guides":null,"passes":null,"permit_information":null,"restrictions":null,"closest_towns":null,"water_availability":null,"restroom_availability":null,"operated_by":null,"season_description":null,"directions":null,"maximum_elevation":null,"minimum_elevation":" feet","season_name":null,"site_season_start_date":null,"site_season_end_date":null,"max_nbr_people":null,"passes_accepted":null,"latitude":45.90300001,"longitude":-115.0648,"infra_last_update":1623857158000,"edw_last_modify":1744204316000,"globalid":"{41A821B0-9BFE-43F1-A46D-10B9352DD98C}"}},{"type":"Feature","geometry":{"type":"Point","coordinates":[-116.1787493,45.1764691]},"properties":{"objectid":2769363,"site_cn":"78070010602","managing_org":"041204","site_id":"30061","site_name":"GRASS MOUNTAIN","site_type":"TRAILHEAD","activity_type_list":"No Data","service_type_list":"No Data","seasonal_operational_status":"OPEN","op_status_reason":null,"development_status":"EXISTING","development_scale":"2","total_capacity":35,"fee_charged":"N","fee_type":null,"recarea_name":"GRASS MOUNTAIN","recarea_description":"This trailhead is on the edge of Forest Road #257, and provides access to the Grass Mountain Trail. It is a leisurely two mile hike to Grass Mountain Lakes. Spur trails provide access to Coffee Cup Lake, Frog Lake, and Morgan Lake.","information_center":null,"official_designation":null,"fee_description":"No fees are required for this site","operational_hours":"Open 24 hours/day","open_season":null,"best_season":null,"busiest_season":null,"usage_level":null,"pack_in_out":"Y","public_site_name":"Grass Mountain Trailhead","alternative_name":null,"rec1stop_url":null,"usda_portal_url":null,"important_info":null,"rentals_and_guides":null,"passes":null,"permit_information":null,"restrictions":null,"closest_towns":"McCall, ID","water_availability":"No drinking water is available","restroom_availability":"No restroom available","operated_by":"US Forest Service","season_description":null,"directions":"This trailhead is about 45 minutes from McCall. To reach the trailhead, take Highway 55 west out of McCall for four miles. Turn right onto the Goose Lake Road (tiol Forest Road 257) for about 18 miles.","maximum_elevation":null,"minimum_elevation":null,"season_name":null,"site_season_start_date":null,"site_season_end_date":null,"max_nbr_people":null,"passes_accepted":null,"latitude":45.176463,"longitude":-116.178736,"infra_last_update":1759394055000,"edw_last_modify":1759457358000,"globalid":"{AB91A04F-8B34-4E82-BA90-F350499E6161}"}},{"type":"Feature","geometry":{"type":"Point","coordinates":[-115.9418032,44.9373051]},"properties":{"objectid":2769390,"site_cn":"6662079010602","managing_org":"041204","site_id":"40815","site_name":"LAKE FORK TRAILHEAD","site_type":"TRAILHEAD","activity_type_list":"No Data","service_type_list":"No Data","seasonal_operational_status":"OPEN","op_status_reason":null,"development_status":"EXISTING","development_scale":"2","total_capacity":35,"fee_charged":"N","fee_type":null,"recarea_name":"LAKE FORK TRAILHEAD","recarea_description":"Lake Fork Trailhead provides access to Lake Fork First Bridge Trail #339. This pleasant trail is shaded and cool, a good place to gather huckleberries.  There is little change in elevation along the trail and it is a scenic mountain bike ride. It is about a 30 minute drive east of McCall (11 miles).","information_center":null,"official_designation":null,"fee_description":"No fees are required for this site","operational_hours":"Open 24 hours/day","open_season":null,"best_season":null,"busiest_season":null,"usage_level":null,"pack_in_out":"Y","public_site_name":"Lake Fork Trailhead","alternative_name":null,"rec1stop_url":null,"usda_portal_url":null,"important_info":null,"rentals_and_guides":null,"passes":null,"permit_information":null,"restrictions":null,"closest_towns":null,"water_availability":null,"restroom_availability":null,"operated_by":"US Forest Service","season_description":null,"directions":null,"maximum_elevation":null,"minimum_elevation":null,"season_name":null,"site_season_start_date":null,"site_season_end_date":null,"max_nbr_people":null,"passes_accepted":null,"latitude":44.937298999999996,"longitude":-115.94179,"infra_last_update":1759394080000,"edw_last_modify":1759457368000,"globalid":"{ED1754B2-AB0B-42B3-97C2-CBA11310AF02}"}},{"type":"Feature","geometry":{"type":"Point","coordinates":[-116.133066,48.3654983]},"properties":{"objectid":2769532,"site_cn":"236474010602","managing_org":"010406","site_id":"409","site_name":"MOOSE LAKE","site_type":"TRAILHEAD","activity_type_list":"No Data","service_type_list":"No Data","seasonal_operational_status":"OPEN","op_status_reason":null,"development_status":"EXISTING","development_scale":"2","total_capacity":14,"fee_charged":"N","fee_type":null,"recarea_name":"Moose Lake","recarea_description":"MOOSE LAKE (Trailhead)","information_center":null,"official_designation":null,"fee_description":null,"operational_hours":null,"open_season":null,"best_season":null,"busiest_season":null,"usage_level":null,"pack_in_out":"Y","public_site_name":null,"alternative_name":null,"rec1stop_url":null,"usda_portal_url":null,"important_info":null,"rentals_and_guides":null,"passes":null,"permit_information":null,"restrictions":null,"closest_towns":null,"water_availability":null,"restroom_availability":null,"operated_by":null,"season_description":null,"directions":null,"maximum_elevation":null,"minimum_elevation":" feet","season_name":null,"site_season_start_date":null,"site_season_end_date":null,"max_nbr_people":null,"passes_accepted":null,"latitude":48.365492,"longitude":-116.13305199999999,"infra_last_update":1771858857000,"edw_last_modify":1771899165000,"globalid":"{E70600D7-CE79-414D-89A0-D1AF53503171}"}},{"type":"Feature","geometry":{"type":"Point","coordinates":[-115.5799131,45.9499623]},"properties":{"objectid":2769611,"site_cn":"2921249010602","managing_org":"011705","site_id":"170603050402-019","site_name":"RR464RD-008","site_type":"TRAILHEAD","activity_type_list":"No Data","service_type_list":"No Data","seasonal_operational_status":"OPEN","op_status_reason":null,"development_status":"EXISTING","development_scale":"1","total_capacity":3.5,"fee_charged":"N","fee_type":null,"recarea_name":"Rr464rd-008","recarea_description":"RR464RD-008 (Trailhead)","information_center":null,"official_designation":null,"fee_description":null,"operational_hours":null,"open_season":null,"best_season":null,"busiest_season":null,"usage_level":null,"pack_in_out":"Y","public_site_name":null,"alternative_name":null,"rec1stop_url":null,"usda_portal_url":null,"important_info":null,"rentals_and_guides":null,"passes":null,"permit_information":null,"restrictions":null,"closest_towns":null,"water_availability":null,"restroom_availability":null,"operated_by":null,"season_description":null,"directions":null,"maximum_elevation":null,"minimum_elevation":"5,814 feet","season_name":null,"site_season_start_date":null,"site_season_end_date":null,"max_nbr_people":null,"passes_accepted":null,"latitude":45.94995606,"longitude":-115.5798998,"infra_last_update":1771858856000,"edw_last_modify":1771899101000,"globalid":"{6386C209-3ACA-4115-BB0C-805A97093D44}"}},{"type":"Feature","geometry":{"type":"Point","coordinates":[-115.9607368,45.9139835]},"properties":{"objectid":2769626,"site_cn":"2921363010602","managing_org":"011701","site_id":"170603050704-002","site_name":"CW451RD-001","site_type":"TRAILHEAD","activity_type_list":"No Data","service_type_list":"No Data","seasonal_operational_status":"OPEN","op_status_reason":null,"development_status":"EXISTING","development_scale":"0","total_capacity":3.5,"fee_charged":"N","fee_type":null,"recarea_name":"Cw451rd-001","recarea_description":"CW451RD-001 (Trailhead)","information_center":null,"official_designation":null,"fee_description":null,"operational_hours":null,"open_season":null,"best_season":null,"busiest_season":null,"usage_level":null,"pack_in_out":"Y","public_site_name":null,"alternative_name":null,"rec1stop_url":null,"usda_portal_url":null,"important_info":null,"rentals_and_guides":null,"passes":null,"permit_information":null,"restrictions":null,"closest_towns":null,"water_availability":null,"restroom_availability":null,"operated_by":null,"season_description":null,"directions":null,"maximum_elevation":null,"minimum_elevation":"4,534 feet","season_name":null,"site_season_start_date":null,"site_season_end_date":null,"max_nbr_people":null,"passes_accepted":null,"latitude":45.91397731,"longitude":-115.9607234,"infra_last_update":1771858852000,"edw_last_modify":1771899099000,"globalid":"{39E2C7B7-976A-480E-85CE-6354B215D4D6}"}},{"type":"Feature","geometry":{"type":"Point","coordinates":[-114.394013,45.3080063]},"properties":{"objectid":2769629,"site_cn":"170881010602","managing_org":"041307","site_id":"72288","site_name":"GARDEN CREEK TRAILHEAD","site_type":"TRAILHEAD","activity_type_list":"No Data","service_type_list":"No Data","seasonal_operational_status":"OPEN","op_status_reason":null,"development_status":"EXISTING","development_scale":"2","total_capacity":20,"fee_charged":"N","fee_type":null,"recarea_name":"Garden Creek Trailhead","recarea_description":"GARDEN CREEK TRAILHEAD (Trailhead)","information_center":null,"official_designation":null,"fee_description":null,"operational_hours":null,"open_season":null,"best_season":null,"busiest_season":null,"usage_level":null,"pack_in_out":"N","public_site_name":"Garden Creek Trailhead","alternative_name":null,"rec1stop_url":null,"usda_portal_url":null,"important_info":null,"rentals_and_guides":null,"passes":null,"permit_information":null,"restrictions":null,"closest_towns":null,"water_availability":null,"restroom_availability":null,"operated_by":null,"season_description":null,"directions":null,"maximum_elevation":null,"minimum_elevation":" feet","season_name":null,"site_season_start_date":null,"site_season_end_date":null,"max_nbr_people":null,"passes_accepted":null,"latitude":45.308,"longitude":-114.394,"infra_last_update":1786719830000,"edw_last_modify":1786759575000,"globalid":"{091F2512-D8D0-461B-9CEC-BD5C117E0428}"}},{"type":"Feature","geometry":{"type":"Point","coordinates":[-116.7479314,45.119491]},"properties":{"objectid":2769795,"site_cn":"6623307010602","managing_org":"041201","site_id":"10216","site_name":"ECKLES CREEK","site_type":"TRAILHEAD","activity_type_list":"No Data","service_type_list":"No Data","seasonal_operational_status":"OPEN","op_status_reason":null,"development_status":"EXISTING","development_scale":"2","total_capacity":18,"fee_charged":"N","fee_type":null,"recarea_name":"Eckles Creek","recarea_description":"ECKLES CREEK (Trailhead)","information_center":null,"official_designation":null,"fee_description":null,"operational_hours":null,"open_season":null,"best_season":null,"busiest_season":null,"usage_level":null,"pack_in_out":"Y","public_site_name":null,"alternative_name":null,"rec1stop_url":null,"usda_portal_url":null,"important_info":null,"rentals_and_guides":null,"passes":null,"permit_information":null,"restrictions":null,"closest_towns":null,"water_availability":null,"restroom_availability":null,"operated_by":null,"season_description":null,"directions":null,"maximum_elevation":null,"minimum_elevation":" feet","season_name":null,"site_season_start_date":null,"site_season_end_date":null,"max_nbr_people":null,"passes_accepted":null,"latitude":45.119485,"longitude":-116.747918,"infra_last_update":1771858857000,"edw_last_modify":1771898626000,"globalid":"{3D825FE3-80D1-400A-8779-C871B4DDEDD8}"}},{"type":"Feature","geometry":{"type":"Point","coordinates":[-111.5562119,42.3709062]},"properties":{"objectid":2769815,"site_cn":"13004.002861","managing_org":"041553","site_id":"6757","site_name":"EMIGRATION WINTER SPORTS AREA","site_type":"TRAILHEAD","activity_type_list":"No Data","service_type_list":"No Data","seasonal_operational_status":"OPEN","op_status_reason":null,"development_status":"EXISTING","development_scale":"4","total_capacity":123,"fee_charged":"N","fee_type":null,"recarea_name":"EMIGRATION WINTER SPORTS AREA","recarea_description":"EMIGRATION WINTER SPORTS AREA","information_center":null,"official_designation":null,"fee_description":"No fees are required for this site","operational_hours":"Day use only; no overnight camping allowed","open_season":null,"best_season":null,"busiest_season":null,"usage_level":null,"pack_in_out":"Y","public_site_name":"Emigration Winter Sports Area","alternative_name":null,"rec1stop_url":null,"usda_portal_url":"https://www.fs.usda.gov/recarea/ctnf/recarea/?recid=54035","important_info":null,"rentals_and_guides":null,"passes":null,"permit_information":null,"restrictions":null,"closest_towns":"Montpelier, Idaho","water_availability":"No water is available","restroom_availability":"Vault toilet(s)","operated_by":"US Forest Service","season_description":null,"directions":null,"maximum_elevation":null,"minimum_elevation":null,"season_name":null,"site_season_start_date":null,"site_season_end_date":null,"max_nbr_people":null,"passes_accepted":null,"latitude":42.3709,"longitude":-111.5562,"infra_last_update":1766409789000,"edw_last_modify":1766455600000,"globalid":"{92331023-94A3-4EA1-908D-05A9043AA4D9}"}},{"type":"Feature","geometry":{"type":"Point","coordinates":[-116.6273025,48.6244101]},"properties":{"objectid":2769940,"site_cn":"4258633010602","managing_org":"010407","site_id":"170102140101-09","site_name":"HEADWATERS PACK RIVER","site_type":"TRAILHEAD","activity_type_list":"No Data","service_type_list":"No Data","seasonal_operational_status":"OPEN","op_status_reason":null,"development_status":"EXISTING","development_scale":"0","total_capacity":3.5,"fee_charged":"N","fee_type":null,"recarea_name":"Headwaters Pack River","recarea_description":"HEADWATERS PACK RIVER (Trailhead)","information_center":null,"official_designation":null,"fee_description":null,"operational_hours":null,"open_season":null,"best_season":null,"busiest_season":null,"usage_level":null,"pack_in_out":"Y","public_site_name":null,"alternative_name":null,"rec1stop_url":null,"usda_portal_url":null,"important_info":null,"rentals_and_guides":null,"passes":null,"permit_information":null,"restrictions":null,"closest_towns":null,"water_availability":null,"restroom_availability":null,"operated_by":null,"season_description":null,"directions":null,"maximum_elevation":null,"minimum_elevation":"3,967 feet","season_name":null,"site_season_start_date":null,"site_season_end_date":null,"max_nbr_people":null,"passes_accepted":null,"latitude":48.62440379,"longitude":-116.6272884,"infra_last_update":1771858857000,"edw_last_modify":1771898884000,"globalid":"{967B60B8-7165-4F6A-870F-41A9B58877CF}"}},{"type":"Feature","geometry":{"type":"Point","coordinates":[-116.9309063,44.686405]},"properties":{"objectid":2769969,"site_cn":"12868.003141","managing_org":"041202","site_id":"20109","site_name":"PINE GRASS FLAT","site_type":"TRAILHEAD","activity_type_list":"No Data","service_type_list":"No Data","seasonal_operational_status":"OPEN","op_status_reason":null,"development_status":"EXISTING","development_scale":"1","total_capacity":20,"fee_charged":"N","fee_type":null,"recarea_name":"Pine Grass Flat","recarea_description":"PINE GRASS FLAT (Trailhead)","information_center":null,"official_designation":null,"fee_description":null,"operational_hours":null,"open_season":null,"best_season":null,"busiest_season":null,"usage_level":null,"pack_in_out":"Y","public_site_name":"Pine Grass Flat","alternative_name":null,"rec1stop_url":null,"usda_portal_url":null,"important_info":null,"rentals_and_guides":null,"passes":null,"permit_information":null,"restrictions":null,"closest_towns":null,"water_availability":null,"restroom_availability":null,"operated_by":null,"season_description":null,"directions":null,"maximum_elevation":null,"minimum_elevation":" feet","season_name":null,"site_season_start_date":null,"site_season_end_date":null,"max_nbr_people":null,"passes_accepted":null,"latitude":44.686399,"longitude":-116.93089300000001,"infra_last_update":1779868932000,"edw_last_modify":1781057619000,"globalid":"{8DB9AD52-FC66-43DE-A899-DFB0BE518A22}"}},{"type":"Feature","geometry":{"type":"Point","coordinates":[-115.2440597,45.7028]},"properties":{"objectid":2770067,"site_cn":"2921023010602","managing_org":"011705","site_id":"170603050101-011","site_name":"RR77271RD-001","site_type":"TRAILHEAD","activity_type_list":"No Data","service_type_list":"No Data","seasonal_operational_status":"OPEN","op_status_reason":null,"development_status":"EXISTING","development_scale":"1","total_capacity":3.5,"fee_charged":"N","fee_type":null,"recarea_name":"Rr77271rd-001","recarea_description":"RR77271RD-001 (Trailhead)","information_center":null,"official_designation":null,"fee_description":null,"operational_hours":null,"open_season":null,"best_season":null,"busiest_season":null,"usage_level":null,"pack_in_out":"Y","public_site_name":null,"alternative_name":null,"rec1stop_url":null,"usda_portal_url":null,"important_info":null,"rentals_and_guides":null,"passes":null,"permit_information":null,"restrictions":null,"closest_towns":null,"water_availability":null,"restroom_availability":null,"operated_by":null,"season_description":null,"directions":null,"maximum_elevation":null,"minimum_elevation":"6,506 feet","season_name":null,"site_season_start_date":null,"site_season_end_date":null,"max_nbr_people":null,"passes_accepted":null,"latitude":45.70279381,"longitude":-115.2440465,"infra_last_update":1771858856000,"edw_last_modify":1771899106000,"globalid":"{3BB1E2B3-F7C2-49D6-BA41-622A76A3E824}"}},{"type":"Feature","geometry":{"type":"Point","coordinates":[-113.3616126,44.3675063]},"properties":{"objectid":2770128,"site_cn":"6393879010602","managing_org":"041556","site_id":"0511","site_name":"MILL CREEK","site_type":"TRAILHEAD","activity_type_list":"No Data","service_type_list":"No Data","seasonal_operational_status":"OPEN","op_status_reason":null,"development_status":"EXISTING","development_scale":"3","total_capacity":40,"fee_charged":"N","fee_type":null,"recarea_name":"Mill Creek","recarea_description":"Non motorized Trailhead","information_center":null,"official_designation":null,"fee_description":"No fees are required for this site","operational_hours":"Day use only: open sunrise to sunset","open_season":null,"best_season":null,"busiest_season":null,"usage_level":null,"pack_in_out":"N","public_site_name":"Mill Creek Trailhead","alternative_name":null,"rec1stop_url":null,"usda_portal_url":null,"important_info":null,"rentals_and_guides":null,"passes":null,"permit_information":null,"restrictions":null,"closest_towns":"Driggs, Idaho","water_availability":"No water is available","restroom_availability":"Vault toilet(s)","operated_by":"US Forest Service","season_description":null,"directions":"From Driggs, ID drive to Alta WY on E Ski Hill Rd. Continue on Alta Rd/Targhee Rd. Turn right on Teton Canyon Rd. Go approximately 0.7 miles","maximum_elevation":null,"minimum_elevation":" feet","season_name":null,"site_season_start_date":null,"site_season_end_date":null,"max_nbr_people":null,"passes_accepted":null,"latitude":44.3675,"longitude":-113.3616,"infra_last_update":1753975087000,"edw_last_modify":1754013973000,"globalid":"{8087B88C-5878-4FDE-B8D7-5A44938125D2}"}},{"type":"Feature","geometry":{"type":"Point","coordinates":[-116.7331139,47.7131062]},"properties":{"objectid":2770243,"site_cn":"5880.000331","managing_org":"010403","site_id":"388","site_name":"NETTLETON GULCH FACILITY","site_type":"TRAILHEAD","activity_type_list":"No Data","service_type_list":"No Data","seasonal_operational_status":"OPEN","op_status_reason":null,"development_status":"EXISTING","development_scale":"2","total_capacity":25,"fee_charged":"N","fee_type":null,"recarea_name":"Nettleton Gulch Facility","recarea_description":"NETTLETON GULCH FACILITY (Trailhead)","information_center":null,"official_designation":null,"fee_description":null,"operational_hours":null,"open_season":null,"best_season":null,"busiest_season":null,"usage_level":null,"pack_in_out":"Y","public_site_name":null,"alternative_name":null,"rec1stop_url":null,"usda_portal_url":null,"important_info":null,"rentals_and_guides":null,"passes":null,"permit_information":null,"restrictions":null,"closest_towns":null,"water_availability":null,"restroom_availability":null,"operated_by":null,"season_description":null,"directions":null,"maximum_elevation":null,"minimum_elevation":" feet","season_name":null,"site_season_start_date":null,"site_season_end_date":null,"max_nbr_people":null,"passes_accepted":null,"latitude":47.7131,"longitude":-116.7331,"infra_last_update":1771858856000,"edw_last_modify":1771898647000,"globalid":"{919528AC-8C4D-4F08-93AB-11D7C4F926E8}"}},{"type":"Feature","geometry":{"type":"Point","coordinates":[-115.6946931,44.7185961]},"properties":{"objectid":2770249,"site_cn":"7152.002731","managing_org":"040204","site_id":"6546","site_name":"DOLLAR CREEK RIDGE TRAILHEAD","site_type":"TRAILHEAD","activity_type_list":"No Data","service_type_list":"No Data","seasonal_operational_status":"OPEN","op_status_reason":null,"development_status":"EXISTING","development_scale":"1","total_capacity":15,"fee_charged":"N","fee_type":null,"recarea_name":"Dollar Creek Ridge Trailhead","recarea_description":"DOLLAR CREEK RIDGE TRAILHEAD (Trailhead)","information_center":null,"official_designation":null,"fee_description":null,"operational_hours":null,"open_season":null,"best_season":null,"busiest_season":null,"usage_level":null,"pack_in_out":"Y","public_site_name":"Dollar Creek Ridge Trailhead","alternative_name":null,"rec1stop_url":null,"usda_portal_url":null,"important_info":null,"rentals_and_guides":null,"passes":null,"permit_information":null,"restrictions":null,"closest_towns":null,"water_availability":null,"restroom_availability":null,"operated_by":null,"season_description":null,"directions":null,"maximum_elevation":null,"minimum_elevation":" feet","season_name":null,"site_season_start_date":null,"site_season_end_date":null,"max_nbr_people":null,"passes_accepted":null,"latitude":44.71859,"longitude":-115.69467999999999,"infra_last_update":1744209513000,"edw_last_modify":1744252398000,"globalid":"{CC25B528-5A3F-4858-A0B5-A9ACFA441C4F}"}},{"type":"Feature","geometry":{"type":"Point","coordinates":[-115.0123494,46.8522463]},"properties":{"objectid":2770257,"site_cn":"210222010602","managing_org":"011753","site_id":"3326","site_name":"FISH LAKE TRAILHEAD","site_type":"TRAILHEAD","activity_type_list":"No Data","service_type_list":"No Data","seasonal_operational_status":"OPEN","op_status_reason":null,"development_status":"EXISTING","development_scale":"2","total_capacity":17,"fee_charged":"N","fee_type":null,"recarea_name":"Fish Lake Trailhead","recarea_description":"FISH LAKE TRAILHEAD (Trailhead)","information_center":null,"official_designation":null,"fee_description":null,"operational_hours":null,"open_season":null,"best_season":null,"busiest_season":null,"usage_level":null,"pack_in_out":"Y","public_site_name":null,"alternative_name":null,"rec1stop_url":null,"usda_portal_url":null,"important_info":null,"rentals_and_guides":null,"passes":null,"permit_information":null,"restrictions":null,"closest_towns":null,"water_availability":null,"restroom_availability":null,"operated_by":null,"season_description":null,"directions":null,"maximum_elevation":null,"minimum_elevation":" feet","season_name":null,"site_season_start_date":null,"site_season_end_date":null,"max_nbr_people":null,"passes_accepted":null,"latitude":46.85224,"longitude":-115.01233599999999,"infra_last_update":1771858859000,"edw_last_modify":1771899170000,"globalid":"{A122F422-9515-462C-9845-2C437F874E14}"}},{"type":"Feature","geometry":{"type":"Point","coordinates":[-116.6296077,46.9271728]},"properties":{"objectid":2770380,"site_cn":"2920499010602","managing_org":"011752","site_id":"170601080102-002","site_name":"PAL292RD-001","site_type":"TRAILHEAD","activity_type_list":"No Data","service_type_list":"No Data","seasonal_operational_status":"OPEN","op_status_reason":null,"development_status":"EXISTING","development_scale":"0","total_capacity":3.5,"fee_charged":"N","fee_type":null,"recarea_name":"Pal292rd-001","recarea_description":"PAL292RD-001 (Trailhead)","information_center":null,"official_designation":null,"fee_description":null,"operational_hours":null,"open_season":null,"best_season":null,"busiest_season":null,"usage_level":null,"pack_in_out":"Y","public_site_name":null,"alternative_name":null,"rec1stop_url":null,"usda_portal_url":null,"important_info":null,"rentals_and_guides":null,"passes":null,"permit_information":null,"restrictions":null,"closest_towns":null,"water_availability":null,"restroom_availability":null,"operated_by":null,"season_description":null,"directions":null,"maximum_elevation":null,"minimum_elevation":"2,785 feet","season_name":null,"site_season_start_date":null,"site_season_end_date":null,"max_nbr_people":null,"passes_accepted":null,"latitude":46.927166670000005,"longitude":-116.629594,"infra_last_update":1771858854000,"edw_last_modify":1771899116000,"globalid":"{042B7753-70F3-4973-BC94-8A2BE2569490}"}},{"type":"Feature","geometry":{"type":"Point","coordinates":[-115.1695784,46.6890243]},"properties":{"objectid":2770465,"site_cn":"5782.000961","managing_org":"011705","site_id":"2076","site_name":"14 MILE","site_type":"TRAILHEAD","activity_type_list":"No Data","service_type_list":"No Data","seasonal_operational_status":"OPEN","op_status_reason":null,"development_status":"EXISTING","development_scale":"3","total_capacity":21,"fee_charged":"N","fee_type":null,"recarea_name":"14 Mile","recarea_description":"Visitors will travel the scenic Magruder Road Corridor to reach 14 Mile Trailhead, which offers a starting point for hikers and pack trains to reach the Frank Church River of No Return Wilderness via Trail 501-the Cache Creek Trail and Trail 580-the Boston Mountain Trail. Along with 2 camp pads, an unloading ramp, hitch rails, stock feeders and a restroom, visitors can also enjoy three interpretive panels with descriptions of Frank Church and information on the Frank Church-River of No Return Wilderness.","information_center":null,"official_designation":null,"fee_description":"No fees are required for this site","operational_hours":"Open 24 hours/day","open_season":null,"best_season":null,"busiest_season":null,"usage_level":null,"pack_in_out":"Y","public_site_name":"14 Mile Trailhead","alternative_name":null,"rec1stop_url":null,"usda_portal_url":"https://www.fs.usda.gov/recarea/nezperceclearwater/recarea/?recid=16676","important_info":null,"rentals_and_guides":null,"passes":null,"permit_information":null,"restrictions":null,"closest_towns":"Elk City, ID","water_availability":"No drinking water is available","restroom_availability":"Vault toilet(s)","operated_by":"US Forest Service","season_description":null,"directions":"From State Highway 14, turn south onto Red River-Dixie Road #222. Follow Road #222 past Red River Ranger Station (now closed) to its junction with the Nez Perce Trail Road #468. Turn east onto Road #468 and follow approximately 14 miles to the campground and trailhead.","maximum_elevation":null,"minimum_elevation":" feet","season_name":null,"site_season_start_date":null,"site_season_end_date":null,"max_nbr_people":null,"passes_accepted":null,"latitude":46.689018,"longitude":-115.169565,"infra_last_update":1753975076000,"edw_last_modify":1754013996000,"globalid":"{F7F7B24B-B682-4544-A2C7-5CAD15971A62}"}},{"type":"Feature","geometry":{"type":"Point","coordinates":[-115.7015071,45.0287266]},"properties":{"objectid":2770523,"site_cn":"6422951010602","managing_org":"041206","site_id":"60144","site_name":"SOUTH FORK SALMON RIVER","site_type":"TRAILHEAD","activity_type_list":"No Data","service_type_list":"No Data","seasonal_operational_status":"OPEN","op_status_reason":null,"development_status":"EXISTING","development_scale":"1","total_capacity":35,"fee_charged":"N","fee_type":null,"recarea_name":"South Fork Salmon River","recarea_description":"SOUTH FORK SALMON RIVER (Trailhead)","information_center":null,"official_designation":null,"fee_description":null,"operational_hours":null,"open_season":null,"best_season":null,"busiest_season":null,"usage_level":null,"pack_in_out":"Y","public_site_name":null,"alternative_name":null,"rec1stop_url":null,"usda_portal_url":null,"important_info":null,"rentals_and_guides":null,"passes":null,"permit_information":null,"restrictions":null,"closest_towns":null,"water_availability":null,"restroom_availability":null,"operated_by":null,"season_description":null,"directions":null,"maximum_elevation":null,"minimum_elevation":" feet","season_name":null,"site_season_start_date":null,"site_season_end_date":null,"max_nbr_people":null,"passes_accepted":null,"latitude":45.0287205,"longitude":-115.7014939,"infra_last_update":1771858859000,"edw_last_modify":1771898636000,"globalid":"{BC175975-8572-4DEF-8F46-A247685409EF}"}},{"type":"Feature","geometry":{"type":"Point","coordinates":[-114.8956591,44.0284567]},"properties":{"objectid":2770561,"site_cn":"12933010560","managing_org":"041404","site_id":"40079","site_name":"HELL ROARING UPPER TRAILHEAD","site_type":"TRAILHEAD","activity_type_list":"No Data","service_type_list":"No Data","seasonal_operational_status":"OPEN","op_status_reason":null,"development_status":"EXISTING","development_scale":"2","total_capacity":45.5,"fee_charged":"N","fee_type":null,"recarea_name":"Hell Roaring Upper Trailhead","recarea_description":"HELL ROARING UPPER TRAILHEAD (Trailhead)","information_center":null,"official_designation":null,"fee_description":null,"operational_hours":null,"open_season":null,"best_season":null,"busiest_season":null,"usage_level":null,"pack_in_out":"Y","public_site_name":null,"alternative_name":null,"rec1stop_url":null,"usda_portal_url":null,"important_info":null,"rentals_and_guides":null,"passes":null,"permit_information":null,"restrictions":null,"closest_towns":null,"water_availability":null,"restroom_availability":null,"operated_by":null,"season_description":null,"directions":null,"maximum_elevation":null,"minimum_elevation":" feet","season_name":null,"site_season_start_date":null,"site_season_end_date":null,"max_nbr_people":null,"passes_accepted":null,"latitude":44.028450549999995,"longitude":-114.8956463,"infra_last_update":1771858856000,"edw_last_modify":1771899186000,"globalid":"{2827CE49-7A9A-4A67-9DF6-5BE2001EB33F}"}},{"type":"Feature","geometry":{"type":"Point","coordinates":[-116.7111099,47.7880392]},"properties":{"objectid":2770562,"site_cn":"5882.000331","managing_org":"010403","site_id":"389","site_name":"ENGLISH POINT FACILITIES","site_type":"TRAILHEAD","activity_type_list":"No Data","service_type_list":"No Data","seasonal_operational_status":"OPEN","op_status_reason":null,"development_status":"EXISTING","development_scale":"4","total_capacity":35,"fee_charged":"N","fee_type":null,"recarea_name":"ENGLISH POINT FACILITIES","recarea_description":"This is a very popular and well-used trail system just minutes from Coeur d'Alene and Hayden, Idaho that winds through large trees and grassy understory near the shores of Hayden Lake. The trail system is divided between user groups with one side for hikers and the other for equestrians. The trail is also open in the winter for cross-country skiing and snow shoeing, but motorized use is never allowed. The total distance is about 6 miles with a cumulative elevation gain of about 300 feet. Thanks to a 2019 Eagle Scout project, the trail now has 14 benches, an amphitheater, and a picnic table.","information_center":null,"official_designation":null,"fee_description":"No fees are required for this site","operational_hours":"Open 24 hours/day","open_season":null,"best_season":null,"busiest_season":null,"usage_level":null,"pack_in_out":"Y","public_site_name":"English Point Recreation Trails","alternative_name":null,"rec1stop_url":null,"usda_portal_url":"https://www.fs.usda.gov/recarea/ipnf/recarea/?recid=84237","important_info":null,"rentals_and_guides":null,"passes":null,"permit_information":null,"restrictions":null,"closest_towns":"Hayden, ID and Coeur d'Alene, ID","water_availability":"No drinking water is available","restroom_availability":"Vault toilet(s)","operated_by":"US Forest Service","season_description":null,"directions":"From Coeur d'Alene, head north on Highway 95 for about 7 miles. Turn right onto Lancaster Road and continue for 3.5 miles. Turn right onto English Point Road. The trailhead will be on your immediate left.","maximum_elevation":null,"minimum_elevation":null,"season_name":null,"site_season_start_date":null,"site_season_end_date":null,"max_nbr_people":null,"passes_accepted":null,"latitude":47.788033,"longitude":-116.711096,"infra_last_update":1753975074000,"edw_last_modify":1754013992000,"globalid":"{0EFFA0BF-147F-44F1-A332-6C6FFB386C66}"}},{"type":"Feature","geometry":{"type":"Point","coordinates":[-116.0110293,45.1356131]},"properties":{"objectid":2770574,"site_cn":"13048.003141","managing_org":"041204","site_id":"40115","site_name":"TWENTY MILE","site_type":"TRAILHEAD","activity_type_list":"No Data","service_type_list":"No Data","seasonal_operational_status":"OPEN","op_status_reason":null,"development_status":"EXISTING","development_scale":"3","total_capacity":35,"fee_charged":"N","fee_type":null,"recarea_name":"TWENTY MILE","recarea_description":"The Twenty Mile trailhead is accessed via Warren Wagon Road and features a horse unloading ramp, hitching rails, and toilet. There is a large parking area with sufficient space for trailers.","information_center":null,"official_designation":null,"fee_description":"No fees are required for this site","operational_hours":"Open 24 hours/day","open_season":null,"best_season":null,"busiest_season":null,"usage_level":null,"pack_in_out":"Y","public_site_name":"Twenty Mile Trailhead","alternative_name":null,"rec1stop_url":null,"usda_portal_url":null,"important_info":null,"rentals_and_guides":null,"passes":null,"permit_information":null,"restrictions":null,"closest_towns":"McCall, ID","water_availability":"No drinking water is available","restroom_availability":"Vault toilet(s)","operated_by":"US Forest Service","season_description":null,"directions":"Take Warren Wagon Road north for 18 miles. The trailhead will be on the right.","maximum_elevation":null,"minimum_elevation":null,"season_name":null,"site_season_start_date":null,"site_season_end_date":null,"max_nbr_people":null,"passes_accepted":null,"latitude":45.13560699999999,"longitude":-116.011016,"infra_last_update":1766410835000,"edw_last_modify":1766455600000,"globalid":"{88925132-BD2F-42A8-93C5-337236BF607C}"}},{"type":"Feature","geometry":{"type":"Point","coordinates":[-111.2014091,42.9551647]},"properties":{"objectid":2770643,"site_cn":"7381394010602","managing_org":"041555","site_id":"06620","site_name":"DEER CREEK","site_type":"TRAILHEAD","activity_type_list":"No Data","service_type_list":"No Data","seasonal_operational_status":"OPEN","op_status_reason":null,"development_status":"EXISTING","development_scale":"3","total_capacity":0,"fee_charged":"N","fee_type":null,"recarea_name":"Deer Creek","recarea_description":"DEER CREEK (Trailhead)","information_center":null,"official_designation":null,"fee_description":null,"operational_hours":null,"open_season":null,"best_season":null,"busiest_season":null,"usage_level":null,"pack_in_out":"N","public_site_name":"Deer Creek","alternative_name":null,"rec1stop_url":null,"usda_portal_url":null,"important_info":null,"rentals_and_guides":null,"passes":null,"permit_information":null,"restrictions":null,"closest_towns":null,"water_availability":null,"restroom_availability":null,"operated_by":null,"season_description":null,"directions":null,"maximum_elevation":null,"minimum_elevation":" feet","season_name":null,"site_season_start_date":null,"site_season_end_date":null,"max_nbr_people":null,"passes_accepted":null,"latitude":42.95515833,"longitude":-111.20139722,"infra_last_update":1783346700000,"edw_last_modify":1783392554000,"globalid":"{B37E6687-A05A-42FD-94D8-40AB02234650}"}},{"type":"Feature","geometry":{"type":"Point","coordinates":[-111.5504396,42.1755979]},"properties":{"objectid":2770644,"site_cn":"6635345010602","managing_org":"041553","site_id":"6635","site_name":"BLOOMINGTON LAKE HIKING TRAIL","site_type":"TRAILHEAD","activity_type_list":"No Data","service_type_list":"No Data","seasonal_operational_status":"OPEN","op_status_reason":null,"development_status":"EXISTING","development_scale":"2","total_capacity":0,"fee_charged":"N","fee_type":null,"recarea_name":"BLOOMINGTON LAKE HIKING TRAIL","recarea_description":"BLOOMINGTON LAKE HIKING TRAIL (Trailhead)\n","information_center":null,"official_designation":null,"fee_description":null,"operational_hours":null,"open_season":null,"best_season":null,"busiest_season":null,"usage_level":null,"pack_in_out":"N","public_site_name":"Bloomington-Midland Trailhead","alternative_name":null,"rec1stop_url":null,"usda_portal_url":null,"important_info":null,"rentals_and_guides":null,"passes":null,"permit_information":null,"restrictions":null,"closest_towns":null,"water_availability":null,"restroom_availability":null,"operated_by":null,"season_description":null,"directions":null,"maximum_elevation":null,"minimum_elevation":" feet","season_name":null,"site_season_start_date":null,"site_season_end_date":null,"max_nbr_people":null,"passes_accepted":null,"latitude":42.17559167,"longitude":-111.55042777999999,"infra_last_update":1775493058000,"edw_last_modify":1775527487000,"globalid":"{C33014D2-7174-4706-B79D-E49D4462949E}"}},{"type":"Feature","geometry":{"type":"Point","coordinates":[-114.8067629,44.6017522]},"properties":{"objectid":2770833,"site_cn":"5041.002901","managing_org":"041306","site_id":"62222","site_name":"PHILLIPS CREEK TRANSFER CAMP TRAILHEAD","site_type":"TRAILHEAD","activity_type_list":"No Data","service_type_list":"No Data","seasonal_operational_status":"OPEN","op_status_reason":null,"development_status":"EXISTING","development_scale":"1","total_capacity":35,"fee_charged":"N","fee_type":null,"recarea_name":"Phillips Creek Transfer Camp Trailhead","recarea_description":"PHILLIPS CREEK TRANSFER CAMP TRAILHEAD (Trailhead)","information_center":null,"official_designation":null,"fee_description":null,"operational_hours":null,"open_season":null,"best_season":null,"busiest_season":null,"usage_level":null,"pack_in_out":"Y","public_site_name":null,"alternative_name":null,"rec1stop_url":null,"usda_portal_url":null,"important_info":null,"rentals_and_guides":null,"passes":null,"permit_information":null,"restrictions":null,"closest_towns":null,"water_availability":null,"restroom_availability":null,"operated_by":null,"season_description":null,"directions":null,"maximum_elevation":null,"minimum_elevation":" feet","season_name":null,"site_season_start_date":null,"site_season_end_date":null,"max_nbr_people":null,"passes_accepted":null,"latitude":44.601746,"longitude":-114.80675000000001,"infra_last_update":1771858856000,"edw_last_modify":1771898760000,"globalid":"{5EA36835-0E75-4191-B6A3-84C2098FBB77}"}},{"type":"Feature","geometry":{"type":"Point","coordinates":[-115.3864169,43.8944591]},"properties":{"objectid":2770841,"site_cn":"7478.002731","managing_org":"040203","site_id":"6192","site_name":"HORSE HEAVEN TRAILHEAD","site_type":"TRAILHEAD","activity_type_list":"No Data","service_type_list":"No Data","seasonal_operational_status":"OPEN","op_status_reason":null,"development_status":"EXISTING","development_scale":"3","total_capacity":20,"fee_charged":"N","fee_type":null,"recarea_name":"HORSE HEAVEN TRAILHEAD","recarea_description":"The Horse Heaven Trail is about 10 miles west of Atlanta, near Swanholm Peak, and is a part of the Black Warrior/ Swanholm/Horse Heaven trail system. The trail connects Black Warrior and Horse Heaven Trails.","information_center":null,"official_designation":null,"fee_description":"No fees are required for this site","operational_hours":"Mid May - End of September","open_season":null,"best_season":null,"busiest_season":null,"usage_level":null,"pack_in_out":"Y","public_site_name":"Horse Heaven Trail","alternative_name":null,"rec1stop_url":null,"usda_portal_url":"www.fs.usda.gov/recarea/asnf/recreation/recarea/?recid=13031","important_info":null,"rentals_and_guides":null,"passes":null,"permit_information":null,"restrictions":null,"closest_towns":"Idaho City, ID","water_availability":"No water is available","restroom_availability":"No restroom available","operated_by":null,"season_description":null,"directions":"From Boise, Idaho, travel State Highway 21, northeast to Idaho City, Idaho. Turn off State Highway 21 onto Forest Service (FS) Road 384 at Edna Creek (18 miles past Idaho City). Follow FS Road 384 for 13.5 miles to the North Fork Boise River and FS Road 327. Turn upriver (left) on FS Road 327 and cross the North Fork Boise River by bridge just below Deer Park Cabin. Continue on FS Road 327 for another 2 miles to Horse Heaven Creek and Trailhead.","maximum_elevation":null,"minimum_elevation":null,"season_name":null,"site_season_start_date":null,"site_season_end_date":null,"max_nbr_people":null,"passes_accepted":null,"latitude":43.894453,"longitude":-115.386404,"infra_last_update":1753975084000,"edw_last_modify":1754013952000,"globalid":"{34E0A8A3-8419-47F5-89B2-B1656383DF18}"}},{"type":"Feature","geometry":{"type":"Point","coordinates":[-115.3672709,46.7537524]},"properties":{"objectid":2770851,"site_cn":"3894027010602","managing_org":"011753","site_id":"170603070803-001A","site_name":"NF711RD-001A","site_type":"TRAILHEAD","activity_type_list":"No Data","service_type_list":"No Data","seasonal_operational_status":"OPEN","op_status_reason":null,"development_status":"EXISTING","development_scale":"1","total_capacity":3.5,"fee_charged":"N","fee_type":null,"recarea_name":"Nf711rd-001a","recarea_description":"NF711RD-001A (Trailhead)","information_center":null,"official_designation":null,"fee_description":null,"operational_hours":null,"open_season":null,"best_season":null,"busiest_season":null,"usage_level":null,"pack_in_out":"Y","public_site_name":null,"alternative_name":null,"rec1stop_url":null,"usda_portal_url":null,"important_info":null,"rentals_and_guides":null,"passes":null,"permit_information":null,"restrictions":null,"closest_towns":null,"water_availability":null,"restroom_availability":null,"operated_by":null,"season_description":null,"directions":null,"maximum_elevation":null,"minimum_elevation":"5,269 feet","season_name":null,"site_season_start_date":null,"site_season_end_date":null,"max_nbr_people":null,"passes_accepted":null,"latitude":46.75374609,"longitude":-115.36725745,"infra_last_update":1771858856000,"edw_last_modify":1771898954000,"globalid":"{D4E637E6-2821-4EBB-9723-9059C204DA4D}"}},{"type":"Feature","geometry":{"type":"Point","coordinates":[-116.2631564,47.8299151]},"properties":{"objectid":2770966,"site_cn":"4258683010602","managing_org":"010403","site_id":"170103010201-002","site_name":"\"TRAIL 325, MM 12.1\"","site_type":"TRAILHEAD","activity_type_list":"No Data","service_type_list":"No Data","seasonal_operational_status":"OPEN","op_status_reason":null,"development_status":"EXISTING","development_scale":"1","total_capacity":3.5,"fee_charged":"N","fee_type":null,"recarea_name":"Trail 325, MM 12.1","recarea_description":"TRAIL 325, MM 12.1 (Trailhead)","information_center":null,"official_designation":null,"fee_description":null,"operational_hours":null,"open_season":null,"best_season":null,"busiest_season":null,"usage_level":null,"pack_in_out":"Y","public_site_name":"Trail 325, MM 12.1","alternative_name":null,"rec1stop_url":null,"usda_portal_url":null,"important_info":null,"rentals_and_guides":null,"passes":null,"permit_information":null,"restrictions":null,"closest_towns":null,"water_availability":null,"restroom_availability":null,"operated_by":null,"season_description":null,"directions":null,"maximum_elevation":null,"minimum_elevation":"3,035 feet","season_name":null,"site_season_start_date":null,"site_season_end_date":null,"max_nbr_people":null,"passes_accepted":null,"latitude":47.829908780000004,"longitude":-116.2631425,"infra_last_update":1783689214000,"edw_last_modify":1783738916000,"globalid":"{679DC9B5-0070-469F-99BF-E5687C48FC4B}"}},{"type":"Feature","geometry":{"type":"Point","coordinates":[-115.5983749,43.589516]},"properties":{"objectid":2770978,"site_cn":"7413.002731","managing_org":"040201","site_id":"6591","site_name":"DEVILS CREEK TRAILHEAD","site_type":"TRAILHEAD","activity_type_list":"No Data","service_type_list":"No Data","seasonal_operational_status":"OPEN","op_status_reason":null,"development_status":"EXISTING","development_scale":"2","total_capacity":35,"fee_charged":"N","fee_type":null,"recarea_name":"Devils Creek Trailhead","recarea_description":"DEVILS CREEK TRAILHEAD (Trailhead)","information_center":null,"official_designation":null,"fee_description":null,"operational_hours":null,"open_season":null,"best_season":null,"busiest_season":null,"usage_level":null,"pack_in_out":"Y","public_site_name":null,"alternative_name":null,"rec1stop_url":null,"usda_portal_url":null,"important_info":null,"rentals_and_guides":null,"passes":null,"permit_information":null,"restrictions":null,"closest_towns":null,"water_availability":null,"restroom_availability":null,"operated_by":null,"season_description":null,"directions":null,"maximum_elevation":null,"minimum_elevation":" feet","season_name":null,"site_season_start_date":null,"site_season_end_date":null,"max_nbr_people":null,"passes_accepted":null,"latitude":43.589510000000004,"longitude":-115.598362,"infra_last_update":1771858858000,"edw_last_modify":1771898606000,"globalid":"{FF1FAB6E-33F7-4B16-A84B-0B9A8FEE58A4}"}},{"type":"Feature","geometry":{"type":"Point","coordinates":[-116.578114,47.9081063]},"properties":{"objectid":2771130,"site_cn":"5870.000331","managing_org":"010403","site_id":"385","site_name":"BUNCO VISITOR ORIENTATION","site_type":"TRAILHEAD","activity_type_list":"No Data","service_type_list":"No Data","seasonal_operational_status":"OPEN","op_status_reason":null,"development_status":"EXISTING","development_scale":"4","total_capacity":50,"fee_charged":"N","fee_type":null,"recarea_name":"BUNCO VISITOR ORIENTATION","recarea_description":"BUNCO VISITOR ORIENTATION","information_center":null,"official_designation":null,"fee_description":"No fees are required for this site","operational_hours":"Open 24 hours/day","open_season":null,"best_season":null,"busiest_season":null,"usage_level":null,"pack_in_out":"Y","public_site_name":"Bunco Visitor Orientation Trailhead","alternative_name":null,"rec1stop_url":null,"usda_portal_url":null,"important_info":null,"rentals_and_guides":null,"passes":null,"permit_information":null,"restrictions":null,"closest_towns":"Hayden, ID","water_availability":null,"restroom_availability":null,"operated_by":"US Forest Service","season_description":null,"directions":null,"maximum_elevation":null,"minimum_elevation":null,"season_name":null,"site_season_start_date":null,"site_season_end_date":null,"max_nbr_people":null,"passes_accepted":null,"latitude":47.9081,"longitude":-116.5781,"infra_last_update":1766409764000,"edw_last_modify":1766455420000,"globalid":"{5D0D2CB2-E61D-457B-B8F4-7EE26324F9FF}"}},{"type":"Feature","geometry":{"type":"Point","coordinates":[-116.4499739,45.3924123]},"properties":{"objectid":2771133,"site_cn":"2920941010602","managing_org":"011701","site_id":"170602100504-003","site_name":"SR517RD-004","site_type":"TRAILHEAD","activity_type_list":"No Data","service_type_list":"No Data","seasonal_operational_status":"OPEN","op_status_reason":null,"development_status":"EXISTING","development_scale":"0","total_capacity":3.5,"fee_charged":"N","fee_type":null,"recarea_name":"Sr517rd-004","recarea_description":"SR517RD-004 (Trailhead)","information_center":null,"official_designation":null,"fee_description":null,"operational_hours":null,"open_season":null,"best_season":null,"busiest_season":null,"usage_level":null,"pack_in_out":"Y","public_site_name":null,"alternative_name":null,"rec1stop_url":null,"usda_portal_url":null,"important_info":null,"rentals_and_guides":null,"passes":null,"permit_information":null,"restrictions":null,"closest_towns":null,"water_availability":null,"restroom_availability":null,"operated_by":null,"season_description":null,"directions":null,"maximum_elevation":null,"minimum_elevation":"6,129 feet","season_name":null,"site_season_start_date":null,"site_season_end_date":null,"max_nbr_people":null,"passes_accepted":null,"latitude":45.39240624,"longitude":-116.4499605,"infra_last_update":1771858857000,"edw_last_modify":1771899107000,"globalid":"{EE2619CE-10C9-46AD-B46A-44B455847397}"}},{"type":"Feature","geometry":{"type":"Point","coordinates":[-116.628222,46.927318]},"properties":{"objectid":2771186,"site_cn":"2920503010602","managing_org":"011752","site_id":"170601080102-004","site_name":"PAL4784RD-002","site_type":"TRAILHEAD","activity_type_list":"No Data","service_type_list":"No Data","seasonal_operational_status":"OPEN","op_status_reason":null,"development_status":"EXISTING","development_scale":"1","total_capacity":3.5,"fee_charged":"N","fee_type":null,"recarea_name":"Pal4784rd-002","recarea_description":"PAL4784RD-002 (Trailhead)","information_center":null,"official_designation":null,"fee_description":null,"operational_hours":null,"open_season":null,"best_season":null,"busiest_season":null,"usage_level":null,"pack_in_out":"Y","public_site_name":null,"alternative_name":null,"rec1stop_url":null,"usda_portal_url":null,"important_info":null,"rentals_and_guides":null,"passes":null,"permit_information":null,"restrictions":null,"closest_towns":null,"water_availability":null,"restroom_availability":null,"operated_by":null,"season_description":null,"directions":null,"maximum_elevation":null,"minimum_elevation":"2,785 feet","season_name":null,"site_season_start_date":null,"site_season_end_date":null,"max_nbr_people":null,"passes_accepted":null,"latitude":46.927311790000005,"longitude":-116.62820830000001,"infra_last_update":1771858858000,"edw_last_modify":1771899116000,"globalid":"{9D6841A9-671B-41B8-BC1A-559096EEA87D}"}},{"type":"Feature","geometry":{"type":"Point","coordinates":[-115.8520191,45.9005372]},"properties":{"objectid":2771292,"site_cn":"2921331010602","managing_org":"011701","site_id":"170603050702-009","site_name":"CW244RD-006","site_type":"TRAILHEAD","activity_type_list":"No Data","service_type_list":"No Data","seasonal_operational_status":"OPEN","op_status_reason":null,"development_status":"EXISTING","development_scale":"1","total_capacity":3.5,"fee_charged":"N","fee_type":null,"recarea_name":"Cw244rd-006","recarea_description":"CW244RD-006 (Trailhead)","information_center":null,"official_designation":null,"fee_description":null,"operational_hours":null,"open_season":null,"best_season":null,"busiest_season":null,"usage_level":null,"pack_in_out":"Y","public_site_name":null,"alternative_name":null,"rec1stop_url":null,"usda_portal_url":null,"important_info":null,"rentals_and_guides":null,"passes":null,"permit_information":null,"restrictions":null,"closest_towns":null,"water_availability":null,"restroom_availability":null,"operated_by":null,"season_description":null,"directions":null,"maximum_elevation":null,"minimum_elevation":"4,839 feet","season_name":null,"site_season_start_date":null,"site_season_end_date":null,"max_nbr_people":null,"passes_accepted":null,"latitude":45.90053098,"longitude":-115.8520057,"infra_last_update":1771858856000,"edw_last_modify":1771899099000,"globalid":"{EFAAEF73-3801-44E2-8BDB-E9AE52613866}"}},{"type":"Feature","geometry":{"type":"Point","coordinates":[-114.7448149,44.3705052]},"properties":{"objectid":2771402,"site_cn":"5411.003191","managing_org":"041302","site_id":"32229","site_name":"WEST FORK YANKEE FORK TRAILHEAD","site_type":"TRAILHEAD","activity_type_list":"No Data","service_type_list":"No Data","seasonal_operational_status":"OPEN","op_status_reason":null,"development_status":"EXISTING","development_scale":"2","total_capacity":45,"fee_charged":"N","fee_type":null,"recarea_name":"West Fork Yankee Fork Trailhead","recarea_description":"WEST FORK YANKEE FORK TRAILHEAD (Trailhead)","information_center":null,"official_designation":null,"fee_description":null,"operational_hours":null,"open_season":null,"best_season":null,"busiest_season":null,"usage_level":null,"pack_in_out":"Y","public_site_name":null,"alternative_name":null,"rec1stop_url":null,"usda_portal_url":null,"important_info":null,"rentals_and_guides":null,"passes":null,"permit_information":null,"restrictions":null,"closest_towns":null,"water_availability":null,"restroom_availability":null,"operated_by":null,"season_description":null,"directions":null,"maximum_elevation":null,"minimum_elevation":" feet","season_name":null,"site_season_start_date":null,"site_season_end_date":null,"max_nbr_people":null,"passes_accepted":null,"latitude":44.370498999999995,"longitude":-114.74480199999999,"infra_last_update":1771858857000,"edw_last_modify":1771898709000,"globalid":"{360EA027-538D-4E9A-AC57-BC0C7184AEB1}"}},{"type":"Feature","geometry":{"type":"Point","coordinates":[-115.8377571,44.6560541]},"properties":{"objectid":2771495,"site_cn":"7149.002731","managing_org":"040204","site_id":"6543","site_name":"NEEDLES ROUTE TRAILHEAD","site_type":"TRAILHEAD","activity_type_list":"No Data","service_type_list":"No Data","seasonal_operational_status":"OPEN","op_status_reason":null,"development_status":"EXISTING","development_scale":"1","total_capacity":25,"fee_charged":"N","fee_type":null,"recarea_name":"Needles Route Trailhead","recarea_description":"NEEDLES ROUTE TRAILHEAD (Trailhead)","information_center":null,"official_designation":null,"fee_description":null,"operational_hours":null,"open_season":null,"best_season":null,"busiest_season":null,"usage_level":null,"pack_in_out":"Y","public_site_name":null,"alternative_name":null,"rec1stop_url":null,"usda_portal_url":null,"important_info":null,"rentals_and_guides":null,"passes":null,"permit_information":null,"restrictions":null,"closest_towns":null,"water_availability":null,"restroom_availability":null,"operated_by":null,"season_description":null,"directions":null,"maximum_elevation":null,"minimum_elevation":" feet","season_name":null,"site_season_start_date":null,"site_season_end_date":null,"max_nbr_people":null,"passes_accepted":null,"latitude":44.656048,"longitude":-115.837744,"infra_last_update":1771858856000,"edw_last_modify":1771898610000,"globalid":"{772AD553-2C39-4865-8CD3-EEF8EED44434}"}},{"type":"Feature","geometry":{"type":"Point","coordinates":[-111.3038661,43.7189814]},"properties":{"objectid":2771512,"site_cn":"6759475010602","managing_org":"041556","site_id":"0536","site_name":"HORSESHOE","site_type":"TRAILHEAD","activity_type_list":"No Data","service_type_list":"No Data","seasonal_operational_status":"OPEN","op_status_reason":null,"development_status":"EXISTING","development_scale":"2","total_capacity":75,"fee_charged":"N","fee_type":null,"recarea_name":"HORSESHOE","recarea_description":"HORSESHOE","information_center":null,"official_designation":null,"fee_description":null,"operational_hours":null,"open_season":null,"best_season":null,"busiest_season":null,"usage_level":null,"pack_in_out":"N","public_site_name":"Horseshoe Trailhead","alternative_name":null,"rec1stop_url":null,"usda_portal_url":null,"important_info":null,"rentals_and_guides":null,"passes":null,"permit_information":null,"restrictions":null,"closest_towns":null,"water_availability":"No water is available","restroom_availability":"No restroom available","operated_by":"US Forest Service","season_description":null,"directions":null,"maximum_elevation":null,"minimum_elevation":null,"season_name":null,"site_season_start_date":null,"site_season_end_date":null,"max_nbr_people":null,"passes_accepted":null,"latitude":43.718975,"longitude":-111.303854,"infra_last_update":1731690527000,"edw_last_modify":1744204321000,"globalid":"{DF766B32-A375-41A5-9218-5B02869E8609}"}},{"type":"Feature","geometry":{"type":"Point","coordinates":[-115.9530912,44.9892631]},"properties":{"objectid":2771675,"site_cn":"13070.003141","managing_org":"041204","site_id":"40111","site_name":"BOX LAKE","site_type":"TRAILHEAD","activity_type_list":"No Data","service_type_list":"No Data","seasonal_operational_status":"OPEN","op_status_reason":null,"development_status":"EXISTING","development_scale":"2","total_capacity":14,"fee_charged":"N","fee_type":null,"recarea_name":"BOX LAKE","recarea_description":"The Box Lake Trail is steep and difficult but worth the effort. The route gains 800' in the first mile. The 3.4 mile segment from the Box Lake Trailhead to the south end of Box Lake is desigted non-motorized. The 1.8 mile segment from the south end of Box Lake to the Crestline Trail #109 is open to two-wheel motorized use.","information_center":null,"official_designation":null,"fee_description":"No fees are required for this site","operational_hours":"Open 24 hours/day","open_season":null,"best_season":null,"busiest_season":null,"usage_level":null,"pack_in_out":"Y","public_site_name":"Box Lake Trailhead","alternative_name":null,"rec1stop_url":null,"usda_portal_url":"https://www.fs.usda.gov/recarea/payette/recreation/recarea/?recid=27401","important_info":null,"rentals_and_guides":null,"passes":null,"permit_information":null,"restrictions":null,"closest_towns":"McCall, ID","water_availability":"No drinking water is available","restroom_availability":"No restroom available","operated_by":"US Forest Service","season_description":null,"directions":"From McCall, follow Lick Creek Road approximately 15 miles to the trailhead.","maximum_elevation":null,"minimum_elevation":null,"season_name":null,"site_season_start_date":null,"site_season_end_date":null,"max_nbr_people":null,"passes_accepted":null,"latitude":44.989256999999995,"longitude":-115.953078,"infra_last_update":1759394008000,"edw_last_modify":1759457466000,"globalid":"{E8A68A85-412F-4322-9696-EA1F22B65EB4}"}},{"type":"Feature","geometry":{"type":"Point","coordinates":[-116.222114,48.3511063]},"properties":{"objectid":2771760,"site_cn":"4255889010602","managing_org":"010407","site_id":"170102140101-16C","site_name":"UPPER LIGHTNING -16C","site_type":"TRAILHEAD","activity_type_list":"No Data","service_type_list":"No Data","seasonal_operational_status":"OPEN","op_status_reason":null,"development_status":"EXISTING","development_scale":"2","total_capacity":3.5,"fee_charged":"N","fee_type":null,"recarea_name":"Upper Lightning -16c","recarea_description":"UPPER LIGHTNING -16C (Trailhead)","information_center":null,"official_designation":null,"fee_description":null,"operational_hours":null,"open_season":null,"best_season":null,"busiest_season":null,"usage_level":null,"pack_in_out":"Y","public_site_name":null,"alternative_name":null,"rec1stop_url":null,"usda_portal_url":null,"important_info":null,"rentals_and_guides":null,"passes":null,"permit_information":null,"restrictions":null,"closest_towns":null,"water_availability":null,"restroom_availability":null,"operated_by":null,"season_description":null,"directions":null,"maximum_elevation":null,"minimum_elevation":"4,951 feet","season_name":null,"site_season_start_date":null,"site_season_end_date":null,"max_nbr_people":null,"passes_accepted":null,"latitude":48.3511,"longitude":-116.2221,"infra_last_update":1771858859000,"edw_last_modify":1771898933000,"globalid":"{4521D0BB-4E78-4DC3-B4C5-C4B30A14CED6}"}},{"type":"Feature","geometry":{"type":"Point","coordinates":[-114.7733464,45.672784]},"properties":{"objectid":2771795,"site_cn":"5080.000271","managing_org":"010304","site_id":"31997","site_name":"KIM CREEK SADDLE TRAILHEAD","site_type":"TRAILHEAD","activity_type_list":"No Data","service_type_list":"No Data","seasonal_operational_status":"OPEN","op_status_reason":null,"development_status":"EXISTING","development_scale":"2","total_capacity":28,"fee_charged":"N","fee_type":null,"recarea_name":"KIM CREEK SADDLE TRAILHEAD","recarea_description":"Kim Creek Saddle Trailhead has adequate parking for cars. It offers access to trail #26 and #89 and the Frank Church Wilderness. Facilities include an old wooden outhouse, and hitching rails.","information_center":null,"official_designation":null,"fee_description":"No fees are required for this site","operational_hours":"71","open_season":null,"best_season":null,"busiest_season":null,"usage_level":"Heavy","pack_in_out":"Y","public_site_name":"Kim Creek Saddle Trailhead","alternative_name":null,"rec1stop_url":null,"usda_portal_url":"https://www.fs.usda.gov/recarea/bitterroot/recarea/?recid=60582","important_info":null,"rentals_and_guides":null,"passes":null,"permit_information":null,"restrictions":null,"closest_towns":"Darby, MT","water_availability":"No, drinking water is not provided","restroom_availability":"Vault Toilet(s)","operated_by":null,"season_description":null,"directions":"From Darby, MT travel south 4.3 miles on Highway 93, turn south on the West Fork Road and proceed for approximately 14.3 miles.  Turn west (right) on Forest Road 468, Nez Perce Road and travel for approximately  35 miles (Nez Perce Rd becomes Magruder Corridor.) Turn west (left) at Magruder Corridor Nez Perce Trail Rd. and continue for 6.5 miles to the trailhead.","maximum_elevation":null,"minimum_elevation":null,"season_name":null,"site_season_start_date":null,"site_season_end_date":null,"max_nbr_people":null,"passes_accepted":null,"latitude":45.67277778,"longitude":-114.7733333,"infra_last_update":1753975074000,"edw_last_modify":1754014169000,"globalid":"{885DF8EB-17EC-4B0F-AE57-75E3AA18E8CB}"}},{"type":"Feature","geometry":{"type":"Point","coordinates":[-116.0310354,47.4327827]},"properties":{"objectid":2771954,"site_cn":"4258809010602","managing_org":"010403","site_id":"170103020302-016","site_name":"TRAIL 226 TRAILHEAD","site_type":"TRAILHEAD","activity_type_list":"No Data","service_type_list":"No Data","seasonal_operational_status":"OPEN","op_status_reason":null,"development_status":"EXISTING","development_scale":"1","total_capacity":3.5,"fee_charged":"N","fee_type":null,"recarea_name":"Trail 226 Trailhead","recarea_description":"TRAIL 226 TRAILHEAD (Trailhead)","information_center":null,"official_designation":null,"fee_description":null,"operational_hours":null,"open_season":null,"best_season":null,"busiest_season":null,"usage_level":null,"pack_in_out":"Y","public_site_name":null,"alternative_name":null,"rec1stop_url":null,"usda_portal_url":null,"important_info":null,"rentals_and_guides":null,"passes":null,"permit_information":null,"restrictions":null,"closest_towns":null,"water_availability":null,"restroom_availability":null,"operated_by":null,"season_description":null,"directions":null,"maximum_elevation":null,"minimum_elevation":"5,266 feet","season_name":null,"site_season_start_date":null,"site_season_end_date":null,"max_nbr_people":null,"passes_accepted":null,"latitude":47.43277644,"longitude":-116.03102170000001,"infra_last_update":1771858857000,"edw_last_modify":1771898880000,"globalid":"{7266A467-E043-48D8-A28E-39CC792DCBCB}"}},{"type":"Feature","geometry":{"type":"Point","coordinates":[-115.3319741,45.1026862]},"properties":{"objectid":2771963,"site_cn":"12827.003141","managing_org":"041206","site_id":"60126","site_name":"LICK CREEK","site_type":"TRAILHEAD","activity_type_list":"No Data","service_type_list":"No Data","seasonal_operational_status":"OPEN","op_status_reason":null,"development_status":"EXISTING","development_scale":"3","total_capacity":42,"fee_charged":"N","fee_type":null,"recarea_name":"Lick Creek","recarea_description":"Lick Creek Trailhead has a vault toilet, but no potable water.","information_center":null,"official_designation":null,"fee_description":null,"operational_hours":null,"open_season":null,"best_season":null,"busiest_season":null,"usage_level":null,"pack_in_out":"Y","public_site_name":"Lick Creek Trailhead","alternative_name":null,"rec1stop_url":null,"usda_portal_url":"https://www.fs.usda.gov/recarea/payette/recarea/?recid=27007","important_info":null,"rentals_and_guides":null,"passes":null,"permit_information":null,"restrictions":null,"closest_towns":"Yellow Pine, ID","water_availability":null,"restroom_availability":"Vault toilet(s)","operated_by":"US Forest Service","season_description":null,"directions":null,"maximum_elevation":null,"minimum_elevation":" feet","season_name":null,"site_season_start_date":null,"site_season_end_date":null,"max_nbr_people":null,"passes_accepted":null,"latitude":45.10268,"longitude":-115.331961,"infra_last_update":1766410814000,"edw_last_modify":1766455601000,"globalid":"{DDD64439-C65E-4B73-B151-90BA45241AEB}"}},{"type":"Feature","geometry":{"type":"Point","coordinates":[-114.4161737,43.5943699]},"properties":{"objectid":2771969,"site_cn":"5576.003221","managing_org":"041403","site_id":"30006","site_name":"GREENHORN TRAILHEAD","site_type":"TRAILHEAD","activity_type_list":"No Data","service_type_list":"No Data","seasonal_operational_status":"OPEN","op_status_reason":null,"development_status":"EXISTING","development_scale":"3","total_capacity":63,"fee_charged":"N","fee_type":null,"recarea_name":"Greenhorn Trailhead","recarea_description":"Greenhorn Trailhead is one of the busiest motorized trailheads on the Ketchum Ranger District. All designated trails in the Greenhorn drainage are open to singletrack motorized use, including dirt bikes and e-bikes. Area trails are also popular with stock users. Loop opportunities from the trailhead are almost limitless - The map kiosk at the trailhead can help you plan your route. Other amenities at the trailhead include a vault toilet, picnic shelter, and fire ring.","information_center":null,"official_designation":null,"fee_description":"No fees are required for this site","operational_hours":null,"open_season":null,"best_season":null,"busiest_season":null,"usage_level":null,"pack_in_out":"Y","public_site_name":"Greenhorn Trailhead","alternative_name":null,"rec1stop_url":null,"usda_portal_url":"https://www.fs.usda.gov/recarea/sawtooth/recreation/recarea/?recid=84500","important_info":null,"rentals_and_guides":null,"passes":null,"permit_information":null,"restrictions":null,"closest_towns":"Ketchum, ID","water_availability":"No water is available","restroom_availability":"Vault toilet(s)","operated_by":"US Forest Service","season_description":null,"directions":null,"maximum_elevation":null,"minimum_elevation":" feet","season_name":null,"site_season_start_date":null,"site_season_end_date":null,"max_nbr_people":null,"passes_accepted":null,"latitude":43.59436383,"longitude":-114.416161,"infra_last_update":1766410852000,"edw_last_modify":1766455430000,"globalid":"{332232AD-ADC7-4AC4-AFF6-BBCB2C043946}"}},{"type":"Feature","geometry":{"type":"Point","coordinates":[-113.7798448,44.7925693]},"properties":{"objectid":2772038,"site_cn":"5141.003191","managing_org":"041308","site_id":"82267","site_name":"BEAR VALLEY CAMPGROUND/TRAILHEAD","site_type":"TRAILHEAD","activity_type_list":"No Data","service_type_list":"No Data","seasonal_operational_status":"OPEN","op_status_reason":null,"development_status":"EXISTING","development_scale":"2","total_capacity":30,"fee_charged":"N","fee_type":null,"recarea_name":"Bear Valley Campground/Trailhead","recarea_description":"BEAR VALLEY CAMPGROUND/TRAILHEAD (Trailhead)","information_center":null,"official_designation":null,"fee_description":null,"operational_hours":null,"open_season":null,"best_season":null,"busiest_season":null,"usage_level":null,"pack_in_out":"Y","public_site_name":null,"alternative_name":null,"rec1stop_url":null,"usda_portal_url":null,"important_info":null,"rentals_and_guides":null,"passes":null,"permit_information":null,"restrictions":null,"closest_towns":null,"water_availability":null,"restroom_availability":null,"operated_by":null,"season_description":null,"directions":null,"maximum_elevation":null,"minimum_elevation":" feet","season_name":null,"site_season_start_date":null,"site_season_end_date":null,"max_nbr_people":null,"passes_accepted":null,"latitude":44.792562999999994,"longitude":-113.779832,"infra_last_update":1771858859000,"edw_last_modify":1771898748000,"globalid":"{D9E3EB99-80D5-4E2B-A4A3-5B85B200B0BB}"}},{"type":"Feature","geometry":{"type":"Point","coordinates":[-116.393114,48.1951063]},"properties":{"objectid":2772102,"site_cn":"5864.000331","managing_org":"010406","site_id":"1521","site_name":"MINERAL POINT","site_type":"TRAILHEAD","activity_type_list":"No Data","service_type_list":"No Data","seasonal_operational_status":"OPEN","op_status_reason":null,"development_status":"EXISTING","development_scale":"3","total_capacity":35,"fee_charged":"N","fee_type":null,"recarea_name":"MINERAL POINT","recarea_description":"This is one of the most beautiful trails on the Sandpoint Ranger District and is popular with hikers and mountain bikers. Gentle grades, wildflowers and excellent views make this trail suitable for the entire family. Constructed by volunteers and dedicated to the memory of Brent Jake Jacobson who gave his life in the line of duty as a Forest Service law enforcement officer. This trail ends at Green Bay Campground on Lake Pend Oreille. There is a toilet, picnic tables and fire grills. USGS Quad(s): Packsaddle NW. View an elevation profile of the trail. View a more detailed map of the trail area.","information_center":null,"official_designation":null,"fee_description":"No fees are required for this site","operational_hours":"Open 24 hours/day","open_season":null,"best_season":null,"busiest_season":null,"usage_level":null,"pack_in_out":"Y","public_site_name":"Mineral Point Trailhead #82","alternative_name":null,"rec1stop_url":null,"usda_portal_url":"https://www.fs.usda.gov/recarea/ipnf/recarea/?recid=6809","important_info":null,"rentals_and_guides":null,"passes":null,"permit_information":null,"restrictions":"Closed to all motorized vehicles yearlong.","closest_towns":"Sandpoint, Idaho","water_availability":null,"restroom_availability":null,"operated_by":"US Forest Service","season_description":null,"directions":"From Sandpoint, take Hwy. 95 south 6 miles to Sagle Road; turn left onto Sagle Road and go 9 miles to Garfield Bay; turn left on the first road past the public boat launch and go about a quarter mile to Mineral Point Road 532; turn right onto Road 532 and follow signs to the trailhead. Road 532 also provides access to Green Bay Campground Road 2672 and Lost Lake Trail 81.","maximum_elevation":null,"minimum_elevation":null,"season_name":null,"site_season_start_date":null,"site_season_end_date":null,"max_nbr_people":null,"passes_accepted":null,"latitude":48.1951,"longitude":-116.3931,"infra_last_update":1766409761000,"edw_last_modify":1766455420000,"globalid":"{002392F4-56B9-45CC-8138-8879DB7C06FC}"}},{"type":"Feature","geometry":{"type":"Point","coordinates":[-116.1436953,45.1998951]},"properties":{"objectid":2772108,"site_cn":"6662124010602","managing_org":"041204","site_id":"40822","site_name":"UPPER HAZARD LAKE","site_type":"TRAILHEAD","activity_type_list":"No Data","service_type_list":"No Data","seasonal_operational_status":"OPEN","op_status_reason":null,"development_status":"EXISTING","development_scale":"2","total_capacity":28,"fee_charged":"N","fee_type":null,"recarea_name":"UPPER HAZARD LAKE","recarea_description":"Access to Upper Hazard Lake from the north. Upper Hazard/Hard Creek Basin Trail #169 is open to motorcycles. The area is popular for hiking, mountain bikes and motorcycles. The trailhead is just south of the Hazard Lake Campground.","information_center":null,"official_designation":null,"fee_description":null,"operational_hours":null,"open_season":null,"best_season":null,"busiest_season":null,"usage_level":null,"pack_in_out":"Y","public_site_name":"Upper Hazard Lake Trailhead","alternative_name":null,"rec1stop_url":null,"usda_portal_url":"https://www.fs.usda.gov/recarea/payette/recarea/?recid=26979","important_info":null,"rentals_and_guides":null,"passes":null,"permit_information":null,"restrictions":null,"closest_towns":"McCall, ID","water_availability":null,"restroom_availability":null,"operated_by":"US Forest Service","season_description":null,"directions":"This trailhead is about an hour from McCall. To reach the trailhead, take Highway 55 west out of McCall for four miles. Turn right onto the Goose Lake Road (tiol Forest Road 257) for about 20 miles.","maximum_elevation":null,"minimum_elevation":null,"season_name":null,"site_season_start_date":null,"site_season_end_date":null,"max_nbr_people":null,"passes_accepted":null,"latitude":45.199889000000006,"longitude":-116.14368200000001,"infra_last_update":1759394080000,"edw_last_modify":1759457368000,"globalid":"{F417A731-B20C-4648-9EAA-9DFFAA22E43F}"}},{"type":"Feature","geometry":{"type":"Point","coordinates":[-115.0353613,46.4580553]},"properties":{"objectid":2772122,"site_cn":"6302285010602","managing_org":"011755","site_id":"3612","site_name":"WEIR CREEK TRAILHEAD","site_type":"TRAILHEAD","activity_type_list":"No Data","service_type_list":"No Data","seasonal_operational_status":"OPEN","op_status_reason":null,"development_status":"EXISTING","development_scale":"2","total_capacity":17,"fee_charged":"N","fee_type":null,"recarea_name":"Weir Creek Trailhead","recarea_description":"WEIR CREEK TRAILHEAD (Trailhead)","information_center":null,"official_designation":null,"fee_description":null,"operational_hours":null,"open_season":null,"best_season":null,"busiest_season":null,"usage_level":null,"pack_in_out":"N","public_site_name":"Weir Creek Trailhead","alternative_name":null,"rec1stop_url":null,"usda_portal_url":null,"important_info":null,"rentals_and_guides":null,"passes":null,"permit_information":null,"restrictions":null,"closest_towns":null,"water_availability":null,"restroom_availability":null,"operated_by":null,"season_description":null,"directions":null,"maximum_elevation":null,"minimum_elevation":" feet","season_name":null,"site_season_start_date":null,"site_season_end_date":null,"max_nbr_people":null,"passes_accepted":null,"latitude":46.458048999999995,"longitude":-115.03534800000001,"infra_last_update":1766409723000,"edw_last_modify":1766455411000,"globalid":"{201E6EF1-448C-48E0-86B9-AB6E6FDA8030}"}},{"type":"Feature","geometry":{"type":"Point","coordinates":[-111.251677,43.7031654]},"properties":{"objectid":2772153,"site_cn":"6759463010602","managing_org":"041556","site_id":"0534","site_name":"LONG RIDGE","site_type":"TRAILHEAD","activity_type_list":"No Data","service_type_list":"No Data","seasonal_operational_status":"OPEN","op_status_reason":null,"development_status":"EXISTING","development_scale":"0","total_capacity":25,"fee_charged":"N","fee_type":null,"recarea_name":"Long Ridge","recarea_description":"LONG RIDGE (Trailhead)","information_center":null,"official_designation":null,"fee_description":null,"operational_hours":null,"open_season":null,"best_season":null,"busiest_season":null,"usage_level":null,"pack_in_out":"N","public_site_name":"Long Ridge","alternative_name":null,"rec1stop_url":null,"usda_portal_url":null,"important_info":null,"rentals_and_guides":null,"passes":null,"permit_information":null,"restrictions":null,"closest_towns":null,"water_availability":null,"restroom_availability":null,"operated_by":null,"season_description":null,"directions":null,"maximum_elevation":null,"minimum_elevation":" feet","season_name":null,"site_season_start_date":null,"site_season_end_date":null,"max_nbr_people":null,"passes_accepted":null,"latitude":43.703159,"longitude":-111.251665,"infra_last_update":1712933179000,"edw_last_modify":1744204322000,"globalid":"{CE695EA3-A9C1-4312-831D-352F03754B14}"}},{"type":"Feature","geometry":{"type":"Point","coordinates":[-116.5161439,47.6209462]},"properties":{"objectid":2772206,"site_cn":"5055.000331","managing_org":"010403","site_id":"26574","site_name":"MULLAN ROAD","site_type":"TRAILHEAD","activity_type_list":"No Data","service_type_list":"No Data","seasonal_operational_status":"OPEN","op_status_reason":null,"development_status":"EXISTING","development_scale":"4","total_capacity":100,"fee_charged":"N","fee_type":null,"recarea_name":"MULLAN ROAD","recarea_description":"MULLAN ROAD","information_center":null,"official_designation":null,"fee_description":"No fees are required for this site","operational_hours":"Open 24 hours/day","open_season":null,"best_season":null,"busiest_season":null,"usage_level":null,"pack_in_out":"N","public_site_name":"Mullan Road Trailhead","alternative_name":null,"rec1stop_url":null,"usda_portal_url":null,"important_info":null,"rentals_and_guides":null,"passes":null,"permit_information":null,"restrictions":null,"closest_towns":"Coeur d'Alene, Idaho","water_availability":null,"restroom_availability":null,"operated_by":"US Forest Service","season_description":null,"directions":null,"maximum_elevation":null,"minimum_elevation":null,"season_name":null,"site_season_start_date":null,"site_season_end_date":null,"max_nbr_people":null,"passes_accepted":null,"latitude":47.62094,"longitude":-116.51612999999999,"infra_last_update":1753975074000,"edw_last_modify":1754014184000,"globalid":"{EBC76CA2-D13D-4119-A154-C1B1A6A0AA51}"}},{"type":"Feature","geometry":{"type":"Point","coordinates":[-115.8485508,47.8091933]},"properties":{"objectid":2772430,"site_cn":"5052814010602","managing_org":"011407","site_id":"170102131001-7029","site_name":"TROUT RIDGE TH 775","site_type":"TRAILHEAD","activity_type_list":"No Data","service_type_list":"No Data","seasonal_operational_status":"OPEN","op_status_reason":null,"development_status":"EXISTING","development_scale":"1","total_capacity":3.5,"fee_charged":"N","fee_type":null,"recarea_name":"Trout Ridge Th 775","recarea_description":"TROUT RIDGE TH 775 (Trailhead)","information_center":null,"official_designation":null,"fee_description":null,"operational_hours":null,"open_season":null,"best_season":null,"busiest_season":null,"usage_level":null,"pack_in_out":"Y","public_site_name":null,"alternative_name":null,"rec1stop_url":null,"usda_portal_url":null,"important_info":null,"rentals_and_guides":null,"passes":null,"permit_information":null,"restrictions":null,"closest_towns":null,"water_availability":null,"restroom_availability":null,"operated_by":null,"season_description":null,"directions":null,"maximum_elevation":null,"minimum_elevation":" feet","season_name":null,"site_season_start_date":null,"site_season_end_date":null,"max_nbr_people":null,"passes_accepted":null,"latitude":47.809187,"longitude":-115.84853700000001,"infra_last_update":1771858857000,"edw_last_modify":1771898758000,"globalid":"{A1C11EA9-12CA-409D-AFBE-5C4D32C67377}"}},{"type":"Feature","geometry":{"type":"Point","coordinates":[-115.6786436,46.9066673]},"properties":{"objectid":2772466,"site_cn":"210207010602","managing_org":"011753","site_id":"3315","site_name":"SMITH RIDGE TRAILHEAD","site_type":"TRAILHEAD","activity_type_list":"No Data","service_type_list":"No Data","seasonal_operational_status":"OPEN","op_status_reason":null,"development_status":"EXISTING","development_scale":"2","total_capacity":10,"fee_charged":"N","fee_type":null,"recarea_name":"Smith Ridge Trailhead","recarea_description":"SMITH RIDGE TRAILHEAD (Trailhead)","information_center":null,"official_designation":null,"fee_description":null,"operational_hours":null,"open_season":null,"best_season":null,"busiest_season":null,"usage_level":null,"pack_in_out":"Y","public_site_name":null,"alternative_name":null,"rec1stop_url":null,"usda_portal_url":null,"important_info":null,"rentals_and_guides":null,"passes":null,"permit_information":null,"restrictions":null,"closest_towns":null,"water_availability":null,"restroom_availability":null,"operated_by":null,"season_description":null,"directions":null,"maximum_elevation":null,"minimum_elevation":" feet","season_name":null,"site_season_start_date":null,"site_season_end_date":null,"max_nbr_people":null,"passes_accepted":null,"latitude":46.906661,"longitude":-115.67863,"infra_last_update":1771858859000,"edw_last_modify":1771899170000,"globalid":"{FCB352A3-7B43-45E7-9CB0-71EC97601E2C}"}},{"type":"Feature","geometry":{"type":"Point","coordinates":[-111.4459121,43.6666064]},"properties":{"objectid":2772610,"site_cn":"12301010495","managing_org":"041554","site_id":"0418","site_name":"MOODY SWAMP TRAILHEAD","site_type":"TRAILHEAD","activity_type_list":"HIKING & WALKING | HORSEBACK RIDING | MOTORCYCLES & SCOOTERS","service_type_list":"PARKING | RESTROOMS","seasonal_operational_status":"OPEN","op_status_reason":null,"development_status":"EXISTING","development_scale":"3","total_capacity":45,"fee_charged":"N","fee_type":null,"recarea_name":"Moody Swamp Trailhead","recarea_description":"Off Highway Vehicles (OHV) less than or equal to 50 inches wide","information_center":null,"official_designation":null,"fee_description":"No fees are required for this site","operational_hours":"Day use only: open sunrise to sunset","open_season":null,"best_season":null,"busiest_season":null,"usage_level":null,"pack_in_out":"Y","public_site_name":"Moody Swamp Trailhead","alternative_name":null,"rec1stop_url":null,"usda_portal_url":"https://www.fs.usda.gov/recarea/ctnf/recreation/recarea/?recid=54745&actid=50","important_info":null,"rentals_and_guides":null,"passes":null,"permit_information":null,"restrictions":null,"closest_towns":"Ririe, Idaho","water_availability":"No water is available","restroom_availability":"Vault toilet(s)","operated_by":"US Forest Service","season_description":null,"directions":"From Heise head south east on E Heise road for 1.3 miles. Continue straight onto E Kelly Canyon Ro for 3.5 miles. Turn right on Forest Rd 218 and follow for 10.5 miles. Turn right on Forest Road 651 and follow for 1.9 miles until you reach your destition.","maximum_elevation":null,"minimum_elevation":"7,000 feet","season_name":null,"site_season_start_date":null,"site_season_end_date":null,"max_nbr_people":null,"passes_accepted":null,"latitude":43.6666,"longitude":-111.4459,"infra_last_update":1753975087000,"edw_last_modify":1754014282000,"globalid":"{2989E380-86E9-40AC-B81C-74824625B6A2}"}},{"type":"Feature","geometry":{"type":"Point","coordinates":[-115.1446248,43.7690321]},"properties":{"objectid":2772745,"site_cn":"7483.002731","managing_org":"040203","site_id":"6194","site_name":"TRAIL CREEK TRAILHEAD","site_type":"TRAILHEAD","activity_type_list":"No Data","service_type_list":"No Data","seasonal_operational_status":"OPEN","op_status_reason":null,"development_status":"EXISTING","development_scale":"1","total_capacity":20,"fee_charged":"N","fee_type":null,"recarea_name":"Trail Creek Trailhead","recarea_description":"TRAIL CREEK TRAILHEAD (Trailhead)","information_center":null,"official_designation":null,"fee_description":null,"operational_hours":null,"open_season":null,"best_season":null,"busiest_season":null,"usage_level":null,"pack_in_out":"Y","public_site_name":null,"alternative_name":null,"rec1stop_url":null,"usda_portal_url":null,"important_info":null,"rentals_and_guides":null,"passes":null,"permit_information":null,"restrictions":null,"closest_towns":null,"water_availability":null,"restroom_availability":null,"operated_by":null,"season_description":null,"directions":null,"maximum_elevation":null,"minimum_elevation":" feet","season_name":null,"site_season_start_date":null,"site_season_end_date":null,"max_nbr_people":null,"passes_accepted":null,"latitude":43.769026,"longitude":-115.144612,"infra_last_update":1771858859000,"edw_last_modify":1771898604000,"globalid":"{07E72C93-9697-46D0-8B1C-124A978A6C6D}"}},{"type":"Feature","geometry":{"type":"Point","coordinates":[-115.7840731,44.4779961]},"properties":{"objectid":2772972,"site_cn":"7437.002731","managing_org":"040204","site_id":"6361","site_name":"LIGGET CREEK TRAILHEAD","site_type":"TRAILHEAD","activity_type_list":"No Data","service_type_list":"No Data","seasonal_operational_status":"OPEN","op_status_reason":null,"development_status":"EXISTING","development_scale":"1","total_capacity":15,"fee_charged":"N","fee_type":null,"recarea_name":"Ligget Creek Trailhead","recarea_description":"LIGGET CREEK TRAILHEAD (Trailhead)","information_center":null,"official_designation":null,"fee_description":null,"operational_hours":null,"open_season":null,"best_season":null,"busiest_season":null,"usage_level":null,"pack_in_out":"Y","public_site_name":null,"alternative_name":null,"rec1stop_url":null,"usda_portal_url":null,"important_info":null,"rentals_and_guides":null,"passes":null,"permit_information":null,"restrictions":null,"closest_towns":null,"water_availability":null,"restroom_availability":null,"operated_by":null,"season_description":null,"directions":null,"maximum_elevation":null,"minimum_elevation":" feet","season_name":null,"site_season_start_date":null,"site_season_end_date":null,"max_nbr_people":null,"passes_accepted":null,"latitude":44.47799,"longitude":-115.78406000000001,"infra_last_update":1771858857000,"edw_last_modify":1771898605000,"globalid":"{8CE955BE-0324-48E9-8A7F-9B40DC998770}"}},{"type":"Feature","geometry":{"type":"Point","coordinates":[-115.5479795,45.6953364]},"properties":{"objectid":2773009,"site_cn":"2921155010602","managing_org":"011705","site_id":"170603050302-031","site_name":"RR233RD-022","site_type":"TRAILHEAD","activity_type_list":"No Data","service_type_list":"No Data","seasonal_operational_status":"OPEN","op_status_reason":null,"development_status":"EXISTING","development_scale":"0","total_capacity":3.5,"fee_charged":"N","fee_type":null,"recarea_name":"Rr233rd-022","recarea_description":"RR233RD-022 (Trailhead)","information_center":null,"official_designation":null,"fee_description":null,"operational_hours":null,"open_season":null,"best_season":null,"busiest_season":null,"usage_level":null,"pack_in_out":"Y","public_site_name":null,"alternative_name":null,"rec1stop_url":null,"usda_portal_url":null,"important_info":null,"rentals_and_guides":null,"passes":null,"permit_information":null,"restrictions":null,"closest_towns":null,"water_availability":null,"restroom_availability":null,"operated_by":null,"season_description":null,"directions":null,"maximum_elevation":null,"minimum_elevation":"4,626 feet","season_name":null,"site_season_start_date":null,"site_season_end_date":null,"max_nbr_people":null,"passes_accepted":null,"latitude":45.695330170000005,"longitude":-115.5479662,"infra_last_update":1771858857000,"edw_last_modify":1771899103000,"globalid":"{7DEE3B36-8025-42EB-AEBD-343F4EE3D063}"}},{"type":"Feature","geometry":{"type":"Point","coordinates":[-116.5712191,48.6348446]},"properties":{"objectid":2773011,"site_cn":"5188.000331","managing_org":"010407","site_id":"1548","site_name":"ROMAN NOSE TRAILHEAD","site_type":"TRAILHEAD","activity_type_list":"No Data","service_type_list":"No Data","seasonal_operational_status":"OPEN","op_status_reason":null,"development_status":"EXISTING","development_scale":"3","total_capacity":35,"fee_charged":"N","fee_type":null,"recarea_name":"ROMAN NOSE TRAILHEAD","recarea_description":"ROMAN NOSE TRAILHEAD","information_center":null,"official_designation":null,"fee_description":"No fees are required for this site","operational_hours":"Open 24 hours/day","open_season":null,"best_season":null,"busiest_season":null,"usage_level":null,"pack_in_out":"Y","public_site_name":"Roman Nose Trailhead","alternative_name":null,"rec1stop_url":null,"usda_portal_url":null,"important_info":null,"rentals_and_guides":null,"passes":null,"permit_information":null,"restrictions":null,"closest_towns":"Bonners Ferry, ID","water_availability":null,"restroom_availability":null,"operated_by":"US Forest Service","season_description":null,"directions":null,"maximum_elevation":null,"minimum_elevation":null,"season_name":null,"site_season_start_date":null,"site_season_end_date":null,"max_nbr_people":null,"passes_accepted":null,"latitude":48.63483833,"longitude":-116.571205,"infra_last_update":1766409762000,"edw_last_modify":1766455492000,"globalid":"{18C3073B-91FD-4EC5-95B0-3AFD46CC015A}"}},{"type":"Feature","geometry":{"type":"Point","coordinates":[-115.8841984,45.8254352]},"properties":{"objectid":2773196,"site_cn":"5000.000961","managing_org":"011701","site_id":"36392","site_name":"JOHN'S CREEK","site_type":"TRAILHEAD","activity_type_list":"No Data","service_type_list":"No Data","seasonal_operational_status":"OPEN","op_status_reason":null,"development_status":"EXISTING","development_scale":"3","total_capacity":53,"fee_charged":"N","fee_type":null,"recarea_name":"JOHN'S CREEK","recarea_description":"This trail system includes trails #401 Frank Brown, #407 Snoose Creek, #431 Driveway, and #478 Blue Ridge. These are accessible by a pack bridge on the South Fork of the Clearwater River along Highway 14. A 10-mile loop can be made by taking Trail #478 to its end, cutting west on Trail #401 to the Gilmore Ranch, and back to the South Fork Clearwater River on Trail #407. The first 1/2-mile of the trail is rather steep, and not characteristic of the entire trail system.","information_center":null,"official_designation":null,"fee_description":"No fees are required for this site","operational_hours":"Open 24 hours/day","open_season":null,"best_season":null,"busiest_season":null,"usage_level":null,"pack_in_out":"Y","public_site_name":"John's Creek Trailhead","alternative_name":null,"rec1stop_url":null,"usda_portal_url":"https://www.fs.usda.gov/recarea/nezperceclearwater/recarea/?recid=16588","important_info":null,"rentals_and_guides":null,"passes":null,"permit_information":null,"restrictions":null,"closest_towns":"Grangeville, ID","water_availability":"No drinking water is available","restroom_availability":"Vault toilet(s)","operated_by":"US Forest Service","season_description":null,"directions":"From the east end of Grangeville, turn south on the Grangeville Salmon Road. Follow the road left at the drive-in theater toward the small town of Mt. Idaho. Continue on the Mt. Idaho Grade, and junction with State Highway 14 headed toward Elk City. About 21 miles from Grangeville, look for a Forest Service sign alerting you to Johns Creek and a footbridge crossing the South Fork Clearwater River.","maximum_elevation":null,"minimum_elevation":null,"season_name":null,"site_season_start_date":null,"site_season_end_date":null,"max_nbr_people":null,"passes_accepted":null,"latitude":45.825429,"longitude":-115.884185,"infra_last_update":1753975076000,"edw_last_modify":1754014230000,"globalid":"{EA676F02-46EE-4C7F-9B43-180B946DE154}"}},{"type":"Feature","geometry":{"type":"Point","coordinates":[-112.9885125,44.0664063]},"properties":{"objectid":2773234,"site_cn":"5108.003281","managing_org":"041551","site_id":"0106","site_name":"EIGHTMILE TRAILHEAD","site_type":"TRAILHEAD","activity_type_list":"No Data","service_type_list":"No Data","seasonal_operational_status":"OPEN","op_status_reason":null,"development_status":"EXISTING","development_scale":"3","total_capacity":30,"fee_charged":"N","fee_type":null,"recarea_name":"EIGHTMILE TRAILHEAD","recarea_description":"Non motorized Trailhead","information_center":null,"official_designation":null,"fee_description":"No fees are required for this site","operational_hours":"Day use only; no overnight camping allowed","open_season":null,"best_season":null,"busiest_season":null,"usage_level":null,"pack_in_out":"Y","public_site_name":"Eightmile Trailhead","alternative_name":null,"rec1stop_url":null,"usda_portal_url":"https://www.fs.usda.gov/recarea/ctnf/recarea/?recid=54023","important_info":null,"rentals_and_guides":null,"passes":null,"permit_information":null,"restrictions":null,"closest_towns":"Dubois, Idaho","water_availability":"No water is available","restroom_availability":"No restroom available","operated_by":"US Forest Service","season_description":null,"directions":"Located 46 miles west of Dubois, ID. Off State Highway 28, turn west at Eightmile sign and follow around to the end of FS Rd #173,","maximum_elevation":null,"minimum_elevation":null,"season_name":null,"site_season_start_date":null,"site_season_end_date":null,"max_nbr_people":null,"passes_accepted":null,"latitude":44.0664,"longitude":-112.9885,"infra_last_update":1766410943000,"edw_last_modify":1766455521000,"globalid":"{97CB0F94-C827-4D2E-AEF1-593765A70384}"}},{"type":"Feature","geometry":{"type":"Point","coordinates":[-114.4172126,43.2785261]},"properties":{"objectid":2773248,"site_cn":"5572.003221","managing_org":"041403","site_id":"30002","site_name":"OREGON GULCH TRAILHEAD","site_type":"TRAILHEAD","activity_type_list":"No Data","service_type_list":"No Data","seasonal_operational_status":"OPEN","op_status_reason":null,"development_status":"EXISTING","development_scale":"3","total_capacity":65,"fee_charged":"N","fee_type":null,"recarea_name":"Oregon Gulch Trailhead","recarea_description":"This trailhead provides access to Oregon Gulch Tr. No. 183 and Saddle Tr. No. 326. Oregon Gulch Trail is open to singletrack motorized vehicles, like e-bikes and dirt bikes, from May 1 - Aug. 29. Saddle Trail is open to non-motorized uses and connects to Chocolate Gulch Tr. No. 312. There is a vault toilet located at the trailhead.","information_center":null,"official_designation":null,"fee_description":"No fees are required for this site","operational_hours":null,"open_season":null,"best_season":null,"busiest_season":null,"usage_level":null,"pack_in_out":"Y","public_site_name":"Oregon Gulch Trailhead","alternative_name":null,"rec1stop_url":null,"usda_portal_url":"https://www.fs.usda.gov/recarea/sawtooth/recarea/?recid=5867","important_info":null,"rentals_and_guides":null,"passes":null,"permit_information":null,"restrictions":null,"closest_towns":"Ketchum, ID","water_availability":"No water is available","restroom_availability":"Vault toilet(s)","operated_by":"US Forest Service","season_description":null,"directions":null,"maximum_elevation":null,"minimum_elevation":" feet","season_name":null,"site_season_start_date":null,"site_season_end_date":null,"max_nbr_people":null,"passes_accepted":null,"latitude":43.27852,"longitude":-114.4172,"infra_last_update":1759394020000,"edw_last_modify":1759457381000,"globalid":"{7EB0D190-ADDD-42DD-A08E-B7A67AD72B8B}"}},{"type":"Feature","geometry":{"type":"Point","coordinates":[-115.9481133,45.4525061]},"properties":{"objectid":2773293,"site_cn":"5801.000961","managing_org":"011701","site_id":"36221","site_name":"CAREY CREEK","site_type":"TRAILHEAD","activity_type_list":"No Data","service_type_list":"No Data","seasonal_operational_status":"OPEN","op_status_reason":null,"development_status":"EXISTING","development_scale":"3","total_capacity":11,"fee_charged":"N","fee_type":null,"recarea_name":"CAREY CREEK","recarea_description":"CAREY CREEK","information_center":null,"official_designation":null,"fee_description":"No fees are required for this site","operational_hours":"Open 24 hours/day","open_season":null,"best_season":null,"busiest_season":null,"usage_level":null,"pack_in_out":"Y","public_site_name":"Carey Creek Trailhead","alternative_name":null,"rec1stop_url":null,"usda_portal_url":null,"important_info":null,"rentals_and_guides":null,"passes":null,"permit_information":null,"restrictions":null,"closest_towns":"Riggins, ID","water_availability":null,"restroom_availability":null,"operated_by":"US Forest Service","season_description":null,"directions":null,"maximum_elevation":null,"minimum_elevation":null,"season_name":null,"site_season_start_date":null,"site_season_end_date":null,"max_nbr_people":null,"passes_accepted":null,"latitude":45.4525,"longitude":-115.9481,"infra_last_update":1753975076000,"edw_last_modify":1754013995000,"globalid":"{DC696E7A-D588-4810-91E3-0C51F342AB8D}"}},{"type":"Feature","geometry":{"type":"Point","coordinates":[-116.5562604,46.9863095]},"properties":{"objectid":2773370,"site_cn":"2920475010602","managing_org":"011752","site_id":"170601080101-012","site_name":"PAL767RD-009","site_type":"TRAILHEAD","activity_type_list":"No Data","service_type_list":"No Data","seasonal_operational_status":"OPEN","op_status_reason":null,"development_status":"EXISTING","development_scale":"1","total_capacity":3.5,"fee_charged":"N","fee_type":null,"recarea_name":"Pal767rd-009","recarea_description":"PAL767RD-009 (Trailhead)","information_center":null,"official_designation":null,"fee_description":null,"operational_hours":null,"open_season":null,"best_season":null,"busiest_season":null,"usage_level":null,"pack_in_out":"Y","public_site_name":null,"alternative_name":null,"rec1stop_url":null,"usda_portal_url":null,"important_info":null,"rentals_and_guides":null,"passes":null,"permit_information":null,"restrictions":null,"closest_towns":null,"water_availability":null,"restroom_availability":null,"operated_by":null,"season_description":null,"directions":null,"maximum_elevation":null,"minimum_elevation":"2,913 feet","season_name":null,"site_season_start_date":null,"site_season_end_date":null,"max_nbr_people":null,"passes_accepted":null,"latitude":46.98630327,"longitude":-116.5562467,"infra_last_update":1771858858000,"edw_last_modify":1771899117000,"globalid":"{F45BC26A-5F8C-4CF8-9227-09E0E0D2820A}"}},{"type":"Feature","geometry":{"type":"Point","coordinates":[-116.7895363,44.728797]},"properties":{"objectid":2773396,"site_cn":"6623301010602","managing_org":"041202","site_id":"20128","site_name":"CRACKERJACK","site_type":"TRAILHEAD","activity_type_list":"No Data","service_type_list":"No Data","seasonal_operational_status":"OPEN","op_status_reason":null,"development_status":"EXISTING","development_scale":"2","total_capacity":28,"fee_charged":"N","fee_type":null,"recarea_name":"Crackerjack","recarea_description":"CRACKERJACK (Trailhead)","information_center":null,"official_designation":null,"fee_description":null,"operational_hours":null,"open_season":null,"best_season":null,"busiest_season":null,"usage_level":null,"pack_in_out":"Y","public_site_name":null,"alternative_name":null,"rec1stop_url":null,"usda_portal_url":null,"important_info":null,"rentals_and_guides":null,"passes":null,"permit_information":null,"restrictions":null,"closest_towns":null,"water_availability":null,"restroom_availability":null,"operated_by":null,"season_description":null,"directions":null,"maximum_elevation":null,"minimum_elevation":" feet","season_name":null,"site_season_start_date":null,"site_season_end_date":null,"max_nbr_people":null,"passes_accepted":null,"latitude":44.728791,"longitude":-116.789523,"infra_last_update":1771858857000,"edw_last_modify":1771898626000,"globalid":"{7EE7F910-02B2-4397-9B45-B25B72614BEA}"}},{"type":"Feature","geometry":{"type":"Point","coordinates":[-115.7822888,45.9321418]},"properties":{"objectid":2773458,"site_cn":"2921257010602","managing_org":"011701","site_id":"170603050506-001","site_name":"CW244RD-011","site_type":"TRAILHEAD","activity_type_list":"No Data","service_type_list":"No Data","seasonal_operational_status":"OPEN","op_status_reason":null,"development_status":"EXISTING","development_scale":"1","total_capacity":3.5,"fee_charged":"N","fee_type":null,"recarea_name":"Cw244rd-011","recarea_description":"CW244RD-011 (Trailhead)","information_center":null,"official_designation":null,"fee_description":null,"operational_hours":null,"open_season":null,"best_season":null,"busiest_season":null,"usage_level":null,"pack_in_out":"Y","public_site_name":null,"alternative_name":null,"rec1stop_url":null,"usda_portal_url":null,"important_info":null,"rentals_and_guides":null,"passes":null,"permit_information":null,"restrictions":null,"closest_towns":null,"water_availability":null,"restroom_availability":null,"operated_by":null,"season_description":null,"directions":null,"maximum_elevation":null,"minimum_elevation":"5,938 feet","season_name":null,"site_season_start_date":null,"site_season_end_date":null,"max_nbr_people":null,"passes_accepted":null,"latitude":45.932135599999995,"longitude":-115.7822754,"infra_last_update":1771858857000,"edw_last_modify":1771899101000,"globalid":"{9DB09994-836D-4C2C-B1E0-27D36947122B}"}},{"type":"Feature","geometry":{"type":"Point","coordinates":[-115.1936881,45.7802364]},"properties":{"objectid":2773479,"site_cn":"2921043010602","managing_org":"011705","site_id":"170603050102-009","site_name":"RR1166RD-003","site_type":"TRAILHEAD","activity_type_list":"No Data","service_type_list":"No Data","seasonal_operational_status":"OPEN","op_status_reason":null,"development_status":"EXISTING","development_scale":"1","total_capacity":3.5,"fee_charged":"N","fee_type":null,"recarea_name":"Rr1166rd-003","recarea_description":"RR1166RD-003 (Trailhead)","information_center":null,"official_designation":null,"fee_description":null,"operational_hours":null,"open_season":null,"best_season":null,"busiest_season":null,"usage_level":null,"pack_in_out":"Y","public_site_name":null,"alternative_name":null,"rec1stop_url":null,"usda_portal_url":null,"important_info":null,"rentals_and_guides":null,"passes":null,"permit_information":null,"restrictions":null,"closest_towns":null,"water_availability":null,"restroom_availability":null,"operated_by":null,"season_description":null,"directions":null,"maximum_elevation":null,"minimum_elevation":"4,872 feet","season_name":null,"site_season_start_date":null,"site_season_end_date":null,"max_nbr_people":null,"passes_accepted":null,"latitude":45.78023014,"longitude":-115.1936749,"infra_last_update":1771858855000,"edw_last_modify":1771899105000,"globalid":"{8F19543A-F593-413A-99AE-BE62E32EA058}"}},{"type":"Feature","geometry":{"type":"Point","coordinates":[-115.7136401,46.2967747]},"properties":{"objectid":2773520,"site_cn":"210249010602","managing_org":"011755","site_id":"3523","site_name":"LEWIS AND CLARK GROVE TRAILHEAD","site_type":"TRAILHEAD","activity_type_list":"No Data","service_type_list":"No Data","seasonal_operational_status":"OPEN","op_status_reason":null,"development_status":"EXISTING","development_scale":"2","total_capacity":11,"fee_charged":"N","fee_type":null,"recarea_name":"Lewis And Clark Grove Trailhead","recarea_description":"LEWIS AND CLARK GROVE TRAILHEAD (Trailhead)","information_center":null,"official_designation":null,"fee_description":null,"operational_hours":null,"open_season":null,"best_season":null,"busiest_season":null,"usage_level":null,"pack_in_out":"Y","public_site_name":"Lewis And Clark Grove Trailhead","alternative_name":null,"rec1stop_url":null,"usda_portal_url":null,"important_info":null,"rentals_and_guides":null,"passes":null,"permit_information":null,"restrictions":null,"closest_towns":null,"water_availability":null,"restroom_availability":null,"operated_by":null,"season_description":null,"directions":null,"maximum_elevation":null,"minimum_elevation":" feet","season_name":null,"site_season_start_date":null,"site_season_end_date":null,"max_nbr_people":null,"passes_accepted":null,"latitude":46.29676844,"longitude":-115.71362671,"infra_last_update":1766409717000,"edw_last_modify":1766455590000,"globalid":"{BAA9B024-C72D-4FB0-A498-FFC4BFCCC41E}"}},{"type":"Feature","geometry":{"type":"Point","coordinates":[-115.9236013,45.6026661]},"properties":{"objectid":2773576,"site_cn":"251711010602","managing_org":"011701","site_id":"2039","site_name":"SLATE LAKES TH","site_type":"TRAILHEAD","activity_type_list":"No Data","service_type_list":"No Data","seasonal_operational_status":"OPEN","op_status_reason":null,"development_status":"EXISTING","development_scale":"3","total_capacity":7,"fee_charged":"N","fee_type":null,"recarea_name":"SLATE LAKES TH","recarea_description":"SLATE LAKES TH","information_center":null,"official_designation":null,"fee_description":"No fees are required for this site","operational_hours":"Open 24 hours/day","open_season":null,"best_season":null,"busiest_season":null,"usage_level":null,"pack_in_out":"Y","public_site_name":"Slate Lakes Trailhead","alternative_name":null,"rec1stop_url":null,"usda_portal_url":null,"important_info":null,"rentals_and_guides":null,"passes":null,"permit_information":null,"restrictions":null,"closest_towns":"Grangeville, ID","water_availability":null,"restroom_availability":"Vault toilet(s)","operated_by":"US Forest Service","season_description":null,"directions":null,"maximum_elevation":null,"minimum_elevation":null,"season_name":null,"site_season_start_date":null,"site_season_end_date":null,"max_nbr_people":null,"passes_accepted":null,"latitude":45.60266,"longitude":-115.92358800000001,"infra_last_update":1753975077000,"edw_last_modify":1754014254000,"globalid":"{CB563414-AE50-41F2-81BB-0603EBE2A534}"}},{"type":"Feature","geometry":{"type":"Point","coordinates":[-116.7983343,44.707614]},"properties":{"objectid":2773629,"site_cn":"6623302010602","managing_org":"041202","site_id":"20129","site_name":"LITTLE PINE CREEK","site_type":"TRAILHEAD","activity_type_list":"No Data","service_type_list":"No Data","seasonal_operational_status":"OPEN","op_status_reason":null,"development_status":"EXISTING","development_scale":"2","total_capacity":7,"fee_charged":"N","fee_type":null,"recarea_name":"Little Pine Creek","recarea_description":"LITTLE PINE CREEK (Trailhead)","information_center":null,"official_designation":null,"fee_description":null,"operational_hours":null,"open_season":null,"best_season":null,"busiest_season":null,"usage_level":null,"pack_in_out":"Y","public_site_name":null,"alternative_name":null,"rec1stop_url":null,"usda_portal_url":null,"important_info":null,"rentals_and_guides":null,"passes":null,"permit_information":null,"restrictions":null,"closest_towns":null,"water_availability":null,"restroom_availability":null,"operated_by":null,"season_description":null,"directions":null,"maximum_elevation":null,"minimum_elevation":" feet","season_name":null,"site_season_start_date":null,"site_season_end_date":null,"max_nbr_people":null,"passes_accepted":null,"latitude":44.707608,"longitude":-116.798321,"infra_last_update":1771858855000,"edw_last_modify":1771898626000,"globalid":"{3545C4D5-8F7A-4DD5-AA6F-61D7AE88B18E}"}},{"type":"Feature","geometry":{"type":"Point","coordinates":[-115.4619775,46.9901463]},"properties":{"objectid":2773683,"site_cn":"10627010359","managing_org":"010404","site_id":"2160","site_name":"TABLE CAMP","site_type":"TRAILHEAD","activity_type_list":"No Data","service_type_list":"No Data","seasonal_operational_status":"OPEN","op_status_reason":null,"development_status":"EXISTING","development_scale":"3","total_capacity":46,"fee_charged":"N","fee_type":null,"recarea_name":"TABLE CAMP","recarea_description":"TABLE CAMP","information_center":null,"official_designation":null,"fee_description":"No fees are required for this site","operational_hours":"Open 24 hours/day","open_season":null,"best_season":null,"busiest_season":null,"usage_level":null,"pack_in_out":"Y","public_site_name":"Table Camp Trailhead","alternative_name":null,"rec1stop_url":null,"usda_portal_url":null,"important_info":null,"rentals_and_guides":null,"passes":null,"permit_information":null,"restrictions":null,"closest_towns":"Mullan, ID","water_availability":null,"restroom_availability":"Vault toilet(s)","operated_by":"US Forest Service","season_description":null,"directions":null,"maximum_elevation":null,"minimum_elevation":null,"season_name":null,"site_season_start_date":null,"site_season_end_date":null,"max_nbr_people":null,"passes_accepted":null,"latitude":46.99014,"longitude":-115.461964,"infra_last_update":1766409737000,"edw_last_modify":1766455615000,"globalid":"{891A8476-FD51-42C0-A4E7-82CEBE3AA530}"}},{"type":"Feature","geometry":{"type":"Point","coordinates":[-114.0876129,45.0937063]},"properties":{"objectid":2773919,"site_cn":"5393.003191","managing_org":"041301","site_id":"12207","site_name":"WILLIAMS CREEK SUMMIT TRAILHEAD","site_type":"TRAILHEAD","activity_type_list":"No Data","service_type_list":"No Data","seasonal_operational_status":"OPEN","op_status_reason":null,"development_status":"EXISTING","development_scale":"3","total_capacity":50,"fee_charged":"N","fee_type":null,"recarea_name":"Williams Creek Summit Trailhead","recarea_description":"WILLIAMS CREEK SUMMIT TRAILHEAD (Trailhead)","information_center":null,"official_designation":null,"fee_description":null,"operational_hours":null,"open_season":null,"best_season":null,"busiest_season":null,"usage_level":null,"pack_in_out":"Y","public_site_name":"Williams Creek Summit Trailhead","alternative_name":null,"rec1stop_url":null,"usda_portal_url":null,"important_info":null,"rentals_and_guides":null,"passes":null,"permit_information":null,"restrictions":null,"closest_towns":null,"water_availability":null,"restroom_availability":null,"operated_by":null,"season_description":null,"directions":null,"maximum_elevation":null,"minimum_elevation":" feet","season_name":null,"site_season_start_date":null,"site_season_end_date":null,"max_nbr_people":null,"passes_accepted":null,"latitude":45.0937,"longitude":-114.0876,"infra_last_update":1744209511000,"edw_last_modify":1744252447000,"globalid":"{889FE65F-3A00-4EF6-BF7E-F73086828EE7}"}},{"type":"Feature","geometry":{"type":"Point","coordinates":[-115.5615972,45.4510833]},"properties":{"objectid":2774084,"site_cn":"2920635010602","managing_org":"011705","site_id":"170602071101-003","site_name":"RR222RD-005","site_type":"TRAILHEAD","activity_type_list":"No Data","service_type_list":"No Data","seasonal_operational_status":"OPEN","op_status_reason":null,"development_status":"EXISTING","development_scale":"0","total_capacity":3.5,"fee_charged":"N","fee_type":null,"recarea_name":"Rr222rd-005","recarea_description":"RR222RD-005 (Trailhead)","information_center":null,"official_designation":null,"fee_description":null,"operational_hours":null,"open_season":null,"best_season":null,"busiest_season":null,"usage_level":null,"pack_in_out":"Y","public_site_name":null,"alternative_name":null,"rec1stop_url":null,"usda_portal_url":null,"important_info":null,"rentals_and_guides":null,"passes":null,"permit_information":null,"restrictions":null,"closest_towns":null,"water_availability":null,"restroom_availability":null,"operated_by":null,"season_description":null,"directions":null,"maximum_elevation":null,"minimum_elevation":"5,892 feet","season_name":null,"site_season_start_date":null,"site_season_end_date":null,"max_nbr_people":null,"passes_accepted":null,"latitude":45.45107716,"longitude":-115.561584,"infra_last_update":1771858852000,"edw_last_modify":1771899114000,"globalid":"{51B4C65A-622E-4630-9AFE-6DACDFC2584E}"}},{"type":"Feature","geometry":{"type":"Point","coordinates":[-111.222831,43.6512924]},"properties":{"objectid":2774289,"site_cn":"6759449010602","managing_org":"041556","site_id":"0532","site_name":"DRY HENDERSON","site_type":"TRAILHEAD","activity_type_list":"No Data","service_type_list":"No Data","seasonal_operational_status":"OPEN","op_status_reason":null,"development_status":"EXISTING","development_scale":"1","total_capacity":25,"fee_charged":"N","fee_type":null,"recarea_name":"Dry Henderson","recarea_description":"DRY HENDERSON (Trailhead)","information_center":null,"official_designation":null,"fee_description":null,"operational_hours":null,"open_season":null,"best_season":null,"busiest_season":null,"usage_level":null,"pack_in_out":"N","public_site_name":null,"alternative_name":null,"rec1stop_url":null,"usda_portal_url":null,"important_info":null,"rentals_and_guides":null,"passes":null,"permit_information":null,"restrictions":null,"closest_towns":null,"water_availability":null,"restroom_availability":null,"operated_by":null,"season_description":null,"directions":null,"maximum_elevation":null,"minimum_elevation":" feet","season_name":null,"site_season_start_date":null,"site_season_end_date":null,"max_nbr_people":null,"passes_accepted":null,"latitude":43.651286000000006,"longitude":-111.222819,"infra_last_update":1771858855000,"edw_last_modify":1771898621000,"globalid":"{988E7D0A-4A21-40DD-BCD8-A2DDB0C86EA2}"}},{"type":"Feature","geometry":{"type":"Point","coordinates":[-116.6268221,48.6657493]},"properties":{"objectid":2774318,"site_cn":"236441010602","managing_org":"010406","site_id":"407","site_name":"HARRISON LAKE","site_type":"TRAILHEAD","activity_type_list":"No Data","service_type_list":"No Data","seasonal_operational_status":"OPEN","op_status_reason":null,"development_status":"EXISTING","development_scale":"2","total_capacity":10,"fee_charged":"N","fee_type":null,"recarea_name":"Harrison Lake","recarea_description":"One of the most popular trails on the Sandpoint Ranger District, this trail provides access to a beautiful mountain lake.There are views of the Pack River drainage and the Selkirk Crest along the entire route.There are several nice campsites and a bear proof food storage container at the lake.Not recommended for horses.The access road is very rough and the trail crosses several areas of slab rock.USGS Quad(s): The WigwamsView an elevation profile of the trail.View a more detailed map of the trail area.","information_center":null,"official_designation":null,"fee_description":null,"operational_hours":null,"open_season":null,"best_season":null,"busiest_season":null,"usage_level":null,"pack_in_out":"Y","public_site_name":"Harrison Lake","alternative_name":null,"rec1stop_url":null,"usda_portal_url":"https://www.fs.usda.gov/recarea/ipnf/recarea/?recid=6811","important_info":null,"rentals_and_guides":null,"passes":null,"permit_information":null,"restrictions":"Closed to all motorized vehicles April 1 to November 15 except snowmobiles. Not recommended for horses.","closest_towns":"Sandpoint, Idaho","water_availability":null,"restroom_availability":null,"operated_by":null,"season_description":null,"directions":"From Sandpoint take Hwy. 95 north 13 miles to Pack River Road 231; turn left onto Road 231 and go 20 miles to the trailhead.","maximum_elevation":null,"minimum_elevation":null,"season_name":null,"site_season_start_date":null,"site_season_end_date":null,"max_nbr_people":null,"passes_accepted":null,"latitude":48.665743,"longitude":-116.626808,"infra_last_update":1766409763000,"edw_last_modify":1766455588000,"globalid":"{7E720337-4A4D-4339-B191-4E0421F15E4E}"}},{"type":"Feature","geometry":{"type":"Point","coordinates":[-115.683902,44.7805617]},"properties":{"objectid":2774369,"site_cn":"4284295010602","managing_org":"041206","site_id":"60122","site_name":"POVERTY OVERLOOK","site_type":"TRAILHEAD","activity_type_list":"No Data","service_type_list":"No Data","seasonal_operational_status":"OPEN","op_status_reason":null,"development_status":"EXISTING","development_scale":"1","total_capacity":35,"fee_charged":"N","fee_type":null,"recarea_name":"Poverty Overlook","recarea_description":"POVERTY OVERLOOK (Trailhead)","information_center":null,"official_designation":null,"fee_description":null,"operational_hours":null,"open_season":null,"best_season":null,"busiest_season":null,"usage_level":null,"pack_in_out":"Y","public_site_name":null,"alternative_name":null,"rec1stop_url":null,"usda_portal_url":null,"important_info":null,"rentals_and_guides":null,"passes":null,"permit_information":null,"restrictions":null,"closest_towns":null,"water_availability":null,"restroom_availability":null,"operated_by":null,"season_description":null,"directions":null,"maximum_elevation":null,"minimum_elevation":" feet","season_name":null,"site_season_start_date":null,"site_season_end_date":null,"max_nbr_people":null,"passes_accepted":null,"latitude":44.78055556,"longitude":-115.68388889,"infra_last_update":1771858853000,"edw_last_modify":1771898872000,"globalid":"{F7C406AE-EE67-438F-8413-7F66FFCECB1E}"}},{"type":"Feature","geometry":{"type":"Point","coordinates":[-112.3770831,42.6644074]},"properties":{"objectid":2774426,"site_cn":"13015.002861","managing_org":"041557","site_id":"6768","site_name":"BOX CANYON TRAILHEAD","site_type":"TRAILHEAD","activity_type_list":"No Data","service_type_list":"No Data","seasonal_operational_status":"OPEN","op_status_reason":null,"development_status":"EXISTING","development_scale":"1","total_capacity":42,"fee_charged":"N","fee_type":null,"recarea_name":"Box Canyon Trailhead","recarea_description":"BOX CANYON TRAILHEAD (Trailhead)","information_center":null,"official_designation":null,"fee_description":null,"operational_hours":null,"open_season":null,"best_season":null,"busiest_season":null,"usage_level":null,"pack_in_out":"Y","public_site_name":"Box Canyon Trailhead","alternative_name":null,"rec1stop_url":null,"usda_portal_url":null,"important_info":null,"rentals_and_guides":null,"passes":null,"permit_information":null,"restrictions":null,"closest_towns":null,"water_availability":null,"restroom_availability":null,"operated_by":null,"season_description":null,"directions":null,"maximum_elevation":null,"minimum_elevation":"5,880 feet","season_name":null,"site_season_start_date":null,"site_season_end_date":null,"max_nbr_people":null,"passes_accepted":null,"latitude":42.6644012,"longitude":-112.377071,"infra_last_update":1737980848000,"edw_last_modify":1744204325000,"globalid":"{0D0F61BE-4D4B-4425-A97F-EE26FA19D054}"}},{"type":"Feature","geometry":{"type":"Point","coordinates":[-115.610316,46.1160322]},"properties":{"objectid":2774440,"site_cn":"3893747010602","managing_org":"011706","site_id":"170603020405-041","site_name":"ROAD470-041","site_type":"TRAILHEAD","activity_type_list":"No Data","service_type_list":"No Data","seasonal_operational_status":"OPEN","op_status_reason":null,"development_status":"EXISTING","development_scale":"0","total_capacity":3.5,"fee_charged":"N","fee_type":null,"recarea_name":"Road470-041","recarea_description":"ROAD470-041 (Trailhead)","information_center":null,"official_designation":null,"fee_description":null,"operational_hours":null,"open_season":null,"best_season":null,"busiest_season":null,"usage_level":null,"pack_in_out":"Y","public_site_name":null,"alternative_name":null,"rec1stop_url":null,"usda_portal_url":null,"important_info":null,"rentals_and_guides":null,"passes":null,"permit_information":null,"restrictions":null,"closest_towns":null,"water_availability":null,"restroom_availability":null,"operated_by":null,"season_description":null,"directions":null,"maximum_elevation":null,"minimum_elevation":"3,212 feet","season_name":null,"site_season_start_date":null,"site_season_end_date":null,"max_nbr_people":null,"passes_accepted":null,"latitude":46.11602599,"longitude":-115.61030258999999,"infra_last_update":1771858859000,"edw_last_modify":1771898958000,"globalid":"{C0CB2F50-7465-4210-AD8E-970FD4307E56}"}},{"type":"Feature","geometry":{"type":"Point","coordinates":[-115.3529929,46.6868364]},"properties":{"objectid":2774454,"site_cn":"2921511010602","managing_org":"011753","site_id":"170603070501-013","site_name":"NF250RD-056","site_type":"TRAILHEAD","activity_type_list":"No Data","service_type_list":"No Data","seasonal_operational_status":"OPEN","op_status_reason":null,"development_status":"EXISTING","development_scale":"1","total_capacity":3.5,"fee_charged":"N","fee_type":null,"recarea_name":"Nf250rd-056","recarea_description":"NF250RD-056 (Trailhead)","information_center":null,"official_designation":null,"fee_description":null,"operational_hours":null,"open_season":null,"best_season":null,"busiest_season":null,"usage_level":null,"pack_in_out":"Y","public_site_name":null,"alternative_name":null,"rec1stop_url":null,"usda_portal_url":null,"important_info":null,"rentals_and_guides":null,"passes":null,"permit_information":null,"restrictions":null,"closest_towns":null,"water_availability":null,"restroom_availability":null,"operated_by":null,"season_description":null,"directions":null,"maximum_elevation":null,"minimum_elevation":"2,572 feet","season_name":null,"site_season_start_date":null,"site_season_end_date":null,"max_nbr_people":null,"passes_accepted":null,"latitude":46.686830109999995,"longitude":-115.3529795,"infra_last_update":1771858856000,"edw_last_modify":1771899096000,"globalid":"{1F63A889-DF63-4CE4-B975-DF751336E74F}"}},{"type":"Feature","geometry":{"type":"Point","coordinates":[-115.9246127,45.5956616]},"properties":{"objectid":2774543,"site_cn":"2921805010602","managing_org":"011701","site_id":"170603071002-007","site_name":"SR444CRD-001","site_type":"TRAILHEAD","activity_type_list":"No Data","service_type_list":"No Data","seasonal_operational_status":"OPEN","op_status_reason":null,"development_status":"EXISTING","development_scale":"1","total_capacity":3.5,"fee_charged":"N","fee_type":null,"recarea_name":"Sr444crd-001","recarea_description":"SR444CRD-001 (Trailhead)","information_center":null,"official_designation":null,"fee_description":null,"operational_hours":null,"open_season":null,"best_season":null,"busiest_season":null,"usage_level":null,"pack_in_out":"Y","public_site_name":null,"alternative_name":null,"rec1stop_url":null,"usda_portal_url":null,"important_info":null,"rentals_and_guides":null,"passes":null,"permit_information":null,"restrictions":null,"closest_towns":null,"water_availability":null,"restroom_availability":null,"operated_by":null,"season_description":null,"directions":null,"maximum_elevation":null,"minimum_elevation":"7,067 feet","season_name":null,"site_season_start_date":null,"site_season_end_date":null,"max_nbr_people":null,"passes_accepted":null,"latitude":45.59565547,"longitude":-115.92459939999999,"infra_last_update":1771858858000,"edw_last_modify":1771899090000,"globalid":"{47AABFDB-324B-45B2-83DA-BB4743F64751}"}},{"type":"Feature","geometry":{"type":"Point","coordinates":[-111.201499,43.5914264]},"properties":{"objectid":2774552,"site_cn":"6759443010602","managing_org":"041556","site_id":"0529","site_name":"DRAKE","site_type":"TRAILHEAD","activity_type_list":"No Data","service_type_list":"No Data","seasonal_operational_status":"OPEN","op_status_reason":null,"development_status":"EXISTING","development_scale":"0","total_capacity":15,"fee_charged":"N","fee_type":null,"recarea_name":"Drake","recarea_description":"DRAKE (Trailhead)","information_center":null,"official_designation":null,"fee_description":null,"operational_hours":null,"open_season":null,"best_season":null,"busiest_season":null,"usage_level":null,"pack_in_out":"N","public_site_name":null,"alternative_name":null,"rec1stop_url":null,"usda_portal_url":null,"important_info":null,"rentals_and_guides":null,"passes":null,"permit_information":null,"restrictions":null,"closest_towns":null,"water_availability":null,"restroom_availability":null,"operated_by":null,"season_description":null,"directions":null,"maximum_elevation":null,"minimum_elevation":" feet","season_name":null,"site_season_start_date":null,"site_season_end_date":null,"max_nbr_people":null,"passes_accepted":null,"latitude":43.59142,"longitude":-111.201487,"infra_last_update":1771858854000,"edw_last_modify":1771898621000,"globalid":"{93A1448C-D80C-427B-A973-46A9BDB5D162}"}},{"type":"Feature","geometry":{"type":"Point","coordinates":[-115.4839431,44.7958061]},"properties":{"objectid":2774594,"site_cn":"7439.002731","managing_org":"040204","site_id":"6363","site_name":"BEAR CREEK/RIORDAN TRAILHEAD","site_type":"TRAILHEAD","activity_type_list":"No Data","service_type_list":"No Data","seasonal_operational_status":"OPEN","op_status_reason":null,"development_status":"EXISTING","development_scale":"1","total_capacity":15,"fee_charged":"N","fee_type":null,"recarea_name":"Bear Creek/Riordan Trailhead","recarea_description":"BEAR CREEK/RIORDAN TRAILHEAD (Trailhead)","information_center":null,"official_designation":null,"fee_description":null,"operational_hours":null,"open_season":null,"best_season":null,"busiest_season":null,"usage_level":null,"pack_in_out":"Y","public_site_name":"Bear Creek/Riordan Trailhead","alternative_name":null,"rec1stop_url":null,"usda_portal_url":null,"important_info":null,"rentals_and_guides":null,"passes":null,"permit_information":null,"restrictions":null,"closest_towns":null,"water_availability":null,"restroom_availability":null,"operated_by":null,"season_description":null,"directions":null,"maximum_elevation":null,"minimum_elevation":" feet","season_name":null,"site_season_start_date":null,"site_season_end_date":null,"max_nbr_people":null,"passes_accepted":null,"latitude":44.7958,"longitude":-115.48393,"infra_last_update":1744209514000,"edw_last_modify":1744252397000,"globalid":"{3A216384-9943-4078-BDAA-8D48986EE4C0}"}},{"type":"Feature","geometry":{"type":"Point","coordinates":[-114.5034249,44.8312772]},"properties":{"objectid":2774711,"site_cn":"5157.003191","managing_org":"041301","site_id":"12205","site_name":"EVERETT DECORA TRAILHEAD","site_type":"TRAILHEAD","activity_type_list":"No Data","service_type_list":"No Data","seasonal_operational_status":"OPEN","op_status_reason":null,"development_status":"EXISTING","development_scale":"2","total_capacity":37,"fee_charged":"N","fee_type":null,"recarea_name":"Everett Decora Trailhead","recarea_description":"EVERETT DECORA TRAILHEAD (Trailhead)","information_center":null,"official_designation":null,"fee_description":null,"operational_hours":null,"open_season":null,"best_season":null,"busiest_season":null,"usage_level":null,"pack_in_out":"Y","public_site_name":"Everett Decora Trailhead","alternative_name":null,"rec1stop_url":null,"usda_portal_url":null,"important_info":null,"rentals_and_guides":null,"passes":null,"permit_information":null,"restrictions":null,"closest_towns":null,"water_availability":null,"restroom_availability":null,"operated_by":null,"season_description":null,"directions":null,"maximum_elevation":null,"minimum_elevation":null,"season_name":null,"site_season_start_date":null,"site_season_end_date":null,"max_nbr_people":null,"passes_accepted":null,"latitude":44.831271,"longitude":-114.503412,"infra_last_update":1744209506000,"edw_last_modify":1744252503000,"globalid":"{0811FE6D-27BC-4CA1-AFB3-8B7AA69C7C58}"}},{"type":"Feature","geometry":{"type":"Point","coordinates":[-114.8776129,44.1534061]},"properties":{"objectid":2774776,"site_cn":"12926010560","managing_org":"041404","site_id":"40070","site_name":"BOUNDARY CREEK TRAILHEAD","site_type":"TRAILHEAD","activity_type_list":"No Data","service_type_list":"No Data","seasonal_operational_status":"OPEN","op_status_reason":null,"development_status":"EXISTING","development_scale":"3","total_capacity":49,"fee_charged":"N","fee_type":null,"recarea_name":"Boundary Creek Trailhead","recarea_description":"BOUNDARY CREEK TRAILHEAD (Trailhead)","information_center":null,"official_designation":null,"fee_description":null,"operational_hours":null,"open_season":null,"best_season":null,"busiest_season":null,"usage_level":null,"pack_in_out":"Y","public_site_name":"Boundary Creek Trailhead","alternative_name":null,"rec1stop_url":null,"usda_portal_url":null,"important_info":null,"rentals_and_guides":null,"passes":null,"permit_information":null,"restrictions":null,"closest_towns":null,"water_availability":null,"restroom_availability":null,"operated_by":null,"season_description":null,"directions":null,"maximum_elevation":null,"minimum_elevation":" feet","season_name":null,"site_season_start_date":null,"site_season_end_date":null,"max_nbr_people":null,"passes_accepted":null,"latitude":44.1534,"longitude":-114.8776,"infra_last_update":1783346349000,"edw_last_modify":1783392572000,"globalid":"{738E2FEF-F6B8-401C-87F3-3DF50686857F}"}},{"type":"Feature","geometry":{"type":"Point","coordinates":[-116.0314302,45.5798683]},"properties":{"objectid":2774792,"site_cn":"2920773010602","managing_org":"011701","site_id":"170602090302-007","site_name":"SR221RD-012","site_type":"TRAILHEAD","activity_type_list":"No Data","service_type_list":"No Data","seasonal_operational_status":"OPEN","op_status_reason":null,"development_status":"EXISTING","development_scale":"0","total_capacity":3.5,"fee_charged":"N","fee_type":null,"recarea_name":"Sr221rd-012","recarea_description":"SR221RD-012 (Trailhead)","information_center":null,"official_designation":null,"fee_description":null,"operational_hours":null,"open_season":null,"best_season":null,"busiest_season":null,"usage_level":null,"pack_in_out":"Y","public_site_name":null,"alternative_name":null,"rec1stop_url":null,"usda_portal_url":null,"important_info":null,"rentals_and_guides":null,"passes":null,"permit_information":null,"restrictions":null,"closest_towns":null,"water_availability":null,"restroom_availability":null,"operated_by":null,"season_description":null,"directions":null,"maximum_elevation":null,"minimum_elevation":"5,597 feet","season_name":null,"site_season_start_date":null,"site_season_end_date":null,"max_nbr_people":null,"passes_accepted":null,"latitude":45.57986215,"longitude":-116.03141690000001,"infra_last_update":1771858856000,"edw_last_modify":1771899111000,"globalid":"{01A2854D-05F6-451B-8A02-73C728810E41}"}},{"type":"Feature","geometry":{"type":"Point","coordinates":[-115.3553081,45.2000342]},"properties":{"objectid":2774794,"site_cn":"12842.003141","managing_org":"041206","site_id":"60128","site_name":"MOSQUITO RIDGE","site_type":"TRAILHEAD","activity_type_list":"No Data","service_type_list":"No Data","seasonal_operational_status":"OPEN","op_status_reason":null,"development_status":"EXISTING","development_scale":"1","total_capacity":7,"fee_charged":"N","fee_type":null,"recarea_name":"Mosquito Ridge","recarea_description":"MOSQUITO RIDGE (Trailhead)","information_center":null,"official_designation":null,"fee_description":null,"operational_hours":null,"open_season":null,"best_season":null,"busiest_season":null,"usage_level":null,"pack_in_out":"Y","public_site_name":null,"alternative_name":null,"rec1stop_url":null,"usda_portal_url":null,"important_info":null,"rentals_and_guides":null,"passes":null,"permit_information":null,"restrictions":null,"closest_towns":null,"water_availability":null,"restroom_availability":null,"operated_by":null,"season_description":null,"directions":null,"maximum_elevation":null,"minimum_elevation":" feet","season_name":null,"site_season_start_date":null,"site_season_end_date":null,"max_nbr_people":null,"passes_accepted":null,"latitude":45.200028,"longitude":-115.355295,"infra_last_update":1771858856000,"edw_last_modify":1771899188000,"globalid":"{A7E43C0C-A7CE-4C47-96E8-F9945C77E5ED}"}},{"type":"Feature","geometry":{"type":"Point","coordinates":[-114.8613128,43.9855061]},"properties":{"objectid":2774852,"site_cn":"5706.003221","managing_org":"041404","site_id":"40059","site_name":"TIN CUP HORSE TRAILHEAD","site_type":"TRAILHEAD","activity_type_list":"No Data","service_type_list":"No Data","seasonal_operational_status":"OPEN","op_status_reason":null,"development_status":"EXISTING","development_scale":"3","total_capacity":35,"fee_charged":"N","fee_type":null,"recarea_name":"Tin Cup Horse Trailhead","recarea_description":"TIN CUP HORSE TRAILHEAD (Trailhead)","information_center":null,"official_designation":null,"fee_description":null,"operational_hours":null,"open_season":null,"best_season":null,"busiest_season":null,"usage_level":null,"pack_in_out":"Y","public_site_name":"Tin Cup Horse Trailhead","alternative_name":null,"rec1stop_url":null,"usda_portal_url":null,"important_info":null,"rentals_and_guides":null,"passes":null,"permit_information":null,"restrictions":null,"closest_towns":null,"water_availability":null,"restroom_availability":null,"operated_by":null,"season_description":null,"directions":null,"maximum_elevation":null,"minimum_elevation":" feet","season_name":null,"site_season_start_date":null,"site_season_end_date":null,"max_nbr_people":null,"passes_accepted":null,"latitude":43.9855,"longitude":-114.8613,"infra_last_update":1761217734000,"edw_last_modify":1761271526000,"globalid":"{BF5C4652-A26F-41DE-B8CE-0CEE622C4D91}"}},{"type":"Feature","geometry":{"type":"Point","coordinates":[-116.7001304,45.242142]},"properties":{"objectid":2774854,"site_cn":"12884.003141","managing_org":"041201","site_id":"10101","site_name":"DEEP CREEK STAIRWAY","site_type":"TRAILHEAD","activity_type_list":"No Data","service_type_list":"No Data","seasonal_operational_status":"OPEN","op_status_reason":null,"development_status":"EXISTING","development_scale":"3","total_capacity":21,"fee_charged":"N","fee_type":null,"recarea_name":"Deep Creek Stairway","recarea_description":"This hiking trail follows a long series of metal staircases, located near Hells Canyon Dam.","information_center":null,"official_designation":null,"fee_description":null,"operational_hours":null,"open_season":null,"best_season":null,"busiest_season":null,"usage_level":null,"pack_in_out":"Y","public_site_name":"Deep Creek Stairway Trailhead","alternative_name":null,"rec1stop_url":null,"usda_portal_url":"https://www.fs.usda.gov/recarea/payette/recreation/recarea/?recid=27035","important_info":null,"rentals_and_guides":null,"passes":null,"permit_information":null,"restrictions":null,"closest_towns":"Cambridge, ID","water_availability":null,"restroom_availability":"Vault toilet(s)","operated_by":"US Forest Service","season_description":null,"directions":"From Cambridge, follow Highway 71 for 29 miles. Then continuing onto Hells Canyon Road for 22 miles. The trailhead is on the left just before you cross the dam.","maximum_elevation":null,"minimum_elevation":" feet","season_name":null,"site_season_start_date":null,"site_season_end_date":null,"max_nbr_people":null,"passes_accepted":null,"latitude":45.242136,"longitude":-116.700117,"infra_last_update":1766410772000,"edw_last_modify":1766455601000,"globalid":"{BE905119-89CA-4BB7-BE63-1E86D085C191}"}},{"type":"Feature","geometry":{"type":"Point","coordinates":[-115.8230131,44.7050061]},"properties":{"objectid":2774950,"site_cn":"7148.002731","managing_org":"040204","site_id":"6542","site_name":"NORTH GOLD FORK TRAILHEAD","site_type":"TRAILHEAD","activity_type_list":"No Data","service_type_list":"No Data","seasonal_operational_status":"OPEN","op_status_reason":null,"development_status":"EXISTING","development_scale":"1","total_capacity":25,"fee_charged":"N","fee_type":null,"recarea_name":"North Gold Fork Trailhead","recarea_description":"NORTH GOLD FORK TRAILHEAD (Trailhead)","information_center":null,"official_designation":null,"fee_description":null,"operational_hours":null,"open_season":null,"best_season":null,"busiest_season":null,"usage_level":null,"pack_in_out":"Y","public_site_name":null,"alternative_name":null,"rec1stop_url":null,"usda_portal_url":null,"important_info":null,"rentals_and_guides":null,"passes":null,"permit_information":null,"restrictions":null,"closest_towns":null,"water_availability":null,"restroom_availability":null,"operated_by":null,"season_description":null,"directions":null,"maximum_elevation":null,"minimum_elevation":" feet","season_name":null,"site_season_start_date":null,"site_season_end_date":null,"max_nbr_people":null,"passes_accepted":null,"latitude":44.705,"longitude":-115.823,"infra_last_update":1771858857000,"edw_last_modify":1771898610000,"globalid":"{D097BCAB-FC3A-4D15-9DEE-E021AFC95207}"}},{"type":"Feature","geometry":{"type":"Point","coordinates":[-115.5375649,43.853458]},"properties":{"objectid":2775081,"site_cn":"45293010602","managing_org":"040203","site_id":"6197","site_name":"LOWER CROOKED RIVER TRAILHEAD","site_type":"TRAILHEAD","activity_type_list":"No Data","service_type_list":"No Data","seasonal_operational_status":"OPEN","op_status_reason":null,"development_status":"EXISTING","development_scale":"2","total_capacity":21,"fee_charged":"N","fee_type":null,"recarea_name":"LOWER CROOKED RIVER TRAILHEAD","recarea_description":"The trail head is located on the North fork of the Boise river (FR 327) and the non-motorized trail traverses north 11.4 miles to the upper trailhead near Edna Creek Campground (FS 384)","information_center":null,"official_designation":null,"fee_description":"No fees are required for this site","operational_hours":"Mid May - End of September","open_season":null,"best_season":null,"busiest_season":null,"usage_level":null,"pack_in_out":"Y","public_site_name":"Lower Crooked River Trail","alternative_name":null,"rec1stop_url":null,"usda_portal_url":"www.fs.usda.gov/recarea/asnf/recreation/recarea/?recid=81221","important_info":null,"rentals_and_guides":null,"passes":null,"permit_information":null,"restrictions":null,"closest_towns":"Idaho City, ID","water_availability":"No water is available","restroom_availability":"No restroom available","operated_by":null,"season_description":null,"directions":"From Boise, Idaho, travel northeast along State Highway 21 to Idaho City. At approximately 2.5 miles past Idaho City turn right on FS Road 327 (Granite Creek).  Follow FS Road 327 to the North Fork, past Barber Flat, and to trailhead located 200 feet past the Crooked River bridge (25 miles from Highway 21).","maximum_elevation":null,"minimum_elevation":null,"season_name":null,"site_season_start_date":null,"site_season_end_date":null,"max_nbr_people":null,"passes_accepted":null,"latitude":43.853452,"longitude":-115.53755199999999,"infra_last_update":1753975084000,"edw_last_modify":1754014234000,"globalid":"{4F276031-D71F-4392-AE2F-6EAB606D7950}"}},{"type":"Feature","geometry":{"type":"Point","coordinates":[-116.4483134,45.4971061]},"properties":{"objectid":2775123,"site_cn":"73487010602","managing_org":"061604","site_id":"69024","site_name":"COLD SPRINGS TRAILHEAD","site_type":"TRAILHEAD","activity_type_list":"No Data","service_type_list":"No Data","seasonal_operational_status":"OPEN","op_status_reason":null,"development_status":"EXISTING","development_scale":"1","total_capacity":15,"fee_charged":"N","fee_type":null,"recarea_name":"COLD SPRINGS TRAILHEAD","recarea_description":"The Cold Springs Trailhead accesses the north end of the Boise Trail (#101). Located on the ridgeline and at the northern boundary of the Hells Canyon Wilderness this primitive trailhead has a small parking area for 2-3 vehicles.","information_center":"Riggins- Hells Canyon National Recreation Area","official_designation":null,"fee_description":"No fees are required for this site","operational_hours":null,"open_season":null,"best_season":null,"busiest_season":null,"usage_level":"Light","pack_in_out":"Y","public_site_name":"Cold Springs Trailhead","alternative_name":null,"rec1stop_url":null,"usda_portal_url":"https://www.fs.usda.gov/recarea/wallowa-whitman/recarea/?recid=51855","important_info":null,"rentals_and_guides":null,"passes":null,"permit_information":null,"restrictions":"General rules of use and restrictions apply for this developed recreation site. Wilderness Regulations apply; within Hells Canyon Wildernes. Motorized vehicles, bicycles, carts, hang glider and other mechanical equipment is prohibited in the Wilderness ar","closest_towns":"Riggins, Idaho (17 miles)","water_availability":"No","restroom_availability":null,"operated_by":"US Forest Service","season_description":null,"directions":"From Riggins, Idaho travel north on Highway 95 for 1.5 miles for Forest Road 241 (Race Creek Road); Travel up Race Creek Road for 3 miles to Bean Creek Road Junction keep right and stay on Forest Road 241 for 9 more miles to junction with Forest Road 420 (Iron Phone Junction); At Forest Road 420 junction turn left and go south for about; 2 miles to Forest Road 1819 (Cold Springs Road); Travel about 3 miles on Forest Road 1819 to the Forest road 76022 at the road curve and go south for 1.5 to curve in road; The trailhead is on curve on right side of road.Advisory: Many of these roads are narrow, steep and winding and are suitable for high clearance and 4x4 vehicles only.","maximum_elevation":null,"minimum_elevation":null,"season_name":null,"site_season_start_date":null,"site_season_end_date":null,"max_nbr_people":null,"passes_accepted":null,"latitude":45.4971,"longitude":-116.4483,"infra_last_update":1766166754000,"edw_last_modify":1766196195000,"globalid":"{AA9D6BA5-5F5E-462B-A286-76714CB7275C}"}},{"type":"Feature","geometry":{"type":"Point","coordinates":[-115.0565174,45.8859731]},"properties":{"objectid":2775125,"site_cn":"3893641010602","managing_org":"011705","site_id":"170603020302-005","site_name":"NF285RD-005","site_type":"TRAILHEAD","activity_type_list":"No Data","service_type_list":"No Data","seasonal_operational_status":"OPEN","op_status_reason":null,"development_status":"EXISTING","development_scale":"0","total_capacity":3.5,"fee_charged":"N","fee_type":null,"recarea_name":"Nf285rd-005","recarea_description":"NF285RD-005 (Trailhead)","information_center":null,"official_designation":null,"fee_description":null,"operational_hours":null,"open_season":null,"best_season":null,"busiest_season":null,"usage_level":null,"pack_in_out":"Y","public_site_name":null,"alternative_name":null,"rec1stop_url":null,"usda_portal_url":null,"important_info":null,"rentals_and_guides":null,"passes":null,"permit_information":null,"restrictions":null,"closest_towns":null,"water_availability":null,"restroom_availability":null,"operated_by":null,"season_description":null,"directions":null,"maximum_elevation":null,"minimum_elevation":"6,781 feet","season_name":null,"site_season_start_date":null,"site_season_end_date":null,"max_nbr_people":null,"passes_accepted":null,"latitude":45.88596688,"longitude":-115.05650423,"infra_last_update":1771858854000,"edw_last_modify":1771898960000,"globalid":"{D7ABEC78-C48E-4028-B95E-760123007400}"}},{"type":"Feature","geometry":{"type":"Point","coordinates":[-115.9559452,44.9755431]},"properties":{"objectid":2775189,"site_cn":"7393690010602","managing_org":"041204","site_id":"40824","site_name":"FALL CREEK","site_type":"TRAILHEAD","activity_type_list":"No Data","service_type_list":"No Data","seasonal_operational_status":"OPEN","op_status_reason":null,"development_status":"EXISTING","development_scale":"3","total_capacity":0,"fee_charged":"N","fee_type":null,"recarea_name":"Fall Creek","recarea_description":"FALL CREEK (Trailhead)","information_center":null,"official_designation":null,"fee_description":null,"operational_hours":null,"open_season":null,"best_season":null,"busiest_season":null,"usage_level":null,"pack_in_out":"N","public_site_name":"Fall Creek","alternative_name":null,"rec1stop_url":null,"usda_portal_url":null,"important_info":null,"rentals_and_guides":null,"passes":null,"permit_information":null,"restrictions":null,"closest_towns":null,"water_availability":null,"restroom_availability":null,"operated_by":null,"season_description":null,"directions":null,"maximum_elevation":null,"minimum_elevation":" feet","season_name":null,"site_season_start_date":null,"site_season_end_date":null,"max_nbr_people":null,"passes_accepted":null,"latitude":44.975536999999996,"longitude":-115.955932,"infra_last_update":1783344330000,"edw_last_modify":1783392554000,"globalid":"{680780AE-D383-4BF9-B5FC-622EA08E1049}"}},{"type":"Feature","geometry":{"type":"Point","coordinates":[-116.1673943,45.1743221]},"properties":{"objectid":2776422,"site_cn":"6662085010602","managing_org":"041204","site_id":"40817","site_name":"HARD CREEK TRAILHEAD","site_type":"TRAILHEAD","activity_type_list":"No Data","service_type_list":"No Data","seasonal_operational_status":"OPEN","op_status_reason":null,"development_status":"EXISTING","development_scale":"2","total_capacity":18,"fee_charged":"N","fee_type":null,"recarea_name":"HARD CREEK TRAILHEAD","recarea_description":"Popular trailhead for those with stock, there are several hitch posts available at the campsites adjacent to the trailhead. Access to Hard Creek Lake, and Upper Hazard Lake. Vault restroom, fire rings and some tables are also available.","information_center":null,"official_designation":null,"fee_description":null,"operational_hours":null,"open_season":null,"best_season":null,"busiest_season":null,"usage_level":null,"pack_in_out":"Y","public_site_name":"Hard Creek Trailhead","alternative_name":null,"rec1stop_url":null,"usda_portal_url":"https://www.fs.usda.gov/recarea/payette/recarea/?recid=27049","important_info":null,"rentals_and_guides":null,"passes":null,"permit_information":null,"restrictions":null,"closest_towns":"McCall, ID","water_availability":null,"restroom_availability":"Vault toilet(s)","operated_by":"US Forest Service","season_description":null,"directions":"This trailhead is about an hour from McCall. To reach the trailhead, take Highway 55 west out of McCall for four miles. Turn right onto the Goose Lake Road (tiol Forest Road 257) for about 19 miles.","maximum_elevation":null,"minimum_elevation":null,"season_name":null,"site_season_start_date":null,"site_season_end_date":null,"max_nbr_people":null,"passes_accepted":null,"latitude":45.174316000000005,"longitude":-116.16738099999999,"infra_last_update":1759394080000,"edw_last_modify":1759457368000,"globalid":"{7C678D81-4D21-4647-8900-ADF62D9E49F5}"}},{"type":"Feature","geometry":{"type":"Point","coordinates":[-115.8596434,45.8254062]},"properties":{"objectid":2776434,"site_cn":"5791.000961","managing_org":"011701","site_id":"2061","site_name":"COUGAR CREEK","site_type":"TRAILHEAD","activity_type_list":"No Data","service_type_list":"No Data","seasonal_operational_status":"OPEN","op_status_reason":null,"development_status":"EXISTING","development_scale":"3","total_capacity":7,"fee_charged":"N","fee_type":null,"recarea_name":"COUGAR CREEK","recarea_description":"COUGAR CREEK","information_center":null,"official_designation":null,"fee_description":"No fees are required for this site","operational_hours":"Open 24 hours/day","open_season":null,"best_season":null,"busiest_season":null,"usage_level":null,"pack_in_out":"Y","public_site_name":"Cougar Creek Trailhead","alternative_name":null,"rec1stop_url":null,"usda_portal_url":null,"important_info":null,"rentals_and_guides":null,"passes":null,"permit_information":null,"restrictions":null,"closest_towns":"Grangeville, ID","water_availability":null,"restroom_availability":null,"operated_by":"US Forest Service","season_description":null,"directions":null,"maximum_elevation":null,"minimum_elevation":null,"season_name":null,"site_season_start_date":null,"site_season_end_date":null,"max_nbr_people":null,"passes_accepted":null,"latitude":45.8254,"longitude":-115.85963,"infra_last_update":1753975076000,"edw_last_modify":1754013995000,"globalid":"{1A7A9C51-A89D-4808-BD01-026694669D03}"}},{"type":"Feature","geometry":{"type":"Point","coordinates":[-114.4365625,43.8533422]},"properties":{"objectid":2776517,"site_cn":"12934010560","managing_org":"041404","site_id":"40080","site_name":"NORTH FORK WOOD RIVER TRAILHEAD","site_type":"TRAILHEAD","activity_type_list":"No Data","service_type_list":"No Data","seasonal_operational_status":"OPEN","op_status_reason":null,"development_status":"EXISTING","development_scale":"3","total_capacity":35,"fee_charged":"N","fee_type":null,"recarea_name":"North Fork Wood River Trailhead","recarea_description":"NORTH FORK WOOD RIVER TRAILHEAD (Trailhead)","information_center":null,"official_designation":null,"fee_description":null,"operational_hours":null,"open_season":null,"best_season":null,"busiest_season":null,"usage_level":null,"pack_in_out":"Y","public_site_name":"North Fork Wood River Trailhead","alternative_name":null,"rec1stop_url":null,"usda_portal_url":null,"important_info":null,"rentals_and_guides":null,"passes":null,"permit_information":null,"restrictions":null,"closest_towns":null,"water_availability":null,"restroom_availability":null,"operated_by":null,"season_description":null,"directions":null,"maximum_elevation":null,"minimum_elevation":" feet","season_name":null,"site_season_start_date":null,"site_season_end_date":null,"max_nbr_people":null,"passes_accepted":null,"latitude":43.8533361,"longitude":-114.43654982999999,"infra_last_update":1783346476000,"edw_last_modify":1783392571000,"globalid":"{7E4B82D4-3BBE-4B77-9C0C-5B96F0391F69}"}},{"type":"Feature","geometry":{"type":"Point","coordinates":[-115.5341911,44.6430201]},"properties":{"objectid":2776709,"site_cn":"6643060010602","managing_org":"040203","site_id":"0031","site_name":"WEATHERBY AIRSTRIP 52U","site_type":"TRAILHEAD","activity_type_list":"No Data","service_type_list":"No Data","seasonal_operational_status":"OPEN","op_status_reason":null,"development_status":"EXISTING","development_scale":"3","total_capacity":0,"fee_charged":"N","fee_type":null,"recarea_name":"Weatherby Airstrip 52u","recarea_description":"WEATHERBY AIRSTRIP 52U (Trailhead)","information_center":null,"official_designation":null,"fee_description":null,"operational_hours":null,"open_season":null,"best_season":null,"busiest_season":null,"usage_level":null,"pack_in_out":"N","public_site_name":"Weatherby Airstrip 52u","alternative_name":null,"rec1stop_url":null,"usda_portal_url":null,"important_info":null,"rentals_and_guides":null,"passes":null,"permit_information":null,"restrictions":null,"closest_towns":null,"water_availability":null,"restroom_availability":null,"operated_by":null,"season_description":null,"directions":null,"maximum_elevation":null,"minimum_elevation":" feet","season_name":null,"site_season_start_date":null,"site_season_end_date":null,"max_nbr_people":null,"passes_accepted":null,"latitude":44.643014,"longitude":-115.534178,"infra_last_update":1668606302000,"edw_last_modify":1744204330000,"globalid":"{7E57F3A9-1898-4273-9DD3-62E068AEDA96}"}},{"type":"Feature","geometry":{"type":"Point","coordinates":[-115.8938243,45.2541901]},"properties":{"objectid":2776897,"site_cn":"6662101010602","managing_org":"041204","site_id":"40819","site_name":"RUBY MEADOWS","site_type":"TRAILHEAD","activity_type_list":"No Data","service_type_list":"No Data","seasonal_operational_status":"OPEN","op_status_reason":null,"development_status":"EXISTING","development_scale":"2","total_capacity":28,"fee_charged":"N","fee_type":null,"recarea_name":"RUBY MEADOWS","recarea_description":"Ruby Meadows Trailhead is ideal for people who want to explore the rugged landscape on foot, horseback, ATV, motorcycle, or mountain bike! Many dispersed campsites are in the area.  Ruby Creek is the headwaters of the Secech River and other creeks such as Summit Creek are near by.  The trailhead provides access Willow Basket Creek Trail #141, and is an access route to Loon Lake; the primary route to Loon Lake is Via the Loon Lake Trail #081 that begins at the Loon Lake Trailhead near Chinook Campground.\nRuby 1-Trail #173 and Ruby 2-Trail #174 are perfect day hiking trails, and OHV riding.  The Willow Basket Trail #148 is a motorized double loop off of the Willow Basket Creek Trail #141.  It is just over 2.5 miles long, a and is open to ATV Trail Riding.","information_center":null,"official_designation":null,"fee_description":"No fees are required for this site","operational_hours":"Open 24 hours/day","open_season":null,"best_season":null,"busiest_season":null,"usage_level":null,"pack_in_out":"Y","public_site_name":"Ruby Meadows Trailhead","alternative_name":null,"rec1stop_url":null,"usda_portal_url":"https://www.fs.usda.gov/recarea/payette/recarea/?recid=26977","important_info":null,"rentals_and_guides":null,"passes":null,"permit_information":null,"restrictions":null,"closest_towns":null,"water_availability":"No drinking water is available","restroom_availability":"Vault toilet(s)","operated_by":"US Forest Service","season_description":null,"directions":"Travel north from McCall 30 miles on Warren Wagon Road and turn right on Forest Road 364 into the Ruby Meadows Trailhead.","maximum_elevation":null,"minimum_elevation":null,"season_name":null,"site_season_start_date":null,"site_season_end_date":null,"max_nbr_people":null,"passes_accepted":null,"latitude":45.254184,"longitude":-115.893811,"infra_last_update":1759394080000,"edw_last_modify":1759457368000,"globalid":"{D34F6B42-10B0-409B-9266-846B1D8560C3}"}},{"type":"Feature","geometry":{"type":"Point","coordinates":[-116.0502794,45.7134204]},"properties":{"objectid":2776910,"site_cn":"2920883010602","managing_org":"011701","site_id":"170602090601-002","site_name":"CW243RD-002","site_type":"TRAILHEAD","activity_type_list":"No Data","service_type_list":"No Data","seasonal_operational_status":"OPEN","op_status_reason":null,"development_status":"EXISTING","development_scale":"1","total_capacity":3.5,"fee_charged":"N","fee_type":null,"recarea_name":"Cw243rd-002","recarea_description":"CW243RD-002 (Trailhead)","information_center":null,"official_designation":null,"fee_description":null,"operational_hours":null,"open_season":null,"best_season":null,"busiest_season":null,"usage_level":null,"pack_in_out":"Y","public_site_name":null,"alternative_name":null,"rec1stop_url":null,"usda_portal_url":null,"important_info":null,"rentals_and_guides":null,"passes":null,"permit_information":null,"restrictions":null,"closest_towns":null,"water_availability":null,"restroom_availability":null,"operated_by":null,"season_description":null,"directions":null,"maximum_elevation":null,"minimum_elevation":"5,594 feet","season_name":null,"site_season_start_date":null,"site_season_end_date":null,"max_nbr_people":null,"passes_accepted":null,"latitude":45.7134143,"longitude":-116.05026600000001,"infra_last_update":1771858859000,"edw_last_modify":1771899108000,"globalid":"{EBDBFA77-3340-4BDF-8BF0-679712068BA7}"}},{"type":"Feature","geometry":{"type":"Point","coordinates":[-116.1476841,44.323409]},"properties":{"objectid":2776983,"site_cn":"7464.002731","managing_org":"040206","site_id":"6570","site_name":"WEST MOUNTAIN (SOUTH) TRAILHEAD","site_type":"TRAILHEAD","activity_type_list":"No Data","service_type_list":"No Data","seasonal_operational_status":"OPEN","op_status_reason":null,"development_status":"EXISTING","development_scale":"2","total_capacity":14,"fee_charged":"N","fee_type":null,"recarea_name":"West Mountain (South) Trailhead","recarea_description":"WEST MOUNTAIN (SOUTH) TRAILHEAD (Trailhead)","information_center":null,"official_designation":null,"fee_description":null,"operational_hours":null,"open_season":null,"best_season":null,"busiest_season":null,"usage_level":null,"pack_in_out":"Y","public_site_name":null,"alternative_name":null,"rec1stop_url":null,"usda_portal_url":null,"important_info":null,"rentals_and_guides":null,"passes":null,"permit_information":null,"restrictions":null,"closest_towns":null,"water_availability":null,"restroom_availability":null,"operated_by":null,"season_description":null,"directions":null,"maximum_elevation":null,"minimum_elevation":" feet","season_name":null,"site_season_start_date":null,"site_season_end_date":null,"max_nbr_people":null,"passes_accepted":null,"latitude":44.323403,"longitude":-116.147671,"infra_last_update":1771858856000,"edw_last_modify":1771898605000,"globalid":"{54EA581B-9F6B-4CFC-993B-C6E7FC270305}"}},{"type":"Feature","geometry":{"type":"Point","coordinates":[-115.7616051,44.3824611]},"properties":{"objectid":2776984,"site_cn":"7463.002731","managing_org":"040206","site_id":"6577","site_name":"SILVER CREEK SUMMIT TRAILHEAD","site_type":"TRAILHEAD","activity_type_list":"No Data","service_type_list":"No Data","seasonal_operational_status":"OPEN","op_status_reason":null,"development_status":"EXISTING","development_scale":"2","total_capacity":140,"fee_charged":"N","fee_type":null,"recarea_name":"Silver Creek Summit Trailhead","recarea_description":"SILVER CREEK SUMMIT TRAILHEAD (Trailhead)","information_center":null,"official_designation":null,"fee_description":null,"operational_hours":null,"open_season":null,"best_season":null,"busiest_season":null,"usage_level":null,"pack_in_out":"Y","public_site_name":null,"alternative_name":null,"rec1stop_url":null,"usda_portal_url":null,"important_info":null,"rentals_and_guides":null,"passes":null,"permit_information":null,"restrictions":null,"closest_towns":null,"water_availability":null,"restroom_availability":null,"operated_by":null,"season_description":null,"directions":null,"maximum_elevation":null,"minimum_elevation":" feet","season_name":null,"site_season_start_date":null,"site_season_end_date":null,"max_nbr_people":null,"passes_accepted":null,"latitude":44.382455,"longitude":-115.761592,"infra_last_update":1771858857000,"edw_last_modify":1771898605000,"globalid":"{291E5D2A-00B6-465A-A71B-7201254E8811}"}},{"type":"Feature","geometry":{"type":"Point","coordinates":[-115.8859713,45.5949082]},"properties":{"objectid":2776996,"site_cn":"6996.000961","managing_org":"011701","site_id":"2043","site_name":"MOORES STATION","site_type":"TRAILHEAD","activity_type_list":"No Data","service_type_list":"No Data","seasonal_operational_status":"OPEN","op_status_reason":null,"development_status":"EXISTING","development_scale":"3","total_capacity":77,"fee_charged":"N","fee_type":null,"recarea_name":"MOORES STATION","recarea_description":"MOORES STATION","information_center":null,"official_designation":null,"fee_description":"No fees are required for this site","operational_hours":"Open 24 hours/day","open_season":null,"best_season":null,"busiest_season":null,"usage_level":null,"pack_in_out":"Y","public_site_name":"Moore's Station Trailhead","alternative_name":null,"rec1stop_url":null,"usda_portal_url":null,"important_info":null,"rentals_and_guides":null,"passes":null,"permit_information":null,"restrictions":null,"closest_towns":"Grangeville, ID","water_availability":null,"restroom_availability":null,"operated_by":"US Forest Service","season_description":null,"directions":null,"maximum_elevation":null,"minimum_elevation":null,"season_name":null,"site_season_start_date":null,"site_season_end_date":null,"max_nbr_people":null,"passes_accepted":null,"latitude":45.594902000000005,"longitude":-115.885958,"infra_last_update":1753975076000,"edw_last_modify":1754013957000,"globalid":"{B88D408E-9650-4069-B817-4783A039111E}"}},{"type":"Feature","geometry":{"type":"Point","coordinates":[-116.7371614,45.128757]},"properties":{"objectid":2776998,"site_cn":"6623309010602","managing_org":"041201","site_id":"10219","site_name":"ALLISON CREEK","site_type":"TRAILHEAD","activity_type_list":"No Data","service_type_list":"No Data","seasonal_operational_status":"OPEN","op_status_reason":null,"development_status":"EXISTING","development_scale":"2","total_capacity":4,"fee_charged":"N","fee_type":null,"recarea_name":"Allison Creek","recarea_description":"ALLISON CREEK (Trailhead)","information_center":null,"official_designation":null,"fee_description":null,"operational_hours":null,"open_season":null,"best_season":null,"busiest_season":null,"usage_level":null,"pack_in_out":"Y","public_site_name":"Allison Creek","alternative_name":null,"rec1stop_url":null,"usda_portal_url":null,"important_info":null,"rentals_and_guides":null,"passes":null,"permit_information":null,"restrictions":null,"closest_towns":null,"water_availability":null,"restroom_availability":null,"operated_by":null,"season_description":null,"directions":null,"maximum_elevation":null,"minimum_elevation":" feet","season_name":null,"site_season_start_date":null,"site_season_end_date":null,"max_nbr_people":null,"passes_accepted":null,"latitude":45.128751,"longitude":-116.737148,"infra_last_update":1724341556000,"edw_last_modify":1744204333000,"globalid":"{3783DFC0-5B8F-4EFD-BC74-65D0BFD0879D}"}},{"type":"Feature","geometry":{"type":"Point","coordinates":[-115.9016658,45.5974505]},"properties":{"objectid":2777011,"site_cn":"2921795010602","managing_org":"011701","site_id":"170603071002-004","site_name":"SR444RD-016","site_type":"TRAILHEAD","activity_type_list":"No Data","service_type_list":"No Data","seasonal_operational_status":"OPEN","op_status_reason":null,"development_status":"EXISTING","development_scale":"1","total_capacity":3.5,"fee_charged":"N","fee_type":null,"recarea_name":"Sr444rd-016","recarea_description":"SR444RD-016 (Trailhead)","information_center":null,"official_designation":null,"fee_description":null,"operational_hours":null,"open_season":null,"best_season":null,"busiest_season":null,"usage_level":null,"pack_in_out":"Y","public_site_name":null,"alternative_name":null,"rec1stop_url":null,"usda_portal_url":null,"important_info":null,"rentals_and_guides":null,"passes":null,"permit_information":null,"restrictions":null,"closest_towns":null,"water_availability":null,"restroom_availability":null,"operated_by":null,"season_description":null,"directions":null,"maximum_elevation":null,"minimum_elevation":"7,382 feet","season_name":null,"site_season_start_date":null,"site_season_end_date":null,"max_nbr_people":null,"passes_accepted":null,"latitude":45.59744439,"longitude":-115.9016525,"infra_last_update":1771858854000,"edw_last_modify":1771899090000,"globalid":"{9B185E67-3919-4AE6-977F-0EFB0C5D3E0C}"}},{"type":"Feature","geometry":{"type":"Point","coordinates":[-116.6695284,45.191488]},"properties":{"objectid":2777013,"site_cn":"6623308010602","managing_org":"041201","site_id":"10218","site_name":"SHEEP ROCK TRAILHEAD","site_type":"TRAILHEAD","activity_type_list":"No Data","service_type_list":"No Data","seasonal_operational_status":"OPEN","op_status_reason":null,"development_status":"EXISTING","development_scale":"2","total_capacity":7,"fee_charged":"N","fee_type":null,"recarea_name":"SHEEP ROCK TRAILHEAD","recarea_description":"This trail takes some driving along a long dirt road to access, but once there you are treated to a gentle universally accessible 1/2 mile trail that leads you to a scenic overlook of Hells Canyon.","information_center":null,"official_designation":null,"fee_description":null,"operational_hours":null,"open_season":null,"best_season":null,"busiest_season":null,"usage_level":null,"pack_in_out":"Y","public_site_name":"Sheep Rock Trailhead","alternative_name":null,"rec1stop_url":null,"usda_portal_url":"https://www.fs.usda.gov/recarea/payette/recreation/recarea/?recid=27039&actid=50","important_info":null,"rentals_and_guides":null,"passes":null,"permit_information":null,"restrictions":null,"closest_towns":"Council, ID","water_availability":null,"restroom_availability":"Vault toilet(s)","operated_by":"US Forest Service","season_description":null,"directions":"Sheep Rock can be reached from Council via Forest Road #002. At the town of Bear, continue on Forest Road #002 to the old mining town of Cuprum. Two miles beyond Cuprum take Forest Road #106 approximately 3 miles to the Horse Mountain Road junction. Road #108 will take you to Horse Mountain Lookout, while Road #106 take you to Sheep Rock (5 miles).","maximum_elevation":null,"minimum_elevation":null,"season_name":null,"site_season_start_date":null,"site_season_end_date":null,"max_nbr_people":null,"passes_accepted":null,"latitude":45.191482,"longitude":-116.669515,"infra_last_update":1759394017000,"edw_last_modify":1759457369000,"globalid":"{B67DF814-2F50-4593-AC3C-311BB6BD874B}"}},{"type":"Feature","geometry":{"type":"Point","coordinates":[-114.8450131,45.6230618]},"properties":{"objectid":2777026,"site_cn":"5077.000271","managing_org":"010304","site_id":"31999","site_name":"SALMON BASE CAMP TRAILHEAD","site_type":"TRAILHEAD","activity_type_list":"No Data","service_type_list":"No Data","seasonal_operational_status":"OPEN","op_status_reason":null,"development_status":"EXISTING","development_scale":"2","total_capacity":35,"fee_charged":"N","fee_type":null,"recarea_name":"SALMON BASE CAMP TRAILHEAD","recarea_description":"Salmon Base Camp Trailhead has adequate parking for both cars and trailers. It offers access to trail #27, #19, the Selway-Bitterroot Wilderness and the Frank Church Wilderness. Facilities include a wooden outhouse, stock ramp, and hitching rails.","information_center":null,"official_designation":null,"fee_description":"No fees are required for this site","operational_hours":null,"open_season":null,"best_season":null,"busiest_season":null,"usage_level":"Heavy","pack_in_out":"Y","public_site_name":"Salmon Base Camp Trailhead","alternative_name":null,"rec1stop_url":null,"usda_portal_url":"https://www.fs.usda.gov/recarea/bitterroot/recarea/?recid=60710","important_info":null,"rentals_and_guides":null,"passes":null,"permit_information":null,"restrictions":null,"closest_towns":"Darby, MT","water_availability":"No, drinking water is not provided","restroom_availability":"Vault Toilet(s)","operated_by":null,"season_description":null,"directions":"From Darby, MT travel south 4.3 miles on Highway 93, turn south on the West Fork Road and proceed for approximately 14.3 miles.  Turn west (right) on Forest Road 468, Nez Perce Road and travel for approximately  35 miles (Nez Perce Rd becomes Magruder Corridor.)  Turn south (left) at Magruder Corridor/Nez Perce Trail Rd and go 14.8 miles to the trailhead.","maximum_elevation":null,"minimum_elevation":null,"season_name":null,"site_season_start_date":null,"site_season_end_date":null,"max_nbr_people":null,"passes_accepted":null,"latitude":45.62305556,"longitude":-114.84500000999999,"infra_last_update":1753975074000,"edw_last_modify":1754014170000,"globalid":"{64A71B1E-A926-455C-B272-8EAD2F33C365}"}},{"type":"Feature","geometry":{"type":"Point","coordinates":[-116.1580724,48.381688]},"properties":{"objectid":2777117,"site_cn":"4258561010602","managing_org":"010407","site_id":"170102131201-08A","site_name":"UPPER LIGHTNING-8A","site_type":"TRAILHEAD","activity_type_list":"No Data","service_type_list":"No Data","seasonal_operational_status":"OPEN","op_status_reason":null,"development_status":"EXISTING","development_scale":"0","total_capacity":3.5,"fee_charged":"N","fee_type":null,"recarea_name":"Upper Lightning-8a","recarea_description":"UPPER LIGHTNING-8A (Trailhead)","information_center":null,"official_designation":null,"fee_description":null,"operational_hours":null,"open_season":null,"best_season":null,"busiest_season":null,"usage_level":null,"pack_in_out":"Y","public_site_name":null,"alternative_name":null,"rec1stop_url":null,"usda_portal_url":null,"important_info":null,"rentals_and_guides":null,"passes":null,"permit_information":null,"restrictions":null,"closest_towns":null,"water_availability":null,"restroom_availability":null,"operated_by":null,"season_description":null,"directions":null,"maximum_elevation":null,"minimum_elevation":"4,560 feet","season_name":null,"site_season_start_date":null,"site_season_end_date":null,"max_nbr_people":null,"passes_accepted":null,"latitude":48.38168171,"longitude":-116.1580584,"infra_last_update":1771858854000,"edw_last_modify":1771898885000,"globalid":"{80EE448A-E17F-4700-824F-38F91EAB3A6E}"}},{"type":"Feature","geometry":{"type":"Point","coordinates":[-116.1985386,46.7671592]},"properties":{"objectid":2777217,"site_cn":"3515771010602","managing_org":"011752","site_id":"3214","site_name":"ELK CREEK FALL CROSS SKI TRAILHEAD","site_type":"TRAILHEAD","activity_type_list":"No Data","service_type_list":"No Data","seasonal_operational_status":"OPEN","op_status_reason":null,"development_status":"EXISTING","development_scale":"3","total_capacity":70,"fee_charged":"N","fee_type":null,"recarea_name":"Elk Creek Fall Cross Ski Trailhead","recarea_description":"In north central Idaho, 53 miles east of the city of Moscow, skiers and snowshoers will find the Elk River Nordic Ski Trails.  The trails are rated intermediate to difficult, and include one primary loop trail and a spur from Elk River to the groomed loop.  Trails are not currently groomed.","information_center":null,"official_designation":null,"fee_description":"No fees are required for this site","operational_hours":"Open 24 hours/day","open_season":null,"best_season":null,"busiest_season":null,"usage_level":null,"pack_in_out":"N","public_site_name":"Elk Creek Falls Nordic Ski Area","alternative_name":null,"rec1stop_url":null,"usda_portal_url":"https://www.fs.usda.gov/recarea/nezperceclearwater/recreation/recarea/?recid=80111&actid=91","important_info":null,"rentals_and_guides":null,"passes":null,"permit_information":null,"restrictions":null,"closest_towns":"Elk River, ID","water_availability":"No drinking water is available","restroom_availability":"No restroom available","operated_by":"US Forest Service","season_description":null,"directions":"Travel east on Hwy 8 from Moscow, ID about 34 miles to Bovill, ID then S. on Hwy 8 approximately 29 miles.","maximum_elevation":null,"minimum_elevation":" feet","season_name":null,"site_season_start_date":null,"site_season_end_date":null,"max_nbr_people":null,"passes_accepted":null,"latitude":46.767153,"longitude":-116.19852499999999,"infra_last_update":1753975076000,"edw_last_modify":1754014245000,"globalid":"{DF7DAAA1-EC40-4CD7-A7DE-2A39461D35AE}"}},{"type":"Feature","geometry":{"type":"Point","coordinates":[-115.4283366,45.6116867]},"properties":{"objectid":2775377,"site_cn":"2920541010602","managing_org":"011705","site_id":"170602070702-001","site_name":"RR1190RD-001","site_type":"TRAILHEAD","activity_type_list":"No Data","service_type_list":"No Data","seasonal_operational_status":"OPEN","op_status_reason":null,"development_status":"EXISTING","development_scale":"1","total_capacity":3.5,"fee_charged":"N","fee_type":null,"recarea_name":"Rr1190rd-001","recarea_description":"RR1190RD-001 (Trailhead)","information_center":null,"official_designation":null,"fee_description":null,"operational_hours":null,"open_season":null,"best_season":null,"busiest_season":null,"usage_level":null,"pack_in_out":"Y","public_site_name":null,"alternative_name":null,"rec1stop_url":null,"usda_portal_url":null,"important_info":null,"rentals_and_guides":null,"passes":null,"permit_information":null,"restrictions":null,"closest_towns":null,"water_availability":null,"restroom_availability":null,"operated_by":null,"season_description":null,"directions":null,"maximum_elevation":null,"minimum_elevation":"6,381 feet","season_name":null,"site_season_start_date":null,"site_season_end_date":null,"max_nbr_people":null,"passes_accepted":null,"latitude":45.61168051,"longitude":-115.4283234,"infra_last_update":1771858858000,"edw_last_modify":1771899115000,"globalid":"{7A4FDE7F-8551-499A-973E-6427A9C185DC}"}},{"type":"Feature","geometry":{"type":"Point","coordinates":[-115.606037,43.991066]},"properties":{"objectid":2775527,"site_cn":"7476.002731","managing_org":"040203","site_id":"6188","site_name":"GOLD FORK TRAILHEAD","site_type":"TRAILHEAD","activity_type_list":"No Data","service_type_list":"No Data","seasonal_operational_status":"OPEN","op_status_reason":null,"development_status":"EXISTING","development_scale":"3","total_capacity":70,"fee_charged":"Y","fee_type":null,"recarea_name":"Gold Fork Trailhead","recarea_description":"GOLD FORK TRAILHEAD (Trailhead)","information_center":null,"official_designation":null,"fee_description":null,"operational_hours":null,"open_season":null,"best_season":null,"busiest_season":null,"usage_level":null,"pack_in_out":"Y","public_site_name":"Gold Fork Trailhead","alternative_name":null,"rec1stop_url":null,"usda_portal_url":null,"important_info":null,"rentals_and_guides":null,"passes":null,"permit_information":null,"restrictions":null,"closest_towns":null,"water_availability":null,"restroom_availability":null,"operated_by":null,"season_description":null,"directions":null,"maximum_elevation":null,"minimum_elevation":" feet","season_name":null,"site_season_start_date":null,"site_season_end_date":null,"max_nbr_people":null,"passes_accepted":null,"latitude":43.99106,"longitude":-115.60602399999999,"infra_last_update":1782822449000,"edw_last_modify":1782877518000,"globalid":"{A5DD5E5D-250E-4402-9AAC-D00B387727B9}"}},{"type":"Feature","geometry":{"type":"Point","coordinates":[-115.3956861,46.8672781]},"properties":{"objectid":2775585,"site_cn":"3894047010602","managing_org":"011753","site_id":"170603070903_07C","site_name":"NF252RD_07C","site_type":"TRAILHEAD","activity_type_list":"No Data","service_type_list":"No Data","seasonal_operational_status":"OPEN","op_status_reason":null,"development_status":"EXISTING","development_scale":"1","total_capacity":3.5,"fee_charged":"N","fee_type":null,"recarea_name":"Nf252rd_07c","recarea_description":"NF252RD_07C (Trailhead)","information_center":null,"official_designation":null,"fee_description":null,"operational_hours":null,"open_season":null,"best_season":null,"busiest_season":null,"usage_level":null,"pack_in_out":"Y","public_site_name":null,"alternative_name":null,"rec1stop_url":null,"usda_portal_url":null,"important_info":null,"rentals_and_guides":null,"passes":null,"permit_information":null,"restrictions":null,"closest_towns":null,"water_availability":null,"restroom_availability":null,"operated_by":null,"season_description":null,"directions":null,"maximum_elevation":null,"minimum_elevation":"3,028 feet","season_name":null,"site_season_start_date":null,"site_season_end_date":null,"max_nbr_people":null,"passes_accepted":null,"latitude":46.86727182,"longitude":-115.39567263,"infra_last_update":1771858858000,"edw_last_modify":1771898954000,"globalid":"{6AD28D4C-78CC-40DC-A952-C8BF9E2B3E0F}"}},{"type":"Feature","geometry":{"type":"Point","coordinates":[-115.9948661,45.4846872]},"properties":{"objectid":2775613,"site_cn":"2921747010602","managing_org":"011701","site_id":"170603071001-023","site_name":"SR643BRD-001","site_type":"TRAILHEAD","activity_type_list":"No Data","service_type_list":"No Data","seasonal_operational_status":"OPEN","op_status_reason":null,"development_status":"EXISTING","development_scale":"1","total_capacity":3.5,"fee_charged":"N","fee_type":null,"recarea_name":"Sr643brd-001","recarea_description":"SR643BRD-001 (Trailhead)","information_center":null,"official_designation":null,"fee_description":null,"operational_hours":null,"open_season":null,"best_season":null,"busiest_season":null,"usage_level":null,"pack_in_out":"Y","public_site_name":null,"alternative_name":null,"rec1stop_url":null,"usda_portal_url":null,"important_info":null,"rentals_and_guides":null,"passes":null,"permit_information":null,"restrictions":null,"closest_towns":null,"water_availability":null,"restroom_availability":null,"operated_by":null,"season_description":null,"directions":null,"maximum_elevation":null,"minimum_elevation":"6,178 feet","season_name":null,"site_season_start_date":null,"site_season_end_date":null,"max_nbr_people":null,"passes_accepted":null,"latitude":45.48468108,"longitude":-115.9948528,"infra_last_update":1771858856000,"edw_last_modify":1771899091000,"globalid":"{F6C73D9E-1C30-4A62-8017-C7B1C863476F}"}},{"type":"Feature","geometry":{"type":"Point","coordinates":[-115.8742532,44.7814001]},"properties":{"objectid":2775739,"site_cn":"6662081010602","managing_org":"041204","site_id":"40816","site_name":"KENNALLY CREEK TRAILHEAD","site_type":"TRAILHEAD","activity_type_list":"No Data","service_type_list":"No Data","seasonal_operational_status":"OPEN","op_status_reason":null,"development_status":"EXISTING","development_scale":"2","total_capacity":28,"fee_charged":"N","fee_type":null,"recarea_name":"KENLLY CREEK TRAILHEAD","recarea_description":"Kenlly Creek Trailhead provides access to trails and departs immediately from the Kenlly Creek Campground. From this trailhead you can access: North Fork Kenlly Creek Trail #102, East Fork Kenlly Creek Trail #099, and the Needles Summit Trail #101 with additiol trail access just a few miles down the road.","information_center":null,"official_designation":null,"fee_description":"No fees are required for this site","operational_hours":"Open 24 hours/day","open_season":null,"best_season":null,"busiest_season":null,"usage_level":null,"pack_in_out":"Y","public_site_name":"Kenlly Creek Trailhead","alternative_name":null,"rec1stop_url":null,"usda_portal_url":null,"important_info":null,"rentals_and_guides":null,"passes":null,"permit_information":null,"restrictions":null,"closest_towns":null,"water_availability":null,"restroom_availability":null,"operated_by":"US Forest Service","season_description":null,"directions":null,"maximum_elevation":null,"minimum_elevation":null,"season_name":null,"site_season_start_date":null,"site_season_end_date":null,"max_nbr_people":null,"passes_accepted":null,"latitude":44.781394,"longitude":-115.87424,"infra_last_update":1759394080000,"edw_last_modify":1759457368000,"globalid":"{C8096DF7-50B2-49F5-BECD-2F1C45847E04}"}},{"type":"Feature","geometry":{"type":"Point","coordinates":[-115.5593031,44.8140261]},"properties":{"objectid":2775881,"site_cn":"7153.002731","managing_org":"040204","site_id":"6547","site_name":"RAINBOW LAKE/CATON LAKE TRAILHEAD","site_type":"TRAILHEAD","activity_type_list":"No Data","service_type_list":"No Data","seasonal_operational_status":"OPEN","op_status_reason":null,"development_status":"EXISTING","development_scale":"3","total_capacity":60,"fee_charged":"N","fee_type":null,"recarea_name":"Rainbow Lake/Caton Lake Trailhead","recarea_description":"RAINBOW LAKE/CATON LAKE TRAILHEAD (Trailhead)","information_center":null,"official_designation":null,"fee_description":null,"operational_hours":null,"open_season":null,"best_season":null,"busiest_season":null,"usage_level":null,"pack_in_out":"Y","public_site_name":"Rainbow Lake/Caton Lake Trailhead","alternative_name":null,"rec1stop_url":null,"usda_portal_url":null,"important_info":null,"rentals_and_guides":null,"passes":null,"permit_information":null,"restrictions":null,"closest_towns":null,"water_availability":null,"restroom_availability":"Vault at Trailhead","operated_by":null,"season_description":null,"directions":null,"maximum_elevation":null,"minimum_elevation":" feet","season_name":null,"site_season_start_date":null,"site_season_end_date":null,"max_nbr_people":null,"passes_accepted":null,"latitude":44.81402,"longitude":-115.55929,"infra_last_update":1782822466000,"edw_last_modify":1782877520000,"globalid":"{2CA5FBAC-BE77-4082-9A49-3B611D290BC3}"}},{"type":"Feature","geometry":{"type":"Point","coordinates":[-115.894478,45.5979224]},"properties":{"objectid":2775890,"site_cn":"2921275010602","managing_org":"011701","site_id":"170603050601-002","site_name":"SR444RD-017","site_type":"TRAILHEAD","activity_type_list":"No Data","service_type_list":"No Data","seasonal_operational_status":"OPEN","op_status_reason":null,"development_status":"EXISTING","development_scale":"1","total_capacity":3.5,"fee_charged":"N","fee_type":null,"recarea_name":"Sr444rd-017","recarea_description":"SR444RD-017 (Trailhead)","information_center":null,"official_designation":null,"fee_description":null,"operational_hours":null,"open_season":null,"best_season":null,"busiest_season":null,"usage_level":null,"pack_in_out":"Y","public_site_name":null,"alternative_name":null,"rec1stop_url":null,"usda_portal_url":null,"important_info":null,"rentals_and_guides":null,"passes":null,"permit_information":null,"restrictions":null,"closest_towns":null,"water_availability":null,"restroom_availability":null,"operated_by":null,"season_description":null,"directions":null,"maximum_elevation":null,"minimum_elevation":"7,303 feet","season_name":null,"site_season_start_date":null,"site_season_end_date":null,"max_nbr_people":null,"passes_accepted":null,"latitude":45.597916270000006,"longitude":-115.8944647,"infra_last_update":1771858857000,"edw_last_modify":1771899101000,"globalid":"{1E0FAAC9-F3FC-42DA-BB36-653D474F3675}"}},{"type":"Feature","geometry":{"type":"Point","coordinates":[-115.5176958,46.4363921]},"properties":{"objectid":2776216,"site_cn":"3492489010602","managing_org":"011755","site_id":"170603030602-005","site_name":"LOC500RD-037 GASS CRK TH","site_type":"TRAILHEAD","activity_type_list":"No Data","service_type_list":"No Data","seasonal_operational_status":"OPEN","op_status_reason":null,"development_status":"EXISTING","development_scale":"1","total_capacity":3.5,"fee_charged":"N","fee_type":null,"recarea_name":"Loc500rd-037 Gass Crk Th","recarea_description":"LOC500RD-037 GASS CRK TH (Trailhead)","information_center":null,"official_designation":null,"fee_description":null,"operational_hours":null,"open_season":null,"best_season":null,"busiest_season":null,"usage_level":null,"pack_in_out":"Y","public_site_name":null,"alternative_name":null,"rec1stop_url":null,"usda_portal_url":null,"important_info":null,"rentals_and_guides":null,"passes":null,"permit_information":null,"restrictions":null,"closest_towns":null,"water_availability":null,"restroom_availability":null,"operated_by":null,"season_description":null,"directions":null,"maximum_elevation":null,"minimum_elevation":"6,211 feet","season_name":null,"site_season_start_date":null,"site_season_end_date":null,"max_nbr_people":null,"passes_accepted":null,"latitude":46.436385810000004,"longitude":-115.51768234000001,"infra_last_update":1771858855000,"edw_last_modify":1771899012000,"globalid":"{18467D40-0488-4CC9-AAB7-A3857CFDC4F3}"}},{"type":"Feature","geometry":{"type":"Point","coordinates":[-115.6794631,44.5621261]},"properties":{"objectid":2776222,"site_cn":"7431.002731","managing_org":"040204","site_id":"6341","site_name":"TELEPHONE RIDGE TRAILHEAD","site_type":"TRAILHEAD","activity_type_list":"No Data","service_type_list":"No Data","seasonal_operational_status":"OPEN","op_status_reason":null,"development_status":"EXISTING","development_scale":"1","total_capacity":25,"fee_charged":"N","fee_type":null,"recarea_name":"Telephone Ridge Trailhead","recarea_description":"TELEPHONE RIDGE TRAILHEAD (Trailhead)","information_center":null,"official_designation":null,"fee_description":null,"operational_hours":null,"open_season":null,"best_season":null,"busiest_season":null,"usage_level":null,"pack_in_out":"Y","public_site_name":null,"alternative_name":null,"rec1stop_url":null,"usda_portal_url":null,"important_info":null,"rentals_and_guides":null,"passes":null,"permit_information":null,"restrictions":null,"closest_towns":null,"water_availability":null,"restroom_availability":null,"operated_by":null,"season_description":null,"directions":null,"maximum_elevation":null,"minimum_elevation":" feet","season_name":null,"site_season_start_date":null,"site_season_end_date":null,"max_nbr_people":null,"passes_accepted":null,"latitude":44.56212,"longitude":-115.67945,"infra_last_update":1771858855000,"edw_last_modify":1771898605000,"globalid":"{5C37FD13-F117-436A-8E79-A2403AF7E6EE}"}},{"type":"Feature","geometry":{"type":"Point","coordinates":[-115.8676959,43.527603]},"properties":{"objectid":2776314,"site_cn":"7418.002731","managing_org":"040201","site_id":"6596","site_name":"BENDER CREEK TRAILHEAD","site_type":"TRAILHEAD","activity_type_list":"No Data","service_type_list":"No Data","seasonal_operational_status":"OPEN","op_status_reason":null,"development_status":"EXISTING","development_scale":"3","total_capacity":50,"fee_charged":"N","fee_type":null,"recarea_name":"Bender Creek Trailhead","recarea_description":"BENDER CREEK TRAILHEAD (Trailhead)","information_center":null,"official_designation":null,"fee_description":null,"operational_hours":null,"open_season":null,"best_season":null,"busiest_season":null,"usage_level":null,"pack_in_out":"Y","public_site_name":"Bender Creek Trailhead","alternative_name":null,"rec1stop_url":null,"usda_portal_url":null,"important_info":null,"rentals_and_guides":null,"passes":null,"permit_information":null,"restrictions":null,"closest_towns":null,"water_availability":null,"restroom_availability":null,"operated_by":null,"season_description":null,"directions":null,"maximum_elevation":null,"minimum_elevation":" feet","season_name":null,"site_season_start_date":null,"site_season_end_date":null,"max_nbr_people":null,"passes_accepted":null,"latitude":43.527597,"longitude":-115.867683,"infra_last_update":1766409668000,"edw_last_modify":1766455403000,"globalid":"{15457C9E-E609-4EA5-B836-10F091848F51}"}},{"type":"Feature","geometry":{"type":"Point","coordinates":[-111.055561,43.5810484]},"properties":{"objectid":2776381,"site_cn":"6599995010602","managing_org":"041556","site_id":"525","site_name":"GAME CREEK","site_type":"TRAILHEAD","activity_type_list":"No Data","service_type_list":"No Data","seasonal_operational_status":"OPEN","op_status_reason":null,"development_status":"EXISTING","development_scale":"3","total_capacity":0,"fee_charged":"N","fee_type":null,"recarea_name":"Game Creek","recarea_description":"GAME CREEK (Trailhead)","information_center":null,"official_designation":null,"fee_description":null,"operational_hours":null,"open_season":null,"best_season":null,"busiest_season":null,"usage_level":null,"pack_in_out":"N","public_site_name":"Game Creek","alternative_name":null,"rec1stop_url":null,"usda_portal_url":null,"important_info":null,"rentals_and_guides":null,"passes":null,"permit_information":null,"restrictions":null,"closest_towns":null,"water_availability":null,"restroom_availability":null,"operated_by":null,"season_description":null,"directions":null,"maximum_elevation":null,"minimum_elevation":" feet","season_name":null,"site_season_start_date":null,"site_season_end_date":null,"max_nbr_people":null,"passes_accepted":null,"latitude":43.581042000000004,"longitude":-111.055549,"infra_last_update":1783346935000,"edw_last_modify":1783392557000,"globalid":"{DD1C5256-1D6A-42FF-81A1-BE6C5DC8B619}"}},{"type":"Feature","geometry":{"type":"Point","coordinates":[-111.215093,43.3961274]},"properties":{"objectid":2777272,"site_cn":"7159744010602","managing_org":"041554","site_id":"0439","site_name":"PALISADES CREEK - HORSE TRAILHEAD","site_type":"TRAILHEAD","activity_type_list":"No Data","service_type_list":"No Data","seasonal_operational_status":"OPEN","op_status_reason":null,"development_status":"EXISTING","development_scale":"3","total_capacity":30,"fee_charged":"N","fee_type":null,"recarea_name":"Palisades Creek - Horse Trailhead","recarea_description":"PALISADES CREEK - HORSE TRAILHEAD (Trailhead)","information_center":null,"official_designation":null,"fee_description":null,"operational_hours":null,"open_season":null,"best_season":null,"busiest_season":null,"usage_level":null,"pack_in_out":"N","public_site_name":"Palisades Creek - Horse Trailhead","alternative_name":null,"rec1stop_url":null,"usda_portal_url":null,"important_info":null,"rentals_and_guides":null,"passes":null,"permit_information":null,"restrictions":null,"closest_towns":null,"water_availability":null,"restroom_availability":null,"operated_by":null,"season_description":null,"directions":null,"maximum_elevation":null,"minimum_elevation":" feet","season_name":null,"site_season_start_date":null,"site_season_end_date":null,"max_nbr_people":null,"passes_accepted":null,"latitude":43.396120999999994,"longitude":-111.215081,"infra_last_update":1783346687000,"edw_last_modify":1783392555000,"globalid":"{1B435608-9DC3-497C-9C1B-6A3D1129B3A0}"}},{"type":"Feature","geometry":{"type":"Point","coordinates":[-115.29991,44.5276961]},"properties":{"objectid":2777387,"site_cn":"5036.002901","managing_org":"041306","site_id":"62307","site_name":"MIDDLE FORK TRAILHEAD","site_type":"TRAILHEAD","activity_type_list":"No Data","service_type_list":"No Data","seasonal_operational_status":"OPEN","op_status_reason":null,"development_status":"EXISTING","development_scale":"3","total_capacity":70,"fee_charged":"N","fee_type":null,"recarea_name":"MIDDLE FORK TRAILHEAD","recarea_description":"Trailhead for the Middle Fork Trail #4001. Toilet, stock holding facilities and ramp. Long-term parking area. A few campsites are located in the trees above the parking area, along with picnic tables and fire rings.","information_center":null,"official_designation":null,"fee_description":"No fees are required for this site","operational_hours":"Open 24 hours/day","open_season":null,"best_season":null,"busiest_season":null,"usage_level":null,"pack_in_out":"Y","public_site_name":"Middle Fork Trailhead & Transfer Camp","alternative_name":null,"rec1stop_url":null,"usda_portal_url":"https://www.fs.usda.gov/recarea/scnf/recreation/recarea/?recid=76210&actid=50","important_info":null,"rentals_and_guides":null,"passes":null,"permit_information":null,"restrictions":null,"closest_towns":"Stanley, Idaho","water_availability":"No; drinking water is available at nearby campgrounds","restroom_availability":"Vault toilet(s)","operated_by":"US Forest Service","season_description":null,"directions":"From Stanley, ID go west on Highway 21 for 21 miles. Then turn right onto Bear Valley Rd for about 9 miles, then turn right onto road NF-568 for about 10 miles.","maximum_elevation":null,"minimum_elevation":null,"season_name":null,"site_season_start_date":null,"site_season_end_date":null,"max_nbr_people":null,"passes_accepted":null,"latitude":44.52769,"longitude":-115.299897,"infra_last_update":1753975086000,"edw_last_modify":1754014201000,"globalid":"{E7662990-4BC8-41C8-89C2-BCA6CD16B961}"}},{"type":"Feature","geometry":{"type":"Point","coordinates":[-115.668585,43.931793]},"properties":{"objectid":2777434,"site_cn":"7480.002731","managing_org":"040203","site_id":"6186","site_name":"MORES CREEK SUMMIT TRAILHEAD","site_type":"TRAILHEAD","activity_type_list":"No Data","service_type_list":"No Data","seasonal_operational_status":"OPEN","op_status_reason":null,"development_status":"EXISTING","development_scale":"3","total_capacity":70,"fee_charged":"N","fee_type":null,"recarea_name":"Mores Creek Summit Trailhead","recarea_description":"MORES CREEK SUMMIT TRAILHEAD (Trailhead)","information_center":null,"official_designation":null,"fee_description":"No fees are required for this site","operational_hours":null,"open_season":null,"best_season":null,"busiest_season":null,"usage_level":null,"pack_in_out":"Y","public_site_name":"Mores Creek Summit Trailhead","alternative_name":null,"rec1stop_url":null,"usda_portal_url":null,"important_info":null,"rentals_and_guides":null,"passes":null,"permit_information":null,"restrictions":null,"closest_towns":null,"water_availability":"no","restroom_availability":"vault toilet(s)","operated_by":null,"season_description":null,"directions":null,"maximum_elevation":null,"minimum_elevation":" feet","season_name":null,"site_season_start_date":null,"site_season_end_date":null,"max_nbr_people":null,"passes_accepted":null,"latitude":43.931787,"longitude":-115.668572,"infra_last_update":1753975084000,"edw_last_modify":1754013952000,"globalid":"{C8C3B634-559D-4786-A653-25E3E1DDCCE2}"}},{"type":"Feature","geometry":{"type":"Point","coordinates":[-115.786441,45.0727756]},"properties":{"objectid":2777476,"site_cn":"6614533010602","managing_org":"041206","site_id":"60152","site_name":"SPLIT CREEK TRAILHEAD","site_type":"TRAILHEAD","activity_type_list":"No Data","service_type_list":"No Data","seasonal_operational_status":"OPEN","op_status_reason":null,"development_status":"EXISTING","development_scale":"1","total_capacity":14,"fee_charged":"N","fee_type":null,"recarea_name":"Split Creek Trailhead","recarea_description":"SPLIT CREEK TRAILHEAD (Trailhead)","information_center":null,"official_designation":null,"fee_description":null,"operational_hours":null,"open_season":null,"best_season":null,"busiest_season":null,"usage_level":null,"pack_in_out":"Y","public_site_name":"Split Creek Trailhead","alternative_name":null,"rec1stop_url":null,"usda_portal_url":null,"important_info":null,"rentals_and_guides":null,"passes":null,"permit_information":null,"restrictions":null,"closest_towns":null,"water_availability":null,"restroom_availability":null,"operated_by":null,"season_description":null,"directions":null,"maximum_elevation":null,"minimum_elevation":" feet","season_name":null,"site_season_start_date":null,"site_season_end_date":null,"max_nbr_people":null,"passes_accepted":null,"latitude":45.072769439999995,"longitude":-115.7864278,"infra_last_update":1741968864000,"edw_last_modify":1744204332000,"globalid":"{29624465-B6E5-4426-983D-65D41DD40638}"}},{"type":"Feature","geometry":{"type":"Point","coordinates":[-111.5080757,44.2019481]},"properties":{"objectid":2777524,"site_cn":"6832277010602","managing_org":"041552","site_id":"0321","site_name":"BIG BEND RIDGE TRAILHEAD","site_type":"TRAILHEAD","activity_type_list":"No Data","service_type_list":"No Data","seasonal_operational_status":"OPEN","op_status_reason":null,"development_status":"EXISTING","development_scale":"1","total_capacity":15,"fee_charged":"N","fee_type":null,"recarea_name":"Big Bend Ridge Trailhead","recarea_description":"BIG BEND RIDGE TRAILHEAD (Trailhead)","information_center":null,"official_designation":null,"fee_description":null,"operational_hours":null,"open_season":null,"best_season":null,"busiest_season":null,"usage_level":null,"pack_in_out":"N","public_site_name":null,"alternative_name":null,"rec1stop_url":null,"usda_portal_url":null,"important_info":null,"rentals_and_guides":null,"passes":null,"permit_information":null,"restrictions":null,"closest_towns":null,"water_availability":null,"restroom_availability":null,"operated_by":null,"season_description":null,"directions":null,"maximum_elevation":null,"minimum_elevation":" feet","season_name":null,"site_season_start_date":null,"site_season_end_date":null,"max_nbr_people":null,"passes_accepted":null,"latitude":44.20194164,"longitude":-111.50806349,"infra_last_update":1771858858000,"edw_last_modify":1771898614000,"globalid":"{E22AD5AC-D782-4372-B983-B6CB2DEFFE17}"}},{"type":"Feature","geometry":{"type":"Point","coordinates":[-112.684806,44.3655976]},"properties":{"objectid":2777525,"site_cn":"5079.003281","managing_org":"041551","site_id":"0103","site_name":"WEBBER CREEK TRAILHEAD","site_type":"TRAILHEAD","activity_type_list":"No Data","service_type_list":"No Data","seasonal_operational_status":"OPEN","op_status_reason":null,"development_status":"EXISTING","development_scale":"2","total_capacity":25,"fee_charged":"N","fee_type":null,"recarea_name":"Webber Creek Trailhead","recarea_description":"Trailhead for Webber Creek Trail","information_center":null,"official_designation":null,"fee_description":"No fees are required for this site","operational_hours":"Day use only; no overnight camping allowed","open_season":null,"best_season":null,"busiest_season":null,"usage_level":null,"pack_in_out":"Y","public_site_name":"Webber Creek Trailhead","alternative_name":null,"rec1stop_url":null,"usda_portal_url":"https://www.fs.usda.gov/recarea/ctnf/recreation/recarea/?recid=54829&actid=70","important_info":null,"rentals_and_guides":null,"passes":null,"permit_information":null,"restrictions":null,"closest_towns":"Dubois, Idaho","water_availability":"No water is available","restroom_availability":"Vault toilet(s)","operated_by":"US Forest Service","season_description":null,"directions":"Located 28 miles NW of Dubois, ID and the end of FS Rd #196.","maximum_elevation":null,"minimum_elevation":" feet","season_name":null,"site_season_start_date":null,"site_season_end_date":null,"max_nbr_people":null,"passes_accepted":null,"latitude":44.3655913,"longitude":-112.68479350000001,"infra_last_update":1753975087000,"edw_last_modify":1754014169000,"globalid":"{33F64BBA-4954-4EC8-B40D-41E6A4788A46}"}},{"type":"Feature","geometry":{"type":"Point","coordinates":[-115.2077758,45.7791043]},"properties":{"objectid":2777559,"site_cn":"2921037010602","managing_org":"011705","site_id":"170603050102-006","site_name":"RR234RD-001","site_type":"TRAILHEAD","activity_type_list":"No Data","service_type_list":"No Data","seasonal_operational_status":"OPEN","op_status_reason":null,"development_status":"EXISTING","development_scale":"0","total_capacity":3.5,"fee_charged":"N","fee_type":null,"recarea_name":"Rr234rd-001","recarea_description":"RR234RD-001 (Trailhead)","information_center":null,"official_designation":null,"fee_description":null,"operational_hours":null,"open_season":null,"best_season":null,"busiest_season":null,"usage_level":null,"pack_in_out":"Y","public_site_name":null,"alternative_name":null,"rec1stop_url":null,"usda_portal_url":null,"important_info":null,"rentals_and_guides":null,"passes":null,"permit_information":null,"restrictions":null,"closest_towns":null,"water_availability":null,"restroom_availability":null,"operated_by":null,"season_description":null,"directions":null,"maximum_elevation":null,"minimum_elevation":"4,783 feet","season_name":null,"site_season_start_date":null,"site_season_end_date":null,"max_nbr_people":null,"passes_accepted":null,"latitude":45.77909805,"longitude":-115.20776260000001,"infra_last_update":1771858857000,"edw_last_modify":1771899105000,"globalid":"{4978DEFF-985B-43BB-89F3-AB350CFF7939}"}},{"type":"Feature","geometry":{"type":"Point","coordinates":[-115.9920961,45.4520139]},"properties":{"objectid":2777573,"site_cn":"2920681010602","managing_org":"011701","site_id":"170602090203-022","site_name":"SR9911RD-002","site_type":"TRAILHEAD","activity_type_list":"No Data","service_type_list":"No Data","seasonal_operational_status":"OPEN","op_status_reason":null,"development_status":"EXISTING","development_scale":"1","total_capacity":3.5,"fee_charged":"N","fee_type":null,"recarea_name":"Sr9911rd-002","recarea_description":"SR9911RD-002 (Trailhead)","information_center":null,"official_designation":null,"fee_description":null,"operational_hours":null,"open_season":null,"best_season":null,"busiest_season":null,"usage_level":null,"pack_in_out":"Y","public_site_name":null,"alternative_name":null,"rec1stop_url":null,"usda_portal_url":null,"important_info":null,"rentals_and_guides":null,"passes":null,"permit_information":null,"restrictions":null,"closest_towns":null,"water_availability":null,"restroom_availability":null,"operated_by":null,"season_description":null,"directions":null,"maximum_elevation":null,"minimum_elevation":"4,649 feet","season_name":null,"site_season_start_date":null,"site_season_end_date":null,"max_nbr_people":null,"passes_accepted":null,"latitude":45.45200775,"longitude":-115.9920828,"infra_last_update":1771858856000,"edw_last_modify":1771899113000,"globalid":"{85D18535-E99F-4F2E-AFAB-66C455CFDEC3}"}},{"type":"Feature","geometry":{"type":"Point","coordinates":[-115.1205903,46.8359391]},"properties":{"objectid":2777744,"site_cn":"2921425010602","managing_org":"011753","site_id":"170603070104-016","site_name":"NF729RD-001","site_type":"TRAILHEAD","activity_type_list":"No Data","service_type_list":"No Data","seasonal_operational_status":"OPEN","op_status_reason":null,"development_status":"EXISTING","development_scale":"0","total_capacity":3.5,"fee_charged":"N","fee_type":null,"recarea_name":"Nf729rd-001","recarea_description":"NF729RD-001 (Trailhead)","information_center":null,"official_designation":null,"fee_description":null,"operational_hours":null,"open_season":null,"best_season":null,"busiest_season":null,"usage_level":null,"pack_in_out":"Y","public_site_name":null,"alternative_name":null,"rec1stop_url":null,"usda_portal_url":null,"important_info":null,"rentals_and_guides":null,"passes":null,"permit_information":null,"restrictions":null,"closest_towns":null,"water_availability":null,"restroom_availability":null,"operated_by":null,"season_description":null,"directions":null,"maximum_elevation":null,"minimum_elevation":"3,438 feet","season_name":null,"site_season_start_date":null,"site_season_end_date":null,"max_nbr_people":null,"passes_accepted":null,"latitude":46.835932750000005,"longitude":-115.1205769,"infra_last_update":1771858857000,"edw_last_modify":1771899097000,"globalid":"{9547395B-3A4F-4E94-BE50-C669790B3F2F}"}},{"type":"Feature","geometry":{"type":"Point","coordinates":[-114.7512474,44.039976]},"properties":{"objectid":2777807,"site_cn":"5622.003221","managing_org":"041404","site_id":"40027","site_name":"CHAMPION CREEK TRAILHEAD","site_type":"TRAILHEAD","activity_type_list":"No Data","service_type_list":"No Data","seasonal_operational_status":"OPEN","op_status_reason":null,"development_status":"EXISTING","development_scale":"3","total_capacity":42,"fee_charged":"N","fee_type":null,"recarea_name":"Champion Creek Trailhead","recarea_description":"CHAMPION CREEK TRAILHEAD (Trailhead)","information_center":null,"official_designation":null,"fee_description":null,"operational_hours":null,"open_season":null,"best_season":null,"busiest_season":null,"usage_level":null,"pack_in_out":"Y","public_site_name":"Champion Creek Trailhead","alternative_name":null,"rec1stop_url":null,"usda_portal_url":null,"important_info":null,"rentals_and_guides":null,"passes":null,"permit_information":null,"restrictions":null,"closest_towns":null,"water_availability":null,"restroom_availability":null,"operated_by":null,"season_description":null,"directions":null,"maximum_elevation":null,"minimum_elevation":" feet","season_name":null,"site_season_start_date":null,"site_season_end_date":null,"max_nbr_people":null,"passes_accepted":null,"latitude":44.03996987,"longitude":-114.75123461999999,"infra_last_update":1783456389000,"edw_last_modify":1783479827000,"globalid":"{A0821ECA-B193-4FC1-964F-C51833E9165D}"}},{"type":"Feature","geometry":{"type":"Point","coordinates":[-114.9111242,45.6366729]},"properties":{"objectid":2777928,"site_cn":"5076.000271","managing_org":"010304","site_id":"32000","site_name":"HORSE HEAVEN TRAILHEAD","site_type":"TRAILHEAD","activity_type_list":"No Data","service_type_list":"No Data","seasonal_operational_status":"OPEN","op_status_reason":null,"development_status":"EXISTING","development_scale":"1","total_capacity":0,"fee_charged":"N","fee_type":null,"recarea_name":"HORSE HEAVEN TRAILHEAD","recarea_description":"This trailhead has adequate parking and accesses trail 28 and the Frank Church Wilderness","information_center":null,"official_designation":null,"fee_description":null,"operational_hours":null,"open_season":null,"best_season":null,"busiest_season":null,"usage_level":"Moderate","pack_in_out":"N","public_site_name":"Horse Heaven Trailhead","alternative_name":null,"rec1stop_url":null,"usda_portal_url":"https://www.fs.usda.gov/recarea/bitterroot/recarea/?recid=60568","important_info":null,"rentals_and_guides":null,"passes":null,"permit_information":null,"restrictions":null,"closest_towns":"Darby","water_availability":"No, drinking water is not provided","restroom_availability":"no toilets","operated_by":null,"season_description":null,"directions":"From Darby, MT travel south 4.3 miles on Highway 93, turn south on the West Fork Road and procede for approximately 14.3 miles.  Turn west on Forest Road 468, Nez Perce Road and travel for approximately 54 miles (Nez Perce Rd becomes Magruder Corridor which becomes Nez Perce Trail Rd.)","maximum_elevation":null,"minimum_elevation":null,"season_name":null,"site_season_start_date":null,"site_season_end_date":null,"max_nbr_people":null,"passes_accepted":null,"latitude":45.636666670000004,"longitude":-114.9111111,"infra_last_update":1744209504000,"edw_last_modify":1744252541000,"globalid":"{A0F15853-F69E-4E17-A53E-69971BC2B1CF}"}},{"type":"Feature","geometry":{"type":"Point","coordinates":[-115.662707,44.090517]},"properties":{"objectid":2778016,"site_cn":"5514.002731","managing_org":"040205","site_id":"6509","site_name":"JULIE CREEK TRAILHEAD","site_type":"TRAILHEAD","activity_type_list":"No Data","service_type_list":"No Data","seasonal_operational_status":"OPEN","op_status_reason":null,"development_status":"EXISTING","development_scale":"2","total_capacity":35,"fee_charged":"N","fee_type":null,"recarea_name":"Julie Creek Trailhead","recarea_description":"JULIE CREEK TRAILHEAD (Trailhead)","information_center":null,"official_designation":null,"fee_description":null,"operational_hours":null,"open_season":null,"best_season":null,"busiest_season":null,"usage_level":null,"pack_in_out":"Y","public_site_name":"Julie Creek Trailhead","alternative_name":null,"rec1stop_url":null,"usda_portal_url":null,"important_info":null,"rentals_and_guides":null,"passes":null,"permit_information":null,"restrictions":null,"closest_towns":null,"water_availability":null,"restroom_availability":null,"operated_by":null,"season_description":null,"directions":null,"maximum_elevation":null,"minimum_elevation":" feet","season_name":null,"site_season_start_date":null,"site_season_end_date":null,"max_nbr_people":null,"passes_accepted":null,"latitude":44.090511,"longitude":-115.662694,"infra_last_update":1766409684000,"edw_last_modify":1766455434000,"globalid":"{09AED761-1709-48C8-BFF0-2175967E4394}"}},{"type":"Feature","geometry":{"type":"Point","coordinates":[-111.218298,43.6386124]},"properties":{"objectid":2778098,"site_cn":"6759447010602","managing_org":"041556","site_id":"0531","site_name":"WET HENDERSON","site_type":"TRAILHEAD","activity_type_list":"No Data","service_type_list":"No Data","seasonal_operational_status":"OPEN","op_status_reason":null,"development_status":"EXISTING","development_scale":"2","total_capacity":50,"fee_charged":"N","fee_type":null,"recarea_name":"WET HENDERSON","recarea_description":"WET HENDERSON","information_center":null,"official_designation":null,"fee_description":null,"operational_hours":null,"open_season":null,"best_season":null,"busiest_season":null,"usage_level":null,"pack_in_out":"N","public_site_name":"Wet Henderson Trailhead","alternative_name":null,"rec1stop_url":null,"usda_portal_url":null,"important_info":null,"rentals_and_guides":null,"passes":null,"permit_information":null,"restrictions":null,"closest_towns":null,"water_availability":"No water is available","restroom_availability":"No restroom available","operated_by":"US Forest Service","season_description":null,"directions":null,"maximum_elevation":null,"minimum_elevation":null,"season_name":null,"site_season_start_date":null,"site_season_end_date":null,"max_nbr_people":null,"passes_accepted":null,"latitude":43.638605999999996,"longitude":-111.21828599999999,"infra_last_update":1731690561000,"edw_last_modify":1744204333000,"globalid":"{90DCE72F-285B-4D0B-9B92-764730B871CA}"}},{"type":"Feature","geometry":{"type":"Point","coordinates":[-115.4664708,46.6315029]},"properties":{"objectid":2778333,"site_cn":"2921579010602","managing_org":"011753","site_id":"170603070503-023","site_name":"NF250RD-040","site_type":"TRAILHEAD","activity_type_list":"No Data","service_type_list":"No Data","seasonal_operational_status":"OPEN","op_status_reason":null,"development_status":"EXISTING","development_scale":"1","total_capacity":3.5,"fee_charged":"N","fee_type":null,"recarea_name":"Nf250rd-040","recarea_description":"NF250RD-040 (Trailhead)","information_center":null,"official_designation":null,"fee_description":null,"operational_hours":null,"open_season":null,"best_season":null,"busiest_season":null,"usage_level":null,"pack_in_out":"Y","public_site_name":null,"alternative_name":null,"rec1stop_url":null,"usda_portal_url":null,"important_info":null,"rentals_and_guides":null,"passes":null,"permit_information":null,"restrictions":null,"closest_towns":null,"water_availability":null,"restroom_availability":null,"operated_by":null,"season_description":null,"directions":null,"maximum_elevation":null,"minimum_elevation":"2,283 feet","season_name":null,"site_season_start_date":null,"site_season_end_date":null,"max_nbr_people":null,"passes_accepted":null,"latitude":46.63149664,"longitude":-115.46645729999999,"infra_last_update":1771858856000,"edw_last_modify":1771899094000,"globalid":"{EF0BA39D-4AA6-45EF-8BF0-92B08B61C2CA}"}},{"type":"Feature","geometry":{"type":"Point","coordinates":[-115.9208169,43.499812]},"properties":{"objectid":2778340,"site_cn":"1496344010602","managing_org":"040201","site_id":"6701","site_name":"THREE POINT MOUNTAIN TRAILHEAD","site_type":"TRAILHEAD","activity_type_list":"No Data","service_type_list":"No Data","seasonal_operational_status":"OPEN","op_status_reason":null,"development_status":"EXISTING","development_scale":"3","total_capacity":0,"fee_charged":"N","fee_type":null,"recarea_name":"Three Point Mountain Trailhead","recarea_description":"Three Point Mountain Trailhead is located in the Danskin Mountain OHV area on Blacks Creek Road and accesses Danskin group #500.","information_center":null,"official_designation":null,"fee_description":"No fees are required for this site","operational_hours":"End of May - End of September Unless closed by snow","open_season":null,"best_season":null,"busiest_season":null,"usage_level":null,"pack_in_out":"N","public_site_name":"Three Point Mountain Trailhead","alternative_name":null,"rec1stop_url":null,"usda_portal_url":"www.fs.usda.gov/recarea/asnf/recreation/recarea/?recid=5103","important_info":null,"rentals_and_guides":null,"passes":null,"permit_information":null,"restrictions":null,"closest_towns":"Boise, ID","water_availability":"No water is available","restroom_availability":"Vault toilet(s)","operated_by":"US Forest Service","season_description":null,"directions":"From Boise travel east on I-84 to Blacks Creek Road, exit 64.  Follow east Blacks Creek for approximately 10.5 miles to FR 189A","maximum_elevation":null,"minimum_elevation":" feet","season_name":null,"site_season_start_date":null,"site_season_end_date":null,"max_nbr_people":null,"passes_accepted":null,"latitude":43.499806,"longitude":-115.920804,"infra_last_update":1753975085000,"edw_last_modify":1754014271000,"globalid":"{3F9C2433-F5F0-49DD-8C75-B01FC4D422B0}"}},{"type":"Feature","geometry":{"type":"Point","coordinates":[-115.1679614,46.8265602]},"properties":{"objectid":2778358,"site_cn":"2921429010602","managing_org":"011753","site_id":"170603070104-018","site_name":"NF729RD-003","site_type":"TRAILHEAD","activity_type_list":"No Data","service_type_list":"No Data","seasonal_operational_status":"OPEN","op_status_reason":null,"development_status":"EXISTING","development_scale":"0","total_capacity":3.5,"fee_charged":"N","fee_type":null,"recarea_name":"Nf729rd-003","recarea_description":"NF729RD-003 (Trailhead)","information_center":null,"official_designation":null,"fee_description":null,"operational_hours":null,"open_season":null,"best_season":null,"busiest_season":null,"usage_level":null,"pack_in_out":"Y","public_site_name":null,"alternative_name":null,"rec1stop_url":null,"usda_portal_url":null,"important_info":null,"rentals_and_guides":null,"passes":null,"permit_information":null,"restrictions":null,"closest_towns":null,"water_availability":null,"restroom_availability":null,"operated_by":null,"season_description":null,"directions":null,"maximum_elevation":null,"minimum_elevation":"3,602 feet","season_name":null,"site_season_start_date":null,"site_season_end_date":null,"max_nbr_people":null,"passes_accepted":null,"latitude":46.82655383,"longitude":-115.16794800000001,"infra_last_update":1771858855000,"edw_last_modify":1771899097000,"globalid":"{2D3938CF-CC20-43D2-B160-E18793D7EFDD}"}},{"type":"Feature","geometry":{"type":"Point","coordinates":[-116.2625972,44.7529]},"properties":{"objectid":2778371,"site_cn":"12907.003141","managing_org":"041201","site_id":"10143","site_name":"DESERET CABIN","site_type":"TRAILHEAD","activity_type_list":"No Data","service_type_list":"No Data","seasonal_operational_status":"OPEN","op_status_reason":null,"development_status":"EXISTING","development_scale":"2","total_capacity":10,"fee_charged":"N","fee_type":null,"recarea_name":"Deseret Cabin","recarea_description":"DESERET CABIN (Trailhead)","information_center":null,"official_designation":null,"fee_description":null,"operational_hours":null,"open_season":null,"best_season":null,"busiest_season":null,"usage_level":null,"pack_in_out":"Y","public_site_name":null,"alternative_name":null,"rec1stop_url":null,"usda_portal_url":null,"important_info":null,"rentals_and_guides":null,"passes":null,"permit_information":null,"restrictions":null,"closest_towns":null,"water_availability":null,"restroom_availability":null,"operated_by":null,"season_description":null,"directions":null,"maximum_elevation":null,"minimum_elevation":" feet","season_name":null,"site_season_start_date":null,"site_season_end_date":null,"max_nbr_people":null,"passes_accepted":null,"latitude":44.752894,"longitude":-116.262584,"infra_last_update":1771858856000,"edw_last_modify":1771899187000,"globalid":"{5BD63C47-5303-485C-815E-F5EA56982236}"}},{"type":"Feature","geometry":{"type":"Point","coordinates":[-116.188287,45.4365519]},"properties":{"objectid":2778450,"site_cn":"2920701010602","managing_org":"011701","site_id":"170602090204-008","site_name":"SR263LRD-001","site_type":"TRAILHEAD","activity_type_list":"No Data","service_type_list":"No Data","seasonal_operational_status":"OPEN","op_status_reason":null,"development_status":"EXISTING","development_scale":"0","total_capacity":3.5,"fee_charged":"N","fee_type":null,"recarea_name":"Sr263lrd-001","recarea_description":"SR263LRD-001 (Trailhead)","information_center":null,"official_designation":null,"fee_description":null,"operational_hours":null,"open_season":null,"best_season":null,"busiest_season":null,"usage_level":null,"pack_in_out":"Y","public_site_name":null,"alternative_name":null,"rec1stop_url":null,"usda_portal_url":null,"important_info":null,"rentals_and_guides":null,"passes":null,"permit_information":null,"restrictions":null,"closest_towns":null,"water_availability":null,"restroom_availability":null,"operated_by":null,"season_description":null,"directions":null,"maximum_elevation":null,"minimum_elevation":"4,327 feet","season_name":null,"site_season_start_date":null,"site_season_end_date":null,"max_nbr_people":null,"passes_accepted":null,"latitude":45.436545790000004,"longitude":-116.1882737,"infra_last_update":1771858855000,"edw_last_modify":1771899112000,"globalid":"{36BBAF10-A982-48FD-9653-04C6031DA574}"}},{"type":"Feature","geometry":{"type":"Point","coordinates":[-115.6321803,47.0455118]},"properties":{"objectid":2778473,"site_cn":"10626010359","managing_org":"010404","site_id":"2159","site_name":"SNOW PEAK","site_type":"TRAILHEAD","activity_type_list":"No Data","service_type_list":"No Data","seasonal_operational_status":"OPEN","op_status_reason":null,"development_status":"EXISTING","development_scale":"3","total_capacity":26,"fee_charged":"N","fee_type":null,"recarea_name":"SNOW PEAK","recarea_description":"The Snow Peak WMA is dedicated to wildlife management and is co-managed with the Idaho Department of Fish and Game (IDFG). It is bounded by Trail 40 and Road 395 in the south, Little North Fork Clearwater River and Spotted Louis Creek in the west, and Road 201 in the north and east. Ownership in the Spotted Louis, Canyon and Buck Creek drainages is in a checkerboard pattern with every other section belonging to the State of Idaho. Elevations range from 2,600 feet along the Little North Fork Clearwater River, to 6,760 feet at Snow Peak Lookout. The area encompasses a scenic and ecologically diverse area that provides recreationists the opportunity to hunt, fish and enjoy nature with a high degree of solitude. Mountain goats are frequently seen in the area.","information_center":null,"official_designation":null,"fee_description":"No fees are required for this site","operational_hours":"Open 24 hours/day","open_season":null,"best_season":null,"busiest_season":null,"usage_level":null,"pack_in_out":"Y","public_site_name":"Snow Peak  Trailhead","alternative_name":null,"rec1stop_url":null,"usda_portal_url":"https://www.fs.usda.gov/recarea/ipnf/recreation/recarea/?recid=82545&actid=62","important_info":null,"rentals_and_guides":null,"passes":null,"permit_information":null,"restrictions":null,"closest_towns":"Avery, ID","water_availability":null,"restroom_availability":null,"operated_by":"US Forest Service","season_description":null,"directions":null,"maximum_elevation":null,"minimum_elevation":null,"season_name":null,"site_season_start_date":null,"site_season_end_date":null,"max_nbr_people":null,"passes_accepted":null,"latitude":47.045505549999994,"longitude":-115.6321667,"infra_last_update":1766409744000,"edw_last_modify":1766455615000,"globalid":"{7C16E02B-6D35-46CE-9487-4073FE8A088E}"}},{"type":"Feature","geometry":{"type":"Point","coordinates":[-115.4890414,45.9682317]},"properties":{"objectid":2778490,"site_cn":"2921073010602","managing_org":"011705","site_id":"170603050201-009","site_name":"RR464RD-003","site_type":"TRAILHEAD","activity_type_list":"No Data","service_type_list":"No Data","seasonal_operational_status":"OPEN","op_status_reason":null,"development_status":"EXISTING","development_scale":"0","total_capacity":3.5,"fee_charged":"N","fee_type":null,"recarea_name":"Rr464rd-003","recarea_description":"RR464RD-003 (Trailhead)","information_center":null,"official_designation":null,"fee_description":null,"operational_hours":null,"open_season":null,"best_season":null,"busiest_season":null,"usage_level":null,"pack_in_out":"Y","public_site_name":null,"alternative_name":null,"rec1stop_url":null,"usda_portal_url":null,"important_info":null,"rentals_and_guides":null,"passes":null,"permit_information":null,"restrictions":null,"closest_towns":null,"water_availability":null,"restroom_availability":null,"operated_by":null,"season_description":null,"directions":null,"maximum_elevation":null,"minimum_elevation":"5,292 feet","season_name":null,"site_season_start_date":null,"site_season_end_date":null,"max_nbr_people":null,"passes_accepted":null,"latitude":45.968225430000004,"longitude":-115.4890281,"infra_last_update":1771858857000,"edw_last_modify":1771899104000,"globalid":"{692F1EEF-1366-4BE6-B4A1-99C07DE016EA}"}},{"type":"Feature","geometry":{"type":"Point","coordinates":[-114.2603029,44.8503862]},"properties":{"objectid":2778525,"site_cn":"5009.002901","managing_org":"041302","site_id":"22282","site_name":"MORGAN SUMMIT TRAILHEAD","site_type":"TRAILHEAD","activity_type_list":"No Data","service_type_list":"No Data","seasonal_operational_status":"OPEN","op_status_reason":null,"development_status":"EXISTING","development_scale":"2","total_capacity":19,"fee_charged":"N","fee_type":null,"recarea_name":"MORGAN SUMMIT TRAILHEAD","recarea_description":"This is the trailhead for trail #4251, Corral Creek-Hat Creek and then can access #6093, Big Hat Creek and #6094, Iron Mountain Trails.","information_center":null,"official_designation":null,"fee_description":"No fees are required for this site","operational_hours":"Open 24 hours/day","open_season":null,"best_season":null,"busiest_season":null,"usage_level":null,"pack_in_out":"Y","public_site_name":"Morgan Summit Trailhead","alternative_name":null,"rec1stop_url":null,"usda_portal_url":"https://www.fs.usda.gov/recarea/scnf/recarea/?recid=76200","important_info":null,"rentals_and_guides":null,"passes":null,"permit_information":null,"restrictions":null,"closest_towns":"Challis, Idaho","water_availability":"No water is available","restroom_availability":"No restroom available","operated_by":"US Forest Service","season_description":null,"directions":"From Challis, Idaho go north 8 miles on US-93 N. Turn left onto Morgan Cr Rd for about 20 miles, trailhead will be on the right.","maximum_elevation":null,"minimum_elevation":null,"season_name":null,"site_season_start_date":null,"site_season_end_date":null,"max_nbr_people":null,"passes_accepted":null,"latitude":44.850379999999994,"longitude":-114.26029,"infra_last_update":1753975086000,"edw_last_modify":1754014223000,"globalid":"{71E8F031-A16C-4A4A-9929-F6B31A9E7C24}"}},{"type":"Feature","geometry":{"type":"Point","coordinates":[-115.3091803,46.0539842]},"properties":{"objectid":2778691,"site_cn":"5030.000961","managing_org":"011706","site_id":"2098","site_name":"FOG MOUNTAIN ROAD JUNCT.","site_type":"TRAILHEAD","activity_type_list":"No Data","service_type_list":"No Data","seasonal_operational_status":"OPEN","op_status_reason":null,"development_status":"EXISTING","development_scale":"2","total_capacity":21,"fee_charged":"N","fee_type":null,"recarea_name":"Fog Mountain Road Junct.","recarea_description":"FOG MOUNTAIN ROAD JUNCT. (Trailhead)","information_center":null,"official_designation":null,"fee_description":null,"operational_hours":null,"open_season":null,"best_season":null,"busiest_season":null,"usage_level":null,"pack_in_out":"Y","public_site_name":"Fog Mountain Road Junct.","alternative_name":null,"rec1stop_url":null,"usda_portal_url":null,"important_info":null,"rentals_and_guides":null,"passes":null,"permit_information":null,"restrictions":null,"closest_towns":null,"water_availability":null,"restroom_availability":null,"operated_by":null,"season_description":null,"directions":null,"maximum_elevation":null,"minimum_elevation":"1,700 feet","season_name":null,"site_season_start_date":null,"site_season_end_date":null,"max_nbr_people":null,"passes_accepted":null,"latitude":46.053978,"longitude":-115.309167,"infra_last_update":1592719844000,"edw_last_modify":1744204334000,"globalid":"{E880062B-960F-4545-AA5D-85057093A0C7}"}},{"type":"Feature","geometry":{"type":"Point","coordinates":[-112.1348129,42.3047142]},"properties":{"objectid":2778706,"site_cn":"5007.002861","managing_org":"041557","site_id":"06750","site_name":"CHERRY CREEK TR","site_type":"TRAILHEAD","activity_type_list":"No Data","service_type_list":"No Data","seasonal_operational_status":"CLOSED","op_status_reason":null,"development_status":"EXISTING","development_scale":"3","total_capacity":55,"fee_charged":"N","fee_type":null,"recarea_name":"CHERRY CREEK TR","recarea_description":"Experience this 5.0-mile trail #400 near Downey, Idaho. This trail is great for birding, hiking, and horseback riding, and it's unlikely you'll encounter many other people while exploring. The best times to visit this trail are March through November. Dogs are welcome and may be off leash in some areas. This trail connects to Trail #402 and Trail #404.","information_center":null,"official_designation":null,"fee_description":"No fees are required for this site","operational_hours":"Day use only: open sunrise to sunset","open_season":null,"best_season":null,"busiest_season":null,"usage_level":null,"pack_in_out":"Y","public_site_name":"Cherry Creek Trailhead","alternative_name":null,"rec1stop_url":null,"usda_portal_url":"https://www.fs.usda.gov/recarea/ctnf/recreation/camping-cabins/recarea/?recid=53863&actid=29","important_info":null,"rentals_and_guides":null,"passes":null,"permit_information":null,"restrictions":null,"closest_towns":"Pocatello, Idaho","water_availability":"No water is available","restroom_availability":"No restroom available","operated_by":"US Forest Service","season_description":null,"directions":"From Pocatello: Take I-15/US-30E/US-91 towards Inkom/Salt Lake City for 30 miles. Take exit 36 US-91 towards Downey/Preston for 0.3 miles and turn right onto N Old Hwy 191 for 2.2 Miles. Take a left onto Cherry Creek Rd and continue for 1.7 miles. Keep right on S Cherry Creek Rd doe 5,9 miles. Arrive at destition, on left hand side.\nFrom Malad: Hope on I-15 N for 4.5 miles. Take exit 22 towards E 8400 N/Colton Ln. Turn right onto E 8400 N/Colton Ln and continue for 5.3 miles. Turn right onto E Guidinger Rd/E Gunniger Rd and continue for 2.6 miles. Take a right turn onto S Cherry Creek Rd and continue for 5.2 miles. Destition will be on your left-hand side.","maximum_elevation":null,"minimum_elevation":null,"season_name":null,"site_season_start_date":null,"site_season_end_date":null,"max_nbr_people":null,"passes_accepted":null,"latitude":42.304708039999994,"longitude":-112.1348009,"infra_last_update":1753975087000,"edw_last_modify":1754014225000,"globalid":"{AEA6B5D7-05FB-4848-A486-5FCC8EE1AD8A}"}},{"type":"Feature","geometry":{"type":"Point","coordinates":[-116.5302799,47.6223052]},"properties":{"objectid":2778713,"site_cn":"6049.000331","managing_org":"010403","site_id":"384","site_name":"4TH JULY X-CNTRY SKI","site_type":"TRAILHEAD","activity_type_list":"No Data","service_type_list":"No Data","seasonal_operational_status":"OPEN","op_status_reason":null,"development_status":"EXISTING","development_scale":"3","total_capacity":70,"fee_charged":"N","fee_type":null,"recarea_name":"4TH JULY X-CNTRY SKI","recarea_description":"4TH JULY X-CNTRY SKI","information_center":null,"official_designation":null,"fee_description":"No fees are required for this site","operational_hours":"Open 24 hours/day","open_season":null,"best_season":null,"busiest_season":null,"usage_level":null,"pack_in_out":"Y","public_site_name":"4th Of July X-Country Ski Trailhead","alternative_name":null,"rec1stop_url":null,"usda_portal_url":null,"important_info":null,"rentals_and_guides":null,"passes":null,"permit_information":null,"restrictions":null,"closest_towns":"Coeur d'Alene, Idaho","water_availability":null,"restroom_availability":null,"operated_by":"US Forest Service","season_description":null,"directions":"Located 13 miles east of Coeur d'Alene on I-90. Take the interchange at the top of 4th of July Pass, turn north at end of exit ramp, go 1/2 mile to site. Go south of the interstate to the 4th of July ski/snowmobile area.","maximum_elevation":null,"minimum_elevation":null,"season_name":null,"site_season_start_date":null,"site_season_end_date":null,"max_nbr_people":null,"passes_accepted":null,"latitude":47.622299,"longitude":-116.530266,"infra_last_update":1753975074000,"edw_last_modify":1754013985000,"globalid":"{D4F9E3F4-06C3-4622-AE3E-2CFE662728FF}"}},{"type":"Feature","geometry":{"type":"Point","coordinates":[-114.6322912,46.4654218]},"properties":{"objectid":2778746,"site_cn":"3492223010602","managing_org":"011755","site_id":"170603030205-001","site_name":"POW111RD-008 SAVAGE RIDGE TH","site_type":"TRAILHEAD","activity_type_list":"No Data","service_type_list":"No Data","seasonal_operational_status":"OPEN","op_status_reason":null,"development_status":"EXISTING","development_scale":"1","total_capacity":3.5,"fee_charged":"N","fee_type":null,"recarea_name":"Pow111rd-008 Savage Ridge Th","recarea_description":"POW111RD-008 SAVAGE RIDGE TH (Trailhead)","information_center":null,"official_designation":null,"fee_description":null,"operational_hours":null,"open_season":null,"best_season":null,"busiest_season":null,"usage_level":null,"pack_in_out":"Y","public_site_name":null,"alternative_name":null,"rec1stop_url":null,"usda_portal_url":null,"important_info":null,"rentals_and_guides":null,"passes":null,"permit_information":null,"restrictions":null,"closest_towns":null,"water_availability":null,"restroom_availability":null,"operated_by":null,"season_description":null,"directions":null,"maximum_elevation":null,"minimum_elevation":"6,142 feet","season_name":null,"site_season_start_date":null,"site_season_end_date":null,"max_nbr_people":null,"passes_accepted":null,"latitude":46.465415500000006,"longitude":-114.63227798,"infra_last_update":1771858858000,"edw_last_modify":1771899018000,"globalid":"{726835ED-2EC8-4247-B169-CC99DB2DB952}"}},{"type":"Feature","geometry":{"type":"Point","coordinates":[-114.595704,45.2993813]},"properties":{"objectid":2778991,"site_cn":"5276.003191","managing_org":"041307","site_id":"72271","site_name":"STODDARD TRAILHEAD","site_type":"TRAILHEAD","activity_type_list":"No Data","service_type_list":"No Data","seasonal_operational_status":"OPEN","op_status_reason":null,"development_status":"EXISTING","development_scale":"3","total_capacity":20,"fee_charged":"N","fee_type":null,"recarea_name":"Stoddard Trailhead","recarea_description":"STODDARD TRAILHEAD (Trailhead)","information_center":null,"official_designation":null,"fee_description":null,"operational_hours":null,"open_season":null,"best_season":null,"busiest_season":null,"usage_level":null,"pack_in_out":"Y","public_site_name":"Stoddard Trailhead","alternative_name":null,"rec1stop_url":null,"usda_portal_url":null,"important_info":null,"rentals_and_guides":null,"passes":null,"permit_information":null,"restrictions":null,"closest_towns":null,"water_availability":null,"restroom_availability":null,"operated_by":null,"season_description":null,"directions":null,"maximum_elevation":null,"minimum_elevation":" feet","season_name":null,"site_season_start_date":null,"site_season_end_date":null,"max_nbr_people":null,"passes_accepted":null,"latitude":45.299375000000005,"longitude":-114.595691,"infra_last_update":1783346069000,"edw_last_modify":1783392562000,"globalid":"{BE2183DE-C1AC-4F1E-A32C-E86106067D02}"}},{"type":"Feature","geometry":{"type":"Point","coordinates":[-111.1207119,42.8464063]},"properties":{"objectid":2779010,"site_cn":"5017.002861","managing_org":"041555","site_id":"27173","site_name":"LANDER TRAIL","site_type":"TRAILHEAD","activity_type_list":"No Data","service_type_list":"No Data","seasonal_operational_status":"OPEN","op_status_reason":null,"development_status":"EXISTING","development_scale":"1","total_capacity":0,"fee_charged":"N","fee_type":null,"recarea_name":"Lander Trail","recarea_description":"LANDER TRAIL (Trailhead)","information_center":null,"official_designation":null,"fee_description":null,"operational_hours":null,"open_season":null,"best_season":null,"busiest_season":null,"usage_level":null,"pack_in_out":"N","public_site_name":null,"alternative_name":null,"rec1stop_url":null,"usda_portal_url":null,"important_info":null,"rentals_and_guides":null,"passes":null,"permit_information":null,"restrictions":null,"closest_towns":null,"water_availability":null,"restroom_availability":null,"operated_by":null,"season_description":null,"directions":null,"maximum_elevation":null,"minimum_elevation":" feet","season_name":null,"site_season_start_date":null,"site_season_end_date":null,"max_nbr_people":null,"passes_accepted":null,"latitude":42.8464,"longitude":-111.1207,"infra_last_update":1771858859000,"edw_last_modify":1771898763000,"globalid":"{D55897AE-11E3-49C2-88EB-A8AB165A72DE}"}},{"type":"Feature","geometry":{"type":"Point","coordinates":[-116.0442831,45.689391]},"properties":{"objectid":2779036,"site_cn":"2921309010602","managing_org":"011701","site_id":"170603050701-013","site_name":"SR221RD-018","site_type":"TRAILHEAD","activity_type_list":"No Data","service_type_list":"No Data","seasonal_operational_status":"OPEN","op_status_reason":null,"development_status":"EXISTING","development_scale":"0","total_capacity":3.5,"fee_charged":"N","fee_type":null,"recarea_name":"Sr221rd-018","recarea_description":"SR221RD-018 (Trailhead)","information_center":null,"official_designation":null,"fee_description":null,"operational_hours":null,"open_season":null,"best_season":null,"busiest_season":null,"usage_level":null,"pack_in_out":"Y","public_site_name":null,"alternative_name":null,"rec1stop_url":null,"usda_portal_url":null,"important_info":null,"rentals_and_guides":null,"passes":null,"permit_information":null,"restrictions":null,"closest_towns":null,"water_availability":null,"restroom_availability":null,"operated_by":null,"season_description":null,"directions":null,"maximum_elevation":null,"minimum_elevation":"5,823 feet","season_name":null,"site_season_start_date":null,"site_season_end_date":null,"max_nbr_people":null,"passes_accepted":null,"latitude":45.68938484,"longitude":-116.0442697,"infra_last_update":1771858854000,"edw_last_modify":1771899100000,"globalid":"{44EC149B-2F3B-4D48-957F-3D22145F692D}"}},{"type":"Feature","geometry":{"type":"Point","coordinates":[-116.0649983,45.7658855]},"properties":{"objectid":2779060,"site_cn":"2920899010602","managing_org":"011701","site_id":"170602090601-009","site_name":"SR642RD-002","site_type":"TRAILHEAD","activity_type_list":"No Data","service_type_list":"No Data","seasonal_operational_status":"OPEN","op_status_reason":null,"development_status":"EXISTING","development_scale":"0","total_capacity":3.5,"fee_charged":"N","fee_type":null,"recarea_name":"Sr642rd-002","recarea_description":"SR642RD-002 (Trailhead)","information_center":null,"official_designation":null,"fee_description":null,"operational_hours":null,"open_season":null,"best_season":null,"busiest_season":null,"usage_level":null,"pack_in_out":"Y","public_site_name":null,"alternative_name":null,"rec1stop_url":null,"usda_portal_url":null,"important_info":null,"rentals_and_guides":null,"passes":null,"permit_information":null,"restrictions":null,"closest_towns":null,"water_availability":null,"restroom_availability":null,"operated_by":null,"season_description":null,"directions":null,"maximum_elevation":null,"minimum_elevation":"4,797 feet","season_name":null,"site_season_start_date":null,"site_season_end_date":null,"max_nbr_people":null,"passes_accepted":null,"latitude":45.76587934,"longitude":-116.0649849,"infra_last_update":1771858859000,"edw_last_modify":1771899108000,"globalid":"{FFBB26F0-5DE7-4B6A-AE5C-93132E285488}"}},{"type":"Feature","geometry":{"type":"Point","coordinates":[-116.1076234,48.4583395]},"properties":{"objectid":2779100,"site_cn":"4257421010602","managing_org":"011404","site_id":"170101011703-4004","site_name":"CARIBOU CREEK TH 410-RD 427","site_type":"TRAILHEAD","activity_type_list":"No Data","service_type_list":"No Data","seasonal_operational_status":"OPEN","op_status_reason":null,"development_status":"EXISTING","development_scale":"1","total_capacity":3.5,"fee_charged":"N","fee_type":null,"recarea_name":"Caribou Creek Th 410-Rd 427","recarea_description":"CARIBOU CREEK TH 410-RD 427 (Trailhead)","information_center":null,"official_designation":null,"fee_description":null,"operational_hours":null,"open_season":null,"best_season":null,"busiest_season":null,"usage_level":null,"pack_in_out":"Y","public_site_name":null,"alternative_name":null,"rec1stop_url":null,"usda_portal_url":null,"important_info":null,"rentals_and_guides":null,"passes":null,"permit_information":null,"restrictions":null,"closest_towns":null,"water_availability":null,"restroom_availability":null,"operated_by":null,"season_description":null,"directions":null,"maximum_elevation":null,"minimum_elevation":"3,510 feet","season_name":null,"site_season_start_date":null,"site_season_end_date":null,"max_nbr_people":null,"passes_accepted":null,"latitude":48.45833315,"longitude":-116.1076094,"infra_last_update":1771858859000,"edw_last_modify":1771898901000,"globalid":"{9E44FC38-FED3-4A38-87D0-6E453671B4FC}"}},{"type":"Feature","geometry":{"type":"Point","coordinates":[-115.6913298,44.8631283]},"properties":{"objectid":2779146,"site_cn":"6618019010602","managing_org":"041206","site_id":"60161","site_name":"FOUR MILE","site_type":"TRAILHEAD","activity_type_list":"No Data","service_type_list":"No Data","seasonal_operational_status":"OPEN","op_status_reason":null,"development_status":"EXISTING","development_scale":"1","total_capacity":11,"fee_charged":"N","fee_type":null,"recarea_name":"Four Mile","recarea_description":"FOUR MILE (Trailhead)","information_center":null,"official_designation":null,"fee_description":null,"operational_hours":null,"open_season":null,"best_season":null,"busiest_season":null,"usage_level":null,"pack_in_out":"Y","public_site_name":null,"alternative_name":null,"rec1stop_url":null,"usda_portal_url":null,"important_info":null,"rentals_and_guides":null,"passes":null,"permit_information":null,"restrictions":null,"closest_towns":null,"water_availability":null,"restroom_availability":null,"operated_by":null,"season_description":null,"directions":null,"maximum_elevation":null,"minimum_elevation":" feet","season_name":null,"site_season_start_date":null,"site_season_end_date":null,"max_nbr_people":null,"passes_accepted":null,"latitude":44.86312222,"longitude":-115.6913167,"infra_last_update":1771858859000,"edw_last_modify":1771898626000,"globalid":"{4FA928D2-B89C-4F27-A065-2469190448C7}"}},{"type":"Feature","geometry":{"type":"Point","coordinates":[-115.6354811,44.7168581]},"properties":{"objectid":2779181,"site_cn":"7160.002731","managing_org":"040204","site_id":"6554","site_name":"CABIN CREEK/THUNDERBOLT TRAILHEAD","site_type":"TRAILHEAD","activity_type_list":"No Data","service_type_list":"No Data","seasonal_operational_status":"OPEN","op_status_reason":null,"development_status":"EXISTING","development_scale":"1","total_capacity":15,"fee_charged":"N","fee_type":null,"recarea_name":"Cabin Creek/Thunderbolt Trailhead","recarea_description":"CABIN CREEK/THUNDERBOLT TRAILHEAD (Trailhead)","information_center":null,"official_designation":null,"fee_description":null,"operational_hours":null,"open_season":null,"best_season":null,"busiest_season":null,"usage_level":null,"pack_in_out":"Y","public_site_name":null,"alternative_name":null,"rec1stop_url":null,"usda_portal_url":null,"important_info":null,"rentals_and_guides":null,"passes":null,"permit_information":null,"restrictions":null,"closest_towns":null,"water_availability":null,"restroom_availability":null,"operated_by":null,"season_description":null,"directions":null,"maximum_elevation":null,"minimum_elevation":" feet","season_name":null,"site_season_start_date":null,"site_season_end_date":null,"max_nbr_people":null,"passes_accepted":null,"latitude":44.716851999999996,"longitude":-115.635468,"infra_last_update":1771858858000,"edw_last_modify":1771898610000,"globalid":"{D0453F56-EC05-4EFF-AA74-6F05ED5EF960}"}},{"type":"Feature","geometry":{"type":"Point","coordinates":[-116.0133873,45.1392111]},"properties":{"objectid":2779353,"site_cn":"16763010444","managing_org":"041204","site_id":"40050","site_name":"UPPER PAYETTE LAKE TRAILHEAD","site_type":"TRAILHEAD","activity_type_list":"No Data","service_type_list":"No Data","seasonal_operational_status":"OPEN","op_status_reason":null,"development_status":"EXISTING","development_scale":"2","total_capacity":15,"fee_charged":"N","fee_type":null,"recarea_name":"Upper Payette Lake Trailhead","recarea_description":"UPPER PAYETTE LAKE TRAILHEAD (Trailhead)","information_center":null,"official_designation":null,"fee_description":null,"operational_hours":null,"open_season":null,"best_season":null,"busiest_season":null,"usage_level":null,"pack_in_out":"Y","public_site_name":"Upper Payette Lake Trailhead","alternative_name":null,"rec1stop_url":null,"usda_portal_url":null,"important_info":null,"rentals_and_guides":null,"passes":null,"permit_information":null,"restrictions":null,"closest_towns":null,"water_availability":null,"restroom_availability":null,"operated_by":null,"season_description":null,"directions":null,"maximum_elevation":null,"minimum_elevation":"5,560 feet","season_name":null,"site_season_start_date":null,"site_season_end_date":null,"max_nbr_people":null,"passes_accepted":null,"latitude":45.139205000000004,"longitude":-116.013374,"infra_last_update":1766410813000,"edw_last_modify":1766455595000,"globalid":"{7D00CE48-0CF5-48FE-BD76-7CDADB0866CD}"}},{"type":"Feature","geometry":{"type":"Point","coordinates":[-112.4060121,42.7343062]},"properties":{"objectid":2779393,"site_cn":"12638010495","managing_org":"041557","site_id":"6775","site_name":"SLATE MOUNTAIN TRAILHEAD","site_type":"TRAILHEAD","activity_type_list":"No Data","service_type_list":"No Data","seasonal_operational_status":"OPEN","op_status_reason":null,"development_status":"EXISTING","development_scale":"1","total_capacity":25,"fee_charged":"N","fee_type":null,"recarea_name":"Slate Mountain Trailhead","recarea_description":"SLATE MOUNTAIN TRAILHEAD (Trailhead)","information_center":null,"official_designation":null,"fee_description":null,"operational_hours":null,"open_season":null,"best_season":null,"busiest_season":null,"usage_level":null,"pack_in_out":"Y","public_site_name":null,"alternative_name":null,"rec1stop_url":null,"usda_portal_url":null,"important_info":null,"rentals_and_guides":null,"passes":null,"permit_information":null,"restrictions":null,"closest_towns":null,"water_availability":null,"restroom_availability":null,"operated_by":null,"season_description":null,"directions":null,"maximum_elevation":null,"minimum_elevation":" feet","season_name":null,"site_season_start_date":null,"site_season_end_date":null,"max_nbr_people":null,"passes_accepted":null,"latitude":42.7343,"longitude":-112.406,"infra_last_update":1771858856000,"edw_last_modify":1771899188000,"globalid":"{BCA8CB5A-D921-4BFF-AC2F-BCEAB9C00F3E}"}},{"type":"Feature","geometry":{"type":"Point","coordinates":[-116.193114,48.3761063]},"properties":{"objectid":2779429,"site_cn":"236476010602","managing_org":"010406","site_id":"410","site_name":"LUNCH PEAK TRAILHEAD","site_type":"TRAILHEAD","activity_type_list":"No Data","service_type_list":"No Data","seasonal_operational_status":"OPEN","op_status_reason":null,"development_status":"EXISTING","development_scale":"2","total_capacity":10,"fee_charged":"N","fee_type":null,"recarea_name":"Lunch Peak Trailhead","recarea_description":"LUNCH PEAK TRAILHEAD (Trailhead)","information_center":null,"official_designation":null,"fee_description":null,"operational_hours":null,"open_season":null,"best_season":null,"busiest_season":null,"usage_level":null,"pack_in_out":"Y","public_site_name":"Lunch Peak Trailhead","alternative_name":null,"rec1stop_url":null,"usda_portal_url":null,"important_info":null,"rentals_and_guides":null,"passes":null,"permit_information":null,"restrictions":null,"closest_towns":null,"water_availability":null,"restroom_availability":null,"operated_by":null,"season_description":null,"directions":null,"maximum_elevation":null,"minimum_elevation":" feet","season_name":null,"site_season_start_date":null,"site_season_end_date":null,"max_nbr_people":null,"passes_accepted":null,"latitude":48.3761,"longitude":-116.1931,"infra_last_update":1592720370000,"edw_last_modify":1744204337000,"globalid":"{39E93FEF-916B-4D7F-AEB8-9462EBB140C9}"}},{"type":"Feature","geometry":{"type":"Point","coordinates":[-113.9555126,43.6302062]},"properties":{"objectid":2779670,"site_cn":"5583.003221","managing_org":"041403","site_id":"30012","site_name":"MORMON HILL TRAILHEAD","site_type":"TRAILHEAD","activity_type_list":"No Data","service_type_list":"No Data","seasonal_operational_status":"OPEN","op_status_reason":null,"development_status":"EXISTING","development_scale":"3","total_capacity":40,"fee_charged":"N","fee_type":null,"recarea_name":"MORMON HILL TRAILHEAD","recarea_description":"This remote trailhead serves the Skyline Tr. No. 327, providing access deep into the Little Wood country. Tr. 327 is open to singletrack motorized use from May 1 - Nov. 30. A vault toilet is located at the trailhead.","information_center":null,"official_designation":null,"fee_description":"No fees are required for this site","operational_hours":null,"open_season":null,"best_season":null,"busiest_season":null,"usage_level":null,"pack_in_out":"Y","public_site_name":"Mormon Hill Trailhead","alternative_name":null,"rec1stop_url":null,"usda_portal_url":"https://www.fs.usda.gov/recarea/sawtooth/recreation/recarea/?recid=84503","important_info":null,"rentals_and_guides":null,"passes":null,"permit_information":null,"restrictions":null,"closest_towns":"Ketchum, ID","water_availability":"No drinking water is available","restroom_availability":"Vault toilet(s)","operated_by":"US Forest Service","season_description":null,"directions":null,"maximum_elevation":null,"minimum_elevation":null,"season_name":null,"site_season_start_date":null,"site_season_end_date":null,"max_nbr_people":null,"passes_accepted":null,"latitude":43.6302,"longitude":-113.9555,"infra_last_update":1759394020000,"edw_last_modify":1759457381000,"globalid":"{06863685-1EF1-48B9-8220-304607CF9E0D}"}},{"type":"Feature","geometry":{"type":"Point","coordinates":[-111.3174891,43.7488884]},"properties":{"objectid":2779685,"site_cn":"6759477010602","managing_org":"041556","site_id":"0537","site_name":"PROBATION","site_type":"TRAILHEAD","activity_type_list":"No Data","service_type_list":"No Data","seasonal_operational_status":"OPEN","op_status_reason":null,"development_status":"EXISTING","development_scale":"0","total_capacity":50,"fee_charged":"N","fee_type":null,"recarea_name":"Probation","recarea_description":"PROBATION (Trailhead)","information_center":null,"official_designation":null,"fee_description":null,"operational_hours":null,"open_season":null,"best_season":null,"busiest_season":null,"usage_level":null,"pack_in_out":"N","public_site_name":null,"alternative_name":null,"rec1stop_url":null,"usda_portal_url":null,"important_info":null,"rentals_and_guides":null,"passes":null,"permit_information":null,"restrictions":null,"closest_towns":null,"water_availability":null,"restroom_availability":null,"operated_by":null,"season_description":null,"directions":null,"maximum_elevation":null,"minimum_elevation":" feet","season_name":null,"site_season_start_date":null,"site_season_end_date":null,"max_nbr_people":null,"passes_accepted":null,"latitude":43.748882,"longitude":-111.31747700000001,"infra_last_update":1771858858000,"edw_last_modify":1771898620000,"globalid":"{66B0F05D-301A-4C62-A7FC-601304CBD1A6}"}},{"type":"Feature","geometry":{"type":"Point","coordinates":[-111.231662,43.2760614]},"properties":{"objectid":2779767,"site_cn":"7159741010602","managing_org":"041554","site_id":"0437","site_name":"BEAR CREEK OVERFLOW PARKING","site_type":"TRAILHEAD","activity_type_list":"No Data","service_type_list":"No Data","seasonal_operational_status":"OPEN","op_status_reason":null,"development_status":"EXISTING","development_scale":"3","total_capacity":70,"fee_charged":"N","fee_type":null,"recarea_name":"Bear Creek Overflow Parking","recarea_description":"BEAR CREEK OVERFLOW PARKING (Trailhead)","information_center":null,"official_designation":null,"fee_description":null,"operational_hours":null,"open_season":null,"best_season":null,"busiest_season":null,"usage_level":null,"pack_in_out":"N","public_site_name":"Bear Creek Overflow Parking","alternative_name":null,"rec1stop_url":null,"usda_portal_url":null,"important_info":null,"rentals_and_guides":null,"passes":null,"permit_information":null,"restrictions":null,"closest_towns":null,"water_availability":null,"restroom_availability":null,"operated_by":null,"season_description":null,"directions":null,"maximum_elevation":null,"minimum_elevation":" feet","season_name":null,"site_season_start_date":null,"site_season_end_date":null,"max_nbr_people":null,"passes_accepted":null,"latitude":43.27605500000001,"longitude":-111.23165,"infra_last_update":1783346675000,"edw_last_modify":1783392556000,"globalid":"{8CDE1693-AB15-4E17-A7FF-E5A6334A9619}"}},{"type":"Feature","geometry":{"type":"Point","coordinates":[-111.244939,43.5700234]},"properties":{"objectid":2779876,"site_cn":"6759436010602","managing_org":"041556","site_id":"0527","site_name":"OLD SHEEP CORRAL","site_type":"TRAILHEAD","activity_type_list":"No Data","service_type_list":"No Data","seasonal_operational_status":"OPEN","op_status_reason":null,"development_status":"EXISTING","development_scale":"1","total_capacity":50,"fee_charged":"N","fee_type":null,"recarea_name":"Old Sheep Corral","recarea_description":"OLD SHEEP CORRAL (Trailhead)","information_center":null,"official_designation":null,"fee_description":null,"operational_hours":null,"open_season":null,"best_season":null,"busiest_season":null,"usage_level":null,"pack_in_out":"N","public_site_name":null,"alternative_name":null,"rec1stop_url":null,"usda_portal_url":null,"important_info":null,"rentals_and_guides":null,"passes":null,"permit_information":null,"restrictions":null,"closest_towns":null,"water_availability":null,"restroom_availability":null,"operated_by":null,"season_description":null,"directions":null,"maximum_elevation":null,"minimum_elevation":" feet","season_name":null,"site_season_start_date":null,"site_season_end_date":null,"max_nbr_people":null,"passes_accepted":null,"latitude":43.570017,"longitude":-111.244927,"infra_last_update":1771858855000,"edw_last_modify":1771898621000,"globalid":"{3F8B10F0-A586-4805-A40F-DCE7DDF956E1}"}},{"type":"Feature","geometry":{"type":"Point","coordinates":[-114.3251184,43.7229861]},"properties":{"objectid":2779883,"site_cn":"12436010560","managing_org":"041403","site_id":"30007","site_name":"TRAIL CREEK TRAILHEAD","site_type":"TRAILHEAD","activity_type_list":"No Data","service_type_list":"No Data","seasonal_operational_status":"OPEN","op_status_reason":null,"development_status":"EXISTING","development_scale":"3","total_capacity":70,"fee_charged":"N","fee_type":null,"recarea_name":"TRAIL CREEK TRAILHEAD","recarea_description":"The trailhead is located immediately east of Boundary Campground and Picnic Area. It serves the Trail Creek Tr. No. 305 and the Corral Creek Tr. No. 325. The trails are also accessible from pull-offs along Trail Creek Road. Vault toilets and drinking water are available in the picnic area. Please keep dogs on leash within the developed area.","information_center":null,"official_designation":null,"fee_description":"No fees are required for this site","operational_hours":null,"open_season":null,"best_season":null,"busiest_season":null,"usage_level":null,"pack_in_out":"Y","public_site_name":"Trail Creek Trailhead","alternative_name":null,"rec1stop_url":null,"usda_portal_url":"https://www.fs.usda.gov/recarea/sawtooth/recarea/?recid=84505","important_info":null,"rentals_and_guides":null,"passes":null,"permit_information":null,"restrictions":null,"closest_towns":"Ketchum ID","water_availability":null,"restroom_availability":"Vault toilet(s)","operated_by":"US Forest Service","season_description":null,"directions":null,"maximum_elevation":null,"minimum_elevation":null,"season_name":null,"site_season_start_date":null,"site_season_end_date":null,"max_nbr_people":null,"passes_accepted":null,"latitude":43.72297996,"longitude":-114.32510570000001,"infra_last_update":1759394020000,"edw_last_modify":1759457467000,"globalid":"{C5F59CBF-1921-44AD-A99D-8D80D54C2282}"}},{"type":"Feature","geometry":{"type":"Point","coordinates":[-116.2291139,48.0591063]},"properties":{"objectid":2780022,"site_cn":"4258671010602","managing_org":"010403","site_id":"170103010101-015","site_name":"TRAIL 244 TRAILHEAD","site_type":"TRAILHEAD","activity_type_list":"No Data","service_type_list":"No Data","seasonal_operational_status":"OPEN","op_status_reason":null,"development_status":"EXISTING","development_scale":"1","total_capacity":3.5,"fee_charged":"N","fee_type":null,"recarea_name":"Trail 244 Trailhead","recarea_description":"TRAIL 244 TRAILHEAD (Trailhead)","information_center":null,"official_designation":null,"fee_description":null,"operational_hours":null,"open_season":null,"best_season":null,"busiest_season":null,"usage_level":null,"pack_in_out":"Y","public_site_name":null,"alternative_name":null,"rec1stop_url":null,"usda_portal_url":null,"important_info":null,"rentals_and_guides":null,"passes":null,"permit_information":null,"restrictions":null,"closest_towns":null,"water_availability":null,"restroom_availability":null,"operated_by":null,"season_description":null,"directions":null,"maximum_elevation":null,"minimum_elevation":"5,318 feet","season_name":null,"site_season_start_date":null,"site_season_end_date":null,"max_nbr_people":null,"passes_accepted":null,"latitude":48.0591,"longitude":-116.2291,"infra_last_update":1771858858000,"edw_last_modify":1771898883000,"globalid":"{1EBB494D-5004-48A2-A64C-2AFC13E14BFC}"}},{"type":"Feature","geometry":{"type":"Point","coordinates":[-115.5592094,46.4295763]},"properties":{"objectid":2780203,"site_cn":"210235010602","managing_org":"011755","site_id":"3520","site_name":"BEAVER DAM SADDLE TRAILHEAD","site_type":"TRAILHEAD","activity_type_list":"No Data","service_type_list":"No Data","seasonal_operational_status":"OPEN","op_status_reason":null,"development_status":"EXISTING","development_scale":"2","total_capacity":17,"fee_charged":"N","fee_type":null,"recarea_name":"Beaver Dam Saddle Trailhead","recarea_description":"BEAVER DAM SADDLE TRAILHEAD (Trailhead)","information_center":null,"official_designation":null,"fee_description":null,"operational_hours":null,"open_season":null,"best_season":null,"busiest_season":null,"usage_level":null,"pack_in_out":"Y","public_site_name":null,"alternative_name":null,"rec1stop_url":null,"usda_portal_url":null,"important_info":null,"rentals_and_guides":null,"passes":null,"permit_information":null,"restrictions":null,"closest_towns":null,"water_availability":null,"restroom_availability":null,"operated_by":null,"season_description":null,"directions":null,"maximum_elevation":null,"minimum_elevation":" feet","season_name":null,"site_season_start_date":null,"site_season_end_date":null,"max_nbr_people":null,"passes_accepted":null,"latitude":46.42957,"longitude":-115.559196,"infra_last_update":1771858859000,"edw_last_modify":1771899170000,"globalid":"{E7C55E2C-6C1E-495C-B7B4-984B4D985BC2}"}},{"type":"Feature","geometry":{"type":"Point","coordinates":[-115.8877537,47.4136163]},"properties":{"objectid":2780278,"site_cn":"236484010602","managing_org":"010404","site_id":"406","site_name":"SLATE CREEK","site_type":"TRAILHEAD","activity_type_list":"No Data","service_type_list":"No Data","seasonal_operational_status":"OPEN","op_status_reason":null,"development_status":"EXISTING","development_scale":"1","total_capacity":25,"fee_charged":"N","fee_type":null,"recarea_name":"Slate Creek","recarea_description":"SLATE CREEK (Trailhead)","information_center":null,"official_designation":null,"fee_description":null,"operational_hours":null,"open_season":null,"best_season":null,"busiest_season":null,"usage_level":null,"pack_in_out":"N","public_site_name":null,"alternative_name":null,"rec1stop_url":null,"usda_portal_url":null,"important_info":null,"rentals_and_guides":null,"passes":null,"permit_information":null,"restrictions":null,"closest_towns":null,"water_availability":null,"restroom_availability":null,"operated_by":null,"season_description":null,"directions":null,"maximum_elevation":null,"minimum_elevation":" feet","season_name":null,"site_season_start_date":null,"site_season_end_date":null,"max_nbr_people":null,"passes_accepted":null,"latitude":47.413610000000006,"longitude":-115.88774,"infra_last_update":1771858859000,"edw_last_modify":1771899164000,"globalid":"{BFD41306-E591-4E50-968A-A9E511603792}"}},{"type":"Feature","geometry":{"type":"Point","coordinates":[-115.1298703,46.4286923]},"properties":{"objectid":2780310,"site_cn":"5250.000411","managing_org":"011755","site_id":"348","site_name":"EAGLE MOUNTAIN TRAILHEAD","site_type":"TRAILHEAD","activity_type_list":"No Data","service_type_list":"No Data","seasonal_operational_status":"OPEN","op_status_reason":null,"development_status":"EXISTING","development_scale":"2","total_capacity":32,"fee_charged":"N","fee_type":null,"recarea_name":"Eagle Mountain Trailhead","recarea_description":"EAGLE MOUNTAIN TRAILHEAD (Trailhead)","information_center":null,"official_designation":null,"fee_description":null,"operational_hours":null,"open_season":null,"best_season":null,"busiest_season":null,"usage_level":null,"pack_in_out":"Y","public_site_name":null,"alternative_name":null,"rec1stop_url":null,"usda_portal_url":null,"important_info":null,"rentals_and_guides":null,"passes":null,"permit_information":null,"restrictions":null,"closest_towns":null,"water_availability":null,"restroom_availability":null,"operated_by":null,"season_description":null,"directions":null,"maximum_elevation":null,"minimum_elevation":" feet","season_name":null,"site_season_start_date":null,"site_season_end_date":null,"max_nbr_people":null,"passes_accepted":null,"latitude":46.428686000000006,"longitude":-115.129857,"infra_last_update":1771858853000,"edw_last_modify":1771898736000,"globalid":"{7D88DB79-4DFE-4A0D-9EC5-907187C669B7}"}},{"type":"Feature","geometry":{"type":"Point","coordinates":[-115.428615,44.4262471]},"properties":{"objectid":2780378,"site_cn":"7424.002731","managing_org":"040205","site_id":"6568","site_name":"NORTH FORK ELK CREEK TRAILHEAD","site_type":"TRAILHEAD","activity_type_list":"No Data","service_type_list":"No Data","seasonal_operational_status":"OPEN","op_status_reason":null,"development_status":"EXISTING","development_scale":"3","total_capacity":25,"fee_charged":"N","fee_type":null,"recarea_name":"North Fork Elk Creek Trailhead","recarea_description":"NORTH FORK ELK CREEK TRAILHEAD (Trailhead)","information_center":null,"official_designation":null,"fee_description":null,"operational_hours":null,"open_season":null,"best_season":null,"busiest_season":null,"usage_level":null,"pack_in_out":"Y","public_site_name":"North Fork Elk Creek Trailhead","alternative_name":null,"rec1stop_url":null,"usda_portal_url":null,"important_info":null,"rentals_and_guides":null,"passes":null,"permit_information":null,"restrictions":null,"closest_towns":null,"water_availability":null,"restroom_availability":null,"operated_by":null,"season_description":null,"directions":null,"maximum_elevation":null,"minimum_elevation":" feet","season_name":null,"site_season_start_date":null,"site_season_end_date":null,"max_nbr_people":null,"passes_accepted":null,"latitude":44.426241000000005,"longitude":-115.428602,"infra_last_update":1782842545000,"edw_last_modify":1782877519000,"globalid":"{3785119C-1566-47CD-90F0-ACA6B5A9872D}"}},{"type":"Feature","geometry":{"type":"Point","coordinates":[-116.5131139,47.9061063]},"properties":{"objectid":2780400,"site_cn":"4258755010602","managing_org":"010403","site_id":"170103010601-024","site_name":"NORTH CHILCO TRAILHEAD","site_type":"TRAILHEAD","activity_type_list":"No Data","service_type_list":"No Data","seasonal_operational_status":"OPEN","op_status_reason":null,"development_status":"EXISTING","development_scale":"1","total_capacity":3.5,"fee_charged":"N","fee_type":null,"recarea_name":"North Chilco Trailhead","recarea_description":"NORTH CHILCO TRAILHEAD (Trailhead)","information_center":null,"official_designation":null,"fee_description":null,"operational_hours":null,"open_season":null,"best_season":null,"busiest_season":null,"usage_level":null,"pack_in_out":"Y","public_site_name":null,"alternative_name":null,"rec1stop_url":null,"usda_portal_url":null,"important_info":null,"rentals_and_guides":null,"passes":null,"permit_information":null,"restrictions":null,"closest_towns":null,"water_availability":null,"restroom_availability":null,"operated_by":null,"season_description":null,"directions":null,"maximum_elevation":null,"minimum_elevation":"4,173 feet","season_name":null,"site_season_start_date":null,"site_season_end_date":null,"max_nbr_people":null,"passes_accepted":null,"latitude":47.9061,"longitude":-116.5131,"infra_last_update":1771858855000,"edw_last_modify":1771898881000,"globalid":"{E0FF0778-B282-4BF9-B1C2-415025AD7EB3}"}},{"type":"Feature","geometry":{"type":"Point","coordinates":[-116.0895666,48.3970241]},"properties":{"objectid":2780515,"site_cn":"4257407010602","managing_org":"011404","site_id":"170101011702-4006","site_name":"S. F. CALLAHAN TH 154","site_type":"TRAILHEAD","activity_type_list":"No Data","service_type_list":"No Data","seasonal_operational_status":"OPEN","op_status_reason":null,"development_status":"EXISTING","development_scale":"1","total_capacity":3.5,"fee_charged":"N","fee_type":null,"recarea_name":"S. F. Callahan Th 154","recarea_description":"S. F. CALLAHAN TH 154 (Trailhead)","information_center":null,"official_designation":null,"fee_description":null,"operational_hours":null,"open_season":null,"best_season":null,"busiest_season":null,"usage_level":null,"pack_in_out":"Y","public_site_name":null,"alternative_name":null,"rec1stop_url":null,"usda_portal_url":null,"important_info":null,"rentals_and_guides":null,"passes":null,"permit_information":null,"restrictions":null,"closest_towns":null,"water_availability":null,"restroom_availability":null,"operated_by":null,"season_description":null,"directions":null,"maximum_elevation":null,"minimum_elevation":"3,586 feet","season_name":null,"site_season_start_date":null,"site_season_end_date":null,"max_nbr_people":null,"passes_accepted":null,"latitude":48.39701777,"longitude":-116.0895526,"infra_last_update":1771858858000,"edw_last_modify":1771898902000,"globalid":"{C3F4D2A2-59C1-43AD-9244-0C7D27C0B2F0}"}},{"type":"Feature","geometry":{"type":"Point","coordinates":[-111.2885287,44.1524988]},"properties":{"objectid":2780524,"site_cn":"5099.003281","managing_org":"041552","site_id":"0308","site_name":"BEAR GULCH TRAILHEAD","site_type":"TRAILHEAD","activity_type_list":"No Data","service_type_list":"No Data","seasonal_operational_status":"OPEN","op_status_reason":null,"development_status":"EXISTING","development_scale":"3","total_capacity":75,"fee_charged":"N","fee_type":null,"recarea_name":"BEAR GULCH TRAILHEAD","recarea_description":"The Bear Gulch/Mesa Falls trail system is one of the most scenic anywhere in Idaho, particularly because the ski trails cruise along the rim overlooking both Upper and Lower Mesa Falls. Views of the Teton Mountain Range are possible on a clear day. It's a 9.1-mile round-trip trek to the Upper Falls (where the water falls 110 feet), but well worth the effort for the strong and hardy. Shorter loops of 3.9 miles or 5.9 are available closer to the trailhead. The trailhead and a short section of the ski trail are shared use areas with snowmobiles.","information_center":null,"official_designation":null,"fee_description":"Day Use:\nRequired (November 15 - April 30):\nIdaho Park N' Ski Permit: $7.50 per day; $25 per season\n","operational_hours":"Day use only; no overnight camping allowed","open_season":null,"best_season":null,"busiest_season":null,"usage_level":null,"pack_in_out":"Y","public_site_name":"Bear Gulch Trailhead","alternative_name":null,"rec1stop_url":null,"usda_portal_url":"https://www.fs.usda.gov/recarea/ctnf/recarea/?recid=53841","important_info":null,"rentals_and_guides":null,"passes":"https://parksandrecreation.idaho.gov/activities/xc-skiing/park-n-ski-in-idaho/","permit_information":null,"restrictions":null,"closest_towns":"Ashton, Idaho","water_availability":"No water is available","restroom_availability":"Vault toilet(s)","operated_by":"US Forest Service","season_description":null,"directions":"From Ashton travel E. on Mesa Falls Forest Hwy 47 approximately 12 miles","maximum_elevation":null,"minimum_elevation":null,"season_name":null,"site_season_start_date":null,"site_season_end_date":null,"max_nbr_people":null,"passes_accepted":null,"latitude":44.15249235,"longitude":-111.2885166,"infra_last_update":1753975087000,"edw_last_modify":1754014158000,"globalid":"{9A28C77E-294D-41C4-9867-09DF9FED41FA}"}},{"type":"Feature","geometry":{"type":"Point","coordinates":[-113.6741083,42.2192004]},"properties":{"objectid":2780531,"site_cn":"5053.003221","managing_org":"041401","site_id":"28874","site_name":"INDEPENDENCE TRAILHEAD","site_type":"TRAILHEAD","activity_type_list":"No Data","service_type_list":"No Data","seasonal_operational_status":"OPEN","op_status_reason":null,"development_status":"EXISTING","development_scale":"3","total_capacity":180,"fee_charged":"N","fee_type":null,"recarea_name":"INDEPENDENCE TRAILHEAD","recarea_description":"INDEPENDENCE TRAILHEAD","information_center":null,"official_designation":null,"fee_description":"No fees are required for this site","operational_hours":null,"open_season":null,"best_season":null,"busiest_season":null,"usage_level":null,"pack_in_out":"Y","public_site_name":"Independence Lakes Trailhead","alternative_name":null,"rec1stop_url":null,"usda_portal_url":null,"important_info":null,"rentals_and_guides":null,"passes":null,"permit_information":null,"restrictions":null,"closest_towns":"Oakley, ID","water_availability":"No drinking water is available","restroom_availability":"Vault toilet(s)","operated_by":"US Forest Service","season_description":null,"directions":null,"maximum_elevation":null,"minimum_elevation":null,"season_name":null,"site_season_start_date":null,"site_season_end_date":null,"max_nbr_people":null,"passes_accepted":null,"latitude":42.219194359999996,"longitude":-113.674096,"infra_last_update":1766410829000,"edw_last_modify":1766455546000,"globalid":"{2B8BD0C2-85E2-44B5-9D08-136222837313}"}},{"type":"Feature","geometry":{"type":"Point","coordinates":[-115.3090274,46.3454393]},"properties":{"objectid":2780628,"site_cn":"210226010602","managing_org":"011755","site_id":"3515","site_name":"SHERMAN CREEK TRAILHEAD","site_type":"TRAILHEAD","activity_type_list":"No Data","service_type_list":"No Data","seasonal_operational_status":"OPEN","op_status_reason":null,"development_status":"EXISTING","development_scale":"3","total_capacity":17,"fee_charged":"N","fee_type":null,"recarea_name":"SHERMAN CREEK TRAILHEAD","recarea_description":"The Sherman Creek Trail, Trail #203, is a 7.1 mile trail providing access to the Lolo Motorway, a historic road once used by the Nez Perce to reach their Salish friends in Montana to trade fish for buffalo, among other things.  The trailhead has a small gravel driveway and parking area that will fit two trucks with stock trailers, a hitchrail, water trough, feed manger and a small toilet. The trailhead is located across from Wilderness Gateway Campground at milepost 122.5 along US Highway 12.","information_center":null,"official_designation":null,"fee_description":"No fees are required for this site","operational_hours":"Open 24 hours/day","open_season":null,"best_season":null,"busiest_season":null,"usage_level":null,"pack_in_out":"Y","public_site_name":"Sherman Cr. Trailhead","alternative_name":null,"rec1stop_url":null,"usda_portal_url":"https://www.fs.usda.gov/recarea/nezperceclearwater/recarea/?recid=80607","important_info":null,"rentals_and_guides":null,"passes":null,"permit_information":null,"restrictions":null,"closest_towns":"Lowell, ID or Kooskia, ID","water_availability":"No drinking water is available","restroom_availability":"Vault toilet(s)","operated_by":"US Forest Service","season_description":null,"directions":"Located at milepost 122.5 along US Highway 12.","maximum_elevation":null,"minimum_elevation":null,"season_name":null,"site_season_start_date":null,"site_season_end_date":null,"max_nbr_people":null,"passes_accepted":null,"latitude":46.345433,"longitude":-115.30901399999999,"infra_last_update":1766410815000,"edw_last_modify":1766455591000,"globalid":"{4EE6059C-4E31-400C-A353-EBC19F71EB0F}"}},{"type":"Feature","geometry":{"type":"Point","coordinates":[-114.2322893,43.7392195]},"properties":{"objectid":2780704,"site_cn":"5575.003221","managing_org":"041403","site_id":"30005","site_name":"PIONEER CABIN TRAILHEAD","site_type":"TRAILHEAD","activity_type_list":"No Data","service_type_list":"No Data","seasonal_operational_status":"OPEN","op_status_reason":null,"development_status":"EXISTING","development_scale":"3","total_capacity":53,"fee_charged":"N","fee_type":null,"recarea_name":"PIONEER CABIN TRAILHEAD","recarea_description":"This trailhead serves the Pioneer Cabin Tr. No. 122 and Long Gulch Tr. No. 123. There are also two picnic sites, each featuring a fire ring and picnic table. A hitching rail and limited trailer parking are provided for stock users. A vault toilet is located at the trailhead.","information_center":null,"official_designation":null,"fee_description":"No fees are required for this site","operational_hours":null,"open_season":null,"best_season":null,"busiest_season":null,"usage_level":null,"pack_in_out":"Y","public_site_name":"Pioneer Cabin Trailhead","alternative_name":null,"rec1stop_url":null,"usda_portal_url":"https://www.fs.usda.gov/recarea/sawtooth/recreation/recarea/?recid=84502","important_info":null,"rentals_and_guides":null,"passes":null,"permit_information":null,"restrictions":null,"closest_towns":"Ketchum, ID","water_availability":null,"restroom_availability":"Vault toilet(s)","operated_by":"US Forest Service","season_description":null,"directions":null,"maximum_elevation":null,"minimum_elevation":null,"season_name":null,"site_season_start_date":null,"site_season_end_date":null,"max_nbr_people":null,"passes_accepted":null,"latitude":43.739213369999995,"longitude":-114.2322766,"infra_last_update":1759394020000,"edw_last_modify":1759457381000,"globalid":"{CB8DE7AF-3D0D-4EC7-95F2-EF3797D5CC21}"}},{"type":"Feature","geometry":{"type":"Point","coordinates":[-115.8159133,45.7268062]},"properties":{"objectid":2780710,"site_cn":"6983.000961","managing_org":"011705","site_id":"2038","site_name":"SOURDOUGH SADDLE","site_type":"TRAILHEAD","activity_type_list":"No Data","service_type_list":"No Data","seasonal_operational_status":"OPEN","op_status_reason":null,"development_status":"EXISTING","development_scale":"3","total_capacity":35,"fee_charged":"N","fee_type":null,"recarea_name":"SOURDOUGH SADDLE","recarea_description":"Sourdough Saddle is a trailhead with campsites located in fringe of timber and fronting large meadow. Sourdough Peak is 2.5 miles by road from campsite. Sourdough Lookout is nominated to the National Register of Historic Buildings. Trailhead for Driveway Extension Trail #881 to Lost Lake is 0.8 miles east on Santiam-Sourdough Road. Campground includes four camp pads, one toilet, three pole corrals for stock, one metal fire ring, three hitching rails, and two meat poles.","information_center":null,"official_designation":null,"fee_description":"No fees are required for this site","operational_hours":"Open 24 hours/day","open_season":null,"best_season":null,"busiest_season":null,"usage_level":null,"pack_in_out":"Y","public_site_name":"Sourdough Saddle Trailhead","alternative_name":null,"rec1stop_url":null,"usda_portal_url":"https://www.fs.usda.gov/recarea/nezperceclearwater/recarea/?recid=16652","important_info":null,"rentals_and_guides":null,"passes":null,"permit_information":null,"restrictions":null,"closest_towns":"Elk City, ID","water_availability":"No drinking water is available","restroom_availability":"Vault toilet(s)","operated_by":"US Forest Service","season_description":null,"directions":"Traveling east on State Highway 14 to the junction with Santiam-Sourdough Road #492. Turn south on Road #492 and follow it approximately 24.6 miles to the campsite.","maximum_elevation":null,"minimum_elevation":null,"season_name":null,"site_season_start_date":null,"site_season_end_date":null,"max_nbr_people":null,"passes_accepted":null,"latitude":45.7268,"longitude":-115.8159,"infra_last_update":1753975077000,"edw_last_modify":1754013957000,"globalid":"{4D917071-D935-40F3-81D0-4E8E0EA249EF}"}},{"type":"Feature","geometry":{"type":"Point","coordinates":[-114.6648885,46.3797109]},"properties":{"objectid":2780906,"site_cn":"3492221010602","managing_org":"011755","site_id":"170603030204-007","site_name":"KOOSKOOSKIA TRAILHEAD","site_type":"TRAILHEAD","activity_type_list":"No Data","service_type_list":"No Data","seasonal_operational_status":"OPEN","op_status_reason":null,"development_status":"EXISTING","development_scale":"1","total_capacity":3.5,"fee_charged":"N","fee_type":null,"recarea_name":"Kooskooskia Trailhead","recarea_description":"KOOSKOOSKIA TRAILHEAD (Trailhead)","information_center":null,"official_designation":null,"fee_description":null,"operational_hours":null,"open_season":null,"best_season":null,"busiest_season":null,"usage_level":null,"pack_in_out":"Y","public_site_name":null,"alternative_name":null,"rec1stop_url":null,"usda_portal_url":null,"important_info":null,"rentals_and_guides":null,"passes":null,"permit_information":null,"restrictions":null,"closest_towns":null,"water_availability":null,"restroom_availability":null,"operated_by":null,"season_description":null,"directions":null,"maximum_elevation":null,"minimum_elevation":"6,352 feet","season_name":null,"site_season_start_date":null,"site_season_end_date":null,"max_nbr_people":null,"passes_accepted":null,"latitude":46.3797046,"longitude":-114.6648753,"infra_last_update":1771858859000,"edw_last_modify":1771899018000,"globalid":"{F85ADCD1-D8B2-4FC3-A746-0A28927768BC}"}},{"type":"Feature","geometry":{"type":"Point","coordinates":[-116.5584324,45.1554391]},"properties":{"objectid":2780934,"site_cn":"73523010602","managing_org":"061604","site_id":"69025","site_name":"UPPER DEEP CREEK TRAILHEAD","site_type":"TRAILHEAD","activity_type_list":"No Data","service_type_list":"No Data","seasonal_operational_status":"OPEN","op_status_reason":null,"development_status":"EXISTING","development_scale":"1","total_capacity":7,"fee_charged":"N","fee_type":null,"recarea_name":"Upper Deep Creek Trailhead","recarea_description":"UPPER DEEP CREEK TRAILHEAD (Trailhead)","information_center":null,"official_designation":null,"fee_description":null,"operational_hours":null,"open_season":null,"best_season":null,"busiest_season":null,"usage_level":null,"pack_in_out":"Y","public_site_name":null,"alternative_name":null,"rec1stop_url":null,"usda_portal_url":null,"important_info":null,"rentals_and_guides":null,"passes":null,"permit_information":null,"restrictions":null,"closest_towns":null,"water_availability":null,"restroom_availability":null,"operated_by":null,"season_description":null,"directions":null,"maximum_elevation":null,"minimum_elevation":"7,415 feet","season_name":null,"site_season_start_date":null,"site_season_end_date":null,"max_nbr_people":null,"passes_accepted":null,"latitude":45.155433,"longitude":-116.558419,"infra_last_update":1771858859000,"edw_last_modify":1771898606000,"globalid":"{26D92555-8E3C-4A78-8DD9-B3477CB0C94C}"}},{"type":"Feature","geometry":{"type":"Point","coordinates":[-114.6180687,45.7052841]},"properties":{"objectid":2781024,"site_cn":"5081.000271","managing_org":"010304","site_id":"31996","site_name":"CAYUSE CREEK TRAILHEAD","site_type":"TRAILHEAD","activity_type_list":"No Data","service_type_list":"No Data","seasonal_operational_status":"OPEN","op_status_reason":null,"development_status":"EXISTING","development_scale":"2","total_capacity":30,"fee_charged":"N","fee_type":null,"recarea_name":"CAYUSE CREEK TRAILHEAD","recarea_description":"Cayuse Creek Trailhead consists of a small parking area. Facilities include a small wooden outhouse and hitching rails.","information_center":null,"official_designation":null,"fee_description":"No fees are required for this site","operational_hours":null,"open_season":null,"best_season":null,"busiest_season":null,"usage_level":"Light","pack_in_out":"Y","public_site_name":"Cayuse Creek Trailhead","alternative_name":null,"rec1stop_url":null,"usda_portal_url":"https://www.fs.usda.gov/recarea/bitterroot/recarea/?recid=60462","important_info":null,"rentals_and_guides":null,"passes":null,"permit_information":null,"restrictions":null,"closest_towns":"Darby, MT","water_availability":"No, drinking water is not provided","restroom_availability":"Vault Toilet(s)","operated_by":null,"season_description":null,"directions":"From Darby, MT head south on Highway 93 for 4.3 miles.  Turn southwest (right) onto West Fork Rd.  Travel 14.4 miles and turn west (right) onto Nez Perce Rd. Travel 16 miles, road will become Magruder Corridor Rd/FS 468.  Follow for approximately 9 miles to the trailhead.","maximum_elevation":null,"minimum_elevation":null,"season_name":null,"site_season_start_date":null,"site_season_end_date":null,"max_nbr_people":null,"passes_accepted":null,"latitude":45.705277779999996,"longitude":-114.61805559999999,"infra_last_update":1753975073000,"edw_last_modify":1754014168000,"globalid":"{736B2787-A20D-43FF-BA35-7C66273B8A6C}"}},{"type":"Feature","geometry":{"type":"Point","coordinates":[-116.1324901,44.418411]},"properties":{"objectid":2781056,"site_cn":"7146.002731","managing_org":"040204","site_id":"6540","site_name":"BLUE LAKE TRAILHEAD","site_type":"TRAILHEAD","activity_type_list":"No Data","service_type_list":"No Data","seasonal_operational_status":"OPEN","op_status_reason":null,"development_status":"EXISTING","development_scale":"3","total_capacity":69,"fee_charged":"N","fee_type":null,"recarea_name":"Blue Lake Trailhead","recarea_description":"BLUE LAKE TRAILHEAD (Trailhead)","information_center":null,"official_designation":null,"fee_description":null,"operational_hours":null,"open_season":null,"best_season":null,"busiest_season":null,"usage_level":null,"pack_in_out":"Y","public_site_name":"Blue Lake Trailhead","alternative_name":null,"rec1stop_url":null,"usda_portal_url":null,"important_info":null,"rentals_and_guides":null,"passes":null,"permit_information":null,"restrictions":null,"closest_towns":null,"water_availability":null,"restroom_availability":"Vault at Trailhead","operated_by":null,"season_description":null,"directions":null,"maximum_elevation":null,"minimum_elevation":" feet","season_name":null,"site_season_start_date":null,"site_season_end_date":null,"max_nbr_people":null,"passes_accepted":null,"latitude":44.418405,"longitude":-116.13247700000001,"infra_last_update":1744209513000,"edw_last_modify":1744252398000,"globalid":"{1DBFA9D7-B338-4C4F-B72A-3D17E043274A}"}},{"type":"Feature","geometry":{"type":"Point","coordinates":[-116.1957411,44.368682]},"properties":{"objectid":2781157,"site_cn":"7461.002731","managing_org":"040206","site_id":"6574","site_name":"RENWYCK CREEK TRAILHEAD","site_type":"TRAILHEAD","activity_type_list":"No Data","service_type_list":"No Data","seasonal_operational_status":"OPEN","op_status_reason":null,"development_status":"EXISTING","development_scale":"1","total_capacity":25,"fee_charged":"N","fee_type":null,"recarea_name":"Renwyck Creek Trailhead","recarea_description":"RENWYCK CREEK TRAILHEAD (Trailhead)","information_center":null,"official_designation":null,"fee_description":null,"operational_hours":null,"open_season":null,"best_season":null,"busiest_season":null,"usage_level":null,"pack_in_out":"Y","public_site_name":null,"alternative_name":null,"rec1stop_url":null,"usda_portal_url":null,"important_info":null,"rentals_and_guides":null,"passes":null,"permit_information":null,"restrictions":null,"closest_towns":null,"water_availability":null,"restroom_availability":null,"operated_by":null,"season_description":null,"directions":null,"maximum_elevation":null,"minimum_elevation":" feet","season_name":null,"site_season_start_date":null,"site_season_end_date":null,"max_nbr_people":null,"passes_accepted":null,"latitude":44.368676,"longitude":-116.195728,"infra_last_update":1771858857000,"edw_last_modify":1771898605000,"globalid":"{9382CE0D-E3FE-4DE3-AA00-758EEA20D1BA}"}},{"type":"Feature","geometry":{"type":"Point","coordinates":[-115.469327,45.0028561]},"properties":{"objectid":2781250,"site_cn":"6431212010602","managing_org":"041206","site_id":"60140","site_name":"QUARTZ CREEK","site_type":"TRAILHEAD","activity_type_list":"No Data","service_type_list":"No Data","seasonal_operational_status":"OPEN","op_status_reason":null,"development_status":"EXISTING","development_scale":"1","total_capacity":11,"fee_charged":"N","fee_type":null,"recarea_name":"Quartz Creek","recarea_description":"QUARTZ CREEK (Trailhead)","information_center":null,"official_designation":null,"fee_description":null,"operational_hours":null,"open_season":null,"best_season":null,"busiest_season":null,"usage_level":null,"pack_in_out":"Y","public_site_name":null,"alternative_name":null,"rec1stop_url":null,"usda_portal_url":null,"important_info":null,"rentals_and_guides":null,"passes":null,"permit_information":null,"restrictions":null,"closest_towns":null,"water_availability":null,"restroom_availability":null,"operated_by":null,"season_description":null,"directions":null,"maximum_elevation":null,"minimum_elevation":" feet","season_name":null,"site_season_start_date":null,"site_season_end_date":null,"max_nbr_people":null,"passes_accepted":null,"latitude":45.00285,"longitude":-115.4693139,"infra_last_update":1771858859000,"edw_last_modify":1771898635000,"globalid":"{C08528C1-EB73-44A2-B56B-00E8A6BC5E12}"}},{"type":"Feature","geometry":{"type":"Point","coordinates":[-116.2050862,44.480648]},"properties":{"objectid":2781262,"site_cn":"7427.002731","managing_org":"040206","site_id":"6569","site_name":"WEST MOUNTAIN (NORTH) / POISON CREEK TRAILHEAD","site_type":"TRAILHEAD","activity_type_list":"No Data","service_type_list":"No Data","seasonal_operational_status":"OPEN","op_status_reason":null,"development_status":"EXISTING","development_scale":"2","total_capacity":14,"fee_charged":"N","fee_type":null,"recarea_name":"West Mountain (North) / Poison Creek Trailhead","recarea_description":"WEST MOUNTAIN (NORTH) / POISON CREEK TRAILHEAD (Trailhead)","information_center":null,"official_designation":null,"fee_description":null,"operational_hours":null,"open_season":null,"best_season":null,"busiest_season":null,"usage_level":null,"pack_in_out":"Y","public_site_name":null,"alternative_name":null,"rec1stop_url":null,"usda_portal_url":null,"important_info":null,"rentals_and_guides":null,"passes":null,"permit_information":null,"restrictions":null,"closest_towns":null,"water_availability":null,"restroom_availability":null,"operated_by":null,"season_description":null,"directions":null,"maximum_elevation":null,"minimum_elevation":" feet","season_name":null,"site_season_start_date":null,"site_season_end_date":null,"max_nbr_people":null,"passes_accepted":null,"latitude":44.480642,"longitude":-116.205073,"infra_last_update":1771858857000,"edw_last_modify":1771898605000,"globalid":"{1AE75075-87E6-40FA-92E3-E46B9C13DD75}"}},{"type":"Feature","geometry":{"type":"Point","coordinates":[-112.054712,42.1751062]},"properties":{"objectid":2781273,"site_cn":"12270010495","managing_org":"041557","site_id":"36446","site_name":"CLIFTON BASIN TRAILHEAD","site_type":"TRAILHEAD","activity_type_list":"No Data","service_type_list":"No Data","seasonal_operational_status":"OPEN","op_status_reason":null,"development_status":"EXISTING","development_scale":"1","total_capacity":14,"fee_charged":"N","fee_type":null,"recarea_name":"Clifton Basin Trailhead","recarea_description":"CLIFTON BASIN TRAILHEAD (Trailhead)","information_center":null,"official_designation":null,"fee_description":null,"operational_hours":null,"open_season":null,"best_season":null,"busiest_season":null,"usage_level":null,"pack_in_out":"Y","public_site_name":"Clifton Basin Trailhead","alternative_name":null,"rec1stop_url":null,"usda_portal_url":null,"important_info":null,"rentals_and_guides":null,"passes":null,"permit_information":null,"restrictions":null,"closest_towns":null,"water_availability":null,"restroom_availability":null,"operated_by":null,"season_description":null,"directions":null,"maximum_elevation":null,"minimum_elevation":"6,400 feet","season_name":null,"site_season_start_date":null,"site_season_end_date":null,"max_nbr_people":null,"passes_accepted":null,"latitude":42.1751,"longitude":-112.0547,"infra_last_update":1744209519000,"edw_last_modify":1744252611000,"globalid":"{1D9947D2-8BFF-44B8-829E-FBE15D280C0B}"}},{"type":"Feature","geometry":{"type":"Point","coordinates":[-115.8298407,45.8920375]},"properties":{"objectid":2781351,"site_cn":"2921267010602","managing_org":"011701","site_id":"170603050507-001","site_name":"CW244RD-007","site_type":"TRAILHEAD","activity_type_list":"No Data","service_type_list":"No Data","seasonal_operational_status":"OPEN","op_status_reason":null,"development_status":"EXISTING","development_scale":"1","total_capacity":3.5,"fee_charged":"N","fee_type":null,"recarea_name":"Cw244rd-007","recarea_description":"CW244RD-007 (Trailhead)","information_center":null,"official_designation":null,"fee_description":null,"operational_hours":null,"open_season":null,"best_season":null,"busiest_season":null,"usage_level":null,"pack_in_out":"Y","public_site_name":null,"alternative_name":null,"rec1stop_url":null,"usda_portal_url":null,"important_info":null,"rentals_and_guides":null,"passes":null,"permit_information":null,"restrictions":null,"closest_towns":null,"water_availability":null,"restroom_availability":null,"operated_by":null,"season_description":null,"directions":null,"maximum_elevation":null,"minimum_elevation":"5,262 feet","season_name":null,"site_season_start_date":null,"site_season_end_date":null,"max_nbr_people":null,"passes_accepted":null,"latitude":45.89203132,"longitude":-115.8298273,"infra_last_update":1771858857000,"edw_last_modify":1771899101000,"globalid":"{180999D0-5C0C-4B0B-B9DE-A8684DCAEBE0}"}},{"type":"Feature","geometry":{"type":"Point","coordinates":[-115.7321052,44.9701871]},"properties":{"objectid":2781558,"site_cn":"12833.003141","managing_org":"041206","site_id":"60110","site_name":"KRASSEL","site_type":"TRAILHEAD","activity_type_list":"No Data","service_type_list":"No Data","seasonal_operational_status":"OPEN","op_status_reason":null,"development_status":"EXISTING","development_scale":"2","total_capacity":11,"fee_charged":"N","fee_type":null,"recarea_name":"KRASSEL","recarea_description":"The Krassel Trailhead includes a small parking area alongside the river. A footbridge over the South Fork of the Salmon River provides access to the Krassel Knob Trail (#089). To the east, across the road begins the Indian Ridge Trail (#090).\nThis trailhead also includes an interpretive site with information on history and fish.","information_center":null,"official_designation":null,"fee_description":null,"operational_hours":null,"open_season":null,"best_season":null,"busiest_season":null,"usage_level":null,"pack_in_out":"Y","public_site_name":"Krassel Trailhead","alternative_name":null,"rec1stop_url":null,"usda_portal_url":null,"important_info":null,"rentals_and_guides":null,"passes":null,"permit_information":null,"restrictions":null,"closest_towns":"Yellow Pine, ID","water_availability":null,"restroom_availability":null,"operated_by":"US Forest Service","season_description":null,"directions":null,"maximum_elevation":null,"minimum_elevation":null,"season_name":null,"site_season_start_date":null,"site_season_end_date":null,"max_nbr_people":null,"passes_accepted":null,"latitude":44.970181000000004,"longitude":-115.732092,"infra_last_update":1759394008000,"edw_last_modify":1759457467000,"globalid":"{05B847D1-377F-423E-ACDE-5E9100F29216}"}},{"type":"Feature","geometry":{"type":"Point","coordinates":[-116.4130047,46.9388852]},"properties":{"objectid":2781735,"site_cn":"3515776010602","managing_org":"011752","site_id":"3216","site_name":"FEATHER CREEK TRAILHEAD","site_type":"TRAILHEAD","activity_type_list":"No Data","service_type_list":"No Data","seasonal_operational_status":"OPEN","op_status_reason":null,"development_status":"EXISTING","development_scale":"2","total_capacity":35,"fee_charged":"N","fee_type":null,"recarea_name":"Feather Creek Trailhead","recarea_description":"FEATHER CREEK TRAILHEAD (Trailhead)","information_center":null,"official_designation":null,"fee_description":null,"operational_hours":null,"open_season":null,"best_season":null,"busiest_season":null,"usage_level":null,"pack_in_out":"Y","public_site_name":"Feather Creek Trailhead","alternative_name":null,"rec1stop_url":null,"usda_portal_url":null,"important_info":null,"rentals_and_guides":null,"passes":null,"permit_information":null,"restrictions":null,"closest_towns":null,"water_availability":null,"restroom_availability":null,"operated_by":null,"season_description":null,"directions":null,"maximum_elevation":null,"minimum_elevation":" feet","season_name":null,"site_season_start_date":null,"site_season_end_date":null,"max_nbr_people":null,"passes_accepted":null,"latitude":46.938879,"longitude":-116.41299099999999,"infra_last_update":1744209500000,"edw_last_modify":1744252594000,"globalid":"{4C59AE04-7304-4CCA-8529-0322FAD834CA}"}},{"type":"Feature","geometry":{"type":"Point","coordinates":[-115.9471022,44.9988021]},"properties":{"objectid":2781833,"site_cn":"6662117010602","managing_org":"041204","site_id":"40821","site_name":"SNOWSLIDE LAKE","site_type":"TRAILHEAD","activity_type_list":"No Data","service_type_list":"No Data","seasonal_operational_status":"OPEN","op_status_reason":null,"development_status":"EXISTING","development_scale":"2","total_capacity":14,"fee_charged":"N","fee_type":null,"recarea_name":"SNOWSLIDE LAKE","recarea_description":"The route to Snowslide Lake begins on the east side of Lick Creek Road. The trail is steep and rocky, with an elevation gain of about 1,200' to the lake. The area around Snowslide Lake is ringed by mature trees, granite walls, and steep slopes, untouched by recent fire activity. There are several dispersed campsites around the lake. Beyond the lake Trail #104 trail splits at the intersection for Maki Lake Trail #135 (beware that trail #135 is difficult to find) and follows the East Fork of Lake Fork Creek to the Lake Fork Campground. It is necessary to ford Lake Fork to access the trail to Snowslide Lake, so this hike is not recommended in early spring due to high water.","information_center":null,"official_designation":null,"fee_description":"No fees are required for this site","operational_hours":"Open 24 hours/day","open_season":null,"best_season":null,"busiest_season":null,"usage_level":null,"pack_in_out":"Y","public_site_name":"Snowslide Lake Trailhead","alternative_name":null,"rec1stop_url":null,"usda_portal_url":null,"important_info":null,"rentals_and_guides":null,"passes":null,"permit_information":null,"restrictions":null,"closest_towns":"McCall, ID","water_availability":"Water can be treated or filtered from nearby water sources","restroom_availability":"No restroom available","operated_by":"US Forest Service","season_description":null,"directions":"Take Lick Creek Road about 14 miles to the trailhead.","maximum_elevation":null,"minimum_elevation":null,"season_name":null,"site_season_start_date":null,"site_season_end_date":null,"max_nbr_people":null,"passes_accepted":null,"latitude":44.998796,"longitude":-115.947089,"infra_last_update":1759394080000,"edw_last_modify":1759457368000,"globalid":"{717745C0-1151-4756-9AD8-F4CCB102D086}"}},{"type":"Feature","geometry":{"type":"Point","coordinates":[-115.6946822,45.0044351]},"properties":{"objectid":2781863,"site_cn":"12819.003141","managing_org":"041206","site_id":"60117","site_name":"WILLIAMS PEAK","site_type":"TRAILHEAD","activity_type_list":"No Data","service_type_list":"No Data","seasonal_operational_status":"OPEN","op_status_reason":null,"development_status":"EXISTING","development_scale":"1","total_capacity":7,"fee_charged":"N","fee_type":null,"recarea_name":"Williams Peak","recarea_description":"WILLIAMS PEAK (Trailhead)","information_center":null,"official_designation":null,"fee_description":null,"operational_hours":null,"open_season":null,"best_season":null,"busiest_season":null,"usage_level":null,"pack_in_out":"Y","public_site_name":null,"alternative_name":null,"rec1stop_url":null,"usda_portal_url":null,"important_info":null,"rentals_and_guides":null,"passes":null,"permit_information":null,"restrictions":null,"closest_towns":null,"water_availability":null,"restroom_availability":null,"operated_by":null,"season_description":null,"directions":null,"maximum_elevation":null,"minimum_elevation":" feet","season_name":null,"site_season_start_date":null,"site_season_end_date":null,"max_nbr_people":null,"passes_accepted":null,"latitude":45.004428999999995,"longitude":-115.69466899999999,"infra_last_update":1771858859000,"edw_last_modify":1771899188000,"globalid":"{F086FD2E-4A10-4E47-A094-136C43F19598}"}},{"type":"Feature","geometry":{"type":"Point","coordinates":[-115.8425736,44.3017466]},"properties":{"objectid":2781912,"site_cn":"4228631010602","managing_org":"040206","site_id":"6592","site_name":"RATTLESNAKE TRAILHEAD","site_type":"TRAILHEAD","activity_type_list":"No Data","service_type_list":"No Data","seasonal_operational_status":"OPEN","op_status_reason":null,"development_status":"EXISTING","development_scale":"2","total_capacity":20,"fee_charged":"N","fee_type":null,"recarea_name":"Rattlesnake Trailhead","recarea_description":"RATTLESNAKE TRAILHEAD (Trailhead)","information_center":null,"official_designation":null,"fee_description":null,"operational_hours":null,"open_season":null,"best_season":null,"busiest_season":null,"usage_level":null,"pack_in_out":"Y","public_site_name":null,"alternative_name":null,"rec1stop_url":null,"usda_portal_url":null,"important_info":null,"rentals_and_guides":null,"passes":null,"permit_information":null,"restrictions":null,"closest_towns":null,"water_availability":null,"restroom_availability":null,"operated_by":null,"season_description":null,"directions":null,"maximum_elevation":null,"minimum_elevation":" feet","season_name":null,"site_season_start_date":null,"site_season_end_date":null,"max_nbr_people":null,"passes_accepted":null,"latitude":44.30174056,"longitude":-115.84256055,"infra_last_update":1771858858000,"edw_last_modify":1771898935000,"globalid":"{F8F7BD07-30B0-4C1E-AD90-727EBF28A165}"}},{"type":"Feature","geometry":{"type":"Point","coordinates":[-111.2903681,43.7220594]},"properties":{"objectid":2781976,"site_cn":"6759466010602","managing_org":"041556","site_id":"0535","site_name":"NICKERSON","site_type":"TRAILHEAD","activity_type_list":"No Data","service_type_list":"No Data","seasonal_operational_status":"OPEN","op_status_reason":null,"development_status":"EXISTING","development_scale":"0","total_capacity":0,"fee_charged":"N","fee_type":null,"recarea_name":"Nickerson","recarea_description":"NICKERSON (Trailhead)","information_center":null,"official_designation":null,"fee_description":null,"operational_hours":null,"open_season":null,"best_season":null,"busiest_season":null,"usage_level":null,"pack_in_out":"N","public_site_name":null,"alternative_name":null,"rec1stop_url":null,"usda_portal_url":null,"important_info":null,"rentals_and_guides":null,"passes":null,"permit_information":null,"restrictions":null,"closest_towns":null,"water_availability":null,"restroom_availability":null,"operated_by":null,"season_description":null,"directions":null,"maximum_elevation":null,"minimum_elevation":" feet","season_name":null,"site_season_start_date":null,"site_season_end_date":null,"max_nbr_people":null,"passes_accepted":null,"latitude":43.722053,"longitude":-111.290356,"infra_last_update":1771858854000,"edw_last_modify":1771898621000,"globalid":"{7810EE17-9C79-427B-8E43-9CED292C71BA}"}},{"type":"Feature","geometry":{"type":"Point","coordinates":[-116.1648003,44.9983401]},"properties":{"objectid":2782209,"site_cn":"12988.003141","managing_org":"041204","site_id":"30121","site_name":"GORDON TITUS (GOOSE CREEK FALLS)","site_type":"TRAILHEAD","activity_type_list":"No Data","service_type_list":"No Data","seasonal_operational_status":"OPEN","op_status_reason":null,"development_status":"EXISTING","development_scale":"3","total_capacity":228,"fee_charged":"N","fee_type":null,"recarea_name":"Gordon Titus","recarea_description":"The Gordon Titus trailhead is a popular parking area for snowmobiles during the winter.  The Goose Creek Falls Trail #354 leaves from the north end of the parking lot.","information_center":null,"official_designation":null,"fee_description":"No fees are required for this site","operational_hours":"Open 24 hours/day","open_season":null,"best_season":null,"busiest_season":null,"usage_level":null,"pack_in_out":"Y","public_site_name":"Gordon Titus Trailhead","alternative_name":null,"rec1stop_url":null,"usda_portal_url":"https://www.fs.usda.gov/recarea/payette/recarea/?recid=27045","important_info":null,"rentals_and_guides":null,"passes":null,"permit_information":null,"restrictions":null,"closest_towns":"McCall, ID","water_availability":"No drinking water is available","restroom_availability":"Vault toilet(s)","operated_by":"US Forest Service","season_description":null,"directions":"From McCall, travel Highway 55 for four miles to the Goose Lake Road, and turn right. The trailhead is on your left about 3 miles north of Highway 55.","maximum_elevation":null,"minimum_elevation":"6,000 feet","season_name":null,"site_season_start_date":null,"site_season_end_date":null,"max_nbr_people":null,"passes_accepted":null,"latitude":44.998334,"longitude":-116.16478699999999,"infra_last_update":1759394009000,"edw_last_modify":1759457466000,"globalid":"{E9CCECA7-6F80-4E6D-A3EE-982DCFD88AAA}"}},{"type":"Feature","geometry":{"type":"Point","coordinates":[-112.4283121,42.7932062]},"properties":{"objectid":2782216,"site_cn":"13013.002861","managing_org":"041557","site_id":"6766","site_name":"GIBSON JACK TRAIL","site_type":"TRAILHEAD","activity_type_list":"No Data","service_type_list":"No Data","seasonal_operational_status":"OPEN","op_status_reason":null,"development_status":"EXISTING","development_scale":"3","total_capacity":21,"fee_charged":"N","fee_type":null,"recarea_name":"GIBSON JACK TRAIL","recarea_description":"Day Hiking, Mountain Biking, Horse Riding, OHV less than or equal to 50 inches wide","information_center":null,"official_designation":null,"fee_description":"No fees are required for this site","operational_hours":"Day use only; no overnight camping allowed","open_season":null,"best_season":null,"busiest_season":null,"usage_level":null,"pack_in_out":"N","public_site_name":"Gibson Jack Trailhead","alternative_name":null,"rec1stop_url":null,"usda_portal_url":"https://www.fs.usda.gov/recarea/ctnf/recarea/?recid=54097","important_info":null,"rentals_and_guides":null,"passes":null,"permit_information":null,"restrictions":null,"closest_towns":"Pocatello, Idaho","water_availability":"No water is available","restroom_availability":"Vault toilet(s)","operated_by":"US Forest Service","season_description":null,"directions":"From Pocatello head south on Bannock Highway. Turn Right on Gibson Jack road for 2.3 miles until you reach the destition","maximum_elevation":null,"minimum_elevation":null,"season_name":null,"site_season_start_date":null,"site_season_end_date":null,"max_nbr_people":null,"passes_accepted":null,"latitude":42.7932,"longitude":-112.4283,"infra_last_update":1753975087000,"edw_last_modify":1754014278000,"globalid":"{AFA6827D-279B-42F1-B918-336F44F558ED}"}},{"type":"Feature","geometry":{"type":"Point","coordinates":[-116.6764217,46.9159562]},"properties":{"objectid":2782353,"site_cn":"3515772010602","managing_org":"011752","site_id":"3215","site_name":"RUBY CREEK TRAILHEAD","site_type":"TRAILHEAD","activity_type_list":"No Data","service_type_list":"No Data","seasonal_operational_status":"OPEN","op_status_reason":null,"development_status":"EXISTING","development_scale":"2","total_capacity":35,"fee_charged":"N","fee_type":null,"recarea_name":"Ruby Creek Trailhead","recarea_description":"RUBY CREEK TRAILHEAD (Trailhead)","information_center":null,"official_designation":null,"fee_description":null,"operational_hours":null,"open_season":null,"best_season":null,"busiest_season":null,"usage_level":null,"pack_in_out":"Y","public_site_name":"Ruby Creek Trailhead","alternative_name":null,"rec1stop_url":null,"usda_portal_url":null,"important_info":null,"rentals_and_guides":null,"passes":null,"permit_information":null,"restrictions":null,"closest_towns":null,"water_availability":null,"restroom_availability":null,"operated_by":null,"season_description":null,"directions":null,"maximum_elevation":null,"minimum_elevation":" feet","season_name":null,"site_season_start_date":null,"site_season_end_date":null,"max_nbr_people":null,"passes_accepted":null,"latitude":46.91595,"longitude":-116.676408,"infra_last_update":1664815116000,"edw_last_modify":1744204342000,"globalid":"{8F0E1ACE-2457-49CC-9DC8-12C4352E7E4E}"}},{"type":"Feature","geometry":{"type":"Point","coordinates":[-116.4591139,47.9041063]},"properties":{"objectid":2782357,"site_cn":"4258763010602","managing_org":"010403","site_id":"170103010601-028","site_name":"FP DISP SITE #288; TRAIL 6728","site_type":"TRAILHEAD","activity_type_list":"No Data","service_type_list":"No Data","seasonal_operational_status":"OPEN","op_status_reason":null,"development_status":"EXISTING","development_scale":"1","total_capacity":3.5,"fee_charged":"N","fee_type":null,"recarea_name":"Fp Disp Site #288; Trail 6728","recarea_description":"FP DISP SITE #288; TRAIL 6728 (Trailhead)","information_center":null,"official_designation":null,"fee_description":null,"operational_hours":null,"open_season":null,"best_season":null,"busiest_season":null,"usage_level":null,"pack_in_out":"Y","public_site_name":null,"alternative_name":null,"rec1stop_url":null,"usda_portal_url":null,"important_info":null,"rentals_and_guides":null,"passes":null,"permit_information":null,"restrictions":null,"closest_towns":null,"water_availability":null,"restroom_availability":null,"operated_by":null,"season_description":null,"directions":null,"maximum_elevation":null,"minimum_elevation":"4,170 feet","season_name":null,"site_season_start_date":null,"site_season_end_date":null,"max_nbr_people":null,"passes_accepted":null,"latitude":47.9041,"longitude":-116.4591,"infra_last_update":1771858857000,"edw_last_modify":1771898881000,"globalid":"{385B78ED-220A-463F-8CDB-9D0A529E98B7}"}},{"type":"Feature","geometry":{"type":"Point","coordinates":[-116.2406484,44.2771971]},"properties":{"objectid":2782552,"site_cn":"4228695010602","managing_org":"040206","site_id":"6703","site_name":"KYAOTT TRAILHEAD","site_type":"TRAILHEAD","activity_type_list":"No Data","service_type_list":"No Data","seasonal_operational_status":"OPEN","op_status_reason":null,"development_status":"EXISTING","development_scale":"3","total_capacity":0,"fee_charged":"N","fee_type":null,"recarea_name":"Kyaott Trailhead","recarea_description":"KYAOTT TRAILHEAD (Trailhead)","information_center":null,"official_designation":null,"fee_description":null,"operational_hours":null,"open_season":null,"best_season":null,"busiest_season":null,"usage_level":null,"pack_in_out":"Y","public_site_name":"Kyaott Trailhead","alternative_name":null,"rec1stop_url":null,"usda_portal_url":null,"important_info":null,"rentals_and_guides":null,"passes":null,"permit_information":null,"restrictions":null,"closest_towns":null,"water_availability":null,"restroom_availability":null,"operated_by":null,"season_description":null,"directions":null,"maximum_elevation":null,"minimum_elevation":" feet","season_name":null,"site_season_start_date":null,"site_season_end_date":null,"max_nbr_people":null,"passes_accepted":null,"latitude":44.27719111,"longitude":-116.24063527,"infra_last_update":1782842635000,"edw_last_modify":1782877532000,"globalid":"{47BA3A8A-FF6B-4F9D-A3F7-039F728A6531}"}},{"type":"Feature","geometry":{"type":"Point","coordinates":[-116.3690973,45.5875913]},"properties":{"objectid":2782639,"site_cn":"2920835010602","managing_org":"011701","site_id":"170602090403-001","site_name":"SR9902RD-001","site_type":"TRAILHEAD","activity_type_list":"No Data","service_type_list":"No Data","seasonal_operational_status":"OPEN","op_status_reason":null,"development_status":"EXISTING","development_scale":"1","total_capacity":3.5,"fee_charged":"N","fee_type":null,"recarea_name":"Sr9902rd-001","recarea_description":"SR9902RD-001 (Trailhead)","information_center":null,"official_designation":null,"fee_description":null,"operational_hours":null,"open_season":null,"best_season":null,"busiest_season":null,"usage_level":null,"pack_in_out":"Y","public_site_name":null,"alternative_name":null,"rec1stop_url":null,"usda_portal_url":null,"important_info":null,"rentals_and_guides":null,"passes":null,"permit_information":null,"restrictions":null,"closest_towns":null,"water_availability":null,"restroom_availability":null,"operated_by":null,"season_description":null,"directions":null,"maximum_elevation":null,"minimum_elevation":"5,203 feet","season_name":null,"site_season_start_date":null,"site_season_end_date":null,"max_nbr_people":null,"passes_accepted":null,"latitude":45.58758521,"longitude":-116.3690839,"infra_last_update":1771858859000,"edw_last_modify":1771899109000,"globalid":"{AD055E6C-A38E-4773-A8CB-0EFECB0ABDDF}"}},{"type":"Feature","geometry":{"type":"Point","coordinates":[-115.5427035,46.9970063]},"properties":{"objectid":2782653,"site_cn":"5871.000331","managing_org":"010404","site_id":"2137","site_name":"SAWTOOTH SADDLE","site_type":"TRAILHEAD","activity_type_list":"No Data","service_type_list":"No Data","seasonal_operational_status":"OPEN","op_status_reason":null,"development_status":"EXISTING","development_scale":"3","total_capacity":53,"fee_charged":"N","fee_type":null,"recarea_name":"SAWTOOTH SADDLE","recarea_description":"Sawtooth Saddle trailhead is at the end of FS Road 395 with a toilet, two feed bunks, stock water tank, and room for 3-4 groups. The road is considered a high-clearance road. This trailhead provides access to the Mallard Larkins Pioneer Area, characterized by numerous high mountain lakes, streams and rivers which run through steep-walled valleys.","information_center":null,"official_designation":null,"fee_description":"No fees are required for this site","operational_hours":"Open 24 hours/day","open_season":null,"best_season":null,"busiest_season":null,"usage_level":null,"pack_in_out":"Y","public_site_name":"Sawtooth Saddle  Trailhead","alternative_name":null,"rec1stop_url":null,"usda_portal_url":null,"important_info":null,"rentals_and_guides":null,"passes":null,"permit_information":null,"restrictions":null,"closest_towns":"Mullan, ID","water_availability":null,"restroom_availability":null,"operated_by":"US Forest Service","season_description":null,"directions":null,"maximum_elevation":null,"minimum_elevation":null,"season_name":null,"site_season_start_date":null,"site_season_end_date":null,"max_nbr_people":null,"passes_accepted":null,"latitude":46.99700001,"longitude":-115.54269,"infra_last_update":1766409738000,"edw_last_modify":1766455420000,"globalid":"{7E08E1CD-A600-494E-89F1-B22D8D1C1AF5}"}},{"type":"Feature","geometry":{"type":"Point","coordinates":[-115.5200043,46.0892692]},"properties":{"objectid":2782673,"site_cn":"5060.000961","managing_org":"011706","site_id":"30601","site_name":"CCC CAMP","site_type":"TRAILHEAD","activity_type_list":"No Data","service_type_list":"No Data","seasonal_operational_status":"OPEN","op_status_reason":null,"development_status":"EXISTING","development_scale":"2","total_capacity":17,"fee_charged":"N","fee_type":null,"recarea_name":"Ccc Camp","recarea_description":"CCC CAMP (Campground)","information_center":null,"official_designation":null,"fee_description":null,"operational_hours":null,"open_season":null,"best_season":null,"busiest_season":null,"usage_level":null,"pack_in_out":"Y","public_site_name":"Ccc Camp","alternative_name":null,"rec1stop_url":null,"usda_portal_url":null,"important_info":null,"rentals_and_guides":null,"passes":null,"permit_information":null,"restrictions":null,"closest_towns":null,"water_availability":null,"restroom_availability":null,"operated_by":null,"season_description":null,"directions":null,"maximum_elevation":null,"minimum_elevation":"1,600 feet","season_name":null,"site_season_start_date":null,"site_season_end_date":null,"max_nbr_people":null,"passes_accepted":null,"latitude":46.089262999999995,"longitude":-115.519991,"infra_last_update":1744209503000,"edw_last_modify":1744252548000,"globalid":"{A210A1C5-DF99-4C23-8AA1-E99BA84F050C}"}},{"type":"Feature","geometry":{"type":"Point","coordinates":[-115.5045884,46.1487042]},"properties":{"objectid":2782851,"site_cn":"6994.000961","managing_org":"011706","site_id":"2048","site_name":"COOLWATER (ANDY'S HUMP)","site_type":"TRAILHEAD","activity_type_list":"No Data","service_type_list":"No Data","seasonal_operational_status":"OPEN","op_status_reason":null,"development_status":"EXISTING","development_scale":"2","total_capacity":28,"fee_charged":"N","fee_type":null,"recarea_name":"Coolwater (Top)","recarea_description":"COOLWATER (TOP) (Trailhead)","information_center":null,"official_designation":null,"fee_description":null,"operational_hours":null,"open_season":null,"best_season":null,"busiest_season":null,"usage_level":null,"pack_in_out":"Y","public_site_name":null,"alternative_name":null,"rec1stop_url":null,"usda_portal_url":null,"important_info":null,"rentals_and_guides":null,"passes":null,"permit_information":null,"restrictions":null,"closest_towns":null,"water_availability":null,"restroom_availability":null,"operated_by":null,"season_description":null,"directions":null,"maximum_elevation":null,"minimum_elevation":" feet","season_name":null,"site_season_start_date":null,"site_season_end_date":null,"max_nbr_people":null,"passes_accepted":null,"latitude":46.148698,"longitude":-115.50457499999999,"infra_last_update":1766409791000,"edw_last_modify":1766455405000,"globalid":"{7F6A5014-4336-4896-B217-42FFE1EB7CD3}"}},{"type":"Feature","geometry":{"type":"Point","coordinates":[-115.7145712,45.0152521]},"properties":{"objectid":2782869,"site_cn":"12818.003141","managing_org":"041206","site_id":"60109","site_name":"FITSUM CREEK","site_type":"TRAILHEAD","activity_type_list":"No Data","service_type_list":"No Data","seasonal_operational_status":"OPEN","op_status_reason":null,"development_status":"EXISTING","development_scale":"3","total_capacity":18,"fee_charged":"N","fee_type":null,"recarea_name":"Water-Stop","recarea_description":"Potable water system is out of service. The site includes a restroom. Also, a short interpretive trail leaves and returns to this site. A short interpretive trail departs from this location. The water system is currently out of service. A toilet is available.","information_center":null,"official_designation":null,"fee_description":"No fees are required for this site","operational_hours":"Open 24 hours/day","open_season":null,"best_season":null,"busiest_season":null,"usage_level":null,"pack_in_out":"Y","public_site_name":"Fitsum Creek Trailhead","alternative_name":null,"rec1stop_url":null,"usda_portal_url":"https://www.fs.usda.gov/recarea/payette/recreation/bicycling/recarea/?recid=26999&actid=119","important_info":null,"rentals_and_guides":null,"passes":null,"permit_information":null,"restrictions":null,"closest_towns":"Yellow Pine, ID","water_availability":"No drinking water is available","restroom_availability":"Vault toilet(s)","operated_by":"US Forest Service","season_description":null,"directions":null,"maximum_elevation":null,"minimum_elevation":" feet","season_name":null,"site_season_start_date":null,"site_season_end_date":null,"max_nbr_people":null,"passes_accepted":null,"latitude":45.015246,"longitude":-115.714558,"infra_last_update":1759394008000,"edw_last_modify":1759457467000,"globalid":"{D7051A26-65FF-4571-B2A7-7E807AE3FDF2}"}},{"type":"Feature","geometry":{"type":"Point","coordinates":[-111.4451322,44.5541065]},"properties":{"objectid":2782897,"site_cn":"6754633010602","managing_org":"041552","site_id":"0317","site_name":"SAWTELL PEAK TRAILHEAD","site_type":"TRAILHEAD","activity_type_list":"No Data","service_type_list":"No Data","seasonal_operational_status":"OPEN","op_status_reason":null,"development_status":"EXISTING","development_scale":"1","total_capacity":10,"fee_charged":"N","fee_type":null,"recarea_name":"Sawtell Peak Trailhead","recarea_description":"SAWTELL PEAK TRAILHEAD (Trailhead)","information_center":null,"official_designation":null,"fee_description":null,"operational_hours":null,"open_season":null,"best_season":null,"busiest_season":null,"usage_level":null,"pack_in_out":"N","public_site_name":"Sawtell Peak Trailhead","alternative_name":null,"rec1stop_url":null,"usda_portal_url":null,"important_info":null,"rentals_and_guides":null,"passes":null,"permit_information":null,"restrictions":null,"closest_towns":null,"water_availability":null,"restroom_availability":null,"operated_by":null,"season_description":null,"directions":null,"maximum_elevation":null,"minimum_elevation":" feet","season_name":null,"site_season_start_date":null,"site_season_end_date":null,"max_nbr_people":null,"passes_accepted":null,"latitude":44.5541,"longitude":-111.44512,"infra_last_update":1696349238000,"edw_last_modify":1744204344000,"globalid":"{E1748D9F-8587-4494-95E6-5F2949B2451E}"}},{"type":"Feature","geometry":{"type":"Point","coordinates":[-116.1235137,47.3481163]},"properties":{"objectid":2782900,"site_cn":"233534010602","managing_org":"010404","site_id":"2175","site_name":"BIG CREEK","site_type":"TRAILHEAD","activity_type_list":"No Data","service_type_list":"No Data","seasonal_operational_status":"OPEN","op_status_reason":null,"development_status":"EXISTING","development_scale":"1","total_capacity":25,"fee_charged":"N","fee_type":null,"recarea_name":"Big Creek","recarea_description":"BIG CREEK (Trailhead)","information_center":null,"official_designation":null,"fee_description":null,"operational_hours":null,"open_season":null,"best_season":null,"busiest_season":null,"usage_level":null,"pack_in_out":"N","public_site_name":null,"alternative_name":null,"rec1stop_url":null,"usda_portal_url":null,"important_info":null,"rentals_and_guides":null,"passes":null,"permit_information":null,"restrictions":null,"closest_towns":null,"water_availability":null,"restroom_availability":null,"operated_by":null,"season_description":null,"directions":null,"maximum_elevation":null,"minimum_elevation":" feet","season_name":null,"site_season_start_date":null,"site_season_end_date":null,"max_nbr_people":null,"passes_accepted":null,"latitude":47.348110000000005,"longitude":-116.1235,"infra_last_update":1771858856000,"edw_last_modify":1771899165000,"globalid":"{CF5B8957-DD10-4FB2-8EE4-A18579E8DCBB}"}},{"type":"Feature","geometry":{"type":"Point","coordinates":[-115.7647931,44.5064461]},"properties":{"objectid":2782972,"site_cn":"7433.002731","managing_org":"040204","site_id":"6343","site_name":"CUPP CORRAL TRAILHEAD","site_type":"TRAILHEAD","activity_type_list":"No Data","service_type_list":"No Data","seasonal_operational_status":"OPEN","op_status_reason":null,"development_status":"EXISTING","development_scale":"1","total_capacity":15,"fee_charged":"N","fee_type":null,"recarea_name":"Cupp Corral Trailhead","recarea_description":"CUPP CORRAL TRAILHEAD (Trailhead)","information_center":null,"official_designation":null,"fee_description":null,"operational_hours":null,"open_season":null,"best_season":null,"busiest_season":null,"usage_level":null,"pack_in_out":"Y","public_site_name":null,"alternative_name":null,"rec1stop_url":null,"usda_portal_url":null,"important_info":null,"rentals_and_guides":null,"passes":null,"permit_information":null,"restrictions":null,"closest_towns":null,"water_availability":null,"restroom_availability":null,"operated_by":null,"season_description":null,"directions":null,"maximum_elevation":null,"minimum_elevation":" feet","season_name":null,"site_season_start_date":null,"site_season_end_date":null,"max_nbr_people":null,"passes_accepted":null,"latitude":44.50644,"longitude":-115.76478,"infra_last_update":1771858856000,"edw_last_modify":1771898605000,"globalid":"{3539A356-3E94-4069-BA7B-29F1840FC8C0}"}},{"type":"Feature","geometry":{"type":"Point","coordinates":[-114.5413468,46.4329894]},"properties":{"objectid":2782983,"site_cn":"210228010602","managing_org":"011755","site_id":"3610","site_name":"COLT CREEK TRAILHEAD","site_type":"TRAILHEAD","activity_type_list":"No Data","service_type_list":"No Data","seasonal_operational_status":"OPEN","op_status_reason":null,"development_status":"EXISTING","development_scale":"2","total_capacity":14,"fee_charged":"N","fee_type":null,"recarea_name":"Colt Creek Trailhead","recarea_description":"COLT CREEK TRAILHEAD (Trailhead)","information_center":null,"official_designation":null,"fee_description":null,"operational_hours":null,"open_season":null,"best_season":null,"busiest_season":null,"usage_level":null,"pack_in_out":"Y","public_site_name":null,"alternative_name":null,"rec1stop_url":null,"usda_portal_url":null,"important_info":null,"rentals_and_guides":null,"passes":null,"permit_information":null,"restrictions":null,"closest_towns":null,"water_availability":null,"restroom_availability":null,"operated_by":null,"season_description":null,"directions":null,"maximum_elevation":null,"minimum_elevation":" feet","season_name":null,"site_season_start_date":null,"site_season_end_date":null,"max_nbr_people":null,"passes_accepted":null,"latitude":46.432983009999994,"longitude":-114.54133353,"infra_last_update":1771858858000,"edw_last_modify":1771899170000,"globalid":"{2FFD89C9-84B1-4308-9B91-A202EAFA2237}"}},{"type":"Feature","geometry":{"type":"Point","coordinates":[-116.2032732,44.416174]},"properties":{"objectid":2783057,"site_cn":"7457.002731","managing_org":"040206","site_id":"6573","site_name":"GABES PEAK TRAILHEAD","site_type":"TRAILHEAD","activity_type_list":"No Data","service_type_list":"No Data","seasonal_operational_status":"OPEN","op_status_reason":null,"development_status":"EXISTING","development_scale":"1","total_capacity":15,"fee_charged":"N","fee_type":null,"recarea_name":"Gabes Peak Trailhead","recarea_description":"GABES PEAK TRAILHEAD (Trailhead)","information_center":null,"official_designation":null,"fee_description":null,"operational_hours":null,"open_season":null,"best_season":null,"busiest_season":null,"usage_level":null,"pack_in_out":"Y","public_site_name":null,"alternative_name":null,"rec1stop_url":null,"usda_portal_url":null,"important_info":null,"rentals_and_guides":null,"passes":null,"permit_information":null,"restrictions":null,"closest_towns":null,"water_availability":null,"restroom_availability":null,"operated_by":null,"season_description":null,"directions":null,"maximum_elevation":null,"minimum_elevation":" feet","season_name":null,"site_season_start_date":null,"site_season_end_date":null,"max_nbr_people":null,"passes_accepted":null,"latitude":44.416168,"longitude":-116.20326,"infra_last_update":1771858857000,"edw_last_modify":1771898605000,"globalid":"{7A1898C5-354D-49EA-8527-10EE757BEB8B}"}},{"type":"Feature","geometry":{"type":"Point","coordinates":[-115.0267361,46.9752895]},"properties":{"objectid":2783061,"site_cn":"3892699010602","managing_org":"011607","site_id":"719","site_name":"HOODOO PASS TRAILHEAD","site_type":"TRAILHEAD","activity_type_list":"No Data","service_type_list":"No Data","seasonal_operational_status":"OPEN","op_status_reason":null,"development_status":"EXISTING","development_scale":"3","total_capacity":3.5,"fee_charged":"N","fee_type":null,"recarea_name":"HOODOO PASS TRAILHEAD","recarea_description":"HOODOO PASS TRAILHEAD","information_center":null,"official_designation":null,"fee_description":"No fees are required for this site","operational_hours":"Open 24 hours/day","open_season":null,"best_season":null,"busiest_season":null,"usage_level":null,"pack_in_out":"Y","public_site_name":"Hoodoo Pass Trailhead","alternative_name":null,"rec1stop_url":null,"usda_portal_url":null,"important_info":null,"rentals_and_guides":null,"passes":null,"permit_information":null,"restrictions":null,"closest_towns":"Superior, MT","water_availability":null,"restroom_availability":null,"operated_by":"US Forest Service","season_description":null,"directions":null,"maximum_elevation":null,"minimum_elevation":null,"season_name":null,"site_season_start_date":null,"site_season_end_date":null,"max_nbr_people":null,"passes_accepted":null,"latitude":46.9752832,"longitude":-115.02672270000001,"infra_last_update":1753975076000,"edw_last_modify":1754014240000,"globalid":"{3EF8392F-B6E9-428F-9EE8-E9625F97A6CF}"}},{"type":"Feature","geometry":{"type":"Point","coordinates":[-115.442432,44.2334101]},"properties":{"objectid":2783134,"site_cn":"5515.002731","managing_org":"040205","site_id":"6510","site_name":"RED MOUNTAIN TRAILHEAD","site_type":"TRAILHEAD","activity_type_list":"No Data","service_type_list":"No Data","seasonal_operational_status":"OPEN","op_status_reason":null,"development_status":"EXISTING","development_scale":"3","total_capacity":35,"fee_charged":"N","fee_type":null,"recarea_name":"Red Mountain Trailhead","recarea_description":"RED MOUNTAIN TRAILHEAD (Trailhead)","information_center":null,"official_designation":null,"fee_description":null,"operational_hours":null,"open_season":null,"best_season":null,"busiest_season":null,"usage_level":null,"pack_in_out":"Y","public_site_name":"Red Mountain Trailhead","alternative_name":null,"rec1stop_url":null,"usda_portal_url":null,"important_info":null,"rentals_and_guides":null,"passes":null,"permit_information":null,"restrictions":null,"closest_towns":null,"water_availability":null,"restroom_availability":"Vault at Trailhead","operated_by":null,"season_description":null,"directions":null,"maximum_elevation":null,"minimum_elevation":" feet","season_name":null,"site_season_start_date":null,"site_season_end_date":null,"max_nbr_people":null,"passes_accepted":null,"latitude":44.233404,"longitude":-115.442419,"infra_last_update":1766410941000,"edw_last_modify":1766455434000,"globalid":"{133A6628-DB52-494F-A906-1C000B501F74}"}},{"type":"Feature","geometry":{"type":"Point","coordinates":[-114.5255734,45.5693312]},"properties":{"objectid":2783185,"site_cn":"170790010602","managing_org":"041307","site_id":"72287","site_name":"REYNOLDS TRAILHEAD","site_type":"TRAILHEAD","activity_type_list":"No Data","service_type_list":"No Data","seasonal_operational_status":"OPEN","op_status_reason":null,"development_status":"EXISTING","development_scale":"0","total_capacity":10,"fee_charged":"N","fee_type":null,"recarea_name":"Reynolds Cua","recarea_description":"REYNOLDS CUA (Trailhead)","information_center":null,"official_designation":null,"fee_description":null,"operational_hours":null,"open_season":null,"best_season":null,"busiest_season":null,"usage_level":null,"pack_in_out":"N","public_site_name":"Reynolds Cua","alternative_name":null,"rec1stop_url":null,"usda_portal_url":null,"important_info":null,"rentals_and_guides":null,"passes":null,"permit_information":null,"restrictions":null,"closest_towns":null,"water_availability":null,"restroom_availability":null,"operated_by":null,"season_description":null,"directions":null,"maximum_elevation":null,"minimum_elevation":"7,338 feet","season_name":null,"site_season_start_date":null,"site_season_end_date":null,"max_nbr_people":null,"passes_accepted":null,"latitude":45.5693249,"longitude":-114.5255603,"infra_last_update":1619168231000,"edw_last_modify":1744204344000,"globalid":"{6E43DBB9-71AC-4AA1-8B66-B5B002844EFC}"}},{"type":"Feature","geometry":{"type":"Point","coordinates":[-114.2487135,42.2537957]},"properties":{"objectid":2783234,"site_cn":"5084.003221","managing_org":"041401","site_id":"34654","site_name":"THIRD FORK TH","site_type":"TRAILHEAD","activity_type_list":"No Data","service_type_list":"No Data","seasonal_operational_status":"OPEN","op_status_reason":null,"development_status":"EXISTING","development_scale":"2","total_capacity":60,"fee_charged":"N","fee_type":null,"recarea_name":"Third Fork Th","recarea_description":"THIRD FORK TH (Trailhead)","information_center":null,"official_designation":null,"fee_description":null,"operational_hours":null,"open_season":null,"best_season":null,"busiest_season":null,"usage_level":null,"pack_in_out":"Y","public_site_name":"Third Fork Th","alternative_name":null,"rec1stop_url":null,"usda_portal_url":null,"important_info":null,"rentals_and_guides":null,"passes":null,"permit_information":null,"restrictions":null,"closest_towns":null,"water_availability":null,"restroom_availability":null,"operated_by":null,"season_description":null,"directions":null,"maximum_elevation":null,"minimum_elevation":" feet","season_name":null,"site_season_start_date":null,"site_season_end_date":null,"max_nbr_people":null,"passes_accepted":null,"latitude":42.2537897,"longitude":-114.24870111,"infra_last_update":1772468361000,"edw_last_modify":1772503889000,"globalid":"{3866897B-2C63-4FDE-81E3-F5334FF32D29}"}},{"type":"Feature","geometry":{"type":"Point","coordinates":[-116.1534032,44.9339161]},"properties":{"objectid":2783286,"site_cn":"288831010602","managing_org":"041204","site_id":"40049","site_name":"BEAR BASIN","site_type":"TRAILHEAD","activity_type_list":"No Data","service_type_list":"No Data","seasonal_operational_status":"OPEN","op_status_reason":null,"development_status":"EXISTING","development_scale":"3","total_capacity":175,"fee_charged":"N","fee_type":null,"recarea_name":"BEAR BASIN","recarea_description":"This is a year round trailhead serving Nordic skiers and snowshoers in the winter, and hiking and mountain biking in the summer.","information_center":null,"official_designation":null,"fee_description":"In summer, no fees or passes are required. In the winter, the Bear Basin Nordic Area is operated under a permit by the Payette Lakes Ski Club. Daily and seasonal passes are available at: payettelakesskiclub.org.","operational_hours":"Day use only: open sunrise to sunset","open_season":null,"best_season":null,"busiest_season":null,"usage_level":null,"pack_in_out":"Y","public_site_name":"Bear Basin Trailhead","alternative_name":null,"rec1stop_url":null,"usda_portal_url":"https://www.fs.usda.gov/recarea/payette/recarea/?recid=27075","important_info":null,"rentals_and_guides":null,"passes":null,"permit_information":null,"restrictions":null,"closest_towns":"McCall, ID","water_availability":"No water is available","restroom_availability":"Vault toilet(s)","operated_by":"US Forest Service","season_description":null,"directions":"Take Highway 55 north from McCall, toward New Meadows. About 2 miles from McCall look for a right hand turn, marked with the Bear Basin trailhead sign.","maximum_elevation":null,"minimum_elevation":null,"season_name":null,"site_season_start_date":null,"site_season_end_date":null,"max_nbr_people":null,"passes_accepted":null,"latitude":44.933910000000004,"longitude":-116.15339,"infra_last_update":1759394062000,"edw_last_modify":1759457457000,"globalid":"{6F029AD8-4ACB-4871-A072-2A30B608CAD0}"}},{"type":"Feature","geometry":{"type":"Point","coordinates":[-115.7921031,44.3418331]},"properties":{"objectid":2783312,"site_cn":"5580.002731","managing_org":"040206","site_id":"6502","site_name":"PEACE CREEK TRAILHEAD","site_type":"TRAILHEAD","activity_type_list":"No Data","service_type_list":"No Data","seasonal_operational_status":"OPEN","op_status_reason":null,"development_status":"EXISTING","development_scale":"3","total_capacity":56,"fee_charged":"N","fee_type":null,"recarea_name":"Peace Creek Trailhead","recarea_description":"PEACE CREEK TRAILHEAD (Trailhead)","information_center":null,"official_designation":null,"fee_description":null,"operational_hours":null,"open_season":null,"best_season":null,"busiest_season":null,"usage_level":null,"pack_in_out":"Y","public_site_name":"Peace Creek Trailhead","alternative_name":null,"rec1stop_url":null,"usda_portal_url":null,"important_info":null,"rentals_and_guides":null,"passes":null,"permit_information":null,"restrictions":null,"closest_towns":null,"water_availability":null,"restroom_availability":null,"operated_by":null,"season_description":null,"directions":null,"maximum_elevation":null,"minimum_elevation":" feet","season_name":null,"site_season_start_date":null,"site_season_end_date":null,"max_nbr_people":null,"passes_accepted":null,"latitude":44.341827,"longitude":-115.79209,"infra_last_update":1782842362000,"edw_last_modify":1782877524000,"globalid":"{1E87EB08-02FB-4074-ACB8-93D92672E995}"}},{"type":"Feature","geometry":{"type":"Point","coordinates":[-114.7969127,43.5644061]},"properties":{"objectid":2783319,"site_cn":"13460010560","managing_org":"041405","site_id":"50006","site_name":"WORSWICK HOT SPRINGS","site_type":"TRAILHEAD","activity_type_list":"No Data","service_type_list":"No Data","seasonal_operational_status":"OPEN","op_status_reason":null,"development_status":"EXISTING","development_scale":"2","total_capacity":35,"fee_charged":"N","fee_type":null,"recarea_name":"Worswick Hot Springs","recarea_description":"WORSWICK HOT SPRINGS (Trailhead)","information_center":null,"official_designation":null,"fee_description":null,"operational_hours":null,"open_season":null,"best_season":null,"busiest_season":null,"usage_level":null,"pack_in_out":"Y","public_site_name":"Worswick Hot Springs","alternative_name":null,"rec1stop_url":null,"usda_portal_url":null,"important_info":null,"rentals_and_guides":null,"passes":null,"permit_information":null,"restrictions":null,"closest_towns":null,"water_availability":null,"restroom_availability":null,"operated_by":null,"season_description":null,"directions":null,"maximum_elevation":null,"minimum_elevation":" feet","season_name":null,"site_season_start_date":null,"site_season_end_date":null,"max_nbr_people":null,"passes_accepted":null,"latitude":43.5644,"longitude":-114.7969,"infra_last_update":1659115851000,"edw_last_modify":1744204346000,"globalid":"{7609025E-07C1-4FBA-969D-D7AC5955156E}"}},{"type":"Feature","geometry":{"type":"Point","coordinates":[-116.9178123,44.680516]},"properties":{"objectid":2783341,"site_cn":"12875.003141","managing_org":"041202","site_id":"20122","site_name":"WASHPAN","site_type":"TRAILHEAD","activity_type_list":"No Data","service_type_list":"No Data","seasonal_operational_status":"OPEN","op_status_reason":null,"development_status":"EXISTING","development_scale":"1","total_capacity":7,"fee_charged":"N","fee_type":null,"recarea_name":"Washpan","recarea_description":"WASHPAN (Trailhead)","information_center":null,"official_designation":null,"fee_description":null,"operational_hours":null,"open_season":null,"best_season":null,"busiest_season":null,"usage_level":null,"pack_in_out":"Y","public_site_name":"Washpan","alternative_name":null,"rec1stop_url":null,"usda_portal_url":null,"important_info":null,"rentals_and_guides":null,"passes":null,"permit_information":null,"restrictions":null,"closest_towns":null,"water_availability":null,"restroom_availability":null,"operated_by":null,"season_description":null,"directions":null,"maximum_elevation":null,"minimum_elevation":" feet","season_name":null,"site_season_start_date":null,"site_season_end_date":null,"max_nbr_people":null,"passes_accepted":null,"latitude":44.680510000000005,"longitude":-116.917799,"infra_last_update":1744209515000,"edw_last_modify":1744252609000,"globalid":"{7906E45C-A6D4-433A-ACA9-11A9D2882625}"}},{"type":"Feature","geometry":{"type":"Point","coordinates":[-115.3904063,45.8566532]},"properties":{"objectid":2783358,"site_cn":"5779.000961","managing_org":"011705","site_id":"2121","site_name":"KIRKS FORK","site_type":"TRAILHEAD","activity_type_list":"No Data","service_type_list":"No Data","seasonal_operational_status":"OPEN","op_status_reason":null,"development_status":"EXISTING","development_scale":"3","total_capacity":14,"fee_charged":"N","fee_type":null,"recarea_name":"KIRKS FORK","recarea_description":"Kirks Fork trailhead serves as the starting point for Kirks Fork Trail #830 (a National Recreation Trail leading to Anderson Butte), and provides a toilet, stock loading ramp, fire ring and parking space for one camper vehicle and several horse trailers.","information_center":null,"official_designation":null,"fee_description":"No fees are required for this site","operational_hours":"Open 24 hours/day","open_season":null,"best_season":null,"busiest_season":null,"usage_level":null,"pack_in_out":"Y","public_site_name":"Kirks Fork Trailhead","alternative_name":null,"rec1stop_url":null,"usda_portal_url":"https://www.fs.usda.gov/recarea/nezperceclearwater/recreation/recarea/?recid=16594&actid=104","important_info":null,"rentals_and_guides":null,"passes":null,"permit_information":null,"restrictions":null,"closest_towns":"Elk City, ID","water_availability":"No drinking water is available","restroom_availability":"Vault toilet(s)","operated_by":"US Forest Service","season_description":null,"directions":"From Hwy. 14 in Elk City, turn north on American River Road in the center of town. Go past the school and the Elk City Ranger Station on the right. Continue on American River Road to the bridge that crosses American River. After crossing the bridge, turn right and continue to the trailhead, which is approximately 4 miles northeast of Elk City.","maximum_elevation":null,"minimum_elevation":null,"season_name":null,"site_season_start_date":null,"site_season_end_date":null,"max_nbr_people":null,"passes_accepted":null,"latitude":45.856647,"longitude":-115.390393,"infra_last_update":1753975076000,"edw_last_modify":1754013996000,"globalid":"{5B350C40-E90E-4C51-B3AF-0E940F7CDEC7}"}},{"type":"Feature","geometry":{"type":"Point","coordinates":[-115.8025947,45.9170748]},"properties":{"objectid":2783442,"site_cn":"2921333010602","managing_org":"011701","site_id":"170603050702-010","site_name":"CW9474RD-001","site_type":"TRAILHEAD","activity_type_list":"No Data","service_type_list":"No Data","seasonal_operational_status":"OPEN","op_status_reason":null,"development_status":"EXISTING","development_scale":"1","total_capacity":3.5,"fee_charged":"N","fee_type":null,"recarea_name":"Cw9474rd-001","recarea_description":"CW9474RD-001 (Trailhead)","information_center":null,"official_designation":null,"fee_description":null,"operational_hours":null,"open_season":null,"best_season":null,"busiest_season":null,"usage_level":null,"pack_in_out":"Y","public_site_name":null,"alternative_name":null,"rec1stop_url":null,"usda_portal_url":null,"important_info":null,"rentals_and_guides":null,"passes":null,"permit_information":null,"restrictions":null,"closest_towns":null,"water_availability":null,"restroom_availability":null,"operated_by":null,"season_description":null,"directions":null,"maximum_elevation":null,"minimum_elevation":"5,571 feet","season_name":null,"site_season_start_date":null,"site_season_end_date":null,"max_nbr_people":null,"passes_accepted":null,"latitude":45.917068650000004,"longitude":-115.8025813,"infra_last_update":1771858859000,"edw_last_modify":1771899099000,"globalid":"{ADA8221E-0F1D-4ED7-94F4-B2B46F988DDF}"}},{"type":"Feature","geometry":{"type":"Point","coordinates":[-116.1617831,44.364055]},"properties":{"objectid":2783505,"site_cn":"7458.002731","managing_org":"040206","site_id":"6572","site_name":"JOES CREEK TRAILHEAD","site_type":"TRAILHEAD","activity_type_list":"No Data","service_type_list":"No Data","seasonal_operational_status":"OPEN","op_status_reason":null,"development_status":"EXISTING","development_scale":"2","total_capacity":28,"fee_charged":"N","fee_type":null,"recarea_name":"Joes Creek Trailhead","recarea_description":"JOES CREEK TRAILHEAD (Trailhead)","information_center":null,"official_designation":null,"fee_description":null,"operational_hours":null,"open_season":null,"best_season":null,"busiest_season":null,"usage_level":null,"pack_in_out":"Y","public_site_name":null,"alternative_name":null,"rec1stop_url":null,"usda_portal_url":null,"important_info":null,"rentals_and_guides":null,"passes":null,"permit_information":null,"restrictions":null,"closest_towns":null,"water_availability":null,"restroom_availability":null,"operated_by":null,"season_description":null,"directions":null,"maximum_elevation":null,"minimum_elevation":" feet","season_name":null,"site_season_start_date":null,"site_season_end_date":null,"max_nbr_people":null,"passes_accepted":null,"latitude":44.364048999999994,"longitude":-116.16176999999999,"infra_last_update":1771858856000,"edw_last_modify":1771898605000,"globalid":"{BE753685-E6AF-408A-9E7E-EF501D717852}"}},{"type":"Feature","geometry":{"type":"Point","coordinates":[-114.3940407,43.7435433]},"properties":{"objectid":2783607,"site_cn":"13435010560","managing_org":"041403","site_id":"30016","site_name":"FOX CREEK TRAILHEAD","site_type":"TRAILHEAD","activity_type_list":"No Data","service_type_list":"No Data","seasonal_operational_status":"OPEN","op_status_reason":null,"development_status":"EXISTING","development_scale":"3","total_capacity":119,"fee_charged":"N","fee_type":null,"recarea_name":"FOX CREEK TRAILHEAD","recarea_description":"This trailhead serves several popular trails, including Fox Cr. Loop Tr. No. 149 and Chocolate Gulch Tr. No. 312. There is also one picnic site, an interpretive display with map, and a vault toilet. Trails accessible from this trailhead are closed to all motor vehicles, including e-bikes. Hitching rails and trailer parking are provided for stock users.","information_center":null,"official_designation":null,"fee_description":"No fees are required for this site","operational_hours":null,"open_season":null,"best_season":null,"busiest_season":null,"usage_level":null,"pack_in_out":"Y","public_site_name":"Fox Creek Trailhead","alternative_name":null,"rec1stop_url":null,"usda_portal_url":"https://www.fs.usda.gov/recarea/sawtooth/recreation/recarea/?recid=84504","important_info":null,"rentals_and_guides":null,"passes":null,"permit_information":null,"restrictions":null,"closest_towns":"Kektchum, ID","water_availability":"No drinking water is available","restroom_availability":"Vault toilet(s)","operated_by":"US Forest Service","season_description":null,"directions":null,"maximum_elevation":null,"minimum_elevation":null,"season_name":null,"site_season_start_date":null,"site_season_end_date":null,"max_nbr_people":null,"passes_accepted":null,"latitude":43.74353719,"longitude":-114.394028,"infra_last_update":1766409664000,"edw_last_modify":1766455599000,"globalid":"{5EC4F225-0CD3-4208-83D0-46277E759697}"}},{"type":"Feature","geometry":{"type":"Point","coordinates":[-115.7596743,45.0628283]},"properties":{"objectid":2783656,"site_cn":"6618020010602","managing_org":"041206","site_id":"60162","site_name":"SECESH RIVER","site_type":"TRAILHEAD","activity_type_list":"No Data","service_type_list":"No Data","seasonal_operational_status":"OPEN","op_status_reason":null,"development_status":"EXISTING","development_scale":"1","total_capacity":11,"fee_charged":"N","fee_type":null,"recarea_name":"Secesh River","recarea_description":"SECESH RIVER (Trailhead)","information_center":null,"official_designation":null,"fee_description":null,"operational_hours":null,"open_season":null,"best_season":null,"busiest_season":null,"usage_level":null,"pack_in_out":"Y","public_site_name":"Secesh River","alternative_name":null,"rec1stop_url":null,"usda_portal_url":null,"important_info":null,"rentals_and_guides":null,"passes":null,"permit_information":null,"restrictions":null,"closest_towns":null,"water_availability":null,"restroom_availability":null,"operated_by":null,"season_description":null,"directions":null,"maximum_elevation":null,"minimum_elevation":" feet","season_name":null,"site_season_start_date":null,"site_season_end_date":null,"max_nbr_people":null,"passes_accepted":null,"latitude":45.06282222,"longitude":-115.7596611,"infra_last_update":1784103718000,"edw_last_modify":1784174066000,"globalid":"{69B63D18-D5F7-4B0D-A2B8-C43B720CADB5}"}},{"type":"Feature","geometry":{"type":"Point","coordinates":[-116.4611139,47.6911063]},"properties":{"objectid":2783875,"site_cn":"4659451010602","managing_org":"010403","site_id":"398","site_name":"SKITWISH","site_type":"TRAILHEAD","activity_type_list":"No Data","service_type_list":"No Data","seasonal_operational_status":"OPEN","op_status_reason":null,"development_status":"EXISTING","development_scale":"3","total_capacity":0,"fee_charged":"N","fee_type":null,"recarea_name":"Skitwish","recarea_description":"SKITWISH (Trailhead)","information_center":null,"official_designation":null,"fee_description":"No fees are required for this site","operational_hours":"Open 24 hours/day","open_season":null,"best_season":null,"busiest_season":null,"usage_level":null,"pack_in_out":"N","public_site_name":"Skitwish Trailhead","alternative_name":null,"rec1stop_url":null,"usda_portal_url":null,"important_info":null,"rentals_and_guides":null,"passes":null,"permit_information":null,"restrictions":null,"closest_towns":"Kellogg, ID","water_availability":null,"restroom_availability":null,"operated_by":"US Forest Service","season_description":null,"directions":null,"maximum_elevation":null,"minimum_elevation":" feet","season_name":null,"site_season_start_date":null,"site_season_end_date":null,"max_nbr_people":null,"passes_accepted":null,"latitude":47.6911,"longitude":-116.4611,"infra_last_update":1766409748000,"edw_last_modify":1766455580000,"globalid":"{2A9D7FE0-65DE-4EC0-84F1-5E34CF7F8EC2}"}},{"type":"Feature","geometry":{"type":"Point","coordinates":[-114.3000127,43.9200062]},"properties":{"objectid":2783915,"site_cn":"16938010540","managing_org":"041304","site_id":"42206","site_name":"SQUIB TRAILHEAD","site_type":"TRAILHEAD","activity_type_list":"No Data","service_type_list":"No Data","seasonal_operational_status":"OPEN","op_status_reason":null,"development_status":"EXISTING","development_scale":"2","total_capacity":28,"fee_charged":"N","fee_type":null,"recarea_name":"SQUIB TRAILHEAD","recarea_description":"This is a rustic trailhead with few amenities.  There is a multi-vehicle parking area with an information board.  There are two hardened sites at the trailhead.","information_center":null,"official_designation":null,"fee_description":"No fees are required for this site","operational_hours":"Open 24 hours/day","open_season":null,"best_season":null,"busiest_season":null,"usage_level":null,"pack_in_out":"Y","public_site_name":"Squib Trailhead","alternative_name":null,"rec1stop_url":null,"usda_portal_url":"https://www.fs.usda.gov/recarea/scnf/recarea/?recid=76178","important_info":null,"rentals_and_guides":null,"passes":null,"permit_information":null,"restrictions":null,"closest_towns":"Mackay, Idaho","water_availability":"No drinking water is available","restroom_availability":"No restroom available","operated_by":"US Forest Service","season_description":null,"directions":"From Mackay, ID take US Highway 93 approximately 16 miles north of Mackay. Turn left on Trail Creek Rd, NF-66.  Follow this road for 21 miles.  Turn right on North Fork Rd and travel for approximately 9 miles. Turn left on Miller Bear Rd, and continue to the Squib Trailhead (approximately 2 miles).","maximum_elevation":null,"minimum_elevation":null,"season_name":null,"site_season_start_date":null,"site_season_end_date":null,"max_nbr_people":null,"passes_accepted":null,"latitude":43.92,"longitude":-114.3,"infra_last_update":1753975086000,"edw_last_modify":1754014268000,"globalid":"{E38E1F31-D5E2-4172-ADB7-D0FD712E9C4D}"}},{"type":"Feature","geometry":{"type":"Point","coordinates":[-115.8105939,43.535783]},"properties":{"objectid":2783966,"site_cn":"7406.002731","managing_org":"040201","site_id":"6584","site_name":"WILLIAM POGUE NRT TRAILHEAD","site_type":"TRAILHEAD","activity_type_list":"No Data","service_type_list":"No Data","seasonal_operational_status":"OPEN","op_status_reason":null,"development_status":"EXISTING","development_scale":"3","total_capacity":50,"fee_charged":"N","fee_type":null,"recarea_name":"William Pogue Nrt Trailhead","recarea_description":"WILLIAM POGUE NRT TRAILHEAD (Trailhead)","information_center":null,"official_designation":null,"fee_description":null,"operational_hours":null,"open_season":null,"best_season":null,"busiest_season":null,"usage_level":null,"pack_in_out":"Y","public_site_name":"William Pogue Nrt Trailhead","alternative_name":null,"rec1stop_url":null,"usda_portal_url":null,"important_info":null,"rentals_and_guides":null,"passes":null,"permit_information":null,"restrictions":null,"closest_towns":null,"water_availability":null,"restroom_availability":null,"operated_by":null,"season_description":null,"directions":null,"maximum_elevation":null,"minimum_elevation":" feet","season_name":null,"site_season_start_date":null,"site_season_end_date":null,"max_nbr_people":null,"passes_accepted":null,"latitude":43.535776999999996,"longitude":-115.810581,"infra_last_update":1782842575000,"edw_last_modify":1782877519000,"globalid":"{F726F33F-D8E7-47E8-86AC-9AD9A8E833B6}"}},{"type":"Feature","geometry":{"type":"Point","coordinates":[-116.1741673,45.1082161]},"properties":{"objectid":2784238,"site_cn":"6662108010602","managing_org":"041204","site_id":"40820","site_name":"TWIN LAKES","site_type":"TRAILHEAD","activity_type_list":"No Data","service_type_list":"No Data","seasonal_operational_status":"OPEN","op_status_reason":null,"development_status":"EXISTING","development_scale":"2","total_capacity":28,"fee_charged":"N","fee_type":null,"recarea_name":"TWIN LAKES","recarea_description":"Twin Lakes Trailhead provides access to Granite Mountain Trail #165.","information_center":null,"official_designation":null,"fee_description":"No fees are required for this site","operational_hours":"Open 24 hours/day","open_season":null,"best_season":null,"busiest_season":null,"usage_level":null,"pack_in_out":"Y","public_site_name":"Twin Lakes Trailhead","alternative_name":null,"rec1stop_url":null,"usda_portal_url":null,"important_info":null,"rentals_and_guides":null,"passes":null,"permit_information":null,"restrictions":null,"closest_towns":"McCall, ID","water_availability":"No drinking water is available","restroom_availability":"No restroom available","operated_by":"US Forest Service","season_description":null,"directions":"This trailhead is about 30 minutes from McCall. To reach the trailhead, take Highway 55 west out of McCall for four miles. Turn right onto the Goose Lake Road (tiol Forest Road 257) for about 13 miles.","maximum_elevation":null,"minimum_elevation":null,"season_name":null,"site_season_start_date":null,"site_season_end_date":null,"max_nbr_people":null,"passes_accepted":null,"latitude":45.10821,"longitude":-116.174154,"infra_last_update":1759394080000,"edw_last_modify":1759457368000,"globalid":"{731150B7-8B15-43AC-AA5A-3FA84FE8D770}"}},{"type":"Feature","geometry":{"type":"Point","coordinates":[-115.0732445,46.7437186]},"properties":{"objectid":2784274,"site_cn":"2921487010602","managing_org":"011753","site_id":"170603070401-004","site_name":"NF255RD-013","site_type":"TRAILHEAD","activity_type_list":"No Data","service_type_list":"No Data","seasonal_operational_status":"OPEN","op_status_reason":null,"development_status":"EXISTING","development_scale":"0","total_capacity":3.5,"fee_charged":"N","fee_type":null,"recarea_name":"Nf255rd-013","recarea_description":"NF255RD-013 (Trailhead)","information_center":null,"official_designation":null,"fee_description":null,"operational_hours":null,"open_season":null,"best_season":null,"busiest_season":null,"usage_level":null,"pack_in_out":"Y","public_site_name":null,"alternative_name":null,"rec1stop_url":null,"usda_portal_url":null,"important_info":null,"rentals_and_guides":null,"passes":null,"permit_information":null,"restrictions":null,"closest_towns":null,"water_availability":null,"restroom_availability":null,"operated_by":null,"season_description":null,"directions":null,"maximum_elevation":null,"minimum_elevation":"3,281 feet","season_name":null,"site_season_start_date":null,"site_season_end_date":null,"max_nbr_people":null,"passes_accepted":null,"latitude":46.743712259999995,"longitude":-115.0732311,"infra_last_update":1771858857000,"edw_last_modify":1771899096000,"globalid":"{7DF4B5D1-1319-4187-ACDA-8546CFB3B363}"}},{"type":"Feature","geometry":{"type":"Point","coordinates":[-115.2443461,45.7028079]},"properties":{"objectid":2784305,"site_cn":"2921025010602","managing_org":"011705","site_id":"170603050101-012","site_name":"RR77271RD-002","site_type":"TRAILHEAD","activity_type_list":"No Data","service_type_list":"No Data","seasonal_operational_status":"OPEN","op_status_reason":null,"development_status":"EXISTING","development_scale":"1","total_capacity":3.5,"fee_charged":"N","fee_type":null,"recarea_name":"Rr77271rd-002","recarea_description":"RR77271RD-002 (Trailhead)","information_center":null,"official_designation":null,"fee_description":null,"operational_hours":null,"open_season":null,"best_season":null,"busiest_season":null,"usage_level":null,"pack_in_out":"Y","public_site_name":null,"alternative_name":null,"rec1stop_url":null,"usda_portal_url":null,"important_info":null,"rentals_and_guides":null,"passes":null,"permit_information":null,"restrictions":null,"closest_towns":null,"water_availability":null,"restroom_availability":null,"operated_by":null,"season_description":null,"directions":null,"maximum_elevation":null,"minimum_elevation":"6,490 feet","season_name":null,"site_season_start_date":null,"site_season_end_date":null,"max_nbr_people":null,"passes_accepted":null,"latitude":45.702801660000006,"longitude":-115.24433289999999,"infra_last_update":1771858856000,"edw_last_modify":1771899106000,"globalid":"{FF60B502-6289-41DC-8275-82516F522592}"}},{"type":"Feature","geometry":{"type":"Point","coordinates":[-115.357413,44.4781241]},"properties":{"objectid":2784412,"site_cn":"7417.002731","managing_org":"040201","site_id":"6595","site_name":"CAMP CREEK TRAILHEAD","site_type":"TRAILHEAD","activity_type_list":"No Data","service_type_list":"No Data","seasonal_operational_status":"OPEN","op_status_reason":null,"development_status":"EXISTING","development_scale":"3","total_capacity":35,"fee_charged":"N","fee_type":null,"recarea_name":"Camp Creek Trailhead","recarea_description":"CAMP CREEK TRAILHEAD (Trailhead)","information_center":null,"official_designation":null,"fee_description":null,"operational_hours":null,"open_season":null,"best_season":null,"busiest_season":null,"usage_level":null,"pack_in_out":"Y","public_site_name":"Camp Creek Trailhead","alternative_name":null,"rec1stop_url":null,"usda_portal_url":null,"important_info":null,"rentals_and_guides":null,"passes":null,"permit_information":null,"restrictions":null,"closest_towns":null,"water_availability":null,"restroom_availability":null,"operated_by":null,"season_description":null,"directions":null,"maximum_elevation":null,"minimum_elevation":" feet","season_name":null,"site_season_start_date":null,"site_season_end_date":null,"max_nbr_people":null,"passes_accepted":null,"latitude":44.478117999999995,"longitude":-115.3574,"infra_last_update":1782842617000,"edw_last_modify":1782877519000,"globalid":"{F01061A0-046B-4320-8CE1-A4E4FFE4E19A}"}},{"type":"Feature","geometry":{"type":"Point","coordinates":[-116.5690407,47.0160571]},"properties":{"objectid":2784493,"site_cn":"2920451010602","managing_org":"011752","site_id":"170601080101-001","site_name":"PAL1423KRD-001","site_type":"TRAILHEAD","activity_type_list":"No Data","service_type_list":"No Data","seasonal_operational_status":"OPEN","op_status_reason":null,"development_status":"EXISTING","development_scale":"1","total_capacity":3.5,"fee_charged":"N","fee_type":null,"recarea_name":"Pal1423krd-001","recarea_description":"PAL1423KRD-001 (Trailhead)","information_center":null,"official_designation":null,"fee_description":null,"operational_hours":null,"open_season":null,"best_season":null,"busiest_season":null,"usage_level":null,"pack_in_out":"Y","public_site_name":"Pal1423krd-001","alternative_name":null,"rec1stop_url":null,"usda_portal_url":null,"important_info":null,"rentals_and_guides":null,"passes":null,"permit_information":null,"restrictions":null,"closest_towns":null,"water_availability":null,"restroom_availability":null,"operated_by":null,"season_description":null,"directions":null,"maximum_elevation":null,"minimum_elevation":"4,416 feet","season_name":null,"site_season_start_date":null,"site_season_end_date":null,"max_nbr_people":null,"passes_accepted":null,"latitude":47.01605092,"longitude":-116.569027,"infra_last_update":1592720730000,"edw_last_modify":1744204348000,"globalid":"{2C12C34C-8143-4403-9817-1F3EB6DD82F0}"}},{"type":"Feature","geometry":{"type":"Point","coordinates":[-116.105342,43.703303]},"properties":{"objectid":2784515,"site_cn":"10632010312","managing_org":"040201","site_id":"6105","site_name":"SHINGLE CREEK TRAILHEAD","site_type":"TRAILHEAD","activity_type_list":"No Data","service_type_list":"No Data","seasonal_operational_status":"OPEN","op_status_reason":null,"development_status":"EXISTING","development_scale":"3","total_capacity":35,"fee_charged":"N","fee_type":null,"recarea_name":"Shingle Creek Trailhead","recarea_description":"SHINGLE CREEK TRAILHEAD (Trailhead)","information_center":null,"official_designation":null,"fee_description":null,"operational_hours":null,"open_season":null,"best_season":null,"busiest_season":null,"usage_level":null,"pack_in_out":"N","public_site_name":"Shingle Creek Trailhead","alternative_name":null,"rec1stop_url":null,"usda_portal_url":null,"important_info":null,"rentals_and_guides":null,"passes":null,"permit_information":null,"restrictions":null,"closest_towns":null,"water_availability":null,"restroom_availability":null,"operated_by":null,"season_description":null,"directions":null,"maximum_elevation":null,"minimum_elevation":" feet","season_name":null,"site_season_start_date":null,"site_season_end_date":null,"max_nbr_people":null,"passes_accepted":null,"latitude":43.703297,"longitude":-116.105329,"infra_last_update":1782842172000,"edw_last_modify":1782877536000,"globalid":"{72C5CB90-FC49-4F4F-A4AF-3C56A9DB015C}"}},{"type":"Feature","geometry":{"type":"Point","coordinates":[-115.5169693,45.9521182]},"properties":{"objectid":2784528,"site_cn":"251759010602","managing_org":"011705","site_id":"170603050201-010","site_name":"O'HARA SADDLE","site_type":"TRAILHEAD","activity_type_list":"No Data","service_type_list":"No Data","seasonal_operational_status":"OPEN","op_status_reason":null,"development_status":"EXISTING","development_scale":"2","total_capacity":10,"fee_charged":"Y","fee_type":null,"recarea_name":"O'Hara Saddle","recarea_description":"O'HARA SADDLE (Trailhead)","information_center":null,"official_designation":null,"fee_description":null,"operational_hours":null,"open_season":null,"best_season":null,"busiest_season":null,"usage_level":null,"pack_in_out":"Y","public_site_name":"O'Hara Saddle","alternative_name":null,"rec1stop_url":null,"usda_portal_url":null,"important_info":null,"rentals_and_guides":null,"passes":null,"permit_information":null,"restrictions":null,"closest_towns":null,"water_availability":null,"restroom_availability":null,"operated_by":null,"season_description":null,"directions":null,"maximum_elevation":null,"minimum_elevation":"5,174 feet","season_name":null,"site_season_start_date":null,"site_season_end_date":null,"max_nbr_people":null,"passes_accepted":null,"latitude":45.952112,"longitude":-115.51695600000001,"infra_last_update":1786027983000,"edw_last_modify":1786068402000,"globalid":"{76A0CA97-2AE9-4C9D-A2BC-2DF73D658261}"}},{"type":"Feature","geometry":{"type":"Point","coordinates":[-115.0461769,45.772499]},"properties":{"objectid":2784593,"site_cn":"3893681010602","managing_org":"011705","site_id":"170603020302-025","site_name":"RD285-025","site_type":"TRAILHEAD","activity_type_list":"No Data","service_type_list":"No Data","seasonal_operational_status":"OPEN","op_status_reason":null,"development_status":"EXISTING","development_scale":"0","total_capacity":3.5,"fee_charged":"N","fee_type":null,"recarea_name":"Rd285-025","recarea_description":"RD285-025 (Trailhead)","information_center":null,"official_designation":null,"fee_description":null,"operational_hours":null,"open_season":null,"best_season":null,"busiest_season":null,"usage_level":null,"pack_in_out":"Y","public_site_name":null,"alternative_name":null,"rec1stop_url":null,"usda_portal_url":null,"important_info":null,"rentals_and_guides":null,"passes":null,"permit_information":null,"restrictions":null,"closest_towns":null,"water_availability":null,"restroom_availability":null,"operated_by":null,"season_description":null,"directions":null,"maximum_elevation":null,"minimum_elevation":"6,617 feet","season_name":null,"site_season_start_date":null,"site_season_end_date":null,"max_nbr_people":null,"passes_accepted":null,"latitude":45.77249277,"longitude":-115.04616374999999,"infra_last_update":1771858857000,"edw_last_modify":1771898960000,"globalid":"{03799AE9-B708-4BB9-8F47-6738BEFE9DB7}"}},{"type":"Feature","geometry":{"type":"Point","coordinates":[-115.606303,44.024946]},"properties":{"objectid":2784599,"site_cn":"7484.002731","managing_org":"040203","site_id":"6189","site_name":"BANNER RIDGE TRAILHEAD","site_type":"TRAILHEAD","activity_type_list":"No Data","service_type_list":"No Data","seasonal_operational_status":"OPEN","op_status_reason":null,"development_status":"EXISTING","development_scale":"3","total_capacity":42,"fee_charged":"Y","fee_type":null,"recarea_name":"BANNER RIDGE TRAILHEAD","recarea_description":"The Banner Ridge trailhead includes a restroom and visitor information. Fees are charged by the State in the winter, however the Forest Service operates it for free in summer.","information_center":null,"official_designation":null,"fee_description":null,"operational_hours":"Open year round","open_season":null,"best_season":null,"busiest_season":null,"usage_level":null,"pack_in_out":"Y","public_site_name":"Banner Ridge Trail","alternative_name":null,"rec1stop_url":null,"usda_portal_url":"www.fs.usda.gov/recarea/asnf/recreation/recarea/?recid=821215","important_info":null,"rentals_and_guides":null,"passes":null,"permit_information":null,"restrictions":null,"closest_towns":"Idaho City, ID","water_availability":"No water is available","restroom_availability":"Vault toilet(s)","operated_by":null,"season_description":null,"directions":"From Idaho City travel north on Hwy 21 towards Lowman for approximately 22.5 miles.","maximum_elevation":null,"minimum_elevation":null,"season_name":null,"site_season_start_date":null,"site_season_end_date":null,"max_nbr_people":null,"passes_accepted":null,"latitude":44.02494,"longitude":-115.60629,"infra_last_update":1744209514000,"edw_last_modify":1744252396000,"globalid":"{1F3B018F-B4EE-4CD2-8160-4F5812F56BBC}"}},{"type":"Feature","geometry":{"type":"Point","coordinates":[-114.9916946,45.6779192]},"properties":{"objectid":2784634,"site_cn":"3893619010602","managing_org":"011705","site_id":"170602070602-001","site_name":"DRYSADDLE01","site_type":"TRAILHEAD","activity_type_list":"No Data","service_type_list":"No Data","seasonal_operational_status":"OPEN","op_status_reason":null,"development_status":"EXISTING","development_scale":"0","total_capacity":3.5,"fee_charged":"N","fee_type":null,"recarea_name":"Drysaddle01","recarea_description":"DRYSADDLE01 (Trailhead)","information_center":null,"official_designation":null,"fee_description":null,"operational_hours":null,"open_season":null,"best_season":null,"busiest_season":null,"usage_level":null,"pack_in_out":"Y","public_site_name":null,"alternative_name":null,"rec1stop_url":null,"usda_portal_url":null,"important_info":null,"rentals_and_guides":null,"passes":null,"permit_information":null,"restrictions":null,"closest_towns":null,"water_availability":null,"restroom_availability":null,"operated_by":null,"season_description":null,"directions":null,"maximum_elevation":null,"minimum_elevation":"7,841 feet","season_name":null,"site_season_start_date":null,"site_season_end_date":null,"max_nbr_people":null,"passes_accepted":null,"latitude":45.67791297,"longitude":-114.99168145,"infra_last_update":1771858858000,"edw_last_modify":1771898961000,"globalid":"{23FFC18B-9575-47A3-B748-F2DEE3E227B2}"}},{"type":"Feature","geometry":{"type":"Point","coordinates":[-111.275512,43.5246064]},"properties":{"objectid":2784643,"site_cn":"5080.003281","managing_org":"041554","site_id":"0414","site_name":"MIKE SPENCER TRAILHEAD","site_type":"TRAILHEAD","activity_type_list":"CAMPING, VEHICLE | HORSEBACK RIDING | MOTORCYCLES & SCOOTERS","service_type_list":"PARKING | RESTROOMS","seasonal_operational_status":"OPEN","op_status_reason":null,"development_status":"EXISTING","development_scale":"3","total_capacity":123,"fee_charged":"N","fee_type":null,"recarea_name":"Mike Spencer Trailhead","recarea_description":"Motorcycle Trail Riding, Off Highway Vehicles (OHV) less than or equal to 50 inches wide","information_center":null,"official_designation":null,"fee_description":"No fees are required for this site","operational_hours":"Day use only: open sunrise to sunset","open_season":null,"best_season":null,"busiest_season":null,"usage_level":null,"pack_in_out":"Y","public_site_name":"Mike Spencer Trailhead","alternative_name":null,"rec1stop_url":null,"usda_portal_url":"https://www.fs.usda.gov/recarea/ctnf/recreation/recarea/?recid=54319&actid=93","important_info":null,"rentals_and_guides":null,"passes":null,"permit_information":null,"restrictions":null,"closest_towns":"Swan Valley, Idaho","water_availability":"No water is available","restroom_availability":"No restroom available","operated_by":"US Forest Service","season_description":null,"directions":"From Swan Valley follow ID-31 E 8.1 miles north. Turn right onto Forest Road 40250 and travel 1.9 miles until you reach the trailhead.","maximum_elevation":null,"minimum_elevation":"5,900 feet","season_name":null,"site_season_start_date":null,"site_season_end_date":null,"max_nbr_people":null,"passes_accepted":null,"latitude":43.5246,"longitude":-111.2755,"infra_last_update":1766410790000,"edw_last_modify":1766455532000,"globalid":"{21F97556-BC71-4B73-AA80-2D76A4812601}"}},{"type":"Feature","geometry":{"type":"Point","coordinates":[-115.0235735,45.830394]},"properties":{"objectid":2784686,"site_cn":"3893657010602","managing_org":"011705","site_id":"170603020302-013","site_name":"RD285-013","site_type":"TRAILHEAD","activity_type_list":"No Data","service_type_list":"No Data","seasonal_operational_status":"OPEN","op_status_reason":null,"development_status":"EXISTING","development_scale":"1","total_capacity":3.5,"fee_charged":"N","fee_type":null,"recarea_name":"Rd285-013","recarea_description":"RD285-013 (Trailhead)","information_center":null,"official_designation":null,"fee_description":null,"operational_hours":null,"open_season":null,"best_season":null,"busiest_season":null,"usage_level":null,"pack_in_out":"Y","public_site_name":null,"alternative_name":null,"rec1stop_url":null,"usda_portal_url":null,"important_info":null,"rentals_and_guides":null,"passes":null,"permit_information":null,"restrictions":null,"closest_towns":null,"water_availability":null,"restroom_availability":null,"operated_by":null,"season_description":null,"directions":null,"maximum_elevation":null,"minimum_elevation":"6,709 feet","season_name":null,"site_season_start_date":null,"site_season_end_date":null,"max_nbr_people":null,"passes_accepted":null,"latitude":45.83038779,"longitude":-115.02356035,"infra_last_update":1771858856000,"edw_last_modify":1771898960000,"globalid":"{948FE24D-67BA-49C8-9584-E71A87544395}"}},{"type":"Feature","geometry":{"type":"Point","coordinates":[-115.258763,44.3057761]},"properties":{"objectid":2784729,"site_cn":"7168.002731","managing_org":"040205","site_id":"6561","site_name":"WARM SPRINGS TRAILHEAD (BULLTROUT)","site_type":"TRAILHEAD","activity_type_list":"No Data","service_type_list":"No Data","seasonal_operational_status":"OPEN","op_status_reason":null,"development_status":"EXISTING","development_scale":"3","total_capacity":10,"fee_charged":"N","fee_type":null,"recarea_name":"Warm Springs Trailhead (Bulltrout)","recarea_description":"WARM SPRINGS TRAILHEAD (BULLTROUT) (Trailhead)","information_center":null,"official_designation":null,"fee_description":null,"operational_hours":null,"open_season":null,"best_season":null,"busiest_season":null,"usage_level":null,"pack_in_out":"Y","public_site_name":"Warm Springs Trailhead (Bulltrout)","alternative_name":null,"rec1stop_url":null,"usda_portal_url":null,"important_info":null,"rentals_and_guides":null,"passes":null,"permit_information":null,"restrictions":null,"closest_towns":null,"water_availability":null,"restroom_availability":null,"operated_by":null,"season_description":null,"directions":null,"maximum_elevation":null,"minimum_elevation":" feet","season_name":null,"site_season_start_date":null,"site_season_end_date":null,"max_nbr_people":null,"passes_accepted":null,"latitude":44.30577,"longitude":-115.25875,"infra_last_update":1744209514000,"edw_last_modify":1744252398000,"globalid":"{5948BFE8-C1C7-4908-A32A-E1E7E1004D48}"}},{"type":"Feature","geometry":{"type":"Point","coordinates":[-115.7361432,44.9222261]},"properties":{"objectid":2784813,"site_cn":"12832.003141","managing_org":"041206","site_id":"60111","site_name":"BUCKHORN CREEK","site_type":"TRAILHEAD","activity_type_list":"No Data","service_type_list":"No Data","seasonal_operational_status":"OPEN","op_status_reason":null,"development_status":"EXISTING","development_scale":"2","total_capacity":18,"fee_charged":"N","fee_type":null,"recarea_name":"BUCKHORN CREEK","recarea_description":"Located off of the South Fork Salmon River NFSR #50674 and across the Buckhorn Creek bridge.  2-wheeled motorized use is allowed, however ATV<50\" can no longer access this trail on the lower first mile due to substantial landsliding sloughing the road/trail off into the river. The trail is now only passable motorcycles, hikers, and stock.","information_center":null,"official_designation":null,"fee_description":null,"operational_hours":null,"open_season":null,"best_season":null,"busiest_season":null,"usage_level":null,"pack_in_out":"Y","public_site_name":"Buckhorn Creek Trailhead","alternative_name":null,"rec1stop_url":null,"usda_portal_url":null,"important_info":null,"rentals_and_guides":null,"passes":null,"permit_information":null,"restrictions":null,"closest_towns":null,"water_availability":null,"restroom_availability":null,"operated_by":"US Forest Service","season_description":null,"directions":null,"maximum_elevation":null,"minimum_elevation":null,"season_name":null,"site_season_start_date":null,"site_season_end_date":null,"max_nbr_people":null,"passes_accepted":null,"latitude":44.922219999999996,"longitude":-115.73612999999999,"infra_last_update":1759394008000,"edw_last_modify":1759457467000,"globalid":"{184D5090-CCBB-4464-855D-4F581D2F037B}"}},{"type":"Feature","geometry":{"type":"Point","coordinates":[-116.1617483,45.2542741]},"properties":{"objectid":2784911,"site_cn":"12992.003141","managing_org":"041204","site_id":"30129","site_name":"CLAYBURN SADDLE","site_type":"TRAILHEAD","activity_type_list":"No Data","service_type_list":"No Data","seasonal_operational_status":"OPEN","op_status_reason":null,"development_status":"EXISTING","development_scale":"3","total_capacity":123,"fee_charged":"N","fee_type":null,"recarea_name":"CLAYBURN SADDLE","recarea_description":"The Clayburn Saddle trailhead is located at the end of the Goose Lake Road (FS 50257).  This trailhead provides access to the Hard Butte area via Elk Lake Trail #347 (note that Elk Lake is on the far end of the trail).","information_center":null,"official_designation":null,"fee_description":null,"operational_hours":null,"open_season":null,"best_season":null,"busiest_season":null,"usage_level":null,"pack_in_out":"Y","public_site_name":"Clayburn Saddle Trailhead","alternative_name":null,"rec1stop_url":null,"usda_portal_url":"https://www.fs.usda.gov/recarea/payette/recarea/?recid=27047","important_info":null,"rentals_and_guides":null,"passes":null,"permit_information":null,"restrictions":null,"closest_towns":"McCall, ID","water_availability":null,"restroom_availability":"Vault toilet(s)","operated_by":"US Forest Service","season_description":null,"directions":"From McCall, take Highway 55 for 4 miles to the Goose Lake Road (257) turn-off on your right. Follow Goose Lake Road for 27 miles to the trailhead.","maximum_elevation":null,"minimum_elevation":null,"season_name":null,"site_season_start_date":null,"site_season_end_date":null,"max_nbr_people":null,"passes_accepted":null,"latitude":45.254267999999996,"longitude":-116.161735,"infra_last_update":1766410793000,"edw_last_modify":1766455600000,"globalid":"{0EBE059A-9487-4BC2-AE98-B4EB0E7DC4C3}"}},{"type":"Feature","geometry":{"type":"Point","coordinates":[-115.5341911,44.6430201]},"properties":{"objectid":2785028,"site_cn":"6643062010602","managing_org":"040203","site_id":"06209","site_name":"GRAHAM AIRSTRIP U45","site_type":"TRAILHEAD","activity_type_list":"No Data","service_type_list":"No Data","seasonal_operational_status":"OPEN","op_status_reason":null,"development_status":"EXISTING","development_scale":"3","total_capacity":0,"fee_charged":"N","fee_type":null,"recarea_name":"Graham Airstrip U45","recarea_description":"GRAHAM AIRSTRIP U45 (Trailhead)","information_center":null,"official_designation":null,"fee_description":null,"operational_hours":null,"open_season":null,"best_season":null,"busiest_season":null,"usage_level":null,"pack_in_out":"N","public_site_name":"Graham Airstrip U45","alternative_name":null,"rec1stop_url":null,"usda_portal_url":null,"important_info":null,"rentals_and_guides":null,"passes":null,"permit_information":null,"restrictions":null,"closest_towns":null,"water_availability":null,"restroom_availability":null,"operated_by":null,"season_description":null,"directions":null,"maximum_elevation":null,"minimum_elevation":" feet","season_name":null,"site_season_start_date":null,"site_season_end_date":null,"max_nbr_people":null,"passes_accepted":null,"latitude":44.643014,"longitude":-115.534178,"infra_last_update":1782842204000,"edw_last_modify":1782877521000,"globalid":"{0ED910DA-DA86-431F-A8FE-16EC29E54402}"}},{"type":"Feature","geometry":{"type":"Point","coordinates":[-116.0855379,48.4194869]},"properties":{"objectid":2785124,"site_cn":"4257415010602","managing_org":"011404","site_id":"170101011702-4001","site_name":"SMITH LAKE TH 156","site_type":"TRAILHEAD","activity_type_list":"No Data","service_type_list":"No Data","seasonal_operational_status":"OPEN","op_status_reason":null,"development_status":"EXISTING","development_scale":"1","total_capacity":3.5,"fee_charged":"N","fee_type":null,"recarea_name":"Smith Lake Th 156","recarea_description":"SMITH LAKE TH 156 (Trailhead)","information_center":null,"official_designation":null,"fee_description":null,"operational_hours":null,"open_season":null,"best_season":null,"busiest_season":null,"usage_level":null,"pack_in_out":"Y","public_site_name":null,"alternative_name":null,"rec1stop_url":null,"usda_portal_url":null,"important_info":null,"rentals_and_guides":null,"passes":null,"permit_information":null,"restrictions":null,"closest_towns":null,"water_availability":null,"restroom_availability":null,"operated_by":null,"season_description":null,"directions":null,"maximum_elevation":null,"minimum_elevation":"5,423 feet","season_name":null,"site_season_start_date":null,"site_season_end_date":null,"max_nbr_people":null,"passes_accepted":null,"latitude":48.41948051,"longitude":-116.0855239,"infra_last_update":1771858856000,"edw_last_modify":1771898902000,"globalid":"{204465EA-7E7D-4825-8EB4-C04F306A3B83}"}},{"type":"Feature","geometry":{"type":"Point","coordinates":[-115.293996,44.4272781]},"properties":{"objectid":2785136,"site_cn":"7423.002731","managing_org":"040205","site_id":"6567","site_name":"BLUEBUNCH / BEAR VALLEY CREEK TH","site_type":"TRAILHEAD","activity_type_list":"No Data","service_type_list":"No Data","seasonal_operational_status":"OPEN","op_status_reason":null,"development_status":"EXISTING","development_scale":"3","total_capacity":25,"fee_charged":"N","fee_type":null,"recarea_name":"Bluebunch / Bear Valley Creek Th","recarea_description":"BLUEBUNCH / BEAR VALLEY CREEK TH (Trailhead)","information_center":null,"official_designation":null,"fee_description":null,"operational_hours":null,"open_season":null,"best_season":null,"busiest_season":null,"usage_level":null,"pack_in_out":"Y","public_site_name":"Bluebunch / Bear Valley Creek Th","alternative_name":null,"rec1stop_url":null,"usda_portal_url":null,"important_info":null,"rentals_and_guides":null,"passes":null,"permit_information":null,"restrictions":null,"closest_towns":null,"water_availability":null,"restroom_availability":null,"operated_by":null,"season_description":null,"directions":null,"maximum_elevation":null,"minimum_elevation":" feet","season_name":null,"site_season_start_date":null,"site_season_end_date":null,"max_nbr_people":null,"passes_accepted":null,"latitude":44.427272,"longitude":-115.293983,"infra_last_update":1782842539000,"edw_last_modify":1782877519000,"globalid":"{B4609A8C-5D88-4B50-8AC0-174E187B5B39}"}},{"type":"Feature","geometry":{"type":"Point","coordinates":[-115.3873129,44.1186061]},"properties":{"objectid":2785137,"site_cn":"7422.002731","managing_org":"040205","site_id":"6582","site_name":"TEN MILE RIDGE TRAILHEAD","site_type":"TRAILHEAD","activity_type_list":"No Data","service_type_list":"No Data","seasonal_operational_status":"OPEN","op_status_reason":null,"development_status":"EXISTING","development_scale":"3","total_capacity":25,"fee_charged":"N","fee_type":null,"recarea_name":"Ten Mile Ridge Trailhead","recarea_description":"TEN MILE RIDGE TRAILHEAD (Trailhead)","information_center":null,"official_designation":null,"fee_description":null,"operational_hours":null,"open_season":null,"best_season":null,"busiest_season":null,"usage_level":null,"pack_in_out":"Y","public_site_name":"Ten Mile Ridge Trailhead","alternative_name":null,"rec1stop_url":null,"usda_portal_url":null,"important_info":null,"rentals_and_guides":null,"passes":null,"permit_information":null,"restrictions":null,"closest_towns":null,"water_availability":null,"restroom_availability":null,"operated_by":null,"season_description":null,"directions":null,"maximum_elevation":null,"minimum_elevation":" feet","season_name":null,"site_season_start_date":null,"site_season_end_date":null,"max_nbr_people":null,"passes_accepted":null,"latitude":44.1186,"longitude":-115.3873,"infra_last_update":1782842563000,"edw_last_modify":1782877519000,"globalid":"{286CA4B2-86D9-46C2-8E0B-32A595342F24}"}},{"type":"Feature","geometry":{"type":"Point","coordinates":[-115.4587369,43.751952]},"properties":{"objectid":2785138,"site_cn":"7409.002731","managing_org":"040201","site_id":"6587","site_name":"SHEEP MOUNTAIN TRAILHEAD","site_type":"TRAILHEAD","activity_type_list":"No Data","service_type_list":"No Data","seasonal_operational_status":"OPEN","op_status_reason":null,"development_status":"EXISTING","development_scale":"2","total_capacity":70,"fee_charged":"N","fee_type":null,"recarea_name":"Sheep Mountain Trailhead","recarea_description":"SHEEP MOUNTAIN TRAILHEAD (Trailhead)","information_center":null,"official_designation":null,"fee_description":null,"operational_hours":null,"open_season":null,"best_season":null,"busiest_season":null,"usage_level":null,"pack_in_out":"Y","public_site_name":null,"alternative_name":null,"rec1stop_url":null,"usda_portal_url":null,"important_info":null,"rentals_and_guides":null,"passes":null,"permit_information":null,"restrictions":null,"closest_towns":null,"water_availability":null,"restroom_availability":null,"operated_by":null,"season_description":null,"directions":null,"maximum_elevation":null,"minimum_elevation":" feet","season_name":null,"site_season_start_date":null,"site_season_end_date":null,"max_nbr_people":null,"passes_accepted":null,"latitude":43.751946,"longitude":-115.45872399999999,"infra_last_update":1771858856000,"edw_last_modify":1771898606000,"globalid":"{D56AFA49-142B-4307-94DB-BCBC305DA8C2}"}},{"type":"Feature","geometry":{"type":"Point","coordinates":[-116.034465,45.5889784]},"properties":{"objectid":2785213,"site_cn":"2920767010602","managing_org":"011701","site_id":"170602090302-004","site_name":"SR9309RD-001","site_type":"TRAILHEAD","activity_type_list":"No Data","service_type_list":"No Data","seasonal_operational_status":"OPEN","op_status_reason":null,"development_status":"EXISTING","development_scale":"1","total_capacity":3.5,"fee_charged":"N","fee_type":null,"recarea_name":"Sr9309rd-001","recarea_description":"SR9309RD-001 (Trailhead)","information_center":null,"official_designation":null,"fee_description":null,"operational_hours":null,"open_season":null,"best_season":null,"busiest_season":null,"usage_level":null,"pack_in_out":"Y","public_site_name":null,"alternative_name":null,"rec1stop_url":null,"usda_portal_url":null,"important_info":null,"rentals_and_guides":null,"passes":null,"permit_information":null,"restrictions":null,"closest_towns":null,"water_availability":null,"restroom_availability":null,"operated_by":null,"season_description":null,"directions":null,"maximum_elevation":null,"minimum_elevation":"5,764 feet","season_name":null,"site_season_start_date":null,"site_season_end_date":null,"max_nbr_people":null,"passes_accepted":null,"latitude":45.58897223,"longitude":-116.0344517,"infra_last_update":1771858858000,"edw_last_modify":1771899111000,"globalid":"{CB10E1B9-DA6E-44B9-9794-040AA921A059}"}},{"type":"Feature","geometry":{"type":"Point","coordinates":[-115.8090422,45.2124771]},"properties":{"objectid":2785232,"site_cn":"6662073010602","managing_org":"041204","site_id":"40812","site_name":"LOON LAKE","site_type":"TRAILHEAD","activity_type_list":"No Data","service_type_list":"No Data","seasonal_operational_status":"OPEN","op_status_reason":null,"development_status":"EXISTING","development_scale":"3","total_capacity":42,"fee_charged":"N","fee_type":null,"recarea_name":"LOON LAKE","recarea_description":"The Loon Lake Trailhead is a popular hiking and mountain biking trail. This loop trail takes you up and down rolling hills, to the shores of scenic Loon Lake, and along the beautiful Sesech River. Many people do this loop as a long day hike, but there are plenty of spots to camp near the lake that make it a great overnight trip.","information_center":null,"official_designation":null,"fee_description":null,"operational_hours":null,"open_season":null,"best_season":null,"busiest_season":null,"usage_level":null,"pack_in_out":"Y","public_site_name":"Loon Lake Trailhead","alternative_name":null,"rec1stop_url":null,"usda_portal_url":null,"important_info":null,"rentals_and_guides":null,"passes":null,"permit_information":null,"restrictions":null,"closest_towns":"McCall, ID","water_availability":"No; drinking water is available at nearby campgrounds","restroom_availability":"Vault toilet(s)","operated_by":"US Forest Service","season_description":null,"directions":"From McCall, take Warren Wagon Road for 35 miles to Forest Service Road 378 toward Chinook Campground. The trailhead is at the end of the road, just past Chinook Campground. The access road is quite rrow, so use caution. Plan for an hour and a half drive time from McCall.","maximum_elevation":null,"minimum_elevation":null,"season_name":null,"site_season_start_date":null,"site_season_end_date":null,"max_nbr_people":null,"passes_accepted":null,"latitude":45.212471,"longitude":-115.809029,"infra_last_update":1759394080000,"edw_last_modify":1759457368000,"globalid":"{9C805DFB-FDD6-4CF5-82B1-2D10DAFEA11F}"}},{"type":"Feature","geometry":{"type":"Point","coordinates":[-111.221197,43.6788874]},"properties":{"objectid":2785339,"site_cn":"6759451010602","managing_org":"041556","site_id":"0533","site_name":"MAHOGANY","site_type":"TRAILHEAD","activity_type_list":"No Data","service_type_list":"No Data","seasonal_operational_status":"OPEN","op_status_reason":null,"development_status":"EXISTING","development_scale":"1","total_capacity":30,"fee_charged":"N","fee_type":null,"recarea_name":"Mahogany","recarea_description":"MAHOGANY (Trailhead)","information_center":null,"official_designation":null,"fee_description":null,"operational_hours":null,"open_season":null,"best_season":null,"busiest_season":null,"usage_level":null,"pack_in_out":"N","public_site_name":null,"alternative_name":null,"rec1stop_url":null,"usda_portal_url":null,"important_info":null,"rentals_and_guides":null,"passes":null,"permit_information":null,"restrictions":null,"closest_towns":null,"water_availability":null,"restroom_availability":null,"operated_by":null,"season_description":null,"directions":null,"maximum_elevation":null,"minimum_elevation":" feet","season_name":null,"site_season_start_date":null,"site_season_end_date":null,"max_nbr_people":null,"passes_accepted":null,"latitude":43.678881000000004,"longitude":-111.221185,"infra_last_update":1771858859000,"edw_last_modify":1771898621000,"globalid":"{9F337359-BD58-41D3-B3E5-D0DCF1A941C8}"}},{"type":"Feature","geometry":{"type":"Point","coordinates":[-114.5141158,44.1321826]},"properties":{"objectid":2785427,"site_cn":"5176.003221","managing_org":"041404","site_id":"34210","site_name":"BIG BOULDER TH","site_type":"TRAILHEAD","activity_type_list":"No Data","service_type_list":"No Data","seasonal_operational_status":"OPEN","op_status_reason":null,"development_status":"EXISTING","development_scale":"3","total_capacity":52.5,"fee_charged":"N","fee_type":null,"recarea_name":"Big Boulder Th","recarea_description":"BIG BOULDER TH (Trailhead)","information_center":null,"official_designation":null,"fee_description":null,"operational_hours":null,"open_season":null,"best_season":null,"busiest_season":null,"usage_level":null,"pack_in_out":"Y","public_site_name":"Big Boulder Th","alternative_name":null,"rec1stop_url":null,"usda_portal_url":null,"important_info":null,"rentals_and_guides":null,"passes":null,"permit_information":null,"restrictions":null,"closest_towns":null,"water_availability":null,"restroom_availability":null,"operated_by":null,"season_description":null,"directions":null,"maximum_elevation":null,"minimum_elevation":" feet","season_name":null,"site_season_start_date":null,"site_season_end_date":null,"max_nbr_people":null,"passes_accepted":null,"latitude":44.13217641,"longitude":-114.51410304,"infra_last_update":1766409790000,"edw_last_modify":1766455496000,"globalid":"{4FCC2045-957A-4774-B8F5-DDCA5C2090AD}"}},{"type":"Feature","geometry":{"type":"Point","coordinates":[-115.5235602,45.5879364]},"properties":{"objectid":2785499,"site_cn":"2920605010602","managing_org":"011705","site_id":"170602070902-006","site_name":"RR311RD-008","site_type":"TRAILHEAD","activity_type_list":"No Data","service_type_list":"No Data","seasonal_operational_status":"OPEN","op_status_reason":null,"development_status":"EXISTING","development_scale":"1","total_capacity":3.5,"fee_charged":"N","fee_type":null,"recarea_name":"Rr311rd-008","recarea_description":"RR311RD-008 (Trailhead)","information_center":null,"official_designation":null,"fee_description":null,"operational_hours":null,"open_season":null,"best_season":null,"busiest_season":null,"usage_level":null,"pack_in_out":"Y","public_site_name":null,"alternative_name":null,"rec1stop_url":null,"usda_portal_url":null,"important_info":null,"rentals_and_guides":null,"passes":null,"permit_information":null,"restrictions":null,"closest_towns":null,"water_availability":null,"restroom_availability":null,"operated_by":null,"season_description":null,"directions":null,"maximum_elevation":null,"minimum_elevation":"6,060 feet","season_name":null,"site_season_start_date":null,"site_season_end_date":null,"max_nbr_people":null,"passes_accepted":null,"latitude":45.58793023,"longitude":-115.523547,"infra_last_update":1771858859000,"edw_last_modify":1771899114000,"globalid":"{371B5450-7A88-4D96-AB26-861B116C4D9A}"}},{"type":"Feature","geometry":{"type":"Point","coordinates":[-115.7744731,44.5256561]},"properties":{"objectid":2785610,"site_cn":"7435.002731","managing_org":"040204","site_id":"6353","site_name":"MIDDLE FORK PAYETTE TRAILHEAD","site_type":"TRAILHEAD","activity_type_list":"No Data","service_type_list":"No Data","seasonal_operational_status":"OPEN","op_status_reason":null,"development_status":"EXISTING","development_scale":"0","total_capacity":25,"fee_charged":"N","fee_type":null,"recarea_name":"Middle Fork Payette Trailhead","recarea_description":"MIDDLE FORK PAYETTE TRAILHEAD (Trailhead)","information_center":null,"official_designation":null,"fee_description":null,"operational_hours":null,"open_season":null,"best_season":null,"busiest_season":null,"usage_level":null,"pack_in_out":"Y","public_site_name":null,"alternative_name":null,"rec1stop_url":null,"usda_portal_url":null,"important_info":null,"rentals_and_guides":null,"passes":null,"permit_information":null,"restrictions":null,"closest_towns":null,"water_availability":null,"restroom_availability":null,"operated_by":null,"season_description":null,"directions":null,"maximum_elevation":null,"minimum_elevation":" feet","season_name":null,"site_season_start_date":null,"site_season_end_date":null,"max_nbr_people":null,"passes_accepted":null,"latitude":44.52565,"longitude":-115.77446,"infra_last_update":1771858857000,"edw_last_modify":1771898605000,"globalid":"{A39D93BC-2971-4411-A5FE-D4E4131D3196}"}},{"type":"Feature","geometry":{"type":"Point","coordinates":[-115.5892869,43.567103]},"properties":{"objectid":2785613,"site_cn":"7410.002731","managing_org":"040201","site_id":"6588","site_name":"LOWER LAVA MOUNTAIN TRAILHEAD","site_type":"TRAILHEAD","activity_type_list":"No Data","service_type_list":"No Data","seasonal_operational_status":"OPEN","op_status_reason":null,"development_status":"EXISTING","development_scale":"2","total_capacity":35,"fee_charged":"N","fee_type":null,"recarea_name":"LOWER LAVA MOUNTAIN TRAILHEAD","recarea_description":"From the eastern trailhead, two lakes are within easy reach by day hikes.","information_center":null,"official_designation":null,"fee_description":"No fees are required for this site","operational_hours":"End of May - End of September Unless closed by snow","open_season":null,"best_season":null,"busiest_season":null,"usage_level":null,"pack_in_out":"Y","public_site_name":"Lava Mountain Trail","alternative_name":null,"rec1stop_url":null,"usda_portal_url":"www.fs.usda.gov/recarea/asnf/recreation/recarea/?recid=5111","important_info":null,"rentals_and_guides":null,"passes":null,"permit_information":null,"restrictions":null,"closest_towns":"Mountain Home, ID","water_availability":"No water is available","restroom_availability":"No restroom available","operated_by":"US Forest Service","season_description":null,"directions":"rom Mountain Home, take State Highway 20 east, past Little Camas Reservoir about 9 miles, to Forest Highway 61.  Turn left onto Forest Highway 61 and travel north about 19 miles to Pine and Forest Service (FS) road 128.  Turn left onto FS road 128 and travel about 13 miles to FS road 129.  Turn right onto FS road 129 and drive about 9 miles to a switchback below Trinity Lookout.  The signed trailhead is on the north side of this switchback.","maximum_elevation":null,"minimum_elevation":null,"season_name":null,"site_season_start_date":null,"site_season_end_date":null,"max_nbr_people":null,"passes_accepted":null,"latitude":43.567097,"longitude":-115.589274,"infra_last_update":1753975084000,"edw_last_modify":1754013953000,"globalid":"{41962C37-8D9B-411F-BBD4-4C4DFDC4784B}"}},{"type":"Feature","geometry":{"type":"Point","coordinates":[-115.1084918,43.8132621]},"properties":{"objectid":2785682,"site_cn":"7481.002731","managing_org":"040203","site_id":"6193","site_name":"POWERPLANT/MIDDLE FORK TRAILHEAD","site_type":"TRAILHEAD","activity_type_list":"No Data","service_type_list":"No Data","seasonal_operational_status":"OPEN","op_status_reason":null,"development_status":"EXISTING","development_scale":"3","total_capacity":35,"fee_charged":"N","fee_type":null,"recarea_name":"POWERPLANT/MIDDLE FORK TRAILHEAD","recarea_description":"POWERPLANT/MIDDLE FORK TRAILHEAD","information_center":null,"official_designation":null,"fee_description":"No fees are required for this site","operational_hours":null,"open_season":null,"best_season":null,"busiest_season":null,"usage_level":null,"pack_in_out":"Y","public_site_name":"Powerplant/Middle Fork Trailhead","alternative_name":null,"rec1stop_url":null,"usda_portal_url":null,"important_info":null,"rentals_and_guides":null,"passes":null,"permit_information":null,"restrictions":null,"closest_towns":null,"water_availability":"no","restroom_availability":"Vault toilet(s)","operated_by":null,"season_description":null,"directions":null,"maximum_elevation":null,"minimum_elevation":null,"season_name":null,"site_season_start_date":null,"site_season_end_date":null,"max_nbr_people":null,"passes_accepted":null,"latitude":43.813256,"longitude":-115.108479,"infra_last_update":1753975084000,"edw_last_modify":1754013952000,"globalid":"{6F5DB756-36C6-45DB-8C38-5B6B4C70A612}"}},{"type":"Feature","geometry":{"type":"Point","coordinates":[-114.8710355,43.9844295]},"properties":{"objectid":2785771,"site_cn":"5705.003221","managing_org":"041404","site_id":"40058","site_name":"TIN CUP HIKER TRAILHEAD","site_type":"TRAILHEAD","activity_type_list":"No Data","service_type_list":"No Data","seasonal_operational_status":"OPEN","op_status_reason":null,"development_status":"EXISTING","development_scale":"3","total_capacity":189,"fee_charged":"N","fee_type":null,"recarea_name":"Tin Cup Hiker Trailhead","recarea_description":"TIN CUP HIKER TRAILHEAD (Trailhead)","information_center":null,"official_designation":null,"fee_description":null,"operational_hours":null,"open_season":null,"best_season":null,"busiest_season":null,"usage_level":null,"pack_in_out":"N","public_site_name":"Tin Cup Hiker Trailhead","alternative_name":null,"rec1stop_url":null,"usda_portal_url":null,"important_info":null,"rentals_and_guides":null,"passes":null,"permit_information":null,"restrictions":null,"closest_towns":null,"water_availability":null,"restroom_availability":null,"operated_by":null,"season_description":null,"directions":null,"maximum_elevation":null,"minimum_elevation":" feet","season_name":null,"site_season_start_date":null,"site_season_end_date":null,"max_nbr_people":null,"passes_accepted":null,"latitude":43.98442337,"longitude":-114.87102270999999,"infra_last_update":1783346319000,"edw_last_modify":1783392559000,"globalid":"{5BBFA932-6566-45BB-95FF-336AA4BFF9E1}"}},{"type":"Feature","geometry":{"type":"Point","coordinates":[-115.0660921,45.8989981]},"properties":{"objectid":2785798,"site_cn":"3893635010602","managing_org":"011705","site_id":"170603020302-002","site_name":"NF285RD-002","site_type":"TRAILHEAD","activity_type_list":"No Data","service_type_list":"No Data","seasonal_operational_status":"OPEN","op_status_reason":null,"development_status":"EXISTING","development_scale":"1","total_capacity":3.5,"fee_charged":"N","fee_type":null,"recarea_name":"Nf285rd-002","recarea_description":"NF285RD-002 (Trailhead)","information_center":null,"official_designation":null,"fee_description":null,"operational_hours":null,"open_season":null,"best_season":null,"busiest_season":null,"usage_level":null,"pack_in_out":"Y","public_site_name":null,"alternative_name":null,"rec1stop_url":null,"usda_portal_url":null,"important_info":null,"rentals_and_guides":null,"passes":null,"permit_information":null,"restrictions":null,"closest_towns":null,"water_availability":null,"restroom_availability":null,"operated_by":null,"season_description":null,"directions":null,"maximum_elevation":null,"minimum_elevation":"6,893 feet","season_name":null,"site_season_start_date":null,"site_season_end_date":null,"max_nbr_people":null,"passes_accepted":null,"latitude":45.89899184,"longitude":-115.06607892000001,"infra_last_update":1771858859000,"edw_last_modify":1771898960000,"globalid":"{235ED637-0930-4DD4-9F74-C82693C04EA8}"}},{"type":"Feature","geometry":{"type":"Point","coordinates":[-116.6025259,46.9885197]},"properties":{"objectid":2785936,"site_cn":"2920511010602","managing_org":"011752","site_id":"170601080102-008","site_name":"PAL1427RD-001","site_type":"TRAILHEAD","activity_type_list":"No Data","service_type_list":"No Data","seasonal_operational_status":"OPEN","op_status_reason":null,"development_status":"EXISTING","development_scale":"1","total_capacity":3.5,"fee_charged":"N","fee_type":null,"recarea_name":"Pal1427rd-001","recarea_description":"PAL1427RD-001 (Trailhead)","information_center":null,"official_designation":null,"fee_description":null,"operational_hours":null,"open_season":null,"best_season":null,"busiest_season":null,"usage_level":null,"pack_in_out":"Y","public_site_name":"Pal1427rd-001","alternative_name":null,"rec1stop_url":null,"usda_portal_url":null,"important_info":null,"rentals_and_guides":null,"passes":null,"permit_information":null,"restrictions":null,"closest_towns":null,"water_availability":null,"restroom_availability":null,"operated_by":null,"season_description":null,"directions":null,"maximum_elevation":null,"minimum_elevation":"3,084 feet","season_name":null,"site_season_start_date":null,"site_season_end_date":null,"max_nbr_people":null,"passes_accepted":null,"latitude":46.98851347,"longitude":-116.6025122,"infra_last_update":1675950113000,"edw_last_modify":1744204350000,"globalid":"{73B6675D-DAE0-4F27-BD2F-CECCAAEE58A2}"}},{"type":"Feature","geometry":{"type":"Point","coordinates":[-115.7925536,47.0806563]},"properties":{"objectid":2785937,"site_cn":"10623010359","managing_org":"010404","site_id":"2135","site_name":"TRAIL 50","site_type":"TRAILHEAD","activity_type_list":"No Data","service_type_list":"No Data","seasonal_operational_status":"OPEN","op_status_reason":null,"development_status":"EXISTING","development_scale":"3","total_capacity":25,"fee_charged":"N","fee_type":null,"recarea_name":"TRAIL 50","recarea_description":"TRAIL 50","information_center":null,"official_designation":null,"fee_description":"No fees are required for this site","operational_hours":"Open 24 hours/day","open_season":null,"best_season":null,"busiest_season":null,"usage_level":null,"pack_in_out":"Y","public_site_name":"Trail 50 Trailhead","alternative_name":null,"rec1stop_url":null,"usda_portal_url":null,"important_info":null,"rentals_and_guides":null,"passes":null,"permit_information":null,"restrictions":null,"closest_towns":"Mullan, ID","water_availability":null,"restroom_availability":null,"operated_by":"US Forest Service","season_description":null,"directions":null,"maximum_elevation":null,"minimum_elevation":null,"season_name":null,"site_season_start_date":null,"site_season_end_date":null,"max_nbr_people":null,"passes_accepted":null,"latitude":47.08065,"longitude":-115.79254,"infra_last_update":1766409749000,"edw_last_modify":1766455615000,"globalid":"{BA356FE1-9C32-4B5C-9BDA-9754530AE4BA}"}},{"type":"Feature","geometry":{"type":"Point","coordinates":[-116.1471141,48.9711064]},"properties":{"objectid":2785959,"site_cn":"5189.000331","managing_org":"010407","site_id":"1549","site_name":"COPPER CREEK FALLS","site_type":"TRAILHEAD","activity_type_list":"No Data","service_type_list":"No Data","seasonal_operational_status":"OPEN","op_status_reason":null,"development_status":"EXISTING","development_scale":"3","total_capacity":17,"fee_charged":"N","fee_type":null,"recarea_name":"COPPER CREEK FALLS","recarea_description":"Copper Falls viewpoint trail is 1.5 miles east of Copper Creek Campground on Copper Falls Road #2517. There is fishing access to the Moyie River.","information_center":null,"official_designation":null,"fee_description":"No fees are required for this site","operational_hours":"Open 24 hours/day","open_season":null,"best_season":null,"busiest_season":null,"usage_level":null,"pack_in_out":"N","public_site_name":"Copper Creek Falls Trailhead","alternative_name":null,"rec1stop_url":null,"usda_portal_url":null,"important_info":null,"rentals_and_guides":null,"passes":null,"permit_information":null,"restrictions":null,"closest_towns":"Eastport, Idaho","water_availability":null,"restroom_availability":null,"operated_by":"US Forest Service","season_description":null,"directions":null,"maximum_elevation":null,"minimum_elevation":null,"season_name":null,"site_season_start_date":null,"site_season_end_date":null,"max_nbr_people":null,"passes_accepted":null,"latitude":48.9711,"longitude":-116.1471,"infra_last_update":1766409781000,"edw_last_modify":1766455492000,"globalid":"{C3340834-BECC-46D2-89B7-BDE9DB1C984A}"}},{"type":"Feature","geometry":{"type":"Point","coordinates":[-115.1216853,44.9617867]},"properties":{"objectid":2786059,"site_cn":"6431220010602","managing_org":"041206","site_id":"60147","site_name":"LOOKOUT MOUNTAIN","site_type":"TRAILHEAD","activity_type_list":"No Data","service_type_list":"No Data","seasonal_operational_status":"OPEN","op_status_reason":null,"development_status":"EXISTING","development_scale":"1","total_capacity":21,"fee_charged":"N","fee_type":null,"recarea_name":"Lookout Mountain","recarea_description":"LOOKOUT MOUNTAIN (Trailhead)","information_center":null,"official_designation":null,"fee_description":null,"operational_hours":null,"open_season":null,"best_season":null,"busiest_season":null,"usage_level":null,"pack_in_out":"Y","public_site_name":null,"alternative_name":null,"rec1stop_url":null,"usda_portal_url":null,"important_info":null,"rentals_and_guides":null,"passes":null,"permit_information":null,"restrictions":null,"closest_towns":null,"water_availability":null,"restroom_availability":null,"operated_by":null,"season_description":null,"directions":null,"maximum_elevation":null,"minimum_elevation":" feet","season_name":null,"site_season_start_date":null,"site_season_end_date":null,"max_nbr_people":null,"passes_accepted":null,"latitude":44.96178056,"longitude":-115.1216722,"infra_last_update":1771858858000,"edw_last_modify":1771898635000,"globalid":"{9FE5C459-60D6-4887-969A-7FB927EAB568}"}},{"type":"Feature","geometry":{"type":"Point","coordinates":[-114.7774065,45.7791846]},"properties":{"objectid":2786063,"site_cn":"4381274010602","managing_org":"010304","site_id":"170603010403-005","site_name":"SPOT MT TRAILHEAD","site_type":"TRAILHEAD","activity_type_list":"No Data","service_type_list":"No Data","seasonal_operational_status":"OPEN","op_status_reason":null,"development_status":"EXISTING","development_scale":"1","total_capacity":0,"fee_charged":"N","fee_type":null,"recarea_name":"Spot Mt Trailhead","recarea_description":"SPOT MT TRAILHEAD (Trailhead)","information_center":null,"official_designation":null,"fee_description":null,"operational_hours":null,"open_season":null,"best_season":null,"busiest_season":null,"usage_level":null,"pack_in_out":"N","public_site_name":"Spot Mt Trailhead","alternative_name":null,"rec1stop_url":null,"usda_portal_url":null,"important_info":null,"rentals_and_guides":null,"passes":null,"permit_information":null,"restrictions":null,"closest_towns":null,"water_availability":null,"restroom_availability":null,"operated_by":null,"season_description":null,"directions":null,"maximum_elevation":null,"minimum_elevation":" feet","season_name":null,"site_season_start_date":null,"site_season_end_date":null,"max_nbr_people":null,"passes_accepted":null,"latitude":45.77917833,"longitude":-114.77739333,"infra_last_update":1592720569000,"edw_last_modify":1744204350000,"globalid":"{89EA176B-8B82-4453-BE41-B3F4F5E75C06}"}},{"type":"Feature","geometry":{"type":"Point","coordinates":[-111.8438037,44.5093923]},"properties":{"objectid":2786148,"site_cn":"12258010495","managing_org":"041551","site_id":"0105","site_name":"ALDOUS LAKE TRAILHEAD","site_type":"TRAILHEAD","activity_type_list":"No Data","service_type_list":"No Data","seasonal_operational_status":"OPEN","op_status_reason":null,"development_status":"EXISTING","development_scale":"3","total_capacity":50,"fee_charged":"N","fee_type":null,"recarea_name":"ALDOUS LAKE TRAILHEAD","recarea_description":"Non motorized Trailhead","information_center":null,"official_designation":null,"fee_description":"No fees are required for this site","operational_hours":"Day use only; no overnight camping allowed","open_season":null,"best_season":null,"busiest_season":null,"usage_level":null,"pack_in_out":"Y","public_site_name":"Aldous Lake Trailhead","alternative_name":null,"rec1stop_url":null,"usda_portal_url":"https://www.fs.usda.gov/recarea/ctnf/recreation/recarea/?recid=53673&actid=50","important_info":null,"rentals_and_guides":null,"passes":null,"permit_information":null,"restrictions":null,"closest_towns":"Dubois, Idaho","water_availability":"No water is available","restroom_availability":"No restroom available","operated_by":"US Forest Service","season_description":null,"directions":"Take FS Rd #027 to the trailhead.","maximum_elevation":null,"minimum_elevation":null,"season_name":null,"site_season_start_date":null,"site_season_end_date":null,"max_nbr_people":null,"passes_accepted":null,"latitude":44.50938586,"longitude":-111.8437914,"infra_last_update":1753975087000,"edw_last_modify":1754014282000,"globalid":"{6E216A8E-D4EF-44DD-8D75-7A1FEDEBAF45}"}},{"type":"Feature","geometry":{"type":"Point","coordinates":[-111.071011,43.5590464]},"properties":{"objectid":2786173,"site_cn":"6586758010602","managing_org":"041556","site_id":"0513","site_name":"MIKE HARRIS TRAILHEAD","site_type":"TRAILHEAD","activity_type_list":"No Data","service_type_list":"No Data","seasonal_operational_status":"OPEN","op_status_reason":null,"development_status":"EXISTING","development_scale":"3","total_capacity":50,"fee_charged":"N","fee_type":null,"recarea_name":"MIKE HARRIS TRAILHEAD","recarea_description":"Non motorized Trailhead","information_center":null,"official_designation":null,"fee_description":"No fees are required for this site","operational_hours":"Day use only; no overnight camping allowed","open_season":null,"best_season":null,"busiest_season":null,"usage_level":null,"pack_in_out":"N","public_site_name":"Mike Harris Trailhead","alternative_name":null,"rec1stop_url":null,"usda_portal_url":null,"important_info":null,"rentals_and_guides":null,"passes":null,"permit_information":null,"restrictions":null,"closest_towns":"Victor, Idaho","water_availability":"No water is available","restroom_availability":"Vault toilet(s)","operated_by":"US Forest Service","season_description":null,"directions":"The trailhead is located 5 miles South East of Victor, ID on Idaho State Highway 33.","maximum_elevation":null,"minimum_elevation":null,"season_name":null,"site_season_start_date":null,"site_season_end_date":null,"max_nbr_people":null,"passes_accepted":null,"latitude":43.559039999999996,"longitude":-111.070999,"infra_last_update":1753975087000,"edw_last_modify":1754013968000,"globalid":"{136A7462-47E0-473A-AD76-833E71B7B94D}"}},{"type":"Feature","geometry":{"type":"Point","coordinates":[-114.8828128,43.9972061]},"properties":{"objectid":2786310,"site_cn":"12437010560","managing_org":"041404","site_id":"40006","site_name":"YELLOW BELLY LAKE TRAILHEAD","site_type":"TRAILHEAD","activity_type_list":"No Data","service_type_list":"No Data","seasonal_operational_status":"OPEN","op_status_reason":null,"development_status":"EXISTING","development_scale":"3","total_capacity":28,"fee_charged":"N","fee_type":null,"recarea_name":"Yellow Belly Lake Trailhead","recarea_description":"YELLOW BELLY LAKE TRAILHEAD (Trailhead)","information_center":null,"official_designation":null,"fee_description":null,"operational_hours":null,"open_season":null,"best_season":null,"busiest_season":null,"usage_level":null,"pack_in_out":"Y","public_site_name":"Yellow Belly Lake Trailhead","alternative_name":null,"rec1stop_url":null,"usda_portal_url":null,"important_info":null,"rentals_and_guides":null,"passes":null,"permit_information":null,"restrictions":null,"closest_towns":null,"water_availability":null,"restroom_availability":null,"operated_by":null,"season_description":null,"directions":null,"maximum_elevation":null,"minimum_elevation":" feet","season_name":null,"site_season_start_date":null,"site_season_end_date":null,"max_nbr_people":null,"passes_accepted":null,"latitude":43.9972,"longitude":-114.8828,"infra_last_update":1783346196000,"edw_last_modify":1783392572000,"globalid":"{346164EA-4784-4BC6-806B-0C2E48F8289D}"}},{"type":"Feature","geometry":{"type":"Point","coordinates":[-111.208676,43.6068514]},"properties":{"objectid":2786545,"site_cn":"6759445010602","managing_org":"041556","site_id":"0530","site_name":"GROVE","site_type":"TRAILHEAD","activity_type_list":"No Data","service_type_list":"No Data","seasonal_operational_status":"OPEN","op_status_reason":null,"development_status":"EXISTING","development_scale":"0","total_capacity":15,"fee_charged":"N","fee_type":null,"recarea_name":"Grove","recarea_description":"GROVE (Trailhead)","information_center":null,"official_designation":null,"fee_description":null,"operational_hours":null,"open_season":null,"best_season":null,"busiest_season":null,"usage_level":null,"pack_in_out":"N","public_site_name":null,"alternative_name":null,"rec1stop_url":null,"usda_portal_url":null,"important_info":null,"rentals_and_guides":null,"passes":null,"permit_information":null,"restrictions":null,"closest_towns":null,"water_availability":null,"restroom_availability":null,"operated_by":null,"season_description":null,"directions":null,"maximum_elevation":null,"minimum_elevation":" feet","season_name":null,"site_season_start_date":null,"site_season_end_date":null,"max_nbr_people":null,"passes_accepted":null,"latitude":43.606845,"longitude":-111.208664,"infra_last_update":1771858859000,"edw_last_modify":1771898621000,"globalid":"{A595FC58-C93D-4370-A2BA-EC62E7AD2EBC}"}},{"type":"Feature","geometry":{"type":"Point","coordinates":[-115.6358294,45.8624438]},"properties":{"objectid":2786630,"site_cn":"2921193010602","managing_org":"011705","site_id":"170603050402-005","site_name":"RR440ARD-001","site_type":"TRAILHEAD","activity_type_list":"No Data","service_type_list":"No Data","seasonal_operational_status":"OPEN","op_status_reason":null,"development_status":"EXISTING","development_scale":"1","total_capacity":3.5,"fee_charged":"N","fee_type":null,"recarea_name":"Rr440ard-001","recarea_description":"RR440ARD-001 (Trailhead)","information_center":null,"official_designation":null,"fee_description":null,"operational_hours":null,"open_season":null,"best_season":null,"busiest_season":null,"usage_level":null,"pack_in_out":"Y","public_site_name":null,"alternative_name":null,"rec1stop_url":null,"usda_portal_url":null,"important_info":null,"rentals_and_guides":null,"passes":null,"permit_information":null,"restrictions":null,"closest_towns":null,"water_availability":null,"restroom_availability":null,"operated_by":null,"season_description":null,"directions":null,"maximum_elevation":null,"minimum_elevation":"4,019 feet","season_name":null,"site_season_start_date":null,"site_season_end_date":null,"max_nbr_people":null,"passes_accepted":null,"latitude":45.86243761,"longitude":-115.6358161,"infra_last_update":1771858857000,"edw_last_modify":1771899102000,"globalid":"{1E39AAD6-61EE-4EFD-808E-63CD0ACC0311}"}},{"type":"Feature","geometry":{"type":"Point","coordinates":[-116.5782444,45.102313]},"properties":{"objectid":2786649,"site_cn":"12887.003141","managing_org":"041201","site_id":"10112","site_name":"BEAR CREEK","site_type":"TRAILHEAD","activity_type_list":"No Data","service_type_list":"No Data","seasonal_operational_status":"OPEN","op_status_reason":null,"development_status":"EXISTING","development_scale":"2","total_capacity":30,"fee_charged":"N","fee_type":null,"recarea_name":"Bear Creek","recarea_description":"BEAR CREEK (Trailhead)","information_center":null,"official_designation":null,"fee_description":null,"operational_hours":null,"open_season":null,"best_season":null,"busiest_season":null,"usage_level":null,"pack_in_out":"Y","public_site_name":"Bear Creek","alternative_name":null,"rec1stop_url":null,"usda_portal_url":null,"important_info":null,"rentals_and_guides":null,"passes":null,"permit_information":null,"restrictions":null,"closest_towns":null,"water_availability":null,"restroom_availability":"Vault Toilet","operated_by":null,"season_description":null,"directions":null,"maximum_elevation":null,"minimum_elevation":" feet","season_name":null,"site_season_start_date":null,"site_season_end_date":null,"max_nbr_people":null,"passes_accepted":null,"latitude":45.102306999999996,"longitude":-116.578231,"infra_last_update":1766410752000,"edw_last_modify":1766455601000,"globalid":"{10E6F0CC-1C7D-4884-9BCD-0D287C4E3F0F}"}},{"type":"Feature","geometry":{"type":"Point","coordinates":[-115.071013,44.5710061]},"properties":{"objectid":2786714,"site_cn":"5033.002901","managing_org":"041306","site_id":"62300","site_name":"RAPID RIVER TRAILHEAD","site_type":"TRAILHEAD","activity_type_list":"No Data","service_type_list":"No Data","seasonal_operational_status":"OPEN","op_status_reason":null,"development_status":"EXISTING","development_scale":"2","total_capacity":30.5,"fee_charged":"N","fee_type":null,"recarea_name":"Rapid River Trailhead","recarea_description":"RAPID RIVER TRAILHEAD (Trailhead)","information_center":null,"official_designation":null,"fee_description":null,"operational_hours":null,"open_season":null,"best_season":null,"busiest_season":null,"usage_level":null,"pack_in_out":"Y","public_site_name":"Rapid River Trailhead","alternative_name":null,"rec1stop_url":null,"usda_portal_url":null,"important_info":null,"rentals_and_guides":null,"passes":null,"permit_information":null,"restrictions":null,"closest_towns":null,"water_availability":null,"restroom_availability":null,"operated_by":null,"season_description":null,"directions":null,"maximum_elevation":null,"minimum_elevation":" feet","season_name":null,"site_season_start_date":null,"site_season_end_date":null,"max_nbr_people":null,"passes_accepted":null,"latitude":44.571,"longitude":-115.071,"infra_last_update":1744209502000,"edw_last_modify":1744252567000,"globalid":"{4E61FCC4-9AF0-4A5F-B051-A1F792AF637C}"}},{"type":"Feature","geometry":{"type":"Point","coordinates":[-114.8092127,43.4778661]},"properties":{"objectid":2786910,"site_cn":"13286010560","managing_org":"041405","site_id":"50030","site_name":"OWENS CREEK TH","site_type":"TRAILHEAD","activity_type_list":"No Data","service_type_list":"No Data","seasonal_operational_status":"OPEN","op_status_reason":null,"development_status":"EXISTING","development_scale":"2","total_capacity":56,"fee_charged":"N","fee_type":null,"recarea_name":"Owens Creek Th","recarea_description":"OWENS CREEK TH (Trailhead)","information_center":null,"official_designation":null,"fee_description":null,"operational_hours":null,"open_season":null,"best_season":null,"busiest_season":null,"usage_level":null,"pack_in_out":"Y","public_site_name":null,"alternative_name":null,"rec1stop_url":null,"usda_portal_url":null,"important_info":null,"rentals_and_guides":null,"passes":null,"permit_information":null,"restrictions":null,"closest_towns":null,"water_availability":null,"restroom_availability":null,"operated_by":null,"season_description":null,"directions":null,"maximum_elevation":null,"minimum_elevation":"5,720 feet","season_name":null,"site_season_start_date":null,"site_season_end_date":null,"max_nbr_people":null,"passes_accepted":null,"latitude":43.47786,"longitude":-114.8092,"infra_last_update":1771858856000,"edw_last_modify":1771899185000,"globalid":"{9EE6B0DD-4953-4485-93BD-0943AD447A56}"}},{"type":"Feature","geometry":{"type":"Point","coordinates":[-116.1553781,48.3833511]},"properties":{"objectid":2786921,"site_cn":"4258563010602","managing_org":"010407","site_id":"170102131201-09A","site_name":"UPPER LIGHTNING-9A","site_type":"TRAILHEAD","activity_type_list":"No Data","service_type_list":"No Data","seasonal_operational_status":"OPEN","op_status_reason":null,"development_status":"EXISTING","development_scale":"1","total_capacity":3.5,"fee_charged":"N","fee_type":null,"recarea_name":"Upper Lightning-9a","recarea_description":"UPPER LIGHTNING-9A (Trailhead)","information_center":null,"official_designation":null,"fee_description":null,"operational_hours":null,"open_season":null,"best_season":null,"busiest_season":null,"usage_level":null,"pack_in_out":"Y","public_site_name":null,"alternative_name":null,"rec1stop_url":null,"usda_portal_url":null,"important_info":null,"rentals_and_guides":null,"passes":null,"permit_information":null,"restrictions":null,"closest_towns":null,"water_availability":null,"restroom_availability":null,"operated_by":null,"season_description":null,"directions":null,"maximum_elevation":null,"minimum_elevation":"4,587 feet","season_name":null,"site_season_start_date":null,"site_season_end_date":null,"max_nbr_people":null,"passes_accepted":null,"latitude":48.38334474,"longitude":-116.1553641,"infra_last_update":1771858854000,"edw_last_modify":1771898885000,"globalid":"{CA965C81-9A8C-4777-A080-54B915D4580C}"}},{"type":"Feature","geometry":{"type":"Point","coordinates":[-115.6586133,45.7609062]},"properties":{"objectid":2786928,"site_cn":"5780.000961","managing_org":"011705","site_id":"2122","site_name":"TEN MILE","site_type":"TRAILHEAD","activity_type_list":"No Data","service_type_list":"No Data","seasonal_operational_status":"OPEN","op_status_reason":null,"development_status":"EXISTING","development_scale":"2","total_capacity":18,"fee_charged":"N","fee_type":null,"recarea_name":"Ten Mile","recarea_description":"TEN MILE (Trailhead)","information_center":null,"official_designation":null,"fee_description":null,"operational_hours":null,"open_season":null,"best_season":null,"busiest_season":null,"usage_level":null,"pack_in_out":"Y","public_site_name":null,"alternative_name":null,"rec1stop_url":null,"usda_portal_url":null,"important_info":null,"rentals_and_guides":null,"passes":null,"permit_information":null,"restrictions":null,"closest_towns":null,"water_availability":null,"restroom_availability":null,"operated_by":null,"season_description":null,"directions":null,"maximum_elevation":null,"minimum_elevation":" feet","season_name":null,"site_season_start_date":null,"site_season_end_date":null,"max_nbr_people":null,"passes_accepted":null,"latitude":45.7609,"longitude":-115.6586,"infra_last_update":1771858858000,"edw_last_modify":1771898651000,"globalid":"{ED1BEA67-2013-44D3-837A-13D160C873FE}"}},{"type":"Feature","geometry":{"type":"Point","coordinates":[-114.6580028,44.0464949]},"properties":{"objectid":2786944,"site_cn":"5178.003221","managing_org":"041404","site_id":"34804","site_name":"4TH OF JULY TH","site_type":"TRAILHEAD","activity_type_list":"No Data","service_type_list":"No Data","seasonal_operational_status":"OPEN","op_status_reason":null,"development_status":"EXISTING","development_scale":"3","total_capacity":80.5,"fee_charged":"N","fee_type":null,"recarea_name":"4th Of July Th","recarea_description":"4TH OF JULY TH (Trailhead)","information_center":null,"official_designation":null,"fee_description":null,"operational_hours":null,"open_season":null,"best_season":null,"busiest_season":null,"usage_level":null,"pack_in_out":"Y","public_site_name":"4th Of July Th","alternative_name":null,"rec1stop_url":null,"usda_portal_url":null,"important_info":null,"rentals_and_guides":null,"passes":null,"permit_information":null,"restrictions":null,"closest_towns":null,"water_availability":null,"restroom_availability":null,"operated_by":null,"season_description":null,"directions":null,"maximum_elevation":null,"minimum_elevation":" feet","season_name":null,"site_season_start_date":null,"site_season_end_date":null,"max_nbr_people":null,"passes_accepted":null,"latitude":44.0464888,"longitude":-114.65799,"infra_last_update":1640181883000,"edw_last_modify":1744204353000,"globalid":"{195CB122-575B-4809-AF5F-E5CC5DBF0F37}"}},{"type":"Feature","geometry":{"type":"Point","coordinates":[-114.2618124,42.166406]},"properties":{"objectid":2786951,"site_cn":"12213010560","managing_org":"041401","site_id":"20003","site_name":"PORCUPINE TRAILHEAD","site_type":"TRAILHEAD","activity_type_list":"No Data","service_type_list":"No Data","seasonal_operational_status":"OPEN","op_status_reason":null,"development_status":"EXISTING","development_scale":"3","total_capacity":200,"fee_charged":"N","fee_type":null,"recarea_name":"PORCUPINE TRAILHEAD","recarea_description":"PORCUPINE TRAILHEAD","information_center":null,"official_designation":null,"fee_description":"No fees are required for this site","operational_hours":null,"open_season":null,"best_season":null,"busiest_season":null,"usage_level":null,"pack_in_out":"Y","public_site_name":"Porcupine Trailhead","alternative_name":null,"rec1stop_url":null,"usda_portal_url":"https://www.fs.usda.gov/recarea/sawtooth/recreation/recarea/?recid=5781","important_info":null,"rentals_and_guides":null,"passes":null,"permit_information":null,"restrictions":null,"closest_towns":null,"water_availability":"Yes, drinking water is available from faucets","restroom_availability":"Vault toilet(s)","operated_by":"US Forest Service","season_description":null,"directions":"From Twin Falls, go east 8 miles on ID 50 and US 30, then south 30 miles on Rock Creek Road (County Road G3/Forest Road #515)","maximum_elevation":null,"minimum_elevation":null,"season_name":null,"site_season_start_date":null,"site_season_end_date":null,"max_nbr_people":null,"passes_accepted":null,"latitude":42.1664,"longitude":-114.2618,"infra_last_update":1753975087000,"edw_last_modify":1754014282000,"globalid":"{809F2E86-3AD6-4D15-8538-13E07059C83A}"}},{"type":"Feature","geometry":{"type":"Point","coordinates":[-115.4036431,44.8324861]},"properties":{"objectid":2786974,"site_cn":"7155.002731","managing_org":"040204","site_id":"6549","site_name":"THUNDER MOUNTAIN ROAD/RIORDAN TRAILHEAD","site_type":"TRAILHEAD","activity_type_list":"No Data","service_type_list":"No Data","seasonal_operational_status":"OPEN","op_status_reason":null,"development_status":"EXISTING","development_scale":"1","total_capacity":25,"fee_charged":"N","fee_type":null,"recarea_name":"Thunder Mountain Road/Riordan Trailhead","recarea_description":"THUNDER MOUNTAIN ROAD/RIORDAN TRAILHEAD (Trailhead)","information_center":null,"official_designation":null,"fee_description":null,"operational_hours":null,"open_season":null,"best_season":null,"busiest_season":null,"usage_level":null,"pack_in_out":"Y","public_site_name":null,"alternative_name":null,"rec1stop_url":null,"usda_portal_url":null,"important_info":null,"rentals_and_guides":null,"passes":null,"permit_information":null,"restrictions":null,"closest_towns":null,"water_availability":null,"restroom_availability":null,"operated_by":null,"season_description":null,"directions":null,"maximum_elevation":null,"minimum_elevation":" feet","season_name":null,"site_season_start_date":null,"site_season_end_date":null,"max_nbr_people":null,"passes_accepted":null,"latitude":44.83248,"longitude":-115.40362999999999,"infra_last_update":1771858855000,"edw_last_modify":1771898610000,"globalid":"{41F66167-85D9-4A53-B23E-3FD14FEA8E4C}"}},{"type":"Feature","geometry":{"type":"Point","coordinates":[-116.0426479,45.6907973]},"properties":{"objectid":2787077,"site_cn":"2921311010602","managing_org":"011701","site_id":"170603050701-014","site_name":"CW221RD-019","site_type":"TRAILHEAD","activity_type_list":"No Data","service_type_list":"No Data","seasonal_operational_status":"OPEN","op_status_reason":null,"development_status":"EXISTING","development_scale":"0","total_capacity":3.5,"fee_charged":"N","fee_type":null,"recarea_name":"Cw221rd-019","recarea_description":"CW221RD-019 (Trailhead)","information_center":null,"official_designation":null,"fee_description":null,"operational_hours":null,"open_season":null,"best_season":null,"busiest_season":null,"usage_level":null,"pack_in_out":"Y","public_site_name":null,"alternative_name":null,"rec1stop_url":null,"usda_portal_url":null,"important_info":null,"rentals_and_guides":null,"passes":null,"permit_information":null,"restrictions":null,"closest_towns":null,"water_availability":null,"restroom_availability":null,"operated_by":null,"season_description":null,"directions":null,"maximum_elevation":null,"minimum_elevation":"5,823 feet","season_name":null,"site_season_start_date":null,"site_season_end_date":null,"max_nbr_people":null,"passes_accepted":null,"latitude":45.69079118,"longitude":-116.04263449999999,"infra_last_update":1771858859000,"edw_last_modify":1771899100000,"globalid":"{A37F09AA-9A78-4279-888F-1B64AECA3637}"}},{"type":"Feature","geometry":{"type":"Point","coordinates":[-111.1681619,42.9798263]},"properties":{"objectid":2787174,"site_cn":"6584059010602","managing_org":"041555","site_id":"6686","site_name":"SOUTH FORK TINCUP","site_type":"TRAILHEAD","activity_type_list":"No Data","service_type_list":"No Data","seasonal_operational_status":"OPEN","op_status_reason":null,"development_status":"EXISTING","development_scale":"3","total_capacity":25,"fee_charged":"N","fee_type":null,"recarea_name":"TIN CUP TRAILHEAD","recarea_description":"Trailhead","information_center":null,"official_designation":null,"fee_description":"No fees are required for this site","operational_hours":"Day use only; no overnight camping allowed","open_season":null,"best_season":null,"busiest_season":null,"usage_level":null,"pack_in_out":"Y","public_site_name":"Tin Cup Trailhead","alternative_name":null,"rec1stop_url":null,"usda_portal_url":"https://www.fs.usda.gov/recarea/ctnf/recreation/recarea/?recid=54755&actid=104","important_info":null,"rentals_and_guides":null,"passes":null,"permit_information":null,"restrictions":null,"closest_towns":"Et, WY","water_availability":"No water is available","restroom_availability":"No restroom available","operated_by":"US Forest Service","season_description":null,"directions":"Tincup Highway, State Rte. 34, Sec 20 and ends at Intersect Trail 5448, Sec 25.","maximum_elevation":null,"minimum_elevation":null,"season_name":null,"site_season_start_date":null,"site_season_end_date":null,"max_nbr_people":null,"passes_accepted":null,"latitude":42.97982,"longitude":-111.16815,"infra_last_update":1775147630000,"edw_last_modify":1775181928000,"globalid":"{69262DFE-5F09-4C43-A014-9DDD3D806EF5}"}},{"type":"Feature","geometry":{"type":"Point","coordinates":[-114.34851,45.2910213]},"properties":{"objectid":2787315,"site_cn":"5161.003191","managing_org":"041301","site_id":"12224","site_name":"CLEAR CREEK TRAILHEAD","site_type":"TRAILHEAD","activity_type_list":"No Data","service_type_list":"No Data","seasonal_operational_status":"OPEN","op_status_reason":null,"development_status":"EXISTING","development_scale":"2","total_capacity":50,"fee_charged":"N","fee_type":null,"recarea_name":"Clear Creek Trailhead","recarea_description":"CLEAR CREEK TRAILHEAD (Trailhead)","information_center":null,"official_designation":null,"fee_description":null,"operational_hours":null,"open_season":null,"best_season":null,"busiest_season":null,"usage_level":null,"pack_in_out":"Y","public_site_name":"Clear Creek Trailhead","alternative_name":null,"rec1stop_url":null,"usda_portal_url":null,"important_info":null,"rentals_and_guides":null,"passes":null,"permit_information":null,"restrictions":null,"closest_towns":null,"water_availability":null,"restroom_availability":null,"operated_by":null,"season_description":null,"directions":null,"maximum_elevation":null,"minimum_elevation":null,"season_name":null,"site_season_start_date":null,"site_season_end_date":null,"max_nbr_people":null,"passes_accepted":null,"latitude":45.291014999999994,"longitude":-114.348497,"infra_last_update":1744209506000,"edw_last_modify":1744252502000,"globalid":"{E791167B-875D-4F0F-84A9-9F358502E7BB}"}},{"type":"Feature","geometry":{"type":"Point","coordinates":[-115.2404978,43.7003601]},"properties":{"objectid":2787322,"site_cn":"7415.002731","managing_org":"040201","site_id":"6593","site_name":"ELK CREEK TRAILHEAD","site_type":"TRAILHEAD","activity_type_list":"No Data","service_type_list":"No Data","seasonal_operational_status":"OPEN","op_status_reason":null,"development_status":"EXISTING","development_scale":"2","total_capacity":20,"fee_charged":"N","fee_type":null,"recarea_name":"Elk Creek Trailhead","recarea_description":"ELK CREEK TRAILHEAD (Trailhead)","information_center":null,"official_designation":null,"fee_description":null,"operational_hours":null,"open_season":null,"best_season":null,"busiest_season":null,"usage_level":null,"pack_in_out":"Y","public_site_name":null,"alternative_name":null,"rec1stop_url":null,"usda_portal_url":null,"important_info":null,"rentals_and_guides":null,"passes":null,"permit_information":null,"restrictions":null,"closest_towns":null,"water_availability":null,"restroom_availability":null,"operated_by":null,"season_description":null,"directions":null,"maximum_elevation":null,"minimum_elevation":" feet","season_name":null,"site_season_start_date":null,"site_season_end_date":null,"max_nbr_people":null,"passes_accepted":null,"latitude":43.700354,"longitude":-115.24048499999999,"infra_last_update":1771858853000,"edw_last_modify":1771898606000,"globalid":"{45776FED-51B4-4ED6-A670-F747B77AB80A}"}},{"type":"Feature","geometry":{"type":"Point","coordinates":[-115.1463129,44.1494061]},"properties":{"objectid":2787373,"site_cn":"12930010560","managing_org":"041404","site_id":"40074","site_name":"GRANDJEAN HORSE TRAILHEAD","site_type":"TRAILHEAD","activity_type_list":"No Data","service_type_list":"No Data","seasonal_operational_status":"OPEN","op_status_reason":null,"development_status":"EXISTING","development_scale":"3","total_capacity":28,"fee_charged":"N","fee_type":null,"recarea_name":"Grandjean Horse Trailhead","recarea_description":"GRANDJEAN HORSE TRAILHEAD (Trailhead)","information_center":null,"official_designation":null,"fee_description":null,"operational_hours":null,"open_season":null,"best_season":null,"busiest_season":null,"usage_level":null,"pack_in_out":"Y","public_site_name":"Grandjean Horse Trailhead","alternative_name":null,"rec1stop_url":null,"usda_portal_url":null,"important_info":null,"rentals_and_guides":null,"passes":null,"permit_information":null,"restrictions":null,"closest_towns":null,"water_availability":null,"restroom_availability":null,"operated_by":null,"season_description":null,"directions":null,"maximum_elevation":null,"minimum_elevation":" feet","season_name":null,"site_season_start_date":null,"site_season_end_date":null,"max_nbr_people":null,"passes_accepted":null,"latitude":44.1494,"longitude":-115.1463,"infra_last_update":1783346369000,"edw_last_modify":1783392572000,"globalid":"{06EE70BE-A67D-4F26-956F-63F370F81C00}"}},{"type":"Feature","geometry":{"type":"Point","coordinates":[-114.8455298,45.6230729]},"properties":{"objectid":2787548,"site_cn":"4397998010602","managing_org":"010304","site_id":"170602070401-006","site_name":"SALMON MT BASE CAMP","site_type":"TRAILHEAD","activity_type_list":"No Data","service_type_list":"No Data","seasonal_operational_status":"OPEN","op_status_reason":null,"development_status":"EXISTING","development_scale":"2","total_capacity":0,"fee_charged":"N","fee_type":null,"recarea_name":"SALMON MT BASE CAMP","recarea_description":"SALMON MT BASE CAMP","information_center":null,"official_designation":null,"fee_description":"No fees are required for this site","operational_hours":null,"open_season":null,"best_season":null,"busiest_season":null,"usage_level":null,"pack_in_out":"N","public_site_name":"Salmon Mt Base Camp","alternative_name":null,"rec1stop_url":null,"usda_portal_url":null,"important_info":null,"rentals_and_guides":null,"passes":null,"permit_information":null,"restrictions":null,"closest_towns":null,"water_availability":null,"restroom_availability":null,"operated_by":null,"season_description":null,"directions":null,"maximum_elevation":null,"minimum_elevation":null,"season_name":null,"site_season_start_date":null,"site_season_end_date":null,"max_nbr_people":null,"passes_accepted":null,"latitude":45.62306667,"longitude":-114.8455167,"infra_last_update":1753975074000,"edw_last_modify":1754014235000,"globalid":"{685E2C44-980B-4DAC-B3E4-90A860553672}"}},{"type":"Feature","geometry":{"type":"Point","coordinates":[-115.4516429,43.9920761]},"properties":{"objectid":2787551,"site_cn":"7479.002731","managing_org":"040203","site_id":"6191","site_name":"JENNIE LAKE TRAILHEAD","site_type":"TRAILHEAD","activity_type_list":"No Data","service_type_list":"No Data","seasonal_operational_status":"OPEN","op_status_reason":null,"development_status":"EXISTING","development_scale":"2","total_capacity":28,"fee_charged":"N","fee_type":null,"recarea_name":"Jennie Lake Trailhead","recarea_description":"JENNIE LAKE TRAILHEAD (Trailhead)","information_center":null,"official_designation":null,"fee_description":null,"operational_hours":null,"open_season":null,"best_season":null,"busiest_season":null,"usage_level":null,"pack_in_out":"Y","public_site_name":null,"alternative_name":null,"rec1stop_url":null,"usda_portal_url":null,"important_info":null,"rentals_and_guides":null,"passes":null,"permit_information":null,"restrictions":null,"closest_towns":null,"water_availability":null,"restroom_availability":null,"operated_by":null,"season_description":null,"directions":null,"maximum_elevation":null,"minimum_elevation":" feet","season_name":null,"site_season_start_date":null,"site_season_end_date":null,"max_nbr_people":null,"passes_accepted":null,"latitude":43.99207,"longitude":-115.45163,"infra_last_update":1771858852000,"edw_last_modify":1771898604000,"globalid":"{3A88CA78-6F71-450A-9ADB-C1C8F88729F0}"}},{"type":"Feature","geometry":{"type":"Point","coordinates":[-114.8571369,44.2800231]},"properties":{"objectid":2787609,"site_cn":"11976010540","managing_org":"041302","site_id":"32267","site_name":"BASIN CREEK TRAILHEAD","site_type":"TRAILHEAD","activity_type_list":"No Data","service_type_list":"No Data","seasonal_operational_status":"OPEN","op_status_reason":null,"development_status":"EXISTING","development_scale":"2","total_capacity":55,"fee_charged":"N","fee_type":null,"recarea_name":"BASIN CREEK TRAILHEAD","recarea_description":"This trailhead has hitching rails and dispersed campsites.  No toilet or drinking water is available. Lower Basin Trail #4349, begins at this point.  It connects with several other trails in the Basin Creek area","information_center":null,"official_designation":null,"fee_description":"No fees are required for this site","operational_hours":"Open 24 hours/day","open_season":null,"best_season":null,"busiest_season":null,"usage_level":null,"pack_in_out":"Y","public_site_name":"Basin Creek Trailhead","alternative_name":null,"rec1stop_url":null,"usda_portal_url":"https://www.fs.usda.gov/recarea/scnf/recreation/recarea/?recid=76168","important_info":null,"rentals_and_guides":null,"passes":null,"permit_information":null,"restrictions":null,"closest_towns":"Stanley, Idaho","water_availability":"No water is available","restroom_availability":"No restroom available","operated_by":"US Forest Service","season_description":null,"directions":"From Stanley, Idaho drive  about 8 miles east on Highway 75. Turn left onto forest road #40034 for about 5 miles.","maximum_elevation":null,"minimum_elevation":null,"season_name":null,"site_season_start_date":null,"site_season_end_date":null,"max_nbr_people":null,"passes_accepted":null,"latitude":44.280017,"longitude":-114.857124,"infra_last_update":1753975086000,"edw_last_modify":1754014284000,"globalid":"{5A1F6D3E-064E-48CE-B3F3-BB2EEB324286}"}},{"type":"Feature","geometry":{"type":"Point","coordinates":[-116.528769,46.8985171]},"properties":{"objectid":2787614,"site_cn":"2921371010602","managing_org":"011752","site_id":"170603060901-001","site_name":"PAL73659RD-001","site_type":"TRAILHEAD","activity_type_list":"No Data","service_type_list":"No Data","seasonal_operational_status":"OPEN","op_status_reason":null,"development_status":"EXISTING","development_scale":"1","total_capacity":3.5,"fee_charged":"N","fee_type":null,"recarea_name":"Pal73659rd-001","recarea_description":"PAL73659RD-001 (Trailhead)","information_center":null,"official_designation":null,"fee_description":null,"operational_hours":null,"open_season":null,"best_season":null,"busiest_season":null,"usage_level":null,"pack_in_out":"Y","public_site_name":null,"alternative_name":null,"rec1stop_url":null,"usda_portal_url":null,"important_info":null,"rentals_and_guides":null,"passes":null,"permit_information":null,"restrictions":null,"closest_towns":null,"water_availability":null,"restroom_availability":null,"operated_by":null,"season_description":null,"directions":null,"maximum_elevation":null,"minimum_elevation":"3,694 feet","season_name":null,"site_season_start_date":null,"site_season_end_date":null,"max_nbr_people":null,"passes_accepted":null,"latitude":46.898510949999995,"longitude":-116.5287553,"infra_last_update":1771858853000,"edw_last_modify":1771899099000,"globalid":"{0D55664B-A2BE-4393-A392-A85CEBC73736}"}},{"type":"Feature","geometry":{"type":"Point","coordinates":[-114.8360128,44.0298061]},"properties":{"objectid":2787666,"site_cn":"12932010560","managing_org":"041404","site_id":"40078","site_name":"HELL ROARING - DECKER FLATS TRAILHEAD","site_type":"TRAILHEAD","activity_type_list":"No Data","service_type_list":"No Data","seasonal_operational_status":"OPEN","op_status_reason":null,"development_status":"EXISTING","development_scale":"3","total_capacity":42,"fee_charged":"N","fee_type":null,"recarea_name":"Hell Roaring - Decker Flats Trailhead","recarea_description":"HELL ROARING - DECKER FLATS TRAILHEAD (Trailhead)","information_center":null,"official_designation":null,"fee_description":null,"operational_hours":null,"open_season":null,"best_season":null,"busiest_season":null,"usage_level":null,"pack_in_out":"Y","public_site_name":"Hell Roaring - Decker Flats Trailhead","alternative_name":null,"rec1stop_url":null,"usda_portal_url":null,"important_info":null,"rentals_and_guides":null,"passes":null,"permit_information":null,"restrictions":null,"closest_towns":null,"water_availability":null,"restroom_availability":null,"operated_by":null,"season_description":null,"directions":null,"maximum_elevation":null,"minimum_elevation":" feet","season_name":null,"site_season_start_date":null,"site_season_end_date":null,"max_nbr_people":null,"passes_accepted":null,"latitude":44.0298,"longitude":-114.836,"infra_last_update":1783346469000,"edw_last_modify":1783392571000,"globalid":"{E27C2ED8-CE73-44F5-B797-98A9F696456B}"}},{"type":"Feature","geometry":{"type":"Point","coordinates":[-114.7318971,45.8675723]},"properties":{"objectid":2787790,"site_cn":"5793.000271","managing_org":"010304","site_id":"23041","site_name":"PARADISE FLAT/WHITE CAP CREEK TRAILHEAD","site_type":"TRAILHEAD","activity_type_list":"No Data","service_type_list":"No Data","seasonal_operational_status":"OPEN","op_status_reason":null,"development_status":"EXISTING","development_scale":"2","total_capacity":75,"fee_charged":"N","fee_type":null,"recarea_name":"PARADISE FLAT/WHITE CAP CREEK TRAILHEAD","recarea_description":"Paradise Flat/White Cap Creek Trailhead consists of a small parking area. It offers access to White Cap Creek trail #24 and the Selway Bitterroot Wilderness. There are no facilities however it is not far from Paradise Campground.","information_center":null,"official_designation":null,"fee_description":"No fees are required for this site","operational_hours":null,"open_season":null,"best_season":null,"busiest_season":null,"usage_level":"Light","pack_in_out":"Y","public_site_name":"Paradise Flat/White Cap Creek Trailhead","alternative_name":null,"rec1stop_url":null,"usda_portal_url":"https://www.fs.usda.gov/recarea/bitterroot/recarea/?recid=60668","important_info":null,"rentals_and_guides":null,"passes":null,"permit_information":null,"restrictions":null,"closest_towns":"Darby, MT","water_availability":"No, drinking water is not provided","restroom_availability":"Vault Toilet(s)","operated_by":null,"season_description":null,"directions":"From Darby, MT travel south 4.3 miles on Highway 93, turn south on the West Fork Road and proceed for approximately 14.3 miles.  Turn west on Forest Road 468, Nez Perce Road and travel for approximately 34.8 miles (Nez Perce Rd becomes Magruder Corridor.)  At Magruder Crossing continue north on FS 6223.  Follow 11.2 miles to the end and the trailhead.","maximum_elevation":null,"minimum_elevation":null,"season_name":null,"site_season_start_date":null,"site_season_end_date":null,"max_nbr_people":null,"passes_accepted":null,"latitude":45.867566,"longitude":-114.73188400000001,"infra_last_update":1753975074000,"edw_last_modify":1754013995000,"globalid":"{B6BF89F3-343C-45A6-8F4F-DDCCEA2E4A67}"}},{"type":"Feature","geometry":{"type":"Point","coordinates":[-114.5814999,44.4649862]},"properties":{"objectid":2787844,"site_cn":"36281010602","managing_org":"041302","site_id":"32313","site_name":"ELEVEN MILE TRAILHEAD","site_type":"TRAILHEAD","activity_type_list":"No Data","service_type_list":"No Data","seasonal_operational_status":"OPEN","op_status_reason":null,"development_status":"EXISTING","development_scale":"2","total_capacity":10,"fee_charged":"N","fee_type":null,"recarea_name":"ELEVEN MILE TRAILHEAD","recarea_description":"This site has a toilet and hitching rails.","information_center":null,"official_designation":null,"fee_description":"No fees are required for this site","operational_hours":"Open 24 hours/day","open_season":null,"best_season":null,"busiest_season":null,"usage_level":null,"pack_in_out":"Y","public_site_name":"Eleven Mile Trailhead","alternative_name":null,"rec1stop_url":null,"usda_portal_url":"https://www.fs.usda.gov/recarea/scnf/recreation/recarea/?recid=76186","important_info":null,"rentals_and_guides":null,"passes":null,"permit_information":null,"restrictions":null,"closest_towns":"Stanley, Idaho","water_availability":"No water is available","restroom_availability":"Vault toilet(s)","operated_by":"US Forest Service","season_description":null,"directions":"From Stanley, Idaho drive 11 miles east on Highway 75 to the Sunbeam Dam overlook. Turn left onto forest road #40013/Yankee Fk Rd for about 20 miles.","maximum_elevation":null,"minimum_elevation":null,"season_name":null,"site_season_start_date":null,"site_season_end_date":null,"max_nbr_people":null,"passes_accepted":null,"latitude":44.46498,"longitude":-114.581487,"infra_last_update":1753975086000,"edw_last_modify":1754014243000,"globalid":"{BA759BC6-5584-4D49-96A7-748F937A68FA}"}},{"type":"Feature","geometry":{"type":"Point","coordinates":[-114.3858127,43.7043061]},"properties":{"objectid":2787882,"site_cn":"5571.003221","managing_org":"041403","site_id":"30001","site_name":"ADAMS GULCH TRAILHEAD","site_type":"TRAILHEAD","activity_type_list":"No Data","service_type_list":"No Data","seasonal_operational_status":"OPEN","op_status_reason":null,"development_status":"EXISTING","development_scale":"3","total_capacity":65,"fee_charged":"N","fee_type":null,"recarea_name":"Adams Gulch Trailhead","recarea_description":"ADAMS GULCH TRAILHEAD (Trailhead)","information_center":null,"official_designation":null,"fee_description":null,"operational_hours":null,"open_season":null,"best_season":null,"busiest_season":null,"usage_level":null,"pack_in_out":"Y","public_site_name":"Adams Gulch Trailhead","alternative_name":null,"rec1stop_url":null,"usda_portal_url":null,"important_info":null,"rentals_and_guides":null,"passes":null,"permit_information":null,"restrictions":null,"closest_towns":null,"water_availability":null,"restroom_availability":null,"operated_by":null,"season_description":null,"directions":null,"maximum_elevation":null,"minimum_elevation":"6,000 feet","season_name":null,"site_season_start_date":null,"site_season_end_date":null,"max_nbr_people":null,"passes_accepted":null,"latitude":43.7043,"longitude":-114.3858,"infra_last_update":1759394020000,"edw_last_modify":1759457381000,"globalid":"{7E18F29D-8297-4C08-86A0-C9A98B2990F7}"}},{"type":"Feature","geometry":{"type":"Point","coordinates":[-115.7604611,44.3824901]},"properties":{"objectid":2787892,"site_cn":"7459.002731","managing_org":"040206","site_id":"6576","site_name":"LONG FORK SILVER CREEK/BITTER CREEK TRAILHEAD","site_type":"TRAILHEAD","activity_type_list":"No Data","service_type_list":"No Data","seasonal_operational_status":"OPEN","op_status_reason":null,"development_status":"EXISTING","development_scale":"1","total_capacity":50,"fee_charged":"N","fee_type":null,"recarea_name":"Long Fork Silver Creek/Bitter Creek Trailhead","recarea_description":"LONG FORK SILVER CREEK/BITTER CREEK TRAILHEAD (Trailhead)","information_center":null,"official_designation":null,"fee_description":null,"operational_hours":null,"open_season":null,"best_season":null,"busiest_season":null,"usage_level":null,"pack_in_out":"Y","public_site_name":null,"alternative_name":null,"rec1stop_url":null,"usda_portal_url":null,"important_info":null,"rentals_and_guides":null,"passes":null,"permit_information":null,"restrictions":null,"closest_towns":null,"water_availability":null,"restroom_availability":null,"operated_by":null,"season_description":null,"directions":null,"maximum_elevation":null,"minimum_elevation":" feet","season_name":null,"site_season_start_date":null,"site_season_end_date":null,"max_nbr_people":null,"passes_accepted":null,"latitude":44.382484,"longitude":-115.76044800000001,"infra_last_update":1771858855000,"edw_last_modify":1771898605000,"globalid":"{AB6A43A4-C4FC-4243-8D0F-3188E55424EE}"}},{"type":"Feature","geometry":{"type":"Point","coordinates":[-114.3417141,44.6847692]},"properties":{"objectid":2787916,"site_cn":"5008.002901","managing_org":"041302","site_id":"22280","site_name":"LITTLE WEST FORK MORGAN CREEK TRAILHEAD","site_type":"TRAILHEAD","activity_type_list":"No Data","service_type_list":"No Data","seasonal_operational_status":"OPEN","op_status_reason":null,"development_status":"EXISTING","development_scale":"2","total_capacity":19,"fee_charged":"N","fee_type":null,"recarea_name":"LITTLE WEST FORK MORGAN CREEK TRAILHEAD","recarea_description":"One site with picnic table and fire ring, near trail access to Frank Church River of No Return Wilderness. Camp area amenities include a vault toilet. No drinking water or garbage service is on site.","information_center":null,"official_designation":null,"fee_description":"No fees are required for this site","operational_hours":"Open 24 hours/day","open_season":null,"best_season":null,"busiest_season":null,"usage_level":null,"pack_in_out":"Y","public_site_name":"Little West Fork Morgan Creek Trailhead","alternative_name":null,"rec1stop_url":null,"usda_portal_url":"https://www.fs.usda.gov/recarea/scnf/recarea/?recid=76198","important_info":null,"rentals_and_guides":null,"passes":null,"permit_information":null,"restrictions":null,"closest_towns":"Challis, Idaho","water_availability":"No water is available","restroom_availability":"No restroom available","operated_by":"US Forest Service","season_description":null,"directions":"From Challis travel approximately 7 miles north on Highway 93 to Morgan Creek Road. Turn left onto Morgan Creek road (055). Follow this road for approximately 6 miles to junction with West Fork road (057). Turn left onto West Fork Road. Travel another 4 miles to the junction with Little West Fork Road (176). Turn left onto Little West Fork road. Follow this road to its end; approximately 3 miles. Trailhead/campground is at the end of the road.","maximum_elevation":null,"minimum_elevation":null,"season_name":null,"site_season_start_date":null,"site_season_end_date":null,"max_nbr_people":null,"passes_accepted":null,"latitude":44.68476302,"longitude":-114.3417013,"infra_last_update":1753975086000,"edw_last_modify":1754014224000,"globalid":"{C7D219A2-E9D0-4605-826F-DEC9CF654194}"}},{"type":"Feature","geometry":{"type":"Point","coordinates":[-115.3959995,46.8677944]},"properties":{"objectid":2787927,"site_cn":"3894043010602","managing_org":"011753","site_id":"170603070903_07A","site_name":"NF252RD_07A","site_type":"TRAILHEAD","activity_type_list":"No Data","service_type_list":"No Data","seasonal_operational_status":"OPEN","op_status_reason":null,"development_status":"EXISTING","development_scale":"1","total_capacity":3.5,"fee_charged":"N","fee_type":null,"recarea_name":"Nf252rd_07a","recarea_description":"NF252RD_07A (Trailhead)","information_center":null,"official_designation":null,"fee_description":null,"operational_hours":null,"open_season":null,"best_season":null,"busiest_season":null,"usage_level":null,"pack_in_out":"Y","public_site_name":null,"alternative_name":null,"rec1stop_url":null,"usda_portal_url":null,"important_info":null,"rentals_and_guides":null,"passes":null,"permit_information":null,"restrictions":null,"closest_towns":null,"water_availability":null,"restroom_availability":null,"operated_by":null,"season_description":null,"directions":null,"maximum_elevation":null,"minimum_elevation":"3,025 feet","season_name":null,"site_season_start_date":null,"site_season_end_date":null,"max_nbr_people":null,"passes_accepted":null,"latitude":46.8677881,"longitude":-115.395986,"infra_last_update":1771858855000,"edw_last_modify":1771898954000,"globalid":"{1B864E36-9DEA-43AB-87D2-8842B4BD5E1B}"}},{"type":"Feature","geometry":{"type":"Point","coordinates":[-114.9522129,44.0994061]},"properties":{"objectid":2787966,"site_cn":"12992010560","managing_org":"041404","site_id":"40087","site_name":"REDFISH INLET TRAILHEAD","site_type":"TRAILHEAD","activity_type_list":"No Data","service_type_list":"No Data","seasonal_operational_status":"OPEN","op_status_reason":null,"development_status":"EXISTING","development_scale":"3","total_capacity":10,"fee_charged":"N","fee_type":null,"recarea_name":"Redfish Inlet Trailhead","recarea_description":"REDFISH INLET TRAILHEAD (Trailhead)","information_center":null,"official_designation":null,"fee_description":null,"operational_hours":null,"open_season":null,"best_season":null,"busiest_season":null,"usage_level":null,"pack_in_out":"Y","public_site_name":"Redfish Inlet Trailhead","alternative_name":null,"rec1stop_url":null,"usda_portal_url":null,"important_info":null,"rentals_and_guides":null,"passes":null,"permit_information":null,"restrictions":null,"closest_towns":null,"water_availability":null,"restroom_availability":null,"operated_by":null,"season_description":null,"directions":null,"maximum_elevation":null,"minimum_elevation":" feet","season_name":null,"site_season_start_date":null,"site_season_end_date":null,"max_nbr_people":null,"passes_accepted":null,"latitude":44.0994,"longitude":-114.9522,"infra_last_update":1783346484000,"edw_last_modify":1783392571000,"globalid":"{B6A99572-E677-412F-B6EF-0795203B9C94}"}},{"type":"Feature","geometry":{"type":"Point","coordinates":[-115.4280311,46.7931787]},"properties":{"objectid":2788023,"site_cn":"3894057010602","managing_org":"011753","site_id":"170603071001-001","site_name":"NF711RD-006","site_type":"TRAILHEAD","activity_type_list":"No Data","service_type_list":"No Data","seasonal_operational_status":"OPEN","op_status_reason":null,"development_status":"EXISTING","development_scale":"1","total_capacity":3.5,"fee_charged":"N","fee_type":null,"recarea_name":"Nf711rd-006","recarea_description":"NF711RD-006 (Trailhead)","information_center":null,"official_designation":null,"fee_description":null,"operational_hours":null,"open_season":null,"best_season":null,"busiest_season":null,"usage_level":null,"pack_in_out":"Y","public_site_name":null,"alternative_name":null,"rec1stop_url":null,"usda_portal_url":null,"important_info":null,"rentals_and_guides":null,"passes":null,"permit_information":null,"restrictions":null,"closest_towns":null,"water_availability":null,"restroom_availability":null,"operated_by":null,"season_description":null,"directions":null,"maximum_elevation":null,"minimum_elevation":"3,537 feet","season_name":null,"site_season_start_date":null,"site_season_end_date":null,"max_nbr_people":null,"passes_accepted":null,"latitude":46.79317238,"longitude":-115.42801761,"infra_last_update":1771858854000,"edw_last_modify":1771898954000,"globalid":"{31C8E21A-3168-4449-A099-9E6A7DDBC1BD}"}},{"type":"Feature","geometry":{"type":"Point","coordinates":[-115.080026,46.6808664]},"properties":{"objectid":2788055,"site_cn":"2921479010602","managing_org":"011753","site_id":"170603070203-016","site_name":"NF581RD-002","site_type":"TRAILHEAD","activity_type_list":"No Data","service_type_list":"No Data","seasonal_operational_status":"OPEN","op_status_reason":null,"development_status":"EXISTING","development_scale":"1","total_capacity":3.5,"fee_charged":"N","fee_type":null,"recarea_name":"Nf581rd-002","recarea_description":"NF581RD-002 (Trailhead)","information_center":null,"official_designation":null,"fee_description":null,"operational_hours":null,"open_season":null,"best_season":null,"busiest_season":null,"usage_level":null,"pack_in_out":"Y","public_site_name":null,"alternative_name":null,"rec1stop_url":null,"usda_portal_url":null,"important_info":null,"rentals_and_guides":null,"passes":null,"permit_information":null,"restrictions":null,"closest_towns":null,"water_availability":null,"restroom_availability":null,"operated_by":null,"season_description":null,"directions":null,"maximum_elevation":null,"minimum_elevation":"4,613 feet","season_name":null,"site_season_start_date":null,"site_season_end_date":null,"max_nbr_people":null,"passes_accepted":null,"latitude":46.68086006,"longitude":-115.0800126,"infra_last_update":1771858857000,"edw_last_modify":1771899096000,"globalid":"{654396A3-A1F5-42ED-8EC5-7DF766A9AF7A}"}},{"type":"Feature","geometry":{"type":"Point","coordinates":[-114.4730129,44.6000062]},"properties":{"objectid":2788152,"site_cn":"5024.002901","managing_org":"041302","site_id":"62291","site_name":"TWIN PEAKS TRAILHEAD","site_type":"TRAILHEAD","activity_type_list":"No Data","service_type_list":"No Data","seasonal_operational_status":"OPEN","op_status_reason":null,"development_status":"EXISTING","development_scale":"1","total_capacity":20,"fee_charged":"N","fee_type":null,"recarea_name":"Twin Peaks Trailhead","recarea_description":"TWIN PEAKS TRAILHEAD (Trailhead)","information_center":null,"official_designation":null,"fee_description":null,"operational_hours":null,"open_season":null,"best_season":null,"busiest_season":null,"usage_level":null,"pack_in_out":"Y","public_site_name":null,"alternative_name":null,"rec1stop_url":null,"usda_portal_url":null,"important_info":null,"rentals_and_guides":null,"passes":null,"permit_information":null,"restrictions":null,"closest_towns":null,"water_availability":null,"restroom_availability":null,"operated_by":null,"season_description":null,"directions":null,"maximum_elevation":null,"minimum_elevation":" feet","season_name":null,"site_season_start_date":null,"site_season_end_date":null,"max_nbr_people":null,"passes_accepted":null,"latitude":44.6,"longitude":-114.473,"infra_last_update":1771858858000,"edw_last_modify":1771898762000,"globalid":"{D5C3A02D-7EA0-4BD3-8E99-31FF0BA2C90C}"}},{"type":"Feature","geometry":{"type":"Point","coordinates":[-116.1463456,47.888813]},"properties":{"objectid":2788168,"site_cn":"2919449010602","managing_org":"010403","site_id":"170103010204-001","site_name":"FIRE PREV. DISP. SITE #190","site_type":"TRAILHEAD","activity_type_list":"No Data","service_type_list":"No Data","seasonal_operational_status":"OPEN","op_status_reason":null,"development_status":"EXISTING","development_scale":"1","total_capacity":3.5,"fee_charged":"N","fee_type":null,"recarea_name":"Fire Prev. Disp. Site #190","recarea_description":"FIRE PREV. DISP. SITE #190 (Trailhead)","information_center":null,"official_designation":null,"fee_description":null,"operational_hours":null,"open_season":null,"best_season":null,"busiest_season":null,"usage_level":null,"pack_in_out":"Y","public_site_name":null,"alternative_name":null,"rec1stop_url":null,"usda_portal_url":null,"important_info":null,"rentals_and_guides":null,"passes":null,"permit_information":null,"restrictions":null,"closest_towns":null,"water_availability":null,"restroom_availability":null,"operated_by":null,"season_description":null,"directions":null,"maximum_elevation":null,"minimum_elevation":"2,795 feet","season_name":null,"site_season_start_date":null,"site_season_end_date":null,"max_nbr_people":null,"passes_accepted":null,"latitude":47.88880666,"longitude":-116.14633169999999,"infra_last_update":1771858859000,"edw_last_modify":1771899137000,"globalid":"{C51728E6-166F-4A36-905D-AC96C541AA3A}"}},{"type":"Feature","geometry":{"type":"Point","coordinates":[-111.3325931,43.7670804]},"properties":{"objectid":2788293,"site_cn":"6759486010602","managing_org":"041556","site_id":"0539","site_name":"PACKSADDLE SOUTH","site_type":"TRAILHEAD","activity_type_list":"No Data","service_type_list":"No Data","seasonal_operational_status":"OPEN","op_status_reason":null,"development_status":"EXISTING","development_scale":"0","total_capacity":20,"fee_charged":"N","fee_type":null,"recarea_name":"Packsaddle South","recarea_description":"PACKSADDLE SOUTH (Trailhead)","information_center":null,"official_designation":null,"fee_description":null,"operational_hours":null,"open_season":null,"best_season":null,"busiest_season":null,"usage_level":null,"pack_in_out":"N","public_site_name":null,"alternative_name":null,"rec1stop_url":null,"usda_portal_url":null,"important_info":null,"rentals_and_guides":null,"passes":null,"permit_information":null,"restrictions":null,"closest_towns":null,"water_availability":null,"restroom_availability":null,"operated_by":null,"season_description":null,"directions":null,"maximum_elevation":null,"minimum_elevation":" feet","season_name":null,"site_season_start_date":null,"site_season_end_date":null,"max_nbr_people":null,"passes_accepted":null,"latitude":43.767074,"longitude":-111.33258099999999,"infra_last_update":1771858855000,"edw_last_modify":1771898620000,"globalid":"{830F4308-46FE-4DC3-88A8-49ECAE9BD496}"}},{"type":"Feature","geometry":{"type":"Point","coordinates":[-115.0714171,44.2882212]},"properties":{"objectid":2788359,"site_cn":"12928010560","managing_org":"041404","site_id":"40072","site_name":"ELK MEADOWS TRAILHEAD","site_type":"TRAILHEAD","activity_type_list":"No Data","service_type_list":"No Data","seasonal_operational_status":"OPEN","op_status_reason":null,"development_status":"EXISTING","development_scale":"3","total_capacity":35,"fee_charged":"N","fee_type":null,"recarea_name":"Elk Meadows Trailhead","recarea_description":"ELK MEADOWS TRAILHEAD (Trailhead)","information_center":null,"official_designation":null,"fee_description":null,"operational_hours":null,"open_season":null,"best_season":null,"busiest_season":null,"usage_level":null,"pack_in_out":"Y","public_site_name":"Elk Meadows Trailhead","alternative_name":null,"rec1stop_url":null,"usda_portal_url":null,"important_info":null,"rentals_and_guides":null,"passes":null,"permit_information":null,"restrictions":null,"closest_towns":null,"water_availability":null,"restroom_availability":null,"operated_by":null,"season_description":null,"directions":null,"maximum_elevation":null,"minimum_elevation":" feet","season_name":null,"site_season_start_date":null,"site_season_end_date":null,"max_nbr_people":null,"passes_accepted":null,"latitude":44.28821507000001,"longitude":-115.07140414999999,"infra_last_update":1783346357000,"edw_last_modify":1783392572000,"globalid":"{4C1A3E5D-2A72-44ED-8038-AE76768102CD}"}},{"type":"Feature","geometry":{"type":"Point","coordinates":[-115.4488889,43.591066]},"properties":{"objectid":2788653,"site_cn":"7411.002731","managing_org":"040201","site_id":"6589","site_name":"UPPER LAVA MOUNTAIN TRAILHEAD","site_type":"TRAILHEAD","activity_type_list":"No Data","service_type_list":"No Data","seasonal_operational_status":"OPEN","op_status_reason":null,"development_status":"EXISTING","development_scale":"2","total_capacity":35,"fee_charged":"N","fee_type":null,"recarea_name":"Upper Lava Mountain Trailhead","recarea_description":"UPPER LAVA MOUNTAIN TRAILHEAD (Trailhead)","information_center":null,"official_designation":null,"fee_description":null,"operational_hours":null,"open_season":null,"best_season":null,"busiest_season":null,"usage_level":null,"pack_in_out":"Y","public_site_name":null,"alternative_name":null,"rec1stop_url":null,"usda_portal_url":null,"important_info":null,"rentals_and_guides":null,"passes":null,"permit_information":null,"restrictions":null,"closest_towns":null,"water_availability":null,"restroom_availability":null,"operated_by":null,"season_description":null,"directions":null,"maximum_elevation":null,"minimum_elevation":" feet","season_name":null,"site_season_start_date":null,"site_season_end_date":null,"max_nbr_people":null,"passes_accepted":null,"latitude":43.59106,"longitude":-115.44887600000001,"infra_last_update":1771858856000,"edw_last_modify":1771898606000,"globalid":"{555BE6FC-DCDE-49A8-A456-F5579A4DBAF0}"}},{"type":"Feature","geometry":{"type":"Point","coordinates":[-115.4650189,43.716132]},"properties":{"objectid":2788695,"site_cn":"7407.002731","managing_org":"040201","site_id":"6585","site_name":"LOWER ROARING RIVER TRAILHEAD","site_type":"TRAILHEAD","activity_type_list":"No Data","service_type_list":"No Data","seasonal_operational_status":"OPEN","op_status_reason":null,"development_status":"EXISTING","development_scale":"2","total_capacity":70,"fee_charged":"N","fee_type":null,"recarea_name":"LOWER ROARING RIVER TRAILHEAD","recarea_description":"The Lower Roaring River Trailhead serves Roaring River (#045) and William Pogue National Recreation (#122) trails. The Upper Roaring River Trailhead serves Roaring River (#045) and William Pogue National Recreation (#122) trails.","information_center":null,"official_designation":null,"fee_description":"No fees are required for this site","operational_hours":"End of May - End of September Unless closed by snow","open_season":null,"best_season":null,"busiest_season":null,"usage_level":null,"pack_in_out":"Y","public_site_name":"Lower Roaring River Trailhead","alternative_name":null,"rec1stop_url":null,"usda_portal_url":"www.fs.usda.gov/recarea/asnf/recreation/recarea/?recid=5106","important_info":null,"rentals_and_guides":null,"passes":null,"permit_information":null,"restrictions":null,"closest_towns":"Mountain Home, ID","water_availability":"No water is available","restroom_availability":"No restroom available","operated_by":"US Forest Service","season_description":null,"directions":"From Featherville head west on FR 156. Turn left onto FR 129. Turn right onto FR 255.","maximum_elevation":null,"minimum_elevation":null,"season_name":null,"site_season_start_date":null,"site_season_end_date":null,"max_nbr_people":null,"passes_accepted":null,"latitude":43.716125999999996,"longitude":-115.465006,"infra_last_update":1753975084000,"edw_last_modify":1754013953000,"globalid":"{5DCA02D1-F895-4783-A395-79D00128B10A}"}},{"type":"Feature","geometry":{"type":"Point","coordinates":[-116.1905873,44.9874641]},"properties":{"objectid":2788750,"site_cn":"6662094010602","managing_org":"041204","site_id":"40818","site_name":"GOOSE CREEK","site_type":"TRAILHEAD","activity_type_list":"No Data","service_type_list":"No Data","seasonal_operational_status":"OPEN","op_status_reason":null,"development_status":"EXISTING","development_scale":"2","total_capacity":35,"fee_charged":"N","fee_type":null,"recarea_name":"GOOSE CREEK","recarea_description":"The Goose Creek Trail #353 departs directly from the campground and provides a moderate hike to a dramatic waterfall higher up the draige.","information_center":null,"official_designation":null,"fee_description":"No fees are required for this site","operational_hours":"Open 24 hours/day","open_season":null,"best_season":null,"busiest_season":null,"usage_level":null,"pack_in_out":"Y","public_site_name":"Goose Creek Trailhead","alternative_name":null,"rec1stop_url":null,"usda_portal_url":null,"important_info":null,"rentals_and_guides":null,"passes":null,"permit_information":null,"restrictions":null,"closest_towns":null,"water_availability":null,"restroom_availability":null,"operated_by":"US Forest Service","season_description":null,"directions":null,"maximum_elevation":null,"minimum_elevation":null,"season_name":null,"site_season_start_date":null,"site_season_end_date":null,"max_nbr_people":null,"passes_accepted":null,"latitude":44.987458000000004,"longitude":-116.190574,"infra_last_update":1779202997000,"edw_last_modify":1779249306000,"globalid":"{1F94B2A8-1103-4768-B1D9-7EE2C1BBE9F3}"}},{"type":"Feature","geometry":{"type":"Point","coordinates":[-115.6877133,45.5594062]},"properties":{"objectid":2788861,"site_cn":"6986.000961","managing_org":"011705","site_id":"2033","site_name":"JUMBO CAMP","site_type":"TRAILHEAD","activity_type_list":"No Data","service_type_list":"No Data","seasonal_operational_status":"OPEN","op_status_reason":null,"development_status":"EXISTING","development_scale":"2","total_capacity":35,"fee_charged":"N","fee_type":null,"recarea_name":"Jumbo Camp","recarea_description":"JUMBO CAMP (Trailhead)","information_center":null,"official_designation":null,"fee_description":null,"operational_hours":null,"open_season":null,"best_season":null,"busiest_season":null,"usage_level":null,"pack_in_out":"Y","public_site_name":"Jumbo Camp","alternative_name":null,"rec1stop_url":null,"usda_portal_url":null,"important_info":null,"rentals_and_guides":null,"passes":null,"permit_information":null,"restrictions":null,"closest_towns":null,"water_availability":null,"restroom_availability":null,"operated_by":null,"season_description":null,"directions":null,"maximum_elevation":null,"minimum_elevation":" feet","season_name":null,"site_season_start_date":null,"site_season_end_date":null,"max_nbr_people":null,"passes_accepted":null,"latitude":45.5594,"longitude":-115.6877,"infra_last_update":1744209513000,"edw_last_modify":1744252400000,"globalid":"{12CC99E6-5A3C-43C9-AF5B-FABD6EB86D67}"}},{"type":"Feature","geometry":{"type":"Point","coordinates":[-116.1157879,48.2222284]},"properties":{"objectid":2788869,"site_cn":"4258603010602","managing_org":"010406","site_id":"170102131204-003","site_name":"LOWER LIGHTNING 03","site_type":"TRAILHEAD","activity_type_list":"No Data","service_type_list":"No Data","seasonal_operational_status":"OPEN","op_status_reason":null,"development_status":"EXISTING","development_scale":"1","total_capacity":3.5,"fee_charged":"N","fee_type":null,"recarea_name":"Lower Lightning 03","recarea_description":"LOWER LIGHTNING 03 (Trailhead)","information_center":null,"official_designation":null,"fee_description":null,"operational_hours":null,"open_season":null,"best_season":null,"busiest_season":null,"usage_level":null,"pack_in_out":"Y","public_site_name":null,"alternative_name":null,"rec1stop_url":null,"usda_portal_url":null,"important_info":null,"rentals_and_guides":null,"passes":null,"permit_information":null,"restrictions":null,"closest_towns":null,"water_availability":null,"restroom_availability":null,"operated_by":null,"season_description":null,"directions":null,"maximum_elevation":null,"minimum_elevation":"2,595 feet","season_name":null,"site_season_start_date":null,"site_season_end_date":null,"max_nbr_people":null,"passes_accepted":null,"latitude":48.22222212,"longitude":-116.115774,"infra_last_update":1771858858000,"edw_last_modify":1771898885000,"globalid":"{C0D02D9C-39D6-4776-8413-CC38CDF29641}"}},{"type":"Feature","geometry":{"type":"Point","coordinates":[-115.1469129,44.1470061]},"properties":{"objectid":2788968,"site_cn":"12929010560","managing_org":"041404","site_id":"40073","site_name":"GRANDJEAN HIKER TRAILHEAD","site_type":"TRAILHEAD","activity_type_list":"No Data","service_type_list":"No Data","seasonal_operational_status":"OPEN","op_status_reason":null,"development_status":"EXISTING","development_scale":"3","total_capacity":52.5,"fee_charged":"N","fee_type":null,"recarea_name":"Grandjean Hiker Trailhead","recarea_description":"GRANDJEAN HIKER TRAILHEAD (Trailhead)","information_center":null,"official_designation":null,"fee_description":null,"operational_hours":null,"open_season":null,"best_season":null,"busiest_season":null,"usage_level":null,"pack_in_out":"Y","public_site_name":"Grandjean Hiker Trailhead","alternative_name":null,"rec1stop_url":null,"usda_portal_url":null,"important_info":null,"rentals_and_guides":null,"passes":null,"permit_information":null,"restrictions":null,"closest_towns":null,"water_availability":null,"restroom_availability":null,"operated_by":null,"season_description":null,"directions":null,"maximum_elevation":null,"minimum_elevation":" feet","season_name":null,"site_season_start_date":null,"site_season_end_date":null,"max_nbr_people":null,"passes_accepted":null,"latitude":44.147,"longitude":-115.1469,"infra_last_update":1783346363000,"edw_last_modify":1783392572000,"globalid":"{3777D396-0CAC-4772-91B9-7F7543F9EF2F}"}},{"type":"Feature","geometry":{"type":"Point","coordinates":[-116.8111113,44.752277]},"properties":{"objectid":2789030,"site_cn":"12793.003141","managing_org":"041202","site_id":"20105","site_name":"EAST FORK BROWNLEE","site_type":"TRAILHEAD","activity_type_list":"No Data","service_type_list":"No Data","seasonal_operational_status":"OPEN","op_status_reason":null,"development_status":"EXISTING","development_scale":"1","total_capacity":15,"fee_charged":"N","fee_type":null,"recarea_name":"East Fork Brownlee","recarea_description":"EAST FORK BROWNLEE (Trailhead)","information_center":null,"official_designation":null,"fee_description":null,"operational_hours":null,"open_season":null,"best_season":null,"busiest_season":null,"usage_level":null,"pack_in_out":"Y","public_site_name":"East Fork Brownlee","alternative_name":null,"rec1stop_url":null,"usda_portal_url":null,"important_info":null,"rentals_and_guides":null,"passes":null,"permit_information":null,"restrictions":null,"closest_towns":null,"water_availability":null,"restroom_availability":null,"operated_by":null,"season_description":null,"directions":null,"maximum_elevation":null,"minimum_elevation":" feet","season_name":null,"site_season_start_date":null,"site_season_end_date":null,"max_nbr_people":null,"passes_accepted":null,"latitude":44.752271,"longitude":-116.811098,"infra_last_update":1744209515000,"edw_last_modify":1744252609000,"globalid":"{52FC21A6-831B-4F34-90DC-34426711A1D5}"}},{"type":"Feature","geometry":{"type":"Point","coordinates":[-115.3546404,46.3403073]},"properties":{"objectid":2789049,"site_cn":"5219.000411","managing_org":"011755","site_id":"311","site_name":"FISH CREEK TRAILHEAD","site_type":"TRAILHEAD","activity_type_list":"No Data","service_type_list":"No Data","seasonal_operational_status":"OPEN","op_status_reason":null,"development_status":"EXISTING","development_scale":"2","total_capacity":35,"fee_charged":"N","fee_type":null,"recarea_name":"Fish Creek Trailhead","recarea_description":"FISH CREEK TRAILHEAD (Trailhead)","information_center":null,"official_designation":null,"fee_description":null,"operational_hours":null,"open_season":null,"best_season":null,"busiest_season":null,"usage_level":null,"pack_in_out":"Y","public_site_name":null,"alternative_name":null,"rec1stop_url":null,"usda_portal_url":null,"important_info":null,"rentals_and_guides":null,"passes":null,"permit_information":null,"restrictions":null,"closest_towns":null,"water_availability":null,"restroom_availability":null,"operated_by":null,"season_description":null,"directions":null,"maximum_elevation":null,"minimum_elevation":" feet","season_name":null,"site_season_start_date":null,"site_season_end_date":null,"max_nbr_people":null,"passes_accepted":null,"latitude":46.340301,"longitude":-115.35462700000001,"infra_last_update":1771858858000,"edw_last_modify":1771898741000,"globalid":"{3EBEDC93-351E-4FFC-B3B0-7BDF710FF4C7}"}},{"type":"Feature","geometry":{"type":"Point","coordinates":[-115.5666701,44.9523521]},"properties":{"objectid":2789099,"site_cn":"6431208010602","managing_org":"041206","site_id":"60142","site_name":"SHEEP CREEK","site_type":"TRAILHEAD","activity_type_list":"No Data","service_type_list":"No Data","seasonal_operational_status":"OPEN","op_status_reason":null,"development_status":"EXISTING","development_scale":"1","total_capacity":14,"fee_charged":"N","fee_type":null,"recarea_name":"Sheep Creek","recarea_description":"SHEEP CREEK (Trailhead)","information_center":null,"official_designation":null,"fee_description":null,"operational_hours":null,"open_season":null,"best_season":null,"busiest_season":null,"usage_level":null,"pack_in_out":"Y","public_site_name":"Sheep Creek","alternative_name":null,"rec1stop_url":null,"usda_portal_url":null,"important_info":null,"rentals_and_guides":null,"passes":null,"permit_information":null,"restrictions":null,"closest_towns":null,"water_availability":null,"restroom_availability":null,"operated_by":null,"season_description":null,"directions":null,"maximum_elevation":null,"minimum_elevation":" feet","season_name":null,"site_season_start_date":null,"site_season_end_date":null,"max_nbr_people":null,"passes_accepted":null,"latitude":44.952346,"longitude":-115.56665693,"infra_last_update":1664815121000,"edw_last_modify":1744204356000,"globalid":"{A54895BB-ABD2-4C35-AE8F-418137CAC33B}"}},{"type":"Feature","geometry":{"type":"Point","coordinates":[-115.3954701,46.8676562]},"properties":{"objectid":2789115,"site_cn":"3894045010602","managing_org":"011753","site_id":"170603070903_07B","site_name":"NF252RD_07B","site_type":"TRAILHEAD","activity_type_list":"No Data","service_type_list":"No Data","seasonal_operational_status":"OPEN","op_status_reason":null,"development_status":"EXISTING","development_scale":"1","total_capacity":3.5,"fee_charged":"N","fee_type":null,"recarea_name":"Nf252rd_07b","recarea_description":"NF252RD_07B (Trailhead)","information_center":null,"official_designation":null,"fee_description":null,"operational_hours":null,"open_season":null,"best_season":null,"busiest_season":null,"usage_level":null,"pack_in_out":"Y","public_site_name":null,"alternative_name":null,"rec1stop_url":null,"usda_portal_url":null,"important_info":null,"rentals_and_guides":null,"passes":null,"permit_information":null,"restrictions":null,"closest_towns":null,"water_availability":null,"restroom_availability":null,"operated_by":null,"season_description":null,"directions":null,"maximum_elevation":null,"minimum_elevation":"3,022 feet","season_name":null,"site_season_start_date":null,"site_season_end_date":null,"max_nbr_people":null,"passes_accepted":null,"latitude":46.867649920000005,"longitude":-115.39545663,"infra_last_update":1771858858000,"edw_last_modify":1771898954000,"globalid":"{615CA424-E46E-4155-A31F-29C1E611EAE2}"}},{"type":"Feature","geometry":{"type":"Point","coordinates":[-116.4641884,45.6223951]},"properties":{"objectid":2789131,"site_cn":"5386010263","managing_org":"061604","site_id":"68030","site_name":"SNAKE RIVER TRAILHEAD","site_type":"TRAILHEAD","activity_type_list":"No Data","service_type_list":"No Data","seasonal_operational_status":"OPEN","op_status_reason":null,"development_status":"EXISTING","development_scale":"3","total_capacity":57,"fee_charged":"Y","fee_type":"STANDARD AMENITY FEE","recarea_name":"SNAKE RIVER TRAILHEAD","recarea_description":"The Snake River Trailhead is the main northern portal for the Snake River National Recreation Trail (#102) which provides access to the Hells Canyon Wilderness. This trailhead provides a large parking area located along the Snake River with views of the canyon and grassy uplands. The site has a toilet and a parking for trucks with trailers. Located nearby are Pittsburg Campground and Pittsburg Landing Boat Launch. ALERT: Two rockslides on Bernard Creek Trail #58 above McGaffee Cabin have left the trail unpassable for stock and unsafe for hikers.","information_center":"Riggins- Hells Canyon National Recreation Area","official_designation":null,"fee_description":"No fees are required for this site","operational_hours":"Open 24 hours/day","open_season":null,"best_season":null,"busiest_season":null,"usage_level":"Light","pack_in_out":"Y","public_site_name":"Snake River Trailhead","alternative_name":null,"rec1stop_url":null,"usda_portal_url":"https://www.fs.usda.gov/recarea/wallowa-whitman/recarea/?recid=51665","important_info":null,"rentals_and_guides":null,"passes":null,"permit_information":null,"restrictions":"General rules of use and restrictions apply for this developed recreation site. Wilderness Regulations apply; within Hells Canyon Wildernes. Within the Wild and Scenic Snake River corridor open campfires are not allowed within 1/4 of a mile of the Snake R","closest_towns":"White Bird, Idaho (19 miles); Riggins, Idaho (45 miles)","water_availability":"No water is available","restroom_availability":"Vault toilet(s)","operated_by":"US Forest Service","season_description":null,"directions":"From White Bird, Idaho head south on Highway 95 for about 0.5 miles to Old Highway 95 at mile marker 222 (sign indicates Pittsburg Landing and Hammer Creek Recreation Area); Turn right on Old Highway 95 and go about 1 mile to the bridge crossing the Salmon River; Turn left and cross the bridge; Immediately after the bridge turn left on the Deer Creek Road (also known as Forest Road 493); Travel on the Deer Creek Road for 16.5 miles to Forest Road 493A; Turn left on Forest Road 493A and go 1.3 miles to trailhead parking area. The trail follows the road going past the Upper Pittsburg Picnic Area and goes about 6 miles to Kirkwood Ranch and beyond. From Riggins, Idaho head north on Highway 95 for about 27 miles to Old Highway 95 at mile marker 222 (sign indicates Pittsburg Landing and Hammer Creek Recreation Site); Turn left on Old Highway 95 and go about 1 mile to the bridge crossing the Salmon River; Turn left and cross the bridge; Immediately after the bridge turn left on the Deer Creek Road (also known as Forest Road 493); Travel on the Deer Creek Road for 16.5 miles to Forest Road 493A; Turn left on Forest Road 493A and go 1.3 miles to trailhead parking area. The trail follows the road going past the Upper Pittsburg Picnic Area and goes about 6 miles to Kirkwood Ranch and beyond.  Advisory: The Deer Creek Road (Forest Road 493) is a steep, narrow winding paved gravel road.","maximum_elevation":null,"minimum_elevation":null,"season_name":null,"site_season_start_date":null,"site_season_end_date":null,"max_nbr_people":null,"passes_accepted":null,"latitude":45.622389000000005,"longitude":-116.464175,"infra_last_update":1786027903000,"edw_last_modify":1786068280000,"globalid":"{8EB14782-5413-43E7-9E97-D25876424EFC}"}},{"type":"Feature","geometry":{"type":"Point","coordinates":[-115.7485214,46.2960172]},"properties":{"objectid":2789157,"site_cn":"210234010602","managing_org":"011755","site_id":"3519","site_name":"LOLO CREEK TRAILHEAD","site_type":"TRAILHEAD","activity_type_list":"No Data","service_type_list":"No Data","seasonal_operational_status":"OPEN","op_status_reason":null,"development_status":"EXISTING","development_scale":"2","total_capacity":17,"fee_charged":"N","fee_type":null,"recarea_name":"Lolo Creek Trailhead","recarea_description":"LOLO CREEK TRAILHEAD (Trailhead)","information_center":null,"official_designation":null,"fee_description":null,"operational_hours":null,"open_season":null,"best_season":null,"busiest_season":null,"usage_level":null,"pack_in_out":"Y","public_site_name":null,"alternative_name":null,"rec1stop_url":null,"usda_portal_url":null,"important_info":null,"rentals_and_guides":null,"passes":null,"permit_information":null,"restrictions":null,"closest_towns":null,"water_availability":null,"restroom_availability":null,"operated_by":null,"season_description":null,"directions":null,"maximum_elevation":null,"minimum_elevation":" feet","season_name":null,"site_season_start_date":null,"site_season_end_date":null,"max_nbr_people":null,"passes_accepted":null,"latitude":46.296011,"longitude":-115.748508,"infra_last_update":1771858857000,"edw_last_modify":1771899170000,"globalid":"{F20CCEAB-6B72-4C72-843E-729491015173}"}},{"type":"Feature","geometry":{"type":"Point","coordinates":[-114.8853953,46.4752183]},"properties":{"objectid":2789271,"site_cn":"5253.000411","managing_org":"011755","site_id":"338","site_name":"WARM SPRINGS TRAILHEAD","site_type":"TRAILHEAD","activity_type_list":"No Data","service_type_list":"No Data","seasonal_operational_status":"OPEN","op_status_reason":null,"development_status":"EXISTING","development_scale":"3","total_capacity":75,"fee_charged":"N","fee_type":null,"recarea_name":"WARM SPRINGS TRAILHEAD","recarea_description":"Warm Springs Trailhead serves as access to the Selway Bitterroot Wilderness and to the Jerry Johnson Hot Springs. It is located at  MP 152 on the famous Northwest Passage Scenic Byway and All American Road (US Highway 12) along the Lochsa Wild and Scenic River, approximately an hour and half from Kooskia, ID or an hour from Lolo, MT.  This area is known for its panoramic views of the Selway Bitterroot Wilderness and spectacular wildflower displays, and is a perfect spot for horseback riding, hiking and hot spring enjoyment. Two parking spaces are provided: one is for stock use.","information_center":null,"official_designation":null,"fee_description":"No fees are required for this site","operational_hours":"Open 24 hours/day","open_season":null,"best_season":null,"busiest_season":null,"usage_level":null,"pack_in_out":"N","public_site_name":"Warm Springs Trailhead","alternative_name":null,"rec1stop_url":null,"usda_portal_url":"https://www.fs.usda.gov/recarea/nezperceclearwater/recarea/?recid=80549","important_info":null,"rentals_and_guides":null,"passes":null,"permit_information":null,"restrictions":null,"closest_towns":"Lowell, ID or Lolo, MT","water_availability":"No drinking water is available","restroom_availability":"Vault toilet(s)","operated_by":"US Forest Service","season_description":null,"directions":"Located at Milepost 152 along US. Highway 12.","maximum_elevation":null,"minimum_elevation":null,"season_name":null,"site_season_start_date":null,"site_season_end_date":null,"max_nbr_people":null,"passes_accepted":null,"latitude":46.475212,"longitude":-114.885382,"infra_last_update":1766409723000,"edw_last_modify":1766455472000,"globalid":"{F68415A9-0E90-45AF-9592-1EF79A020085}"}},{"type":"Feature","geometry":{"type":"Point","coordinates":[-116.8771441,48.2907263]},"properties":{"objectid":2789299,"site_cn":"236480010602","managing_org":"010408","site_id":"420","site_name":"PEE WEE","site_type":"TRAILHEAD","activity_type_list":"No Data","service_type_list":"No Data","seasonal_operational_status":"OPEN","op_status_reason":null,"development_status":"EXISTING","development_scale":"3","total_capacity":70,"fee_charged":"N","fee_type":null,"recarea_name":"Pee Wee","recarea_description":"Open to ATVs. Part of the Peewee/Steep Creek trail system. The trail system is a series of interconnected loops and each trail can be accessed from several different points. Some loops gain elevations that view the Priest Lake and Pend Orielle River Valleys. Some sections are located on the old road bed while others are steep and rocky.USGS Quad(s): Quartz MountainView an elevation profile of the trail.View a more detailed map of the trail area.","information_center":null,"official_designation":null,"fee_description":"No fees are required for this site","operational_hours":"Open 24 hours/day","open_season":null,"best_season":null,"busiest_season":null,"usage_level":null,"pack_in_out":"Y","public_site_name":"Pee Wee Trailhead","alternative_name":null,"rec1stop_url":null,"usda_portal_url":"https://www.fs.usda.gov/recarea/ipnf/recarea/?recid=6786","important_info":null,"rentals_and_guides":null,"passes":null,"permit_information":null,"restrictions":null,"closest_towns":"Priest River, Idaho","water_availability":null,"restroom_availability":null,"operated_by":"US Forest Service","season_description":null,"directions":"Approx. 3.5 miles up Hwy 57 turn onto the Peninsula Road. Travel approx. 4 miles. Turn left onto Forest Service Road #334 (Gleason-McAbee Falls Road), which is right before the Green Owl Tavern and continue 1 mile. Trailhead is located past the gravel pit on the left.","maximum_elevation":null,"minimum_elevation":" feet","season_name":null,"site_season_start_date":null,"site_season_end_date":null,"max_nbr_people":null,"passes_accepted":null,"latitude":48.29072,"longitude":-116.87713,"infra_last_update":1753975074000,"edw_last_modify":1754014255000,"globalid":"{78C1AE58-3900-4518-92AC-FC69293AE0B1}"}},{"type":"Feature","geometry":{"type":"Point","coordinates":[-112.4221121,42.7074062]},"properties":{"objectid":2789400,"site_cn":"13009.002861","managing_org":"041557","site_id":"6762","site_name":"CORRAL CREEK PARK AND SKI LOT","site_type":"TRAILHEAD","activity_type_list":"No Data","service_type_list":"No Data","seasonal_operational_status":"OPEN","op_status_reason":null,"development_status":"EXISTING","development_scale":"1","total_capacity":88,"fee_charged":"N","fee_type":null,"recarea_name":"Corral Creek Park And Ski Lot","recarea_description":"CORRAL CREEK PARK AND SKI LOT (Trailhead)","information_center":null,"official_designation":null,"fee_description":null,"operational_hours":null,"open_season":null,"best_season":null,"busiest_season":null,"usage_level":null,"pack_in_out":"Y","public_site_name":null,"alternative_name":null,"rec1stop_url":null,"usda_portal_url":null,"important_info":null,"rentals_and_guides":null,"passes":null,"permit_information":null,"restrictions":null,"closest_towns":null,"water_availability":null,"restroom_availability":null,"operated_by":null,"season_description":null,"directions":null,"maximum_elevation":null,"minimum_elevation":"7,400 feet","season_name":null,"site_season_start_date":null,"site_season_end_date":null,"max_nbr_people":null,"passes_accepted":null,"latitude":42.7074,"longitude":-112.4221,"infra_last_update":1771858857000,"edw_last_modify":1771899186000,"globalid":"{288730DE-06AF-4BC1-B4C0-CB6FA63348CC}"}},{"type":"Feature","geometry":{"type":"Point","coordinates":[-111.188712,43.5263064]},"properties":{"objectid":2789439,"site_cn":"5115.003281","managing_org":"041554","site_id":"0424","site_name":"UPPER RAINEY CREEK TH","site_type":"TRAILHEAD","activity_type_list":"CAMPING, VEHICLE | HIKING & WALKING | HORSEBACK RIDING","service_type_list":"PARKING | RESTROOMS","seasonal_operational_status":"OPEN","op_status_reason":null,"development_status":"EXISTING","development_scale":"3","total_capacity":90,"fee_charged":"N","fee_type":null,"recarea_name":"Upper Rainey Creek Th","recarea_description":"Motorized and non motorized trailhead","information_center":null,"official_designation":null,"fee_description":"No fees are required for this site","operational_hours":"Day use only: open sunrise to sunset","open_season":null,"best_season":null,"busiest_season":null,"usage_level":null,"pack_in_out":"Y","public_site_name":"Upper Rainey Creek Trailhead","alternative_name":null,"rec1stop_url":null,"usda_portal_url":null,"important_info":null,"rentals_and_guides":null,"passes":null,"permit_information":null,"restrictions":null,"closest_towns":"Swan Valley, Idaho","water_availability":"No water is available","restroom_availability":"Vault toilet(s)","operated_by":"US Forest Service","season_description":null,"directions":"From Swan Valley Head northeast along ID-31 for 14.1 miles. Turn Right onto Forest Road 40253 for 5.5 miles to your destination","maximum_elevation":null,"minimum_elevation":"6,500 feet","season_name":null,"site_season_start_date":null,"site_season_end_date":null,"max_nbr_people":null,"passes_accepted":null,"latitude":43.5263,"longitude":-111.1887,"infra_last_update":1753975087000,"edw_last_modify":1754014150000,"globalid":"{502B5DA5-3CD9-4743-86B6-04D780BA4A1E}"}},{"type":"Feature","geometry":{"type":"Point","coordinates":[-111.0456119,43.2477064]},"properties":{"objectid":2789475,"site_cn":"5114.003281","managing_org":"041554","site_id":"0422","site_name":"SOUTH INDIAN CREEK TH","site_type":"TRAILHEAD","activity_type_list":"HIKING - MODERATE | HORSEBACK RIDING","service_type_list":"PARKING | RESTROOMS","seasonal_operational_status":"OPEN","op_status_reason":null,"development_status":"EXISTING","development_scale":"3","total_capacity":100,"fee_charged":"N","fee_type":null,"recarea_name":"South Indian Creek Th","recarea_description":"Motorized and non motorized trailhead","information_center":null,"official_designation":null,"fee_description":"No fees are required for this site","operational_hours":"Day use only; no overnight camping allowed","open_season":null,"best_season":null,"busiest_season":null,"usage_level":null,"pack_in_out":"Y","public_site_name":"South Indian Creek Trailhead","alternative_name":null,"rec1stop_url":null,"usda_portal_url":"https://www.fs.usda.gov/recarea/ctnf/recreation/recarea/?recid=54653&actid=24","important_info":null,"rentals_and_guides":null,"passes":null,"permit_information":null,"restrictions":null,"closest_towns":"Alpine, Wyoming","water_availability":"No water is available","restroom_availability":"No restroom available","operated_by":"US Forest Service","season_description":null,"directions":"Head north on US-26 W for 7.2 miles. Turn right onto Indian Creek Rd/NF-281 for 3.3 miles until you reach the trailhead","maximum_elevation":null,"minimum_elevation":"6,200 feet","season_name":null,"site_season_start_date":null,"site_season_end_date":null,"max_nbr_people":null,"passes_accepted":null,"latitude":43.2477,"longitude":-111.0456,"infra_last_update":1753975087000,"edw_last_modify":1754014151000,"globalid":"{A016B7B7-A0E5-4E29-9F63-A7F70200CB2C}"}},{"type":"Feature","geometry":{"type":"Point","coordinates":[-114.6429672,43.8038778]},"properties":{"objectid":2789636,"site_cn":"5113.003221","managing_org":"041404","site_id":"28218","site_name":"PRAIRIE CREEK TRAILHEAD","site_type":"TRAILHEAD","activity_type_list":"No Data","service_type_list":"No Data","seasonal_operational_status":"OPEN","op_status_reason":null,"development_status":"EXISTING","development_scale":"3","total_capacity":28,"fee_charged":"N","fee_type":null,"recarea_name":"PRAIRIE CREEK TRAILHEAD","recarea_description":"This location is available on a first-come, first-served basis only. Visitors are required to physically arrive at the campground to purchase and claim a site. Once on-site, you may be able to pay for your campsite(s) by scanning a QR code using the Recreation.gov mobile app, and the Scan and Pay feature.","information_center":null,"official_designation":null,"fee_description":null,"operational_hours":null,"open_season":null,"best_season":null,"busiest_season":null,"usage_level":null,"pack_in_out":"Y","public_site_name":"Mount Heyburn Campground","alternative_name":null,"rec1stop_url":"https://www.recreation.gov/camping/campgrounds/10165485","usda_portal_url":null,"important_info":null,"rentals_and_guides":null,"passes":null,"permit_information":null,"restrictions":null,"closest_towns":null,"water_availability":null,"restroom_availability":null,"operated_by":null,"season_description":null,"directions":null,"maximum_elevation":null,"minimum_elevation":null,"season_name":null,"site_season_start_date":null,"site_season_end_date":null,"max_nbr_people":null,"passes_accepted":null,"latitude":43.8038717,"longitude":-114.64295444,"infra_last_update":1749656818000,"edw_last_modify":1749694023000,"globalid":"{B3487D60-D51C-4486-A864-FB597EC3A9F5}"}},{"type":"Feature","geometry":{"type":"Point","coordinates":[-115.9567281,44.347649]},"properties":{"objectid":2789676,"site_cn":"7161.002731","managing_org":"040204","site_id":"6555","site_name":"EAST MOUNTAIN WAY TRAILHEAD","site_type":"TRAILHEAD","activity_type_list":"No Data","service_type_list":"No Data","seasonal_operational_status":"OPEN","op_status_reason":null,"development_status":"EXISTING","development_scale":"1","total_capacity":25,"fee_charged":"N","fee_type":null,"recarea_name":"East Mountain Way Trailhead","recarea_description":"EAST MOUNTAIN WAY TRAILHEAD (Trailhead)","information_center":null,"official_designation":null,"fee_description":null,"operational_hours":null,"open_season":null,"best_season":null,"busiest_season":null,"usage_level":null,"pack_in_out":"Y","public_site_name":null,"alternative_name":null,"rec1stop_url":null,"usda_portal_url":null,"important_info":null,"rentals_and_guides":null,"passes":null,"permit_information":null,"restrictions":null,"closest_towns":null,"water_availability":null,"restroom_availability":null,"operated_by":null,"season_description":null,"directions":null,"maximum_elevation":null,"minimum_elevation":" feet","season_name":null,"site_season_start_date":null,"site_season_end_date":null,"max_nbr_people":null,"passes_accepted":null,"latitude":44.347643,"longitude":-115.956715,"infra_last_update":1771858858000,"edw_last_modify":1771898609000,"globalid":"{6C58AA95-684F-4A99-BE51-335ADBE7D79B}"}},{"type":"Feature","geometry":{"type":"Point","coordinates":[-111.6008523,44.5541865]},"properties":{"objectid":2789772,"site_cn":"6589436010602","managing_org":"041552","site_id":"0313","site_name":"KEG SPRINGS TRAILHEAD","site_type":"TRAILHEAD","activity_type_list":"No Data","service_type_list":"No Data","seasonal_operational_status":"OPEN","op_status_reason":null,"development_status":"EXISTING","development_scale":"1","total_capacity":15,"fee_charged":"N","fee_type":null,"recarea_name":"Keg Springs Trailhead","recarea_description":"KEG SPRINGS TRAILHEAD (Trailhead)","information_center":null,"official_designation":null,"fee_description":null,"operational_hours":null,"open_season":null,"best_season":null,"busiest_season":null,"usage_level":null,"pack_in_out":"N","public_site_name":"Keg Springs Trailhead","alternative_name":null,"rec1stop_url":null,"usda_portal_url":null,"important_info":null,"rentals_and_guides":null,"passes":null,"permit_information":null,"restrictions":null,"closest_towns":null,"water_availability":null,"restroom_availability":null,"operated_by":null,"season_description":null,"directions":null,"maximum_elevation":null,"minimum_elevation":" feet","season_name":null,"site_season_start_date":null,"site_season_end_date":null,"max_nbr_people":null,"passes_accepted":null,"latitude":44.554179999999995,"longitude":-111.60084,"infra_last_update":1696349276000,"edw_last_modify":1744204357000,"globalid":"{343AB2B1-C362-4FB8-88DB-994C016F5B80}"}},{"type":"Feature","geometry":{"type":"Point","coordinates":[-115.58399,44.4658801]},"properties":{"objectid":2789807,"site_cn":"6733109010602","managing_org":"040205","site_id":"6705","site_name":"PORTER CREEK TRAILHEAD","site_type":"TRAILHEAD","activity_type_list":"No Data","service_type_list":"No Data","seasonal_operational_status":"OPEN","op_status_reason":null,"development_status":"EXISTING","development_scale":"1","total_capacity":15,"fee_charged":"N","fee_type":null,"recarea_name":"Porter Creek Trailhead","recarea_description":"PORTER CREEK TRAILHEAD (Trailhead)","information_center":null,"official_designation":null,"fee_description":null,"operational_hours":null,"open_season":null,"best_season":null,"busiest_season":null,"usage_level":null,"pack_in_out":"Y","public_site_name":"Porter Creek Trailhead","alternative_name":null,"rec1stop_url":null,"usda_portal_url":null,"important_info":null,"rentals_and_guides":null,"passes":null,"permit_information":null,"restrictions":null,"closest_towns":null,"water_availability":null,"restroom_availability":null,"operated_by":null,"season_description":null,"directions":null,"maximum_elevation":null,"minimum_elevation":" feet","season_name":null,"site_season_start_date":null,"site_season_end_date":null,"max_nbr_people":null,"passes_accepted":null,"latitude":44.465874,"longitude":-115.583977,"infra_last_update":1696349236000,"edw_last_modify":1744204357000,"globalid":"{BF2F21FF-9FFD-4400-B385-72E1412F889D}"}},{"type":"Feature","geometry":{"type":"Point","coordinates":[-112.7599125,44.4073063]},"properties":{"objectid":2790034,"site_cn":"12259010495","managing_org":"041551","site_id":"0107","site_name":"FRITZ CREEK TRAILHEAD","site_type":"TRAILHEAD","activity_type_list":"No Data","service_type_list":"No Data","seasonal_operational_status":"OPEN","op_status_reason":null,"development_status":"EXISTING","development_scale":"2","total_capacity":10,"fee_charged":"N","fee_type":null,"recarea_name":"FRITZ CREEK TRAILHEAD","recarea_description":"Non motorized Trailhead","information_center":null,"official_designation":null,"fee_description":"No fees are required for this site","operational_hours":"Day use only; no overnight camping allowed","open_season":null,"best_season":null,"busiest_season":null,"usage_level":null,"pack_in_out":"Y","public_site_name":"Fritz Creek Trailhead","alternative_name":null,"rec1stop_url":null,"usda_portal_url":"https://www.fs.usda.gov/recarea/ctnf/recarea/?recid=54081","important_info":null,"rentals_and_guides":null,"passes":null,"permit_information":null,"restrictions":null,"closest_towns":"Dubois, Idaho","water_availability":"No water is available","restroom_availability":"Vault toilet(s)","operated_by":"US Forest Service","season_description":null,"directions":"Located 33 miles NW of Dubois, ID. Take Hwy 22 to Medicine Lodge turn-off and continue up the county road. Turn left onto FS Rd #119, turn left. Continue up the ridge to FS Rd #195 and turn left. Head north on FS Rd #171 which leads you to the trailhead.","maximum_elevation":null,"minimum_elevation":null,"season_name":null,"site_season_start_date":null,"site_season_end_date":null,"max_nbr_people":null,"passes_accepted":null,"latitude":44.4073,"longitude":-112.7599,"infra_last_update":1753975087000,"edw_last_modify":1754014282000,"globalid":"{1DE6C324-08DE-4C30-BBCC-CF3C2A429563}"}},{"type":"Feature","geometry":{"type":"Point","coordinates":[-111.0655889,43.2607484]},"properties":{"objectid":2790130,"site_cn":"7159749010602","managing_org":"041554","site_id":"0440","site_name":"NORTH INDIAN CREEK TRAILHEAD","site_type":"TRAILHEAD","activity_type_list":"No Data","service_type_list":"No Data","seasonal_operational_status":"OPEN","op_status_reason":null,"development_status":"EXISTING","development_scale":"2","total_capacity":50,"fee_charged":"N","fee_type":null,"recarea_name":"North Indian Creek Trailhead","recarea_description":"NORTH INDIAN CREEK TRAILHEAD (Trailhead)","information_center":null,"official_designation":null,"fee_description":null,"operational_hours":null,"open_season":null,"best_season":null,"busiest_season":null,"usage_level":null,"pack_in_out":"N","public_site_name":null,"alternative_name":null,"rec1stop_url":null,"usda_portal_url":null,"important_info":null,"rentals_and_guides":null,"passes":null,"permit_information":null,"restrictions":null,"closest_towns":null,"water_availability":null,"restroom_availability":null,"operated_by":null,"season_description":null,"directions":null,"maximum_elevation":null,"minimum_elevation":" feet","season_name":null,"site_season_start_date":null,"site_season_end_date":null,"max_nbr_people":null,"passes_accepted":null,"latitude":43.260742,"longitude":-111.065577,"infra_last_update":1771858854000,"edw_last_modify":1771898610000,"globalid":"{1E0BA129-C68D-4D6A-AB2D-94FF98019CF1}"}},{"type":"Feature","geometry":{"type":"Point","coordinates":[-115.6279831,44.6413931]},"properties":{"objectid":2791401,"site_cn":"7438.002731","managing_org":"040204","site_id":"6362","site_name":"BEAR CREEK/WARM LAKE TRAILHEAD","site_type":"TRAILHEAD","activity_type_list":"No Data","service_type_list":"No Data","seasonal_operational_status":"OPEN","op_status_reason":null,"development_status":"EXISTING","development_scale":"4","total_capacity":25,"fee_charged":"N","fee_type":null,"recarea_name":"Bear Creek/Warm Lake Trailhead","recarea_description":"BEAR CREEK/WARM LAKE TRAILHEAD (Trailhead)","information_center":null,"official_designation":null,"fee_description":null,"operational_hours":null,"open_season":null,"best_season":null,"busiest_season":null,"usage_level":null,"pack_in_out":"Y","public_site_name":"Bear Creek/Warm Lake Trailhead","alternative_name":null,"rec1stop_url":null,"usda_portal_url":null,"important_info":null,"rentals_and_guides":null,"passes":null,"permit_information":null,"restrictions":null,"closest_towns":null,"water_availability":null,"restroom_availability":null,"operated_by":null,"season_description":null,"directions":null,"maximum_elevation":null,"minimum_elevation":" feet","season_name":null,"site_season_start_date":null,"site_season_end_date":null,"max_nbr_people":null,"passes_accepted":null,"latitude":44.641387,"longitude":-115.62796999999999,"infra_last_update":1782842358000,"edw_last_modify":1782877519000,"globalid":"{44852134-09A7-4B0B-99E1-5A7F4265054E}"}},{"type":"Feature","geometry":{"type":"Point","coordinates":[-115.8741931,44.4405861]},"properties":{"objectid":2791407,"site_cn":"7165.002731","managing_org":"040204","site_id":"6558","site_name":"EAST MOUNTAIN SPRING TRAILHEAD","site_type":"TRAILHEAD","activity_type_list":"No Data","service_type_list":"No Data","seasonal_operational_status":"OPEN","op_status_reason":null,"development_status":"EXISTING","development_scale":"1","total_capacity":25,"fee_charged":"N","fee_type":null,"recarea_name":"East Mountain Spring Trailhead","recarea_description":"EAST MOUNTAIN SPRING TRAILHEAD (Trailhead)","information_center":null,"official_designation":null,"fee_description":null,"operational_hours":null,"open_season":null,"best_season":null,"busiest_season":null,"usage_level":null,"pack_in_out":"Y","public_site_name":null,"alternative_name":null,"rec1stop_url":null,"usda_portal_url":null,"important_info":null,"rentals_and_guides":null,"passes":null,"permit_information":null,"restrictions":null,"closest_towns":null,"water_availability":null,"restroom_availability":null,"operated_by":null,"season_description":null,"directions":null,"maximum_elevation":null,"minimum_elevation":" feet","season_name":null,"site_season_start_date":null,"site_season_end_date":null,"max_nbr_people":null,"passes_accepted":null,"latitude":44.44058,"longitude":-115.87418,"infra_last_update":1771858859000,"edw_last_modify":1771898609000,"globalid":"{0E4EE2DE-8DB0-4DA6-90BC-C7313DD795F1}"}},{"type":"Feature","geometry":{"type":"Point","coordinates":[-111.2325064,43.1553786]},"properties":{"objectid":2791513,"site_cn":"7380433010602","managing_org":"041555","site_id":"06726","site_name":"BALD MOUNTAIN","site_type":"TRAILHEAD","activity_type_list":"No Data","service_type_list":"No Data","seasonal_operational_status":"OPEN","op_status_reason":null,"development_status":"EXISTING","development_scale":"3","total_capacity":0,"fee_charged":"N","fee_type":null,"recarea_name":"Bald Mountain","recarea_description":"BALD MOUNTAIN (Trailhead)","information_center":null,"official_designation":null,"fee_description":null,"operational_hours":null,"open_season":null,"best_season":null,"busiest_season":null,"usage_level":null,"pack_in_out":"N","public_site_name":"Bald Mountain","alternative_name":null,"rec1stop_url":null,"usda_portal_url":null,"important_info":null,"rentals_and_guides":null,"passes":null,"permit_information":null,"restrictions":null,"closest_towns":null,"water_availability":null,"restroom_availability":null,"operated_by":null,"season_description":null,"directions":null,"maximum_elevation":null,"minimum_elevation":" feet","season_name":null,"site_season_start_date":null,"site_season_end_date":null,"max_nbr_people":null,"passes_accepted":null,"latitude":43.15537222,"longitude":-111.23249445,"infra_last_update":1783346975000,"edw_last_modify":1783392554000,"globalid":"{41142C59-63D1-4B1F-A7D8-308C78EF7794}"}},{"type":"Feature","geometry":{"type":"Point","coordinates":[-111.6122814,42.4900285]},"properties":{"objectid":2791514,"site_cn":"7380397010602","managing_org":"041553","site_id":"06717","site_name":"CHEATBECK BASIN","site_type":"TRAILHEAD","activity_type_list":"No Data","service_type_list":"No Data","seasonal_operational_status":"OPEN","op_status_reason":null,"development_status":"EXISTING","development_scale":"1","total_capacity":0,"fee_charged":"N","fee_type":null,"recarea_name":null,"recarea_description":null,"information_center":null,"official_designation":null,"fee_description":null,"operational_hours":null,"open_season":null,"best_season":null,"busiest_season":null,"usage_level":null,"pack_in_out":"N","public_site_name":null,"alternative_name":null,"rec1stop_url":null,"usda_portal_url":null,"important_info":null,"rentals_and_guides":null,"passes":null,"permit_information":null,"restrictions":null,"closest_towns":null,"water_availability":null,"restroom_availability":null,"operated_by":null,"season_description":null,"directions":null,"maximum_elevation":null,"minimum_elevation":null,"season_name":null,"site_season_start_date":null,"site_season_end_date":null,"max_nbr_people":null,"passes_accepted":null,"latitude":42.49002222,"longitude":-111.61226944,"infra_last_update":1775146994000,"edw_last_modify":1775181931000,"globalid":"{9B7E6C3A-E6F6-4053-AF77-3CAF3F39398A}"}},{"type":"Feature","geometry":{"type":"Point","coordinates":[-111.6990341,42.0867173]},"properties":{"objectid":2791515,"site_cn":"7380420010602","managing_org":"041553","site_id":"06724","site_name":"SUGAR CREEK","site_type":"TRAILHEAD","activity_type_list":"No Data","service_type_list":"No Data","seasonal_operational_status":"OPEN","op_status_reason":null,"development_status":"EXISTING","development_scale":"3","total_capacity":0,"fee_charged":"N","fee_type":null,"recarea_name":"Sugar Creek","recarea_description":"SUGAR CREEK (Trailhead)","information_center":null,"official_designation":null,"fee_description":null,"operational_hours":null,"open_season":null,"best_season":null,"busiest_season":null,"usage_level":null,"pack_in_out":"N","public_site_name":"Sugar Creek","alternative_name":null,"rec1stop_url":null,"usda_portal_url":null,"important_info":null,"rentals_and_guides":null,"passes":null,"permit_information":null,"restrictions":null,"closest_towns":null,"water_availability":null,"restroom_availability":null,"operated_by":null,"season_description":null,"directions":null,"maximum_elevation":null,"minimum_elevation":" feet","season_name":null,"site_season_start_date":null,"site_season_end_date":null,"max_nbr_people":null,"passes_accepted":null,"latitude":42.08671111,"longitude":-111.69902222,"infra_last_update":1783346963000,"edw_last_modify":1783392554000,"globalid":"{655D01BF-4A6D-4B0B-B7D0-7E0793B3E14C}"}},{"type":"Feature","geometry":{"type":"Point","coordinates":[-111.1010646,42.5690007]},"properties":{"objectid":2791516,"site_cn":"7380413010602","managing_org":"041553","site_id":"06722","site_name":"PINE CREEK","site_type":"TRAILHEAD","activity_type_list":"No Data","service_type_list":"No Data","seasonal_operational_status":"OPEN","op_status_reason":null,"development_status":"EXISTING","development_scale":"3","total_capacity":0,"fee_charged":"N","fee_type":null,"recarea_name":"Pine Creek","recarea_description":"PINE CREEK (Trailhead)","information_center":null,"official_designation":null,"fee_description":null,"operational_hours":null,"open_season":null,"best_season":null,"busiest_season":null,"usage_level":null,"pack_in_out":"N","public_site_name":"Pine Creek","alternative_name":null,"rec1stop_url":null,"usda_portal_url":null,"important_info":null,"rentals_and_guides":null,"passes":null,"permit_information":null,"restrictions":null,"closest_towns":null,"water_availability":null,"restroom_availability":null,"operated_by":null,"season_description":null,"directions":null,"maximum_elevation":null,"minimum_elevation":" feet","season_name":null,"site_season_start_date":null,"site_season_end_date":null,"max_nbr_people":null,"passes_accepted":null,"latitude":42.56899445,"longitude":-111.10105278,"infra_last_update":1783346811000,"edw_last_modify":1783392554000,"globalid":"{5B4EE73A-133B-44AD-897B-8983E3163F9A}"}},{"type":"Feature","geometry":{"type":"Point","coordinates":[-111.2880481,43.1603063]},"properties":{"objectid":2791517,"site_cn":"7380460010602","managing_org":"041555","site_id":"06622","site_name":"WOLVERINE CREEK","site_type":"TRAILHEAD","activity_type_list":"No Data","service_type_list":"No Data","seasonal_operational_status":"OPEN","op_status_reason":null,"development_status":"EXISTING","development_scale":"3","total_capacity":0,"fee_charged":"N","fee_type":null,"recarea_name":"Wolverine Creek","recarea_description":"WOLVERINE CREEK (Trailhead)","information_center":null,"official_designation":null,"fee_description":null,"operational_hours":null,"open_season":null,"best_season":null,"busiest_season":null,"usage_level":null,"pack_in_out":"N","public_site_name":"Wolverine Creek","alternative_name":null,"rec1stop_url":null,"usda_portal_url":null,"important_info":null,"rentals_and_guides":null,"passes":null,"permit_information":null,"restrictions":null,"closest_towns":null,"water_availability":null,"restroom_availability":null,"operated_by":null,"season_description":null,"directions":null,"maximum_elevation":null,"minimum_elevation":" feet","season_name":null,"site_season_start_date":null,"site_season_end_date":null,"max_nbr_people":null,"passes_accepted":null,"latitude":43.1603,"longitude":-111.28803611,"infra_last_update":1783346693000,"edw_last_modify":1783392554000,"globalid":"{840FCF4C-97ED-4DA0-91E9-AA25832488A6}"}},{"type":"Feature","geometry":{"type":"Point","coordinates":[-111.7198202,42.1526895]},"properties":{"objectid":2791518,"site_cn":"7380425010602","managing_org":"041553","site_id":"06725","site_name":"WORM CREEK","site_type":"TRAILHEAD","activity_type_list":"No Data","service_type_list":"No Data","seasonal_operational_status":"OPEN","op_status_reason":null,"development_status":"EXISTING","development_scale":"3","total_capacity":0,"fee_charged":"N","fee_type":null,"recarea_name":"Worm Creek","recarea_description":"WORM CREEK (Trailhead)","information_center":null,"official_designation":null,"fee_description":null,"operational_hours":null,"open_season":null,"best_season":null,"busiest_season":null,"usage_level":null,"pack_in_out":"N","public_site_name":"Worm Creek","alternative_name":null,"rec1stop_url":null,"usda_portal_url":null,"important_info":null,"rentals_and_guides":null,"passes":null,"permit_information":null,"restrictions":null,"closest_towns":null,"water_availability":null,"restroom_availability":null,"operated_by":null,"season_description":null,"directions":null,"maximum_elevation":null,"minimum_elevation":" feet","season_name":null,"site_season_start_date":null,"site_season_end_date":null,"max_nbr_people":null,"passes_accepted":null,"latitude":42.15268333,"longitude":-111.71980834,"infra_last_update":1783346970000,"edw_last_modify":1783392554000,"globalid":"{3A6739F8-BFDB-42EC-AE11-2BAEECE431A2}"}},{"type":"Feature","geometry":{"type":"Point","coordinates":[-111.1332953,43.0471369]},"properties":{"objectid":2791520,"site_cn":"7380446010602","managing_org":"041555","site_id":"06627","site_name":"JACKKNIFE","site_type":"TRAILHEAD","activity_type_list":"No Data","service_type_list":"No Data","seasonal_operational_status":"OPEN","op_status_reason":null,"development_status":"EXISTING","development_scale":"3","total_capacity":0,"fee_charged":"N","fee_type":null,"recarea_name":"Jackknife","recarea_description":"JACKKNIFE (Trailhead)","information_center":null,"official_designation":null,"fee_description":null,"operational_hours":null,"open_season":null,"best_season":null,"busiest_season":null,"usage_level":null,"pack_in_out":"N","public_site_name":"Jackknife","alternative_name":null,"rec1stop_url":null,"usda_portal_url":null,"important_info":null,"rentals_and_guides":null,"passes":null,"permit_information":null,"restrictions":null,"closest_towns":null,"water_availability":null,"restroom_availability":null,"operated_by":null,"season_description":null,"directions":null,"maximum_elevation":null,"minimum_elevation":" feet","season_name":null,"site_season_start_date":null,"site_season_end_date":null,"max_nbr_people":null,"passes_accepted":null,"latitude":43.04713055,"longitude":-111.13328334,"infra_last_update":1783346771000,"edw_last_modify":1783392554000,"globalid":"{33BE3E65-ABC1-44C3-9FDB-4C6CF52A0E6F}"}},{"type":"Feature","geometry":{"type":"Point","coordinates":[-111.4396341,42.702948]},"properties":{"objectid":2791521,"site_cn":"7380455010602","managing_org":"041555","site_id":"06624","site_name":"TRAIL CANYON","site_type":"TRAILHEAD","activity_type_list":"No Data","service_type_list":"No Data","seasonal_operational_status":"OPEN","op_status_reason":null,"development_status":"EXISTING","development_scale":"3","total_capacity":0,"fee_charged":"N","fee_type":null,"recarea_name":"Trail Canyon","recarea_description":"TRAIL CANYON (Trailhead)","information_center":null,"official_designation":null,"fee_description":null,"operational_hours":null,"open_season":null,"best_season":null,"busiest_season":null,"usage_level":null,"pack_in_out":"N","public_site_name":"Trail Canyon","alternative_name":null,"rec1stop_url":null,"usda_portal_url":null,"important_info":null,"rentals_and_guides":null,"passes":null,"permit_information":null,"restrictions":null,"closest_towns":null,"water_availability":null,"restroom_availability":null,"operated_by":null,"season_description":null,"directions":null,"maximum_elevation":null,"minimum_elevation":" feet","season_name":null,"site_season_start_date":null,"site_season_end_date":null,"max_nbr_people":null,"passes_accepted":null,"latitude":42.70294167,"longitude":-111.43962222,"infra_last_update":1783346755000,"edw_last_modify":1783392554000,"globalid":"{B4F81B57-C76D-4A38-9296-81F43E2D7D46}"}},{"type":"Feature","geometry":{"type":"Point","coordinates":[-111.0730674,42.4274702]},"properties":{"objectid":2791522,"site_cn":"7380404010602","managing_org":"041553","site_id":"06719","site_name":"DRY CREEK","site_type":"TRAILHEAD","activity_type_list":"No Data","service_type_list":"No Data","seasonal_operational_status":"OPEN","op_status_reason":null,"development_status":"EXISTING","development_scale":"3","total_capacity":0,"fee_charged":"N","fee_type":null,"recarea_name":"Dry Creek","recarea_description":"DRY CREEK (Trailhead)","information_center":null,"official_designation":null,"fee_description":null,"operational_hours":null,"open_season":null,"best_season":null,"busiest_season":null,"usage_level":null,"pack_in_out":"N","public_site_name":"Dry Creek","alternative_name":null,"rec1stop_url":null,"usda_portal_url":null,"important_info":null,"rentals_and_guides":null,"passes":null,"permit_information":null,"restrictions":null,"closest_towns":null,"water_availability":null,"restroom_availability":null,"operated_by":null,"season_description":null,"directions":null,"maximum_elevation":null,"minimum_elevation":" feet","season_name":null,"site_season_start_date":null,"site_season_end_date":null,"max_nbr_people":null,"passes_accepted":null,"latitude":42.42746389,"longitude":-111.07305556,"infra_last_update":1783346791000,"edw_last_modify":1783392554000,"globalid":"{5C17CE5E-7E96-4468-BE8E-FDF5BB595D1F}"}},{"type":"Feature","geometry":{"type":"Point","coordinates":[-111.1567341,42.7106563]},"properties":{"objectid":2791524,"site_cn":"7380457010602","managing_org":"041555","site_id":"06623","site_name":"WEBSTER RIDGE","site_type":"TRAILHEAD","activity_type_list":"No Data","service_type_list":"No Data","seasonal_operational_status":"OPEN","op_status_reason":null,"development_status":"EXISTING","development_scale":"2","total_capacity":0,"fee_charged":"N","fee_type":null,"recarea_name":"Webster Ridge","recarea_description":"WEBSTER RIDGE (Trailhead)","information_center":null,"official_designation":null,"fee_description":null,"operational_hours":null,"open_season":null,"best_season":null,"busiest_season":null,"usage_level":null,"pack_in_out":"N","public_site_name":"Webster Ridge","alternative_name":null,"rec1stop_url":null,"usda_portal_url":null,"important_info":null,"rentals_and_guides":null,"passes":null,"permit_information":null,"restrictions":null,"closest_towns":null,"water_availability":null,"restroom_availability":null,"operated_by":null,"season_description":null,"directions":null,"maximum_elevation":null,"minimum_elevation":" feet","season_name":null,"site_season_start_date":null,"site_season_end_date":null,"max_nbr_people":null,"passes_accepted":null,"latitude":42.71065,"longitude":-111.15672222,"infra_last_update":1775493310000,"edw_last_modify":1775527484000,"globalid":"{4C21C3C4-51E0-4425-8BE3-9A54684444CC}"}},{"type":"Feature","geometry":{"type":"Point","coordinates":[-111.2014091,42.7265535]},"properties":{"objectid":2791525,"site_cn":"7380437010602","managing_org":"041555","site_id":"06727","site_name":"BEAR CREEK","site_type":"TRAILHEAD","activity_type_list":"No Data","service_type_list":"No Data","seasonal_operational_status":"OPEN","op_status_reason":null,"development_status":"EXISTING","development_scale":"3","total_capacity":0,"fee_charged":"N","fee_type":null,"recarea_name":"Bear Creek","recarea_description":"BEAR CREEK (Trailhead)","information_center":null,"official_designation":null,"fee_description":null,"operational_hours":null,"open_season":null,"best_season":null,"busiest_season":null,"usage_level":null,"pack_in_out":"N","public_site_name":"Bear Creek","alternative_name":null,"rec1stop_url":null,"usda_portal_url":null,"important_info":null,"rentals_and_guides":null,"passes":null,"permit_information":null,"restrictions":null,"closest_towns":null,"water_availability":null,"restroom_availability":null,"operated_by":null,"season_description":null,"directions":null,"maximum_elevation":null,"minimum_elevation":" feet","season_name":null,"site_season_start_date":null,"site_season_end_date":null,"max_nbr_people":null,"passes_accepted":null,"latitude":42.72654723,"longitude":-111.20139722,"infra_last_update":1783346982000,"edw_last_modify":1783392554000,"globalid":"{73C6C484-01A7-4670-95BF-6E60FDC044A9}"}},{"type":"Feature","geometry":{"type":"Point","coordinates":[-111.5291452,42.0218507]},"properties":{"objectid":2791526,"site_cn":"7380380010602","managing_org":"041553","site_id":"06713","site_name":"BEAVER CREEK","site_type":"TRAILHEAD","activity_type_list":"No Data","service_type_list":"No Data","seasonal_operational_status":"OPEN","op_status_reason":null,"development_status":"EXISTING","development_scale":"1","total_capacity":0,"fee_charged":"N","fee_type":null,"recarea_name":"Beaver Creek","recarea_description":"BEAVER CREEK (Trailhead)","information_center":null,"official_designation":null,"fee_description":null,"operational_hours":null,"open_season":null,"best_season":null,"busiest_season":null,"usage_level":null,"pack_in_out":"N","public_site_name":null,"alternative_name":null,"rec1stop_url":null,"usda_portal_url":null,"important_info":null,"rentals_and_guides":null,"passes":null,"permit_information":null,"restrictions":null,"closest_towns":null,"water_availability":null,"restroom_availability":null,"operated_by":null,"season_description":null,"directions":null,"maximum_elevation":null,"minimum_elevation":" feet","season_name":null,"site_season_start_date":null,"site_season_end_date":null,"max_nbr_people":null,"passes_accepted":null,"latitude":42.021844449999996,"longitude":-111.52913334,"infra_last_update":1775492747000,"edw_last_modify":1775527484000,"globalid":"{861CCCFF-0B52-44C3-A528-DFDE34F2A88B}"}},{"type":"Feature","geometry":{"type":"Point","coordinates":[-111.2014425,42.975523]},"properties":{"objectid":2791527,"site_cn":"7380453010602","managing_org":"041555","site_id":"06625","site_name":"TINCUP MOUNTAIN","site_type":"TRAILHEAD","activity_type_list":"No Data","service_type_list":"No Data","seasonal_operational_status":"OPEN","op_status_reason":null,"development_status":"EXISTING","development_scale":"3","total_capacity":0,"fee_charged":"N","fee_type":null,"recarea_name":"Tincup Mountain","recarea_description":"TINCUP MOUNTAIN (Trailhead)","information_center":null,"official_designation":null,"fee_description":null,"operational_hours":null,"open_season":null,"best_season":null,"busiest_season":null,"usage_level":null,"pack_in_out":"N","public_site_name":"Tincup Mountain","alternative_name":null,"rec1stop_url":null,"usda_portal_url":null,"important_info":null,"rentals_and_guides":null,"passes":null,"permit_information":null,"restrictions":null,"closest_towns":null,"water_availability":null,"restroom_availability":null,"operated_by":null,"season_description":null,"directions":null,"maximum_elevation":null,"minimum_elevation":" feet","season_name":null,"site_season_start_date":null,"site_season_end_date":null,"max_nbr_people":null,"passes_accepted":null,"latitude":42.97551667,"longitude":-111.20143056,"infra_last_update":1783346761000,"edw_last_modify":1783392554000,"globalid":"{708DD309-B696-4874-B1CB-6EA20D91D10E}"}},{"type":"Feature","geometry":{"type":"Point","coordinates":[-111.1666868,42.4619146]},"properties":{"objectid":2791528,"site_cn":"7380416010602","managing_org":"041553","site_id":"06723","site_name":"PREUSS CREEK","site_type":"TRAILHEAD","activity_type_list":"No Data","service_type_list":"No Data","seasonal_operational_status":"OPEN","op_status_reason":null,"development_status":"EXISTING","development_scale":"3","total_capacity":0,"fee_charged":"N","fee_type":null,"recarea_name":"Preuss Creek","recarea_description":"PREUSS CREEK (Trailhead)","information_center":null,"official_designation":null,"fee_description":null,"operational_hours":null,"open_season":null,"best_season":null,"busiest_season":null,"usage_level":null,"pack_in_out":"N","public_site_name":"Preuss Creek","alternative_name":null,"rec1stop_url":null,"usda_portal_url":null,"important_info":null,"rentals_and_guides":null,"passes":null,"permit_information":null,"restrictions":null,"closest_towns":null,"water_availability":null,"restroom_availability":null,"operated_by":null,"season_description":null,"directions":null,"maximum_elevation":null,"minimum_elevation":" feet","season_name":null,"site_season_start_date":null,"site_season_end_date":null,"max_nbr_people":null,"passes_accepted":null,"latitude":42.46190833,"longitude":-111.166675,"infra_last_update":1783346958000,"edw_last_modify":1783392554000,"globalid":"{C258096F-F827-45CA-B5C5-D5C6071CF8FC}"}},{"type":"Feature","geometry":{"type":"Point","coordinates":[-111.6955174,42.1390256]},"properties":{"objectid":2791529,"site_cn":"7380400010602","managing_org":"041553","site_id":"06718","site_name":"CUB RIVER","site_type":"TRAILHEAD","activity_type_list":"No Data","service_type_list":"No Data","seasonal_operational_status":"OPEN","op_status_reason":null,"development_status":"EXISTING","development_scale":"3","total_capacity":0,"fee_charged":"N","fee_type":null,"recarea_name":"Cub River","recarea_description":"CUB RIVER (Trailhead)","information_center":null,"official_designation":null,"fee_description":null,"operational_hours":null,"open_season":null,"best_season":null,"busiest_season":null,"usage_level":null,"pack_in_out":"N","public_site_name":"Cub River","alternative_name":null,"rec1stop_url":null,"usda_portal_url":null,"important_info":null,"rentals_and_guides":null,"passes":null,"permit_information":null,"restrictions":null,"closest_towns":null,"water_availability":null,"restroom_availability":null,"operated_by":null,"season_description":null,"directions":null,"maximum_elevation":null,"minimum_elevation":" feet","season_name":null,"site_season_start_date":null,"site_season_end_date":null,"max_nbr_people":null,"passes_accepted":null,"latitude":42.139019440000006,"longitude":-111.69550555,"infra_last_update":1783346782000,"edw_last_modify":1783392554000,"globalid":"{586CE3F3-1A1F-43AA-B1C3-3A9C4E433CA2}"}},{"type":"Feature","geometry":{"type":"Point","coordinates":[-111.1328452,42.5832646]},"properties":{"objectid":2791530,"site_cn":"7380383010602","managing_org":"041553","site_id":"06715","site_name":"CAMEL HOLLOW","site_type":"TRAILHEAD","activity_type_list":"No Data","service_type_list":"No Data","seasonal_operational_status":"OPEN","op_status_reason":null,"development_status":"EXISTING","development_scale":"1","total_capacity":0,"fee_charged":"N","fee_type":null,"recarea_name":"Camel Hollow","recarea_description":"CAMEL HOLLOW (Trailhead)","information_center":null,"official_designation":null,"fee_description":null,"operational_hours":null,"open_season":null,"best_season":null,"busiest_season":null,"usage_level":null,"pack_in_out":"N","public_site_name":null,"alternative_name":null,"rec1stop_url":null,"usda_portal_url":null,"important_info":null,"rentals_and_guides":null,"passes":null,"permit_information":null,"restrictions":null,"closest_towns":null,"water_availability":null,"restroom_availability":null,"operated_by":null,"season_description":null,"directions":null,"maximum_elevation":null,"minimum_elevation":" feet","season_name":null,"site_season_start_date":null,"site_season_end_date":null,"max_nbr_people":null,"passes_accepted":null,"latitude":42.58325834,"longitude":-111.13283334,"infra_last_update":1775492752000,"edw_last_modify":1775527484000,"globalid":"{3B1CF0EF-58D2-4178-BE26-82BC0E6DAC62}"}},{"type":"Feature","geometry":{"type":"Point","coordinates":[-111.5600175,42.3958118]},"properties":{"objectid":2791531,"site_cn":"7380411010602","managing_org":"041553","site_id":"06721","site_name":"MECHAM HOLLOW","site_type":"TRAILHEAD","activity_type_list":"No Data","service_type_list":"No Data","seasonal_operational_status":"OPEN","op_status_reason":null,"development_status":"EXISTING","development_scale":"3","total_capacity":0,"fee_charged":"N","fee_type":null,"recarea_name":"Mecham Hollow","recarea_description":"MECHAM HOLLOW (Trailhead)","information_center":null,"official_designation":null,"fee_description":null,"operational_hours":null,"open_season":null,"best_season":null,"busiest_season":null,"usage_level":null,"pack_in_out":"N","public_site_name":"Mecham Hollow","alternative_name":null,"rec1stop_url":null,"usda_portal_url":null,"important_info":null,"rentals_and_guides":null,"passes":null,"permit_information":null,"restrictions":null,"closest_towns":null,"water_availability":null,"restroom_availability":null,"operated_by":null,"season_description":null,"directions":null,"maximum_elevation":null,"minimum_elevation":" feet","season_name":null,"site_season_start_date":null,"site_season_end_date":null,"max_nbr_people":null,"passes_accepted":null,"latitude":42.39580555,"longitude":-111.56000556000001,"infra_last_update":1783346806000,"edw_last_modify":1783392554000,"globalid":"{5DED8682-A5CA-40B7-9FD2-305C26FD8AB3}"}},{"type":"Feature","geometry":{"type":"Point","coordinates":[-111.2625286,43.1042952]},"properties":{"objectid":2791532,"site_cn":"7380443010602","managing_org":"041555","site_id":"06728","site_name":"CARIBOU CITY","site_type":"TRAILHEAD","activity_type_list":"No Data","service_type_list":"No Data","seasonal_operational_status":"OPEN","op_status_reason":null,"development_status":"EXISTING","development_scale":"3","total_capacity":0,"fee_charged":"N","fee_type":null,"recarea_name":"Caribou City","recarea_description":"CARIBOU CITY (Trailhead)","information_center":null,"official_designation":null,"fee_description":null,"operational_hours":null,"open_season":null,"best_season":null,"busiest_season":null,"usage_level":null,"pack_in_out":"N","public_site_name":"Caribou City","alternative_name":null,"rec1stop_url":null,"usda_portal_url":null,"important_info":null,"rentals_and_guides":null,"passes":null,"permit_information":null,"restrictions":null,"closest_towns":null,"water_availability":null,"restroom_availability":null,"operated_by":null,"season_description":null,"directions":null,"maximum_elevation":null,"minimum_elevation":" feet","season_name":null,"site_season_start_date":null,"site_season_end_date":null,"max_nbr_people":null,"passes_accepted":null,"latitude":43.10428889,"longitude":-111.26251667,"infra_last_update":1783346996000,"edw_last_modify":1783392554000,"globalid":"{3C18CFE1-CD0E-48F2-B64C-F741E3474D9C}"}},{"type":"Feature","geometry":{"type":"Point","coordinates":[-112.3836243,42.7379852]},"properties":{"objectid":2790222,"site_cn":"12264010495","managing_org":"041557","site_id":"36451","site_name":"LEAD DRAW PARKING TRAILHEAD COMPLEX","site_type":"TRAILHEAD","activity_type_list":"No Data","service_type_list":"No Data","seasonal_operational_status":"OPEN","op_status_reason":null,"development_status":"EXISTING","development_scale":"1","total_capacity":120,"fee_charged":"N","fee_type":null,"recarea_name":"Lead Draw Parking Trailhead Complex","recarea_description":"LEAD DRAW PARKING TRAILHEAD COMPLEX (Trailhead)","information_center":null,"official_designation":null,"fee_description":null,"operational_hours":null,"open_season":null,"best_season":null,"busiest_season":null,"usage_level":null,"pack_in_out":"Y","public_site_name":"Lead Draw Parking Trailhead Complex","alternative_name":null,"rec1stop_url":null,"usda_portal_url":null,"important_info":null,"rentals_and_guides":null,"passes":null,"permit_information":null,"restrictions":null,"closest_towns":null,"water_availability":null,"restroom_availability":null,"operated_by":null,"season_description":null,"directions":null,"maximum_elevation":null,"minimum_elevation":"5,160 feet","season_name":null,"site_season_start_date":null,"site_season_end_date":null,"max_nbr_people":null,"passes_accepted":null,"latitude":42.73797896000001,"longitude":-112.3836122,"infra_last_update":1744209519000,"edw_last_modify":1744252611000,"globalid":"{AD45A070-398C-4B50-B7E8-3D0BAABF3E8E}"}},{"type":"Feature","geometry":{"type":"Point","coordinates":[-115.9708682,44.8696161]},"properties":{"objectid":2790329,"site_cn":"13065.003141","managing_org":"041204","site_id":"40107","site_name":"BOULDER LAKE","site_type":"TRAILHEAD","activity_type_list":"No Data","service_type_list":"No Data","seasonal_operational_status":"OPEN","op_status_reason":null,"development_status":"EXISTING","development_scale":"2","total_capacity":88,"fee_charged":"N","fee_type":null,"recarea_name":"Boulder","recarea_description":"BOULDER (Trailhead)","information_center":null,"official_designation":null,"fee_description":null,"operational_hours":null,"open_season":null,"best_season":null,"busiest_season":null,"usage_level":null,"pack_in_out":"Y","public_site_name":"Boulder","alternative_name":null,"rec1stop_url":null,"usda_portal_url":null,"important_info":null,"rentals_and_guides":null,"passes":null,"permit_information":null,"restrictions":null,"closest_towns":null,"water_availability":null,"restroom_availability":null,"operated_by":null,"season_description":null,"directions":null,"maximum_elevation":null,"minimum_elevation":" feet","season_name":null,"site_season_start_date":null,"site_season_end_date":null,"max_nbr_people":null,"passes_accepted":null,"latitude":44.86961,"longitude":-115.970855,"infra_last_update":1664815079000,"edw_last_modify":1744204359000,"globalid":"{15DD9C6F-2741-4D2F-B95F-C0DBB02ADD60}"}},{"type":"Feature","geometry":{"type":"Point","coordinates":[-111.111112,43.3255504]},"properties":{"objectid":2790370,"site_cn":"9580.003281","managing_org":"041554","site_id":"0412","site_name":"BIG ELK TRAILHEAD","site_type":"TRAILHEAD","activity_type_list":"FISHING, RIVER / STREAM | HIKING - MODERATE | HORSEBACK RIDING","service_type_list":"PARKING | RESTROOMS","seasonal_operational_status":"OPEN","op_status_reason":null,"development_status":"EXISTING","development_scale":"3","total_capacity":100,"fee_charged":"N","fee_type":null,"recarea_name":"Big Elk Trailhead","recarea_description":"Non motorized Trailhead","information_center":null,"official_designation":null,"fee_description":"No fees are required for this site","operational_hours":"Day use only: open sunrise to sunset","open_season":null,"best_season":null,"busiest_season":null,"usage_level":null,"pack_in_out":"Y","public_site_name":"Big Elk Trailhead","alternative_name":null,"rec1stop_url":null,"usda_portal_url":"https://www.fs.usda.gov/recarea/ctnf/recreation/recarea/?recid=53747&actid=50","important_info":null,"rentals_and_guides":null,"passes":null,"permit_information":null,"restrictions":null,"closest_towns":"Alpine, Wyoming","water_availability":"No water is available","restroom_availability":"Vault toilet(s)","operated_by":"US Forest Service","season_description":null,"directions":"Located approximately 15 miles SE of Swan Valley, ID on Hwy 26 and can be accessed through the campground.","maximum_elevation":null,"minimum_elevation":"5,700 feet","season_name":null,"site_season_start_date":null,"site_season_end_date":null,"max_nbr_people":null,"passes_accepted":null,"latitude":43.325544,"longitude":-111.1111,"infra_last_update":1753975087000,"edw_last_modify":1754013945000,"globalid":"{E150BFD0-9E60-4CDC-BE43-27A1BA9FF7CE}"}},{"type":"Feature","geometry":{"type":"Point","coordinates":[-116.5123634,45.3493171]},"properties":{"objectid":2790544,"site_cn":"5429010263","managing_org":"061604","site_id":"33916","site_name":"WINDY SADDLE TRAILHEAD","site_type":"TRAILHEAD","activity_type_list":"No Data","service_type_list":"No Data","seasonal_operational_status":"OPEN","op_status_reason":null,"development_status":"EXISTING","development_scale":"3","total_capacity":60,"fee_charged":"Y","fee_type":"STANDARD AMENITY FEE","recarea_name":"WINDY SADDLE TRAILHEAD","recarea_description":"The Windy Saddle Trailhead is the main access point into the Hells Canyon Wilderness from Idaho. Located on the saddle going to Seven Devils basin or up to Heaven's Gate Lookout, the area offers a great view of the Seven Devils mountain range and the Hells Canyon area. This site provides access to Seven Devils Trail #124 and Sheep Creek Trail #53 which enter Hells Canyon Wilderness.","information_center":"Riggins- Hells Canyon National Recreation Area","official_designation":null,"fee_description":"Overnight Use:\nSingle Site: $10 per night\nDay Use:\n$5 per vehicle per day\n$30 per annual","operational_hours":"Open 24 hours/day","open_season":null,"best_season":null,"busiest_season":null,"usage_level":"Moderate","pack_in_out":"Y","public_site_name":"Windy Saddle Trailhead","alternative_name":null,"rec1stop_url":null,"usda_portal_url":"https://www.fs.usda.gov/recarea/wallowa-whitman/recarea/?recid=51729","important_info":null,"rentals_and_guides":null,"passes":"Interagency Senior/Access Recreation Passes provide a 50% discount to Single Campsites ONLY. *The discount applies only to the fee for the campsite physically occupied by the pass holder, not to any additional fee or campsite(s) occupied by members of the pass holder's party.* https://store.usgs.gov/recreational-passes Please be prepared to pay with CASH or CHECK. *Sites may be reservable and reservation fees apply.*","permit_information":null,"restrictions":"General rules of use and restrictions apply for this developed recreation site. Wilderness Regulations apply; within Hells Canyon Wildernes. Motorized vehicles, bicycles, carts, hang glider and other mechanical equipment is prohibited in the Wilderness ar","closest_towns":"Riggins, Idaho (18 miles)","water_availability":"No water is available","restroom_availability":"Vault toilet(s)","operated_by":"US Forest Service","season_description":null,"directions":"From Riggins, Idaho travel south on Highway 95 for 1.3 miles to Seven Devils Road (becomes Forest Road 517); Turn right on Seven Devils Road and go 17 miles to trailhead and horse camp road junction; Take a left at the road junction then turn right into the trailhead entrance.   ADVISORY: Forest Road 517 is very steep, and narrow. Low clearance vehicles, RVs and vehicles pulling trailers are not recommended or advised. Use caution when traveling the upper sections of this road. The road can also be slippery when wet or frozen and is not recommended for trailers in the late fall and winter.","maximum_elevation":null,"minimum_elevation":null,"season_name":null,"site_season_start_date":null,"site_season_end_date":null,"max_nbr_people":null,"passes_accepted":null,"latitude":45.349311,"longitude":-116.51235,"infra_last_update":1786027903000,"edw_last_modify":1786068275000,"globalid":"{DCD38D4B-38DA-4278-91EB-CD8EC2029288}"}},{"type":"Feature","geometry":{"type":"Point","coordinates":[-116.4976994,45.3698311]},"properties":{"objectid":2790607,"site_cn":"5381010263","managing_org":"061604","site_id":"33918","site_name":"HEAVENS GATE TRAILHEAD","site_type":"TRAILHEAD","activity_type_list":"No Data","service_type_list":"No Data","seasonal_operational_status":"OPEN","op_status_reason":null,"development_status":"EXISTING","development_scale":"3","total_capacity":32,"fee_charged":"Y","fee_type":"STANDARD AMENITY FEE","recarea_name":"HEAVENS GATE TRAILHEAD","recarea_description":"The Heaven's Gate Trailhead is located below Heaven's Gate Viewpoint near the Hells Canyon Wilderness. Visitors to the site can enjoy a short hike up to the fire lookout viewpoint on the Heaven's Gate National Recreation Trail, or walk along the northern portion of the Boise Trail (#101) and look down into Hells Canyon.  The Boise Trail #101 provides access to Hells Canyon Wilderness via the Old Timer Trail #110 junction north of Heaven's Gate Trailhead.","information_center":"Riggins- Hells Canyon National Recreation Area","official_designation":null,"fee_description":"Overnight Use:\nSingle Site: $10 per night\nDay Use:\n$5 per vehicle per day\n$30 per annual","operational_hours":"Open 24 hours/day","open_season":null,"best_season":null,"busiest_season":null,"usage_level":"Moderate","pack_in_out":"Y","public_site_name":"Heaven's Gate Trailhead","alternative_name":null,"rec1stop_url":null,"usda_portal_url":"https://www.fs.usda.gov/recarea/wallowa-whitman/recarea/?recid=51769","important_info":null,"rentals_and_guides":null,"passes":"Interagency Senior/Access Recreation Passes provide a 50% discount to Single Campsites ONLY. *The discount applies only to the fee for the campsite physically occupied by the pass holder, not to any additional fee or campsite(s) occupied by members of the pass holder's party.* https://store.usgs.gov/recreational-passes Please be prepared to pay with CASH or CHECK. *Sites may be reservable and reservation fees apply.*","permit_information":null,"restrictions":"General rules of use and restrictions apply for this developed recreation site. Wilderness Regulations apply; within Hells Canyon Wildernes. Motorized vehicles, bicycles, carts, hang glider and other mechanical equipment is prohibited in the Wilderness ar","closest_towns":"Riggins, Idaho (20 miles)","water_availability":"No water is available","restroom_availability":"Vault toilet(s)","operated_by":"US Forest Service","season_description":null,"directions":"From Riggins, Idaho travel south on Highway 95 for 1.3 miles to Seven Devils Road (becomes Forest Road 517); Turn right on Seven Devils Road and go 18 miles to the end of the road; The Heaven's Gate Trailhead is about 1.5 miles past the Windy Saddle Trailhead.  ADVISORY: Forest Road 517 is very steep, and narrow. Low clearance vehicles, RVs and vehicles pulling trailers are not recommended or advised to use caution when traveling the upper sections of this road. The road can also be slippery when wet or frozen and is not recommended for trailers in the late fall and winter.","maximum_elevation":null,"minimum_elevation":null,"season_name":null,"site_season_start_date":null,"site_season_end_date":null,"max_nbr_people":null,"passes_accepted":null,"latitude":45.36982499,"longitude":-116.497686,"infra_last_update":1786027853000,"edw_last_modify":1786068281000,"globalid":"{9D87E48D-7BFC-49BE-A8F8-8BA1A3299C78}"}},{"type":"Feature","geometry":{"type":"Point","coordinates":[-115.5126131,44.5984061]},"properties":{"objectid":2791090,"site_cn":"7158.002731","managing_org":"040204","site_id":"6552","site_name":"NORTH FORK SULFUR CREEK TRAILHEAD","site_type":"TRAILHEAD","activity_type_list":"No Data","service_type_list":"No Data","seasonal_operational_status":"OPEN","op_status_reason":null,"development_status":"EXISTING","development_scale":"2","total_capacity":15,"fee_charged":"N","fee_type":null,"recarea_name":"North Fork Sulfur Creek Trailhead","recarea_description":"NORTH FORK SULFUR CREEK TRAILHEAD (Trailhead)","information_center":null,"official_designation":null,"fee_description":null,"operational_hours":null,"open_season":null,"best_season":null,"busiest_season":null,"usage_level":null,"pack_in_out":"Y","public_site_name":null,"alternative_name":null,"rec1stop_url":null,"usda_portal_url":null,"important_info":null,"rentals_and_guides":null,"passes":null,"permit_information":null,"restrictions":null,"closest_towns":null,"water_availability":null,"restroom_availability":null,"operated_by":null,"season_description":null,"directions":null,"maximum_elevation":null,"minimum_elevation":" feet","season_name":null,"site_season_start_date":null,"site_season_end_date":null,"max_nbr_people":null,"passes_accepted":null,"latitude":44.5984,"longitude":-115.5126,"infra_last_update":1771858853000,"edw_last_modify":1771898610000,"globalid":"{5349908A-81AB-4F4F-85C2-4DC2B9CD0635}"}},{"type":"Feature","geometry":{"type":"Point","coordinates":[-115.6059351,44.7323501]},"properties":{"objectid":2791091,"site_cn":"7154.002731","managing_org":"040204","site_id":"6548","site_name":"TROUT CREEK/THUNDERBOLT TRAILHEAD","site_type":"TRAILHEAD","activity_type_list":"No Data","service_type_list":"No Data","seasonal_operational_status":"OPEN","op_status_reason":null,"development_status":"EXISTING","development_scale":"1","total_capacity":15,"fee_charged":"N","fee_type":null,"recarea_name":"Trout Creek/Thunderbolt Trailhead","recarea_description":"TROUT CREEK/THUNDERBOLT TRAILHEAD (Trailhead)","information_center":null,"official_designation":null,"fee_description":null,"operational_hours":null,"open_season":null,"best_season":null,"busiest_season":null,"usage_level":null,"pack_in_out":"Y","public_site_name":null,"alternative_name":null,"rec1stop_url":null,"usda_portal_url":null,"important_info":null,"rentals_and_guides":null,"passes":null,"permit_information":null,"restrictions":null,"closest_towns":null,"water_availability":null,"restroom_availability":null,"operated_by":null,"season_description":null,"directions":null,"maximum_elevation":null,"minimum_elevation":" feet","season_name":null,"site_season_start_date":null,"site_season_end_date":null,"max_nbr_people":null,"passes_accepted":null,"latitude":44.732344000000005,"longitude":-115.605922,"infra_last_update":1771858859000,"edw_last_modify":1771898610000,"globalid":"{8F79BED9-58C8-4A7F-8A81-136406002FD6}"}},{"type":"Feature","geometry":{"type":"Point","coordinates":[-116.1043091,44.486593]},"properties":{"objectid":2791092,"site_cn":"7150.002731","managing_org":"040204","site_id":"6544","site_name":"SKEIN LAKE TRAILHEAD","site_type":"TRAILHEAD","activity_type_list":"No Data","service_type_list":"No Data","seasonal_operational_status":"OPEN","op_status_reason":null,"development_status":"EXISTING","development_scale":"1","total_capacity":15,"fee_charged":"N","fee_type":null,"recarea_name":"Skein Lake Trailhead","recarea_description":"SKEIN LAKE TRAILHEAD (Trailhead)","information_center":null,"official_designation":null,"fee_description":null,"operational_hours":null,"open_season":null,"best_season":null,"busiest_season":null,"usage_level":null,"pack_in_out":"Y","public_site_name":null,"alternative_name":null,"rec1stop_url":null,"usda_portal_url":null,"important_info":null,"rentals_and_guides":null,"passes":null,"permit_information":null,"restrictions":null,"closest_towns":null,"water_availability":null,"restroom_availability":null,"operated_by":null,"season_description":null,"directions":null,"maximum_elevation":null,"minimum_elevation":" feet","season_name":null,"site_season_start_date":null,"site_season_end_date":null,"max_nbr_people":null,"passes_accepted":null,"latitude":44.486587,"longitude":-116.104296,"infra_last_update":1771858856000,"edw_last_modify":1771898610000,"globalid":"{C5C08A0E-0246-4527-8303-28F0160BA294}"}},{"type":"Feature","geometry":{"type":"Point","coordinates":[-116.9644742,48.6681163]},"properties":{"objectid":2791103,"site_cn":"236479010602","managing_org":"010408","site_id":"419","site_name":"302 SNOWMOBILE","site_type":"TRAILHEAD","activity_type_list":"No Data","service_type_list":"No Data","seasonal_operational_status":"OPEN","op_status_reason":null,"development_status":"EXISTING","development_scale":"2","total_capacity":85,"fee_charged":"N","fee_type":null,"recarea_name":"302 Snowmobile","recarea_description":"302 SNOWMOBILE (Trailhead)","information_center":null,"official_designation":null,"fee_description":null,"operational_hours":null,"open_season":null,"best_season":null,"busiest_season":null,"usage_level":null,"pack_in_out":"N","public_site_name":null,"alternative_name":null,"rec1stop_url":null,"usda_portal_url":null,"important_info":null,"rentals_and_guides":null,"passes":null,"permit_information":null,"restrictions":null,"closest_towns":null,"water_availability":null,"restroom_availability":null,"operated_by":null,"season_description":null,"directions":null,"maximum_elevation":null,"minimum_elevation":" feet","season_name":null,"site_season_start_date":null,"site_season_end_date":null,"max_nbr_people":null,"passes_accepted":null,"latitude":48.668110000000006,"longitude":-116.96446,"infra_last_update":1771858855000,"edw_last_modify":1771899165000,"globalid":"{1DE381F2-023F-419D-A356-30E2BC7B0AF1}"}},{"type":"Feature","geometry":{"type":"Point","coordinates":[-115.4598136,47.2724063]},"properties":{"objectid":2791104,"site_cn":"236477010602","managing_org":"010403","site_id":"404","site_name":"STEVENS LAKE","site_type":"TRAILHEAD","activity_type_list":"No Data","service_type_list":"No Data","seasonal_operational_status":"OPEN","op_status_reason":null,"development_status":"EXISTING","development_scale":"2","total_capacity":18,"fee_charged":"N","fee_type":null,"recarea_name":"Stevens Lake","recarea_description":"STEVENS LAKE (Trailhead)","information_center":null,"official_designation":null,"fee_description":null,"operational_hours":null,"open_season":null,"best_season":null,"busiest_season":null,"usage_level":null,"pack_in_out":"N","public_site_name":null,"alternative_name":null,"rec1stop_url":null,"usda_portal_url":null,"important_info":null,"rentals_and_guides":null,"passes":null,"permit_information":null,"restrictions":null,"closest_towns":null,"water_availability":null,"restroom_availability":null,"operated_by":null,"season_description":null,"directions":null,"maximum_elevation":null,"minimum_elevation":" feet","season_name":null,"site_season_start_date":null,"site_season_end_date":null,"max_nbr_people":null,"passes_accepted":null,"latitude":47.2724,"longitude":-115.4598,"infra_last_update":1771858856000,"edw_last_modify":1771899165000,"globalid":"{6FA03075-48E6-4D1A-8C2D-2E1374E1C134}"}},{"type":"Feature","geometry":{"type":"Point","coordinates":[-115.7414384,46.3584482]},"properties":{"objectid":2791112,"site_cn":"210200010602","managing_org":"011755","site_id":"3510","site_name":"NIMIIPUU TRAILHEAD","site_type":"TRAILHEAD","activity_type_list":"No Data","service_type_list":"No Data","seasonal_operational_status":"OPEN","op_status_reason":null,"development_status":"EXISTING","development_scale":"2","total_capacity":17,"fee_charged":"N","fee_type":null,"recarea_name":"Nimiipuu Trailhead","recarea_description":"NIMIIPUU TRAILHEAD (Trailhead)","information_center":null,"official_designation":null,"fee_description":null,"operational_hours":null,"open_season":null,"best_season":null,"busiest_season":null,"usage_level":null,"pack_in_out":"Y","public_site_name":null,"alternative_name":null,"rec1stop_url":null,"usda_portal_url":null,"important_info":null,"rentals_and_guides":null,"passes":null,"permit_information":null,"restrictions":null,"closest_towns":null,"water_availability":null,"restroom_availability":null,"operated_by":null,"season_description":null,"directions":null,"maximum_elevation":null,"minimum_elevation":" feet","season_name":null,"site_season_start_date":null,"site_season_end_date":null,"max_nbr_people":null,"passes_accepted":null,"latitude":46.358442000000004,"longitude":-115.74142499999999,"infra_last_update":1771858857000,"edw_last_modify":1771899170000,"globalid":"{3E72A912-075A-4ABC-9AAA-249E7093CD04}"}},{"type":"Feature","geometry":{"type":"Point","coordinates":[-115.0335803,45.8162862]},"properties":{"objectid":2791288,"site_cn":"3893661010602","managing_org":"011705","site_id":"170603020302-015","site_name":"RD285-015","site_type":"TRAILHEAD","activity_type_list":"No Data","service_type_list":"No Data","seasonal_operational_status":"OPEN","op_status_reason":null,"development_status":"EXISTING","development_scale":"0","total_capacity":3.5,"fee_charged":"N","fee_type":null,"recarea_name":"Rd285-015","recarea_description":"RD285-015 (Trailhead)","information_center":null,"official_designation":null,"fee_description":null,"operational_hours":null,"open_season":null,"best_season":null,"busiest_season":null,"usage_level":null,"pack_in_out":"Y","public_site_name":null,"alternative_name":null,"rec1stop_url":null,"usda_portal_url":null,"important_info":null,"rentals_and_guides":null,"passes":null,"permit_information":null,"restrictions":null,"closest_towns":null,"water_availability":null,"restroom_availability":null,"operated_by":null,"season_description":null,"directions":null,"maximum_elevation":null,"minimum_elevation":"6,716 feet","season_name":null,"site_season_start_date":null,"site_season_end_date":null,"max_nbr_people":null,"passes_accepted":null,"latitude":45.81627996,"longitude":-115.03356709,"infra_last_update":1771858857000,"edw_last_modify":1771898960000,"globalid":"{88442D2A-59E8-4DF4-A49D-26B47DB5DC94}"}},{"type":"Feature","geometry":{"type":"Point","coordinates":[-115.3305398,45.6703742]},"properties":{"objectid":2791385,"site_cn":"2921019010602","managing_org":"011705","site_id":"170603050101-009","site_name":"RR1190RD-006","site_type":"TRAILHEAD","activity_type_list":"No Data","service_type_list":"No Data","seasonal_operational_status":"OPEN","op_status_reason":null,"development_status":"EXISTING","development_scale":"1","total_capacity":3.5,"fee_charged":"N","fee_type":null,"recarea_name":"Rr1190rd-006","recarea_description":"RR1190RD-006 (Trailhead)","information_center":null,"official_designation":null,"fee_description":null,"operational_hours":null,"open_season":null,"best_season":null,"busiest_season":null,"usage_level":null,"pack_in_out":"Y","public_site_name":null,"alternative_name":null,"rec1stop_url":null,"usda_portal_url":null,"important_info":null,"rentals_and_guides":null,"passes":null,"permit_information":null,"restrictions":null,"closest_towns":null,"water_availability":null,"restroom_availability":null,"operated_by":null,"season_description":null,"directions":null,"maximum_elevation":null,"minimum_elevation":"4,829 feet","season_name":null,"site_season_start_date":null,"site_season_end_date":null,"max_nbr_people":null,"passes_accepted":null,"latitude":45.67036803,"longitude":-115.3305266,"infra_last_update":1771858859000,"edw_last_modify":1771899106000,"globalid":"{751AA876-6FB7-42D6-BD26-D6A87A002240}"}},{"type":"Feature","geometry":{"type":"Point","coordinates":[-111.213234,43.3978864]},"properties":{"objectid":2791438,"site_cn":"7159743010602","managing_org":"041554","site_id":"0438","site_name":"PALISADES CREEK  TRAILHEAD- HIKERS","site_type":"TRAILHEAD","activity_type_list":"No Data","service_type_list":"No Data","seasonal_operational_status":"OPEN","op_status_reason":null,"development_status":"EXISTING","development_scale":"3","total_capacity":80,"fee_charged":"N","fee_type":null,"recarea_name":"Palisades Creek  Trailhead- Hikers","recarea_description":"PALISADES CREEK  TRAILHEAD- HIKERS (Trailhead)","information_center":null,"official_designation":null,"fee_description":null,"operational_hours":null,"open_season":null,"best_season":null,"busiest_season":null,"usage_level":null,"pack_in_out":"N","public_site_name":"Palisades Creek  Trailhead- Hikers","alternative_name":null,"rec1stop_url":null,"usda_portal_url":null,"important_info":null,"rentals_and_guides":null,"passes":null,"permit_information":null,"restrictions":null,"closest_towns":null,"water_availability":null,"restroom_availability":null,"operated_by":null,"season_description":null,"directions":null,"maximum_elevation":null,"minimum_elevation":" feet","season_name":null,"site_season_start_date":null,"site_season_end_date":null,"max_nbr_people":null,"passes_accepted":null,"latitude":43.397879999999994,"longitude":-111.213222,"infra_last_update":1783346681000,"edw_last_modify":1783392556000,"globalid":"{1A92BEB0-B066-4DEE-B20A-F57829837164}"}},{"type":"Feature","geometry":{"type":"Point","coordinates":[-116.1734631,44.335246]},"properties":{"objectid":2791431,"site_cn":"7462.002731","managing_org":"040206","site_id":"6575","site_name":"SAGE HEN NATURE TRAIL TRAILHEAD","site_type":"TRAILHEAD","activity_type_list":"No Data","service_type_list":"No Data","seasonal_operational_status":"OPEN","op_status_reason":null,"development_status":"EXISTING","development_scale":"3","total_capacity":35,"fee_charged":"N","fee_type":null,"recarea_name":"Sage Hen Nature Trail Trailhead","recarea_description":"SAGE HEN NATURE TRAIL TRAILHEAD (Trailhead)","information_center":null,"official_designation":null,"fee_description":null,"operational_hours":null,"open_season":null,"best_season":null,"busiest_season":null,"usage_level":null,"pack_in_out":"Y","public_site_name":"Sage Hen Nature Trail Trailhead","alternative_name":null,"rec1stop_url":null,"usda_portal_url":null,"important_info":null,"rentals_and_guides":null,"passes":null,"permit_information":null,"restrictions":null,"closest_towns":null,"water_availability":null,"restroom_availability":null,"operated_by":null,"season_description":null,"directions":null,"maximum_elevation":null,"minimum_elevation":" feet","season_name":null,"site_season_start_date":null,"site_season_end_date":null,"max_nbr_people":null,"passes_accepted":null,"latitude":44.33524,"longitude":-116.17345,"infra_last_update":1782842552000,"edw_last_modify":1782877519000,"globalid":"{3D040AF6-F489-4A9C-8E23-F956EFC35D37}"}},{"type":"Feature","geometry":{"type":"Point","coordinates":[-111.3342008,43.0279536]},"properties":{"objectid":2791434,"site_cn":"7380449010602","managing_org":"041555","site_id":"06626","site_name":"MORGAN MEADOWS","site_type":"TRAILHEAD","activity_type_list":"No Data","service_type_list":"No Data","seasonal_operational_status":"OPEN","op_status_reason":null,"development_status":"EXISTING","development_scale":"3","total_capacity":0,"fee_charged":"N","fee_type":null,"recarea_name":"Morgan Meadows","recarea_description":"MORGAN MEADOWS (Trailhead)","information_center":null,"official_designation":null,"fee_description":null,"operational_hours":null,"open_season":null,"best_season":null,"busiest_season":null,"usage_level":null,"pack_in_out":"N","public_site_name":"Morgan Meadows","alternative_name":null,"rec1stop_url":null,"usda_portal_url":null,"important_info":null,"rentals_and_guides":null,"passes":null,"permit_information":null,"restrictions":null,"closest_towns":null,"water_availability":null,"restroom_availability":null,"operated_by":null,"season_description":null,"directions":null,"maximum_elevation":null,"minimum_elevation":" feet","season_name":null,"site_season_start_date":null,"site_season_end_date":null,"max_nbr_people":null,"passes_accepted":null,"latitude":43.02794723,"longitude":-111.33418889000001,"infra_last_update":1783346765000,"edw_last_modify":1783392554000,"globalid":"{AA070AB8-3D3A-43CB-AF06-35EAFB58ECF5}"}},{"type":"Feature","geometry":{"type":"Point","coordinates":[-111.066609,42.0666035]},"properties":{"objectid":2791435,"site_cn":"7380406010602","managing_org":"041553","site_id":"06720","site_name":"MAPLE CREEK","site_type":"TRAILHEAD","activity_type_list":"No Data","service_type_list":"No Data","seasonal_operational_status":"OPEN","op_status_reason":null,"development_status":"EXISTING","development_scale":"3","total_capacity":0,"fee_charged":"N","fee_type":null,"recarea_name":"Maple Creek","recarea_description":"MAPLE CREEK (Trailhead)","information_center":null,"official_designation":null,"fee_description":null,"operational_hours":null,"open_season":null,"best_season":null,"busiest_season":null,"usage_level":null,"pack_in_out":"N","public_site_name":"Maple Creek","alternative_name":null,"rec1stop_url":null,"usda_portal_url":null,"important_info":null,"rentals_and_guides":null,"passes":null,"permit_information":null,"restrictions":null,"closest_towns":null,"water_availability":null,"restroom_availability":null,"operated_by":null,"season_description":null,"directions":null,"maximum_elevation":null,"minimum_elevation":" feet","season_name":null,"site_season_start_date":null,"site_season_end_date":null,"max_nbr_people":null,"passes_accepted":null,"latitude":42.06659722,"longitude":-111.06659722,"infra_last_update":1783346800000,"edw_last_modify":1783392554000,"globalid":"{58780E8A-ED90-4ADE-A2A8-AA4EA8239D4D}"}}]}
