{"type":"FeatureCollection","metadata":{"layer":"developed-camping","scope":"Idaho","feature_count":451,"source":"USFS EDW Recreation Infrastructure Sites","note":"Developed USFS camping facilities only: CAMPGROUND, GROUP CAMPGROUND, and HORSE CAMP. Broad CAMPING AREA and individual CAMP UNIT records are excluded to avoid ambiguous sites and duplicate map markers. Operational status is source-published context, not a live guarantee."},"features":[{"type":"Feature","geometry":{"type":"Point","coordinates":[-116.1915731,44.333976]},"properties":{"id":"usfs-camp:5581.002731","name":"Cartwright Ridge Campground","camp_type":"Developed campground","site_type":"CAMPGROUND","agency":"USDA Forest Service","managing_org_code":"040206","operated_by":null,"status":"OPEN","status_reason":null,"description":"CARTWRIGHT RIDGE CAMPGROUND (Campground)","capacity":30,"max_people":null,"fee_charged":"Yes","fee_type":null,"fee_description":null,"open_season":null,"season_description":null,"operational_hours":null,"usage_level":null,"water":null,"restrooms":"Vault","pack_in_out":"Yes","permits":null,"passes":null,"restrictions":null,"important_info":null,"closest_towns":null,"directions":null,"recreation_gov_url":null,"usfs_url":null,"minimum_elevation":null,"maximum_elevation":null,"source_updated":"2026-08-06"}},{"type":"Feature","geometry":{"type":"Point","coordinates":[-114.9059364,44.1715425]},"properties":{"id":"usfs-camp:5709.003221","name":"Redfish Overflow Camping","camp_type":"Developed campground","site_type":"CAMPGROUND","agency":"USDA Forest Service","managing_org_code":"041404","operated_by":null,"status":"OPEN","status_reason":null,"description":"REDFISH OVERFLOW CAMPING (Campground)","capacity":75,"max_people":null,"fee_charged":"No","fee_type":null,"fee_description":null,"open_season":null,"season_description":null,"operational_hours":null,"usage_level":null,"water":null,"restrooms":null,"pack_in_out":"Yes","permits":null,"passes":null,"restrictions":null,"important_info":null,"closest_towns":null,"directions":null,"recreation_gov_url":null,"usfs_url":null,"minimum_elevation":null,"maximum_elevation":null,"source_updated":"2026-07-06"}},{"type":"Feature","geometry":{"type":"Point","coordinates":[-112.3581356,42.6935152]},"properties":{"id":"usfs-camp:5003.002861","name":"Scout Mountain Campground","camp_type":"Developed campground","site_type":"CAMPGROUND","agency":"USDA Forest Service","managing_org_code":"041557","operated_by":"US Forest Service","status":"OPEN","status_reason":null,"description":"Scout Mountain Campground is located on beautiful Scout Mountain at an elevation of 6,900 feet, just 13 miles south of Pocatello, Idaho. Scout Mountain is part of the Mink Creek area, a popular place for birding and wildlife viewing. Visitors enjoy exploring a variety of local multi-use trails.","capacity":270,"max_people":null,"fee_charged":"Yes","fee_type":"EXPANDED AMENITY FEE","fee_description":null,"open_season":null,"season_description":null,"operational_hours":"Open 24 hours/day","usage_level":null,"water":"Yes, drinking water is available from faucets","restrooms":"Vault toilet(s)","pack_in_out":"Yes","permits":null,"passes":null,"restrictions":null,"important_info":null,"closest_towns":"Pocatello, Idaho","directions":"Take I-15 to exit 63 south of Pocatello. Follow the brown Mink Creek Recreation Area signs to Bannock Highway for 2 miles. Turn left up the canyon. Go 4.5 miles to the East Fork Mink Creek road and turn left. Go 5.3 miles up East Fork Mink Creek road to the campground.","recreation_gov_url":"https://www.recreation.gov/camping/campgrounds/233968","usfs_url":"https://www.fs.usda.gov/recarea/ctnf/recarea/?recid=54585","minimum_elevation":"6,520 feet","maximum_elevation":null,"source_updated":"2026-08-06"}},{"type":"Feature","geometry":{"type":"Point","coordinates":[-113.4669526,44.0227862]},"properties":{"id":"usfs-camp:5005.002931","name":"LORISTICA GROUP CAMPGROUND","camp_type":"Group campground","site_type":"GROUP CAMPGROUND","agency":"USDA Forest Service","managing_org_code":"041304","operated_by":null,"status":"OPEN","status_reason":null,"description":"LORISTICA GROUP CAMPGROUND (Group Campground)","capacity":75,"max_people":null,"fee_charged":"Yes","fee_type":"EXPANDED AMENITY FEE","fee_description":null,"open_season":null,"season_description":null,"operational_hours":null,"usage_level":null,"water":null,"restrooms":null,"pack_in_out":"Yes","permits":null,"passes":null,"restrictions":null,"important_info":null,"closest_towns":null,"directions":null,"recreation_gov_url":"https://www.recreation.gov/camping/campgrounds/234312","usfs_url":null,"minimum_elevation":null,"maximum_elevation":null,"source_updated":"2026-08-06"}},{"type":"Feature","geometry":{"type":"Point","coordinates":[-115.4856731,44.9352561]},"properties":{"id":"usfs-camp:5377.002731","name":"Golden Gate Campground","camp_type":"Developed campground","site_type":"CAMPGROUND","agency":"USDA Forest Service","managing_org_code":"040204","operated_by":null,"status":"OPEN","status_reason":null,"description":"GOLDEN GATE CAMPGROUND (Campground)","capacity":45,"max_people":null,"fee_charged":"Yes","fee_type":"EXPANDED AMENITY FEE","fee_description":null,"open_season":null,"season_description":null,"operational_hours":null,"usage_level":null,"water":null,"restrooms":"Vault Toilet","pack_in_out":"Yes","permits":null,"passes":null,"restrictions":null,"important_info":null,"closest_towns":null,"directions":null,"recreation_gov_url":null,"usfs_url":null,"minimum_elevation":"4,800 feet","maximum_elevation":null,"source_updated":"2026-08-06"}},{"type":"Feature","geometry":{"type":"Point","coordinates":[-115.290838,44.4254631]},"properties":{"id":"usfs-camp:5246.002731","name":"Fir Creek Campground","camp_type":"Developed campground","site_type":"CAMPGROUND","agency":"USDA Forest Service","managing_org_code":"040205","operated_by":null,"status":"OPEN","status_reason":null,"description":"FIR CREEK CAMPGROUND is located along Forest Service Road 579 near the beautiful but remote Bear Valley at an elevation of 6,400 feet.","capacity":25,"max_people":null,"fee_charged":"No","fee_type":null,"fee_description":"No fees are required for this site","open_season":"End June - End of September","season_description":null,"operational_hours":null,"usage_level":null,"water":null,"restrooms":"Vault","pack_in_out":"Yes","permits":null,"passes":null,"restrictions":null,"important_info":null,"closest_towns":"Stanley, Idaho","directions":"From Boise, Idaho, travel north along State Highway 55 approximately 38 miles to Banks, Idaho.\nAt Banks, turn right (east) onto State Highway 17 (Banks/Lowman Road) and travel to Lowman, Idaho approximately 31 miles.\nAt Lowman, turn left at tehe intersection of State Highway 17 and State Highway 21. Proceed northeast towards Stanley, Idaho along State Highway 21 approximately 40 miles. \nAlong the route, you will travel past Banner Summit, Bull Trout Campground and eventually arrive at the Forest Service (FS) Road 579 turnoff. \nTurn (west) onto FS Road 579 at Banner Creek/Cape Horn Summit. There is a big parking area and an information board. \nProceed along FS Road 579 approximately 7 miles to the FIr Creek Campground.","recreation_gov_url":null,"usfs_url":null,"minimum_elevation":"6,400 feet","maximum_elevation":null,"source_updated":"2025-07-31"}},{"type":"Feature","geometry":{"type":"Point","coordinates":[-112.1428247,42.0578111]},"properties":{"id":"usfs-camp:5008.002861","name":"Dry Canyon Campground","camp_type":"Developed campground","site_type":"CAMPGROUND","agency":"USDA Forest Service","managing_org_code":"041557","operated_by":"US Forest Service","status":"OPEN","status_reason":null,"description":"Dry Canyon Campground is located southeast of Malad City, ID, near Weston, ID. It's open from June through September with 3 single units. It offers vault restrooms. Enjoy the fishing, hunting and hiking in the area.\nNo Water, Pack In Pack Out , Limited Cleaning and Toilet paper Refresh, First Come First Serve.","capacity":50,"max_people":null,"fee_charged":"No","fee_type":null,"fee_description":"No fees are required for this site","open_season":null,"season_description":null,"operational_hours":"Open 24 hours/day","usage_level":null,"water":"No drinking water is available","restrooms":"Vault toilet(s)","pack_in_out":"Yes","permits":null,"passes":null,"restrictions":null,"important_info":null,"closest_towns":"Weston, Idaho","directions":"From Weston, ID head west on ID-36 for 4.7 miles. Take a slight right and Dry Canyon Rd and go 1.1 miles. Campground is located toward the end of the Dry Canyon Campground.","recreation_gov_url":null,"usfs_url":"https://www.fs.usda.gov/recarea/ctnf/recarea/?recid=53975","minimum_elevation":null,"maximum_elevation":null,"source_updated":"2025-07-31"}},{"type":"Feature","geometry":{"type":"Point","coordinates":[-116.1690141,48.8860064]},"properties":{"id":"usfs-camp:2777152010602","name":"Snyder Guard Station Campground","camp_type":"Group campground","site_type":"GROUP CAMPGROUND","agency":"USDA Forest Service","managing_org_code":"010407","operated_by":null,"status":"OPEN","status_reason":null,"description":"SNYDER GUARD STATION CAMPGROUND (Group Campground)","capacity":70,"max_people":null,"fee_charged":"Yes","fee_type":"EXPANDED AMENITY FEE","fee_description":null,"open_season":null,"season_description":null,"operational_hours":null,"usage_level":null,"water":null,"restrooms":null,"pack_in_out":"No","permits":null,"passes":null,"restrictions":null,"important_info":null,"closest_towns":null,"directions":null,"recreation_gov_url":null,"usfs_url":null,"minimum_elevation":null,"maximum_elevation":null,"source_updated":"2025-12-22"}},{"type":"Feature","geometry":{"type":"Point","coordinates":[-114.8411129,44.2616061]},"properties":{"id":"usfs-camp:5107.003221","name":"Mormon Bend Campground","camp_type":"Developed campground","site_type":"CAMPGROUND","agency":"USDA Forest Service","managing_org_code":"041404","operated_by":null,"status":"OPEN","status_reason":null,"description":"Mormon Bend Campground is composed of 15 campsites including 1 double-site bordering the Salmon River. All sites are first-come, first-serve. It is situated in a lodgepole pine forest along with sagebrush and some open meadows. Visitors can fish for trout and steelhead in the Salmon River and surrounding creeks. This campground is opened early in the season to accommodate steelhead fishermen. A designated put-in for float boaters is located within the campground.","capacity":85,"max_people":null,"fee_charged":"Yes","fee_type":null,"fee_description":null,"open_season":null,"season_description":null,"operational_hours":"April-September. This campground closes on September 30.","usage_level":null,"water":null,"restrooms":"Vault toilet(s)","pack_in_out":"No","permits":null,"passes":null,"restrictions":null,"important_info":null,"closest_towns":"Stanley, ID","directions":"From Stanley, go 8 miles northeast on ID 75.  Turn right into the campground.","recreation_gov_url":"https://www.recreation.gov/camping/campgrounds/10165470","usfs_url":"https://www.fs.usda.gov/recarea/sawtooth/recreation/recarea/?recid=5900","minimum_elevation":null,"maximum_elevation":null,"source_updated":"2026-08-06"}},{"type":"Feature","geometry":{"type":"Point","coordinates":[-116.6785458,47.0106352]},"properties":{"id":"usfs-camp:5207.000411","name":"Giant White Pine Campground","camp_type":"Developed campground","site_type":"CAMPGROUND","agency":"USDA Forest Service","managing_org_code":"011752","operated_by":"US Forest Service","status":"OPEN","status_reason":null,"description":"Take the opportunity to travel the lovely White Pine Scenic Byway, Idaho 6, north from the quaint town of Harvard, Idaho for just over 7 miles to visit this special site. Named after an enormous, 600 year old white pine that has since been cut down due to disease (but still resides in the campground!), this cozy and inviting campground has 14 developed sites, all resting in a lush forested setting. Many hiking trails are in the vicinity of the campground, including the National Recreation Trail 224A, the East Fork Meadows Creek Trail.","capacity":70,"max_people":null,"fee_charged":"Yes","fee_type":"EXPANDED AMENITY FEE","fee_description":"Overnight Use:\nSingle Site: $12 per night\nAdditional Vehicle Fee: $2 per night","open_season":null,"season_description":null,"operational_hours":"Open 24 hours/day","usage_level":null,"water":"Yes, drinking water is available from a hand pump","restrooms":"Vault toilet(s)","pack_in_out":"Yes","permits":null,"passes":"Interagency Senior/Access Recreation Passes provide a 50% discount to Single Campsites ONLY. *The discount applies only to the fee for the campsite physically occupied by the pass holder, not to any additional fee or campsite(s) occupied by members of the pass holder's party.* https://store.usgs.gov/recreational-passes Please be prepared to pay with CASH or CHECK. *Sites may be reservable and reservation fees apply.*","restrictions":null,"important_info":null,"closest_towns":"Potlatch, ID","directions":"Travel north on Highway 6/Whitepine Drive, 7.7 miles from Harvard, Idaho.","recreation_gov_url":null,"usfs_url":"https://www.fs.usda.gov/recarea/nezperceclearwater/recarea/?recid=80085","minimum_elevation":null,"maximum_elevation":null,"source_updated":"2026-08-06"}},{"type":"Feature","geometry":{"type":"Point","coordinates":[-113.9031116,43.7679412]},"properties":{"id":"usfs-camp:5002.002931","name":"Lake Creek Trailhead & Campground","camp_type":"Developed campground","site_type":"CAMPGROUND","agency":"USDA Forest Service","managing_org_code":"041304","operated_by":"US Forest Service","status":"OPEN","status_reason":null,"description":"This area has four camping units in an open sage brush area adjacent to Lake Creek with one vault toilet. Hitching rails and loading ramp are available outside of the campground.  Horses are not allowed in the campground. Drinking water is available during the summer months. Nearby attractions are the Lake Creek ATV trail, Green Lake Trail, and Muldoon Canyon.","capacity":45,"max_people":null,"fee_charged":"Yes","fee_type":"EXPANDED AMENITY FEE","fee_description":"Overnight Use:\nSingle Site: $5 per night","open_season":null,"season_description":null,"operational_hours":"Open 24 hours/day","usage_level":null,"water":"Yes, drinking water is available from a hand pump","restrooms":"Vault toilet(s)","pack_in_out":"Yes","permits":null,"passes":"Interagency Senior/Access Recreation Passes provide a 50% discount to Single Campsites ONLY. *The discount applies only to the fee for the campsite physically occupied by the pass holder, not to any additional fee or campsite(s) occupied by members of the pass holder's party.* https://store.usgs.gov/recreational-passes Please be prepared to pay with CASH or CHECK. *Sites may be reservable and reservation fees apply.*","restrictions":null,"important_info":null,"closest_towns":"Mackay, Idaho","directions":"rom Mackay, ID take US Highway 93 approximately 16 miles north of Mackay to the Trail Creek Road (#208). Turn left on Trail Creek Road. Follow this road 18 miles and turn left on Copper Basin Road (#135). Follow this road 18 miles to the second turnoff to the Copper Basin Loop Road (at the Copper Basin Guard Station). Turn right on the Copper Basin Loop Road. Follow this road 4 miles to the trailhead.","recreation_gov_url":null,"usfs_url":"https://www.fs.usda.gov/recarea/scnf/recarea/?recid=76192","minimum_elevation":null,"maximum_elevation":null,"source_updated":"2026-08-06"}},{"type":"Feature","geometry":{"type":"Point","coordinates":[-112.274912,42.3501062]},"properties":{"id":"usfs-camp:5006.002861","name":"Malad Summit Campground","camp_type":"Developed campground","site_type":"CAMPGROUND","agency":"USDA Forest Service","managing_org_code":"041557","operated_by":"US Forest Service","status":"OPEN","status_reason":null,"description":"Malad Summit Campground is situated next to Mill Creek, just 14 miles north of Malad, Idaho, at an elevation of 6,100 feet. Visitors enjoy hiking, horseback riding and off-road vehicle riding on the area's many trails.","capacity":232,"max_people":null,"fee_charged":"Yes","fee_type":"EXPANDED AMENITY FEE","fee_description":null,"open_season":null,"season_description":null,"operational_hours":"Open 24 hours/day","usage_level":null,"water":"Yes, drinking water is available from faucets","restrooms":"Vault toilet(s)","pack_in_out":"Yes","permits":null,"passes":null,"restrictions":null,"important_info":null,"closest_towns":"Malad City, Idaho","directions":"From Malad, travel north on Interstate 15 for 11 miles, to exit 22, Devil Creek Reservoir. Continue just over 3 miles north on Highway 191. Turn west and cross the highway on Forest Road 041 and continue just over 3 miles on a maintained gravel road, to the campground.","recreation_gov_url":"https://www.recreation.gov/camping/campgrounds/233969","usfs_url":"https://www.fs.usda.gov/recarea/ctnf/recarea/?recid=54291","minimum_elevation":null,"maximum_elevation":null,"source_updated":"2026-08-06"}},{"type":"Feature","geometry":{"type":"Point","coordinates":[-115.3627767,46.0688024]},"properties":{"id":"usfs-camp:5051.000961","name":"Glover Creek Campground","camp_type":"Developed campground","site_type":"CAMPGROUND","agency":"USDA Forest Service","managing_org_code":"011706","operated_by":"US Forest Service","status":"OPEN","status_reason":null,"description":"Glover Campground has picnic areas, toilets, a stock ramp and access to two trails: Roundtop Trail #705 and Glover Trail #704. This site is off the main road.","capacity":35,"max_people":null,"fee_charged":"Yes","fee_type":"EXPANDED AMENITY FEE","fee_description":"Overnight Use:\nSingle Site: $8 per night","open_season":null,"season_description":null,"operational_hours":"Open 24 hours/day","usage_level":null,"water":"No drinking water is available","restrooms":"Vault toilet(s)","pack_in_out":"Yes","permits":null,"passes":"Interagency Senior/Access Recreation Passes provide a 50% discount to Single Campsites ONLY. *The discount applies only to the fee for the campsite physically occupied by the pass holder, not to any additional fee or campsite(s) occupied by members of the pass holder's party.* https://store.usgs.gov/recreational-passes Please be prepared to pay with CASH or CHECK. *Sites may be reservable and reservation fees apply.*","restrictions":null,"important_info":null,"closest_towns":"Kooskia, ID","directions":"From Kooskia, go east 22 miles on US 12 and southeast 15 miles on Forest Road 223.","recreation_gov_url":null,"usfs_url":"https://www.fs.usda.gov/recarea/nezperceclearwater/recarea/?recid=16510","minimum_elevation":null,"maximum_elevation":null,"source_updated":"2026-08-06"}},{"type":"Feature","geometry":{"type":"Point","coordinates":[-115.4432543,46.0813462]},"properties":{"id":"usfs-camp:5052.000961","name":"Boyd Creek Campground","camp_type":"Developed campground","site_type":"CAMPGROUND","agency":"USDA Forest Service","managing_org_code":"011706","operated_by":"US Forest Service","status":"OPEN","status_reason":null,"description":"Situated along the stunning Selway River, the Boyd Creek Campground contains five camp/RV sites, picnic areas and a restroom.  Hikers will enjoy taking a trek up the East Boyd Glover Roundtop National Recreation Trail via one of two trailheads accessing it in the vicinity. Anglers will enjoy fishing in the Selway.","capacity":30,"max_people":null,"fee_charged":"Yes","fee_type":"EXPANDED AMENITY FEE","fee_description":"Overnight Use:\nSingle Site: $8 per night","open_season":null,"season_description":null,"operational_hours":"Open 24 hours/day","usage_level":null,"water":"No drinking water is available","restrooms":"Vault toilet(s)","pack_in_out":"Yes","permits":null,"passes":"Interagency Senior/Access Recreation Passes provide a 50% discount to Single Campsites ONLY. *The discount applies only to the fee for the campsite physically occupied by the pass holder, not to any additional fee or campsite(s) occupied by members of the pass holder's party.* https://store.usgs.gov/recreational-passes Please be prepared to pay with CASH or CHECK. *Sites may be reservable and reservation fees apply.*","restrictions":null,"important_info":null,"closest_towns":"Kooskia, ID","directions":"From Kooskia, go east 22 miles on US 12 and southeast about 10 miles on Forest Road 223.","recreation_gov_url":null,"usfs_url":"https://www.fs.usda.gov/recarea/nezperceclearwater/recarea/?recid=16506","minimum_elevation":null,"maximum_elevation":null,"source_updated":"2026-08-06"}},{"type":"Feature","geometry":{"type":"Point","coordinates":[-111.2950852,42.5587683]},"properties":{"id":"usfs-camp:5033.002861","name":"Summit View Campground","camp_type":"Developed campground","site_type":"CAMPGROUND","agency":"USDA Forest Service","managing_org_code":"041553","operated_by":"Concessionaire","status":"OPEN","status_reason":null,"description":"Summit View Campground is located eight miles east of U.S. Highway 30, near Georgetown, Idaho. It is in a forested setting, high in the Bear River Range. Visitors enjoy exploring area trails, including the Great Western Trail, and picking seasol wild huckleberries.","capacity":200,"max_people":null,"fee_charged":"Yes","fee_type":"EXPANDED AMENITY FEE","fee_description":null,"open_season":null,"season_description":null,"operational_hours":"Open 24 hours/day","usage_level":null,"water":"Yes, drinking water is available from faucets","restrooms":"Vault toilet(s)","pack_in_out":"No","permits":null,"passes":null,"restrictions":null,"important_info":null,"closest_towns":"Georgetown, Idaho","directions":"US Highway 30 is the closest paved access to Summit View Campground. Situated between Soda Springs and Montpelier, Idaho is the little community of Georgetown. Near the middle of Georgetown is the intersection of Hwy 30 and County Road 102. Turn east on Road 102 also signed Georgetown Canyon. After 2 miles, at the intersection of RD. 102 and 095, turn left on 095. The sign indicates the Left Fork of Georgetown Canyon. Five miles from this intersection, is Summit View Campground. Although graveled, Road 095 is maintained for passenger vehicles.","recreation_gov_url":"https://www.recreation.gov/camping/campgrounds/233852","usfs_url":"https://www.fs.usda.gov/recarea/ctnf/recarea/?recid=54707","minimum_elevation":null,"maximum_elevation":null,"source_updated":"2026-08-06"}},{"type":"Feature","geometry":{"type":"Point","coordinates":[-113.6483123,42.3249061]},"properties":{"id":"usfs-camp:5059.003221","name":"Lake Cleveland Campground","camp_type":"Developed campground","site_type":"CAMPGROUND","agency":"USDA Forest Service","managing_org_code":"041401","operated_by":"US Forest Service","status":"OPEN","status_reason":null,"description":"Lake Cleveland Campground is a very popular summer recreational facility. Located next to its namesake, the campground is divided into the East Side and West Side loops. Very popular with residents of local communities, the campground is often full every weekend from early July to Labor Day.","capacity":200,"max_people":null,"fee_charged":"Yes","fee_type":"EXPANDED AMENITY FEE","fee_description":"Overnight Use:\nSingle Site: $10 per night","open_season":null,"season_description":null,"operational_hours":null,"usage_level":null,"water":"No drinking water is available","restrooms":"Vault toilet(s)","pack_in_out":"Yes","permits":null,"passes":"Interagency Senior/Access Recreation Passes provide a 50% discount to Single Campsites ONLY. *The discount applies only to the fee for the campsite physically occupied by the pass holder, not to any additional fee or campsite(s) occupied by members of the pass holder's party.* https://store.usgs.gov/recreational-passes Please be prepared to pay with CASH or CHECK. *Sites may be reservable and reservation fees apply.*","restrictions":null,"important_info":null,"closest_towns":"Albion, ID","directions":"From Interstate 84, take exit 216 and follow State Highway 77 south approximately 18 miles, through the towns of Declo and Albion, to Howell Canyon Road. Turn west at the Pomerelle Ski Area sign and drive up the canyon on Howell Canyon Road another 7 miles. The road is steep and winding. Look for an entrance sign on your right. Use caution with travel trailers and RVs, as not all campground loops are suitable for trailer turnarounds.","recreation_gov_url":"https://www.recreation.gov/camping/campgrounds/234656","usfs_url":"https://www.fs.usda.gov/recarea/sawtooth/recreation/recarea/?recid=5789","minimum_elevation":null,"maximum_elevation":null,"source_updated":"2026-08-06"}},{"type":"Feature","geometry":{"type":"Point","coordinates":[-116.8585732,48.7115923]},"properties":{"id":"usfs-camp:236493010602","name":"Teacher Bay Campground","camp_type":"Developed campground","site_type":"CAMPGROUND","agency":"USDA Forest Service","managing_org_code":"010408","operated_by":"US Forest Service","status":"OPEN","status_reason":null,"description":"TEACHER BAY","capacity":100,"max_people":null,"fee_charged":"Yes","fee_type":"EXPANDED AMENITY FEE","fee_description":"Overnight Use Single Site: $15 per night","open_season":null,"season_description":null,"operational_hours":"Open 24 hours/day","usage_level":null,"water":null,"restrooms":null,"pack_in_out":"Yes","permits":null,"passes":null,"restrictions":null,"important_info":null,"closest_towns":"Sandpoint, ID","directions":null,"recreation_gov_url":null,"usfs_url":null,"minimum_elevation":null,"maximum_elevation":null,"source_updated":"2025-10-02"}},{"type":"Feature","geometry":{"type":"Point","coordinates":[-114.0546739,45.0831743]},"properties":{"id":"usfs-camp:5167.003191","name":"Cougar Point Campground","camp_type":"Developed campground","site_type":"CAMPGROUND","agency":"USDA Forest Service","managing_org_code":"041301","operated_by":null,"status":"OPEN","status_reason":null,"description":"COUGAR POINT CAMPGROUND (Campground)","capacity":60,"max_people":null,"fee_charged":"Yes","fee_type":"EXPANDED AMENITY FEE","fee_description":null,"open_season":null,"season_description":null,"operational_hours":null,"usage_level":null,"water":null,"restrooms":null,"pack_in_out":"No","permits":null,"passes":null,"restrictions":null,"important_info":null,"closest_towns":null,"directions":null,"recreation_gov_url":null,"usfs_url":null,"minimum_elevation":null,"maximum_elevation":null,"source_updated":"2026-08-06"}},{"type":"Feature","geometry":{"type":"Point","coordinates":[-111.204912,43.3407064]},"properties":{"id":"usfs-camp:9556.003281","name":"Riverside Park Campground & Day Use Area","camp_type":"Developed campground","site_type":"CAMPGROUND","agency":"USDA Forest Service","managing_org_code":"041554","operated_by":"Concessionaire","status":"OPEN","status_reason":null,"description":"Riverside Park Campground is located 49 miles south of Idaho Falls, Idaho near Palisades Reservoir, along the banks of the South Fork of the Ske River. Cottonwoods provide partial shade. The South Fork of the Snake River has great fly-fishing for rainbow and brook trout; tubing, canoeing, kayaking, and rafting are also popular on the river. Wildlife can be frequently spotted throughout the area. This campground provides vault toilets, potable water, and garbage service and electricity at select sites. Roads and parking spurs within the campground are gravel. A campground host is on site. Firewood is available for purchase. Phone, gas, and groceries are three miles away. Hundreds of miles of hiking, biking, horse, and ATV trails crisscross the area. Palisades Reservoir is nearby, with boat ramps, boating, waterskiing, and fishing.  It has 22 single units and 10 double units. It has an RV dump station on the premises.","capacity":245,"max_people":null,"fee_charged":"Yes","fee_type":null,"fee_description":null,"open_season":null,"season_description":null,"operational_hours":"Open 24 hours/day","usage_level":null,"water":"Yes, drinking water is available from faucets","restrooms":"Vault toilet(s)","pack_in_out":"No","permits":null,"passes":null,"restrictions":null,"important_info":null,"closest_towns":"Irwin, Idaho","directions":"From Irwin Idaho travel southeast along US-25 for 6.1 miles. Turn right onto gravel Wy for.4 miles. Turn right onto Forest Road 277. Your destition will be on the right","recreation_gov_url":null,"usfs_url":"https://www.fs.usda.gov/recarea/ctnf/recarea/?recid=54561","minimum_elevation":"5,280 feet","maximum_elevation":null,"source_updated":"2025-12-01"}},{"type":"Feature","geometry":{"type":"Point","coordinates":[-111.3111098,44.1207623]},"properties":{"id":"usfs-camp:5058.003281","name":"Warm River Campground","camp_type":"Developed campground","site_type":"CAMPGROUND","agency":"USDA Forest Service","managing_org_code":"041552","operated_by":"Concessionaire","status":"OPEN","status_reason":null,"description":"Warm River Campground is located on its mesake in the Caribou-Targhee tiol Forest of southwestern Idaho. Visitors love the campground for its river tubing opportunities. Fishing and hiking are popular as well.","capacity":255,"max_people":null,"fee_charged":"Yes","fee_type":null,"fee_description":null,"open_season":null,"season_description":null,"operational_hours":"Open 8:00 a.m. to 10:00 p.m.","usage_level":null,"water":"Yes, drinking water is available from faucets","restrooms":"Vault toilet(s)","pack_in_out":"No","permits":null,"passes":null,"restrictions":null,"important_info":null,"closest_towns":"Ashton, Idaho","directions":"From Ashton, Idaho, travel northeast on Highway 47 to Warm River. Turn right onto Fish Creek Road and continue 1/4-mile to the campground entrance.","recreation_gov_url":"https://www.recreation.gov/camping/campgrounds/232223","usfs_url":"https://www.fs.usda.gov/recarea/ctnf/recarea/?recid=54815","minimum_elevation":null,"maximum_elevation":null,"source_updated":"2026-08-06"}},{"type":"Feature","geometry":{"type":"Point","coordinates":[-115.5268552,45.5090682]},"properties":{"id":"usfs-camp:5025.000961","name":"Halfway House Campground","camp_type":"Developed campground","site_type":"CAMPGROUND","agency":"USDA Forest Service","managing_org_code":"011705","operated_by":"US Forest Service","status":"OPEN","status_reason":null,"description":"Halfway House Campground rests in tall timber with a small creek running through. There are campsites with tables and fire rings. Stock facilities (feed bunk and loading ramp) are nearby. This is a popular access site into the Gospel Hump Wilderness Area via Crooked Creek Trail #215.","capacity":20,"max_people":null,"fee_charged":"No","fee_type":null,"fee_description":"No fees are required for this site","open_season":null,"season_description":null,"operational_hours":"Open 24 hours/day","usage_level":null,"water":"Water can be treated or filtered from nearby water sources","restrooms":"Vault toilet(s)","pack_in_out":"Yes","permits":null,"passes":null,"restrictions":null,"important_info":null,"closest_towns":"Dixie, ID","directions":"From State Highway 14, turn south onto the Red River-Dixie Road #222. Follow Road #222 past Dixie Town approximately five miles to Forest Road #311A. Turn onto Road #311A and continue approximately 1.5 miles to the campground.","recreation_gov_url":null,"usfs_url":"https://www.fs.usda.gov/recarea/nezperceclearwater/recarea/?recid=16582","minimum_elevation":null,"maximum_elevation":null,"source_updated":"2025-07-31"}},{"type":"Feature","geometry":{"type":"Point","coordinates":[-115.4138628,43.399126]},"properties":{"id":"usfs-camp:5324.002731","name":"Evans Creek Campground","camp_type":"Developed campground","site_type":"CAMPGROUND","agency":"USDA Forest Service","managing_org_code":"040201","operated_by":"US Forest Service","status":"OPEN","status_reason":null,"description":"Evans Creek Campground is located along Anderson Ranch Reservoir. There are 10 first come first serve campsites.","capacity":45,"max_people":null,"fee_charged":"Yes","fee_type":"EXPANDED AMENITY FEE","fee_description":"No fees are required for this site","open_season":null,"season_description":null,"operational_hours":"End of May - End of September Unless closed by snow","usage_level":null,"water":"No water is available","restrooms":"Vault toilet(s)","pack_in_out":"No","permits":null,"passes":null,"restrictions":null,"important_info":null,"closest_towns":"Mountain Home, ID","directions":"From Mountain Home travel 21 miles north on Hwy 20 turn left on FR134 for approximately 6 miles.  Turn right at the dam on FR 120 for approximately 7 miles to the campground.","recreation_gov_url":null,"usfs_url":"www.fs.usda.gov/recarea/asnf/recreation/recarea/?recid=5095","minimum_elevation":"4,300 feet","maximum_elevation":null,"source_updated":"2026-08-06"}},{"type":"Feature","geometry":{"type":"Point","coordinates":[-113.9430126,43.7680062]},"properties":{"id":"usfs-camp:5004.002931","name":"Broad Canyon Trailhead","camp_type":"Developed campground","site_type":"CAMPGROUND","agency":"USDA Forest Service","managing_org_code":"041304","operated_by":null,"status":"OPEN","status_reason":null,"description":"BROAD CANYON TRAILHEAD (Trailhead)","capacity":40,"max_people":null,"fee_charged":"Yes","fee_type":"EXPANDED AMENITY FEE","fee_description":null,"open_season":null,"season_description":null,"operational_hours":null,"usage_level":null,"water":null,"restrooms":null,"pack_in_out":"Yes","permits":null,"passes":null,"restrictions":null,"important_info":null,"closest_towns":null,"directions":null,"recreation_gov_url":null,"usfs_url":null,"minimum_elevation":null,"maximum_elevation":null,"source_updated":"2026-08-06"}},{"type":"Feature","geometry":{"type":"Point","coordinates":[-114.1928309,44.9081343]},"properties":{"id":"usfs-camp:5166.003191","name":"Iron Lake Campground","camp_type":"Developed campground","site_type":"CAMPGROUND","agency":"USDA Forest Service","managing_org_code":"041301","operated_by":null,"status":"OPEN","status_reason":null,"description":"IRON LAKE CAMPGROUND (Campground)","capacity":40,"max_people":null,"fee_charged":"Yes","fee_type":"EXPANDED AMENITY FEE","fee_description":null,"open_season":null,"season_description":null,"operational_hours":null,"usage_level":null,"water":null,"restrooms":null,"pack_in_out":"No","permits":null,"passes":"Y","restrictions":null,"important_info":null,"closest_towns":null,"directions":null,"recreation_gov_url":null,"usfs_url":null,"minimum_elevation":null,"maximum_elevation":null,"source_updated":"2026-08-06"}},{"type":"Feature","geometry":{"type":"Point","coordinates":[-114.7081534,44.2623486]},"properties":{"id":"usfs-camp:5691.003221","name":"Stovepipe Springs Dispersed Campground","camp_type":"Developed campground","site_type":"CAMPGROUND","agency":"USDA Forest Service","managing_org_code":"041404","operated_by":null,"status":"CLOSED","status_reason":null,"description":"STOVEPIPE SPRINGS DISPERSED CAMPGROUND (Campground)","capacity":15,"max_people":null,"fee_charged":"No","fee_type":null,"fee_description":null,"open_season":null,"season_description":null,"operational_hours":null,"usage_level":null,"water":null,"restrooms":null,"pack_in_out":"No","permits":null,"passes":null,"restrictions":null,"important_info":null,"closest_towns":null,"directions":null,"recreation_gov_url":null,"usfs_url":null,"minimum_elevation":null,"maximum_elevation":null,"source_updated":"2025-05-08"}},{"type":"Feature","geometry":{"type":"Point","coordinates":[-113.9672319,45.6086523]},"properties":{"id":"usfs-camp:5390.003191","name":"Twin Creek Campground & Group Picnic Are","camp_type":"Developed campground","site_type":"CAMPGROUND","agency":"USDA Forest Service","managing_org_code":"041307","operated_by":"US Forest Service","status":"OPEN","status_reason":null,"description":"Twin Creek Group Camping Site is part of the larger Twin Creek Campground. This beautiful campsite is located 15 miles north of North Fork, Idaho, and is situated along Twin Creek at an elevation of 5,100 feet. 40 campsites near the North Fork of the Salmon River.","capacity":230,"max_people":null,"fee_charged":"Yes","fee_type":"EXPANDED AMENITY FEE","fee_description":"Overnight Use:\nSingle Site: $10 per night","open_season":null,"season_description":null,"operational_hours":"Open 24 hours/day","usage_level":null,"water":"Yes, drinking water is available from a hand pump","restrooms":"Vault toilet(s)","pack_in_out":"No","permits":null,"passes":"Y","restrictions":null,"important_info":null,"closest_towns":"North Fork, Idaho","directions":"From North Fork, Idaho, travel 15 miles north on US 93, turn left on Forest Road 156 and travel an additional .5 miles. Turn left into the Group Camping Site. From the top of Lost Trail Pass travel 8.5 miles south on US 93, turn right on Forest Road 156, travel an additional .5 miles and turn left into the Group Camping Site.","recreation_gov_url":"https://www.recreation.gov/camping/campgrounds/251847","usfs_url":"https://www.fs.usda.gov/recarea/scnf/recarea/?recid=76110","minimum_elevation":"5,153 feet","maximum_elevation":null,"source_updated":"2026-08-06"}},{"type":"Feature","geometry":{"type":"Point","coordinates":[-116.0822984,45.8586372]},"properties":{"id":"usfs-camp:5062.000961","name":"Fish Creek  Campground","camp_type":"Developed campground","site_type":"CAMPGROUND","agency":"USDA Forest Service","managing_org_code":"011701","operated_by":"US Forest Service","status":"OPEN","status_reason":null,"description":"Fish Creek Campground sits in the middle of a 4-season recreation area and offers 10 campsites that accommodate tents and recreational vehicles. There are two accessible toilets available. Paved concrete walks provide access to the Fish Creek Pavilion, water spigot, bulletin board, and a paved circular bonfire area. The paved parking lot provides access from the pavilion to the restrooms. A Camp Host is on site during the peak summer season. Many trails are available for a wide range of activities.","capacity":55,"max_people":null,"fee_charged":"Yes","fee_type":"EXPANDED AMENITY FEE","fee_description":"Overnight Use:\nSingle Site: $12 per night\nAdditional Vehicle Fee: $3 per night","open_season":null,"season_description":null,"operational_hours":"Open 24 hours/day","usage_level":null,"water":"Yes, drinking water is available from a hand pump","restrooms":"Vault toilet(s)","pack_in_out":"Yes","permits":null,"passes":"Interagency Senior/Access Recreation Passes provide a 50% discount to Single Campsites ONLY. *The discount applies only to the fee for the campsite physically occupied by the pass holder, not to any additional fee or campsite(s) occupied by members of the pass holder's party.* https://store.usgs.gov/recreational-passes Please be prepared to pay with CASH or CHECK. *Sites may be reservable and reservation fees apply.*","restrictions":null,"important_info":null,"closest_towns":"Grangeville, ID","directions":"From Grangeville, go south about 8 miles on Forest Road 221.","recreation_gov_url":null,"usfs_url":"https://www.fs.usda.gov/recarea/nezperceclearwater/recarea/?recid=16748","minimum_elevation":"2,300 feet","maximum_elevation":null,"source_updated":"2026-08-06"}},{"type":"Feature","geometry":{"type":"Point","coordinates":[-115.0606129,44.2485061]},"properties":{"id":"usfs-camp:5105.003221","name":"Lake View Campground","camp_type":"Developed campground","site_type":"CAMPGROUND","agency":"USDA Forest Service","managing_org_code":"041404","operated_by":null,"status":"OPEN","status_reason":null,"description":"Lake View Campground is composed of 6 campsites including 1 double site, situated in a lodgepole pine overstory on Stanley Lake. All sites are first-come, first-serve. There is a boat ramp near this campsite and Stanley Lake offers excellent swimming, boating, waterskiing, canoeing, kayaking and fishing for rainbow, cutthroat, brook and bull trout. There are several hiking trails in the area including Stanley Lake trail head, Elk Mountain trail head and Lady Face Falls is nearby. Beautiful McGowan peak with an elevation of 9,860 is visible to the south.","capacity":45.5,"max_people":null,"fee_charged":"Yes","fee_type":null,"fee_description":null,"open_season":null,"season_description":null,"operational_hours":"May-September. This campground closes on September 21.","usage_level":null,"water":null,"restrooms":"Vault toilet(s)","pack_in_out":"No","permits":null,"passes":null,"restrictions":null,"important_info":null,"closest_towns":"Stanley, ID","directions":"From Stanley, go 5 miles north on ID 21 then 3.5 miles west on Forest Road #455.","recreation_gov_url":null,"usfs_url":"https://www.fs.usda.gov/recarea/sawtooth/recreation/recarea/?recid=5875","minimum_elevation":null,"maximum_elevation":null,"source_updated":"2026-08-06"}},{"type":"Feature","geometry":{"type":"Point","coordinates":[-115.9521492,47.7934168]},"properties":{"id":"usfs-camp:5057.000331","name":"Berlin Flats Group Campground","camp_type":"Developed campground","site_type":"CAMPGROUND","agency":"USDA Forest Service","managing_org_code":"010403","operated_by":"Concessionaire","status":"OPEN","status_reason":null,"description":"Berlin Flats Group Area is located along Shoshone Creek, near the North Fork Coeur d'Alene River. This area provides a perfect escape for a warm summer weekend. Here, visitors can tent camp or pull out their RVs and trailers. The nearby river provides ample fishing and river floating opportunities. Natural Features: The campground sits among lodgepole and mixed conifers along the river at an elevation of 2,600 feet. The area is located among peaks of the Cascades, about 70 miles from the popular Coeur d'Alene Lake. Wildlife watchers and photographers have the chance to see mule deer, moose, osprey and calliope hummingbirds. Recreation: Catch-and-release cutthroat trout fishing is also popular on Shoshone Creek, and the North Fork Coeur d'Alene River. Rafting, swimming and kayaking are favorite activities on the water. Facilities: Berlin Flats Group Area was formed from 9 single family sites. The group area can accommodate up to 75 people. Amenities include drinking water and vault toilets within 10 miles.","capacity":40,"max_people":null,"fee_charged":"Yes","fee_type":null,"fee_description":"Overnight Use:\nGroup Site: $123 per night","open_season":"June","season_description":null,"operational_hours":"Open 24 hours/day","usage_level":null,"water":"Yes, drinking water is available from a hand pump","restrooms":"Vault toilet(s)","pack_in_out":"No","permits":null,"passes":null,"restrictions":null,"important_info":null,"closest_towns":"Wallace, Idaho","directions":"GPS Info.(Latitude, Longitude):47.76639,-116.01667474559N,11610WFrom Coeur d'Alene, the route is 28 miles east on Interstate 90, then 26 miles north (Kingston exit) on paved Forest Road #9, then 5 miles north from Prichard on paved Forest Road #208, then 9 miles north on Forest Road #412 (paved except 2 miles).","recreation_gov_url":"https://www.recreation.gov/camping/campgrounds/234755","usfs_url":"https://www.fs.usda.gov/recarea/ipnf/recarea/?recid=6850","minimum_elevation":null,"maximum_elevation":null,"source_updated":"2026-08-06"}},{"type":"Feature","geometry":{"type":"Point","coordinates":[-115.0349302,45.7226852]},"properties":{"id":"usfs-camp:5028.000961","name":"Poet Creek Campground","camp_type":"Developed campground","site_type":"CAMPGROUND","agency":"USDA Forest Service","managing_org_code":"011705","operated_by":"US Forest Service","status":"OPEN","status_reason":null,"description":"Poet Creek Campground is situated in tall timber. Four stock mangers are located south of the campground.","capacity":25,"max_people":null,"fee_charged":"No","fee_type":null,"fee_description":"No fees are required for this site","open_season":null,"season_description":null,"operational_hours":"Open 24 hours/day","usage_level":null,"water":"Water can be treated or filtered from nearby water sources","restrooms":"Vault toilet(s)","pack_in_out":"Yes","permits":null,"passes":null,"restrictions":null,"important_info":null,"closest_towns":"Elk City, ID","directions":"From State Highway 14, turn south onto Red River-Dixie Road #222. Follow Road #222 past Red River Ranger Station (now closed) to its junction with Nezperce Trail Road #468. Turn east onto Road #468 and follow approximately 25 miles to the campground. A toilet is available.","recreation_gov_url":null,"usfs_url":"https://www.fs.usda.gov/recarea/nezperceclearwater/recarea/?recid=16728","minimum_elevation":null,"maximum_elevation":null,"source_updated":"2025-07-31"}},{"type":"Feature","geometry":{"type":"Point","coordinates":[-113.4718087,44.5759253]},"properties":{"id":"usfs-camp:5256.003191","name":"Timber Creek Reservoir Upper Campground","camp_type":"Developed campground","site_type":"CAMPGROUND","agency":"USDA Forest Service","managing_org_code":"041308","operated_by":null,"status":"OPEN","status_reason":null,"description":"TIMBER CREEK RESERVOIR UPPER CAMPGROUND (Campground)","capacity":35,"max_people":null,"fee_charged":"No","fee_type":null,"fee_description":null,"open_season":null,"season_description":null,"operational_hours":null,"usage_level":null,"water":null,"restrooms":null,"pack_in_out":"Yes","permits":null,"passes":null,"restrictions":null,"important_info":null,"closest_towns":null,"directions":null,"recreation_gov_url":null,"usfs_url":null,"minimum_elevation":"7,604 feet","maximum_elevation":null,"source_updated":"2026-02-23"}},{"type":"Feature","geometry":{"type":"Point","coordinates":[-114.5309728,44.2492062]},"properties":{"id":"usfs-camp:5103.003221","name":"Holman Creek Campground","camp_type":"Developed campground","site_type":"CAMPGROUND","agency":"USDA Forest Service","managing_org_code":"041404","operated_by":"US Forest Service","status":"OPEN","status_reason":null,"description":"This location is available on a first-come, first-served basis only. Visitors are required to physically arrive at the campground to purchase and claim a site. Once on-site, you may be able to pay for your campsite(s) by scanning a QR code using the Recreation.gov mobile app, and the Scan and Pay feature.","capacity":50,"max_people":null,"fee_charged":"Yes","fee_type":null,"fee_description":null,"open_season":null,"season_description":null,"operational_hours":"June-September. This campground closes on September 15th.","usage_level":null,"water":null,"restrooms":"Vault toilet(s)","pack_in_out":"No","permits":null,"passes":null,"restrictions":null,"important_info":null,"closest_towns":"Stanley, ID","directions":"From Stanley, travel 28 miles northeast on ID 75.  Holman Creek Campground in on the right.","recreation_gov_url":"https://www.recreation.gov/camping/campgrounds/10165360","usfs_url":"https://www.fs.usda.gov/recarea/sawtooth/recreation/recarea/?recid=5904","minimum_elevation":null,"maximum_elevation":null,"source_updated":"2026-08-06"}},{"type":"Feature","geometry":{"type":"Point","coordinates":[-114.4194127,43.8036061]},"properties":{"id":"usfs-camp:5110.003221","name":"Easley Campground","camp_type":"Developed campground","site_type":"CAMPGROUND","agency":"USDA Forest Service","managing_org_code":"041404","operated_by":"US Forest Service","status":"OPEN","status_reason":null,"description":"Murdock Campground is composed of 11 campsites located in a pine overstory 2 miles north of the Sawtooth National Recreation Headquarters in the North Fork Canyon. The sites are all first-come, first-serve. This area is terrific for fishing in the Big Wood River and Murdock Creek. Hiking is wonderful in this area with the North Fork, West Fork, and East Fork trail heads leading up into the Hemingway-Boulder Wilderness Area. Wildlife viewing is superb along with the views of Ryan Peak, Kent Peak, Glassford peak and Silver Peak in the Hemingway-Boulder mountains all of which are over 11,000 feet in elevation.","capacity":74,"max_people":null,"fee_charged":"Yes","fee_type":null,"fee_description":null,"open_season":null,"season_description":null,"operational_hours":"May-September. Closes September 30.","usage_level":null,"water":null,"restrooms":"Vault toilet(s)","pack_in_out":"No","permits":null,"passes":null,"restrictions":null,"important_info":null,"closest_towns":"Ketchum, ID","directions":"From Ketchum, head north 8 miles on ID 75. Turn right at the Sawtooth National Recreation Area Headquarters Office and continue 2 miles on Forest Road #146.","recreation_gov_url":"https://www.recreation.gov/camping/campgrounds/232040","usfs_url":"https://www.fs.usda.gov/recarea/sawtooth/recreation/recarea/?recid=5851","minimum_elevation":null,"maximum_elevation":null,"source_updated":"2026-08-06"}},{"type":"Feature","geometry":{"type":"Point","coordinates":[-115.8043531,44.3308661]},"properties":{"id":"usfs-camp:5602.002731","name":"Silver Creek Campground","camp_type":"Developed campground","site_type":"CAMPGROUND","agency":"USDA Forest Service","managing_org_code":"040206","operated_by":null,"status":"OPEN","status_reason":null,"description":"SILVER CREEK CAMPGROUND (Campground)","capacity":250,"max_people":null,"fee_charged":"Yes","fee_type":null,"fee_description":null,"open_season":null,"season_description":null,"operational_hours":null,"usage_level":null,"water":"Handpumps","restrooms":"Vault","pack_in_out":"Yes","permits":null,"passes":null,"restrictions":null,"important_info":null,"closest_towns":null,"directions":null,"recreation_gov_url":"https://www.recreation.gov/camping/campgrounds/234653","usfs_url":null,"minimum_elevation":null,"maximum_elevation":null,"source_updated":"2026-08-06"}},{"type":"Feature","geometry":{"type":"Point","coordinates":[-115.629271,43.96288]},"properties":{"id":"usfs-camp:10572010312","name":"Whoop-Um-Up Equestrian Camp","camp_type":"Horse camp","site_type":"HORSE CAMP","agency":"USDA Forest Service","managing_org_code":"040203","operated_by":null,"status":"OPEN","status_reason":null,"description":"WHOOP-UM-UP EQUESTRIAN CAMP (Horse Camp)","capacity":50,"max_people":null,"fee_charged":"Yes","fee_type":"EXPANDED AMENITY FEE","fee_description":null,"open_season":null,"season_description":null,"operational_hours":null,"usage_level":null,"water":"drinking water available","restrooms":"vault toilet","pack_in_out":"No","permits":null,"passes":null,"restrictions":null,"important_info":null,"closest_towns":null,"directions":null,"recreation_gov_url":null,"usfs_url":null,"minimum_elevation":null,"maximum_elevation":null,"source_updated":"2026-08-06"}},{"type":"Feature","geometry":{"type":"Point","coordinates":[-115.0524129,44.2486061]},"properties":{"id":"usfs-camp:5132.003221","name":"Stanley Lake Campground","camp_type":"Developed campground","site_type":"CAMPGROUND","agency":"USDA Forest Service","managing_org_code":"041404","operated_by":null,"status":"OPEN","status_reason":null,"description":"Stanley Lake Campground is located on the shoreline above beautiful Stanley Lake at the foot of the Sawtooth Mountains. Stanley Lake Campground is composed of 19 campsites including 1 double-site situated above beautiful Stanley Lake at the foot of the Sawtooth Mountains. This campsite accepts reservations which can be made by visiting www.recreation.gov or by calling (877)444-6777. The campground is situated on a hillside above the lake in a thick grove of lodgepole pines, at an elevation of 6,500 feet. Most campsites have partial shade and views of the Stanley Lake and McGowan Peak which is at an elevation of 9,860 feet. Stanley Lake offers excellent boating, waterskiing, canoeing, kayaking and fishing for rainbow, cutthroat, brook and bull trout. A boat ramp is located just outside the campground. A scenic overlook is located next to sites 3 and 4, with outstanding views of McGowan Peak and Stanley Lake. Know for is beautiful scenery, painters and photographers frequent the overlook to capture the views.","capacity":116,"max_people":null,"fee_charged":"Yes","fee_type":null,"fee_description":null,"open_season":null,"season_description":null,"operational_hours":"May-September. This campground closes on September 30. Host no longer available after September 15.","usage_level":null,"water":null,"restrooms":"Vault toilet(s)","pack_in_out":"No","permits":null,"passes":null,"restrictions":null,"important_info":null,"closest_towns":"Stanley, ID","directions":"From Stanley, go 5 miles north on ID 21 then 3.5 miles west on Forest Road #455.","recreation_gov_url":"https://www.recreation.gov/camping/campgrounds/233858","usfs_url":"https://www.fs.usda.gov/recarea/sawtooth/recreation/recarea/?recid=5876","minimum_elevation":null,"maximum_elevation":null,"source_updated":"2026-08-06"}},{"type":"Feature","geometry":{"type":"Point","coordinates":[-114.5347127,43.7801061]},"properties":{"id":"usfs-camp:5093.003221","name":"Easley Campground","camp_type":"Developed campground","site_type":"CAMPGROUND","agency":"USDA Forest Service","managing_org_code":"041404","operated_by":"US Forest Service","status":"OPEN","status_reason":null,"description":"Easley Campground is situated in groves of cottonwood and aspen and is composed of 10 campsites including 2 double-sites which can be reserved at www.recreation.gov or by calling (877)444-6777. Easley Campground is located along the beautiful Big Wood River at an elevation of 6,800 feet, conveniently close to Ketchum only 14 miles south. Visitors enjoy fishing, hiking and soaking at Easley Hot Springs. A forest of Douglas fir, ponderosa pine, lodgepole pine and aspen offers plentiful shade in the campground. Colorful summer wildflowers are abundant and willows dot the banks of the river. The campground provides easy access to the 18 mile Harriman Trail. There is a hot springs swimming pool with a lifeguard at adjacent Easley Resort. Easley is part of the Sawtooth National Recreation Area, where outdoor activities abound. Fly-fishing for rainbow, brown and brook trout is popular on the Big Wood River, as is float tubing. This is a terrific place for hiking, viewing wildlife and the scenery.","capacity":77.5,"max_people":null,"fee_charged":"Yes","fee_type":null,"fee_description":null,"open_season":null,"season_description":null,"operational_hours":"May-September. Closes September 15.","usage_level":null,"water":null,"restrooms":"Vault toilet(s)","pack_in_out":"No","permits":null,"passes":null,"restrictions":null,"important_info":null,"closest_towns":"Ketchum, ID","directions":"From Ketchum, go 14 miles north on ID 75. Turn south at the signs for Easley Campground or Boulder View (1/2 mile farther on ID 75).","recreation_gov_url":null,"usfs_url":"https://www.fs.usda.gov/recarea/sawtooth/recreation/recarea/?recid=5850","minimum_elevation":null,"maximum_elevation":null,"source_updated":"2026-08-06"}},{"type":"Feature","geometry":{"type":"Point","coordinates":[-114.8691129,44.2486061]},"properties":{"id":"usfs-camp:5120.003221","name":"Salmon River Campground","camp_type":"Developed campground","site_type":"CAMPGROUND","agency":"USDA Forest Service","managing_org_code":"041404","operated_by":"US Forest Service","status":"OPEN","status_reason":null,"description":"The Salmon River Campground has 2 sections, riverside and the north side of Hwy 75. It is composed of 30 campsites including 1 double-site. The campground is situated amongst lodgepole pines and sagebrush. All sites are first-come, first-serve. The campground allows easy access to numerous hot springs in the area. The town of Stanley is very close, visitors can take an afternoon to visit the fascinating Stanley Museum, which reveals the rich history of the area. This is an excellent site for fishing and hiking as Casiono Creek trailhead is close, leading you to either Little Casino Creek or Big Casino Creek towards the Casino Lakes.","capacity":183,"max_people":null,"fee_charged":"Yes","fee_type":null,"fee_description":null,"open_season":null,"season_description":null,"operational_hours":"May-September. This campground closes on September 30. Hillside host no longer available after September 15.","usage_level":null,"water":null,"restrooms":"Vault toilet(s)","pack_in_out":"No","permits":null,"passes":null,"restrictions":null,"important_info":null,"closest_towns":"Stanley, ID","directions":"From Stanley, go 5 miles northeast on ID 75.  The campground is on the right.","recreation_gov_url":"https://www.recreation.gov/camping/campgrounds/10165596","usfs_url":"https://www.fs.usda.gov/recarea/sawtooth/recreation/recarea/?recid=5897","minimum_elevation":null,"maximum_elevation":null,"source_updated":"2026-08-06"}},{"type":"Feature","geometry":{"type":"Point","coordinates":[-116.8603505,48.7359134]},"properties":{"id":"usfs-camp:5858.000331","name":"Beaver Creek Campground","camp_type":"Developed campground","site_type":"CAMPGROUND","agency":"USDA Forest Service","managing_org_code":"010408","operated_by":"Concessionaire","status":"OPEN","status_reason":null,"description":"Beaver Creek Campground sits in the Idaho Panhandle National Forests, offering phenomenal views of the Selkirk Mountains across the reflective waters of Priest Lake. Natural Features: The campground is situated on the northwest shore of Priest Lake at an elevation of 2,500 feet, shaded by hemlock and cedar. Priest Lake consists of the main lake, where most water recreation takes place, and the smaller Upper Priest Lake to the north. The two lakes are divided by a narrow channel. Recreation: A local beach is easily accessible for swimming and boating. Visitors enjoy kayaking, canoeing or power boating up a 2.5-mile channel called the Thorofare that leads to the Upper Priest Lake Scenic Area, where birding is a popular activity. Beaver Creek has two trailheads, one for the 9-mile Navigation Trail that heads north, and one for the 8-mile Lakeshore Trail that heads south. Both trails offer sweeping mountain views and are enjoyed by both hikers and horseback riders. Facilities: Beaver Creek offers41spacious, reservable campsites and one large group site that can accommodate up to 35 guests. Amenities include drinking water, vault toilets, picnic tables, and fire rings. Nearby Attractions: Hiking, huckleberry picking, Selkirk Mountains views. Boat Launch: A Forest Service-operated boat launch is located south of the campground. It is a primitive, sandy launch designed for boats up to 20 feet long.","capacity":310,"max_people":null,"fee_charged":"Yes","fee_type":null,"fee_description":"Overnight Use:\nSingle Site: $26 per night\nDouble Site: $52 per night\nGroup Site: $94 per night","open_season":"Mid May","season_description":null,"operational_hours":"Open 24 hours/day","usage_level":null,"water":"Yes, drinking water is available from a hand pump","restrooms":"Vault toilet(s)","pack_in_out":"No","permits":null,"passes":"Interagency Senior/Access Recreation Passes provide a 50% discount to Single Campsites ONLY. *The discount applies only to the fee for the campsite physically occupied by the pass holder, not to any additional fee or campsite(s) occupied by members of the pass holder's party.* https://store.usgs.gov/recreational-passes Please be prepared to pay with CASH or CHECK. *Sites may be reservable and reservation fees apply.*","restrictions":null,"important_info":null,"closest_towns":"Priest River, Idaho","directions":"GPS Info.(Latitude, Longitude):48.73417,-116.8691748443N,116529WFrom Priest River, Idaho, take Highway 57 north to Nordman, then turn right on Reeder Bay Road and continue for 12 miles into the campground.","recreation_gov_url":"https://www.recreation.gov/camping/campgrounds/232317","usfs_url":"https://www.fs.usda.gov/recarea/ipnf/recarea/?recid=6770","minimum_elevation":"2,520 feet","maximum_elevation":null,"source_updated":"2026-08-06"}},{"type":"Feature","geometry":{"type":"Point","coordinates":[-116.1206744,45.6395671]},"properties":{"id":"usfs-camp:5018.000961","name":"North Fork Slate Creek Campground","camp_type":"Developed campground","site_type":"CAMPGROUND","agency":"USDA Forest Service","managing_org_code":"011701","operated_by":"US Forest Service","status":"OPEN","status_reason":null,"description":"The North Fork Slate Creek Campground consists of five campsites, picnic tables and fire rings located at the confluence of Slate Creek and its North Fork. Hikers as well as mountain bikers can enjoy a number of loop trails in the area.  Parking is suitable for up to five vehicles. Small tent/travel trailers can be utilized as can self-contained pickup campers and motor homes.","capacity":25,"max_people":null,"fee_charged":"No","fee_type":null,"fee_description":"No fees are required for this site","open_season":null,"season_description":null,"operational_hours":"Open 24 hours/day","usage_level":null,"water":"No drinking water is available","restrooms":"Vault toilet(s)","pack_in_out":"Yes","permits":null,"passes":null,"restrictions":null,"important_info":null,"closest_towns":"White Bird, ID","directions":"From Slate Creek, go 8 miles east on Forest Road 354.","recreation_gov_url":null,"usfs_url":"https://www.fs.usda.gov/recarea/nezperceclearwater/recarea/?recid=16776","minimum_elevation":"3,000 feet","maximum_elevation":null,"source_updated":"2026-02-06"}},{"type":"Feature","geometry":{"type":"Point","coordinates":[-115.4956581,46.0846416]},"properties":{"id":"usfs-camp:5033.000961","name":"Rackcliff Campground","camp_type":"Developed campground","site_type":"CAMPGROUND","agency":"USDA Forest Service","managing_org_code":"011706","operated_by":"US Forest Service","status":"OPEN","status_reason":null,"description":"Rackliff Campground has 6 campsites on the Selway River and provides picnic areas and a toilet. It has fishing access, a footbridge across Rackliff Creek and trail access to Rackliff Ridge Trail # 702.","capacity":30,"max_people":null,"fee_charged":"Yes","fee_type":"EXPANDED AMENITY FEE","fee_description":"Overnight Use:\nSingle Site: $8 per night","open_season":null,"season_description":null,"operational_hours":"Open 24 hours/day","usage_level":null,"water":"No drinking water is available","restrooms":"Vault toilet(s)","pack_in_out":"Yes","permits":null,"passes":"Interagency Senior/Access Recreation Passes provide a 50% discount to Single Campsites ONLY. *The discount applies only to the fee for the campsite physically occupied by the pass holder, not to any additional fee or campsite(s) occupied by members of the pass holder's party.* https://store.usgs.gov/recreational-passes Please be prepared to pay with CASH or CHECK. *Sites may be reservable and reservation fees apply.*","restrictions":null,"important_info":null,"closest_towns":"Kooskia, ID","directions":"From Kooskia, go east 22 miles on US 12, then 9 miles southeast on Forest Road 223.","recreation_gov_url":null,"usfs_url":"https://www.fs.usda.gov/recarea/nezperceclearwater/recarea/?recid=16498","minimum_elevation":null,"maximum_elevation":null,"source_updated":"2026-08-06"}},{"type":"Feature","geometry":{"type":"Point","coordinates":[-114.9005711,43.7272245]},"properties":{"id":"usfs-camp:5095.003221","name":"Bear Creek Campground","camp_type":"Developed campground","site_type":"CAMPGROUND","agency":"USDA Forest Service","managing_org_code":"041405","operated_by":"US Forest Service","status":"OPEN","status_reason":null,"description":"Bear Creek Transfer Camp is located 32 miles north of Fairfield. The transfer camp offers 6 campsites with picnic tables and fire rings along with corrals and mangers with loading ramps and stock water available 150 yards to the north at Bear Creek. There is one vault toilet restroom available.","capacity":55,"max_people":null,"fee_charged":"No","fee_type":null,"fee_description":"No fees are required for this site","open_season":null,"season_description":null,"operational_hours":"Standard operating season is mid-May through October but can be weather dependent.","usage_level":null,"water":"No water is available","restrooms":"Vault toilet(s)","pack_in_out":"Yes","permits":null,"passes":null,"restrictions":null,"important_info":null,"closest_towns":"32 miles north of Fairfield, ID","directions":"Travel over Fleck Summit on Road No. 012.  Once at the summer home area, turn onto Road No. 079 and continue north past the Methodist Church Camp then turn left on to Road No. 889 and look for the entrance sign.","recreation_gov_url":null,"usfs_url":"https://www.fs.usda.gov/recarea/sawtooth/recreation/recarea/?recid=5977","minimum_elevation":"6,040 feet","maximum_elevation":null,"source_updated":"2025-12-22"}},{"type":"Feature","geometry":{"type":"Point","coordinates":[-116.2891737,47.0506662]},"properties":{"id":"usfs-camp:5021.000331","name":"Cedar Creek Campground","camp_type":"Developed campground","site_type":"CAMPGROUND","agency":"USDA Forest Service","managing_org_code":"010404","operated_by":"US Forest Service","status":"OPEN","status_reason":null,"description":"Cedar Creek Campground features 3 camp units, and vault toilets. There is no developed water so bring your own. Please observe Pack it In Pack it Out for your refuse. Attractions include fishing on the St. Marie's River.","capacity":51,"max_people":null,"fee_charged":"Yes","fee_type":"EXPANDED AMENITY FEE","fee_description":"Overnight Use:\nSingle Site: $10 per night (2 vehicles included per site)\nAdditional Vehicle: $5 per night (3 vehicle limit per site)","open_season":"Memorial Day","season_description":null,"operational_hours":"Open 24 hours/day","usage_level":null,"water":"No drinking water is available","restrooms":"Vault toilet(s)","pack_in_out":"Yes","permits":null,"passes":"Interagency Senior/Access Recreation Passes provide a 50% discount to Single Campsites ONLY. *The discount applies only to the fee for the campsite physically occupied by the pass holder, not to any additional fee or campsite(s) occupied by members of the pass holder's party.* https://store.usgs.gov/recreational-passes Please be prepared to pay with CASH or CHECK. *Sites may be reservable and reservation fees apply.*","restrictions":null,"important_info":null,"closest_towns":"Clarkia, Idaho","directions":"Drive 28 miles south of St. Marie's, Idaho (3 miles north of Clarkia, Idaho) on State Highway 3. The campground is accessed directly off of Highway 3.","recreation_gov_url":null,"usfs_url":"https://www.fs.usda.gov/recarea/ipnf/recarea/?recid=6896","minimum_elevation":null,"maximum_elevation":null,"source_updated":"2026-08-06"}},{"type":"Feature","geometry":{"type":"Point","coordinates":[-115.4790802,45.4010442]},"properties":{"id":"usfs-camp:5027.000961","name":"Mackay Bar Campground","camp_type":"Developed campground","site_type":"CAMPGROUND","agency":"USDA Forest Service","managing_org_code":"011705","operated_by":"US Forest Service","status":"OPEN","status_reason":null,"description":"Resting near the north bank of the mighty Salmon River, Mackay Bar campground offers three campsites, tables and fire grates. Parking is limited. Access to this campground is via a very rough, winding road with many tight switchbacks. Low-range, 4-wheel drive is recommended, with no trailers. Note: Be considerate of adjacent private ownership. Be Aware of rattlesnakes and poison ivy!","capacity":15,"max_people":null,"fee_charged":"No","fee_type":null,"fee_description":"No fees are required for this site","open_season":null,"season_description":null,"operational_hours":"Open 24 hours/day","usage_level":null,"water":"Water can be treated or filtered from nearby water sources","restrooms":"Vault toilet(s)","pack_in_out":"Yes","permits":null,"passes":null,"restrictions":null,"important_info":null,"closest_towns":"Dixie, ID","directions":"From State Highway 14, turn south on Red River-Dixie Road #222 and continue past the Red River Ranger Station (now closed), through Dixie Town, past the Dixie Guard Station and to the Salmon River (approximately 44 miles south of the Red River Ranger Station). Turn left and continue approximately 0.5 mile to the campground.","recreation_gov_url":null,"usfs_url":"https://www.fs.usda.gov/recarea/nezperceclearwater/recarea/?recid=16608","minimum_elevation":null,"maximum_elevation":null,"source_updated":"2025-07-31"}},{"type":"Feature","geometry":{"type":"Point","coordinates":[-111.4244122,44.4351065]},"properties":{"id":"usfs-camp:5044.003281","name":"Buttermilk Campground","camp_type":"Developed campground","site_type":"CAMPGROUND","agency":"USDA Forest Service","managing_org_code":"041552","operated_by":"Concessionaire","status":"OPEN","status_reason":null,"description":"Buttermilk Campground is located approximately 30 miles southwest of West Yellowstone, Monta and 32 miles north of Ashton, Idaho in beautiful Island Park, Idaho. Buttermilk sits next to Island Park Reservoir at an elevation of 6,200 feet. Visitors love Island Park for its world-class fishing and outstanding scenery and wildlife viewing opportunities.","capacity":465,"max_people":null,"fee_charged":"Yes","fee_type":null,"fee_description":null,"open_season":null,"season_description":null,"operational_hours":"Open 8:00 a.m. to 10:00 p.m.","usage_level":null,"water":"Yes, drinking water is available from faucets","restrooms":"Vault toilet(s)","pack_in_out":"No","permits":null,"passes":null,"restrictions":null,"important_info":null,"closest_towns":"Island Park, Idaho","directions":"From West Yellowstone, Monta travel south on Hwy. 20 for approximately 25 miles or 79 miles north of Idaho Falls, ID. Turn right on to the Yale - Kilgore Road (across from the Elk Creek Gas Station).  You can either go ~1/2 mile and turn left or go 2 miles and turn left onto the Buttermilk Loop Road. Buttermilk Campground is at the bottom of the Loop.","recreation_gov_url":"https://www.recreation.gov/camping/campgrounds/233826","usfs_url":"https://www.fs.usda.gov/recarea/ctnf/recarea/?recid=53825","minimum_elevation":null,"maximum_elevation":null,"source_updated":"2026-08-06"}},{"type":"Feature","geometry":{"type":"Point","coordinates":[-114.2858894,42.19435]},"properties":{"id":"usfs-camp:5069.003221","name":"Upper Penstemon Campground","camp_type":"Developed campground","site_type":"CAMPGROUND","agency":"USDA Forest Service","managing_org_code":"041401","operated_by":"US Forest Service","status":"OPEN","status_reason":null,"description":"Upper Penstemon Campground is located at the base of Magic Mountain Ski Area. This is a fee campground composed of 8 individual units and 1 group unit. Fee envelopes and a collection box are provided near the entrance and reservations are recommended. This area is accessible for a season that varies usually between June and September. Sites are handicapped accessible and campground amenities include a baseball diamond, horseshoe pits, and handicapped accessible toilets. The campground is well suited for motor homes, trailers, and tent camping. This area is popular in summer for trout fishing, hiking, and wildlife watching. There is a hiking trail at Elk Butte Spring that heads south to the Pike Mountain view point. Winter sports are popular from December to March and five cross-country ski trails that vary in length from 1.2 to 8.1 miles are located nearby. Three of these trails are groomed regularly. There are 55 miles of groomed snowmobile trails and another 350 miles of ungroomed marked routes. Magic Mountain Ski Resort boasts three lifts, accessing 14 runs. A large shelter and heated restrooms near the Diamondfield Jack parking area warms winter visitors.","capacity":50,"max_people":null,"fee_charged":"Yes","fee_type":"EXPANDED AMENITY FEE","fee_description":"Overnight Use:\nSingle Site: $8 per night","open_season":null,"season_description":null,"operational_hours":null,"usage_level":null,"water":"Potable water is typically available June through September","restrooms":"Vault toilets","pack_in_out":"Yes","permits":null,"passes":"Interagency Senior/Access Recreation Passes provide a 50% discount to Single Campsites ONLY. *The discount applies only to the fee for the campsite physically occupied by the pass holder, not to any additional fee or campsite(s) occupied by members of the pass holder's party.* https://store.usgs.gov/recreational-passes Please be prepared to pay with CASH or CHECK. *Sites may be reservable and reservation fees apply.*","restrictions":null,"important_info":null,"closest_towns":"Hansen, ID","directions":"Upper Penstemon Campground is located 27.2 miles south of Hansen, ID.","recreation_gov_url":null,"usfs_url":"https://www.fs.usda.gov/recarea/sawtooth/recreation/recarea/?recid=5772","minimum_elevation":null,"maximum_elevation":null,"source_updated":"2026-08-06"}},{"type":"Feature","geometry":{"type":"Point","coordinates":[-114.2594124,42.279706]},"properties":{"id":"usfs-camp:5072.003221","name":"Steer Basin Cg","camp_type":"Developed campground","site_type":"CAMPGROUND","agency":"USDA Forest Service","managing_org_code":"041401","operated_by":null,"status":"OPEN","status_reason":null,"description":"Steer Basin Campground is a developed, fee campground composed of 4 individual units adjacent to Rock Creek with minimal tree coverage. It is a convenient retreat for visitor's from nearby Twin Falls, ID.","capacity":25,"max_people":null,"fee_charged":"Yes","fee_type":"EXPANDED AMENITY FEE","fee_description":"Overnight Use:\nSingle Site: $5 per night","open_season":null,"season_description":null,"operational_hours":null,"usage_level":null,"water":null,"restrooms":null,"pack_in_out":"Yes","permits":null,"passes":"Interagency Senior/Access Recreation Passes provide a 50% discount to Single Campsites ONLY. *The discount applies only to the fee for the campsite physically occupied by the pass holder, not to any additional fee or campsite(s) occupied by members of the pass holder's party.* https://store.usgs.gov/recreational-passes Please be prepared to pay with CASH or CHECK. *Sites may be reservable and reservation fees apply.*","restrictions":null,"important_info":null,"closest_towns":null,"directions":null,"recreation_gov_url":null,"usfs_url":null,"minimum_elevation":null,"maximum_elevation":null,"source_updated":"2026-08-06"}},{"type":"Feature","geometry":{"type":"Point","coordinates":[-115.5403113,45.7169822]},"properties":{"id":"usfs-camp:6982.000961","name":"Five Mile Campground","camp_type":"Developed campground","site_type":"CAMPGROUND","agency":"USDA Forest Service","managing_org_code":"011705","operated_by":"US Forest Service","status":"OPEN","status_reason":null,"description":"Situated in open, tall timber, this campground is popular for family camping, in that it is near a fishing and swimming pond (Five Mile Pond), has a creek flowing by the site, and has easy access to Crooked River. Fire rings with camp sites grace the campground.","capacity":30,"max_people":null,"fee_charged":"No","fee_type":null,"fee_description":"No fees are required for this site","open_season":null,"season_description":null,"operational_hours":"Open 24 hours/day","usage_level":null,"water":"Water can be treated or filtered from nearby water sources","restrooms":"Vault toilet(s)","pack_in_out":"Yes","permits":null,"passes":null,"restrictions":null,"important_info":null,"closest_towns":"Elk City, ID","directions":"From State Highway 14, turn south on Crooked River Road #233 and travel approximately 10.5 miles to the campground on the right.","recreation_gov_url":null,"usfs_url":"https://www.fs.usda.gov/recarea/nezperceclearwater/recarea/?recid=16572","minimum_elevation":null,"maximum_elevation":null,"source_updated":"2025-07-31"}},{"type":"Feature","geometry":{"type":"Point","coordinates":[-115.9624494,45.8269992]},"properties":{"id":"usfs-camp:5003.000961","name":"South Fork Campground","camp_type":"Developed campground","site_type":"CAMPGROUND","agency":"USDA Forest Service","managing_org_code":"011701","operated_by":"US Forest Service","status":"OPEN","status_reason":null,"description":"South Fork Campground, located off Highway 14 along the South Fork of the Clearwater River, has 9 sites for RVs and tent campers. You may find a Volunteer Campground Host during the operating season. Site #3 is 31 feet long, and site #8 is 25 feet long. All other sites are shorter.","capacity":65,"max_people":null,"fee_charged":"Yes","fee_type":"EXPANDED AMENITY FEE","fee_description":"Overnight Use:\nSingle Site: $12 per night\nAdditional Vehicle Fee: $3 per night","open_season":null,"season_description":null,"operational_hours":"Open 24 hours/day","usage_level":null,"water":"Yes, drinking water is available from a hand pump","restrooms":"Vault toilet(s)","pack_in_out":"No","permits":null,"passes":"Interagency Senior/Access Recreation Passes provide a 50% discount to Single Campsites ONLY. *The discount applies only to the fee for the campsite physically occupied by the pass holder, not to any additional fee or campsite(s) occupied by members of the pass holder's party.* https://store.usgs.gov/recreational-passes Please be prepared to pay with CASH or CHECK. *Sites may be reservable and reservation fees apply.*","restrictions":null,"important_info":null,"closest_towns":"Grangeville, ID","directions":"From the east end of Grangeville, turn south on the Grangeville Salmon Road and turn left at the drive-in theater toward the small town Mt. Idaho. Continue on the Mt. Idaho Grade, and junction with State Highway 14 headed toward Elk City. South Fork Campground is located at Mile Post 14 on Hwy 14.","recreation_gov_url":null,"usfs_url":"https://www.fs.usda.gov/recarea/nezperceclearwater/recarea/?recid=16656","minimum_elevation":null,"maximum_elevation":null,"source_updated":"2026-08-06"}},{"type":"Feature","geometry":{"type":"Point","coordinates":[-115.5374565,46.5897173]},"properties":{"id":"usfs-camp:210205010602","name":"Pine Creek Camp","camp_type":"Developed campground","site_type":"CAMPGROUND","agency":"USDA Forest Service","managing_org_code":"011753","operated_by":null,"status":"OPEN","status_reason":null,"description":"PINE CREEK CAMP (Campground)","capacity":15,"max_people":null,"fee_charged":"No","fee_type":null,"fee_description":null,"open_season":null,"season_description":null,"operational_hours":null,"usage_level":null,"water":null,"restrooms":null,"pack_in_out":"Yes","permits":null,"passes":null,"restrictions":null,"important_info":null,"closest_towns":null,"directions":null,"recreation_gov_url":null,"usfs_url":null,"minimum_elevation":null,"maximum_elevation":null,"source_updated":"2025-12-22"}},{"type":"Feature","geometry":{"type":"Point","coordinates":[-116.1730496,46.7918572]},"properties":{"id":"usfs-camp:11193010361","name":"Elk Creek Campground (clearwater Nf, Id)","camp_type":"Developed campground","site_type":"CAMPGROUND","agency":"USDA Forest Service","managing_org_code":"011752","operated_by":"US Forest Service","status":"OPEN","status_reason":null,"description":"Elk Creek Campground offers visitors a little bit of everything. From scenic views and vistas, to attractive waterfalls and ancient foliage, the campground provides a great place to stay in the mountains of north central Idaho. Recreational opportunities abound in the area and a variety of services are located nearby. There are multiple Elk Creek Campgrounds; this is in Clearwater County, Idaho.","capacity":120,"max_people":null,"fee_charged":"Yes","fee_type":"EXPANDED AMENITY FEE","fee_description":"Overnight Use:\nSingle Site electric hook-up: $20 per night","open_season":"May - September","season_description":null,"operational_hours":"Open 24 hours/day","usage_level":null,"water":"Yes, drinking water is available from faucets","restrooms":"Vault toilet(s)","pack_in_out":"Yes","permits":null,"passes":"Interagency Senior/Access Recreation Passes provide a 50% discount to Single Campsites ONLY. *The discount applies only to the fee for the campsite physically occupied by the pass holder, not to any additional fee or campsite(s) occupied by members of the pass holder's party.* https://store.usgs.gov/recreational-passes Please be prepared to pay with CASH or CHECK. *Sites may be reservable and reservation fees apply.*","restrictions":"Stay Limit: The 14 day stay limit is strictly enforced. Camping for a period longer than 14 days during any 30-consecutive day period is prohibited. If you have booked back-to-back reservations, you will be asked to cancel all days after the first 14.","important_info":"The campground offers single-family sites for tent and RV camping, most of which are available on a first-come, first-served basis (no reservation needed). Electrical hookups are available at all sites including six campsites available for advanced reservations. Parking and driving surfaces are gravel throughout the campground.\nEach site is equipped with a table and campfire ring with grill. Accessible vault toilets and drinking water are provided. A more rustic overflow section offers additional campsites.","closest_towns":"Elk River, ID","directions":"From Moscow, Idaho, travel northeast on State Road 8 to Elk River. Turn north onto Forest Road 382 and then east onto Forest Road 1705. The campground is about an hour from Moscow.","recreation_gov_url":"https://www.recreation.gov/camping/campgrounds/234505","usfs_url":"https://www.fs.usda.gov/recarea/nezperceclearwater/recreation/recarea/?recid=80130&actid=29","minimum_elevation":"3,500 feet","maximum_elevation":null,"source_updated":"2026-08-06"}},{"type":"Feature","geometry":{"type":"Point","coordinates":[-115.711738,43.897699]},"properties":{"id":"usfs-camp:5304.002731","name":"Ten Mile Campground","camp_type":"Developed campground","site_type":"CAMPGROUND","agency":"USDA Forest Service","managing_org_code":"040203","operated_by":null,"status":"OPEN","status_reason":null,"description":"TEN MILE CAMPGROUND (Campground)","capacity":80,"max_people":null,"fee_charged":"Yes","fee_type":"EXPANDED AMENITY FEE","fee_description":null,"open_season":null,"season_description":null,"operational_hours":null,"usage_level":null,"water":null,"restrooms":null,"pack_in_out":"No","permits":null,"passes":null,"restrictions":null,"important_info":null,"closest_towns":null,"directions":null,"recreation_gov_url":null,"usfs_url":null,"minimum_elevation":null,"maximum_elevation":null,"source_updated":"2026-08-06"}},{"type":"Feature","geometry":{"type":"Point","coordinates":[-116.0565747,47.2032723]},"properties":{"id":"usfs-camp:6003.000331","name":"Marble Creek","camp_type":"Developed campground","site_type":"CAMPGROUND","agency":"USDA Forest Service","managing_org_code":"010404","operated_by":null,"status":"OPEN","status_reason":null,"description":"MARBLE CREEK (Campground)","capacity":10,"max_people":null,"fee_charged":"No","fee_type":null,"fee_description":null,"open_season":null,"season_description":null,"operational_hours":null,"usage_level":null,"water":null,"restrooms":null,"pack_in_out":"Yes","permits":null,"passes":null,"restrictions":null,"important_info":null,"closest_towns":null,"directions":null,"recreation_gov_url":null,"usfs_url":null,"minimum_elevation":null,"maximum_elevation":null,"source_updated":"2026-02-23"}},{"type":"Feature","geometry":{"type":"Point","coordinates":[-115.5865931,44.6450861]},"properties":{"id":"usfs-camp:5381.002731","name":"Summit Lake Campground","camp_type":"Developed campground","site_type":"CAMPGROUND","agency":"USDA Forest Service","managing_org_code":"040204","operated_by":null,"status":"OPEN","status_reason":null,"description":"SUMMIT LAKE CAMPGROUND (Campground)","capacity":20,"max_people":null,"fee_charged":"No","fee_type":null,"fee_description":null,"open_season":null,"season_description":null,"operational_hours":null,"usage_level":null,"water":null,"restrooms":"Vault Toilet","pack_in_out":"Yes","permits":null,"passes":null,"restrictions":null,"important_info":null,"closest_towns":null,"directions":null,"recreation_gov_url":null,"usfs_url":null,"minimum_elevation":"7,200 feet","maximum_elevation":null,"source_updated":"2025-12-22"}},{"type":"Feature","geometry":{"type":"Point","coordinates":[-115.4377544,46.5545313]},"properties":{"id":"usfs-camp:212942010602","name":"Weitas Guard Station Camp","camp_type":"Developed campground","site_type":"CAMPGROUND","agency":"USDA Forest Service","managing_org_code":"011753","operated_by":null,"status":"OPEN","status_reason":null,"description":"WEITAS GUARD STATION CAMP (Campground)","capacity":15,"max_people":null,"fee_charged":"No","fee_type":null,"fee_description":null,"open_season":null,"season_description":null,"operational_hours":null,"usage_level":null,"water":null,"restrooms":null,"pack_in_out":"Yes","permits":null,"passes":null,"restrictions":null,"important_info":null,"closest_towns":null,"directions":null,"recreation_gov_url":null,"usfs_url":null,"minimum_elevation":null,"maximum_elevation":null,"source_updated":"2025-12-22"}},{"type":"Feature","geometry":{"type":"Point","coordinates":[-115.6191805,46.8425753]},"properties":{"id":"usfs-camp:210209010602","name":"Purple Beach Group Site","camp_type":"Group campground","site_type":"GROUP CAMPGROUND","agency":"USDA Forest Service","managing_org_code":"011753","operated_by":"US Forest Service","status":"OPEN","status_reason":null,"description":"Aquarius Campground boasts 9 developed sites and 2 group campsites (Purple Beach) on the bank of the scenic North Fork of the Clearwater River. Swimming, fly fishing, tubing and whitewater rafting (May and June) are just a few of the many water sports frequently enjoyed by visitors here. Hunters, anglers, and families looking for a quiet spot to take a dip and get away with the kids can all find respite here. Hiking trails near the campground take hikers and backpackers alike into the Mallard Larkins Pioneer Area and to the Black Mountain summit, one of the few remaining places in Idaho where Mountain Goats can still be seen!","capacity":30,"max_people":null,"fee_charged":"Yes","fee_type":"EXPANDED AMENITY FEE","fee_description":"Overnight Use:\nGroup Site: $15 per night","open_season":null,"season_description":null,"operational_hours":"Open 24 hours/day","usage_level":null,"water":"Yes, drinking water is available from faucets","restrooms":"Vault toilet(s)","pack_in_out":"Yes","permits":null,"passes":"Interagency Senior/Access Recreation Passes provide a 50% discount to Single Campsites ONLY. *The discount applies only to the fee for the campsite physically occupied by the pass holder, not to any additional fee or campsite(s) occupied by members of the pass holder's party.* https://store.usgs.gov/recreational-passes Please be prepared to pay with CASH or CHECK. *Sites may be reservable and reservation fees apply.*","restrictions":null,"important_info":null,"closest_towns":"Headquarters, ID","directions":"From Headquarters, ID drive north on Beaver Creek Rd about 24 miles to the campground.","recreation_gov_url":null,"usfs_url":"https://www.fs.usda.gov/recarea/nezperceclearwater/recarea/?recid=80070","minimum_elevation":null,"maximum_elevation":null,"source_updated":"2026-08-06"}},{"type":"Feature","geometry":{"type":"Point","coordinates":[-116.0309324,47.7724212]},"properties":{"id":"usfs-camp:5059.000331","name":"Devils Elbow","camp_type":"Group campground","site_type":"GROUP CAMPGROUND","agency":"USDA Forest Service","managing_org_code":"010403","operated_by":null,"status":"OPEN","status_reason":null,"description":"DEVILS ELBOW (Group Campground)","capacity":50,"max_people":null,"fee_charged":"Yes","fee_type":null,"fee_description":null,"open_season":null,"season_description":null,"operational_hours":null,"usage_level":null,"water":null,"restrooms":null,"pack_in_out":"No","permits":null,"passes":null,"restrictions":null,"important_info":null,"closest_towns":null,"directions":null,"recreation_gov_url":null,"usfs_url":null,"minimum_elevation":null,"maximum_elevation":null,"source_updated":"2025-04-04"}},{"type":"Feature","geometry":{"type":"Point","coordinates":[-115.235847,44.3193041]},"properties":{"id":"usfs-camp:5405.003191","name":"Bench Creek Campground","camp_type":"Developed campground","site_type":"CAMPGROUND","agency":"USDA Forest Service","managing_org_code":"041302","operated_by":null,"status":"OPEN","status_reason":null,"description":"BENCH CREEK CAMPGROUND (Campground)","capacity":25,"max_people":null,"fee_charged":"Yes","fee_type":"EXPANDED AMENITY FEE","fee_description":null,"open_season":null,"season_description":null,"operational_hours":null,"usage_level":null,"water":null,"restrooms":null,"pack_in_out":"Yes","permits":null,"passes":null,"restrictions":null,"important_info":null,"closest_towns":null,"directions":null,"recreation_gov_url":null,"usfs_url":null,"minimum_elevation":null,"maximum_elevation":null,"source_updated":"2026-08-06"}},{"type":"Feature","geometry":{"type":"Point","coordinates":[-114.1522126,43.6694061]},"properties":{"id":"usfs-camp:5186.003221","name":"Federal Gulch Campground","camp_type":"Developed campground","site_type":"CAMPGROUND","agency":"USDA Forest Service","managing_org_code":"041403","operated_by":"US Forest Service","status":"OPEN","status_reason":null,"description":"Federal Gulch Campground is a non-fee, non-reservation campground located on the East Fork of the Wood River. The campground is composed of 3 campsites on the East Fork of the Wood River. The trailhead provides access to Federal Gulch Tr. No. 169, which connects to the remote and seldom-visited Little Wood River country. The campground is generally accessible May through October. Campground amenities include a vault toilet is located in the campground, and each site has a fire ring and picnic table. Stock is permitted in designated areas and hitching rails are provided.","capacity":30,"max_people":null,"fee_charged":"No","fee_type":null,"fee_description":"No fees are required for this site","open_season":null,"season_description":null,"operational_hours":"June-September","usage_level":null,"water":"No drinking water is available","restrooms":"Vault toilet(s)","pack_in_out":"Yes","permits":null,"passes":null,"restrictions":null,"important_info":null,"closest_towns":"Ketchum and Hailey, ID","directions":"From Ketchum, go south on ID 75 approximately 6 miles to the East Fork Big Wood River/Greenhorn Gulch traffic light, then go east (left) on Forest Road #118 approximately 12 miles, through the old mining town of Triumph, along the East Fork of the Wood River, to reach Federal Gulch Campground.","recreation_gov_url":null,"usfs_url":"https://www.fs.usda.gov/recarea/sawtooth/recreation/recarea/?recid=5813","minimum_elevation":null,"maximum_elevation":null,"source_updated":"2025-12-22"}},{"type":"Feature","geometry":{"type":"Point","coordinates":[-115.6252029,43.716246]},"properties":{"id":"usfs-camp:5350.002731","name":"Troutdale Campground","camp_type":"Developed campground","site_type":"CAMPGROUND","agency":"USDA Forest Service","managing_org_code":"040201","operated_by":"US Forest Service","status":"OPEN","status_reason":null,"description":"Troutdale Campground has five first come, first serve sites with fire rings, picnic tables and vault toilet","capacity":20,"max_people":null,"fee_charged":"No","fee_type":null,"fee_description":"No fees are required for this site","open_season":null,"season_description":null,"operational_hours":"End of May - End of September Unless closed by snow","usage_level":null,"water":"No water is available","restrooms":"Vault toilet(s)","pack_in_out":"Yes","permits":null,"passes":null,"restrictions":null,"important_info":null,"closest_towns":"Boise, ID","directions":"From Boise travel north on Hwy 21 turn right on FR 268 for approximately 33 miles.","recreation_gov_url":null,"usfs_url":"www.fs.usda.gov/recarea/asnf/recreation/recarea/?recid=5084","minimum_elevation":null,"maximum_elevation":null,"source_updated":"2025-12-22"}},{"type":"Feature","geometry":{"type":"Point","coordinates":[-114.5523972,44.2548697]},"properties":{"id":"usfs-camp:5690.003221","name":"Whiskey Flat Campground","camp_type":"Developed campground","site_type":"CAMPGROUND","agency":"USDA Forest Service","managing_org_code":"041404","operated_by":"US Forest Service","status":"OPEN","status_reason":null,"description":"This location is available on a first-come, first-served basis only. Visitors are required to physically arrive at the campground to purchase and claim a site. Once on-site, you may be able to pay for your campsite(s) by scanning a QR code using the Recreation.gov mobile app, and the Scan and Pay feature.","capacity":38,"max_people":null,"fee_charged":"Yes","fee_type":null,"fee_description":null,"open_season":null,"season_description":null,"operational_hours":"June-September. This campground closes on September 15th.","usage_level":null,"water":"No water is available","restrooms":"Vault toilet(s)","pack_in_out":"No","permits":null,"passes":null,"restrictions":null,"important_info":null,"closest_towns":"Stanley, ID","directions":"From Stanley go northeast 26miles on HWY 75.  Whiskey Flat Campground is on the left","recreation_gov_url":"https://www.recreation.gov/camping/campgrounds/10165741","usfs_url":"https://www.fs.usda.gov/recarea/sawtooth/recreation/recarea/?recid=5903","minimum_elevation":null,"maximum_elevation":null,"source_updated":"2026-08-06"}},{"type":"Feature","geometry":{"type":"Point","coordinates":[-115.7385812,44.9371101]},"properties":{"id":"usfs-camp:5096.003141","name":"Buckhorn Bar Campground","camp_type":"Developed campground","site_type":"CAMPGROUND","agency":"USDA Forest Service","managing_org_code":"041206","operated_by":"US Forest Service","status":"OPEN","status_reason":null,"description":"Located alongside the South Fork Salmon River, these 10 campsites include 4 walk-in, tent only sites. The walk-in sites are along the South Fork of the Salmon River, and 1 is a double unit, which can accommodate up to 16 people. Campsites include tables, fire rings, and grills.\nNearby activities include fishing and rafting in the South Fork of the Salmon River. The campground is eight miles south of the confluence of the East Fork of the South Fork of the Salmon River on the South Fork of the Salmon River Road.","capacity":55,"max_people":null,"fee_charged":"Yes","fee_type":"EXPANDED AMENITY FEE","fee_description":"Overnight Use:\nSingle Site: $10 per night\nDouble Site: $15 per night","open_season":null,"season_description":null,"operational_hours":"Check in: 2:00 p.m.; Check-out: 11:00 a.m.","usage_level":null,"water":"Yes, drinking water is available from a hand pump","restrooms":"Vault toilet(s)","pack_in_out":"Yes","permits":null,"passes":"Interagency Senior/Access Recreation Passes provide a 50% discount to Single Campsites ONLY. *The discount applies only to the fee for the campsite physically occupied by the pass holder, not to any additional fee or campsite(s) occupied by members of the pass holder's party.* https://store.usgs.gov/recreational-passes Please be prepared to pay with CASH or CHECK. *Sites may be reservable and reservation fees apply.*","restrictions":null,"important_info":null,"closest_towns":"Yellow Pine, ID","directions":"From McCall, go 30 miles northeast on Lick Creek Road (Forest Road 48), then 7.5 miles south on the South Fork Road (Forest Road 674). Or you may access the campground via Warm Lake Road just north of Cascade and then north along the South Fork of the Salmon River road (Forest Roads 474/674).","recreation_gov_url":null,"usfs_url":"https://www.fs.usda.gov/recarea/payette/recarea/?recid=26953","minimum_elevation":"5,600 feet","maximum_elevation":null,"source_updated":"2026-08-06"}},{"type":"Feature","geometry":{"type":"Point","coordinates":[-116.1784131,44.326886]},"properties":{"id":"usfs-camp:5305.002731","name":"Hollywood Point Campground","camp_type":"Developed campground","site_type":"CAMPGROUND","agency":"USDA Forest Service","managing_org_code":"040206","operated_by":null,"status":"OPEN","status_reason":null,"description":"HOLLYWOOD POINT CAMPGROUND (Campground)","capacity":30,"max_people":null,"fee_charged":"Yes","fee_type":null,"fee_description":null,"open_season":null,"season_description":null,"operational_hours":null,"usage_level":null,"water":"Handpump","restrooms":"Vault","pack_in_out":"Yes","permits":null,"passes":null,"restrictions":null,"important_info":null,"closest_towns":null,"directions":null,"recreation_gov_url":null,"usfs_url":null,"minimum_elevation":null,"maximum_elevation":null,"source_updated":"2026-08-06"}},{"type":"Feature","geometry":{"type":"Point","coordinates":[-116.2729832,44.654304]},"properties":{"id":"usfs-camp:5076.003141","name":"Cabin Creek Campground","camp_type":"Developed campground","site_type":"CAMPGROUND","agency":"USDA Forest Service","managing_org_code":"041201","operated_by":"US Forest Service","status":"OPEN","status_reason":null,"description":"Cabin Creek Campground, located the West Mountains along the Middle Fork of the Weiser River, is divided into two loops. The north loop contains 12 campsites. The south loop (opening in late June, 2025) contains six equestrian-themed campsites, though they are available for use by any visitor on a first-come, first-served basis. Potable water is available by hand pump in the north loop.\nRecreation opportunities in the area include fishing; hunting; hiking, motorcycle riding, horseback riding, and mountain biking on the adjacent Council Mountain Trail (no. 198), extended to the campground in 2024; OHV riding, including on the Bear Gap ATV Trail (no. 209, up to 50? width, open to motorized use May 15 through Sept. 30), located to the southeast of the campground. Several other motorized and non-motorized trails are available along Middle Fork Weiser River Road.   \nTypical season of campground operation is May 15 through November 4.","capacity":59,"max_people":null,"fee_charged":"Yes","fee_type":"EXPANDED AMENITY FEE","fee_description":"Overnight Use:\nSingle Site: $10 per night","open_season":null,"season_description":null,"operational_hours":"Check in: 2:00 p.m.; Check-out: 11:00 a.m.","usage_level":null,"water":"Yes, drinking water is available from a hand pump","restrooms":"Vault toilet(s)","pack_in_out":"Yes","permits":null,"passes":"Interagency Senior/Access Recreation Passes provide a 50% discount to Single Campsites ONLY. *The discount applies only to the fee for the campsite physically occupied by the pass holder, not to any additional fee or campsite(s) occupied by members of the pass holder's party.* https://store.usgs.gov/recreational-passes Please be prepared to pay with CASH or CHECK. *Sites may be reservable and reservation fees apply.*","restrictions":null,"important_info":null,"closest_towns":"Council, ID","directions":"From Council, go 4 miles south on Highway 95, then 10 miles east on Forest Road 186.","recreation_gov_url":null,"usfs_url":"https://www.fs.usda.gov/recarea/payette/recarea/?recid=26935","minimum_elevation":"4,150 feet","maximum_elevation":null,"source_updated":"2026-08-06"}},{"type":"Feature","geometry":{"type":"Point","coordinates":[-113.9289126,43.6075062]},"properties":{"id":"usfs-camp:5187.003221","name":"Copper Creek Campground","camp_type":"Developed campground","site_type":"CAMPGROUND","agency":"USDA Forest Service","managing_org_code":"041403","operated_by":"US Forest Service","status":"OPEN","status_reason":null,"description":"Copper Creek/Garfield Campground is a primitive, non-fee, non-reservation campground composed of 8 campsites in a canyon carved by Copper Creek. This area is accessible from May through October. Fishing is available in area streams. This trail extends north into the Challis National Forest. Campground amenities include a vault toilet, picnic tables, fire rings, and hitching posts for stock.","capacity":40,"max_people":null,"fee_charged":"No","fee_type":null,"fee_description":"No fees are required for this site","open_season":null,"season_description":null,"operational_hours":"May-October","usage_level":null,"water":"No water is available","restrooms":"Vault toilet(s)","pack_in_out":"Yes","permits":null,"passes":null,"restrictions":null,"important_info":null,"closest_towns":"Bellevue, ID","directions":null,"recreation_gov_url":null,"usfs_url":"https://www.fs.usda.gov/recarea/sawtooth/recreation/recarea/?recid=5814","minimum_elevation":null,"maximum_elevation":null,"source_updated":"2025-12-22"}},{"type":"Feature","geometry":{"type":"Point","coordinates":[-115.697543,43.908856]},"properties":{"id":"usfs-camp:5298.002731","name":"Hayfork Group Campground","camp_type":"Group campground","site_type":"GROUP CAMPGROUND","agency":"USDA Forest Service","managing_org_code":"040203","operated_by":null,"status":"OPEN","status_reason":null,"description":"Hayfork Group Campground is located 49 miles northeast of Boise, Idaho, along scenic Highway 21. Historic Idaho City is just 12 miles south of the campground. Visitors enjoy fishing in Mores Creek and exploring local trails.","capacity":50,"max_people":null,"fee_charged":"Yes","fee_type":"EXPANDED AMENITY FEE","fee_description":"Overnight Use:\nGroup Site: $100 per night","open_season":null,"season_description":null,"operational_hours":"Mid May-Mid October","usage_level":null,"water":"Yes, drinking water is available from a hand pump","restrooms":"Vault toilet(s)","pack_in_out":"No","permits":null,"passes":"Please be prepared to pay with CASH or CHECK. *Sites may be reservable and reservation fees apply.*","restrictions":null,"important_info":null,"closest_towns":"Idaho City, ID","directions":"From Idaho City, Idaho, travel State Highway 21 north for about 11 miles to the campground. The entrance is on the east side of the road.","recreation_gov_url":"https://www.recreation.gov/camping/campgrounds/232379","usfs_url":"www.fs.usda.gov/recarea/asnf/recreation/recarea/?recid=5169","minimum_elevation":null,"maximum_elevation":null,"source_updated":"2026-08-06"}},{"type":"Feature","geometry":{"type":"Point","coordinates":[-116.8994452,48.5670443]},"properties":{"id":"usfs-camp:6077.000331","name":"Kalispell Island Campgrounds","camp_type":"Developed campground","site_type":"CAMPGROUND","agency":"USDA Forest Service","managing_org_code":"010408","operated_by":"US Forest Service","status":"OPEN","status_reason":null,"description":"Kalispell Island Group Site is located on the southeast side of Kalispell Island on Priest Lake. The rustic campsite is part of the Three Pines camping area at site #29. The island, reached only by boat, faces the beautiful Selkirk Mountains.Other Camping:West Shores - 7 camp units, west side of island (vault toilet).Peninsula - 2 camp units, southwest side of island (portable toilet required).Schneider - 5 camp units, south west end of island (vault toilet).Silver - 8 camp units, south end of island (vault toilet).Silver Cove - 3 camp units, south end of island (vault toilet).Selkirk - 2 camp units, south east side of island (portable toilet required).Three Pines - 7 camp units, south east side of island (vault toilet).Cottonwood - 1 camp units, east (middle) of island (portable toilet required).Rocky Point - 9 camp units, northeast end of island (vault toilet).North Cove - 5 camp units, northeast end of island (vault toilet).Shady - 1 camp unit, north end of island (portable toilet required).Kalispell Vista - 2 camp units, west side of island (portable toilet required).A popular activity among visitors is to kayak, canoe, or power boat up a 3.5-mile thoroughfare, which leads to the Upper Priest Lake Scenic Area. The upper lake - just like Kalispell Island - cannot be accessed by car, so water is an excellent navigation option.Natural Features: Kalispell Island is one of seven islands scattered throughout Priest Lake. Kalispell is the largest of these islands, spanning 264 acres, and is shaped like a tooth.Priest Lake, at a 2,400 foot elevation, is one of the top three largest lakes in Idaho. To the north, the lake connects to the Upper Priest Lake, divided by a narrow channel, which can be passed through by boat.Recreation: Priest Lake is less than an hour from the Canadian Border, nestled deep below the crest of the Selkirk Mountains. Surrounded by the natural beauty of north Idaho and the mile-high mountains, this 25,000-acre lake offers clear, blue waters reach","capacity":262.5,"max_people":null,"fee_charged":"Yes","fee_type":"EXPANDED AMENITY FEE","fee_description":"Overnight Use:\nBoat-in Site: $15 per night","open_season":"Late May","season_description":null,"operational_hours":"Open 24 hours/day","usage_level":null,"water":"No drinking water is available","restrooms":"Vault toilet(s)","pack_in_out":"Yes","permits":null,"passes":null,"restrictions":"Pets must be leashed at all times. No glass bottles are allowed on the beaches. No bathing or washing dishes in the lake. Quiet hours are from 10 p.m. to 6 a.m. No fireworks. 14 day camping limit. Maximum of 10 people per site Check-out time is 2:00 p.m C","important_info":null,"closest_towns":"Priest River, Idaho","directions":"GPS Info.(Latitude, Longitude):48.56389,-116.89333483350N,1165336WAccess to the campground is by boat only. To reach various boat launches around the lake, travel north from Priest River, Idaho on State Highway 57 toward Priest Lake for approximately 31 miles; turn right onto Kalispell Bay Road, in one mile turn right onto Lakeshore Road; look for signs on the left for Priest Lake Marina and Kalispell Bay Boat Launch.To access the Kalispell Bay Boat Launch, travel on Highway 57 for 31 miles to Kalispell Bay Road. Turn east (right) until you reach West Lakeshore Road. Then head south .5 miles to the boat launch.","recreation_gov_url":"https://www.recreation.gov/camping/campgrounds/233264","usfs_url":"https://www.fs.usda.gov/recarea/ipnf/recarea/?recid=6772","minimum_elevation":null,"maximum_elevation":null,"source_updated":"2026-08-06"}},{"type":"Feature","geometry":{"type":"Point","coordinates":[-115.5923535,46.8913063]},"properties":{"id":"usfs-camp:219206010602","name":"Isabella Point Camp","camp_type":"Developed campground","site_type":"CAMPGROUND","agency":"USDA Forest Service","managing_org_code":"011753","operated_by":null,"status":"OPEN","status_reason":null,"description":"ISABELLA POINT CAMP (Campground)","capacity":15,"max_people":null,"fee_charged":"No","fee_type":null,"fee_description":null,"open_season":null,"season_description":null,"operational_hours":null,"usage_level":null,"water":null,"restrooms":null,"pack_in_out":"Yes","permits":null,"passes":null,"restrictions":null,"important_info":null,"closest_towns":null,"directions":null,"recreation_gov_url":null,"usfs_url":null,"minimum_elevation":null,"maximum_elevation":null,"source_updated":"2025-12-22"}},{"type":"Feature","geometry":{"type":"Point","coordinates":[-111.1198119,43.2842064]},"properties":{"id":"usfs-camp:5071.003281","name":"Blowout Campground & Boat Ramp","camp_type":"Developed campground","site_type":"CAMPGROUND","agency":"USDA Forest Service","managing_org_code":"041554","operated_by":"Concessionaire","status":"OPEN","status_reason":null,"description":"Blowout Campground is located on Highway 26, approximately 58 miles southeast of Idaho Falls, ID.  Aspens and tall lodgepole pines partially shade the campground.  Blowout Boat Ramp is located down the hill from the campground and is on the Palisades Reservoir. Fishing for Yellowstone Cutthroat Trout, Brown Trout, Lake Trout and Kokanee, motorized and non-motorized boating activities are all popular on the reservoir.  The Blowout Campground has 11 single units and 4 double units. Full time campground host located on site. Firewood is for sale at campground.","capacity":240,"max_people":null,"fee_charged":"Yes","fee_type":null,"fee_description":null,"open_season":null,"season_description":null,"operational_hours":"Open 24 hours/day","usage_level":null,"water":"Yes, drinking water is available from faucets","restrooms":"Vault toilet(s)","pack_in_out":"No","permits":null,"passes":null,"restrictions":null,"important_info":null,"closest_towns":"Alpine, Wyoming","directions":"From Idaho Falls, ID go about 58 miles southeast on US Hwy 26.\nFrom Alpine, WY go about 12 miles northwest on US Hwy 26.","recreation_gov_url":null,"usfs_url":"https://www.fs.usda.gov/recarea/ctnf/recarea/?recid=53789","minimum_elevation":"5,500 feet","maximum_elevation":null,"source_updated":"2025-12-22"}},{"type":"Feature","geometry":{"type":"Point","coordinates":[-114.1857324,42.162806]},"properties":{"id":"usfs-camp:5054.003221","name":"Father And Sons Campground","camp_type":"Developed campground","site_type":"CAMPGROUND","agency":"USDA Forest Service","managing_org_code":"041401","operated_by":"US Forest Service","status":"OPEN","status_reason":null,"description":"Father and Sons Campground is a rustic developed campground located near Cottonwood Ridge. The campground is composed of 12 individual units. The campground is suitable for trailer and tent camping. This area is accessible for a season that varies usually between June and September. Campground amenities include toilets. The area is attractive for exploration on an ATV or a mountain bike. Fishing opportunities can be found nearby at Big Cottonwood Creek.","capacity":95,"max_people":null,"fee_charged":"No","fee_type":null,"fee_description":"No fees are required for this site","open_season":null,"season_description":null,"operational_hours":null,"usage_level":null,"water":"No drinking water is available","restrooms":"Vault toilet(s)","pack_in_out":"Yes","permits":null,"passes":null,"restrictions":null,"important_info":null,"closest_towns":"Oakley, ID","directions":"From Oakley, Idaho go west approximately 21 miles on Forest Road #500 aka the Oakley Rogerson Road.","recreation_gov_url":null,"usfs_url":"https://www.fs.usda.gov/recarea/sawtooth/recreation/recarea/?recid=5776","minimum_elevation":null,"maximum_elevation":null,"source_updated":"2025-12-22"}},{"type":"Feature","geometry":{"type":"Point","coordinates":[-116.1378983,45.4274011]},"properties":{"id":"usfs-camp:6979.000961","name":"Van Creek Campground","camp_type":"Developed campground","site_type":"CAMPGROUND","agency":"USDA Forest Service","managing_org_code":"011701","operated_by":"US Forest Service","status":"OPEN","status_reason":null,"description":"VAN CREEK","capacity":10,"max_people":null,"fee_charged":"No","fee_type":null,"fee_description":"No fees are required for this site","open_season":null,"season_description":null,"operational_hours":"Open 24 hours/day","usage_level":null,"water":null,"restrooms":null,"pack_in_out":"Yes","permits":null,"passes":null,"restrictions":null,"important_info":null,"closest_towns":"Riggins, ID","directions":null,"recreation_gov_url":null,"usfs_url":null,"minimum_elevation":null,"maximum_elevation":null,"source_updated":"2025-07-31"}},{"type":"Feature","geometry":{"type":"Point","coordinates":[-116.0287263,45.1248391]},"properties":{"id":"usfs-camp:5035.003141","name":"Upper Payette Lake Campground","camp_type":"Developed campground","site_type":"CAMPGROUND","agency":"USDA Forest Service","managing_org_code":"041204","operated_by":"US Forest Service","status":"OPEN","status_reason":null,"description":"This popular campground is situated along the shore of Upper Payette Lake. It offers convenient access to McCall, stunning mountain views, and an abundance of local recreational opportunities. Each site comes equipped with a picnic table and fire ring. There is typically a volunteer camp host and potable water available on site. There are 12 first-come, first-serve sites available, and eight sites which may be reserved up to six months in advance at: Recreation.gov. The campground has no hookups or trash receptacles. Please pack out your trash.","capacity":135,"max_people":null,"fee_charged":"Yes","fee_type":"EXPANDED AMENITY FEE","fee_description":"Overnight Use:\nSingle Site: $10 per night\nDouble Site: $15 per night","open_season":null,"season_description":null,"operational_hours":"Check in: 2:00 p.m.; Check-out: 12:00 p.m.","usage_level":null,"water":"Yes, drinking water is available from a hand pump","restrooms":"Vault toilet(s)","pack_in_out":"Yes","permits":null,"passes":"Interagency Senior/Access Recreation Passes provide a 50% discount to Single Campsites ONLY. *The discount applies only to the fee for the campsite physically occupied by the pass holder, not to any additional fee or campsite(s) occupied by members of the pass holder's party.* https://store.usgs.gov/recreational-passes Please be prepared to pay with CASH or CHECK. *Sites may be reservable and reservation fees apply.*","restrictions":null,"important_info":null,"closest_towns":"McCall, ID","directions":"Travel approximately 16 miles north of McCall on the paved Warren Wagon Road (21). Turn left (west) onto Forest Road #495 (sign for campground) at the outlet of Upper Payette Lake and continue for approximately one mile.","recreation_gov_url":"https://www.recreation.gov/camping/campgrounds/234030","usfs_url":"https://www.fs.usda.gov/recarea/payette/recarea/?recid=26883","minimum_elevation":"5,600 feet","maximum_elevation":null,"source_updated":"2026-08-06"}},{"type":"Feature","geometry":{"type":"Point","coordinates":[-114.7185868,44.2901882]},"properties":{"id":"usfs-camp:5416.003191","name":"Flat Rock Campground","camp_type":"Developed campground","site_type":"CAMPGROUND","agency":"USDA Forest Service","managing_org_code":"041302","operated_by":null,"status":"OPEN","status_reason":null,"description":"FLAT ROCK CAMPGROUND (Campground)","capacity":35,"max_people":null,"fee_charged":"Yes","fee_type":"EXPANDED AMENITY FEE","fee_description":null,"open_season":null,"season_description":null,"operational_hours":null,"usage_level":null,"water":null,"restrooms":null,"pack_in_out":"Yes","permits":null,"passes":null,"restrictions":null,"important_info":"mailing address should be: 311 N. U.S. HWY 93, Challis, ID 83226","closest_towns":null,"directions":null,"recreation_gov_url":null,"usfs_url":null,"minimum_elevation":null,"maximum_elevation":null,"source_updated":"2026-08-06"}},{"type":"Feature","geometry":{"type":"Point","coordinates":[-116.1479836,46.7848252]},"properties":{"id":"usfs-camp:210245010602","name":"Partridge Creek Camp","camp_type":"Developed campground","site_type":"CAMPGROUND","agency":"USDA Forest Service","managing_org_code":"011752","operated_by":"US Forest Service","status":"OPEN","status_reason":null,"description":"Northeast of the Elk Creek Reservoir, located in Elk River, Idaho, the Partridge Creek Campground offers 13 primitive campsites, access to the 3.5 mile Patridge Creek ATV Trail, and an opportunity to drive our scenic Elk River Backcountry Byway!","capacity":30,"max_people":null,"fee_charged":"No","fee_type":null,"fee_description":"No fees are required for this site","open_season":null,"season_description":null,"operational_hours":"Open 24 hours/day","usage_level":null,"water":"No drinking water is available","restrooms":"Vault toilet(s)","pack_in_out":"Yes","permits":null,"passes":null,"restrictions":null,"important_info":null,"closest_towns":"Elk River, ID","directions":"From Elk River, ID head northeast on Taft St and turn left on N Front St. Drive 0.2 miles and turn right to continue on Elk Creek Basin Rd/Larch St. In 0.4 miles turn right onto Elk Butte Rd/Larch St and continue to the campground.","recreation_gov_url":null,"usfs_url":"https://www.fs.usda.gov/recarea/nezperceclearwater/recarea/?recid=80077","minimum_elevation":null,"maximum_elevation":null,"source_updated":"2025-07-31"}},{"type":"Feature","geometry":{"type":"Point","coordinates":[-115.2973242,45.7472312]},"properties":{"id":"usfs-camp:5024.000961","name":"Ditch Creek Campground","camp_type":"Developed campground","site_type":"CAMPGROUND","agency":"USDA Forest Service","managing_org_code":"011705","operated_by":"US Forest Service","status":"OPEN","status_reason":null,"description":"Ditch Creek Campground sports campsites in an open area with few tall trees - a beautiful place to \"catch the sun.","capacity":20,"max_people":null,"fee_charged":"No","fee_type":null,"fee_description":"No fees are required for this site","open_season":null,"season_description":null,"operational_hours":"Open 24 hours/day","usage_level":null,"water":"Water can be treated or filtered from nearby water sources","restrooms":"Vault toilet(s)","pack_in_out":"Yes","permits":null,"passes":null,"restrictions":null,"important_info":null,"closest_towns":"Elk City, ID","directions":"From State Highway 14, turn south onto Red River-Dixie Road #222. Follow Road #222 to Red River Ranger Station (now closed) and its junction with Red River Hot Springs Road #234. Turn east on Road #234 and continue approximately 3 miles to the campground, which is about 6 miles west of Red River Hot Springs.","recreation_gov_url":null,"usfs_url":"https://www.fs.usda.gov/recarea/nezperceclearwater/recarea/?recid=16560","minimum_elevation":null,"maximum_elevation":null,"source_updated":"2025-07-31"}},{"type":"Feature","geometry":{"type":"Point","coordinates":[-116.6459057,46.9438042]},"properties":{"id":"usfs-camp:5205.000411","name":"Laird Park Campground","camp_type":"Developed campground","site_type":"CAMPGROUND","agency":"USDA Forest Service","managing_org_code":"011752","operated_by":"US Forest Service","status":"OPEN","status_reason":null,"description":"Laird Park Campground, located in the northwest Idaho town of Potlatch and named in memory of A.W. Laird, a lumberman and early leader in the Potlatch Lumber Co., is a fantastic location to bring your family, friends or maybe even your boy or girl scout troupe for some outdoor fun and swimming. The recreation area has a sandy beach (a result of a swimming beach dam built by the Civilian Conservation Corps in 1933), 2 group picnic areas as well a half-mile interpretive trail. Fishing is a popular pastime here too, with abundant opportunities for rainbow and brown trout from the Palouse River.","capacity":190,"max_people":null,"fee_charged":"Yes","fee_type":"EXPANDED AMENITY FEE","fee_description":"Overnight Use:\nSingle Site: $12 per night\nAdditional Vehicle Fee: $2 per night","open_season":null,"season_description":null,"operational_hours":"Open 24 hours/day","usage_level":null,"water":"Yes, drinking water is available from faucets","restrooms":"Vault toilet(s)","pack_in_out":"Yes","permits":null,"passes":"Interagency Senior/Access Recreation Passes provide a 50% discount to Single Campsites ONLY. *The discount applies only to the fee for the campsite physically occupied by the pass holder, not to any additional fee or campsite(s) occupied by members of the pass holder's party.* https://store.usgs.gov/recreational-passes Please be prepared to pay with CASH or CHECK. *Sites may be reservable and reservation fees apply.*","restrictions":null,"important_info":null,"closest_towns":"Potlatch, ID","directions":"From Potlatch, ID travel east on ID-6. Drive 11.9 miles, then turn right onto Palouse River Rd and travel 1.5 miles to the campground.","recreation_gov_url":null,"usfs_url":"https://www.fs.usda.gov/recarea/nezperceclearwater/recarea/?recid=80081","minimum_elevation":null,"maximum_elevation":null,"source_updated":"2026-08-06"}},{"type":"Feature","geometry":{"type":"Point","coordinates":[-116.453873,48.0512113]},"properties":{"id":"usfs-camp:5156.000331","name":"Whiskey Rock Bay Campground","camp_type":"Developed campground","site_type":"CAMPGROUND","agency":"USDA Forest Service","managing_org_code":"010406","operated_by":"US Forest Service","status":"OPEN","status_reason":null,"description":"Whiskey Rock Bay Campground features 9 camp units with 3 sites on lake. In addition there are 4 picnic sites with fire rings, vault toilets, a dock, and a swimming beach.","capacity":115,"max_people":null,"fee_charged":"No","fee_type":null,"fee_description":"No fees are required for this site","open_season":"May","season_description":null,"operational_hours":"Open 24 hours/day","usage_level":null,"water":"No drinking water is available","restrooms":"Vault toilet(s)","pack_in_out":"Yes","permits":null,"passes":null,"restrictions":null,"important_info":null,"closest_towns":"Clark Fork, Idaho","directions":"By road: From Clark Fork drive south on Road 278 (Johnson Creek Road) and continue 30 miles to the site. By boat: The site is located on the west shore of Lake Pend Oreille about 10 miles south of Garfield Bay.","recreation_gov_url":null,"usfs_url":"https://www.fs.usda.gov/recarea/ipnf/recarea/?recid=6801","minimum_elevation":"2,000 feet","maximum_elevation":null,"source_updated":"2025-07-31"}},{"type":"Feature","geometry":{"type":"Point","coordinates":[-114.6639939,44.3991912]},"properties":{"id":"usfs-camp:5413.003191","name":"Custer #1 Campground","camp_type":"Developed campground","site_type":"CAMPGROUND","agency":"USDA Forest Service","managing_org_code":"041302","operated_by":null,"status":"OPEN","status_reason":null,"description":"CUSTER #1 CAMPGROUND (Campground)","capacity":40,"max_people":null,"fee_charged":"Yes","fee_type":"EXPANDED AMENITY FEE","fee_description":null,"open_season":null,"season_description":null,"operational_hours":null,"usage_level":null,"water":null,"restrooms":null,"pack_in_out":"Yes","permits":null,"passes":null,"restrictions":null,"important_info":null,"closest_towns":null,"directions":null,"recreation_gov_url":null,"usfs_url":null,"minimum_elevation":null,"maximum_elevation":null,"source_updated":"2026-08-06"}},{"type":"Feature","geometry":{"type":"Point","coordinates":[-115.9808874,45.8337282]},"properties":{"id":"usfs-camp:6942.000961","name":"Nelson Creek Campground","camp_type":"Developed campground","site_type":"CAMPGROUND","agency":"USDA Forest Service","managing_org_code":"011701","operated_by":"US Forest Service","status":"OPEN","status_reason":null,"description":"NELSON CREEK CAMPGROUND","capacity":20,"max_people":null,"fee_charged":"No","fee_type":null,"fee_description":"No fees are required for this site","open_season":null,"season_description":null,"operational_hours":"Open 24 hours/day","usage_level":null,"water":null,"restrooms":null,"pack_in_out":"Yes","permits":null,"passes":null,"restrictions":null,"important_info":null,"closest_towns":"Grangeville, ID","directions":null,"recreation_gov_url":null,"usfs_url":null,"minimum_elevation":null,"maximum_elevation":null,"source_updated":"2025-07-31"}},{"type":"Feature","geometry":{"type":"Point","coordinates":[-115.5133673,45.9345822]},"properties":{"id":"usfs-camp:5059.000961","name":"Table Meadows Campground","camp_type":"Developed campground","site_type":"CAMPGROUND","agency":"USDA Forest Service","managing_org_code":"011705","operated_by":"US Forest Service","status":"OPEN","status_reason":null,"description":"Situated in a popular big game hunting area, Table Meadows Campground offers two toilets, two stock feeding bunks, a loading ramp, hitching rail and six camp pads. The West Fork of the American River flows through the campground.","capacity":30,"max_people":null,"fee_charged":"No","fee_type":null,"fee_description":"No fees are required for this site","open_season":null,"season_description":null,"operational_hours":"Open 24 hours/day","usage_level":null,"water":"Water can be treated or filtered from nearby water sources","restrooms":"Vault toilet(s)","pack_in_out":"Yes","permits":null,"passes":null,"restrictions":null,"important_info":null,"closest_towns":"Elk City, ID","directions":"Traveling east on Hwy. 14 into Elk City, turn left on Sweeney Hill Road at the convenience store and Laundromat, cross the bridge over Elk Creek and stay right at the next junction. You will travel along open meadows on your right for 2 or 3 miles. At the T in the road about 4 miles out of Elk City, stay left. Proceed approximately one mile to the Y junction and turn left on Erickson Ridge Road #283. Continue for approximately 6 - 6.5 miles to the campground on the right.","recreation_gov_url":null,"usfs_url":"https://www.fs.usda.gov/recarea/nezperceclearwater/recarea/?recid=16660","minimum_elevation":null,"maximum_elevation":null,"source_updated":"2025-07-31"}},{"type":"Feature","geometry":{"type":"Point","coordinates":[-116.4746739,47.7392063]},"properties":{"id":"usfs-camp:5049.000331","name":"Honeysuckle Campground","camp_type":"Developed campground","site_type":"CAMPGROUND","agency":"USDA Forest Service","managing_org_code":"010403","operated_by":"Concessionaire","status":"OPEN","status_reason":null,"description":"Honeysuckle Campground, located at the confluence of Deception Creek and the North Fork of the Coeur d'Alene River, is 22 miles from Coeur d'Alene. It was renovated in 1994 and has seven campsites including a host site. Campground roads and campsite parking spurs are paved. Amenities include drinking well water with a hand pump and vault toilets. Minimum operating season is Memorial Day through Labor Day.","capacity":54,"max_people":null,"fee_charged":"Yes","fee_type":null,"fee_description":"Overnight Use:\nGroup Site: $75 per night","open_season":"Mid May","season_description":null,"operational_hours":"Open 24 hours/day","usage_level":null,"water":"Yes, drinking water is available from a hand pump","restrooms":"Vault toilet(s)","pack_in_out":"No","permits":null,"passes":null,"restrictions":null,"important_info":null,"closest_towns":"Coeur dAlene, Idaho","directions":"From Coeur d'Alene, take Fernan Lake Road 268 for 11 miles, then Forest Road 612 for 11 miles to the campground.","recreation_gov_url":null,"usfs_url":"https://www.fs.usda.gov/recarea/ipnf/recarea/?recid=6843","minimum_elevation":null,"maximum_elevation":null,"source_updated":"2026-08-06"}},{"type":"Feature","geometry":{"type":"Point","coordinates":[-115.146293,44.4155371]},"properties":{"id":"usfs-camp:5417.003191","name":"Beaver Creek Campground","camp_type":"Developed campground","site_type":"CAMPGROUND","agency":"USDA Forest Service","managing_org_code":"041302","operated_by":null,"status":"OPEN","status_reason":null,"description":"BEAVER CREEK CAMPGROUND (Campground)","capacity":75,"max_people":null,"fee_charged":"Yes","fee_type":"EXPANDED AMENITY FEE","fee_description":null,"open_season":null,"season_description":null,"operational_hours":null,"usage_level":null,"water":null,"restrooms":null,"pack_in_out":"No","permits":null,"passes":null,"restrictions":null,"important_info":null,"closest_towns":null,"directions":null,"recreation_gov_url":null,"usfs_url":null,"minimum_elevation":null,"maximum_elevation":null,"source_updated":"2026-08-06"}},{"type":"Feature","geometry":{"type":"Point","coordinates":[-113.5971123,42.3267061]},"properties":{"id":"usfs-camp:5055.003221","name":"Bennett Springs Campground","camp_type":"Developed campground","site_type":"CAMPGROUND","agency":"USDA Forest Service","managing_org_code":"041401","operated_by":"US Forest Service","status":"OPEN","status_reason":null,"description":"Bennett Springs Campground is a primitive, non-fee, non-reservation campground located in the Albion Mountains. It is composed of 6 campsites that can accommodate up to 8 visitors per campsite.  This area is accessible for a season that varies usually between June through October and campground amenities include chemical toilets. Fishing is available in the creek. Drinking water is not available. The campground is well suited for tent camping.","capacity":20,"max_people":null,"fee_charged":"No","fee_type":null,"fee_description":"No fees are required for this site","open_season":null,"season_description":null,"operational_hours":null,"usage_level":null,"water":"No water is available","restrooms":"Vault toilet(s)","pack_in_out":"Yes","permits":null,"passes":null,"restrictions":null,"important_info":null,"closest_towns":"Malta, ID","directions":"From Malta go west and north 11 miles on ID 77, then 5 miles west on Forest Road #549.","recreation_gov_url":null,"usfs_url":"https://www.fs.usda.gov/recarea/sawtooth/recreation/recarea/?recid=5795","minimum_elevation":null,"maximum_elevation":null,"source_updated":"2025-12-22"}},{"type":"Feature","geometry":{"type":"Point","coordinates":[-115.2329614,46.7196013]},"properties":{"id":"usfs-camp:210215010602","name":"Junction Creek Camp","camp_type":"Developed campground","site_type":"CAMPGROUND","agency":"USDA Forest Service","managing_org_code":"011753","operated_by":null,"status":"OPEN","status_reason":null,"description":"JUNCTION CREEK CAMP (Campground)","capacity":17,"max_people":null,"fee_charged":"No","fee_type":null,"fee_description":null,"open_season":null,"season_description":null,"operational_hours":null,"usage_level":null,"water":null,"restrooms":null,"pack_in_out":"Yes","permits":null,"passes":null,"restrictions":null,"important_info":null,"closest_towns":null,"directions":null,"recreation_gov_url":null,"usfs_url":null,"minimum_elevation":null,"maximum_elevation":null,"source_updated":"2025-12-22"}},{"type":"Feature","geometry":{"type":"Point","coordinates":[-115.862443,43.804856]},"properties":{"id":"usfs-camp:5414.002731","name":"Grayback Group","camp_type":"Group campground","site_type":"GROUP CAMPGROUND","agency":"USDA Forest Service","managing_org_code":"040203","operated_by":null,"status":"OPEN","status_reason":null,"description":"GRAYBACK GROUP (Group Campground)","capacity":250,"max_people":null,"fee_charged":"Yes","fee_type":"EXPANDED AMENITY FEE","fee_description":"Overnight Use:\nSingle Site: $15 per night\nDouble Site: $30 per night\nGroup Site: $100 per night","open_season":null,"season_description":null,"operational_hours":null,"usage_level":null,"water":"Drinking water available","restrooms":"vault toilet(s)","pack_in_out":"No","permits":null,"passes":"Interagency Senior/Access Recreation Passes provide a 50% discount to Single Campsites ONLY. *The discount applies only to the fee for the campsite physically occupied by the pass holder, not to any additional fee or campsite(s) occupied by members of the pass holder's party.* https://store.usgs.gov/recreational-passes Please be prepared to pay with CASH or CHECK. *Sites may be reservable and reservation fees apply.*","restrictions":null,"important_info":null,"closest_towns":null,"directions":null,"recreation_gov_url":null,"usfs_url":null,"minimum_elevation":null,"maximum_elevation":null,"source_updated":"2026-08-06"}},{"type":"Feature","geometry":{"type":"Point","coordinates":[-114.904512,44.1640436]},"properties":{"id":"usfs-camp:5091.003221","name":"Chinook Bay Campground","camp_type":"Developed campground","site_type":"CAMPGROUND","agency":"USDA Forest Service","managing_org_code":"041404","operated_by":"Concessionaire","status":"OPEN","status_reason":null,"description":"Chinook Bay Campground is composed of 13 campsites on the north side of Little Redfish Lake on Little Redfish Creek and is situated in a lodgepole pine overstory. All sites are first-come, first-serve. Kayaking, canoeing, wading, hiking, biking, and floating are popular activities. Redfish Lake offers interpretive trails, a visitor center, interpretive programs, equestrian stables, boat rentals, and a dump station. Several trailheads are in the surrounding area including Alpine Way and Redfish trail which lead into the Sawtooth Wilderness, and Boundary Creek trail which leads into the White Clouds Wilderness. Photography of the beautiful Sawtooth and White Clouds Wilderness areas and surrounding lakes and mountains is very popular here. Motorized watercraft are not allowed on Little Redfish Lake.","capacity":89,"max_people":null,"fee_charged":"Yes","fee_type":null,"fee_description":null,"open_season":null,"season_description":null,"operational_hours":"May-September. Closes September 21.","usage_level":null,"water":"Yes, drinking water is available from faucets","restrooms":"Flush toilet(s)","pack_in_out":"No","permits":null,"passes":null,"restrictions":null,"important_info":null,"closest_towns":"Stanley, ID","directions":"From Stanley, go 1.5 mile south on ID 75 and less than a mile south on Forest Road #214 to the campground","recreation_gov_url":"https://www.recreation.gov/camping/campgrounds/10165220","usfs_url":"https://www.fs.usda.gov/recarea/sawtooth/recreation/recarea/?recid=5932","minimum_elevation":null,"maximum_elevation":null,"source_updated":"2026-08-06"}},{"type":"Feature","geometry":{"type":"Point","coordinates":[-114.7320129,44.3710062]},"properties":{"id":"usfs-camp:5404.003191","name":"Bonanza Group Campground","camp_type":"Group campground","site_type":"GROUP CAMPGROUND","agency":"USDA Forest Service","managing_org_code":"041302","operated_by":null,"status":"OPEN","status_reason":null,"description":"Bonanza CCC Group Campground is located nine miles up the scenic and historic Yankee Fork drainage. It is approximately 23 miles from Stanley, Idaho, at an elevation of 6,500 feet.","capacity":70,"max_people":null,"fee_charged":"Yes","fee_type":"EXPANDED AMENITY FEE","fee_description":null,"open_season":null,"season_description":null,"operational_hours":null,"usage_level":null,"water":null,"restrooms":null,"pack_in_out":"No","permits":null,"passes":null,"restrictions":null,"important_info":null,"closest_towns":null,"directions":null,"recreation_gov_url":"https://www.recreation.gov/camping/campgrounds/234275","usfs_url":null,"minimum_elevation":null,"maximum_elevation":null,"source_updated":"2026-08-06"}},{"type":"Feature","geometry":{"type":"Point","coordinates":[-116.2596212,44.501178]},"properties":{"id":"usfs-camp:5080.003141","name":"Big Flat Campground","camp_type":"Developed campground","site_type":"CAMPGROUND","agency":"USDA Forest Service","managing_org_code":"041201","operated_by":"US Forest Service","status":"CLOSED","status_reason":null,"description":"Big Flat Campground has 12 campsites on the Little Weiser River. You may pass the day fishing for warmwater fish, like bass, in the river. No hook-ups are available. Please Pack-It-In/Pack-It-Out. Potable water is available for cooking and drinking. The campground has handicapped accessible toilets.\nSites are first-come, first served, and fees are charged during the open season, which is generally mid-May through the end of September or early October.","capacity":75,"max_people":null,"fee_charged":"Yes","fee_type":"EXPANDED AMENITY FEE","fee_description":null,"open_season":null,"season_description":null,"operational_hours":null,"usage_level":null,"water":null,"restrooms":null,"pack_in_out":"Yes","permits":null,"passes":null,"restrictions":null,"important_info":null,"closest_towns":"Council, ID","directions":"Twenty-six miles south of the town of Council. From Highway 95 turn east on Road #206 and travel approximately 16 miles to the campground entrance. Long and windy gravel road. Narrow in spots.","recreation_gov_url":null,"usfs_url":"https://www.fs.usda.gov/recarea/payette/recarea/?recid=26939","minimum_elevation":"4,050 feet","maximum_elevation":null,"source_updated":"2026-08-06"}},{"type":"Feature","geometry":{"type":"Point","coordinates":[-115.8087152,45.2140551]},"properties":{"id":"usfs-camp:5046.003141","name":"Chinook Campground","camp_type":"Developed campground","site_type":"CAMPGROUND","agency":"USDA Forest Service","managing_org_code":"041204","operated_by":"US Forest Service","status":"OPEN","status_reason":null,"description":"Forested campground situated along the Secesh River at an elevation of 5,650'. Each of nine sites includes a picnic table, fire ring, and several are equipped for stock use. There is typically potable water available June - September. All sites are available on a first-come, first-serve basis.  There are no hookups or trash receptacles. Please pack out your trash.\nLocal activities include fly fishing, mountain biking, and hiking. The Secesh River Trail #080 and Loon Lake Trail #081 both comprise a portion of the popular Loon Lake Loop and depart directly from the campground. The historic town of Warren as well as Burgdorf Hot Springs are within easy driving distance.","capacity":64,"max_people":null,"fee_charged":"Yes","fee_type":"EXPANDED AMENITY FEE","fee_description":"Overnight Use:\nSingle Site: $10 per night\nDouble Site: $15 per night","open_season":null,"season_description":null,"operational_hours":"Check in: 2:00 p.m.; Check-out: 12:00 p.m.","usage_level":null,"water":"Yes, drinking water is available from a hand pump","restrooms":"Vault toilet(s)","pack_in_out":"Yes","permits":null,"passes":"Interagency Senior/Access Recreation Passes provide a 50% discount to Single Campsites ONLY. *The discount applies only to the fee for the campsite physically occupied by the pass holder, not to any additional fee or campsite(s) occupied by members of the pass holder's party.* https://store.usgs.gov/recreational-passes Please be prepared to pay with CASH or CHECK. *Sites may be reservable and reservation fees apply.*","restrictions":null,"important_info":null,"closest_towns":"McCall, ID","directions":"From McCall, follow the Warren Wagon Road (21) north for 36 miles. Turn right at the Chinook Campground sign and follow Forest Road #378 for one mile to the campground.","recreation_gov_url":null,"usfs_url":"https://www.fs.usda.gov/recarea/payette/recarea/?recid=26933","minimum_elevation":"5,675 feet","maximum_elevation":null,"source_updated":"2026-08-06"}},{"type":"Feature","geometry":{"type":"Point","coordinates":[-112.2158759,44.418133]},"properties":{"id":"usfs-camp:5036.003281","name":"Stoddard Creek Campground","camp_type":"Developed campground","site_type":"CAMPGROUND","agency":"USDA Forest Service","managing_org_code":"041551","operated_by":"Concessionaire","status":"OPEN","status_reason":null,"description":"Stoddard Creek Campground is located just off of Interstate 15 north of Dubois, Idaho.  Hiking, fishing, mountain biking and ATVs are popular activities.","capacity":315,"max_people":null,"fee_charged":"Yes","fee_type":"EXPANDED AMENITY FEE","fee_description":null,"open_season":null,"season_description":null,"operational_hours":"Open 8:00 a.m. to 10:00 p.m.","usage_level":null,"water":"Yes, drinking water is available from faucets","restrooms":"Vault toilet(s)","pack_in_out":"No","permits":null,"passes":null,"restrictions":null,"important_info":null,"closest_towns":"Dubois, Idaho","directions":"From Dubois, Idaho, travel north on Interstate 15 to the Stoddard Creek Exit (Exit 184). Go west on Stoddard Creek Road (FR 002) approximately 1 mile to the Stoddard Creek Camp Ground Road (FR 003), turn left and proceed into the campground.","recreation_gov_url":"https://www.recreation.gov/camping/campgrounds/234381","usfs_url":"https://www.fs.usda.gov/recarea/ctnf/recarea/?recid=54693","minimum_elevation":null,"maximum_elevation":null,"source_updated":"2026-08-06"}},{"type":"Feature","geometry":{"type":"Point","coordinates":[-115.2953253,46.0405042]},"properties":{"id":"usfs-camp:5054.000961","name":"Selway Falls Campground","camp_type":"Developed campground","site_type":"CAMPGROUND","agency":"USDA Forest Service","managing_org_code":"011706","operated_by":"US Forest Service","status":"OPEN","status_reason":null,"description":"The Selway Campground has 7 campsites along Meadow Creek. Boat put-in below the Selway Falls to float to Lowell. The Wild and Scenic section of the Selway River contains Class IV rapids and runs from Paradise Campground to Selway Falls.\nThe Campground will accommodate RV's less than 30-ft. length.","capacity":35,"max_people":null,"fee_charged":"Yes","fee_type":"EXPANDED AMENITY FEE","fee_description":"Overnight Use:\nSingle Site: $8 per night","open_season":null,"season_description":null,"operational_hours":"Open 24 hours/day","usage_level":null,"water":"No drinking water is available","restrooms":"Vault toilet(s)","pack_in_out":"Yes","permits":null,"passes":"Interagency Senior/Access Recreation Passes provide a 50% discount to Single Campsites ONLY. *The discount applies only to the fee for the campsite physically occupied by the pass holder, not to any additional fee or campsite(s) occupied by members of the pass holder's party.* https://store.usgs.gov/recreational-passes Please be prepared to pay with CASH or CHECK. *Sites may be reservable and reservation fees apply.*","restrictions":null,"important_info":null,"closest_towns":"Kooskia, ID","directions":"From Kooskia, go east 24 miles on US 12 and southeast about 20 miles on Forest Road 223.","recreation_gov_url":null,"usfs_url":"https://www.fs.usda.gov/recarea/nezperceclearwater/recarea/?recid=16512","minimum_elevation":null,"maximum_elevation":null,"source_updated":"2026-08-06"}},{"type":"Feature","geometry":{"type":"Point","coordinates":[-115.6706531,44.6529461]},"properties":{"id":"usfs-camp:5373.002731","name":"PICNIC POINT (ID)","camp_type":"Developed campground","site_type":"CAMPGROUND","agency":"USDA Forest Service","managing_org_code":"040204","operated_by":null,"status":"OPEN","status_reason":null,"description":"Picnic Point Campground is located on a bluff overlooking beautiful Warm Lake, at an elevation of 5,300 feet. Visitors enjoy boating, fishing, swimming, hiking and viewing local wildlife.","capacity":40,"max_people":null,"fee_charged":"Yes","fee_type":"EXPANDED AMENITY FEE","fee_description":null,"open_season":null,"season_description":null,"operational_hours":null,"usage_level":null,"water":"Potable Water","restrooms":"Vault Toilet","pack_in_out":"No","permits":null,"passes":null,"restrictions":null,"important_info":null,"closest_towns":null,"directions":null,"recreation_gov_url":"https://www.recreation.gov/camping/campgrounds/234164","usfs_url":null,"minimum_elevation":null,"maximum_elevation":null,"source_updated":"2026-08-06"}},{"type":"Feature","geometry":{"type":"Point","coordinates":[-114.7783053,46.5083653]},"properties":{"id":"usfs-camp:5255.000411","name":"Whitehouse Campground","camp_type":"Developed campground","site_type":"CAMPGROUND","agency":"USDA Forest Service","managing_org_code":"011755","operated_by":"US Forest Service","status":"OPEN","status_reason":null,"description":"Approximately an hour west of Lolo, MT at mile post 158.5 of the famous Northwest Passage Scenic Byway and All American Road (US Highway 12), directly across from the Lochsa Wild and Scenic River, rests the Whitehouse Campground.  This riverside campground has 11 sites and due to its close proximity to the Lewis and Clark Trail, has much more to offer than just camping.  It's an ideal location for fishing, hiking, back packing, nature viewing or as a place to stop and have a picnic while enjoying a scenic drive down highway 12.\nThe Campground will accommodate 30-ft. RV's.","capacity":55,"max_people":null,"fee_charged":"Yes","fee_type":"EXPANDED AMENITY FEE","fee_description":"Overnight Use:\nSingle Site: $14 per night\nAdditional Vehicle Fee: $2 per night","open_season":null,"season_description":null,"operational_hours":"Open 24 hours/day","usage_level":null,"water":"Yes, drinking water is available from a hand pump","restrooms":"Vault toilet(s)","pack_in_out":"No","permits":null,"passes":"Interagency Senior/Access Recreation Passes provide a 50% discount to Single Campsites ONLY. *The discount applies only to the fee for the campsite physically occupied by the pass holder, not to any additional fee or campsite(s) occupied by members of the pass holder's party.* https://store.usgs.gov/recreational-passes Please be prepared to pay with CASH or CHECK. *Sites may be reservable and reservation fees apply.*","restrictions":null,"important_info":null,"closest_towns":"Lolo, MT","directions":"From Lolo, MT drive west on Hwy 12 for approximately 49 miles to the campground.","recreation_gov_url":null,"usfs_url":"https://www.fs.usda.gov/recarea/nezperceclearwater/recarea/?recid=80551","minimum_elevation":null,"maximum_elevation":null,"source_updated":"2026-08-06"}},{"type":"Feature","geometry":{"type":"Point","coordinates":[-115.3478785,47.0380883]},"properties":{"id":"usfs-camp:5019.000331","name":"Spruce Tree Campground","camp_type":"Developed campground","site_type":"CAMPGROUND","agency":"USDA Forest Service","managing_org_code":"010404","operated_by":"US Forest Service","status":"OPEN","status_reason":null,"description":"Spruce Tree Campground features 9 camp units, drinking water, and vault toilets. Please observe the Pack it In Pack it Out refuse policy. Attractions include fishing in wild trout waters, beginning of the wild portion of St. Joe Wild and Scenic River, and St. Joe River Trail #48.","capacity":63,"max_people":null,"fee_charged":"Yes","fee_type":"EXPANDED AMENITY FEE","fee_description":"Overnight Use:\nPeak Season (Water ON): Single Site: $15 per night (2 vehicles included per site)\nAdditional Vehicle: $5 per night (3 vehicle limit per site)\nNon-Peak (Water OFF): $12 per night","open_season":null,"season_description":null,"operational_hours":"Open 24 hours/day","usage_level":null,"water":"Yes, drinking water is available from a hand pump","restrooms":"Vault toilet(s)","pack_in_out":"Yes","permits":null,"passes":"Interagency Senior/Access Recreation Passes provide a 50% discount to Single Campsites ONLY. *The discount applies only to the fee for the campsite physically occupied by the pass holder, not to any additional fee or campsite(s) occupied by members of the pass holder's party.* https://store.usgs.gov/recreational-passes Please be prepared to pay with CASH or CHECK. *Sites may be reservable and reservation fees apply.*","restrictions":null,"important_info":null,"closest_towns":"Avery, Idaho","directions":"Access 1: From Avery, Idaho take the St. Joe River Road (Forest Highway 50) 39 miles east to Red Ives Road #218. Proceed 12 miles on Road #218 to the campground entrance. Access 2: From St. Regis, Montana take the Little Joe Road (#282) to the Idaho border where it becomes Gold Creek Road (#388). Turn left on the St. Joe River Road (Forest Highway 50) and proceed 12 miles to the campground entrance.","recreation_gov_url":null,"usfs_url":"https://www.fs.usda.gov/recarea/ipnf/recarea/?recid=6908","minimum_elevation":null,"maximum_elevation":null,"source_updated":"2025-10-02"}},{"type":"Feature","geometry":{"type":"Point","coordinates":[-115.3999104,46.6541303]},"properties":{"id":"usfs-camp:210210010602","name":"Fawn Creek Camp","camp_type":"Developed campground","site_type":"CAMPGROUND","agency":"USDA Forest Service","managing_org_code":"011753","operated_by":null,"status":"OPEN","status_reason":null,"description":"FAWN CREEK CAMP (Campground)","capacity":35,"max_people":null,"fee_charged":"No","fee_type":null,"fee_description":null,"open_season":null,"season_description":null,"operational_hours":null,"usage_level":null,"water":null,"restrooms":null,"pack_in_out":"Yes","permits":null,"passes":null,"restrictions":null,"important_info":null,"closest_towns":null,"directions":null,"recreation_gov_url":null,"usfs_url":null,"minimum_elevation":null,"maximum_elevation":null,"source_updated":"2025-12-22"}},{"type":"Feature","geometry":{"type":"Point","coordinates":[-116.3932678,47.3256742]},"properties":{"id":"usfs-camp:5028.000331","name":"Shadowy St. Joe Campground","camp_type":"Developed campground","site_type":"CAMPGROUND","agency":"USDA Forest Service","managing_org_code":"010404","operated_by":"US Forest Service","status":"OPEN","status_reason":null,"description":"The Shadowy St. Joe Campground features 14 accessible camp units, a group picnic shelter, boat ramp, vault toilets, and drinking water. In 2023, the campground received a complete redesign paid for by the Great American Outdoors Act and with a Recreational Vehicle grant provided by Idaho Department of Parks and Recreation. The redesign included all new accessible facilities, the addition of electricity throughout the campground, new fire rings, picnic tables, and restrooms.\nVisit www.recreation.gov to make reservations at one of the seven reservable sites, or show up and look for one of the seven first come, first-served sites.","capacity":70,"max_people":null,"fee_charged":"Yes","fee_type":"EXPANDED AMENITY FEE","fee_description":"Overnight Use:\nSingle Site: $20 per night (2 vehicles included per site)\nAdditional Vehicle: $5 per night (3 vehicle limit per site)","open_season":null,"season_description":null,"operational_hours":"Open 24 hours/day","usage_level":null,"water":"Yes, drinking water is available from a hand pump","restrooms":"Vault toilet(s)","pack_in_out":"No","permits":null,"passes":"Interagency Senior/Access Recreation Passes provide a 50% discount to Single Campsites ONLY. *The discount applies only to the fee for the campsite physically occupied by the pass holder, not to any additional fee or campsite(s) occupied by members of the pass holder's party.* https://store.usgs.gov/recreational-passes Please be prepared to pay with CASH or CHECK. *Sites may be reservable and reservation fees apply.*","restrictions":null,"important_info":null,"closest_towns":"St. Marie's, Idaho","directions":"10 miles east of St. Marie's, Idaho on St. Joe River Road.","recreation_gov_url":null,"usfs_url":"https://www.fs.usda.gov/recarea/ipnf/recarea/?recid=6893","minimum_elevation":null,"maximum_elevation":null,"source_updated":"2026-08-06"}},{"type":"Feature","geometry":{"type":"Point","coordinates":[-115.6302045,46.8498743]},"properties":{"id":"usfs-camp:210246010602","name":"Isabella Landing Camp","camp_type":"Developed campground","site_type":"CAMPGROUND","agency":"USDA Forest Service","managing_org_code":"011753","operated_by":null,"status":"OPEN","status_reason":null,"description":"ISABELLA LANDING CAMP (Campground)","capacity":35,"max_people":null,"fee_charged":"No","fee_type":null,"fee_description":null,"open_season":null,"season_description":null,"operational_hours":null,"usage_level":null,"water":null,"restrooms":null,"pack_in_out":"Yes","permits":null,"passes":null,"restrictions":null,"important_info":null,"closest_towns":null,"directions":null,"recreation_gov_url":null,"usfs_url":null,"minimum_elevation":null,"maximum_elevation":null,"source_updated":"2025-12-22"}},{"type":"Feature","geometry":{"type":"Point","coordinates":[-115.8752831,44.276456]},"properties":{"id":"usfs-camp:5291.002731","name":"Trail Creek Campground","camp_type":"Developed campground","site_type":"CAMPGROUND","agency":"USDA Forest Service","managing_org_code":"040206","operated_by":null,"status":"OPEN","status_reason":null,"description":"TRAIL CREEK CAMPGROUND (Campground)","capacity":55,"max_people":null,"fee_charged":"Yes","fee_type":null,"fee_description":null,"open_season":null,"season_description":null,"operational_hours":null,"usage_level":null,"water":null,"restrooms":"Vault","pack_in_out":"Yes","permits":null,"passes":null,"restrictions":null,"important_info":null,"closest_towns":null,"directions":null,"recreation_gov_url":null,"usfs_url":null,"minimum_elevation":null,"maximum_elevation":null,"source_updated":"2026-08-06"}},{"type":"Feature","geometry":{"type":"Point","coordinates":[-116.1313912,44.7019861]},"properties":{"id":"usfs-camp:5351.002731","name":"AMANITA","camp_type":"Developed campground","site_type":"CAMPGROUND","agency":"USDA Forest Service","managing_org_code":"040204","operated_by":null,"status":"OPEN","status_reason":null,"description":"Amanita Campground is located next to scenic Lake Cascade in west-central Idaho. It is near the town of Donnelly, at an elevation of 4,850 feet. Boating, fishing, swimming and hiking are popular activities in this scenic region.","capacity":50,"max_people":null,"fee_charged":"Yes","fee_type":"EXPANDED AMENITY FEE","fee_description":"Overnight Use:\nSingle Site: $15 per night","open_season":null,"season_description":null,"operational_hours":null,"usage_level":null,"water":"potable","restrooms":"vault toilets","pack_in_out":"No","permits":null,"passes":"Interagency Senior/Access Recreation Passes provide a 50% discount to Single Campsites ONLY. *The discount applies only to the fee for the campsite physically occupied by the pass holder, not to any additional fee or campsite(s) occupied by members of the pass holder's party.* https://store.usgs.gov/recreational-passes Please be prepared to pay with CASH or CHECK. *Sites may be reservable and reservation fees apply.*","restrictions":null,"important_info":null,"closest_towns":null,"directions":null,"recreation_gov_url":"https://www.recreation.gov/camping/campgrounds/232012","usfs_url":null,"minimum_elevation":null,"maximum_elevation":null,"source_updated":"2026-08-06"}},{"type":"Feature","geometry":{"type":"Point","coordinates":[-115.0847334,46.7208143]},"properties":{"id":"usfs-camp:210218010602","name":"Kelly Creek Camp","camp_type":"Developed campground","site_type":"CAMPGROUND","agency":"USDA Forest Service","managing_org_code":"011753","operated_by":null,"status":"OPEN","status_reason":null,"description":"KELLY CREEK CAMP (Campground)","capacity":35,"max_people":null,"fee_charged":"No","fee_type":null,"fee_description":null,"open_season":null,"season_description":null,"operational_hours":null,"usage_level":null,"water":null,"restrooms":null,"pack_in_out":"Yes","permits":null,"passes":null,"restrictions":null,"important_info":null,"closest_towns":null,"directions":null,"recreation_gov_url":null,"usfs_url":null,"minimum_elevation":null,"maximum_elevation":null,"source_updated":"2025-12-22"}},{"type":"Feature","geometry":{"type":"Point","coordinates":[-114.0952116,43.8240612]},"properties":{"id":"usfs-camp:5011.002931","name":"Wildhorse Campground","camp_type":"Developed campground","site_type":"CAMPGROUND","agency":"USDA Forest Service","managing_org_code":"041304","operated_by":null,"status":"OPEN","status_reason":null,"description":"WILDHORSE CAMPGROUND (Campground)","capacity":65,"max_people":null,"fee_charged":"Yes","fee_type":"EXPANDED AMENITY FEE","fee_description":null,"open_season":null,"season_description":null,"operational_hours":null,"usage_level":null,"water":null,"restrooms":null,"pack_in_out":"Yes","permits":null,"passes":null,"restrictions":null,"important_info":null,"closest_towns":null,"directions":null,"recreation_gov_url":null,"usfs_url":null,"minimum_elevation":null,"maximum_elevation":null,"source_updated":"2026-08-06"}},{"type":"Feature","geometry":{"type":"Point","coordinates":[-114.4247127,43.7877061]},"properties":{"id":"usfs-camp:5111.003221","name":"North Fork Campground","camp_type":"Developed campground","site_type":"CAMPGROUND","agency":"USDA Forest Service","managing_org_code":"041404","operated_by":"US Forest Service","status":"OPEN","status_reason":null,"description":"North Fork Campground is situated on the banks of the beautiful Big Wood River at an elevation of 6,300 feet. Visitors enjoy fishing and tubing on the river and exploring the Harriman Trail.","capacity":160,"max_people":null,"fee_charged":"Yes","fee_type":null,"fee_description":null,"open_season":null,"season_description":null,"operational_hours":"May-September. Back loop closes September 16, Front loop September 30. Host unavailable after 9/15.","usage_level":null,"water":null,"restrooms":null,"pack_in_out":"No","permits":null,"passes":null,"restrictions":null,"important_info":null,"closest_towns":"Ketchum, ID","directions":null,"recreation_gov_url":"https://www.recreation.gov/camping/campgrounds/234264","usfs_url":"https://www.fs.usda.gov/recarea/sawtooth/recreation/recarea/?recid=5856","minimum_elevation":null,"maximum_elevation":null,"source_updated":"2026-08-06"}},{"type":"Feature","geometry":{"type":"Point","coordinates":[-114.2618124,42.166406]},"properties":{"id":"usfs-camp:13499010560","name":"Porcupine Springs Campground","camp_type":"Developed campground","site_type":"CAMPGROUND","agency":"USDA Forest Service","managing_org_code":"041401","operated_by":"US Forest Service","status":"OPEN","status_reason":null,"description":"Porcupine Springs Campground is located along the scenic Rock Creek Road, in southern Idaho. It sits at an elevation of 6,950 feet. Visitors enjoy the area for its abundance of trails and scenic beauty. Porcupine Springs Campground is a developed campground composed of 12 individual units and 3 group units. One group area can accommodate up to 100 people and 1 group area can accommodate up to 50 people. This is a fee campground and reservations are required for group camping only. Fee envelopes and a collection box are provided near the campground entrance. This area is suitable for trailer and tent camping and it is accessible for a season that varies usually between June and September. Campground amenities include water faucets, toilets, and an accessible Stock Transfer Station. Little Fork Trailhead (#163) is located at the campground and is an easy multi-use trail that accesses an extensive trail system. There is an additional trailhead at the end of Forest Road 504. Loop A is composed of 4 single and 2 double sites and one 2 unit toilet. Loop B is composed of 3 single sites, 3 double sites, one 2 unit toilet, and a horseman area. Loop C is composed of 3 single and 3 double sites and one 2 unit toilet. Loop D is composed of 18 new family units with faucets, and two 2 unit accessible toilets. The parking lot can accommodate up to 8 RVs.","capacity":105,"max_people":null,"fee_charged":"Yes","fee_type":"EXPANDED AMENITY FEE","fee_description":"Overnight Use:\nSingle Site: $10 per night\nDouble Site: $14 per night\nGroup Site: $75 per night","open_season":null,"season_description":null,"operational_hours":null,"usage_level":null,"water":"Yes, drinking water is available from faucets","restrooms":"Vault toilet(s)","pack_in_out":"No","permits":null,"passes":"Interagency Senior/Access Recreation Passes provide a 50% discount to Single Campsites ONLY. *The discount applies only to the fee for the campsite physically occupied by the pass holder, not to any additional fee or campsite(s) occupied by members of the pass holder's party.* https://store.usgs.gov/recreational-passes Please be prepared to pay with CASH or CHECK. *Sites may be reservable and reservation fees apply.*","restrictions":null,"important_info":null,"closest_towns":"31 miles south of Hansen, ID or 26 miles west of Oakley, ID","directions":"From Twin Falls, go east 8 miles on ID 50 and US 30, then south 30 miles on Rock Creek Road (County Road G3/Forest Road #515)","recreation_gov_url":"https://www.recreation.gov/camping/campgrounds/234191","usfs_url":"https://www.fs.usda.gov/recarea/sawtooth/recarea/?recid=5781","minimum_elevation":null,"maximum_elevation":null,"source_updated":"2026-08-06"}},{"type":"Feature","geometry":{"type":"Point","coordinates":[-111.446586,42.1126066]},"properties":{"id":"usfs-camp:5031.002861","name":"St. Charles Campground","camp_type":"Developed campground","site_type":"CAMPGROUND","agency":"USDA Forest Service","managing_org_code":"041553","operated_by":"Concessionaire","status":"OPEN","status_reason":null,"description":"St. Charles Campground is situated on its mesake creek in the scenic St. Charles Canyon, approximately 8 miles from Bear Lake State Park and North Beach.","capacity":60,"max_people":null,"fee_charged":"Yes","fee_type":null,"fee_description":null,"open_season":null,"season_description":null,"operational_hours":"Open 24 hours/day","usage_level":null,"water":"Yes, drinking water is available from faucets","restrooms":"Vault toilet(s)","pack_in_out":"No","permits":null,"passes":null,"restrictions":null,"important_info":null,"closest_towns":"St. Charles, Idaho","directions":"Approximately 17 miles south of Montpelier, Idaho on Highway 89 is the small community of St. Charles, Idaho. On the north edge of St. Charles is the junction of Highway 89 and Forest Road #412, St. Charles Canyon. Turn west onto Forest Road #412 and travel approximately 3 miles to the forest boundary, go around the bend and you are at the entrance to St. Charles campground. Forest road #412 is a paved road and is not plowed for snow removal until late May or early June.","recreation_gov_url":"https://www.recreation.gov/camping/campgrounds/233978","usfs_url":"https://www.fs.usda.gov/recarea/ctnf/recreation/recarea/?recid=54679&actid=29","minimum_elevation":null,"maximum_elevation":null,"source_updated":"2026-08-06"}},{"type":"Feature","geometry":{"type":"Point","coordinates":[-115.6543146,47.2365673]},"properties":{"id":"usfs-camp:5025.000331","name":"Turner Flat Campground","camp_type":"Developed campground","site_type":"CAMPGROUND","agency":"USDA Forest Service","managing_org_code":"010404","operated_by":"US Forest Service","status":"OPEN","status_reason":null,"description":"Turner Flat Campground features 10 camp units, 1 group camping area to accommodate up to 15 people, drinking water (June-October), vault toilets, and day use area. Please observe the Pack it In Pack it Out refuse policy. Attractions include the St. Joe Wild and Scenic River, fishing, and tubing/floating until mid-July.","capacity":65,"max_people":null,"fee_charged":"Yes","fee_type":"EXPANDED AMENITY FEE","fee_description":"Overnight Use Single Site: $15 per night","open_season":"Memorial Day","season_description":null,"operational_hours":"Open 24 hours/day","usage_level":null,"water":"Yes, drinking water is available from a hand pump","restrooms":"Vault toilet(s)","pack_in_out":"Yes","permits":null,"passes":null,"restrictions":null,"important_info":null,"closest_towns":"Avery, Idaho","directions":"Drive 8 miles east of Avery, Idaho on the St. Joe River Road (Forest Highway 50).","recreation_gov_url":null,"usfs_url":"https://www.fs.usda.gov/recarea/ipnf/recarea/?recid=6903","minimum_elevation":null,"maximum_elevation":null,"source_updated":"2026-08-06"}},{"type":"Feature","geometry":{"type":"Point","coordinates":[-115.6186175,46.8417583]},"properties":{"id":"usfs-camp:5232.000411","name":"Aquarius Campground","camp_type":"Developed campground","site_type":"CAMPGROUND","agency":"USDA Forest Service","managing_org_code":"011753","operated_by":"US Forest Service","status":"OPEN","status_reason":null,"description":"Aquarius Campground boasts 9 developed sites and 2 group campsites (Purple Beach) on the bank of the scenic North Fork of the Clearwater River. Swimming, fly fishing, tubing and whitewater rafting (May and June) are just a few of the many water sports frequently enjoyed by visitors here. Hunters, anglers, and families looking for a quiet spot to take a dip and get away with the kids can all find respite here. Hiking trails near the campground take hikers and backpackers alike into the Mallard Larkins Pioneer Area and to the Black Mountain summit, one of the few remaining places in Idaho where Mountain Goats can still be seen!","capacity":45,"max_people":null,"fee_charged":"Yes","fee_type":"EXPANDED AMENITY FEE","fee_description":"Overnight Use:\nSingle Site: $10 per night\nGroup Site: $15 per night","open_season":null,"season_description":null,"operational_hours":"Open 24 hours/day","usage_level":null,"water":"Yes, drinking water is available from faucets","restrooms":"Vault toilet(s)","pack_in_out":"Yes","permits":null,"passes":"Interagency Senior/Access Recreation Passes provide a 50% discount to Single Campsites ONLY. *The discount applies only to the fee for the campsite physically occupied by the pass holder, not to any additional fee or campsite(s) occupied by members of the pass holder's party.* https://store.usgs.gov/recreational-passes Please be prepared to pay with CASH or CHECK. *Sites may be reservable and reservation fees apply.*","restrictions":null,"important_info":null,"closest_towns":"Headquarters, ID","directions":"From Headquarters, ID head north on Beaver Creek Rd for approximately 24 miles to campground.","recreation_gov_url":null,"usfs_url":"https://www.fs.usda.gov/recarea/nezperceclearwater/recarea/?recid=80070","minimum_elevation":null,"maximum_elevation":null,"source_updated":"2026-08-06"}},{"type":"Feature","geometry":{"type":"Point","coordinates":[-116.8581722,48.7305693]},"properties":{"id":"usfs-camp:236463010602","name":"Tule Bay Campground","camp_type":"Developed campground","site_type":"CAMPGROUND","agency":"USDA Forest Service","managing_org_code":"010408","operated_by":"US Forest Service","status":"OPEN","status_reason":null,"description":"TULE BAY (Campground)","capacity":25,"max_people":null,"fee_charged":"Yes","fee_type":"EXPANDED AMENITY FEE","fee_description":"Overnight Use Single Site: $15 per night","open_season":null,"season_description":null,"operational_hours":"Open 24 hours/day","usage_level":null,"water":null,"restrooms":null,"pack_in_out":"Yes","permits":null,"passes":null,"restrictions":null,"important_info":null,"closest_towns":"Sandpoint, ID","directions":null,"recreation_gov_url":null,"usfs_url":null,"minimum_elevation":null,"maximum_elevation":null,"source_updated":"2025-10-02"}},{"type":"Feature","geometry":{"type":"Point","coordinates":[-116.9531283,44.540925]},"properties":{"id":"usfs-camp:5094.003141","name":"Justrite Campground","camp_type":"Developed campground","site_type":"CAMPGROUND","agency":"USDA Forest Service","managing_org_code":"041202","operated_by":"US Forest Service","status":"OPEN","status_reason":null,"description":"At the Justrite Campground, four undeveloped campsites are located next to Mann Creek. This is a great area to explore on a mountain bike; backcountry roads and trails cover miles of the Hitt Mountains. Or spend your time fishing for rainbow trout. There is no potable water provided at these sites, so please come prepared with your own supply. Sites are first-come, first-served during the season of use, which is typically mid-May through late September or early October.","capacity":20,"max_people":null,"fee_charged":"No","fee_type":null,"fee_description":"No fees are required for this site","open_season":null,"season_description":null,"operational_hours":"Open 24 hours/day","usage_level":null,"water":"Water can be treated or filtered from nearby water sources","restrooms":"Vault toilet(s)","pack_in_out":"Yes","permits":null,"passes":null,"restrictions":null,"important_info":null,"closest_towns":"Weiser, ID","directions":"From Weiser, go 12.5 miles north on Highway 95, then 9.5 miles north on County Road and Forest Road 009.","recreation_gov_url":null,"usfs_url":"https://www.fs.usda.gov/recarea/payette/recarea/?recid=26951","minimum_elevation":"4,250 feet","maximum_elevation":null,"source_updated":"2025-10-02"}},{"type":"Feature","geometry":{"type":"Point","coordinates":[-115.3850133,45.7793062]},"properties":{"id":"usfs-camp:257249010602","name":"French Gulch","camp_type":"Developed campground","site_type":"CAMPGROUND","agency":"USDA Forest Service","managing_org_code":"011705","operated_by":null,"status":"OPEN","status_reason":null,"description":"FRENCH GULCH (Campground)","capacity":25,"max_people":null,"fee_charged":"No","fee_type":null,"fee_description":null,"open_season":null,"season_description":null,"operational_hours":null,"usage_level":null,"water":null,"restrooms":null,"pack_in_out":"Yes","permits":null,"passes":null,"restrictions":null,"important_info":null,"closest_towns":null,"directions":null,"recreation_gov_url":null,"usfs_url":null,"minimum_elevation":null,"maximum_elevation":null,"source_updated":"2026-07-28"}},{"type":"Feature","geometry":{"type":"Point","coordinates":[-114.4646669,44.845673]},"properties":{"id":"usfs-camp:10351010540","name":"Lost Spring Campground","camp_type":"Developed campground","site_type":"CAMPGROUND","agency":"USDA Forest Service","managing_org_code":"041301","operated_by":null,"status":"OPEN","status_reason":null,"description":"LOST SPRING CAMPGROUND (Campground)","capacity":20,"max_people":null,"fee_charged":"No","fee_type":null,"fee_description":null,"open_season":null,"season_description":null,"operational_hours":null,"usage_level":null,"water":null,"restrooms":null,"pack_in_out":"Yes","permits":null,"passes":null,"restrictions":null,"important_info":null,"closest_towns":null,"directions":null,"recreation_gov_url":null,"usfs_url":null,"minimum_elevation":null,"maximum_elevation":null,"source_updated":"2025-04-09"}},{"type":"Feature","geometry":{"type":"Point","coordinates":[-115.9152703,45.2789801]},"properties":{"id":"usfs-camp:15190010444","name":"Jeanette Campground","camp_type":"Developed campground","site_type":"CAMPGROUND","agency":"USDA Forest Service","managing_org_code":"041204","operated_by":"US Forest Service","status":"OPEN","status_reason":null,"description":"Six shady sites among the trees offer relief from the summer heat and easy access to Burgdorf Hot Springs. Each site is equipped with a picnic table and fire ring. Sites are best suited for small trailers and tent camping. Large trailers and motorhomes are not recommended for the narrow access road. All sites are available on a first-come, first-serve basis. There are no hookups or trash receptacles. Please pack out your trash.","capacity":30,"max_people":null,"fee_charged":"Yes","fee_type":"EXPANDED AMENITY FEE","fee_description":"Overnight Use:\nSingle Site: $10 per night","open_season":null,"season_description":null,"operational_hours":"Check in: 2:00 p.m.; Check-out: 12:00 p.m.","usage_level":null,"water":"No water is available","restrooms":"Vault toilet(s)","pack_in_out":"Yes","permits":null,"passes":"Interagency Senior/Access Recreation Passes provide a 50% discount to Single Campsites ONLY. *The discount applies only to the fee for the campsite physically occupied by the pass holder, not to any additional fee or campsite(s) occupied by members of the pass holder's party.* https://store.usgs.gov/recreational-passes Please be prepared to pay with CASH or CHECK. *Sites may be reservable and reservation fees apply.*","restrictions":null,"important_info":null,"closest_towns":"McCall, ID","directions":"Travel approximately 30 miles north of McCall on the paved Warren Wagon Road (21).  Turn left on gravel Forest Road #246 and in three miles, watch for the campground on your right.","recreation_gov_url":null,"usfs_url":"https://www.fs.usda.gov/recarea/payette/recarea/?recid=26913","minimum_elevation":"6,500 feet","maximum_elevation":null,"source_updated":"2026-08-06"}},{"type":"Feature","geometry":{"type":"Point","coordinates":[-115.7825851,44.3540211]},"properties":{"id":"usfs-camp:5274.002731","name":"Silver Creek Campground","camp_type":"Group campground","site_type":"GROUP CAMPGROUND","agency":"USDA Forest Service","managing_org_code":"040206","operated_by":null,"status":"OPEN","status_reason":null,"description":"Peace Valley Campground sits just 27 miles north of Garden Valley, Idaho, at an elevation of 4591 feet. The beautiful Peace Valley offers excellent hiking, motorcycle riding, fishing, and hunting opportunities.","capacity":48,"max_people":null,"fee_charged":"Yes","fee_type":null,"fee_description":null,"open_season":null,"season_description":null,"operational_hours":null,"usage_level":null,"water":null,"restrooms":"Vault","pack_in_out":"Yes","permits":null,"passes":null,"restrictions":null,"important_info":null,"closest_towns":null,"directions":null,"recreation_gov_url":"https://www.recreation.gov/camping/campgrounds/233230","usfs_url":null,"minimum_elevation":null,"maximum_elevation":null,"source_updated":"2026-08-06"}},{"type":"Feature","geometry":{"type":"Point","coordinates":[-112.0958281,42.7666962]},"properties":{"id":"usfs-camp:5002.002861","name":"Big Springs Campground","camp_type":"Developed campground","site_type":"CAMPGROUND","agency":"USDA Forest Service","managing_org_code":"041557","operated_by":"US Forest Service","status":"OPEN","status_reason":null,"description":"Big Springs Campground is nestled along the banks of Pebble Creek at an elevation of 6,500 feet, just 16 miles from Lava Hot Springs, Idaho. Visitors enjoy fishing and exploring local trails.","capacity":357,"max_people":null,"fee_charged":"Yes","fee_type":"EXPANDED AMENITY FEE","fee_description":null,"open_season":null,"season_description":null,"operational_hours":"Open 24 hours/day","usage_level":null,"water":"Yes, drinking water is available from faucets","restrooms":"Vault toilet(s)","pack_in_out":"Yes","permits":null,"passes":null,"restrictions":null,"important_info":null,"closest_towns":"Lava Hot Springs, Idaho","directions":"Just east of Lava Hot Springs, Idaho, look for \"Pebble Area\" sign and turn left onto Blaser Highway/Old Highway 30. Go north on the paved highway 9 miles to Pebble Creek Road, known locally as Mike's Place or Whiskey Mike's. Turn left across railroad tracks on gravel Forest Road 036. Travel about 7 miles to the campground.","recreation_gov_url":"https://www.recreation.gov/camping/campgrounds/233967","usfs_url":"https://www.fs.usda.gov/recarea/ctnf/recarea/?recid=53757","minimum_elevation":"6,360 feet","maximum_elevation":null,"source_updated":"2026-08-06"}},{"type":"Feature","geometry":{"type":"Point","coordinates":[-113.3627746,44.3669673]},"properties":{"id":"usfs-camp:12018010540","name":"Mill Creek Trailhead","camp_type":"Developed campground","site_type":"CAMPGROUND","agency":"USDA Forest Service","managing_org_code":"041304","operated_by":null,"status":"OPEN","status_reason":null,"description":"MILL CREEK TRAILHEAD (Campground)","capacity":70,"max_people":null,"fee_charged":"Yes","fee_type":"EXPANDED AMENITY FEE","fee_description":null,"open_season":null,"season_description":null,"operational_hours":null,"usage_level":null,"water":null,"restrooms":null,"pack_in_out":"Yes","permits":null,"passes":null,"restrictions":null,"important_info":null,"closest_towns":null,"directions":null,"recreation_gov_url":null,"usfs_url":null,"minimum_elevation":null,"maximum_elevation":null,"source_updated":"2025-04-09"}},{"type":"Feature","geometry":{"type":"Point","coordinates":[-115.6208076,47.2300183]},"properties":{"id":"usfs-camp:5026.000331","name":"Tin Can Flat Campground","camp_type":"Developed campground","site_type":"CAMPGROUND","agency":"USDA Forest Service","managing_org_code":"010404","operated_by":"US Forest Service","status":"OPEN","status_reason":null,"description":"Tin Can Flat Campground features 11 camp units, drinking water (June-October), and vault toilets. Please observe the Pack it In, Pack it Out refuse policy. Attractions include St. Joe Wild and Scenic River, fishing, floating (until mid-July).","capacity":55,"max_people":null,"fee_charged":"Yes","fee_type":"EXPANDED AMENITY FEE","fee_description":"Overnight Use:\nPeak Season (Water ON): Single Site: $15 per night (2 vehicles included per site)\nAdditional Vehicle: $5 per night (3 vehicle limit per site)\nNon-Peak (Water OFF): $12 per night","open_season":"Memorial Day","season_description":null,"operational_hours":"Open 24 hours/day","usage_level":null,"water":"Yes, drinking water is available from a hand pump","restrooms":"Vault toilet(s)","pack_in_out":"Yes","permits":null,"passes":"Interagency Senior/Access Recreation Passes provide a 50% discount to Single Campsites ONLY. *The discount applies only to the fee for the campsite physically occupied by the pass holder, not to any additional fee or campsite(s) occupied by members of the pass holder's party.* https://store.usgs.gov/recreational-passes Please be prepared to pay with CASH or CHECK. *Sites may be reservable and reservation fees apply.*","restrictions":null,"important_info":null,"closest_towns":"Avery, Idaho","directions":"Drive 10 miles east of Avery on St. Joe River Road (FH 50).","recreation_gov_url":null,"usfs_url":"https://www.fs.usda.gov/recarea/ipnf/recarea/?recid=6904","minimum_elevation":null,"maximum_elevation":null,"source_updated":"2026-08-06"}},{"type":"Feature","geometry":{"type":"Point","coordinates":[-114.8499128,43.9258061]},"properties":{"id":"usfs-camp:5933.003221","name":"Alturas Lake Tent Area","camp_type":"Developed campground","site_type":"CAMPGROUND","agency":"USDA Forest Service","managing_org_code":"041404","operated_by":null,"status":"OPEN","status_reason":null,"description":"This tent camping area is accessible by hiking in, and consists of 4 single-sites and 2 double-sites on the east side of beautiful Alturas Lake. It is first-come, first-serve. Experience a quiet, serene, relaxing time in the heart of the Sawtooth National Recreation Area with the Sawtooth Mountains to the west, Smoky Mountains to the south and the Hemingway-Boulder Mountains to the east. Fishing is terrific in Alturas lake along with swimming, kayaking and canoeing. Capturing the scenic beauty, plants and wildlife through photography is ideal at this unique location. It includes flush toilets, potable water, trash pick-up and fire rings. There is access to Alturas Lake Creek trail head towards Eureka Gulch, Jakes Gulch, Cabin Creek trail and Alpine Creek trail to the north.","capacity":75,"max_people":null,"fee_charged":"Yes","fee_type":null,"fee_description":null,"open_season":null,"season_description":null,"operational_hours":null,"usage_level":null,"water":null,"restrooms":"Flush toilet(s)","pack_in_out":"No","permits":null,"passes":null,"restrictions":null,"important_info":null,"closest_towns":"Stanley, ID","directions":"From Stanley, go south 21 miles on ID 75, then west about 2 miles on Forest Road 205.","recreation_gov_url":null,"usfs_url":"https://www.fs.usda.gov/recarea/sawtooth/recreation/recarea/?recid=5948","minimum_elevation":null,"maximum_elevation":null,"source_updated":"2025-06-11"}},{"type":"Feature","geometry":{"type":"Point","coordinates":[-116.1041137,47.1311062]},"properties":{"id":"usfs-camp:5861.000331","name":"Camp 3 Campground","camp_type":"Developed campground","site_type":"CAMPGROUND","agency":"USDA Forest Service","managing_org_code":"010404","operated_by":"US Forest Service","status":"OPEN","status_reason":null,"description":"Camp 3 Campground features 4 camp units, a stock loading ramp, a corral, and vault toilets. There is no developed water so bring ample supplies for your use. Please observe the Pack it In Pack it Out policy for your refuse. Attractions include fishing and proximity to a historic cabin.","capacity":38,"max_people":null,"fee_charged":"Yes","fee_type":"EXPANDED AMENITY FEE","fee_description":"Overnight Use:\nSingle Site: $10 per night (2 vehicles included per site)\nAdditional Vehicle: $5 per night (3 vehicle limit per site)","open_season":"June","season_description":null,"operational_hours":"Open 24 hours/day","usage_level":null,"water":"No drinking water is available","restrooms":"Vault toilet(s)","pack_in_out":"Yes","permits":null,"passes":"Interagency Senior/Access Recreation Passes provide a 50% discount to Single Campsites ONLY. *The discount applies only to the fee for the campsite physically occupied by the pass holder, not to any additional fee or campsite(s) occupied by members of the pass holder's party.* https://store.usgs.gov/recreational-passes Please be prepared to pay with CASH or CHECK. *Sites may be reservable and reservation fees apply.*","restrictions":null,"important_info":null,"closest_towns":"St. Marie's, Idaho","directions":"Drive 35 miles east of St. Maries, Idaho on Forest Hwy 50 to the Marble Creek Historical Site, then 15 miles south on Forest Road 321 (Marble Creek Road).","recreation_gov_url":null,"usfs_url":"https://www.fs.usda.gov/recarea/ipnf/recarea/?recid=6897","minimum_elevation":null,"maximum_elevation":null,"source_updated":"2026-08-06"}},{"type":"Feature","geometry":{"type":"Point","coordinates":[-115.6658331,44.6550062]},"properties":{"id":"usfs-camp:5363.002731","name":"SHORELINE","camp_type":"Developed campground","site_type":"CAMPGROUND","agency":"USDA Forest Service","managing_org_code":"040204","operated_by":null,"status":"OPEN","status_reason":null,"description":"Shoreline Campground is located just across the road from beautiful Warm Lake, at an elevation of 5,300 feet. Visitors enjoy boating, fishing, swimming, hiking and viewing local wildlife.","capacity":270,"max_people":null,"fee_charged":"Yes","fee_type":"EXPANDED AMENITY FEE","fee_description":null,"open_season":null,"season_description":null,"operational_hours":null,"usage_level":null,"water":"Potable Water","restrooms":"Vault Toilet","pack_in_out":"No","permits":null,"passes":null,"restrictions":null,"important_info":null,"closest_towns":null,"directions":null,"recreation_gov_url":"https://www.recreation.gov/camping/campgrounds/232098","usfs_url":null,"minimum_elevation":null,"maximum_elevation":null,"source_updated":"2026-08-06"}},{"type":"Feature","geometry":{"type":"Point","coordinates":[-115.7613102,45.0635721]},"properties":{"id":"usfs-camp:12853.003141","name":"Secesh Campground","camp_type":"Developed campground","site_type":"CAMPGROUND","agency":"USDA Forest Service","managing_org_code":"041206","operated_by":"US Forest Service","status":"OPEN","status_reason":null,"description":"Forested four-unit campground at 4,250' in a beautiful setting along the banks of the Secesh River. All five sites include a picnic table and fire ring. Hitching rails are available for stock use. All sites are available on a first-come, first-serve basis. There are no hookups or trash receptacles. Please pack out your trash. Designated parking for the Secesh River Trail #080 is located along the access road to this campground.","capacity":36,"max_people":null,"fee_charged":"Yes","fee_type":"EXPANDED AMENITY FEE","fee_description":"Overnight Use:\nSingle Site: $10 per night","open_season":null,"season_description":null,"operational_hours":"Check in: 2:00 p.m.; Check-out: 11:00 a.m.","usage_level":null,"water":"Water can be treated or filtered from nearby water sources","restrooms":"Vault toilet(s)","pack_in_out":"Yes","permits":null,"passes":"Interagency Senior/Access Recreation Passes provide a 50% discount to Single Campsites ONLY. *The discount applies only to the fee for the campsite physically occupied by the pass holder, not to any additional fee or campsite(s) occupied by members of the pass holder's party.* https://store.usgs.gov/recreational-passes Please be prepared to pay with CASH or CHECK. *Sites may be reservable and reservation fees apply.*","restrictions":null,"important_info":null,"closest_towns":"McCall, ID","directions":"31 miles northeast of McCall via Lick Creek Road #48.","recreation_gov_url":null,"usfs_url":"https://www.fs.usda.gov/recarea/payette/recarea/?recid=26901","minimum_elevation":"4,050 feet","maximum_elevation":null,"source_updated":"2026-08-06"}},{"type":"Feature","geometry":{"type":"Point","coordinates":[-115.1747128,43.620506]},"properties":{"id":"usfs-camp:5042.003221","name":"Bird Creek Campground","camp_type":"Developed campground","site_type":"CAMPGROUND","agency":"USDA Forest Service","managing_org_code":"041405","operated_by":"US Forest Service","status":"OPEN","status_reason":null,"description":"Bird Creek Campground is a primitive, non-reservation campground composed of 5 units on the South Fork of the Boise River. Tubing and fishing are popular activities.","capacity":35,"max_people":null,"fee_charged":"Yes","fee_type":"EXPANDED AMENITY FEE","fee_description":"Overnight Use:\nSingle Site: $6 per night","open_season":null,"season_description":null,"operational_hours":"Standard operating season is May - October but can be seasonally dependent.","usage_level":null,"water":null,"restrooms":"Vault toilet(s)","pack_in_out":"Yes","permits":null,"passes":"Y","restrictions":null,"important_info":null,"closest_towns":"Featherville, ID","directions":"From Highway 20, travel north on Forest Highway 61 (Pine-Featherville Road) approximately 30 miles to the town of Featherville.  From there, travel east on Forest Road 227 approximately 4.5 miles to Bird Creek Campground.","recreation_gov_url":null,"usfs_url":"https://www.fs.usda.gov/recarea/sawtooth/recreation/recarea/?recid=5987","minimum_elevation":"4,680 feet","maximum_elevation":null,"source_updated":"2026-08-06"}},{"type":"Feature","geometry":{"type":"Point","coordinates":[-116.8543142,48.7186393]},"properties":{"id":"usfs-camp:236464010602","name":"Tripod Point","camp_type":"Developed campground","site_type":"CAMPGROUND","agency":"USDA Forest Service","managing_org_code":"010408","operated_by":null,"status":"OPEN","status_reason":null,"description":"TRIPOD POINT (Campground)","capacity":10,"max_people":null,"fee_charged":"No","fee_type":null,"fee_description":null,"open_season":null,"season_description":null,"operational_hours":null,"usage_level":null,"water":null,"restrooms":null,"pack_in_out":"Yes","permits":null,"passes":null,"restrictions":null,"important_info":null,"closest_towns":null,"directions":null,"recreation_gov_url":null,"usfs_url":null,"minimum_elevation":null,"maximum_elevation":null,"source_updated":"2025-08-27"}},{"type":"Feature","geometry":{"type":"Point","coordinates":[-114.7194699,44.3037952]},"properties":{"id":"usfs-camp:5410.003191","name":"Pole Flat Campground","camp_type":"Developed campground","site_type":"CAMPGROUND","agency":"USDA Forest Service","managing_org_code":"041302","operated_by":"US Forest Service","status":"OPEN","status_reason":null,"description":"This campground is away from the main road and up the hill overlooking the river and the dredge ponds. Campsites include picnic tables tent pads fire rings with cooking grills. Campground amenities include a vault toilet and drinking water. Sites accommodate trailers and motorhomes up to 32 feet long.","capacity":70,"max_people":null,"fee_charged":"Yes","fee_type":"EXPANDED AMENITY FEE","fee_description":"Overnight Use:\nSingle Site: $10 per night","open_season":null,"season_description":null,"operational_hours":"Open 24 hours/day","usage_level":null,"water":"Yes, drinking water is available from a hand pump","restrooms":"Vault toilet(s)","pack_in_out":"No","permits":null,"passes":"Interagency Senior/Access Recreation Passes provide a 50% discount to Single Campsites ONLY. *The discount applies only to the fee for the campsite physically occupied by the pass holder, not to any additional fee or campsite(s) occupied by members of the pass holder's party.* https://store.usgs.gov/recreational-passes Please be prepared to pay with CASH or CHECK. *Sites may be reservable and reservation fees apply.*","restrictions":null,"important_info":null,"closest_towns":"Stanley, Idaho","directions":"From Stanley, Idaho drive 11 miles east on Highway 75 to the Sunbeam Dam overlook. Turn left onto forest road #40013/Yankee Fk Rd for about 3 miles. Campground is on the right.","recreation_gov_url":null,"usfs_url":"https://www.fs.usda.gov/recarea/scnf/recarea/?recid=76118","minimum_elevation":null,"maximum_elevation":null,"source_updated":"2026-08-06"}},{"type":"Feature","geometry":{"type":"Point","coordinates":[-114.8692827,43.9844581]},"properties":{"id":"usfs-camp:12940010560","name":"Pettit Lake Campground","camp_type":"Developed campground","site_type":"CAMPGROUND","agency":"USDA Forest Service","managing_org_code":"041404","operated_by":null,"status":"OPEN","status_reason":null,"description":"Swimming, fishing, kayaking and canoeing are wonderful activities for Pettit lake. There are 9 single-sites and 3 double-sites which are all first-come, first-serve. Tin Cup trailhead leading into the beautiful Sawtooth Wilderness is located at the north end of the campground. There is a day use picnic area adjacent to the campground. Personal watercraft are not allowed on Pettit lake. This location is available on a first-come, first-served basis only. Visitors are required to physically arrive at the campground to purchase and claim a site.","capacity":98,"max_people":null,"fee_charged":"Yes","fee_type":null,"fee_description":null,"open_season":null,"season_description":null,"operational_hours":"June-September. This campground closes on September 21. Host will not be present after September 21.","usage_level":null,"water":null,"restrooms":"Vault toilet(s)","pack_in_out":"No","permits":null,"passes":null,"restrictions":null,"important_info":null,"closest_towns":"Stanley, ID","directions":"From Stanley, go south 21 miles on ID 75, then west on FS Rd 208 approximately 2 miles.","recreation_gov_url":"https://www.recreation.gov/camping/campgrounds/10165530","usfs_url":"https://www.fs.usda.gov/recarea/sawtooth/recreation/recarea/?recid=5946","minimum_elevation":null,"maximum_elevation":null,"source_updated":"2026-08-06"}},{"type":"Feature","geometry":{"type":"Point","coordinates":[-113.5993917,44.4415793]},"properties":{"id":"usfs-camp:5004.002901","name":"Big Creek Campground","camp_type":"Developed campground","site_type":"CAMPGROUND","agency":"USDA Forest Service","managing_org_code":"041302","operated_by":null,"status":"OPEN","status_reason":null,"description":"BIG CREEK CAMPGROUND (Campground)","capacity":15,"max_people":null,"fee_charged":"Yes","fee_type":"EXPANDED AMENITY FEE","fee_description":null,"open_season":null,"season_description":null,"operational_hours":null,"usage_level":null,"water":null,"restrooms":null,"pack_in_out":"Yes","permits":null,"passes":null,"restrictions":null,"important_info":null,"closest_towns":null,"directions":null,"recreation_gov_url":null,"usfs_url":null,"minimum_elevation":"6,600 feet","maximum_elevation":null,"source_updated":"2026-08-06"}},{"type":"Feature","geometry":{"type":"Point","coordinates":[-115.581932,44.1174481]},"properties":{"id":"usfs-camp:5212.002731","name":"Park Creek Campground","camp_type":"Developed campground","site_type":"CAMPGROUND","agency":"USDA Forest Service","managing_org_code":"040205","operated_by":null,"status":"OPEN","status_reason":null,"description":"Park Creek Campground is located 4 miles from Lowman, Idaho, off the beaten path at the confluence of Park and Clear Creeks. Visitors enjoy fishing, hunting and exploring local trails.","capacity":130,"max_people":null,"fee_charged":"Yes","fee_type":"EXPANDED AMENITY FEE","fee_description":"Overnight Use:\nSingle Site: $12 per night\nGroup Site: $100 per night","open_season":"End of May-End of September","season_description":null,"operational_hours":null,"usage_level":null,"water":"Handpump for Drinking water","restrooms":"Vault","pack_in_out":"Yes","permits":null,"passes":"Interagency Senior/Access Recreation Passes provide a 50% discount to Single Campsites ONLY. *The discount applies only to the fee for the campsite physically occupied by the pass holder, not to any additional fee or campsite(s) occupied by members of the pass holder's party.* https://store.usgs.gov/recreational-passes Please be prepared to pay with CASH or CHECK. *Sites may be reservable and reservation fees apply.*","restrictions":null,"important_info":null,"closest_towns":"Lowman, Idaho","directions":"From Boise Idaho travel State Highway 55 to Banks, Idaho appoxiamtely 38 miles.\nAt Banks, turn east and travel State Highway 17 (Banks/Lowman Road) to Lowman, Idaho approxiamtely 31 miles. \nTurn left at the junction of State HWY 17 and State HWY 21 (at Lowman) and immediately turn left onto FS Road 582 (Clear Creek Road).\nProceed along Clear Creek Road 3.6 miles to the campground. You wil cross a small bidge at the entrance.","recreation_gov_url":"https://www.recreation.gov/camping/campgrounds/232170","usfs_url":null,"minimum_elevation":"4,300 feet","maximum_elevation":null,"source_updated":"2026-08-06"}},{"type":"Feature","geometry":{"type":"Point","coordinates":[-115.5795202,45.1745741]},"properties":{"id":"usfs-camp:11241010444","name":"Shiefer Campground","camp_type":"Developed campground","site_type":"CAMPGROUND","agency":"USDA Forest Service","managing_org_code":"041204","operated_by":"US Forest Service","status":"OPEN","status_reason":null,"description":"Shiefer Campground is an undeveloped site on the Salmon River with views of the South Fork canyon country all around. Elevation 3050 feet. Trails lead along the river into the Frank Church River of No Return Wilderness. A shorter trail leads to Pilot Peak lookout. Please pack out your trash. This campground takes several hours to reach by car from McCall and is not serviced on a regular basis.","capacity":25,"max_people":null,"fee_charged":"No","fee_type":null,"fee_description":"No fees are required for this site","open_season":null,"season_description":null,"operational_hours":"Open 24 hours/day","usage_level":null,"water":"Water can be treated or filtered from nearby water sources","restrooms":"Vault toilet(s)","pack_in_out":"Yes","permits":null,"passes":null,"restrictions":null,"important_info":null,"closest_towns":"Warren, ID","directions":"From McCall, go north on Warren Wagon Road (Forest Road #21), then east on Forest Road #340. You will travel through the towns of Secesh and Warren, Idaho. Warren is a great place to stop and see historic mining houses and sites. Plan on 2-3 hours to get to Shiefer Campground from McCall.","recreation_gov_url":null,"usfs_url":"https://www.fs.usda.gov/recarea/payette/recarea/?recid=26891","minimum_elevation":null,"maximum_elevation":null,"source_updated":"2025-12-22"}},{"type":"Feature","geometry":{"type":"Point","coordinates":[-113.6743649,42.2182752]},"properties":{"id":"usfs-camp:5560.003221","name":"Independence Lakes Campground","camp_type":"Developed campground","site_type":"CAMPGROUND","agency":"USDA Forest Service","managing_org_code":"041401","operated_by":"US Forest Service","status":"OPEN","status_reason":null,"description":"Independence Lake Campground and Picnic Area is a non-fee campground and picnic area where reservations are not required. There are 5 single sites.  This area is accessible for a season that varies usually between July through October. Sites are handicapped accessible. Campground amenities include 9 tables and grills, toilets, and livestock facilities. No drinking water or trash service is available. Nearby Independence Lakes Trail (NFS Trail 7035) is 3.1 miles to the Lake. Only non-motorized travel is authorized. The first mile is rocky, however the remainder is a reasonable grade with switchbacks to the first of four lakes in the alpine cirque basin.","capacity":100,"max_people":null,"fee_charged":"No","fee_type":null,"fee_description":"No fees are required for this site","open_season":null,"season_description":null,"operational_hours":null,"usage_level":null,"water":"No drinking water is available","restrooms":"Vault toilet(s)","pack_in_out":"No","permits":null,"passes":null,"restrictions":null,"important_info":null,"closest_towns":"Oakley, ID","directions":null,"recreation_gov_url":null,"usfs_url":"https://www.fs.usda.gov/recarea/sawtooth/recreation/recarea/?recid=5792","minimum_elevation":null,"maximum_elevation":null,"source_updated":"2025-07-31"}},{"type":"Feature","geometry":{"type":"Point","coordinates":[-116.5681141,48.6351063]},"properties":{"id":"usfs-camp:5174.000331","name":"Roman Nose Campground","camp_type":"Developed campground","site_type":"CAMPGROUND","agency":"USDA Forest Service","managing_org_code":"010407","operated_by":"US Forest Service","status":"OPEN","status_reason":null,"description":"ROMAN NOSE (Campground)","capacity":35,"max_people":null,"fee_charged":"No","fee_type":null,"fee_description":"No fees are required for this site","open_season":null,"season_description":null,"operational_hours":"Open 24 hours/day","usage_level":null,"water":null,"restrooms":"Vault toilet(s)","pack_in_out":"Yes","permits":null,"passes":null,"restrictions":null,"important_info":null,"closest_towns":"Bonners Ferry, ID","directions":null,"recreation_gov_url":null,"usfs_url":null,"minimum_elevation":null,"maximum_elevation":null,"source_updated":"2025-12-22"}},{"type":"Feature","geometry":{"type":"Point","coordinates":[-114.7625131,45.7891729]},"properties":{"id":"usfs-camp:5094.000271","name":"Indian Creek Campground","camp_type":"Developed campground","site_type":"CAMPGROUND","agency":"USDA Forest Service","managing_org_code":"010304","operated_by":null,"status":"OPEN","status_reason":null,"description":"Indian Creek Campground sits along the banks of the Selway River and consists of 2 sites, hitching rails and a vault toilet. Campground can accommodate RVs or trailers to 25 feet.","capacity":20,"max_people":null,"fee_charged":"No","fee_type":null,"fee_description":"No fees are required for this site","open_season":null,"season_description":null,"operational_hours":null,"usage_level":"Light","water":"No, drinking water is not provided","restrooms":"Vault Toilet(s)","pack_in_out":"Yes","permits":null,"passes":null,"restrictions":null,"important_info":null,"closest_towns":"Darby, MT","directions":"From Darby, MT travel south 4.3 miles on Highway 93, turn south on the West Fork Road and proceed for approximately 14.3 miles.  Turn west (right) on Forest Road 468, Nez Perce Road and travel for approximately  39 miles (Nez Perce Rd becomes Magruder Corridor.)  to the campground.","recreation_gov_url":null,"usfs_url":"https://www.fs.usda.gov/recarea/bitterroot/recarea/?recid=60570","minimum_elevation":null,"maximum_elevation":null,"source_updated":"2025-07-31"}},{"type":"Feature","geometry":{"type":"Point","coordinates":[-111.5891121,43.6306064]},"properties":{"id":"usfs-camp:5062.003281","name":"Tablerock Campground","camp_type":"Developed campground","site_type":"CAMPGROUND","agency":"USDA Forest Service","managing_org_code":"041554","operated_by":"Concessionaire","status":"OPEN","status_reason":null,"description":"Table Rock Campground is located in a small but scenic canyon near Kelly Canyon Ski Resort, approximately 30 miles from Idaho Falls, Idaho. Hiking, mountain biking and ATV riding are popular activities.","capacity":150,"max_people":null,"fee_charged":"Yes","fee_type":null,"fee_description":null,"open_season":null,"season_description":null,"operational_hours":"Open 24 hours/day","usage_level":null,"water":"No drinking water is available","restrooms":"Vault toilet(s)","pack_in_out":"Yes","permits":null,"passes":null,"restrictions":null,"important_info":null,"closest_towns":"Ririe, Idaho","directions":"From Idaho Falls, Idaho, take Highway 26 east for 20 miles. Turn onto Heise Road and travel past Kelly Canyon Ski Resort. Take Forest Road 218 for 1 mile to junction with Forest Road 217. At the Y intersection, bear slight right and travel 1.25 miles to the campground.","recreation_gov_url":"https://www.recreation.gov/camping/campgrounds/232378","usfs_url":"https://www.fs.usda.gov/recarea/ctnf/recarea/?recid=54713","minimum_elevation":"6,400 feet","maximum_elevation":null,"source_updated":"2026-08-06"}},{"type":"Feature","geometry":{"type":"Point","coordinates":[-116.8624982,48.7054443]},"properties":{"id":"usfs-camp:10801010359","name":"Bottle Bay Campground","camp_type":"Developed campground","site_type":"CAMPGROUND","agency":"USDA Forest Service","managing_org_code":"010408","operated_by":"US Forest Service","status":"OPEN","status_reason":null,"description":"BOTTLE BAY CG","capacity":100,"max_people":null,"fee_charged":"Yes","fee_type":"EXPANDED AMENITY FEE","fee_description":"Overnight Use Single Site: $15 per night","open_season":null,"season_description":null,"operational_hours":"Open 24 hours/day","usage_level":null,"water":null,"restrooms":null,"pack_in_out":"Yes","permits":null,"passes":null,"restrictions":null,"important_info":null,"closest_towns":"Sandpoint, ID","directions":null,"recreation_gov_url":null,"usfs_url":null,"minimum_elevation":null,"maximum_elevation":null,"source_updated":"2026-08-06"}},{"type":"Feature","geometry":{"type":"Point","coordinates":[-116.4775992,45.6355399]},"properties":{"id":"usfs-camp:14310010263","name":"Pittsburg Campground","camp_type":"Developed campground","site_type":"CAMPGROUND","agency":"USDA Forest Service","managing_org_code":"061604","operated_by":"US Forest Service","status":"OPEN","status_reason":null,"description":"Pittsburg Campground overlooks the Wild and Scenic Snake River in the Hells Canyon National Recreation Area. This large facility is open year-round with 28 tent/trailer sites many of which can accommodate large RVs and trailers. The accessible facility has accessible campsites and toilets with paved roads and camp spurs. Drinking water is available. With access to the Snake River for fishing, boating, historic interpretation, exploring and hiking within minutes of the campground, the facility is popular throughout the year. The Deer Creek road is maintained by the County and is steep and narrow for the last few miles after entering into the Hells Canyon National Recreation Area.  ***FIRE RESTRICTIONS ARE JUNE 1 THRU SEPTEMBER 30*** ***CHARCOAL FIRES IN FIRE PAN ONLY***","capacity":170,"max_people":null,"fee_charged":"Yes","fee_type":"EXPANDED AMENITY FEE","fee_description":"Overnight Use:\nSingle Site: $15 per night","open_season":null,"season_description":null,"operational_hours":"Quiet hours are 10:00 p.m. until 6:00 a.m.","usage_level":"Moderate","water":"Yes, drinking water is available from faucets","restrooms":"Vault toilet(s)","pack_in_out":"Yes","permits":null,"passes":"Interagency Senior/Access Recreation Passes provide a 50% discount to Single Campsites ONLY. *The discount applies only to the fee for the campsite physically occupied by the pass holder, not to any additional fee or campsite(s) occupied by members of the pass holder's party.* https://store.usgs.gov/recreational-passes Please be prepared to pay with CASH or CHECK. *Sites may be reservable and reservation fees apply.*","restrictions":"General rules of use and restrictions apply for this developed recreation site.","important_info":null,"closest_towns":"White Bird, Idaho (19 miles); Riggins, Idaho (45 miles)","directions":"From White Bird, Idaho head south on Highway 95 for about 0.5 miles to Old Highway 95 at mile marker 222 (sign indicates Pittsburg Landing and Hammer Creek Recreation Area); Turn right on Old Highway 95 and go about 1 mile to the bridge crossing the Salmon River; Turn left and cross the bridge; Immediately after the bridge turn left on the Deer Creek Road (also known as Forest Road 493); Travel on the Deer Creek Road for 17.5 miles to the Campground.   From Riggins, Idaho head north on Highway 95 for about 27 miles to Old Highway 95 at mile marker 222 (sign indicates Pittsburg Landing and Hammer Creek Recreation Site); Turn left on Old Highway 95 and go about 1 mile to the bridge crossing the Salmon River; Turn left and cross the bridge; Immediately after the bridge turn left on the Deer Creek Road (also known as Forest Road 493); Travel on the Deer Creek Road for 17.5 miles to the Campground.   Advisory: The Deer Creek Road and Forest Road 493 are steep, narrow, winding gravel road. Large RV and vehicles with trailers must use extreme caution.","recreation_gov_url":null,"usfs_url":"https://www.fs.usda.gov/recarea/wallowa-whitman/recarea/?recid=51783","minimum_elevation":"1,225 feet","maximum_elevation":null,"source_updated":"2026-08-06"}},{"type":"Feature","geometry":{"type":"Point","coordinates":[-114.7370289,44.3681612]},"properties":{"id":"usfs-camp:69591010602","name":"Bonanza Ccc Camp","camp_type":"Developed campground","site_type":"CAMPGROUND","agency":"USDA Forest Service","managing_org_code":"041302","operated_by":"US Forest Service","status":"OPEN","status_reason":null,"description":"Bonanza CCC Group Campground is located nine miles up the scenic and historic Yankee Fork drainage. It is approximately 23 miles from Stanley, Idaho, at an elevation of 6,500 feet.","capacity":100,"max_people":null,"fee_charged":"No","fee_type":null,"fee_description":"No fees are required for this site","open_season":null,"season_description":null,"operational_hours":"Open 24 hours/day","usage_level":null,"water":"No water is available","restrooms":"No restroom available","pack_in_out":"No","permits":null,"passes":null,"restrictions":null,"important_info":null,"closest_towns":"Stanley, Idaho","directions":"From Stanley, Idaho drive 11 miles east on Highway 75 to the Sunbeam Dam overlook. Turn left onto forest road #40013/Yankee Fork Rd for about 9 miles. Campground is on the left.","recreation_gov_url":null,"usfs_url":"https://www.recreation.gov/camping/campgrounds/234275","minimum_elevation":null,"maximum_elevation":null,"source_updated":"2025-07-31"}},{"type":"Feature","geometry":{"type":"Point","coordinates":[-115.7024551,44.8246781]},"properties":{"id":"usfs-camp:5099.003141","name":"Poverty Flat Campground","camp_type":"Developed campground","site_type":"CAMPGROUND","agency":"USDA Forest Service","managing_org_code":"041206","operated_by":"US Forest Service","status":"OPEN","status_reason":null,"description":"Located along side the South Fork Salmon River, this paved campground offers 10 campsites, including 4 walk in tent sites. Hitching posts at each site. The campground serves as take-out for those floating the South Fork of the Salmon River from Goat Creek. Serves as the trailhead for an extensive trail system. Many loop hikes are possible from here, of varying lengths and difficulties, including Blackmare Creek Trail (#100) which start in the campground. Open to those on foot, horses, mountain bikes, and trail bikes. Fishing in the river. Fire rings, hitching rails, toilet, drinking water, pack in/pack out.  Please pack out all your trash. No hook-ups.","capacity":61,"max_people":null,"fee_charged":"Yes","fee_type":"EXPANDED AMENITY FEE","fee_description":"Overnight Use:\nSingle Site: $10 per night","open_season":null,"season_description":null,"operational_hours":"Check in: 2:00 p.m.; Check-out: 11:00 a.m.","usage_level":null,"water":"Yes, drinking water is available from a hand pump","restrooms":"Vault toilet(s)","pack_in_out":"Yes","permits":null,"passes":"Interagency Senior/Access Recreation Passes provide a 50% discount to Single Campsites ONLY. *The discount applies only to the fee for the campsite physically occupied by the pass holder, not to any additional fee or campsite(s) occupied by members of the pass holder's party.* https://store.usgs.gov/recreational-passes Please be prepared to pay with CASH or CHECK. *Sites may be reservable and reservation fees apply.*","restrictions":null,"important_info":null,"closest_towns":"Yellow Pine, ID","directions":"From McCall, go 30 miles northeast on Forest Road 48 (Lick Creek Road), then 13 miles south on the South Fork of the Salmon River Road (Forest Road 674).","recreation_gov_url":null,"usfs_url":"https://www.fs.usda.gov/recarea/payette/recarea/?recid=26959","minimum_elevation":"4,250 feet","maximum_elevation":null,"source_updated":"2026-08-06"}},{"type":"Feature","geometry":{"type":"Point","coordinates":[-114.3247127,43.7216061]},"properties":{"id":"usfs-camp:5191.003221","name":"Boundary Campground And Picnic Area","camp_type":"Developed campground","site_type":"CAMPGROUND","agency":"USDA Forest Service","managing_org_code":"041403","operated_by":"US Forest Service","status":"OPEN","status_reason":null,"description":"Boundary Campground is a developed, fee, non-reservation campground composed of 9 campsites located on Trail Creek approximately 2 miles northeast of the Sun Valley Resort Village. The 4-unit Boundary Picnic Area is adjacent to the campground and shares a vault toilet and hand pump for drinking water with it.  The campground and picnic area are open the Friday before Memorial Day to September 30 annually.  Amenities include drinking water from a hand pump; 2 vault toilets; refuse service; and a fire ring, grill stand, and picnic table in each site.  Campsites also have a designated location to pitch a tent.  Camp and picnic sites have hardened aprons allowing wheelchair access.  Access roads and parking spurs are gravel.  Toilets are ADA-accessible.  Dogs must be leashed in the campground and picnic area, and their solid waste picked up and disposed of properly.  Stock is not permitted.  Campsites 1 and 7 are double units.  Stay limit is 3 days and check-out time is 2:00 pm.  The campground and picnic area are mostly open with large cottonwood trees providing intermittent shade.  The campground has beautiful views of Bald Mountain Ski Area to the west.","capacity":50,"max_people":null,"fee_charged":"Yes","fee_type":"EXPANDED AMENITY FEE","fee_description":null,"open_season":null,"season_description":null,"operational_hours":"Friday before Memorial Day - Sept. 30","usage_level":null,"water":"Yes, drinking water is available from a hand pump","restrooms":"Vault toilet(s)","pack_in_out":"No","permits":null,"passes":null,"restrictions":null,"important_info":null,"closest_towns":"Ketchum, ID","directions":"From Ketchum, go northeast through Sun Valley on Trail Creek Road about 4 miles.  Boundary Campground and Picnic Area will be on your right.","recreation_gov_url":null,"usfs_url":"https://www.fs.usda.gov/recarea/sawtooth/recreation/recarea/?recid=5818","minimum_elevation":null,"maximum_elevation":null,"source_updated":"2026-08-06"}},{"type":"Feature","geometry":{"type":"Point","coordinates":[-114.5019127,43.5288061]},"properties":{"id":"usfs-camp:5192.003221","name":"Deer Creek Campground","camp_type":"Developed campground","site_type":"CAMPGROUND","agency":"USDA Forest Service","managing_org_code":"041403","operated_by":"US Forest Service","status":"OPEN","status_reason":null,"description":"DEER CREEK CAMPGROUND (Campground)","capacity":15,"max_people":null,"fee_charged":"No","fee_type":null,"fee_description":"No fees are required for this site","open_season":null,"season_description":null,"operational_hours":null,"usage_level":null,"water":"No drinking water is available","restrooms":"No restroom available","pack_in_out":"Yes","permits":null,"passes":null,"restrictions":null,"important_info":null,"closest_towns":"Ketchum and Hailey, ID","directions":null,"recreation_gov_url":null,"usfs_url":null,"minimum_elevation":null,"maximum_elevation":null,"source_updated":"2025-12-22"}},{"type":"Feature","geometry":{"type":"Point","coordinates":[-115.18003,44.4073891]},"properties":{"id":"usfs-camp:5414.003191","name":"Lola Creek Campground","camp_type":"Developed campground","site_type":"CAMPGROUND","agency":"USDA Forest Service","managing_org_code":"041302","operated_by":null,"status":"OPEN","status_reason":null,"description":"LOLA CREEK CAMPGROUND (Campground)","capacity":135,"max_people":null,"fee_charged":"Yes","fee_type":"EXPANDED AMENITY FEE","fee_description":null,"open_season":null,"season_description":null,"operational_hours":null,"usage_level":null,"water":null,"restrooms":null,"pack_in_out":"No","permits":null,"passes":null,"restrictions":null,"important_info":null,"closest_towns":null,"directions":null,"recreation_gov_url":null,"usfs_url":null,"minimum_elevation":null,"maximum_elevation":null,"source_updated":"2026-08-06"}},{"type":"Feature","geometry":{"type":"Point","coordinates":[-115.5142132,45.5217062]},"properties":{"id":"usfs-camp:251720010602","name":"Dixie Meadow","camp_type":"Developed campground","site_type":"CAMPGROUND","agency":"USDA Forest Service","managing_org_code":"011705","operated_by":null,"status":"OPEN","status_reason":null,"description":"DIXIE MEADOW (Campground)","capacity":15,"max_people":null,"fee_charged":"No","fee_type":null,"fee_description":null,"open_season":null,"season_description":null,"operational_hours":null,"usage_level":null,"water":null,"restrooms":null,"pack_in_out":"Yes","permits":null,"passes":null,"restrictions":null,"important_info":null,"closest_towns":null,"directions":null,"recreation_gov_url":null,"usfs_url":null,"minimum_elevation":null,"maximum_elevation":null,"source_updated":"2026-02-23"}},{"type":"Feature","geometry":{"type":"Point","coordinates":[-114.7377909,45.8608396]},"properties":{"id":"usfs-camp:5086.000271","name":"Paradise Campground","camp_type":"Developed campground","site_type":"CAMPGROUND","agency":"USDA Forest Service","managing_org_code":"010304","operated_by":null,"status":"OPEN","status_reason":null,"description":"Paradise Campground is located near the Paradise Boating Site which is one of the most popular launching sites on the Selway River. The campground consists of 11 sites complete with picnic tables, and fire rings. Other facilities include 3 vault toilets, hitching rails, and feed bunks. Campground can accommodate RVs or trailers to 25 feet.","capacity":40,"max_people":null,"fee_charged":"No","fee_type":null,"fee_description":"No fees are required for this site","open_season":null,"season_description":null,"operational_hours":null,"usage_level":"Moderate","water":"Yes drinking water is generally available","restrooms":"Vault Toilet(s)","pack_in_out":"Yes","permits":null,"passes":null,"restrictions":null,"important_info":null,"closest_towns":"Darby, MT","directions":"From Darby, MT travel south 4.3 miles on Highway 93, turn south on the West Fork Road and proceed for approximately 14.3 miles. Turn west on Forest Road 468, Nez Perce Road and travel for approximately 34.8 miles (Nez Perce Rd becomes Magruder Corridor.) At Magruder Crossing continue north on FS 6223. Follow 11.2 miles to the end and the campground.","recreation_gov_url":null,"usfs_url":"https://www.fs.usda.gov/recarea/bitterroot/recarea/?recid=60666","minimum_elevation":null,"maximum_elevation":null,"source_updated":"2025-12-22"}},{"type":"Feature","geometry":{"type":"Point","coordinates":[-115.5369904,46.2147802]},"properties":{"id":"usfs-camp:5223.000411","name":"Apgar Campground","camp_type":"Developed campground","site_type":"CAMPGROUND","agency":"USDA Forest Service","managing_org_code":"011755","operated_by":"US Forest Service","status":"OPEN","status_reason":null,"description":"Located along the Lochsa River and accessed by U.S. Highway 12, Apgar lies between the highway and on a river terrace filled with giant western red cedar and fir trees. Apgar is a quiet, rustic campground with aggregate surfaced roads, vault toilets, tables, and campfire rings.\nThe Campground will accommodate 24-ft. RV's.","capacity":35,"max_people":null,"fee_charged":"Yes","fee_type":"EXPANDED AMENITY FEE","fee_description":"Overnight Use:\nSingle Site: $14 per night","open_season":null,"season_description":null,"operational_hours":"Open 24 hours/day","usage_level":null,"water":"Yes, drinking water is available from a hand pump","restrooms":"Vault toilet(s)","pack_in_out":"No","permits":null,"passes":"Interagency Senior/Access Recreation Passes provide a 50% discount to Single Campsites ONLY. *The discount applies only to the fee for the campsite physically occupied by the pass holder, not to any additional fee or campsite(s) occupied by members of the pass holder's party.* https://store.usgs.gov/recreational-passes Please be prepared to pay with CASH or CHECK. *Sites may be reservable and reservation fees apply.*","restrictions":null,"important_info":null,"closest_towns":"Lowell, Idaho (6 mi.), Kooskia, Idaho (33 mi.)","directions":"From Lowell, ID drive north on Hwy 12 for approximately 8 miles to the campground.","recreation_gov_url":null,"usfs_url":"https://www.fs.usda.gov/recarea/nezperceclearwater/recarea/?recid=81606","minimum_elevation":null,"maximum_elevation":null,"source_updated":"2026-08-06"}},{"type":"Feature","geometry":{"type":"Point","coordinates":[-114.8775128,43.9066061]},"properties":{"id":"usfs-camp:12194010560","name":"Alturas Lake Inlet Campground","camp_type":"Developed campground","site_type":"CAMPGROUND","agency":"USDA Forest Service","managing_org_code":"041404","operated_by":null,"status":"OPEN","status_reason":null,"description":"Alturas Lake Inlet Campground is located on the shores of scenic Alturas Lake at the foot of the Sawtooth Mountain Range.","capacity":146,"max_people":null,"fee_charged":"Yes","fee_type":null,"fee_description":null,"open_season":null,"season_description":null,"operational_hours":"June-September. This campground closes on September 21.","usage_level":null,"water":null,"restrooms":"Vault toilet(s)","pack_in_out":"No","permits":null,"passes":null,"restrictions":null,"important_info":null,"closest_towns":"Stanley, ID","directions":"From Stanley, go south 21 miles on ID 75, then west about 4 miles on Forest Road 205.","recreation_gov_url":"https://www.recreation.gov/camping/campgrounds/233980","usfs_url":"https://www.fs.usda.gov/recarea/sawtooth/recreation/recarea/?recid=5944","minimum_elevation":null,"maximum_elevation":null,"source_updated":"2026-08-06"}},{"type":"Feature","geometry":{"type":"Point","coordinates":[-111.1971504,42.6994079]},"properties":{"id":"usfs-camp:5011.002861","name":"Diamond Creek Campground","camp_type":"Developed campground","site_type":"CAMPGROUND","agency":"USDA Forest Service","managing_org_code":"041555","operated_by":"US Forest Service","status":"OPEN","status_reason":null,"description":"Campground is Closed","capacity":40,"max_people":null,"fee_charged":"No","fee_type":null,"fee_description":"No fees are required for this site","open_season":null,"season_description":null,"operational_hours":"closed","usage_level":null,"water":"No water is available","restrooms":"No restroom available","pack_in_out":"No","permits":null,"passes":null,"restrictions":null,"important_info":null,"closest_towns":"Soda Springs, Idaho","directions":"N/A","recreation_gov_url":null,"usfs_url":"na","minimum_elevation":null,"maximum_elevation":null,"source_updated":"2025-07-31"}},{"type":"Feature","geometry":{"type":"Point","coordinates":[-114.1696924,42.165926]},"properties":{"id":"usfs-camp:5046.003221","name":"Bostetter Cg","camp_type":"Developed campground","site_type":"CAMPGROUND","agency":"USDA Forest Service","managing_org_code":"041401","operated_by":null,"status":"OPEN","status_reason":null,"description":"BOSTETTER CG (Campground)","capacity":110,"max_people":null,"fee_charged":"No","fee_type":null,"fee_description":null,"open_season":null,"season_description":null,"operational_hours":null,"usage_level":null,"water":null,"restrooms":null,"pack_in_out":"Yes","permits":null,"passes":null,"restrictions":null,"important_info":null,"closest_towns":null,"directions":null,"recreation_gov_url":null,"usfs_url":null,"minimum_elevation":null,"maximum_elevation":null,"source_updated":"2025-12-22"}},{"type":"Feature","geometry":{"type":"Point","coordinates":[-113.7652126,43.6501062]},"properties":{"id":"usfs-camp:5006.002931","name":"Iron Bog Campground","camp_type":"Developed campground","site_type":"CAMPGROUND","agency":"USDA Forest Service","managing_org_code":"041304","operated_by":"US Forest Service","status":"OPEN","status_reason":null,"description":"This campground has 21 campsites with a maximum length trailer size of 35 foot. Seven sites are located along Iron Bog creek and the rest are out in the open sage-brush. There is one hand pump (during summer months) and two accessible restrooms. Four campsites have shade-awnings. Non-reservable campground with a $10.00/night fee. Hitching rail available outside of the campground, no horses are allowed in the campground.  One group campsite with 25 person capacity. Nearby Iron Bog Lake, Brockie Lake and Fishpole Lake.","capacity":120,"max_people":null,"fee_charged":"Yes","fee_type":"EXPANDED AMENITY FEE","fee_description":"Overnight Use:\nSingle Site: $10 per night","open_season":null,"season_description":null,"operational_hours":"Open 24 hours/day","usage_level":null,"water":"Yes, drinking water is available from a hand pump","restrooms":"Vault toilet(s)","pack_in_out":"Yes","permits":null,"passes":"Interagency Senior/Access Recreation Passes provide a 50% discount to Single Campsites ONLY. *The discount applies only to the fee for the campsite physically occupied by the pass holder, not to any additional fee or campsite(s) occupied by members of the pass holder's party.* https://store.usgs.gov/recreational-passes Please be prepared to pay with CASH or CHECK. *Sites may be reservable and reservation fees apply.*","restrictions":null,"important_info":null,"closest_towns":"Mackay, Idaho","directions":"From Mackay, ID take US Highway 93 south of Mackay to the Antelope Creek Road. Turn right on the Antelope Creek Road. Follow this road 19 miles to the campground.","recreation_gov_url":null,"usfs_url":"https://www.fs.usda.gov/recarea/scnf/recreation/recarea/?recid=76042&actid=104","minimum_elevation":null,"maximum_elevation":null,"source_updated":"2026-08-06"}},{"type":"Feature","geometry":{"type":"Point","coordinates":[-111.6255866,42.1393032]},"properties":{"id":"usfs-camp:5021.002861","name":"Willow Flat Campground","camp_type":"Developed campground","site_type":"CAMPGROUND","agency":"USDA Forest Service","managing_org_code":"041553","operated_by":"Concessionaire","status":"OPEN","status_reason":null,"description":"Willow Flat is a popular campground, located on the banks of the Cub River, in southeastern Idaho. It sits in a pretty valley, surrounded by scenic mountain views, at an elevation of 6,300 feet. Visitors enjoy fishing the river and exploring numerous forested trails.","capacity":500,"max_people":null,"fee_charged":"Yes","fee_type":"EXPANDED AMENITY FEE","fee_description":"Overnight Use:\nSingle Site: $20 per night\nGroup Site: $34 per night (1-16 people), $50 per night (1-32 people), $80 per night (1- 32 people), $100 per night (1-32 people), $120 per night (1-100 people)\nAdditional Vehicle Fee: $6 per night","open_season":null,"season_description":null,"operational_hours":"Open 24 hours/day","usage_level":null,"water":"Yes, drinking water is available from faucets","restrooms":"Vault toilet(s)","pack_in_out":"No","permits":null,"passes":"Interagency Senior/Access Recreation Passes provide a 50% discount to Single Campsites ONLY. *The discount applies only to the fee for the campsite physically occupied by the pass holder, not to any additional fee or campsite(s) occupied by members of the pass holder's party.* https://store.usgs.gov/recreational-passes Please be prepared to pay with CASH or CHECK. *Sites may be reservable and reservation fees apply.*","restrictions":null,"important_info":null,"closest_towns":"Preston, Idaho","directions":"Willow Flat Campground is 3 miles south of Preston, Idaho on US Hwy. 91. Turn east on the Cub River Road (road 406). 3 miles inside the Cache tiol Forest boundary road 406 and 407 intersect in a \"Y\". Take the right fork of the \"Y\" which is still road 406. Willow Flat Campground is 1.5 miles from this intersection on road 406. The second entrance accesses the reservation sites.","recreation_gov_url":"https://www.recreation.gov/camping/campgrounds/233854","usfs_url":"https://www.fs.usda.gov/recarea/ctnf/recarea/?recid=54861","minimum_elevation":null,"maximum_elevation":null,"source_updated":"2026-08-06"}},{"type":"Feature","geometry":{"type":"Point","coordinates":[-116.6684623,47.606669]},"properties":{"id":"usfs-camp:5044.000331","name":"Beauty Creek Campground","camp_type":"Developed campground","site_type":"CAMPGROUND","agency":"USDA Forest Service","managing_org_code":"010403","operated_by":"Concessionaire","status":"OPEN","status_reason":null,"description":"Beauty Creek Campground is located a half-mile from Lake Coeur d'Alene along the peaceful Beauty Creek. Visitors enjoy breathtaking scenery and convenient access to miles of trails. Natural Features: The campground is nestled in a narrow valley along Beauty Creek in northern Idaho. At an elevation of 2,100 feet, it is a sparsely wooded valley surrounded by heavily wooded hillsides. Beauty Creek sits in the Idaho Panhandle National Forest, between the Cascade Mountains to the west and the Bitterroot Mountains to the east. Recreation: The trailhead for the Caribou Ridge National Recreation Trail starts at the campground. The 5-mile trail features a moderate climb with two outstanding overlooks of Lake Coeur d'Alene. Biking and hiking trails in the area include the 1.8-mile Beauty Creek Overlook and the 4.9-mile Mt. Coeur d'Alene Viewpoint. Anglers enjoy an abundance of northern pike, chinook salmon and bass in the nearby stream. Facilities: Beauty Creek offers about 20 spacious campsites for both tent and RV camping. Vault toilets and drinking water are provided. Parking aprons are paved. The nearest boat ramp is at Mineral Ridge, which is less than a mile from the campground. Here, visitors have easy access to boating and fishing. Nearby Attractions: Lake Coeur d'Alene offers excellent boating, fishing and canoeing. Towns around the lake offer opportunities for para-sailing, ferry rides, paddle boating and sea plane rides.","capacity":70,"max_people":null,"fee_charged":"Yes","fee_type":null,"fee_description":"Overnight Use:\nSingle Site: $26 per night\nDouble Site: $56 per night\nGroup Site: $85 per night","open_season":"Late May","season_description":null,"operational_hours":"Open 24 hours/day","usage_level":null,"water":"Yes, drinking water is available from a hand pump","restrooms":"Vault toilet(s)","pack_in_out":"No","permits":null,"passes":"Interagency Senior/Access Recreation Passes provide a 50% discount to Single Campsites ONLY. *The discount applies only to the fee for the campsite physically occupied by the pass holder, not to any additional fee or campsite(s) occupied by members of the pass holder's party.* https://store.usgs.gov/recreational-passes Please be prepared to pay with CASH or CHECK. *Sites may be reservable and reservation fees apply.*","restrictions":null,"important_info":null,"closest_towns":"Coeur dAlene, Idaho","directions":"From Coeur d'Alene, go east on I-90 to exit 22, then turn south on ID-97. Drive 2.5 miles to Forest Road 438 and turn left. Go one mile and look for signs.","recreation_gov_url":"https://www.recreation.gov/camping/campgrounds/233267","usfs_url":"https://www.fs.usda.gov/recarea/ipnf/recarea/?recid=6846","minimum_elevation":null,"maximum_elevation":null,"source_updated":"2026-08-06"}},{"type":"Feature","geometry":{"type":"Point","coordinates":[-114.9145129,44.1354061]},"properties":{"id":"usfs-camp:5109.003221","name":"Mt. Heyburn Campground","camp_type":"Developed campground","site_type":"CAMPGROUND","agency":"USDA Forest Service","managing_org_code":"041404","operated_by":"Concessionaire","status":"OPEN","status_reason":null,"description":"Mt. Heyburn Campground is composed of 19 campsites on the east side of Redfish Lake and all sites are first-come, first-serve. The campground is situated in a lodgepole pine forest. The Visitor Center offers area information and interpretive programs. There is a boat ramp at Sandy Beach boat launch, on the eastern shore of the lake. Take a short tour on the interpretive Fishhook Nature Trail or a longer walk west into the beautiful Sawtooth Wilderness to battle wild cutthroat in the alpine lakes. A section of the Idaho Centennial Trail passes near the area. Equestrian stables, a dump station, and boat rentals can be found at Redfish Lake Lodge. Three small playgrounds are provided for children in the campground. Swimming, sailing, waterskiing, wading, canoeing, motorized boating and fishing are great ways to enjoy the waters.","capacity":114,"max_people":null,"fee_charged":"Yes","fee_type":null,"fee_description":null,"open_season":null,"season_description":null,"operational_hours":"May-September. Closes September 16.","usage_level":null,"water":"Yes, drinking water is available from faucets","restrooms":"Vault toilet(s)","pack_in_out":"No","permits":null,"passes":null,"restrictions":null,"important_info":null,"closest_towns":"Stanley, ID","directions":"From Stanley, go 4.5 miles south on ID 75 and 3 miles south on Forest Road #214.","recreation_gov_url":null,"usfs_url":"https://www.fs.usda.gov/recarea/sawtooth/recreation/recarea/?recid=5934","minimum_elevation":null,"maximum_elevation":null,"source_updated":"2026-08-06"}},{"type":"Feature","geometry":{"type":"Point","coordinates":[-115.5273124,46.2201942]},"properties":{"id":"usfs-camp:5215.000411","name":"Glade Creek Group Campground","camp_type":"Developed campground","site_type":"CAMPGROUND","agency":"USDA Forest Service","managing_org_code":"011755","operated_by":"US Forest Service","status":"OPEN","status_reason":null,"description":"popular spot with the locals, the quaint Glade Creek Group Campground has five sites and is peacefully tucked away on about four acres, alongside a rolling river and under a canopy of mixed-age conifers and low-growing shrubs. The vegetation provides privacy for each site as well as shade in the summer, and due to its position along a large bend in the river, and private beach access, this area is popular with groups of rafters and family gatherings.  The campground is located thirty-one miles east of Kooskia and about eight miles east of Lowell, Idaho.  Gas, groceries, and other services are available in Kooskia.  This campground is only available as a group site and is reservable through http://www.recreation.gov.  It consist of 4 sites that accommodate no more than 35 people and offers picnic tables, fire rings, and a toilet.  Popular activities include fishing, swimming and rafting. And for the hikers and mountain bikers, there are three hiking/biking trails within two miles of the campground (trails are also open to motorcycles from 6/2-9/30).","capacity":20,"max_people":null,"fee_charged":"Yes","fee_type":"EXPANDED AMENITY FEE","fee_description":"No fees are required for this site","open_season":null,"season_description":null,"operational_hours":"Open 24 hours/day","usage_level":null,"water":"No drinking water is available","restrooms":"Vault toilet(s)","pack_in_out":"Yes","permits":null,"passes":null,"restrictions":null,"important_info":null,"closest_towns":"Lowell, ID","directions":"Glade Creek Campground is located at about milepost 105 on US Highway 12. It is approximately 31 miles east of Kooskia and about seven miles east of Lowell, Idaho.","recreation_gov_url":"https://www.recreation.gov/camping/campgrounds/234749","usfs_url":"https://www.fs.usda.gov/recarea/nezperceclearwater/recarea/?recid=80175","minimum_elevation":null,"maximum_elevation":null,"source_updated":"2026-08-06"}},{"type":"Feature","geometry":{"type":"Point","coordinates":[-115.4997331,44.8881461]},"properties":{"id":"usfs-camp:5376.002731","name":"Ice Hole Campground","camp_type":"Developed campground","site_type":"CAMPGROUND","agency":"USDA Forest Service","managing_org_code":"040204","operated_by":null,"status":"OPEN","status_reason":null,"description":"ICE HOLE CAMPGROUND (Campground)","capacity":30,"max_people":null,"fee_charged":"Yes","fee_type":"EXPANDED AMENITY FEE","fee_description":null,"open_season":null,"season_description":null,"operational_hours":null,"usage_level":null,"water":null,"restrooms":"Vault Toilet","pack_in_out":"Yes","permits":null,"passes":null,"restrictions":null,"important_info":null,"closest_towns":null,"directions":null,"recreation_gov_url":null,"usfs_url":null,"minimum_elevation":"5,200 feet","maximum_elevation":null,"source_updated":"2026-08-06"}},{"type":"Feature","geometry":{"type":"Point","coordinates":[-113.4635667,44.5849573]},"properties":{"id":"usfs-camp:5257.003191","name":"Timber Creek Reservoir Lower Campground","camp_type":"Developed campground","site_type":"CAMPGROUND","agency":"USDA Forest Service","managing_org_code":"041308","operated_by":null,"status":"OPEN","status_reason":null,"description":"TIMBER CREEK RESERVOIR LOWER CAMPGROUND (Campground)","capacity":15,"max_people":null,"fee_charged":"No","fee_type":null,"fee_description":null,"open_season":null,"season_description":null,"operational_hours":null,"usage_level":null,"water":null,"restrooms":null,"pack_in_out":"Yes","permits":null,"passes":null,"restrictions":null,"important_info":null,"closest_towns":null,"directions":null,"recreation_gov_url":null,"usfs_url":null,"minimum_elevation":"7,536 feet","maximum_elevation":null,"source_updated":"2026-02-23"}},{"type":"Feature","geometry":{"type":"Point","coordinates":[-115.0717434,46.6664553]},"properties":{"id":"usfs-camp:210219010602","name":"Cayuse Landing Camp","camp_type":"Developed campground","site_type":"CAMPGROUND","agency":"USDA Forest Service","managing_org_code":"011753","operated_by":null,"status":"OPEN","status_reason":null,"description":"CAYUSE LANDING CAMP (Campground)","capacity":15,"max_people":null,"fee_charged":"No","fee_type":null,"fee_description":null,"open_season":null,"season_description":null,"operational_hours":null,"usage_level":null,"water":null,"restrooms":null,"pack_in_out":"Yes","permits":null,"passes":null,"restrictions":null,"important_info":null,"closest_towns":null,"directions":null,"recreation_gov_url":null,"usfs_url":null,"minimum_elevation":null,"maximum_elevation":null,"source_updated":"2025-12-22"}},{"type":"Feature","geometry":{"type":"Point","coordinates":[-111.2133735,43.3973064]},"properties":{"id":"usfs-camp:5068.003281","name":"Palisades Creek Campground","camp_type":"Developed campground","site_type":"CAMPGROUND","agency":"USDA Forest Service","managing_org_code":"041554","operated_by":"Concessionaire","status":"OPEN","status_reason":null,"description":"Palisades Creek Campground is nestled in the Palisades Creek Canyon.  Hiking the trails and fishing Palisades Creek and the Upper and Lower Palisades Lakes will keep you busy all day. Trails in this area are in the Palisades Backcountry and are non-motorized; ATV's and Motorcycles are not allowed in the campground. Palisades Reservoir and the South Fork of the Ske River are minutes away from the campground. Palisades Creek flows through the campground which has 5 single units and 2 double units. Full time campground host located on site. Firewood is for sale at campground.","capacity":50,"max_people":null,"fee_charged":"Yes","fee_type":null,"fee_description":null,"open_season":null,"season_description":null,"operational_hours":"Open 24 hours/day","usage_level":null,"water":"Yes, drinking water is available from faucets","restrooms":"Vault toilet(s)","pack_in_out":"No","permits":null,"passes":null,"restrictions":null,"important_info":null,"closest_towns":"Irwin, Idaho","directions":"From Swan Valley go 7 miles east on US 26, then 2 miles northwest on Forest Road 255.","recreation_gov_url":null,"usfs_url":"https://www.fs.usda.gov/recarea/ctnf/recarea/?recid=54441","minimum_elevation":"5,890 feet","maximum_elevation":null,"source_updated":"2025-04-09"}},{"type":"Feature","geometry":{"type":"Point","coordinates":[-115.9258031,44.208316]},"properties":{"id":"usfs-camp:5310.002731","name":"Tie Creek Campground","camp_type":"Developed campground","site_type":"CAMPGROUND","agency":"USDA Forest Service","managing_org_code":"040206","operated_by":null,"status":"OPEN","status_reason":null,"description":"TIE CREEK CAMPGROUND (Campground)","capacity":40,"max_people":null,"fee_charged":"Yes","fee_type":null,"fee_description":null,"open_season":null,"season_description":null,"operational_hours":null,"usage_level":null,"water":"handpump","restrooms":"Vault","pack_in_out":"Yes","permits":null,"passes":null,"restrictions":null,"important_info":null,"closest_towns":null,"directions":null,"recreation_gov_url":null,"usfs_url":null,"minimum_elevation":null,"maximum_elevation":null,"source_updated":"2026-08-06"}},{"type":"Feature","geometry":{"type":"Point","coordinates":[-115.8751632,44.7817491]},"properties":{"id":"usfs-camp:5039.003141","name":"Kennally Creek Campground","camp_type":"Developed campground","site_type":"CAMPGROUND","agency":"USDA Forest Service","managing_org_code":"041204","operated_by":"US Forest Service","status":"OPEN","status_reason":null,"description":"Kennally Creek Campground is situated in a serene setting among mature forest along the banks of Kennally Creek. Each of 11 sites include a fire ring and picnic table. A stock loading ramp and hitching rails are available at the site. Potable water is typically available June - September. All sites are available on a first-come, first-serve basis and camping is limited to an 14-day stay.","capacity":70,"max_people":null,"fee_charged":"Yes","fee_type":"EXPANDED AMENITY FEE","fee_description":"Overnight Use:\nSingle Site: $10 per night\nDouble Site: $15 per night","open_season":null,"season_description":null,"operational_hours":"Check in: 2:00 p.m.; Check-out: 12:00 p.m.","usage_level":null,"water":"Yes, drinking water is available from a hand pump","restrooms":"Vault toilet(s)","pack_in_out":"Yes","permits":null,"passes":"Interagency Senior/Access Recreation Passes provide a 50% discount to Single Campsites ONLY. *The discount applies only to the fee for the campsite physically occupied by the pass holder, not to any additional fee or campsite(s) occupied by members of the pass holder's party.* https://store.usgs.gov/recreational-passes Please be prepared to pay with CASH or CHECK. *Sites may be reservable and reservation fees apply.*","restrictions":null,"important_info":null,"closest_towns":"McCall, ID","directions":"Travel 10 miles south of McCall on Highway 55 and turn left (east) on Paddy Flat Road. Follow Paddy Flat Road/Forest Road #388 for 19 miles to the campground.","recreation_gov_url":null,"usfs_url":"https://www.fs.usda.gov/recarea/payette/recarea/?recid=26931","minimum_elevation":null,"maximum_elevation":null,"source_updated":"2026-08-06"}},{"type":"Feature","geometry":{"type":"Point","coordinates":[-115.2025128,43.614406]},"properties":{"id":"usfs-camp:5047.003221","name":"Chapparal Campground","camp_type":"Developed campground","site_type":"CAMPGROUND","agency":"USDA Forest Service","managing_org_code":"041405","operated_by":"US Forest Service","status":"OPEN","status_reason":null,"description":"Chaparral Campground is a non-reservation campground composed of 7 single sites and 3 double sites located on the South Fork of the Boise River. Campground amenities include 3 vault toilet restrooms, picnic tables and fire rings. Hiking, tubing, and fishing are popular activities.","capacity":100,"max_people":null,"fee_charged":"Yes","fee_type":"STANDARD AMENITY FEE","fee_description":"Overnight Use:\nSingle Site: $6 per night\nDouble Site: $12 per night","open_season":null,"season_description":null,"operational_hours":"Standard Operating Times are May - September, and can be seasonally contingent","usage_level":null,"water":null,"restrooms":"Vault toilet(s)","pack_in_out":"No","permits":null,"passes":"Interagency Senior/Access Recreation Passes provide a 50% discount to Single Campsites ONLY. *The discount applies only to the fee for the campsite physically occupied by the pass holder, not to any additional fee or campsite(s) occupied by members of the pass holder's party.* https://store.usgs.gov/recreational-passes Please be prepared to pay with CASH or CHECK. *Sites may be reservable and reservation fees apply.*","restrictions":null,"important_info":null,"closest_towns":"Featherville, ID and Fairfield, ID","directions":"From Highway 20, travel north on Forest Highway 61 (Pine-Featherville Road) approximately 30 miles to the town of Featherville.  From there, travel east on Forest Road 227 approximately 3 miles to Chaparral Campground.","recreation_gov_url":null,"usfs_url":"https://www.fs.usda.gov/recarea/sawtooth/recreation/recarea/?recid=5980","minimum_elevation":null,"maximum_elevation":null,"source_updated":"2026-08-06"}},{"type":"Feature","geometry":{"type":"Point","coordinates":[-114.4261127,43.8204061]},"properties":{"id":"usfs-camp:5087.003221","name":"Caribou Campground","camp_type":"Developed campground","site_type":"CAMPGROUND","agency":"USDA Forest Service","managing_org_code":"041404","operated_by":"US Forest Service","status":"OPEN","status_reason":null,"description":"Caribou Campground is composed of 7 campsites which are first-come, first-serve, and is situated in a pine overstory near the Sawtooth National Recreation Area Visitor Center. Popular trail heads in the area include North Fork, West Fork, East Fork, and Murdock Creek. The trails in Northfork Canyon lead to Murdock Creek, Amber Lakes, Window Lake and into the Hemingway-Boulder Wilderness Area with views of Ryan Peak, Kent Peak, Glassford peak and Silver Peak in the Hemingway-Boulder mountains all of which are over 11,000 feet in elevation.. This is a terrific area for fishing in the Big Wood river and Murdock creek, hiking, and the wildlife viewing is tremendous. RV's and trailers are not recommended for this campground because of the inability to turn around once you enter.","capacity":49,"max_people":null,"fee_charged":"Yes","fee_type":null,"fee_description":null,"open_season":null,"season_description":null,"operational_hours":"May-September. Closes September 30.","usage_level":null,"water":"No water is available","restrooms":"Vault toilet(s)","pack_in_out":"No","permits":null,"passes":null,"restrictions":null,"important_info":null,"closest_towns":"Ketchum, ID","directions":"From Ketchum, go north 8 miles on ID 75, then turn of highway at the recreation area Headquarters and go northeast about 2 miles on Forest Road #146, turning left at the sign for the campground.","recreation_gov_url":"https://www.recreation.gov/camping/campgrounds/10165200","usfs_url":"https://www.fs.usda.gov/recarea/sawtooth/recreation/recarea/?recid=5845","minimum_elevation":null,"maximum_elevation":null,"source_updated":"2026-08-06"}},{"type":"Feature","geometry":{"type":"Point","coordinates":[-116.3258497,47.0078902]},"properties":{"id":"usfs-camp:5027.000331","name":"Emerald Creek Campground","camp_type":"Developed campground","site_type":"CAMPGROUND","agency":"USDA Forest Service","managing_org_code":"010404","operated_by":"US Forest Service","status":"OPEN","status_reason":null,"description":"Emerald Creek Campground features 18 camp units, drinking water, and vault toilets a short distance from the campground. The Garnet Area is one of our most popular recreation sites where, for a small fee, one can dig for gem quality star garnets. Mosquitos can be prolific throughout the season, consider bringing bug repellent.","capacity":95,"max_people":null,"fee_charged":"Yes","fee_type":"EXPANDED AMENITY FEE","fee_description":"Overnight Use:\nSingle Site: $10 per night (2 vehicles included per site)\nAdditional Vehicle: $5 per night (3 vehicle limit per site)","open_season":"Memorial Day","season_description":null,"operational_hours":"Open 24 hours/day","usage_level":null,"water":"Yes, drinking water is available from a hand pump","restrooms":"Vault toilet(s)","pack_in_out":"No","permits":null,"passes":"Interagency Senior/Access Recreation Passes provide a 50% discount to Single Campsites ONLY. *The discount applies only to the fee for the campsite physically occupied by the pass holder, not to any additional fee or campsite(s) occupied by members of the pass holder's party.* https://store.usgs.gov/recreational-passes Please be prepared to pay with CASH or CHECK. *Sites may be reservable and reservation fees apply.*","restrictions":null,"important_info":null,"closest_towns":"Clarkia, Idaho","directions":"Drive 25 miles south of St. Maries on State Highway 3, then turn right on Road #447, travel approximately 6 miles to the Emerald Creek Campground.","recreation_gov_url":null,"usfs_url":"https://www.fs.usda.gov/recarea/ipnf/recarea/?recid=6895","minimum_elevation":null,"maximum_elevation":null,"source_updated":"2026-08-06"}},{"type":"Feature","geometry":{"type":"Point","coordinates":[-114.526758,45.1033782]},"properties":{"id":"usfs-camp:5163.003191","name":"Crags Campground Complex","camp_type":"Developed campground","site_type":"CAMPGROUND","agency":"USDA Forest Service","managing_org_code":"041301","operated_by":null,"status":"OPEN","status_reason":null,"description":"CRAGS CAMPGROUND COMPLEX (Campground)","capacity":150,"max_people":null,"fee_charged":"Yes","fee_type":"EXPANDED AMENITY FEE","fee_description":null,"open_season":null,"season_description":null,"operational_hours":null,"usage_level":null,"water":null,"restrooms":null,"pack_in_out":"Yes","permits":null,"passes":"Y","restrictions":null,"important_info":null,"closest_towns":null,"directions":null,"recreation_gov_url":null,"usfs_url":null,"minimum_elevation":null,"maximum_elevation":null,"source_updated":"2026-08-06"}},{"type":"Feature","geometry":{"type":"Point","coordinates":[-114.9091129,44.1763061]},"properties":{"id":"usfs-camp:5137.003221","name":"Sunny Gulch Campground","camp_type":"Developed campground","site_type":"CAMPGROUND","agency":"USDA Forest Service","managing_org_code":"041404","operated_by":null,"status":"OPEN","status_reason":null,"description":"Sunny Gulch Campground is composed of 45 campsites including 8 double-sites situated in a lodgepole pine overstory. 10 of the sites accept reservations including 1 of the double-sites, and the Sunny Gulch Pavilion & Picnic Area. Reservations can be made at www.recreation.gov or by calling (877)444-6777. All other campsites are first-come, first-serve. There is excellent fishing in the Salmon River which includes rainbow trout, west slope cutthroat trout and occasional hybrid cutbow and bull trout. A day use area for picnicking and fishing is located near the campground entrance. This campground is a mere 3 miles from Redfish Lake, but is quieter and less crowded. There is access to great hiking trails with views into the Sawtooth Wilderness and the White Cloud Wilderness.","capacity":295,"max_people":null,"fee_charged":"Yes","fee_type":null,"fee_description":null,"open_season":null,"season_description":null,"operational_hours":"May-September. Lower loop closes September16. Upper loop closes September 21. Camp host unavailable after September 16.","usage_level":null,"water":null,"restrooms":"Vault toilet(s)","pack_in_out":"No","permits":null,"passes":null,"restrictions":null,"important_info":null,"closest_towns":"Stanley, ID","directions":"From Stanley, go 4 mile south on ID 75 and follow the signs to the campground.","recreation_gov_url":"https://www.recreation.gov/camping/campgrounds/234150","usfs_url":"https://www.fs.usda.gov/recarea/sawtooth/recreation/recarea/?recid=5928","minimum_elevation":null,"maximum_elevation":null,"source_updated":"2026-08-06"}},{"type":"Feature","geometry":{"type":"Point","coordinates":[-115.4159703,47.1585827]},"properties":{"id":"usfs-camp:5015.000331","name":"Conrad Crossing Campground","camp_type":"Developed campground","site_type":"CAMPGROUND","agency":"USDA Forest Service","managing_org_code":"010404","operated_by":"US Forest Service","status":"OPEN","status_reason":null,"description":"Conrad Crossing Campground features 8 camp units (2 on the river and 5 above the highway), drinking water (June-October), vault toilets, and a day use area. Please observe the Pack it In Pack it Out refuse policy. Attractions include historic Montana Trail, St. Joe Wild and Scenic River, fishing, and floating until mid June. Raft access.","capacity":54,"max_people":null,"fee_charged":"Yes","fee_type":"EXPANDED AMENITY FEE","fee_description":"Overnight Use:\nPeak Season (Water ON): Single Site: $15 per night (2 vehicles included per site)\nAdditional Vehicle: $5 per night (3 vehicle limit per site)\nNon-Peak (Water OFF): $12 per night","open_season":"Memorial Day","season_description":null,"operational_hours":"Open 24 hours/day","usage_level":null,"water":"Yes, drinking water is available from a hand pump","restrooms":"Vault toilet(s)","pack_in_out":"Yes","permits":null,"passes":"Interagency Senior/Access Recreation Passes provide a 50% discount to Single Campsites ONLY. *The discount applies only to the fee for the campsite physically occupied by the pass holder, not to any additional fee or campsite(s) occupied by members of the pass holder's party.* https://store.usgs.gov/recreational-passes Please be prepared to pay with CASH or CHECK. *Sites may be reservable and reservation fees apply.*","restrictions":null,"important_info":null,"closest_towns":"Avery, Idaho","directions":"Access 1: From Avery, Idaho take the St. Joe River Road (Forest Highway 50) 28 miles east to the campground entrance. Access 2: From St. Regis, Montana take the Little Joe Road (#282) to the Idaho border where it becomes Gold Creek Road (#388). Turn right on the St. Joe River Road (Forest Highway 50) and proceed 1.4 miles to the campground entrance.","recreation_gov_url":null,"usfs_url":"https://www.fs.usda.gov/recarea/ipnf/recarea/?recid=6906","minimum_elevation":null,"maximum_elevation":null,"source_updated":"2026-08-06"}},{"type":"Feature","geometry":{"type":"Point","coordinates":[-116.3298141,48.8871824]},"properties":{"id":"usfs-camp:5152.000331","name":"Brush Lake Picnic Area","camp_type":"Developed campground","site_type":"CAMPGROUND","agency":"USDA Forest Service","managing_org_code":"010407","operated_by":"US Forest Service","status":"OPEN","status_reason":null,"description":"Brush Lake Picnic area features 4 picnic sites, vault toilets, and a day use area. Boating on Brush Lake is accessible from the area but launching can be difficult in late summer and fall when the water is low.","capacity":34,"max_people":null,"fee_charged":"No","fee_type":null,"fee_description":"No fees are required for this site","open_season":"May","season_description":null,"operational_hours":"Open 24 hours/day","usage_level":null,"water":null,"restrooms":"Vault toilet(s)","pack_in_out":"Yes","permits":null,"passes":null,"restrictions":null,"important_info":null,"closest_towns":"Bonners Ferry, Idaho","directions":"Travel 18 miles north of Bonners Ferry on US Hwy 95. Turn right (southeast) onto Forest Service Road 1004 (Brush Lake Road) and go about 3 miles to the Brush Lake Picnic Area.","recreation_gov_url":null,"usfs_url":"https://www.fs.usda.gov/recarea/ipnf/recarea/?recid=6820","minimum_elevation":null,"maximum_elevation":null,"source_updated":"2025-07-31"}},{"type":"Feature","geometry":{"type":"Point","coordinates":[-116.1641773,45.0682761]},"properties":{"id":"usfs-camp:5029.003141","name":"Grouse Campground","camp_type":"Developed campground","site_type":"CAMPGROUND","agency":"USDA Forest Service","managing_org_code":"041204","operated_by":"US Forest Service","status":"OPEN","status_reason":null,"description":"Grouse Campground is located just 16 miles from McCall, Idaho, on the shores of Goose Lake. Visitors enjoy canoeing, fishing and horseback riding.","capacity":190,"max_people":null,"fee_charged":"Yes","fee_type":"EXPANDED AMENITY FEE","fee_description":"Overnight Use:\nSingle Site: $10 per night\nDouble Site: $15 per night","open_season":null,"season_description":null,"operational_hours":"Check in: 2:00 p.m.; Check-out: 12:00 p.m.","usage_level":null,"water":"Yes, drinking water is available from a hand pump","restrooms":"Vault toilet(s)","pack_in_out":"Yes","permits":null,"passes":"Interagency Senior/Access Recreation Passes provide a 50% discount to Single Campsites ONLY. *The discount applies only to the fee for the campsite physically occupied by the pass holder, not to any additional fee or campsite(s) occupied by members of the pass holder's party.* https://store.usgs.gov/recreational-passes Please be prepared to pay with CASH or CHECK. *Sites may be reservable and reservation fees apply.*","restrictions":null,"important_info":null,"closest_towns":"McCall, ID","directions":"From McCall, travel five miles west on Highway 55. Turn right on Goose Lake Road/Forest Road #257 and proceed nine miles north. Turn left at the Grouse Campground sign onto Forest Road #273 and continue 1/4 mile to the campground.","recreation_gov_url":"https://www.recreation.gov/camping/campgrounds/234254","usfs_url":"https://www.fs.usda.gov/recarea/payette/recarea/?recid=26877","minimum_elevation":"6,350 feet","maximum_elevation":null,"source_updated":"2026-08-06"}},{"type":"Feature","geometry":{"type":"Point","coordinates":[-115.1791364,46.8318863]},"properties":{"id":"usfs-camp:5234.000411","name":"Hidden Creek Campground","camp_type":"Developed campground","site_type":"CAMPGROUND","agency":"USDA Forest Service","managing_org_code":"011753","operated_by":"US Forest Service","status":"OPEN","status_reason":null,"description":"Tucked away in groves of old growth cedar trees and adjacent to the stunning North Fork of the Clearwater River in northwest Idaho, rests a hidden gem: Hidden Creek Campground.  With 13 sites, one group tent camping pad, many fishing opportunities and nearby hiking trails, Hidden Creek Campground has proved to be a favorite for many visitors looking to camp out in a place that truly feels encased in nature and her many delights.","capacity":75,"max_people":null,"fee_charged":"Yes","fee_type":"EXPANDED AMENITY FEE","fee_description":"Overnight Use:\nSingle Site: $10 per night","open_season":null,"season_description":null,"operational_hours":"Open 24 hours/day","usage_level":null,"water":"Yes, drinking water is available from a hand pump","restrooms":"Vault toilet(s)","pack_in_out":"Yes","permits":null,"passes":"Interagency Senior/Access Recreation Passes provide a 50% discount to Single Campsites ONLY. *The discount applies only to the fee for the campsite physically occupied by the pass holder, not to any additional fee or campsite(s) occupied by members of the pass holder's party.* https://store.usgs.gov/recreational-passes Please be prepared to pay with CASH or CHECK. *Sites may be reservable and reservation fees apply.*","restrictions":null,"important_info":null,"closest_towns":"Superior, MT","directions":"From Superior, MT head southeast on Diamond Rd toward River St for 5.5 miles. Continue onto Forest Rd 250 and drive southwest for approximately 37 miles to campground.","recreation_gov_url":null,"usfs_url":"https://www.fs.usda.gov/recarea/nezperceclearwater/recarea/?recid=80054","minimum_elevation":null,"maximum_elevation":null,"source_updated":"2026-08-06"}},{"type":"Feature","geometry":{"type":"Point","coordinates":[-112.0214123,44.4652064]},"properties":{"id":"usfs-camp:5026.003281","name":"Steel Creek Campground","camp_type":"Group campground","site_type":"GROUP CAMPGROUND","agency":"USDA Forest Service","managing_org_code":"041551","operated_by":"Concessionaire","status":"OPEN","status_reason":null,"description":"The Steel Creek Group Campground is located in the willow and pine trees and situated along Steel Creek. Hiking, fishing, mountain biking and ATVs are popular activities","capacity":200,"max_people":null,"fee_charged":"Yes","fee_type":"EXPANDED AMENITY FEE","fee_description":"Overnight Use:\nGroup Site:\n$50 per night (1 - 50 people)\n$75 per night (51 - 100 people)\n$125 per night (101 - 150 people)\n$150/night (151 - 200 people max)","open_season":null,"season_description":null,"operational_hours":"Open 8:00 a.m. to 10:00 p.m.","usage_level":null,"water":"Yes, drinking water is available from faucets","restrooms":"Vault toilet(s)","pack_in_out":"No","permits":null,"passes":"Please be prepared to pay with CASH or CHECK. *Sites may be reservable and reservation fees apply.*","restrictions":null,"important_info":null,"closest_towns":"Dubois, Idaho","directions":"From Dubois, Idaho, travel north on Interstate 15 to the Stoddard Creek Exit (Exit 184). Go east on West Camas- Miners Creek Road (FR 006) approximately 14 miles to the Steel Creek Road (FR 478), turn right and continue 3/4 mile to campground entrance.","recreation_gov_url":"https://www.recreation.gov/camping/campgrounds/234380","usfs_url":"https://www.fs.usda.gov/recarea/ctnf/recarea/?recid=54683","minimum_elevation":null,"maximum_elevation":null,"source_updated":"2026-08-06"}},{"type":"Feature","geometry":{"type":"Point","coordinates":[-113.1906516,44.6677423]},"properties":{"id":"usfs-camp:5143.003191","name":"Hawley Creek, Lower Campground","camp_type":"Developed campground","site_type":"CAMPGROUND","agency":"USDA Forest Service","managing_org_code":"041308","operated_by":"US Forest Service","status":"OPEN","status_reason":null,"description":"The lower campground has 4 sites and has no potable water. Fishing in Hawley Creek, and in the reservoir. The Hawley Creek Trail is less than 2 miles long, but is rather difficult, gaining over 1000 feet in elevation over the distance. Motorized vehicles (ATVs, motorcycles), are allowed on the trail, but not off trail. There is a spur trail to the Continental Divide National Scenic Trail. The trail opens up into grasslands toward the top.","capacity":25,"max_people":null,"fee_charged":"No","fee_type":null,"fee_description":"No fees are required for this site","open_season":null,"season_description":null,"operational_hours":"Open 24 hours/day","usage_level":null,"water":"Yes, drinking water is available from a hand pump","restrooms":"Vault toilet(s)","pack_in_out":"Yes","permits":null,"passes":null,"restrictions":null,"important_info":null,"closest_towns":"Leadore, Idaho","directions":"From Leadore, go 0.25 mile east on ID 29, turn right onto Hawley Creek Road go 9 miles, then take a left on Forest Road 275 and go 4 miles east. Go left into the campground.","recreation_gov_url":null,"usfs_url":"https://www.fs.usda.gov/recarea/scnf/recarea/?recid=76076","minimum_elevation":null,"maximum_elevation":null,"source_updated":"2025-07-31"}},{"type":"Feature","geometry":{"type":"Point","coordinates":[-114.8805128,43.6069061]},"properties":{"id":"usfs-camp:5065.003221","name":"Bowns Campground","camp_type":"Developed campground","site_type":"CAMPGROUND","agency":"USDA Forest Service","managing_org_code":"041405","operated_by":"US Forest Service","status":"OPEN","status_reason":null,"description":"Bowns Campground, located 25 miles east of Featherville and 18 miles north of Fairfield, is a developed campground composed of 10 units along Big Smoky Creek. Two of the camp sites are double family units.  Camping, fishing, hiking, and picnicking are popular activities. Campground amenities include picnic tables, fire rings, drinking water (seasonally) and restrooms. Miller Creek Trail (#087) starts just south of the campground and is open to motorcycles.","capacity":60,"max_people":null,"fee_charged":"Yes","fee_type":"EXPANDED AMENITY FEE","fee_description":"Overnight Use:\nSingle Site: $6 per night\nDouble Site: $12 per night","open_season":null,"season_description":null,"operational_hours":"Standard operating season is May - October but can be seasonally dependent.","usage_level":null,"water":null,"restrooms":"Vault toilet(s)","pack_in_out":"Yes","permits":null,"passes":"Interagency Senior/Access Recreation Passes provide a 50% discount to Single Campsites ONLY. *The discount applies only to the fee for the campsite physically occupied by the pass holder, not to any additional fee or campsite(s) occupied by members of the pass holder's party.* https://store.usgs.gov/recreational-passes Please be prepared to pay with CASH or CHECK. *Sites may be reservable and reservation fees apply.*","restrictions":null,"important_info":null,"closest_towns":"Fairfield, ID","directions":"From Fairfield, go north 18 miles on Forest Road #094 and west approximately 6 miles on Forest Road #227.","recreation_gov_url":null,"usfs_url":"https://www.fs.usda.gov/recarea/sawtooth/recreation/recarea/?recid=5972","minimum_elevation":null,"maximum_elevation":null,"source_updated":"2026-08-06"}},{"type":"Feature","geometry":{"type":"Point","coordinates":[-111.5183118,42.0949462]},"properties":{"id":"usfs-camp:5022.002861","name":"Porcupine Campground","camp_type":"Developed campground","site_type":"CAMPGROUND","agency":"USDA Forest Service","managing_org_code":"041553","operated_by":"Concessionaire","status":"OPEN","status_reason":null,"description":"Porcupine Campground is situated on St. Charles Creek in a scenic canyon in the rolling Idaho forests. The campground is also close to Bear Lake State Park and North Beach, offering visitors countless recreatiol opportunities in a serene forest setting.","capacity":70,"max_people":null,"fee_charged":"Yes","fee_type":null,"fee_description":null,"open_season":null,"season_description":null,"operational_hours":"Open 24 hours/day","usage_level":null,"water":"Yes, drinking water is available from faucets","restrooms":"Vault toilet(s)","pack_in_out":"No","permits":null,"passes":null,"restrictions":null,"important_info":null,"closest_towns":"St. Charles, Idaho","directions":"At the north end of St. Charles, Idaho on US Hwy 89, turn west on St. Charles Canyon Road. (Forest Road #412). Follow this road for approximately 7 miles to Porcupine Campground, on the left side of the road.","recreation_gov_url":"https://www.recreation.gov/camping/campgrounds/233976","usfs_url":"https://www.fs.usda.gov/recarea/ctnf/recreation/recarea/?recid=54517&actid=29","minimum_elevation":null,"maximum_elevation":null,"source_updated":"2026-08-06"}},{"type":"Feature","geometry":{"type":"Point","coordinates":[-111.3997697,44.4618387]},"properties":{"id":"usfs-camp:5043.003281","name":"Mccrea Bridge Campground","camp_type":"Developed campground","site_type":"CAMPGROUND","agency":"USDA Forest Service","managing_org_code":"041552","operated_by":"Concessionaire","status":"OPEN","status_reason":null,"description":"McCrea Bridge Campground is located on the backwaters of beautiful Island Park Reservoir in Island Park, Idaho at an elevation of 6,200 feet. Visitors love Island Park for its world-class fishing and outstanding scenery and wildlife viewing opportunities.","capacity":125,"max_people":null,"fee_charged":"Yes","fee_type":null,"fee_description":null,"open_season":null,"season_description":null,"operational_hours":"Open 8:00 a.m. to 10:00 p.m.","usage_level":null,"water":"Yes, drinking water is available from faucets","restrooms":"Vault toilet(s)","pack_in_out":"No","permits":null,"passes":null,"restrictions":null,"important_info":null,"closest_towns":"Island Park, Idaho","directions":"From West Yellowstone, Monta, take Highway 20 south for 27 miles, turn right (west) at the Elk Creek Service Station, travel 2 miles to the campground entrance.","recreation_gov_url":"https://www.recreation.gov/camping/campgrounds/231926","usfs_url":"https://www.fs.usda.gov/recarea/ctnf/recarea/?recid=54303","minimum_elevation":null,"maximum_elevation":null,"source_updated":"2026-08-06"}},{"type":"Feature","geometry":{"type":"Point","coordinates":[-115.2546454,46.7171243]},"properties":{"id":"usfs-camp:5235.000411","name":"Kelly Forks Campground","camp_type":"Developed campground","site_type":"CAMPGROUND","agency":"USDA Forest Service","managing_org_code":"011753","operated_by":"US Forest Service","status":"OPEN","status_reason":null,"description":"Tucked away in a heavily wooded, streamside location at the confluence of Kelly Creek and the North Fork of the Clearwater River in Northwest Idaho, is Kelly Forks Campground.  With 14 campground sites, a group area, campground host and a hiking trail going directly up to Flat Mountain from the site, horseback riding trails in the vicinity, swimming and an abundant watchable wildlife, Kelly Forks has a little of everything. Also, for the all the anglers out there, Kelly Forks boasts a Blue Ribbon cutthroat trout stream (catch and release).","capacity":95,"max_people":null,"fee_charged":"Yes","fee_type":"EXPANDED AMENITY FEE","fee_description":"Overnight Use:\nSingle Site: $10 per night","open_season":null,"season_description":null,"operational_hours":"Open 24 hours/day","usage_level":null,"water":"Yes, drinking water is available from faucets","restrooms":"Vault toilet(s)","pack_in_out":"Yes","permits":null,"passes":"Interagency Senior/Access Recreation Passes provide a 50% discount to Single Campsites ONLY. *The discount applies only to the fee for the campsite physically occupied by the pass holder, not to any additional fee or campsite(s) occupied by members of the pass holder's party.* https://store.usgs.gov/recreational-passes Please be prepared to pay with CASH or CHECK. *Sites may be reservable and reservation fees apply.*","restrictions":null,"important_info":null,"closest_towns":"Pierce, ID","directions":"From Lewiston, Idaho: Travel 45 miles east on U.S. Highway 12 to the bridge at Orofino, Idaho. Cross the bridge - don't deviate; you will travel on Michigan Avenue and then Grangemont Road, aka State Highway 7- and continue 30 miles north to the former Jaype Mill site. Turn right and continue 6 miles to the town of Pierce, Idaho. Drive through Pierce (approximately 3/4 mile) and turn left on French Mountain Road, also known as Forest Service Road (FSR) 250. Remain on FSR 250 for 48 miles until you reach the Kelly Forks Campground just past the work center.\nFrom Superior, Montana: Travel 25 miles west on FSR 250, also known as the Trout Creek Road. You will cross Hoodoo Pass at the Idaho-Montana state line. Continue south on FSR 250 for approximately 29 more miles until you reach the Kelly Forks Campground just past the work center. *NOTE: Hoodoo Pass rises to 6,000-ft elevation and is typically impassable from November until early July due to snow. This pass is not plowed, and alternative access may be necessary until the snowpack melts through.","recreation_gov_url":null,"usfs_url":"https://www.fs.usda.gov/recarea/nezperceclearwater/recarea/?recid=80050","minimum_elevation":null,"maximum_elevation":null,"source_updated":"2026-08-06"}},{"type":"Feature","geometry":{"type":"Point","coordinates":[-115.65676,44.3426661]},"properties":{"id":"usfs-camp:5236.002731","name":"RIVER SIDE (ID - BOISE)","camp_type":"Developed campground","site_type":"CAMPGROUND","agency":"USDA Forest Service","managing_org_code":"040205","operated_by":null,"status":"OPEN","status_reason":null,"description":"River Side Campground is located along the Deadwood River at the north end of scenic Deadwood Reservoir at an elevation of 5,300 feet. Boating, fishing and hiking are popular activities.","capacity":40,"max_people":null,"fee_charged":"Yes","fee_type":"EXPANDED AMENITY FEE","fee_description":"Overnight Use:\nSingle Site: $12 per night","open_season":"Mid June- End of September","season_description":null,"operational_hours":null,"usage_level":null,"water":"Drinking water","restrooms":"Vault Toilet","pack_in_out":"Yes","permits":null,"passes":"Interagency Senior/Access Recreation Passes provide a 50% discount to Single Campsites ONLY. *The discount applies only to the fee for the campsite physically occupied by the pass holder, not to any additional fee or campsite(s) occupied by members of the pass holder's party.* https://store.usgs.gov/recreational-passes Please be prepared to pay with CASH or CHECK. *Sites may be reservable and reservation fees apply.*","restrictions":null,"important_info":null,"closest_towns":"Lowman, Idaho","directions":"From Boise, Idaho, travel north along State Highway 55 to Banks, Idaho approximately 38 miles. \nAt Banks, turn right (east) onto State Highway 17 (Banks-Lowman Road) and proceed 31 miles to Lowman, Idaho.","recreation_gov_url":"https://www.recreation.gov/camping/campgrounds/234096","usfs_url":null,"minimum_elevation":null,"maximum_elevation":"5,300","source_updated":"2026-08-06"}},{"type":"Feature","geometry":{"type":"Point","coordinates":[-114.7588261,45.7353463]},"properties":{"id":"usfs-camp:5065.000271","name":"Magruder Crossing Campground","camp_type":"Developed campground","site_type":"CAMPGROUND","agency":"USDA Forest Service","managing_org_code":"010304","operated_by":null,"status":"OPEN","status_reason":null,"description":"Magruder Crossing Campground features 6 campsites on the Selway River, and a vault toilet. Site will accept RVs or trailers to 30. Stock can be kept in this campground. This was the crossing on a route established for commerce between Lewiston and Virginia City, MT during the gold rush. To the north of the campground, an earlier route, Southern Nez Perce Trail, crosses the road.","capacity":75,"max_people":null,"fee_charged":"No","fee_type":null,"fee_description":"No fees are required for this site","open_season":null,"season_description":null,"operational_hours":null,"usage_level":"Light","water":"No, drinking water is not provided","restrooms":"Vault Toilet(s)","pack_in_out":"Yes","permits":null,"passes":null,"restrictions":"Camping limited to 16 consecutive days.","important_info":null,"closest_towns":"Darby, MT","directions":"From Darby, MT travel 4.3 miles south on Highway 93.  Turn southwest (right) onto West Fork Rd/County Road 473.  Go approximately 14 miles and turn west (right) onto Nez Perce Rd FS 468.  Follow for 37 miles.","recreation_gov_url":null,"usfs_url":"https://www.fs.usda.gov/recarea/bitterroot/recarea/?recid=60616","minimum_elevation":null,"maximum_elevation":null,"source_updated":"2025-12-22"}},{"type":"Feature","geometry":{"type":"Point","coordinates":[-115.2167128,43.608806]},"properties":{"id":"usfs-camp:5048.003221","name":"Abbott Campground","camp_type":"Developed campground","site_type":"CAMPGROUND","agency":"USDA Forest Service","managing_org_code":"041405","operated_by":"US Forest Service","status":"OPEN","status_reason":null,"description":"Abbott Campground is a primitive non-reservation campground composed of 7 units located on the South Fork of the Boise River. Campground amenities include picnic tables, fire rings and restrooms. Tubing, and fishing are popular activities. There is a footbridge located on the west end of the camp area that crosses the river and accesses the Abbot Gulch area.","capacity":88,"max_people":null,"fee_charged":"Yes","fee_type":"EXPANDED AMENITY FEE","fee_description":"Overnight Use:\nSingle Site: $6 per night\nDouble Site: $12 per night","open_season":"May 20 - October 31","season_description":null,"operational_hours":"Standard operating season is May - October but can be seasonally dependent.","usage_level":null,"water":"No water is available","restrooms":"Vault toilet(s)","pack_in_out":"No","permits":null,"passes":"Y","restrictions":null,"important_info":null,"closest_towns":"Featherville, ID and Fairfield, ID","directions":"From Highway 20, travel north on Forest Highway 61 (Pine-Featherville Road) approximately 30 miles to the town of Featherville.  From there, travel east on Forest Road 227 approximately 2 miles to Abbott Campground.","recreation_gov_url":null,"usfs_url":"https://www.fs.usda.gov/recarea/sawtooth/recreation/recarea/?recid=5981","minimum_elevation":"4,586 feet","maximum_elevation":null,"source_updated":"2026-08-06"}},{"type":"Feature","geometry":{"type":"Point","coordinates":[-113.1806726,44.6720433]},"properties":{"id":"usfs-camp:5142.003191","name":"Hawley Creek, Upper Campground","camp_type":"Developed campground","site_type":"CAMPGROUND","agency":"USDA Forest Service","managing_org_code":"041308","operated_by":"US Forest Service","status":"OPEN","status_reason":null,"description":"The upper campground has 6 campsites with picnic tables and fire rings, and also has vault toilets but no potable water. Fishing nearby in Hawley Creek, and in the reservoir. The Hawley Creek Trail is less than 2 miles long, but is rather difficult, gaining over 1000 feet in elevation over the distance. Motorized vehicles (ATVs, motorcycles), are allowed on the trail, but not off trail. There is a spur trail to the Continental Divide National Scenic Trail. The trail opens up into grasslands toward the top.","capacity":10,"max_people":null,"fee_charged":"No","fee_type":null,"fee_description":"No fees are required for this site","open_season":null,"season_description":null,"operational_hours":"Open 24 hours/day","usage_level":null,"water":"Yes, drinking water is available from a hand pump","restrooms":"Vault toilet(s)","pack_in_out":"Yes","permits":null,"passes":null,"restrictions":null,"important_info":null,"closest_towns":"Leadore, Idaho","directions":"The Hawley Creek Campground is 8 miles southeast of Leadore. Follow Highway 29 east of Leadore, 1 and 1/4 mile, turn right on the county dirt road and go 6 miles to the junction, Forest Service Road #275. Follow road 4 and 1/2 miles east up Hawley Creek to Hawley Creek Upper Campground on the right.","recreation_gov_url":null,"usfs_url":"https://www.fs.usda.gov/recarea/scnf/recarea/?recid=76074","minimum_elevation":null,"maximum_elevation":null,"source_updated":"2025-07-31"}},{"type":"Feature","geometry":{"type":"Point","coordinates":[-115.3092914,46.3421883]},"properties":{"id":"usfs-camp:5224.000411","name":"Wilderness Gateway Campground","camp_type":"Developed campground","site_type":"CAMPGROUND","agency":"USDA Forest Service","managing_org_code":"011755","operated_by":null,"status":"OPEN","status_reason":null,"description":"Wilderness Gateway Campground provides direct access to the Wild and Scenic Lochsa River. Visitors enjoy a variety of recreational opportunities, including world famous whitewater rafting. Hiking and horseback riding trails abound in the nearby Selway-Bitterroot Wilderness area, which is the 3rd-largest in the lower 48 United States. This large and unique campground offers respite for a variety of campers, including those with horses, horse trailers and RVs.","capacity":765,"max_people":null,"fee_charged":"Yes","fee_type":"EXPANDED AMENITY FEE","fee_description":"Overnight Use:\nSingle Site: $14 per night\nExtra Vehicle Fee: $2 per vehicle","open_season":null,"season_description":null,"operational_hours":null,"usage_level":null,"water":null,"restrooms":null,"pack_in_out":"No","permits":null,"passes":"Interagency Senior/Access Recreation Passes provide a 50% discount to Single Campsites ONLY. *The discount applies only to the fee for the campsite physically occupied by the pass holder, not to any additional fee or campsite(s) occupied by members of the pass holder's party.* https://store.usgs.gov/recreational-passes Please be prepared to pay with CASH or CHECK. *Sites may be reservable and reservation fees apply.*","restrictions":null,"important_info":null,"closest_towns":null,"directions":null,"recreation_gov_url":"https://www.recreation.gov/camping/campgrounds/232326","usfs_url":null,"minimum_elevation":null,"maximum_elevation":null,"source_updated":"2026-08-06"}},{"type":"Feature","geometry":{"type":"Point","coordinates":[-115.9462932,44.9231632]},"properties":{"id":"usfs-camp:5037.003141","name":"Lake Fork Campground","camp_type":"Developed campground","site_type":"CAMPGROUND","agency":"USDA Forest Service","managing_org_code":"041204","operated_by":"US Forest Service","status":"OPEN","status_reason":null,"description":"Nine sites in wooded terrain along the East Fork of Lake Fork Creek at 5,300'. Each site comes equipped with a picnic table, fire pit, and charcoal grill. There is typically potable water available on-site. All sites are available on a first-come, first-serve basis. There are no hookups or trash receptacles. Please pack out your trash.","capacity":55,"max_people":null,"fee_charged":"Yes","fee_type":"EXPANDED AMENITY FEE","fee_description":"Overnight Use:\nSingle Site: $10 per night\nDouble Site: $15 per night","open_season":null,"season_description":null,"operational_hours":"Check in: 2:00 p.m.; Check-out: 12:00 p.m.","usage_level":null,"water":"Yes, drinking water is available from a hand pump","restrooms":"Vault toilet(s)","pack_in_out":"Yes","permits":null,"passes":"Interagency Senior/Access Recreation Passes provide a 50% discount to Single Campsites ONLY. *The discount applies only to the fee for the campsite physically occupied by the pass holder, not to any additional fee or campsite(s) occupied by members of the pass holder's party.* https://store.usgs.gov/recreational-passes Please be prepared to pay with CASH or CHECK. *Sites may be reservable and reservation fees apply.*","restrictions":null,"important_info":null,"closest_towns":"McCall, ID","directions":"Nine miles east of McCall via Lick Creek Road #48.","recreation_gov_url":null,"usfs_url":"https://www.fs.usda.gov/recarea/payette/recarea/?recid=26929","minimum_elevation":"5,600 feet","maximum_elevation":null,"source_updated":"2026-08-06"}},{"type":"Feature","geometry":{"type":"Point","coordinates":[-115.3037828,43.527956]},"properties":{"id":"usfs-camp:5286.002731","name":"Dog Creek Campground","camp_type":"Developed campground","site_type":"CAMPGROUND","agency":"USDA Forest Service","managing_org_code":"040201","operated_by":"US Forest Service","status":"OPEN","status_reason":null,"description":"Dog Creek Campground is located on the banks of Dog Creek, at the foot of the Trinity Mountain Range. It is four miles from the town of Pine, in south-central Idaho. Visitors enjoy fishing, swimming and exploring local trails.","capacity":118,"max_people":null,"fee_charged":"Yes","fee_type":"EXPANDED AMENITY FEE","fee_description":"Overnight Use:\nSingle Site: $10 per night\nDouble Site: $20 per night","open_season":null,"season_description":null,"operational_hours":"End of May - End of September Unless closed by snow","usage_level":null,"water":"Yes, drinking water is available from faucets","restrooms":"Vault toilet(s)","pack_in_out":"No","permits":null,"passes":"Interagency Senior/Access Recreation Passes provide a 50% discount to Single Campsites ONLY. *The discount applies only to the fee for the campsite physically occupied by the pass holder, not to any additional fee or campsite(s) occupied by members of the pass holder's party.* https://store.usgs.gov/recreational-passes Please be prepared to pay with CASH or CHECK. *Sites may be reservable and reservation fees apply.*","restrictions":null,"important_info":null,"closest_towns":"Mountain Home, ID","directions":"From Mountain Home travel north on Hwy 20 for 35 miles turn left onto Hwy 61 for 23 miles.","recreation_gov_url":"https://www.recreation.gov/camping/campgrounds/232217","usfs_url":"www.fs.usda.gov/recarea/asnf/recreation/recarea/?recid=5092","minimum_elevation":"4,400 feet","maximum_elevation":null,"source_updated":"2026-08-06"}},{"type":"Feature","geometry":{"type":"Point","coordinates":[-113.6211623,42.3269061]},"properties":{"id":"usfs-camp:5050.003221","name":"Thompson Flat Campground","camp_type":"Group campground","site_type":"GROUP CAMPGROUND","agency":"USDA Forest Service","managing_org_code":"041401","operated_by":"US Forest Service","status":"OPEN","status_reason":null,"description":"Thompson Flat Campground is located high in the Albion Mountain Range of southern Idaho, near the towns of Declo and Albion. Visitors enjoy the area for its abundant trails, alpine lakes and scenic beauty.","capacity":265,"max_people":null,"fee_charged":"Yes","fee_type":"EXPANDED AMENITY FEE","fee_description":"Overnight Use:\nSingle Site: $8 per night\nGroup Site: $50 per night","open_season":null,"season_description":null,"operational_hours":null,"usage_level":null,"water":null,"restrooms":"Vault toilet(s)","pack_in_out":"Yes","permits":null,"passes":"Interagency Senior/Access Recreation Passes provide a 50% discount to Single Campsites ONLY. *The discount applies only to the fee for the campsite physically occupied by the pass holder, not to any additional fee or campsite(s) occupied by members of the pass holder's party.* https://store.usgs.gov/recreational-passes Please be prepared to pay with CASH or CHECK. *Sites may be reservable and reservation fees apply.*","restrictions":null,"important_info":null,"closest_towns":"Albion, ID","directions":"From Albion, go east and south for 5.6 miles on ID 77, then 7.9 miles west on Forest Road #549 aka Howell Canyon Road.","recreation_gov_url":"https://www.recreation.gov/camping/campgrounds/234192","usfs_url":"https://www.fs.usda.gov/recarea/sawtooth/recreation/recarea/?recid=5788","minimum_elevation":null,"maximum_elevation":null,"source_updated":"2026-08-06"}},{"type":"Feature","geometry":{"type":"Point","coordinates":[-114.6861913,46.5078223]},"properties":{"id":"usfs-camp:5256.000411","name":"White Sand Campground","camp_type":"Developed campground","site_type":"CAMPGROUND","agency":"USDA Forest Service","managing_org_code":"011755","operated_by":"US Forest Service","status":"OPEN","status_reason":null,"description":"59 miles southwest of Missoula, Montana, White Sand Campground is found between the Elk Summit Road and Lochsa River adjacent to White Sand Pond. The campground is underneath a stand of mixed conifers and shrubs. The campground consists of one loop with seven sites and offers picnic tables and fire rings. A day use area located adjacent to the pond is popular for fishing and picnicking.","capacity":55,"max_people":null,"fee_charged":"Yes","fee_type":"EXPANDED AMENITY FEE","fee_description":"Overnight Use:\nSingle Site: $14 per night\nAdditional Vehicle Fee: $2 per night","open_season":null,"season_description":null,"operational_hours":"Open 24 hours/day","usage_level":null,"water":"No drinking water is available","restrooms":"Vault toilet(s)","pack_in_out":"No","permits":null,"passes":"Interagency Senior/Access Recreation Passes provide a 50% discount to Single Campsites ONLY. *The discount applies only to the fee for the campsite physically occupied by the pass holder, not to any additional fee or campsite(s) occupied by members of the pass holder's party.* https://store.usgs.gov/recreational-passes Please be prepared to pay with CASH or CHECK. *Sites may be reservable and reservation fees apply.*","restrictions":null,"important_info":null,"closest_towns":"Lolo, MT","directions":"White Sand Campground is located one mile down the Elk Summit Road #111 after turning off US Highway 12 at about mile marker 164. The turn-off for this well-maintained gravel road is located 59 miles southwest of Missoula, Montana. This junction is two miles east of the road to Powell Ranger Station. White Sand Campground is located between the Elk Summit road and Lochsa River adjacent to White Sand Pond.","recreation_gov_url":null,"usfs_url":"https://www.fs.usda.gov/recarea/nezperceclearwater/recarea/?recid=80159","minimum_elevation":null,"maximum_elevation":null,"source_updated":"2026-08-06"}},{"type":"Feature","geometry":{"type":"Point","coordinates":[-113.7907957,44.6308873]},"properties":{"id":"usfs-camp:5003.002901","name":"Morse Creek Campground","camp_type":"Developed campground","site_type":"CAMPGROUND","agency":"USDA Forest Service","managing_org_code":"041302","operated_by":"US Forest Service","status":"OPEN","status_reason":null,"description":"Three primitive campsites with picnic tables and fire rings along Morse Creek. The campground amenities include a vault toilet. No garbage service or drinking water are on site. Nearby activities include fishing for trout and hiking.","capacity":15,"max_people":null,"fee_charged":"Yes","fee_type":"EXPANDED AMENITY FEE","fee_description":"No fees are required for this site","open_season":null,"season_description":null,"operational_hours":"Open 24 hours/day","usage_level":null,"water":"No water is available","restrooms":"Vault toilet(s)","pack_in_out":"Yes","permits":null,"passes":null,"restrictions":null,"important_info":null,"closest_towns":"May, Idaho","directions":"From Challis, Idaho travel approximately 17 miles north on Highway 93 to Ellis. Turn right onto Pahsimeroi River Rd and travel approximately 10 miles. Turn left onto FS Rd #40094/Morse Creek Rd. Campground is at the end of this road, approximately 7 miles.","recreation_gov_url":null,"usfs_url":"https://www.fs.usda.gov/recarea/scnf/recarea?recid=76036","minimum_elevation":null,"maximum_elevation":null,"source_updated":"2026-08-06"}},{"type":"Feature","geometry":{"type":"Point","coordinates":[-114.3990928,44.4106322]},"properties":{"id":"usfs-camp:10435010540","name":"Big Bayhorse Campground","camp_type":"Developed campground","site_type":"CAMPGROUND","agency":"USDA Forest Service","managing_org_code":"041302","operated_by":"US Forest Service","status":"OPEN","status_reason":null,"description":"A beautiful high mountain lake is the setting for this out of the way campground. Plenty of fishing in lake and streams. Good hiking and ATV trail access. Campsite facilities include picnic tables and fire rings with cooking grills. Within the campground there are vault toilets and a day use picnic area. On Bayhorse Lake campers will find a boat launch and two boat docks for use by non-motorized watercraft. This dirt road is narrow and steep and while trailers are allowed, caution is advised; best fit for trailers and motorhomes less than 32 feet long. No drinking water is on site, and please pack out your trash.","capacity":55,"max_people":null,"fee_charged":"Yes","fee_type":"EXPANDED AMENITY FEE","fee_description":"No fees are required for this site","open_season":null,"season_description":null,"operational_hours":"Open 24 hours/day","usage_level":null,"water":"No water is available","restrooms":"Vault toilet(s)","pack_in_out":"Yes","permits":null,"passes":null,"restrictions":null,"important_info":null,"closest_towns":"Challis, Idaho","directions":"From Challis, Idaho go approximately six miles east on Highway 75, turn right onto Forest Road #051 (at sign), and continue upward and onward 7 miles to Big Bayhorse Lake. This dirt road is narrow and steep.","recreation_gov_url":null,"usfs_url":"https://www.fs.usda.gov/recarea/scnf/recarea?recid=76030","minimum_elevation":null,"maximum_elevation":null,"source_updated":"2026-08-06"}},{"type":"Feature","geometry":{"type":"Point","coordinates":[-116.4204574,45.5324161]},"properties":{"id":"usfs-camp:251631010602","name":"Iron Phone Junction Campground","camp_type":"Developed campground","site_type":"CAMPGROUND","agency":"USDA Forest Service","managing_org_code":"011701","operated_by":"US Forest Service","status":"OPEN","status_reason":null,"description":"This area has four campsites with fire rings, hitching rails, and no feed bunks provided.","capacity":20,"max_people":null,"fee_charged":"No","fee_type":null,"fee_description":"No fees are required for this site","open_season":null,"season_description":null,"operational_hours":"Open 24 hours/day","usage_level":null,"water":"No drinking water is available","restrooms":"Vault toilet(s)","pack_in_out":"Yes","permits":null,"passes":null,"restrictions":null,"important_info":null,"closest_towns":"Riggins, ID","directions":"North of Riggins, Idaho turn west on Road #241. Follow Road #241 approximately 11 miles to Iron Phone Junction.","recreation_gov_url":null,"usfs_url":"https://www.fs.usda.gov/recarea/nezperceclearwater/recarea/?recid=16802","minimum_elevation":null,"maximum_elevation":null,"source_updated":"2025-07-31"}},{"type":"Feature","geometry":{"type":"Point","coordinates":[-115.867795,43.806259]},"properties":{"id":"usfs-camp:5296.002731","name":"Grayback Gulch Campground","camp_type":"Developed campground","site_type":"CAMPGROUND","agency":"USDA Forest Service","managing_org_code":"040203","operated_by":null,"status":"OPEN","status_reason":null,"description":"Grayback Campground is located 36 miles northeast of Boise, Idaho, just off scenic Highway 21. Historic Idaho City is just two miles north of the campground. Visitors enjoy fishing in Mores Creek and exploring the Grayback Gulch Trail.","capacity":120,"max_people":null,"fee_charged":"Yes","fee_type":"EXPANDED AMENITY FEE","fee_description":"Overnight Use:\nSingle Site: $15 per night\nDouble Site: $30 per night\nGroup Site: $100 per night","open_season":null,"season_description":null,"operational_hours":null,"usage_level":null,"water":"drinking water available","restrooms":"vault toilet(s)","pack_in_out":"No","permits":null,"passes":"Interagency Senior/Access Recreation Passes provide a 50% discount to Single Campsites ONLY. *The discount applies only to the fee for the campsite physically occupied by the pass holder, not to any additional fee or campsite(s) occupied by members of the pass holder's party.* https://store.usgs.gov/recreational-passes Please be prepared to pay with CASH or CHECK. *Sites may be reservable and reservation fees apply.*","restrictions":null,"important_info":null,"closest_towns":null,"directions":null,"recreation_gov_url":"https://www.recreation.gov/camping/campgrounds/231911","usfs_url":null,"minimum_elevation":null,"maximum_elevation":null,"source_updated":"2026-08-06"}},{"type":"Feature","geometry":{"type":"Point","coordinates":[-114.7188983,46.5107483]},"properties":{"id":"usfs-camp:5249.000411","name":"Powell Campground","camp_type":"Developed campground","site_type":"CAMPGROUND","agency":"USDA Forest Service","managing_org_code":"011755","operated_by":null,"status":"OPEN","status_reason":null,"description":"POWELL CAMPGROUND (Campground)","capacity":210,"max_people":null,"fee_charged":"Yes","fee_type":"EXPANDED AMENITY FEE","fee_description":"Overnight Use:\nSingle Site Non-electric: $14 per night\nSingle Site Electric: $20 per night\nExtra Vehicle Fee: $2 per vehicle","open_season":null,"season_description":null,"operational_hours":null,"usage_level":null,"water":null,"restrooms":null,"pack_in_out":"No","permits":null,"passes":"Interagency Senior/Access Recreation Passes provide a 50% discount to Single Campsites ONLY. *The discount applies only to the fee for the campsite physically occupied by the pass holder, not to any additional fee or campsite(s) occupied by members of the pass holder's party.* https://store.usgs.gov/recreational-passes Please be prepared to pay with CASH or CHECK. *Sites may be reservable and reservation fees apply.*","restrictions":null,"important_info":null,"closest_towns":null,"directions":null,"recreation_gov_url":null,"usfs_url":null,"minimum_elevation":null,"maximum_elevation":null,"source_updated":"2026-08-06"}},{"type":"Feature","geometry":{"type":"Point","coordinates":[-111.2053955,43.57279]},"properties":{"id":"usfs-camp:5063.003281","name":"Pine Creek Campground","camp_type":"Developed campground","site_type":"CAMPGROUND","agency":"USDA Forest Service","managing_org_code":"041556","operated_by":"Concessionaire","status":"OPEN","status_reason":null,"description":"The Pine Creek Campground has 10 single units and restrooms","capacity":55,"max_people":null,"fee_charged":"Yes","fee_type":null,"fee_description":null,"open_season":null,"season_description":null,"operational_hours":"Open 24 hours/day","usage_level":null,"water":"No water is available","restrooms":"Vault toilet(s)","pack_in_out":"No","permits":null,"passes":null,"restrictions":null,"important_info":null,"closest_towns":"Victor, Idaho","directions":"From Victor, ID head west on Idaho State Highway 31 for 4 miles. Campground is on the left side of highway.","recreation_gov_url":null,"usfs_url":"https://www.fs.usda.gov/recarea/ctnf/recarea/?recid=54487","minimum_elevation":null,"maximum_elevation":null,"source_updated":"2025-04-09"}},{"type":"Feature","geometry":{"type":"Point","coordinates":[-114.2165639,45.1248833]},"properties":{"id":"usfs-camp:5377.003191","name":"Deep Creek Campground","camp_type":"Developed campground","site_type":"CAMPGROUND","agency":"USDA Forest Service","managing_org_code":"041301","operated_by":null,"status":"OPEN","status_reason":null,"description":"DEEP CREEK CAMPGROUND (Campground)","capacity":17,"max_people":null,"fee_charged":"No","fee_type":null,"fee_description":null,"open_season":null,"season_description":null,"operational_hours":null,"usage_level":null,"water":null,"restrooms":null,"pack_in_out":"Yes","permits":null,"passes":null,"restrictions":null,"important_info":null,"closest_towns":null,"directions":null,"recreation_gov_url":null,"usfs_url":null,"minimum_elevation":"4,909 feet","maximum_elevation":null,"source_updated":"2025-04-09"}},{"type":"Feature","geometry":{"type":"Point","coordinates":[-115.6148953,45.6399082]},"properties":{"id":"usfs-camp:5778.000961","name":"Orogrande Summit Campground","camp_type":"Developed campground","site_type":"CAMPGROUND","agency":"USDA Forest Service","managing_org_code":"011705","operated_by":"US Forest Service","status":"OPEN","status_reason":null,"description":"Orogrande Summit is a developed campground with camp pads, all dispersed throughout open timber. Expect to see alpine country with associated wildlife in this high-elevation campground on the route to Buffalo Hump. Wildhorse Lake is about two miles by road northwest of the site. This campground also serves as the trailhead for Columbia Ridge Trail #205.","capacity":25,"max_people":null,"fee_charged":"No","fee_type":null,"fee_description":"No fees are required for this site","open_season":null,"season_description":null,"operational_hours":"Open 24 hours/day","usage_level":null,"water":"No drinking water is available","restrooms":"Vault toilet(s)","pack_in_out":"Yes","permits":null,"passes":null,"restrictions":null,"important_info":null,"closest_towns":"Elk City, ID","directions":"From State Highway 14, turn south on Crooked River Road #233 and travel approximately 18.6 miles to the campsite which is located on a saddle on Columbia Ridge.","recreation_gov_url":null,"usfs_url":"https://www.fs.usda.gov/recarea/nezperceclearwater/recarea/?recid=16630","minimum_elevation":null,"maximum_elevation":null,"source_updated":"2025-07-31"}},{"type":"Feature","geometry":{"type":"Point","coordinates":[-116.6539063,44.939844]},"properties":{"id":"usfs-camp:5079.003141","name":"Lafferty Campground","camp_type":"Developed campground","site_type":"CAMPGROUND","agency":"USDA Forest Service","managing_org_code":"041201","operated_by":"US Forest Service","status":"OPEN","status_reason":null,"description":"Lafferty Campground has 8 campsites located along a small creek. It has a paved campground loop and is suitable for medium RVs. No hook-ups. The typical operating season for Lafferty Campground is mid-May through the end of September or early October.","capacity":40,"max_people":null,"fee_charged":"Yes","fee_type":"EXPANDED AMENITY FEE","fee_description":"Overnight Use:\nSingle Site: $10 per night","open_season":null,"season_description":null,"operational_hours":"Check in: 2:00 p.m.; Check-out: 11:00 a.m.","usage_level":null,"water":"Yes, drinking water is available from a hand pump","restrooms":"Vault toilet(s)","pack_in_out":"Yes","permits":null,"passes":"Interagency Senior/Access Recreation Passes provide a 50% discount to Single Campsites ONLY. *The discount applies only to the fee for the campsite physically occupied by the pass holder, not to any additional fee or campsite(s) occupied by members of the pass holder's party.* https://store.usgs.gov/recreational-passes Please be prepared to pay with CASH or CHECK. *Sites may be reservable and reservation fees apply.*","restrictions":null,"important_info":null,"closest_towns":"Council, ID","directions":"From Highway 95 in Council, Idaho, take the Council to Cuprum Road #002 (Hornet Ridge Road) twenty miles northwest to the campground.","recreation_gov_url":null,"usfs_url":"https://www.fs.usda.gov/recarea/payette/recarea/?recid=26937","minimum_elevation":"4,250 feet","maximum_elevation":null,"source_updated":"2026-08-06"}},{"type":"Feature","geometry":{"type":"Point","coordinates":[-115.1453889,44.3681831]},"properties":{"id":"usfs-camp:5407.003191","name":"Thatcher Creek Campground","camp_type":"Developed campground","site_type":"CAMPGROUND","agency":"USDA Forest Service","managing_org_code":"041302","operated_by":"US Forest Service","status":"OPEN","status_reason":null,"description":"This campground is just off Highway 21, and tucked back into the trees, overlooking beautiful Cape horn meadows. Walk across the street to overlook a marshy wetland, a hangout for breakfasting moose, elk, and a variety of birds. Each of the 5 sites is equipped with picnic tables and fire rings with cooking grills. The campground accommodates trailers and motorhomes up to 32 feet and has vault toilets and hand pumps for drinking water. No full hookups.","capacity":25,"max_people":null,"fee_charged":"Yes","fee_type":"EXPANDED AMENITY FEE","fee_description":"Overnight Use:\nSingle Site: $10 per night","open_season":null,"season_description":null,"operational_hours":"Open 24 hours/day","usage_level":null,"water":"Yes, drinking water is available from a hand pump","restrooms":"Vault toilet(s)","pack_in_out":"Yes","permits":null,"passes":"Interagency Senior/Access Recreation Passes provide a 50% discount to Single Campsites ONLY. *The discount applies only to the fee for the campsite physically occupied by the pass holder, not to any additional fee or campsite(s) occupied by members of the pass holder's party.* https://store.usgs.gov/recreational-passes Please be prepared to pay with CASH or CHECK. *Sites may be reservable and reservation fees apply.*","restrictions":null,"important_info":null,"closest_towns":"Stanley, Idaho","directions":"From Stanley, Idaho go 15 miles NW of Stanley on Highway 21, campground is on left/west side of highway.","recreation_gov_url":null,"usfs_url":"https://www.fs.usda.gov/recarea/scnf/recarea/?recid=76116","minimum_elevation":null,"maximum_elevation":null,"source_updated":"2026-08-06"}},{"type":"Feature","geometry":{"type":"Point","coordinates":[-115.9285004,45.8285762]},"properties":{"id":"usfs-camp:5002.000961","name":"Meadow Creek Campground","camp_type":"Developed campground","site_type":"CAMPGROUND","agency":"USDA Forest Service","managing_org_code":"011701","operated_by":"US Forest Service","status":"OPEN","status_reason":null,"description":"Meadow Creek Campground is located along the South Fork of the Clearwater River. The campground has 3 units with picnic tables and toilets.","capacity":15,"max_people":null,"fee_charged":"No","fee_type":null,"fee_description":"No fees are required for this site","open_season":null,"season_description":null,"operational_hours":"Open 24 hours/day","usage_level":null,"water":"No drinking water is available","restrooms":"Vault toilet(s)","pack_in_out":"Yes","permits":null,"passes":null,"restrictions":null,"important_info":null,"closest_towns":"Grangeville, ID","directions":"Meadow Creek Campground is 18 miles east of Grangeville on State Highway 14, located at milepost 15.\nFrom the east end of Grangeville, turn south on the Grangeville-Salmon Road (FSR 221) and turn left at the drive-in theater toward the small town of Mt. Idaho. Continue on the Mt. Idaho Grade, and junction with State Highway 14 headed toward Elk City.","recreation_gov_url":"https://www.recreation.gov/camping/campgrounds/234444","usfs_url":"https://www.fs.usda.gov/recarea/nezperceclearwater/recarea/?recid=16614","minimum_elevation":"2,300 feet","maximum_elevation":null,"source_updated":"2025-07-31"}},{"type":"Feature","geometry":{"type":"Point","coordinates":[-114.7833173,46.5106793]},"properties":{"id":"usfs-camp:5254.000411","name":"Wendover Campground","camp_type":"Developed campground","site_type":"CAMPGROUND","agency":"USDA Forest Service","managing_org_code":"011755","operated_by":"US Forest Service","status":"OPEN","status_reason":null,"description":"Wendover Campground is situated on stretch of land along the Wild and Scenic Lochsa River off the Northwest Passage Scenic Byway and All American Road (US Highway 12) at mile post 158.2. With 27 campsites all positioned within a mature, moss covered pine forest and centered around a small stream, this campground offers a serene spot for camping, picnicking, fishing, hiking, nature viewing and most importantly, relaxing.  Hosts are provided when campground is open.\nThe Campground will accommodate RV's up to 40-ft.","capacity":160,"max_people":null,"fee_charged":"Yes","fee_type":"EXPANDED AMENITY FEE","fee_description":"Overnight Use:\nSingle Site: $14 per night\nAdditional Vehicle Fee: $2 per night","open_season":null,"season_description":null,"operational_hours":"Open 24 hours/day","usage_level":null,"water":"Yes, drinking water is available from a hand pump","restrooms":"Vault toilet(s)","pack_in_out":"No","permits":null,"passes":"Interagency Senior/Access Recreation Passes provide a 50% discount to Single Campsites ONLY. *The discount applies only to the fee for the campsite physically occupied by the pass holder, not to any additional fee or campsite(s) occupied by members of the pass holder's party.* https://store.usgs.gov/recreational-passes Please be prepared to pay with CASH or CHECK. *Sites may be reservable and reservation fees apply.*","restrictions":null,"important_info":null,"closest_towns":"Lolo, MT","directions":"From Lolo, MT drive west on Hwy 12 for approximately 49 miles to the campground.","recreation_gov_url":null,"usfs_url":"https://www.fs.usda.gov/recarea/nezperceclearwater/recarea/?recid=80550","minimum_elevation":null,"maximum_elevation":null,"source_updated":"2026-08-06"}},{"type":"Feature","geometry":{"type":"Point","coordinates":[-112.7642024,42.2639392]},"properties":{"id":"usfs-camp:5010.002861","name":"Twin Springs Campground","camp_type":"Developed campground","site_type":"CAMPGROUND","agency":"USDA Forest Service","managing_org_code":"041557","operated_by":null,"status":"OPEN","status_reason":null,"description":"TWIN SPRINGS CAMPGROUND","capacity":55,"max_people":null,"fee_charged":"No","fee_type":null,"fee_description":"No fees are required for this site","open_season":null,"season_description":null,"operational_hours":null,"usage_level":null,"water":null,"restrooms":null,"pack_in_out":"Yes","permits":null,"passes":null,"restrictions":null,"important_info":null,"closest_towns":null,"directions":null,"recreation_gov_url":null,"usfs_url":null,"minimum_elevation":null,"maximum_elevation":null,"source_updated":"2025-12-22"}},{"type":"Feature","geometry":{"type":"Point","coordinates":[-115.3235231,45.1279582]},"properties":{"id":"usfs-camp:5101.003141","name":"Big Creek Campground","camp_type":"Developed campground","site_type":"CAMPGROUND","agency":"USDA Forest Service","managing_org_code":"041206","operated_by":"US Forest Service","status":"OPEN","status_reason":null,"description":"Located next to the Big Creek airstrip this four-unit campground offers a good staging place to access the Frank Church-River of No Return Wilderness. This small campground is popular with pilots camping overnight in Big Creek. The campground is near the Big Creek Work Station. Facilities include an accessible toilet and drinking water. Pack in/pack out. No hook-ups. Typical open season is early July through October.","capacity":20,"max_people":null,"fee_charged":"Yes","fee_type":"EXPANDED AMENITY FEE","fee_description":"Overnight Use:\nSingle Site: $10 per night","open_season":null,"season_description":null,"operational_hours":"Check in: 2:00 p.m.; Check-out: 11:00 a.m.","usage_level":null,"water":"Yes, drinking water is available from a hand pump","restrooms":"Vault toilet(s)","pack_in_out":"Yes","permits":null,"passes":"Interagency Senior/Access Recreation Passes provide a 50% discount to Single Campsites ONLY. *The discount applies only to the fee for the campsite physically occupied by the pass holder, not to any additional fee or campsite(s) occupied by members of the pass holder's party.* https://store.usgs.gov/recreational-passes Please be prepared to pay with CASH or CHECK. *Sites may be reservable and reservation fees apply.*","restrictions":null,"important_info":null,"closest_towns":"Yellow Pine, ID","directions":"Big Creek Campground is 86 miles northeast of McCall. From Yellow Pine, the drive is about an hour and a half, and while it is only 18 miles to Big Creek, the road is narrow and windy. Please drive with caution. From Yellow Pine, travel east on the East Fork Road (Forest Road 412), the Profile Gap Road (Forest Road 340), and Big Creek-Smith Creek Road (Forest Road 371).","recreation_gov_url":null,"usfs_url":"https://www.fs.usda.gov/recarea/payette/recarea/?recid=26961","minimum_elevation":"5,750 feet","maximum_elevation":null,"source_updated":"2026-08-06"}},{"type":"Feature","geometry":{"type":"Point","coordinates":[-113.9439576,43.7438202]},"properties":{"id":"usfs-camp:5009.002931","name":"Star Hope Campground","camp_type":"Developed campground","site_type":"CAMPGROUND","agency":"USDA Forest Service","managing_org_code":"041304","operated_by":null,"status":"OPEN","status_reason":null,"description":"STAR HOPE CAMPGROUND (Campground)","capacity":135,"max_people":null,"fee_charged":"Yes","fee_type":"EXPANDED AMENITY FEE","fee_description":null,"open_season":null,"season_description":null,"operational_hours":null,"usage_level":null,"water":null,"restrooms":null,"pack_in_out":"Yes","permits":null,"passes":null,"restrictions":null,"important_info":null,"closest_towns":null,"directions":null,"recreation_gov_url":null,"usfs_url":null,"minimum_elevation":null,"maximum_elevation":null,"source_updated":"2026-08-06"}},{"type":"Feature","geometry":{"type":"Point","coordinates":[-116.8795482,48.7689263]},"properties":{"id":"usfs-camp:5856.000331","name":"Plowboy Campground","camp_type":"Developed campground","site_type":"CAMPGROUND","agency":"USDA Forest Service","managing_org_code":"010408","operated_by":"US Forest Service","status":"OPEN","status_reason":null,"description":"Plowboy Campground is located on the southwest shores of Upper Priest Lake, with majestic views of the Selkirk Crest. Five campsites are furnished with fire rings, picnic tables, and bear-proof storage boxes. Plowboy is easily accessed by boat or by the Navigation Trail. Please note that this campground has a Pack It In, Pack It Out policy on all garbage.","capacity":25,"max_people":null,"fee_charged":"Yes","fee_type":"EXPANDED AMENITY FEE","fee_description":"Overnight Use Single Site: $15 per night","open_season":"June","season_description":null,"operational_hours":"Open 24 hours/day","usage_level":null,"water":"No drinking water is available","restrooms":"Vault toilet(s)","pack_in_out":"Yes","permits":null,"passes":null,"restrictions":"Pets must be leashed at all times; leash no longer than 6 feet. No glass bottles are allowed on beach.No bathing or washing dishes in the lake.Quiet hours are from 10 p.m. through 6 a.m.No fireworks.14 days camping limit.Maximum of 8 people per site.Camps","important_info":null,"closest_towns":"Priest River, Idaho","directions":"Southeast end of Upper Priest Lake, accessible by boat or hiking in via the Navigation Trail.","recreation_gov_url":null,"usfs_url":"https://www.fs.usda.gov/recarea/ipnf/recarea/?recid=6774","minimum_elevation":"2,520 feet","maximum_elevation":null,"source_updated":"2025-12-22"}},{"type":"Feature","geometry":{"type":"Point","coordinates":[-116.2640141,48.7787863]},"properties":{"id":"usfs-camp:5008.000331","name":"Smith Lake Campground","camp_type":"Developed campground","site_type":"CAMPGROUND","agency":"USDA Forest Service","managing_org_code":"010407","operated_by":"US Forest Service","status":"OPEN","status_reason":null,"description":"Smith Lake Campground features 7 camp units, drinking water, vault toilets, a boat ramp, and a day use area with 3 picnic units.","capacity":35,"max_people":null,"fee_charged":"No","fee_type":null,"fee_description":"No fees are required for this site","open_season":"Mid to Late June","season_description":null,"operational_hours":"Open 24 hours/day","usage_level":null,"water":"Yes, drinking water is available from a hand pump","restrooms":"Vault toilet(s)","pack_in_out":"Yes","permits":null,"passes":null,"restrictions":null,"important_info":null,"closest_towns":"Bonners Ferry, Idaho","directions":"Travel north on US 95 from Bonners Ferry, Idaho to the junction with US 2. Continue north on US 95 for 2.2 miles then turn east on the Smith Lake Road (County Road #36) for 2.3 miles to the lake and campground.","recreation_gov_url":null,"usfs_url":"https://www.fs.usda.gov/recarea/ipnf/recarea/?recid=6824","minimum_elevation":null,"maximum_elevation":null,"source_updated":"2026-04-14"}},{"type":"Feature","geometry":{"type":"Point","coordinates":[-114.6933128,44.2565062]},"properties":{"id":"usfs-camp:5106.003221","name":"Lower O'Brien Campground","camp_type":"Developed campground","site_type":"CAMPGROUND","agency":"USDA Forest Service","managing_org_code":"041404","operated_by":"US Forest Service","status":"OPEN","status_reason":null,"description":"Lower O'Brien Campground is composed of 10 campsites including 1 double-site on the Salmon River located in a lodgepole pine forest. All sites are first-come, first-serve. The Warm Springs Creek Trail is nearby. Visitors can fish for steelhead and trout or soak in the fabulous Sunbeam Hot Springs which maintains a temperature of 169 degrees Fahrenheit. You can adjust the temperature by moving rocks to allow river water to flow in.  A boat ramp at Yankee Fork is available for floating the river, which has 14 miles of Class III and IV rapids. An interesting trip is to explore the mining history of the area by touring the Land of the Yankee Fork north of the Sunbeam Dam and resort on Forest Road #013. Sunbeam Dam was the only dam ever built on the Salmon River, which remains one of the last free-flowing rivers in the west. The dam was intended to provide power to mining operations located on the Yankee Fork, but in 1911, the mine property was sold at a Sheriff`s auction and part of the dam was destroyed with dynamite in 1934.","capacity":74,"max_people":null,"fee_charged":"Yes","fee_type":null,"fee_description":null,"open_season":null,"season_description":null,"operational_hours":"June-September.","usage_level":null,"water":null,"restrooms":"Vault toilet(s)","pack_in_out":"No","permits":null,"passes":null,"restrictions":null,"important_info":null,"closest_towns":"Stanley, ID","directions":"From Stanley, go northeast 14 miles on ID 75, then turn south on Forest Road #454.  Proceed past Upper O'Brien Campground to Lower O'Brien.","recreation_gov_url":"https://www.recreation.gov/camping/campgrounds/10165430","usfs_url":"https://www.fs.usda.gov/recarea/sawtooth/recreation/recarea/?recid=5901","minimum_elevation":null,"maximum_elevation":null,"source_updated":"2026-08-06"}},{"type":"Feature","geometry":{"type":"Point","coordinates":[-111.5557178,42.3700183]},"properties":{"id":"usfs-camp:5024.002861","name":"Emigration Campground","camp_type":"Developed campground","site_type":"CAMPGROUND","agency":"USDA Forest Service","managing_org_code":"041553","operated_by":"Concessionaire","status":"OPEN","status_reason":null,"description":"Emigration Campground is located in 17 miles west of Montpelier, Idaho, just off State Highway 36 in Emigration Canyon. Visitors enjoy exploring the nearby Highline Trail and fishing on local streams.","capacity":265,"max_people":null,"fee_charged":"Yes","fee_type":"EXPANDED AMENITY FEE","fee_description":"Overnight Use:\nSingle Site: $17 per night\nDouble Site: $28 per night\nGroup Site: $67 - $87 per night\nAdditional Vehicle Fee: $5 per vehicle","open_season":null,"season_description":null,"operational_hours":"Open 24 hours/day","usage_level":null,"water":"Yes, drinking water is available from faucets","restrooms":"Vault toilet(s)","pack_in_out":"No","permits":null,"passes":"Interagency Senior/Access Recreation Passes provide a 50% discount to Single Campsites ONLY. *The discount applies only to the fee for the campsite physically occupied by the pass holder, not to any additional fee or campsite(s) occupied by members of the pass holder's party.* https://store.usgs.gov/recreational-passes Please be prepared to pay with CASH or CHECK. *Sites may be reservable and reservation fees apply.*","restrictions":null,"important_info":null,"closest_towns":"Montpelier, Idaho","directions":"Emigration Campground is located 17 miles west of Montpelier Idaho. Located on State Highway 36 in Emigration Canyon. From Montpelier drive west on US Highway 89 to Ovid, Idaho. At the Us 89 and State Highway 36 Junction take the right fork of the \"Y\" onto State Hwy. 36 Approximately 12 miles northwest on Hwy 36 is Emigration Campground. A left hand turn is required to enter campground","recreation_gov_url":"https://www.recreation.gov/camping/campgrounds/233856","usfs_url":"https://www.fs.usda.gov/recarea/ctnf/recarea/?recid=54033","minimum_elevation":null,"maximum_elevation":null,"source_updated":"2026-08-06"}},{"type":"Feature","geometry":{"type":"Point","coordinates":[-115.4328109,43.625872]},"properties":{"id":"usfs-camp:5338.002731","name":"Big Trinity Campground","camp_type":"Developed campground","site_type":"CAMPGROUND","agency":"USDA Forest Service","managing_org_code":"040201","operated_by":"US Forest Service","status":"OPEN","status_reason":null,"description":"Big Trinity Lake Campground is within the beautiful Trinity Recreation Area.  There are 17 campsites on Big Trinity Lake and there are more sites near the beautiful smaller lakes in Rainbow Basin","capacity":123,"max_people":null,"fee_charged":"Yes","fee_type":"EXPANDED AMENITY FEE","fee_description":"Overnight Use:\nSingle Site: $10 per night","open_season":null,"season_description":null,"operational_hours":"Mid July - End of September Unless closed by snow","usage_level":null,"water":"Yes, drinking water is available from a hand pump","restrooms":"Vault toilet(s)","pack_in_out":"Yes","permits":null,"passes":"Interagency Senior/Access Recreation Passes provide a 50% discount to Single Campsites ONLY. *The discount applies only to the fee for the campsite physically occupied by the pass holder, not to any additional fee or campsite(s) occupied by members of the pass holder's party.* https://store.usgs.gov/recreational-passes Please be prepared to pay with CASH or CHECK. *Sites may be reservable and reservation fees apply.*","restrictions":null,"important_info":null,"closest_towns":"Mountain Home, ID","directions":"From Boise, Idaho, travel east on Interstate 84 (I-84) to Mountain Home, Idaho. At the I-84 and State Highway 20 junction, take Highway 20 east for 35 miles to Pine/Featherville turnoff. Travel north on Forest Highway 61 for 29 miles to Forest Service (FS) road 172. Proceed 15 miles northwest to FS road 129. Continue 3 miles to the Guard Station junction. The roadway is paved up to the junction of FS road 172. FS road 172 is native material (dirt) and trailer traffic is not recommended. There are signs noting each of the junctions.","recreation_gov_url":null,"usfs_url":"www.fs.usda.gov/recarea/asnf/recreation/recarea/?recid=5089","minimum_elevation":null,"maximum_elevation":null,"source_updated":"2026-08-06"}},{"type":"Feature","geometry":{"type":"Point","coordinates":[-115.5555531,44.7472261]},"properties":{"id":"usfs-camp:5379.002731","name":"Trout Creek Campground","camp_type":"Developed campground","site_type":"CAMPGROUND","agency":"USDA Forest Service","managing_org_code":"040204","operated_by":null,"status":"OPEN","status_reason":null,"description":"TROUT CREEK CAMPGROUND (Campground)","capacity":25,"max_people":null,"fee_charged":"No","fee_type":null,"fee_description":null,"open_season":null,"season_description":null,"operational_hours":null,"usage_level":null,"water":null,"restrooms":"Vault Toilet","pack_in_out":"Yes","permits":null,"passes":null,"restrictions":null,"important_info":null,"closest_towns":null,"directions":null,"recreation_gov_url":null,"usfs_url":null,"minimum_elevation":"6,400 feet","maximum_elevation":null,"source_updated":"2025-12-22"}},{"type":"Feature","geometry":{"type":"Point","coordinates":[-113.6221123,42.3174061]},"properties":{"id":"usfs-camp:5063.003221","name":"Twin Lakes Campground","camp_type":"Horse camp","site_type":"HORSE CAMP","agency":"USDA Forest Service","managing_org_code":"041401","operated_by":"US Forest Service","status":"OPEN","status_reason":null,"description":"Twin Lakes Picnic and Campground is a fee, non-reservation campground that can accommodate 100 visitors. The area is suitable for tent camping. The area is accessible for a season that varies usually between July through October. Amenities include toilets, fire rings, and tables, and three horse corrals. Water is not available. The campground provides access to the Skyline (# 513). The Skyline Trail is 26.2 miles in length. The trail begins at the back of the campground and ends at the City of Rocks National Reserve. It offers some of the most beautiful vistas in southern Idaho.","capacity":105,"max_people":null,"fee_charged":"Yes","fee_type":"EXPANDED AMENITY FEE","fee_description":null,"open_season":null,"season_description":null,"operational_hours":null,"usage_level":null,"water":"No water is available","restrooms":"Vault toilet(s)","pack_in_out":"Yes","permits":null,"passes":null,"restrictions":null,"important_info":null,"closest_towns":"Albion, ID","directions":null,"recreation_gov_url":null,"usfs_url":"https://www.fs.usda.gov/recarea/sawtooth/recreation/recarea/?recid=5794","minimum_elevation":null,"maximum_elevation":null,"source_updated":"2026-08-06"}},{"type":"Feature","geometry":{"type":"Point","coordinates":[-113.4094176,44.3979713]},"properties":{"id":"usfs-camp:5010.002931","name":"Timber Creek Campground","camp_type":"Developed campground","site_type":"CAMPGROUND","agency":"USDA Forest Service","managing_org_code":"041304","operated_by":"US Forest Service","status":"OPEN","status_reason":null,"description":"The Timber Creek Campground has 12 camp units in a wooded setting, with two creeks flowing on either side of it.   There is also one accessible vault toilet, a horse hitch rail and unloading ramp. Nearby areas of interest include Mill Creek Lake, and Timber Creek ATV trail.","capacity":60,"max_people":null,"fee_charged":"Yes","fee_type":"EXPANDED AMENITY FEE","fee_description":"Overnight Use:\nSingle Site: $5 per night","open_season":null,"season_description":null,"operational_hours":"Open 24 hours/day","usage_level":null,"water":"No drinking water is available","restrooms":"Vault toilet(s)","pack_in_out":"Yes","permits":null,"passes":"Interagency Senior/Access Recreation Passes provide a 50% discount to Single Campsites ONLY. *The discount applies only to the fee for the campsite physically occupied by the pass holder, not to any additional fee or campsite(s) occupied by members of the pass holder's party.* https://store.usgs.gov/recreational-passes Please be prepared to pay with CASH or CHECK. *Sites may be reservable and reservation fees apply.*","restrictions":null,"important_info":null,"closest_towns":"Mackay, Idaho","directions":"From Mackay, ID take US Highway 93 south of Mackay 7 miles to the Pass Creek Road. Turn left on the Pass Creek Road. Follow this road 28 miles to the Little Lost/Pahsimeroi Road. Turn left on the Little Lost/Pahsimeroi Road. Follow this road 0.2 miles to the Sawmill Canyon Road. Turn right on the Sawmill Canyon Road and follow this road to the Timber Creek Road. Turn left on the Timber Creek Road and follow this road to the Timber Creek Campground Road. Turn left on this road and follow it to the campground.","recreation_gov_url":null,"usfs_url":"https://www.fs.usda.gov/recarea/scnf/recarea/?recid=76050","minimum_elevation":null,"maximum_elevation":null,"source_updated":"2026-08-06"}},{"type":"Feature","geometry":{"type":"Point","coordinates":[-114.5573134,43.785013]},"properties":{"id":"usfs-camp:5707.003221","name":"Baker Creek Campground","camp_type":"Developed campground","site_type":"CAMPGROUND","agency":"USDA Forest Service","managing_org_code":"041404","operated_by":"US Forest Service","status":"OPEN","status_reason":null,"description":"BAKER CREEK CAMPING AREA","capacity":0,"max_people":null,"fee_charged":"No","fee_type":null,"fee_description":"No fees are required for this site","open_season":null,"season_description":null,"operational_hours":null,"usage_level":null,"water":null,"restrooms":"Vault toilet(s)","pack_in_out":"No","permits":null,"passes":null,"restrictions":null,"important_info":null,"closest_towns":"Ketchum, ID","directions":null,"recreation_gov_url":null,"usfs_url":"https://www.fs.usda.gov/recarea/sawtooth/recreation/recarea/?recid=5859","minimum_elevation":null,"maximum_elevation":null,"source_updated":"2025-07-31"}},{"type":"Feature","geometry":{"type":"Point","coordinates":[-115.1048828,43.8140861]},"properties":{"id":"usfs-camp:5301.002731","name":"Powerplant Campground","camp_type":"Developed campground","site_type":"CAMPGROUND","agency":"USDA Forest Service","managing_org_code":"040203","operated_by":null,"status":"OPEN","status_reason":null,"description":"The Power Plant Campground is near Atlanta, Idaho. A trailhead offers access to the Sawtooth Wilderness, heading northeast into a lake-filled basin. The historic mining town of Atlanta is just south of the campground. Good fishing in the river for rainbow trout and whitefish.","capacity":120,"max_people":null,"fee_charged":"Yes","fee_type":"EXPANDED AMENITY FEE","fee_description":"Overnight Use:\nSingle Site: $15 per night","open_season":null,"season_description":null,"operational_hours":"Mid May - Mid October","usage_level":null,"water":"Yes, drinking water is available from a hand pump","restrooms":"Vault toilet(s)","pack_in_out":"Yes","permits":null,"passes":"Interagency Senior/Access Recreation Passes provide a 50% discount to Single Campsites ONLY. *The discount applies only to the fee for the campsite physically occupied by the pass holder, not to any additional fee or campsite(s) occupied by members of the pass holder's party.* https://store.usgs.gov/recreational-passes Please be prepared to pay with CASH or CHECK. *Sites may be reservable and reservation fees apply.*","restrictions":null,"important_info":null,"closest_towns":"Idaho City, ID","directions":"From Boise, Idaho, travel State Highway 21 north to the turnoff of the Arrowrock Reservoir. Travel along Forest Service (FS) Road 268 (Middle Fork Boise River Road) east approximately 69 miles. This is a long drive, you will travel past the Arrowrock Dam and several other campgrounds before arriving at Powerplant Campground.  The FS Road 268 is very narrow and may be rough. Use caution when driving to your site.  Allow plenty of time","recreation_gov_url":null,"usfs_url":"www.fs.usda.gov/recarea/asnf/recreation/recarea/?recid=5178","minimum_elevation":null,"maximum_elevation":null,"source_updated":"2026-08-06"}},{"type":"Feature","geometry":{"type":"Point","coordinates":[-116.4370683,44.950332]},"properties":{"id":"usfs-camp:5031.003141","name":"Cold Springs Campground","camp_type":"Developed campground","site_type":"CAMPGROUND","agency":"USDA Forest Service","managing_org_code":"041204","operated_by":"US Forest Service","status":"OPEN","status_reason":null,"description":"Cold Springs Campground is located near Lost Valley Reservoir, just 10 miles from New Meadows, Idaho. Visitors enjoy boating, fishing and swimming.","capacity":220,"max_people":null,"fee_charged":"Yes","fee_type":"EXPANDED AMENITY FEE","fee_description":"Overnight Use:\nSingle Site: $10 per night\nDouble Site: $15 per night","open_season":null,"season_description":null,"operational_hours":"Check in: 2:00 p.m.; Check-out: 12:00 p.m.","usage_level":null,"water":"Yes, drinking water is available from a hand pump","restrooms":"Vault toilet(s)","pack_in_out":"Yes","permits":null,"passes":"Interagency Senior/Access Recreation Passes provide a 50% discount to Single Campsites ONLY. *The discount applies only to the fee for the campsite physically occupied by the pass holder, not to any additional fee or campsite(s) occupied by members of the pass holder's party.* https://store.usgs.gov/recreational-passes Please be prepared to pay with CASH or CHECK. *Sites may be reservable and reservation fees apply.*","restrictions":null,"important_info":null,"closest_towns":"New Meadows, ID","directions":"From New Meadows, head south on Highway 95 for 8 miles. Turn west on Forest Road #089 at the Pine Ridge Store junction. Follow this improved gravel road for approximately three miles to the campground. Lost Valley Reservoir is a mile up the road from the campground.","recreation_gov_url":"https://www.recreation.gov/camping/campgrounds/234028","usfs_url":"https://www.fs.usda.gov/recarea/payette/recarea/?recid=26879","minimum_elevation":"4,850 feet","maximum_elevation":null,"source_updated":"2026-08-06"}},{"type":"Feature","geometry":{"type":"Point","coordinates":[-116.1742731,44.334566]},"properties":{"id":"usfs-camp:5273.002731","name":"Sage Hen Creek Campground","camp_type":"Developed campground","site_type":"CAMPGROUND","agency":"USDA Forest Service","managing_org_code":"040206","operated_by":null,"status":"OPEN","status_reason":null,"description":"Sagehen Creek Campground is located on the shores of the scenic Sagehen Reservoir at an elevation of 4997 feet. Visitors enjoy boating, fishing, exploring Joe's Creek Trail, as well as utilizing the non-motorized Sagehen Reservoir Trail.","capacity":75,"max_people":null,"fee_charged":"Yes","fee_type":null,"fee_description":null,"open_season":null,"season_description":null,"operational_hours":null,"usage_level":null,"water":"Handpump","restrooms":"Vault","pack_in_out":"Yes","permits":null,"passes":null,"restrictions":null,"important_info":null,"closest_towns":null,"directions":null,"recreation_gov_url":"https://www.recreation.gov/camping/campgrounds/232092","usfs_url":null,"minimum_elevation":null,"maximum_elevation":null,"source_updated":"2026-08-06"}},{"type":"Feature","geometry":{"type":"Point","coordinates":[-114.7083464,45.7141729]},"properties":{"id":"usfs-camp:5099.000271","name":"Deep Creek Campground","camp_type":"Developed campground","site_type":"CAMPGROUND","agency":"USDA Forest Service","managing_org_code":"010304","operated_by":null,"status":"OPEN","status_reason":null,"description":"Deep Creek Campground features 3 campsites complete with picnic tables, fire rings, and a vault toilet. Site will accept RVs or trailers to 30 feet. Stock can be kept in this campground.","capacity":30,"max_people":null,"fee_charged":"No","fee_type":null,"fee_description":"No fees are required for this site","open_season":null,"season_description":null,"operational_hours":null,"usage_level":"Light","water":"No, drinking water is not provided","restrooms":"Vault Toilet(s)","pack_in_out":"Yes","permits":null,"passes":null,"restrictions":"Camping limited to 16 consecutive days.","important_info":null,"closest_towns":"Darby, MT","directions":"From Darby, MT travel south 4.3 miles on Highway 93, turn south on the West Fork Road and proceed for approximately 14.3 miles.  Turn west on Forest Road 468, Nez Perce Road and travel for approximately  31 miles (Nez Perce Rd becomes Magruder Corridor) to the campground.","recreation_gov_url":null,"usfs_url":"https://www.fs.usda.gov/recarea/bitterroot/recarea/?recid=60490","minimum_elevation":"4,200 feet","maximum_elevation":null,"source_updated":"2025-07-31"}},{"type":"Feature","geometry":{"type":"Point","coordinates":[-114.5157459,45.3057767]},"properties":{"id":"usfs-camp:5152.003191","name":"Ebenezer Campground","camp_type":"Developed campground","site_type":"CAMPGROUND","agency":"USDA Forest Service","managing_org_code":"041307","operated_by":"US Forest Service","status":"OPEN","status_reason":null,"description":"11 campsites on the Wild & Scenic Salmon River. Fishing in the river for cutthroat and rainbow trout, steelhead and whitefish. Trailheads to the west and north of the campground access extensive trail systems, and loop trips can be planned, heading north and west or south and east.","capacity":165,"max_people":null,"fee_charged":"Yes","fee_type":"EXPANDED AMENITY FEE","fee_description":"Overnight Use:\nSingle Site: $5 per night","open_season":null,"season_description":null,"operational_hours":"Open 24 hours/day","usage_level":null,"water":"Yes, drinking water is available from a hand pump","restrooms":"Vault toilet(s)","pack_in_out":"Yes","permits":null,"passes":"Y","restrictions":null,"important_info":null,"closest_towns":"North Fork, Idaho","directions":"From North Fork, go about 30 miles west on Forest Road 030.","recreation_gov_url":null,"usfs_url":"https://www.fs.usda.gov/recarea/scnf/recarea/?recid=76084","minimum_elevation":null,"maximum_elevation":null,"source_updated":"2026-08-06"}},{"type":"Feature","geometry":{"type":"Point","coordinates":[-115.8601131,44.3591761]},"properties":{"id":"usfs-camp:5283.002731","name":"Boiling Springs Campground","camp_type":"Developed campground","site_type":"CAMPGROUND","agency":"USDA Forest Service","managing_org_code":"040206","operated_by":null,"status":"OPEN","status_reason":null,"description":"BOILING SPRINGS CAMPGROUND (Campground)","capacity":45,"max_people":null,"fee_charged":"Yes","fee_type":null,"fee_description":null,"open_season":null,"season_description":null,"operational_hours":null,"usage_level":null,"water":"Handpump","restrooms":"Vault","pack_in_out":"Yes","permits":null,"passes":null,"restrictions":null,"important_info":null,"closest_towns":null,"directions":null,"recreation_gov_url":null,"usfs_url":null,"minimum_elevation":null,"maximum_elevation":null,"source_updated":"2026-08-06"}},{"type":"Feature","geometry":{"type":"Point","coordinates":[-115.7040013,45.7614922]},"properties":{"id":"usfs-camp:260372010602","name":"Rainy Day","camp_type":"Developed campground","site_type":"CAMPGROUND","agency":"USDA Forest Service","managing_org_code":"011705","operated_by":null,"status":"OPEN","status_reason":null,"description":"RAINY DAY (Campground)","capacity":20,"max_people":null,"fee_charged":"No","fee_type":null,"fee_description":null,"open_season":null,"season_description":null,"operational_hours":null,"usage_level":null,"water":null,"restrooms":null,"pack_in_out":"Yes","permits":null,"passes":null,"restrictions":null,"important_info":null,"closest_towns":null,"directions":null,"recreation_gov_url":null,"usfs_url":null,"minimum_elevation":null,"maximum_elevation":null,"source_updated":"2026-02-23"}},{"type":"Feature","geometry":{"type":"Point","coordinates":[-111.2964122,44.4844065]},"properties":{"id":"usfs-camp:5047.003281","name":"Big Springs Snow Park Group Campground","camp_type":"Group campground","site_type":"GROUP CAMPGROUND","agency":"USDA Forest Service","managing_org_code":"041552","operated_by":"US Forest Service","status":"OPEN","status_reason":null,"description":"Big Springs Warming Hut is located 22 miles south of West Yellowstone, Monta in beautiful Island Park, Idaho at an approximate elevation of 6,300 feet. Visitors love Island Park for its world-class fishing and outstanding scenery and wildlife viewing opportunities.\ntural Features:\nIsland Park is composed of two areas of extinct volcanic activity. The Henry's Fork Caldera sits inside the larger Island Park Caldera.\nThe area is known for its dense forests of lodgepole pine, broad grassy meadows bursting with summer wildflowers and a wide variety of wildlife, including black and grizzly bears, moose, elk, deer, bald eagles, Sandhill cranes and much, much more.\nThe warming hut is surrounded by a forest of lodgepole pines. Grasses and summer wildflowers dot the landscape.\nFacilities: The warming hut can accommodate up to 200 people. It is fully enclosed and has a concrete floor. Several picnic tables are inside, along with a wood-burning stove for cool weather. Electrical outlets, overhead lighting, and firewood are provided inside the building. There are waterless restrooms adjacent to the warming hut that are available for users to this area.  Please do your part and pack out all garbage when you leave the warming hut/restroom!\nYellowstone and Grand Teton tiol Parks are within a short drive, offering additiol hiking and fishing, as well as outstanding scenery","capacity":200,"max_people":null,"fee_charged":"Yes","fee_type":"EXPANDED AMENITY FEE","fee_description":null,"open_season":null,"season_description":null,"operational_hours":"Day use only; no overnight camping allowed","usage_level":null,"water":"No water is available","restrooms":"Vault toilet(s)","pack_in_out":"No","permits":null,"passes":null,"restrictions":null,"important_info":null,"closest_towns":"Island Park, Idaho","directions":"From West Yellowstone, Monta, travel 22 miles south on Highway 20 to Mack's Inn. Turn east on Big Springs Loop Road and travel 2 miles to the warming hut access road. Turn south into the warming hut parking area.","recreation_gov_url":"https://www.recreation.gov/camping/campgrounds/233825","usfs_url":"https://www.fs.usda.gov/recarea/ctnf/recarea/?recid=80799","minimum_elevation":null,"maximum_elevation":null,"source_updated":"2026-08-06"}},{"type":"Feature","geometry":{"type":"Point","coordinates":[-115.6013165,46.5266763]},"properties":{"id":"usfs-camp:210201010602","name":"Joy Creek Camp","camp_type":"Developed campground","site_type":"CAMPGROUND","agency":"USDA Forest Service","managing_org_code":"011753","operated_by":null,"status":"OPEN","status_reason":null,"description":"JOY CREEK CAMP (Campground)","capacity":5,"max_people":null,"fee_charged":"No","fee_type":null,"fee_description":null,"open_season":null,"season_description":null,"operational_hours":null,"usage_level":null,"water":null,"restrooms":null,"pack_in_out":"Yes","permits":null,"passes":null,"restrictions":null,"important_info":null,"closest_towns":null,"directions":null,"recreation_gov_url":null,"usfs_url":null,"minimum_elevation":null,"maximum_elevation":null,"source_updated":"2025-12-22"}},{"type":"Feature","geometry":{"type":"Point","coordinates":[-115.707767,43.901174]},"properties":{"id":"usfs-camp:5280.002731","name":"Bad Bear Campground","camp_type":"Developed campground","site_type":"CAMPGROUND","agency":"USDA Forest Service","managing_org_code":"040203","operated_by":null,"status":"OPEN","status_reason":null,"description":"The Chinquapin Group Campground is located at the former site of the Camp Oregon Caves Civilian Conservation Corps (CCC) camp. During the Great Depression from 1933- 1941 the Camp Oregon Caves Civilian Conservation Corps (CCC) camp was home to over 200 men who worked on projects in the Siskiyou National Forest and the Oregon Caves National Monument. Today, the only structure currently remaining at the site is the historic Grayback Ranger Station, constructed by CCC crews around 1936 and located immediately adjacent to the Chinquapin Group Campground. The large Port- Orford cedar tree located near the back of the parking area was dedicated in 2011 as the 56th Oregon State Heritage Tree and is a living reminder of the Civilian Conservation Corps (CCC) and Camp Oregon Caves CCC camp. The large meadow at the Chinquapin Group Campground makes a great location for group events such as reunions, church camps, school field trips and scouting events. Water, picnic tables and fire rings are readily available at three locations in the campground and a restroom is located at the back of the parking area. Within a short walking distance there are swimming areas in Grayback Creek and creek side trails with meadows, marshes, spring wildflowers, wildlife and berry picking. No electricity is available at the Chinquapin Group Campground. Visitors can continue 10 miles east on Hwy 46 and visit Oregon Caves National Monument for a tour of one of the few marble caves in the world.","capacity":40,"max_people":null,"fee_charged":"Yes","fee_type":"EXPANDED AMENITY FEE","fee_description":"Overnight Use:\nSingle Site: $15 per night\nDouble Site: $30 per night","open_season":null,"season_description":null,"operational_hours":null,"usage_level":null,"water":"water available","restrooms":"vault toilet","pack_in_out":"No","permits":null,"passes":"Interagency Senior/Access Recreation Passes provide a 50% discount to Single Campsites ONLY. *The discount applies only to the fee for the campsite physically occupied by the pass holder, not to any additional fee or campsite(s) occupied by members of the pass holder's party.* https://store.usgs.gov/recreational-passes Please be prepared to pay with CASH or CHECK. *Sites may be reservable and reservation fees apply.*","restrictions":null,"important_info":null,"closest_towns":null,"directions":null,"recreation_gov_url":"https://www.recreation.gov/camping/campgrounds/233352","usfs_url":null,"minimum_elevation":null,"maximum_elevation":null,"source_updated":"2026-08-06"}},{"type":"Feature","geometry":{"type":"Point","coordinates":[-116.0144404,45.6321401]},"properties":{"id":"usfs-camp:5017.000961","name":"Rocky Bluff Campground","camp_type":"Developed campground","site_type":"CAMPGROUND","agency":"USDA Forest Service","managing_org_code":"011701","operated_by":"US Forest Service","status":"OPEN","status_reason":null,"description":"Located on the cusp of the magical and mysterious Gospel-Hump Wilderness, hikers, campers, anglers, hunters and families alike will find four campsites with parking, picnic tables, fire rings and a trailhead marking a trail which skirts the edge of the Wilderness. Campground area does not offer adequate room to maneuver towed trailers much longer than 15 feet, but pickup campers and mini motor homes would have little difficulty.  Nearby fishing opportunities in Slate Creek, together with many historical mining sites in the vicinity makes Rocky Bluff Campground a unique and fun destination.","capacity":20,"max_people":null,"fee_charged":"No","fee_type":null,"fee_description":"No fees are required for this site","open_season":null,"season_description":null,"operational_hours":"Open 24 hours/day","usage_level":null,"water":"No drinking water is available","restrooms":"Vault toilet(s)","pack_in_out":"Yes","permits":null,"passes":null,"restrictions":null,"important_info":null,"closest_towns":"Grangeville, ID","directions":"19 miles up Slate Creek Road #354 from its junction with Highway 95 (1/2 mile north of Slate Creek Ranger Station) to its junction with the Grangeville Salmon Road #221, then one mile in an easterly direction to the campground access at the bridge crossing Slate Creek.","recreation_gov_url":null,"usfs_url":"https://www.fs.usda.gov/recarea/nezperceclearwater/recarea/?recid=16772","minimum_elevation":null,"maximum_elevation":null,"source_updated":"2025-07-31"}},{"type":"Feature","geometry":{"type":"Point","coordinates":[-115.9139983,45.2693941]},"properties":{"id":"usfs-camp:13105.003141","name":"Burgdorf Campground","camp_type":"Developed campground","site_type":"CAMPGROUND","agency":"USDA Forest Service","managing_org_code":"041204","operated_by":"US Forest Service","status":"OPEN","status_reason":null,"description":"Forested campground adjacent to open meadows at an elevation of 6,250'. Three sites are situated among the trees, each outfitted with a picnic table and fire ring. There is typically a volunteer camp host on site and potable water available June - September.\nAll sites are available on a first-come, first-serve basis and camping is limited to an 14-day stay.  There are no hookups or trash receptacles. Please pack out your trash.","capacity":20,"max_people":null,"fee_charged":"Yes","fee_type":"EXPANDED AMENITY FEE","fee_description":"Overnight Use:\nSingle Site: $10 per night","open_season":null,"season_description":null,"operational_hours":"Check in: 2:00 p.m.; Check-out: 12:00 p.m.","usage_level":null,"water":"Yes, drinking water is available from a hand pump","restrooms":"Vault toilet(s)","pack_in_out":"Yes","permits":null,"passes":"Interagency Senior/Access Recreation Passes provide a 50% discount to Single Campsites ONLY. *The discount applies only to the fee for the campsite physically occupied by the pass holder, not to any additional fee or campsite(s) occupied by members of the pass holder's party.* https://store.usgs.gov/recreational-passes Please be prepared to pay with CASH or CHECK. *Sites may be reservable and reservation fees apply.*","restrictions":null,"important_info":null,"closest_towns":"McCall, ID","directions":"Travel approximately 30 miles north of McCall on the paved Warren Wagon Road (21).  Turn left on gravel Forest Road #246 and in two miles the  campground will be on your left.","recreation_gov_url":"https://www.recreation.gov/camping/campgrounds/10176099","usfs_url":"https://www.fs.usda.gov/recarea/payette/recarea/?recid=26909","minimum_elevation":null,"maximum_elevation":null,"source_updated":"2026-08-06"}},{"type":"Feature","geometry":{"type":"Point","coordinates":[-115.2093129,43.8211161]},"properties":{"id":"usfs-camp:5307.002731","name":"Queens River Campground","camp_type":"Developed campground","site_type":"CAMPGROUND","agency":"USDA Forest Service","managing_org_code":"040203","operated_by":null,"status":"OPEN","status_reason":null,"description":"The Queens River Campground is located near Atlanta, Idaho. Just north of the campground, at the end of Forest Service road 206, is a trailhead which enters the Sawtooth Wilderness and follows along the Queens River. The trailhead west of the campground, along Eagle Creek, connects to Black Warrior Trail, a multiuse trail which heads north.","capacity":20,"max_people":null,"fee_charged":"No","fee_type":null,"fee_description":"No fees are required for this site","open_season":null,"season_description":null,"operational_hours":"Mid May - Mid October","usage_level":null,"water":"No drinking water is available","restrooms":"Vault toilet(s)","pack_in_out":"Yes","permits":null,"passes":null,"restrictions":null,"important_info":null,"closest_towns":"Idaho City, ID","directions":"From Boise, Idaho, travel State Highway 21 north to the turnoff of the Arrowrock Reservoir. Travel east along Forest Service (FS) Road 268 (Middle Fork Boise River Road) approximately 62 miles. You will travel past the Arrowrock Dam and several other campgrounds before arriving at Queens Campground. FS Road 268 is very narrow and may be rough. Use caution when driving to your site.  Allow plenty of time.","recreation_gov_url":null,"usfs_url":"www.fs.usda.gov/recarea/asnf/recreation/recarea/?recid=5179","minimum_elevation":null,"maximum_elevation":null,"source_updated":"2025-07-31"}},{"type":"Feature","geometry":{"type":"Point","coordinates":[-115.1321828,43.423939]},"properties":{"id":"usfs-camp:5094.003221","name":"Hunter Creek Transfer Camp","camp_type":"Developed campground","site_type":"CAMPGROUND","agency":"USDA Forest Service","managing_org_code":"041405","operated_by":"US Forest Service","status":"OPEN","status_reason":null,"description":"Located 20 miles northwest of Fairfield through Cow Creek Reservoir on Road No. 055, the campground offers 3 single camping units, and 1 multi-family unit.  Corrals, mangers and barrier free stock loading ramps are available along with restrooms.  No water is available.  The trailhead for the North Fork Lime Creek Trail No. 044 is located at the north end of the campground and connects with the Virginia Gulch Trail No. 037.","capacity":25,"max_people":null,"fee_charged":"No","fee_type":null,"fee_description":"No fees are required for this site","open_season":"May 30 - October 31","season_description":null,"operational_hours":"Standard operating season is May-October but can be seasonally dependent.","usage_level":null,"water":"No water is available","restrooms":"Vault toilet(s)","pack_in_out":"Yes","permits":null,"passes":null,"restrictions":null,"important_info":null,"closest_towns":"Fairfield, ID","directions":null,"recreation_gov_url":null,"usfs_url":"https://www.fs.usda.gov/recarea/sawtooth/recreation/recarea/?recid=5976","minimum_elevation":null,"maximum_elevation":null,"source_updated":"2026-04-02"}},{"type":"Feature","geometry":{"type":"Point","coordinates":[-115.5396631,44.6815661]},"properties":{"id":"usfs-camp:5378.002731","name":"Buck Mountain Campground","camp_type":"Developed campground","site_type":"CAMPGROUND","agency":"USDA Forest Service","managing_org_code":"040204","operated_by":null,"status":"OPEN","status_reason":null,"description":"BUCK MOUNTAIN CAMPGROUND (Campground)","capacity":25,"max_people":null,"fee_charged":"No","fee_type":null,"fee_description":null,"open_season":null,"season_description":null,"operational_hours":null,"usage_level":null,"water":null,"restrooms":"Vault Toilet","pack_in_out":"Yes","permits":null,"passes":null,"restrictions":null,"important_info":null,"closest_towns":null,"directions":null,"recreation_gov_url":null,"usfs_url":null,"minimum_elevation":"6,500 feet","maximum_elevation":null,"source_updated":"2025-04-09"}},{"type":"Feature","geometry":{"type":"Point","coordinates":[-115.3792714,46.6638883]},"properties":{"id":"usfs-camp:210211010602","name":"Fourth Of July Camp","camp_type":"Developed campground","site_type":"CAMPGROUND","agency":"USDA Forest Service","managing_org_code":"011753","operated_by":"US Forest Service","status":"OPEN","status_reason":null,"description":"Home to yet another one of our glorious wooden suspension pack bridges, at the junction of FS Road 250 and the Fourth of July pack bridge, the Fourth of July Trailhead offers a few dispersed campsites and many breathtaking views.  Visitors traveling the Windy Ridge Trail will experience beautiful scenery and views into the 1910 Great Burn areas and the Lolo Motorway. The Idaho Centennial Trail also shares a portion of the trail between trails 531 and 634.","capacity":20,"max_people":null,"fee_charged":"No","fee_type":null,"fee_description":"No fees are required for this site","open_season":null,"season_description":null,"operational_hours":"Open 24 hours/day","usage_level":null,"water":"No drinking water is available","restrooms":"Vault toilet(s)","pack_in_out":"Yes","permits":null,"passes":null,"restrictions":null,"important_info":null,"closest_towns":"Pierce, ID","directions":"Directions ¿¿¿ From U.S. Highway 12, via Pierce:\nTake U.S. Highway 12 to Greer, ID, and turn east on State Highway 11. Follow Highway 11 for approximately 28 miles, toward Pierce, ID. You will pass through the small town of Weippe. One mile south of Pierce, turn right on Forest Service road 250 (French Mountain Road). Continue on FSR 250 for about 30 miles, until you reach the intersection of FSR 247 near Bungalow. Turn right and stay on FSR 250 for about 8 miles. The campground is on the right across from the pack bridge.\nDirections ¿¿¿ From U.S. Highway 12, via Orofino:\nTake U.S. Highway 12 to Orofino, ID. Cross the bridge that spans the main Clearwater River; Michigan Avenue takes off from the east end of the bridge. Continue driving east until the Michigan Avenue becomes Grangemont Road. Stay on Grangemont Road and make your way to the junction with State Highway 11, a distance of about 26 miles. Turn right on Highway 11 and drive south for approximately six miles; you will pass through the small town of Pierce. One mile south of Pierce, turn left on FSR 250 (French Mountain Road). Proceed on FSR 250 for about 30 miles, until you reach the intersection of FSR 247 near Bungalow. Turn right and stay on FSR 250 for about 8 miles. The campground is on the on the right across from the back bridge.","recreation_gov_url":null,"usfs_url":"https://www.fs.usda.gov/recarea/nezperceclearwater/recreation/recarea/?recid=80059&actid=34","minimum_elevation":null,"maximum_elevation":null,"source_updated":"2025-12-22"}},{"type":"Feature","geometry":{"type":"Point","coordinates":[-115.0544129,44.2505061]},"properties":{"id":"usfs-camp:5134.003221","name":"STANLEY LAKE INLET CG","camp_type":"Developed campground","site_type":"CAMPGROUND","agency":"USDA Forest Service","managing_org_code":"041404","operated_by":null,"status":"OPEN","status_reason":null,"description":null,"capacity":86,"max_people":null,"fee_charged":"Yes","fee_type":null,"fee_description":null,"open_season":null,"season_description":null,"operational_hours":null,"usage_level":null,"water":null,"restrooms":null,"pack_in_out":"No","permits":null,"passes":null,"restrictions":null,"important_info":null,"closest_towns":null,"directions":null,"recreation_gov_url":null,"usfs_url":null,"minimum_elevation":null,"maximum_elevation":null,"source_updated":"2025-04-08"}},{"type":"Feature","geometry":{"type":"Point","coordinates":[-115.7508404,46.2948242]},"properties":{"id":"usfs-camp:5199.000411","name":"Lolo Campground","camp_type":"Developed campground","site_type":"CAMPGROUND","agency":"USDA Forest Service","managing_org_code":"011755","operated_by":"US Forest Service","status":"OPEN","status_reason":null,"description":"Lolo Creek Campground consists of 9 camping units and is located 21 miles northeast of Kamiah, Idaho along the shores of Lolo and Eldorado Creek. This campground is a fantastic location for a rustic camping trip if you enjoy hiking, ohv trail riding, fishing, huckleberry picking or just watching the scenery while relaxing to the sounds of running water. With 9 camping units situated alongside both the Lolo and Eldorado Creeks, and only minutes from the Lewis & Clark Trail (#25) and the Musselshell OHV Trail System, the Lolo Creek Campground offers a wide variety of unique recreation opportunities for all!","capacity":55,"max_people":null,"fee_charged":"Yes","fee_type":"EXPANDED AMENITY FEE","fee_description":"No fees are required for this site","open_season":null,"season_description":null,"operational_hours":"Open 24 hours/day","usage_level":null,"water":"No drinking water is available","restrooms":"Vault toilet(s)","pack_in_out":"Yes","permits":null,"passes":null,"restrictions":null,"important_info":null,"closest_towns":"Kamiah, ID","directions":"The most direct route to this site is by taking FR 100, 21 miles northeast of Kamiah, Idaho.","recreation_gov_url":null,"usfs_url":"https://www.fs.usda.gov/recarea/nezperceclearwater/recarea/?recid=80606","minimum_elevation":null,"maximum_elevation":null,"source_updated":"2026-08-06"}},{"type":"Feature","geometry":{"type":"Point","coordinates":[-115.6307306,47.1038883]},"properties":{"id":"usfs-camp:5022.000331","name":"Mammoth Springs Campground","camp_type":"Developed campground","site_type":"CAMPGROUND","agency":"USDA Forest Service","managing_org_code":"010404","operated_by":"US Forest Service","status":"OPEN","status_reason":null,"description":"Mammoth Springs Campground features 8 camp units, vault toilets, and drinking water (July-September). Please observe the Pack it In Pack it Out refuse policy. Attractions include Dismal Lake (1 mile).","capacity":55,"max_people":null,"fee_charged":"Yes","fee_type":"EXPANDED AMENITY FEE","fee_description":"Overnight Use:\nPeak Season (Water ON): Single Site: $15 per night (2 vehicles included per site)\nAdditional Vehicle: $5 per night (3 vehicle limit per site)\nNon-Peak (Water OFF): $12 per night","open_season":"June","season_description":null,"operational_hours":"Open 24 hours/day","usage_level":null,"water":"Yes, drinking water is available from a hand pump","restrooms":"Vault toilet(s)","pack_in_out":"Yes","permits":null,"passes":"Interagency Senior/Access Recreation Passes provide a 50% discount to Single Campsites ONLY. *The discount applies only to the fee for the campsite physically occupied by the pass holder, not to any additional fee or campsite(s) occupied by members of the pass holder's party.* https://store.usgs.gov/recreational-passes Please be prepared to pay with CASH or CHECK. *Sites may be reservable and reservation fees apply.*","restrictions":null,"important_info":null,"closest_towns":"Avery, Idaho","directions":"Access 1: From Avery, Idaho drive 22 miles east of Avery on St. Joe River Road (Forest Highway 50), turn south on Bluff Creek Road (#509), go 14 miles and turn south 2-1/2 miles on Avery Timber Creek Road (#201). Proceed 2.4 miles to the campground entrance. Access 2: From St. Regis, Montana take the Little Joe Road (#282) to the Idaho border where it becomes Gold Creek Road (#388). This road will end at the St. Joe River Road (Forest Highway 50) where you turn right and continue as in Access 1.","recreation_gov_url":null,"usfs_url":"https://www.fs.usda.gov/recarea/ipnf/recarea/?recid=6905","minimum_elevation":null,"maximum_elevation":null,"source_updated":"2026-08-06"}},{"type":"Feature","geometry":{"type":"Point","coordinates":[-115.292179,44.5292871]},"properties":{"id":"usfs-camp:5046.002901","name":"Boundary Creek Campground Complex","camp_type":"Developed campground","site_type":"CAMPGROUND","agency":"USDA Forest Service","managing_org_code":"041306","operated_by":"US Forest Service","status":"OPEN","status_reason":null,"description":"Boundary Creek Campground is located at the edge of the Frank Church River of No Return Wilderness, adjacent to the boat launch for the Middle Fork of the Salmon River in Idaho. The site generally provides overnight camping for boaters waiting to launch the next day on their permit to float the Middle Fork.","capacity":176,"max_people":null,"fee_charged":"Yes","fee_type":"EXPANDED AMENITY FEE","fee_description":"Overnight Use:\nSingle Site: $10 per night","open_season":null,"season_description":null,"operational_hours":null,"usage_level":null,"water":"Yes, drinking water is available from a hand pump","restrooms":"Vault toilet(s)","pack_in_out":"Yes","permits":null,"passes":"Interagency Senior/Access Recreation Passes provide a 50% discount to Single Campsites ONLY. *The discount applies only to the fee for the campsite physically occupied by the pass holder, not to any additional fee or campsite(s) occupied by members of the pass holder's party.* https://store.usgs.gov/recreational-passes Please be prepared to pay with CASH or CHECK. *Sites may be reservable and reservation fees apply.*","restrictions":null,"important_info":null,"closest_towns":"Stanley, Idaho","directions":"From Stanley, ID go west on Highway 21 for 21 miles. Then turn right onto Bear Valley Rd for about 9 miles, then turn right onto road NF-568 for about 10 miles, campground will be at the end of the road.","recreation_gov_url":"https://www.recreation.gov/camping/campgrounds/233355","usfs_url":null,"minimum_elevation":"6,280 feet","maximum_elevation":null,"source_updated":"2026-08-06"}},{"type":"Feature","geometry":{"type":"Point","coordinates":[-115.6497693,45.6559402]},"properties":{"id":"usfs-camp:5021.000961","name":"Wildhorse Campground","camp_type":"Developed campground","site_type":"CAMPGROUND","agency":"USDA Forest Service","managing_org_code":"011705","operated_by":"US Forest Service","status":"OPEN","status_reason":null,"description":"Six campsites on Wildhorse Lake, in a lovely riparian meadow. A trail from the campground leads into the Wilderness, into Tenmile Meadows. Another trailhead is south of the campground and leads deep into the Wilderness, all the way to Sugarloaf Butte.","capacity":50,"max_people":null,"fee_charged":"No","fee_type":null,"fee_description":"No fees are required for this site","open_season":null,"season_description":null,"operational_hours":"Open 24 hours/day","usage_level":null,"water":"No drinking water is available","restrooms":"Vault toilet(s)","pack_in_out":"Yes","permits":null,"passes":null,"restrictions":null,"important_info":null,"closest_towns":"Elk City, ID","directions":"From State Highway 14 turn south on Crooked River Road #233. Proceed through old Orogrande town site, past the junction with Big Creek Meadows Road #311 to Orogrande Summit and the junction with Road #233I. Turn right on Road #233I and continue 2.5 miles to campground (near the Gospel Hump Wilderness). Approximately 25 miles SW of Elk City, Idaho.","recreation_gov_url":null,"usfs_url":"https://www.fs.usda.gov/recarea/nezperceclearwater/recarea/?recid=16672","minimum_elevation":null,"maximum_elevation":null,"source_updated":"2025-07-31"}},{"type":"Feature","geometry":{"type":"Point","coordinates":[-115.4236513,45.9636402]},"properties":{"id":"usfs-camp:5077.000961","name":"Limber Luke Campground","camp_type":"Developed campground","site_type":"CAMPGROUND","agency":"USDA Forest Service","managing_org_code":"011705","operated_by":"US Forest Service","status":"OPEN","status_reason":null,"description":"This trailhead serves Anderson Butte National Recreation Trail (#505). Located in open timber, with a toilet, stock loading ramp, fire ring and parking space for five camper vehicles, it is very popular with big game hunters.","capacity":28,"max_people":null,"fee_charged":"No","fee_type":null,"fee_description":"No fees are required for this site","open_season":null,"season_description":null,"operational_hours":"Open 24 hours/day","usage_level":null,"water":"No drinking water is available","restrooms":"Vault toilet(s)","pack_in_out":"Yes","permits":null,"passes":null,"restrictions":null,"important_info":null,"closest_towns":"Elk City, ID","directions":"Traveling east on Hwy. 14 into Elk City, turn left on Sweeney Hill Road at the convenience store and Laundromat, cross the bridge over Elk Creek and stay right at the next junction. You will travel along open meadows on your right for 2 or 3 miles. At the T in the road, approximately 4 miles out of Elk City, stay left. Continue approximately 14 miles from Elk City to the campground.","recreation_gov_url":null,"usfs_url":"https://www.fs.usda.gov/recarea/nezperceclearwater/recarea/?recid=16604","minimum_elevation":null,"maximum_elevation":null,"source_updated":"2025-07-31"}},{"type":"Feature","geometry":{"type":"Point","coordinates":[-116.4558937,46.7703472]},"properties":{"id":"usfs-camp:5202.000411","name":"Little Boulder Campground","camp_type":"Developed campground","site_type":"CAMPGROUND","agency":"USDA Forest Service","managing_org_code":"011752","operated_by":"US Forest Service","status":"OPEN","status_reason":null,"description":"Located only 40 miles east of the town of Moscow, Idaho, Little Boulder Campground rests next to the Potlatch River in a heavily forested and richly vegetated and peaceful location.  Great for RVs and tents, 17 developed sites, a campground host and all with ample parking and an overflow lot--It's easy to see why the Little Boulder Campground is a local favorite.","capacity":85,"max_people":null,"fee_charged":"Yes","fee_type":"EXPANDED AMENITY FEE","fee_description":"Overnight Use:\nSingle Site: $12 per night\nAdditional Vehicle Fee: $2 per night","open_season":null,"season_description":null,"operational_hours":"Open 24 hours/day","usage_level":null,"water":"Yes, drinking water is available from a hand pump","restrooms":"Vault toilet(s)","pack_in_out":"Yes","permits":null,"passes":"Interagency Senior/Access Recreation Passes provide a 50% discount to Single Campsites ONLY. *The discount applies only to the fee for the campsite physically occupied by the pass holder, not to any additional fee or campsite(s) occupied by members of the pass holder's party.* https://store.usgs.gov/recreational-passes Please be prepared to pay with CASH or CHECK. *Sites may be reservable and reservation fees apply.*","restrictions":null,"important_info":null,"closest_towns":"Deary, ID","directions":"From Dreary, ID travel east on ID-8 E/State Hwy 3 N for 4 miles. Turn right onto Fsdr 1963/NF-1963 and continue to campground.","recreation_gov_url":null,"usfs_url":"https://www.fs.usda.gov/recarea/nezperceclearwater/recarea/?recid=80080","minimum_elevation":null,"maximum_elevation":null,"source_updated":"2026-08-06"}},{"type":"Feature","geometry":{"type":"Point","coordinates":[-113.1581796,44.6766833]},"properties":{"id":"usfs-camp:5144.003191","name":"Reservoir Creek Campground","camp_type":"Developed campground","site_type":"CAMPGROUND","agency":"USDA Forest Service","managing_org_code":"041308","operated_by":"US Forest Service","status":"OPEN","status_reason":null,"description":"2 primitive sites with picnic tables and fire rings. Campground has a vault toilet but no garbage services or water. Trailhead for trail #192 from the campground through the steep terrain of the Bitterroot Range.","capacity":10,"max_people":null,"fee_charged":"No","fee_type":null,"fee_description":"No fees are required for this site","open_season":null,"season_description":null,"operational_hours":"Open 24 hours/day","usage_level":null,"water":"No water is available","restrooms":"Vault toilet(s)","pack_in_out":"Yes","permits":null,"passes":null,"restrictions":null,"important_info":null,"closest_towns":"Leadore, Idaho","directions":"From Leadore, go 0.25 mile east on ID 29, turn right onto Hawley Creek Road go 9 miles, then take a left on Forest Road 275 and go 5 miles east. Go left into the campground.","recreation_gov_url":null,"usfs_url":"https://www.fs.usda.gov/recarea/scnf/recreation/recarea/?recid=76078","minimum_elevation":null,"maximum_elevation":null,"source_updated":"2025-07-31"}},{"type":"Feature","geometry":{"type":"Point","coordinates":[-116.0226817,47.4297773]},"properties":{"id":"usfs-camp:5884.000331","name":"Lake Elsie","camp_type":"Developed campground","site_type":"CAMPGROUND","agency":"USDA Forest Service","managing_org_code":"010403","operated_by":null,"status":"OPEN","status_reason":null,"description":"LAKE ELSIE (Campground)","capacity":70,"max_people":null,"fee_charged":"No","fee_type":null,"fee_description":null,"open_season":null,"season_description":null,"operational_hours":null,"usage_level":null,"water":null,"restrooms":null,"pack_in_out":"Yes","permits":null,"passes":null,"restrictions":null,"important_info":null,"closest_towns":null,"directions":null,"recreation_gov_url":null,"usfs_url":null,"minimum_elevation":null,"maximum_elevation":null,"source_updated":"2025-12-22"}},{"type":"Feature","geometry":{"type":"Point","coordinates":[-114.7160868,44.2930452]},"properties":{"id":"usfs-camp:5420.003191","name":"Flat Rock Campground Extension","camp_type":"Developed campground","site_type":"CAMPGROUND","agency":"USDA Forest Service","managing_org_code":"041302","operated_by":"US Forest Service","status":"OPEN","status_reason":null,"description":"Just upriver from Flat Rock Campground, this little campground is a favorite. Shaded sites sit along the road and the Yankee Fork River is across the road. Three campsite facilities include picnic tables, tent pads and fire rings with cooking grills. The campground has a vault toilet and accommodates trailers and motorhomes up to 16 feet. There are no hookups, drinking water is only available from nearby Flat Rock Campground.","capacity":15,"max_people":null,"fee_charged":"Yes","fee_type":"EXPANDED AMENITY FEE","fee_description":"Overnight Use:\nSingle Site: $5 per night","open_season":null,"season_description":null,"operational_hours":"Open 24 hours/day","usage_level":null,"water":"No; drinking water is available at nearby campgrounds","restrooms":"Vault toilet(s)","pack_in_out":"Yes","permits":null,"passes":"Interagency Senior/Access Recreation Passes provide a 50% discount to Single Campsites ONLY. *The discount applies only to the fee for the campsite physically occupied by the pass holder, not to any additional fee or campsite(s) occupied by members of the pass holder's party.* https://store.usgs.gov/recreational-passes Please be prepared to pay with CASH or CHECK. *Sites may be reservable and reservation fees apply.*","restrictions":null,"important_info":null,"closest_towns":"Stanley, Idaho","directions":"From Stanley, Idaho drive 11 miles east on Highway 75 to the Sunbeam Dam overlook. Turn left onto forest road #40013/Yankee Fork Rd for about 2.25 mile. Campground is on the right.","recreation_gov_url":null,"usfs_url":"https://www.fs.usda.gov/recarea/scnf/recreation/hiking/recarea/?recid=76132&actid=43","minimum_elevation":null,"maximum_elevation":null,"source_updated":"2026-08-06"}},{"type":"Feature","geometry":{"type":"Point","coordinates":[-114.4335688,44.5179482]},"properties":{"id":"usfs-camp:5002.002901","name":"Mosquito Flat Reservoir Campground","camp_type":"Developed campground","site_type":"CAMPGROUND","agency":"USDA Forest Service","managing_org_code":"041302","operated_by":null,"status":"OPEN","status_reason":null,"description":"MOSQUITO FLAT RESERVOIR CAMPGROUND (Campground)","capacity":90,"max_people":null,"fee_charged":"Yes","fee_type":"EXPANDED AMENITY FEE","fee_description":null,"open_season":null,"season_description":null,"operational_hours":null,"usage_level":null,"water":null,"restrooms":null,"pack_in_out":"Yes","permits":null,"passes":null,"restrictions":null,"important_info":null,"closest_towns":null,"directions":null,"recreation_gov_url":null,"usfs_url":null,"minimum_elevation":"7,000 feet","maximum_elevation":null,"source_updated":"2026-08-06"}},{"type":"Feature","geometry":{"type":"Point","coordinates":[-114.3152188,44.7027372]},"properties":{"id":"usfs-camp:5070.002901","name":"West Fork Morgan Creek Campground","camp_type":"Developed campground","site_type":"CAMPGROUND","agency":"USDA Forest Service","managing_org_code":"041302","operated_by":"US Forest Service","status":"OPEN","status_reason":null,"description":"One site with picnic table and fire ring, near trail access to Frank Church River of No Return Wilderness. Camp area amenities include a vault toilet. No drinking water or garbage service is on site.","capacity":5,"max_people":null,"fee_charged":"No","fee_type":null,"fee_description":"No fees are required for this site","open_season":null,"season_description":null,"operational_hours":"Open 24 hours/day","usage_level":null,"water":"No water is available","restrooms":"Vault toilet(s)","pack_in_out":"Yes","permits":null,"passes":null,"restrictions":null,"important_info":null,"closest_towns":"Challis, Idaho","directions":"From Challis, ID travel north on Highway 93 approximately 7 miles to Morgan Creek Road (055). Turn left onto Morgan Creek Road. Follow this road for approximately 6 miles to Junction with West Fork road (057). Turn left onto west fork Road. Travel another 4 miles to the junction with Little West Fork Road (176). Campground/Trailhead is at this junctions.","recreation_gov_url":null,"usfs_url":"https://www.fs.usda.gov/recarea/scnf/recreation/recarea/?recid=76064&actid=29","minimum_elevation":null,"maximum_elevation":null,"source_updated":"2025-07-31"}},{"type":"Feature","geometry":{"type":"Point","coordinates":[-114.7327738,44.2813401]},"properties":{"id":"usfs-camp:5418.003191","name":"Blind Creek Campground","camp_type":"Developed campground","site_type":"CAMPGROUND","agency":"USDA Forest Service","managing_org_code":"041302","operated_by":"US Forest Service","status":"OPEN","status_reason":null,"description":"This campground is the first of several campsites along the canyon formed by the Yankee Fork of the Salmon River. Fishing for rainbow trout in the river, and interpretive and historical tours available nearby. Each site has picnic tables, fire rings with cooking grills. There is a Vault toilet.  The sites  accommodate trailers and motorhomes up to 32 feet.","capacity":30,"max_people":null,"fee_charged":"Yes","fee_type":"EXPANDED AMENITY FEE","fee_description":"Overnight Use:\nSingle Site: $5 per night","open_season":null,"season_description":null,"operational_hours":"Open 24 hours/day","usage_level":null,"water":"No water is available","restrooms":"Vault toilet(s)","pack_in_out":"Yes","permits":null,"passes":"Interagency Senior/Access Recreation Passes provide a 50% discount to Single Campsites ONLY. *The discount applies only to the fee for the campsite physically occupied by the pass holder, not to any additional fee or campsite(s) occupied by members of the pass holder's party.* https://store.usgs.gov/recreational-passes Please be prepared to pay with CASH or CHECK. *Sites may be reservable and reservation fees apply.*","restrictions":null,"important_info":null,"closest_towns":"Stanley, Idaho","directions":"From Stanley, Idaho drive 11 miles east on Highway 75 to the Sunbeam Dam overlook. Turn left onto forest road #40013/Yankee Fork Rd and continue for about one mile. Campground is on the right.","recreation_gov_url":null,"usfs_url":"https://www.fs.usda.gov/recarea/scnf/recarea?recid=76130","minimum_elevation":null,"maximum_elevation":null,"source_updated":"2026-08-06"}},{"type":"Feature","geometry":{"type":"Point","coordinates":[-115.1323128,43.6277061]},"properties":{"id":"usfs-camp:5096.003221","name":"Willow Creek North Campground","camp_type":"Developed campground","site_type":"CAMPGROUND","agency":"USDA Forest Service","managing_org_code":"041405","operated_by":"US Forest Service","status":"OPEN","status_reason":null,"description":"Willow Creek Transfer Camp is composed of 4 large camping units. Campground amenities include picnic tables, fire rings, a restroom, corrals, mangers and barrier free stock loading ramps.","capacity":45,"max_people":null,"fee_charged":"Yes","fee_type":null,"fee_description":null,"open_season":null,"season_description":null,"operational_hours":"Standard operating season is May - October but can be seasonally dependent.","usage_level":null,"water":"No water is available","restrooms":"Vault toilet(s)","pack_in_out":"Yes","permits":null,"passes":null,"restrictions":null,"important_info":null,"closest_towns":"Featherville, ID","directions":"From Highway 20, travel north on Forest Highway 61 (Pine-Featherville Road) approximately 30 miles to the town of Featherville.  From there, travel east on Forest Road 227 approximately 7 miles, then turn on Forest Road #008 and travel north approximately 1.5 miles to Willow Creek Transfer Camp.","recreation_gov_url":null,"usfs_url":"https://www.fs.usda.gov/recarea/sawtooth/recreation/recarea/?recid=5975","minimum_elevation":null,"maximum_elevation":null,"source_updated":"2026-08-06"}},{"type":"Feature","geometry":{"type":"Point","coordinates":[-115.7021431,44.6528761]},"properties":{"id":"usfs-camp:5358.002731","name":"South Fork Salmon River Campground","camp_type":"Developed campground","site_type":"CAMPGROUND","agency":"USDA Forest Service","managing_org_code":"040204","operated_by":null,"status":"OPEN","status_reason":null,"description":"SOUTH FORK SALMON RIVER CAMPGROUND (Campground)","capacity":55,"max_people":null,"fee_charged":"Yes","fee_type":"EXPANDED AMENITY FEE","fee_description":null,"open_season":null,"season_description":null,"operational_hours":null,"usage_level":null,"water":"Potable Water","restrooms":"Vault Toilet","pack_in_out":"No","permits":null,"passes":null,"restrictions":null,"important_info":null,"closest_towns":null,"directions":null,"recreation_gov_url":null,"usfs_url":null,"minimum_elevation":"5,200 feet","maximum_elevation":null,"source_updated":"2026-08-06"}},{"type":"Feature","geometry":{"type":"Point","coordinates":[-116.1744031,44.332716]},"properties":{"id":"usfs-camp:5292.002731","name":"EASTSIDE","camp_type":"Group campground","site_type":"GROUP CAMPGROUND","agency":"USDA Forest Service","managing_org_code":"040206","operated_by":null,"status":"OPEN","status_reason":null,"description":"Eastside Campground is located on the shores of scenic Sagehen Reservoir at an elevation of 4,956 feet. Visitors enjoy boating, fishing and exploring the non-motorized Sagehen Reservoir Trail.","capacity":48,"max_people":null,"fee_charged":"Yes","fee_type":null,"fee_description":null,"open_season":null,"season_description":null,"operational_hours":null,"usage_level":null,"water":null,"restrooms":null,"pack_in_out":"Yes","permits":null,"passes":null,"restrictions":null,"important_info":null,"closest_towns":null,"directions":null,"recreation_gov_url":"https://www.recreation.gov/camping/campgrounds/232041","usfs_url":null,"minimum_elevation":null,"maximum_elevation":null,"source_updated":"2026-08-06"}},{"type":"Feature","geometry":{"type":"Point","coordinates":[-115.608923,43.966758]},"properties":{"id":"usfs-camp:10574010312","name":"Beaver Creek Group Campground","camp_type":"Group campground","site_type":"GROUP CAMPGROUND","agency":"USDA Forest Service","managing_org_code":"040203","operated_by":null,"status":"OPEN","status_reason":null,"description":"BEAVER CREEK GROUP CAMPGROUND (Group Campground)","capacity":25,"max_people":null,"fee_charged":"Yes","fee_type":"EXPANDED AMENITY FEE","fee_description":null,"open_season":null,"season_description":null,"operational_hours":null,"usage_level":null,"water":null,"restrooms":null,"pack_in_out":"No","permits":null,"passes":null,"restrictions":null,"important_info":null,"closest_towns":null,"directions":null,"recreation_gov_url":null,"usfs_url":null,"minimum_elevation":null,"maximum_elevation":null,"source_updated":"2026-06-30"}},{"type":"Feature","geometry":{"type":"Point","coordinates":[-115.648313,44.3225261]},"properties":{"id":"usfs-camp:5240.002731","name":"HOWERS","camp_type":"Developed campground","site_type":"CAMPGROUND","agency":"USDA Forest Service","managing_org_code":"040205","operated_by":null,"status":"OPEN","status_reason":null,"description":"Howers Campground is located on the northeast shore of the scenic Deadwood Reservoir in western Idaho. Boating, fishing and hiking are popular activities in this remote area.","capacity":50,"max_people":null,"fee_charged":"Yes","fee_type":"EXPANDED AMENITY FEE","fee_description":"Overnight Use:\nSingle Site: $12 per night","open_season":"Mid-June_End of September","season_description":null,"operational_hours":null,"usage_level":null,"water":"Drinking Water","restrooms":"Vault Toilet","pack_in_out":"Yes","permits":null,"passes":"Interagency Senior/Access Recreation Passes provide a 50% discount to Single Campsites ONLY. *The discount applies only to the fee for the campsite physically occupied by the pass holder, not to any additional fee or campsite(s) occupied by members of the pass holder's party.* https://store.usgs.gov/recreational-passes Please be prepared to pay with CASH or CHECK. *Sites may be reservable and reservation fees apply.*","restrictions":null,"important_info":null,"closest_towns":"Lowman, Idaho","directions":"From Boise, Idaho, travel north along State Highway 55 to Banks, Idaho approximately 38 miles. \nAt Banks, turn right (east) onto State Highway 17 (Banks/Lowman Road) and travel 31 miles to Lowman, Idaho.\nAt Lowman, turn left at the interaction of State Highway 17 and State Highway 21. Proceed northeast towards Stanley, Idaho along State Highway 21 approximately 40 miles. \nAlong the route, you will travel past Banner Summit, Bull Trout Campground and eventually arrive at the Forest Service (FS) Road 579 turnoff. \nTurn (west) onto FS Road 579 at Banner Creek/Cape Horn Summit. There is a big parking area and an information board.\nTravel along FS Road 579 through Bear Valley and past the Elk Creek Guard Station Cabins. Eventually FS Road 579 will intersect with FS Road 555. At this junction, turn left and proceed south along FS Road 555 to the reservior.","recreation_gov_url":"https://www.recreation.gov/camping/campgrounds/234098","usfs_url":null,"minimum_elevation":null,"maximum_elevation":null,"source_updated":"2026-08-06"}},{"type":"Feature","geometry":{"type":"Point","coordinates":[-115.5568824,46.4153812]},"properties":{"id":"usfs-camp:210204010602","name":"Pete Forks Junction Camp","camp_type":"Developed campground","site_type":"CAMPGROUND","agency":"USDA Forest Service","managing_org_code":"011755","operated_by":null,"status":"OPEN","status_reason":null,"description":"PETE FORKS JUNCTION CAMP (Campground)","capacity":5,"max_people":null,"fee_charged":"No","fee_type":null,"fee_description":null,"open_season":null,"season_description":null,"operational_hours":null,"usage_level":null,"water":null,"restrooms":null,"pack_in_out":"Yes","permits":null,"passes":null,"restrictions":null,"important_info":null,"closest_towns":null,"directions":null,"recreation_gov_url":null,"usfs_url":null,"minimum_elevation":null,"maximum_elevation":null,"source_updated":"2025-12-22"}},{"type":"Feature","geometry":{"type":"Point","coordinates":[-113.7798388,44.7925633]},"properties":{"id":"usfs-camp:5258.003191","name":"Bear Valley Horse Camp","camp_type":"Horse camp","site_type":"HORSE CAMP","agency":"USDA Forest Service","managing_org_code":"041308","operated_by":null,"status":"OPEN","status_reason":null,"description":"BEAR VALLEY HORSE CAMP (Horse Camp)","capacity":52,"max_people":null,"fee_charged":"No","fee_type":null,"fee_description":null,"open_season":null,"season_description":null,"operational_hours":null,"usage_level":null,"water":null,"restrooms":null,"pack_in_out":"Yes","permits":null,"passes":null,"restrictions":null,"important_info":null,"closest_towns":null,"directions":null,"recreation_gov_url":null,"usfs_url":null,"minimum_elevation":null,"maximum_elevation":null,"source_updated":"2025-04-09"}},{"type":"Feature","geometry":{"type":"Point","coordinates":[-115.2925264,46.7218693]},"properties":{"id":"usfs-camp:210213010602","name":"Flat Creek Camp","camp_type":"Developed campground","site_type":"CAMPGROUND","agency":"USDA Forest Service","managing_org_code":"011753","operated_by":null,"status":"OPEN","status_reason":null,"description":"FLAT CREEK CAMP (Campground)","capacity":30,"max_people":null,"fee_charged":"No","fee_type":null,"fee_description":null,"open_season":null,"season_description":null,"operational_hours":null,"usage_level":null,"water":null,"restrooms":null,"pack_in_out":"Yes","permits":null,"passes":null,"restrictions":null,"important_info":null,"closest_towns":null,"directions":null,"recreation_gov_url":null,"usfs_url":null,"minimum_elevation":null,"maximum_elevation":null,"source_updated":"2025-12-22"}},{"type":"Feature","geometry":{"type":"Point","coordinates":[-115.8248929,43.632456]},"properties":{"id":"usfs-camp:5360.002731","name":"Cottonwood Campground","camp_type":"Developed campground","site_type":"CAMPGROUND","agency":"USDA Forest Service","managing_org_code":"040201","operated_by":"US Forest Service","status":"OPEN","status_reason":null,"description":"Cottonwood Campground has three first come, first serve campsites.","capacity":22,"max_people":null,"fee_charged":"No","fee_type":null,"fee_description":"No fees are required for this site","open_season":null,"season_description":null,"operational_hours":"End of May - End of September Unless closed by snow","usage_level":null,"water":"No drinking water is available","restrooms":"Vault toilet(s)","pack_in_out":"Yes","permits":null,"passes":null,"restrictions":null,"important_info":null,"closest_towns":"Boise, ID","directions":"From Boise travel north on Hwy 21 to Forest Road 268 for approximately 16 miles.  Turn left on FS 377 for approximately 1 mile","recreation_gov_url":null,"usfs_url":"www.fs.usda.gov/recarea/asnf/recreation/recarea/?recid= 5083","minimum_elevation":null,"maximum_elevation":null,"source_updated":"2025-12-22"}},{"type":"Feature","geometry":{"type":"Point","coordinates":[-115.4962731,44.9546161]},"properties":{"id":"usfs-camp:5375.002731","name":"Yellow Pine Campground","camp_type":"Developed campground","site_type":"CAMPGROUND","agency":"USDA Forest Service","managing_org_code":"040204","operated_by":null,"status":"OPEN","status_reason":null,"description":"YELLOW PINE CAMPGROUND (Campground)","capacity":70,"max_people":null,"fee_charged":"Yes","fee_type":"EXPANDED AMENITY FEE","fee_description":null,"open_season":null,"season_description":null,"operational_hours":null,"usage_level":null,"water":null,"restrooms":"Vault Toilet","pack_in_out":"Yes","permits":null,"passes":null,"restrictions":null,"important_info":null,"closest_towns":null,"directions":null,"recreation_gov_url":null,"usfs_url":null,"minimum_elevation":"4,800 feet","maximum_elevation":null,"source_updated":"2026-08-06"}},{"type":"Feature","geometry":{"type":"Point","coordinates":[-115.0088129,44.1988061]},"properties":{"id":"usfs-camp:5104.003221","name":"Iron Creek Campground (ID)","camp_type":"Developed campground","site_type":"CAMPGROUND","agency":"USDA Forest Service","managing_org_code":"041404","operated_by":null,"status":"OPEN","status_reason":null,"description":"This location is available on a first-come, first-served basis only. Visitors are required to physically arrive at the campground to purchase and claim a site. Once on-site, you may be able to pay for your campsite(s) by scanning a QR code using the Recreation.gov mobile app, and the Scan and Pay feature.","capacity":45,"max_people":null,"fee_charged":"Yes","fee_type":null,"fee_description":null,"open_season":null,"season_description":null,"operational_hours":null,"usage_level":null,"water":null,"restrooms":null,"pack_in_out":"No","permits":null,"passes":null,"restrictions":null,"important_info":null,"closest_towns":null,"directions":null,"recreation_gov_url":"https://www.recreation.gov/camping/campgrounds/10165385","usfs_url":null,"minimum_elevation":null,"maximum_elevation":null,"source_updated":"2026-08-06"}},{"type":"Feature","geometry":{"type":"Point","coordinates":[-115.2373553,46.7483594]},"properties":{"id":"usfs-camp:210223010602","name":"Pete Ott Camp","camp_type":"Developed campground","site_type":"CAMPGROUND","agency":"USDA Forest Service","managing_org_code":"011753","operated_by":null,"status":"OPEN","status_reason":null,"description":"PETE OTT CAMP (Campground)","capacity":10,"max_people":null,"fee_charged":"No","fee_type":null,"fee_description":null,"open_season":null,"season_description":null,"operational_hours":null,"usage_level":null,"water":null,"restrooms":null,"pack_in_out":"Yes","permits":null,"passes":null,"restrictions":null,"important_info":null,"closest_towns":null,"directions":null,"recreation_gov_url":null,"usfs_url":null,"minimum_elevation":null,"maximum_elevation":null,"source_updated":"2023-07-05"}},{"type":"Feature","geometry":{"type":"Point","coordinates":[-114.8174127,43.5422061]},"properties":{"id":"usfs-camp:5067.003221","name":"Five Points Campground","camp_type":"Developed campground","site_type":"CAMPGROUND","agency":"USDA Forest Service","managing_org_code":"041405","operated_by":"US Forest Service","status":"OPEN","status_reason":null,"description":"Five Points Campground is a primitive campground composed of 7 units located near Five Points Creek 17 miles north of Fairfield over Couch Summit. The newly renovated campground offers restrooms and is close to the popular Worswick hot springs. Potable water is not available at this campground.","capacity":45,"max_people":null,"fee_charged":"No","fee_type":null,"fee_description":"No fees are required for this site","open_season":null,"season_description":null,"operational_hours":"Standard operating season is May - October but can be seasonally dependent.","usage_level":null,"water":null,"restrooms":"Vault toilet(s)","pack_in_out":"Yes","permits":null,"passes":null,"restrictions":null,"important_info":null,"closest_towns":"Fairfield, ID","directions":"From Fairfield, go north 17 miles on Forest Road #094","recreation_gov_url":null,"usfs_url":"https://www.fs.usda.gov/recarea/sawtooth/recreation/recarea/?recid=5982","minimum_elevation":"5,880 feet","maximum_elevation":null,"source_updated":"2025-12-22"}},{"type":"Feature","geometry":{"type":"Point","coordinates":[-115.9448203,45.4532571]},"properties":{"id":"usfs-camp:251659010602","name":"Windy Camp","camp_type":"Developed campground","site_type":"CAMPGROUND","agency":"USDA Forest Service","managing_org_code":"011701","operated_by":null,"status":"OPEN","status_reason":null,"description":"WINDY CAMP (Campground)","capacity":10,"max_people":null,"fee_charged":"No","fee_type":null,"fee_description":null,"open_season":null,"season_description":null,"operational_hours":null,"usage_level":null,"water":null,"restrooms":null,"pack_in_out":"Yes","permits":null,"passes":null,"restrictions":null,"important_info":null,"closest_towns":null,"directions":null,"recreation_gov_url":null,"usfs_url":null,"minimum_elevation":null,"maximum_elevation":null,"source_updated":"2023-07-05"}},{"type":"Feature","geometry":{"type":"Point","coordinates":[-114.9522129,44.0994061]},"properties":{"id":"usfs-camp:5114.003221","name":"Redfish Inlet Campground","camp_type":"Developed campground","site_type":"CAMPGROUND","agency":"USDA Forest Service","managing_org_code":"041404","operated_by":"Concessionaire","status":"OPEN","status_reason":null,"description":"Redfish Lake Inlet is accessible either through water access: shuttle boat, kayak, canoe or hiking in. The campground consists of 4 sites and is first-come, first-serve. This site has trash removal and toilets but no potable water. It is located at the very southern end of Redfish lake by the Redfish Inlet trailhead. Enjoy hiking Redfish trail along Mt. Heyburn, Braxon Peak, Grand Mogul and Decker Peak near the Bench lakes and Saddle back lakes in the beautiful Sawtooth Wilderness area. Enjoy hiking, swimming, fishing and kayaking from this unique location.","capacity":40,"max_people":null,"fee_charged":"Yes","fee_type":null,"fee_description":null,"open_season":null,"season_description":null,"operational_hours":"May-September. Closes September 15.","usage_level":null,"water":"No water is available","restrooms":"Vault toilet(s)","pack_in_out":"No","permits":null,"passes":null,"restrictions":null,"important_info":null,"closest_towns":"Stanley, ID","directions":null,"recreation_gov_url":null,"usfs_url":"https://www.fs.usda.gov/recarea/sawtooth/recreation/recarea/?recid=5936","minimum_elevation":null,"maximum_elevation":null,"source_updated":"2026-08-06"}},{"type":"Feature","geometry":{"type":"Point","coordinates":[-115.2059322,45.7829412]},"properties":{"id":"usfs-camp:5022.000961","name":"Bridge Creek Campground","camp_type":"Developed campground","site_type":"CAMPGROUND","agency":"USDA Forest Service","managing_org_code":"011705","operated_by":"US Forest Service","status":"OPEN","status_reason":null,"description":"Nestled in tall timber, with a creek running through, Bridge Creek Campground has campsites with tables and metal fire rings.","capacity":25,"max_people":null,"fee_charged":"No","fee_type":null,"fee_description":"No fees are required for this site","open_season":null,"season_description":null,"operational_hours":"Open 24 hours/day","usage_level":null,"water":"Water can be treated or filtered from nearby water sources","restrooms":"Vault toilet(s)","pack_in_out":"Yes","permits":null,"passes":null,"restrictions":null,"important_info":null,"closest_towns":"Elk City, ID","directions":"From State Highway 14, turn south onto Red River-Dixie Road #222. Follow Road #222 to Red River Ranger Station (now closed) and its junction with Red River Hot Springs Road #234. Turn east on Road #234 and continue approximately 8 miles to the campground, which is about one mile west of Red River Hot Springs.","recreation_gov_url":null,"usfs_url":"https://www.fs.usda.gov/recarea/nezperceclearwater/recarea/?recid=16546","minimum_elevation":"4,800 feet","maximum_elevation":null,"source_updated":"2025-07-31"}},{"type":"Feature","geometry":{"type":"Point","coordinates":[-115.3901115,47.1126293]},"properties":{"id":"usfs-camp:5013.000331","name":"Fly Flat Campground","camp_type":"Developed campground","site_type":"CAMPGROUND","agency":"USDA Forest Service","managing_org_code":"010404","operated_by":"US Forest Service","status":"OPEN","status_reason":null,"description":"Fly Flat Campground features 14 camp units, drinking water (June-October), and vault toilets. Please comply with the Pack it In Pack it Out refuse policy. Attractions include fishing in wild trout waters, St. Joe Wild and Scenic River, and the Fly Creek Trailhead.","capacity":80,"max_people":null,"fee_charged":"Yes","fee_type":"EXPANDED AMENITY FEE","fee_description":"Overnight Use:\nPeak Season (Water ON): Single Site: $15 per night (2 vehicles included per site)\nAdditional Vehicle: $5 per night (3 vehicle limit per site)\nNon-Peak (Water OFF): $12 per night","open_season":null,"season_description":null,"operational_hours":"Open 24 hours/day","usage_level":null,"water":"Yes, drinking water is available from a hand pump","restrooms":"Vault toilet(s)","pack_in_out":"Yes","permits":null,"passes":"Interagency Senior/Access Recreation Passes provide a 50% discount to Single Campsites ONLY. *The discount applies only to the fee for the campsite physically occupied by the pass holder, not to any additional fee or campsite(s) occupied by members of the pass holder's party.* https://store.usgs.gov/recreational-passes Please be prepared to pay with CASH or CHECK. *Sites may be reservable and reservation fees apply.*","restrictions":null,"important_info":null,"closest_towns":"Avery, Idaho","directions":"Access 1: From Avery, Idaho take the St. Joe River Road (Forest Highway 50) 30 miles east to the campground entrance. Access 2: From St. Regis, Montana take the Little Joe Road (#282) to the Idaho border where it becomes Gold Creek Road (#388). Turn left on the St. Joe River Road (Forest Highway 50) and proceed 3 miles to the campground entrance.","recreation_gov_url":null,"usfs_url":"https://www.fs.usda.gov/recarea/ipnf/recarea/?recid=6907","minimum_elevation":null,"maximum_elevation":null,"source_updated":"2026-08-06"}},{"type":"Feature","geometry":{"type":"Point","coordinates":[-115.658503,44.080886]},"properties":{"id":"usfs-camp:5208.002731","name":"Deadwood Campground","camp_type":"Developed campground","site_type":"CAMPGROUND","agency":"USDA Forest Service","managing_org_code":"040205","operated_by":null,"status":"OPEN","status_reason":null,"description":"DEADWOOD CAMPGROUND (Campground) The Deadwood Campground is a small campground that is located at the scenic confluence of the Deadwood River and the South Fork Payette River on the Banks-Lowman Road 17.","capacity":35,"max_people":null,"fee_charged":"Yes","fee_type":"EXPANDED AMENITY FEE","fee_description":"This is a fee campground with 6 sites and no reservations are necessary. This campground is on a first-come, first-serve basis. Fee envelope and a collection box are provided near the entrance. Please bring cash or chack. Extra vehicle fees may apply.","open_season":null,"season_description":null,"operational_hours":null,"usage_level":null,"water":"Handpump Drinking Water","restrooms":"Vault Toilet","pack_in_out":"No","permits":null,"passes":"America the Beautiful","restrictions":null,"important_info":null,"closest_towns":"Lowman,Idaho","directions":"From Boise, Idaho, travel State Highway 55 north 38 miles to Banks, Idaho.\nTurn east onto the (Banks/Lowman Road) State Highway 17 and proceed along the scenic highway approximately 30 miles to the campground.","recreation_gov_url":null,"usfs_url":null,"minimum_elevation":"3,700 feet","maximum_elevation":null,"source_updated":"2026-08-06"}},{"type":"Feature","geometry":{"type":"Point","coordinates":[-116.1076832,44.524386]},"properties":{"id":"usfs-camp:5354.002731","name":"French Creek Campground","camp_type":"Developed campground","site_type":"CAMPGROUND","agency":"USDA Forest Service","managing_org_code":"040204","operated_by":null,"status":"OPEN","status_reason":null,"description":"French Creek Campground is located next to scenic Lake Cascade in west-central Idaho. It is near the town of Donnelly, at an elevation of 4,850 feet. Boating, fishing, swimming and hiking are popular activities in this scenic region.","capacity":105,"max_people":null,"fee_charged":"Yes","fee_type":"EXPANDED AMENITY FEE","fee_description":"Overnight Use:\nSingle Site: $15 per night","open_season":null,"season_description":null,"operational_hours":null,"usage_level":null,"water":"Potable Water","restrooms":"Vault Toilet","pack_in_out":"No","permits":null,"passes":"Interagency Senior/Access Recreation Passes provide a 50% discount to Single Campsites ONLY. *The discount applies only to the fee for the campsite physically occupied by the pass holder, not to any additional fee or campsite(s) occupied by members of the pass holder's party.* https://store.usgs.gov/recreational-passes Please be prepared to pay with CASH or CHECK. *Sites may be reservable and reservation fees apply.*","restrictions":null,"important_info":null,"closest_towns":null,"directions":null,"recreation_gov_url":"https://www.recreation.gov/camping/campgrounds/232046","usfs_url":null,"minimum_elevation":"5,000 feet","maximum_elevation":null,"source_updated":"2026-08-06"}},{"type":"Feature","geometry":{"type":"Point","coordinates":[-113.0025122,42.3277061]},"properties":{"id":"usfs-camp:5062.003221","name":"Sublett Campground","camp_type":"Developed campground","site_type":"CAMPGROUND","agency":"USDA Forest Service","managing_org_code":"041401","operated_by":"US Forest Service","status":"OPEN","status_reason":null,"description":"Sublett Campground is a developed campground located two miles from Sublett Reservoir. This is a non-fee, non-reservation campground and picnic area. The campground is composed of 9 individual units that can accommodate up to 40 visitors. This area is accessible for a season that varies usually between June through November. Campground amenities include toilets, 9 tables and grills, RV sites, livestock facilities, and a boat ramp. The campground is well suited for tent and trailer camping. The campground is a pack in/pack out area.","capacity":55,"max_people":null,"fee_charged":"No","fee_type":null,"fee_description":"No fees are required for this site","open_season":null,"season_description":null,"operational_hours":null,"usage_level":null,"water":"Not for drinking","restrooms":"Vault toilet(s)","pack_in_out":"Yes","permits":null,"passes":null,"restrictions":null,"important_info":null,"closest_towns":null,"directions":"From I-84, take exit 245 and go east 13 miles on Sublett Road around the north end of Sublett Reservoir.","recreation_gov_url":null,"usfs_url":"https://www.fs.usda.gov/recarea/sawtooth/recarea/?recid=5803","minimum_elevation":null,"maximum_elevation":null,"source_updated":"2025-12-22"}},{"type":"Feature","geometry":{"type":"Point","coordinates":[-116.6650824,47.7842381]},"properties":{"id":"usfs-camp:5048.000331","name":"Mokins Bay Campground","camp_type":"Developed campground","site_type":"CAMPGROUND","agency":"USDA Forest Service","managing_org_code":"010403","operated_by":"Concessionaire","status":"OPEN","status_reason":null,"description":"Mokins Bay Campground is located near the eastern shore of Hayden Lake in northwest Idaho. Located in the northwest portion of the Bitterroot Mountain range, known as the Coeur d Alene mountains, this campground offers visitors solitude in a forested setting. Natural Features: The small campground is surrounded by a heavy canopy of pines. Wildflowers like trillium and buttercups thrive in the springtime, creating a stunning backdrop for campers. Hayden Lake boasts a 40-mile shoreline with a surface area of 3,800 acres. The lake was formed by the Missoula Floods that occurred nearly 15,000 years ago, at the end of the last ice age. Recreation: Fishing is popular in the surrounding lakes and streams, with cutthroat trout, large and small-mouth bass, northern pike, and Kokanee salmon among the most common catches. Power boating and other water sports are also popular activities. Facilities: Drinking water, grills, paved parking spurs and vault toilets are among the amenities at Mokins. A horseshoe pit is also onsite. Access to campground is on a gravel road. Nearby Attractions: The nearby town of Coeur d'Alene, Idaho, offers several tourist attractions, as well as restaurants, gas and groceries.","capacity":85,"max_people":null,"fee_charged":"Yes","fee_type":null,"fee_description":"Overnight Use:\nSingle Site: $26","open_season":"Late May","season_description":null,"operational_hours":"Open 24 hours/day","usage_level":null,"water":"Yes, drinking water is available from a hand pump","restrooms":"Vault toilet(s)","pack_in_out":"No","permits":null,"passes":"Interagency Senior/Access Recreation Passes provide a 50% discount to Single Campsites ONLY. *The discount applies only to the fee for the campsite physically occupied by the pass holder, not to any additional fee or campsite(s) occupied by members of the pass holder's party.* https://store.usgs.gov/recreational-passes Please be prepared to pay with CASH or CHECK. *Sites may be reservable and reservation fees apply.*","restrictions":null,"important_info":null,"closest_towns":"Hayden, Idaho","directions":"GPS Info.(Latitude, Longitude):47.78444,-116.6655647474N,1163956WFrom Coeur d'Alene, Idaho, take Route 95 north for 6.1 miles to Lancaster Road. Turn right and continue 6.3 miles to a Y intersection. Bear right and continue to Mokins Road, turn left go 0.1 mile to campground entrance.","recreation_gov_url":"https://www.recreation.gov/camping/campgrounds/233270","usfs_url":"https://www.fs.usda.gov/recarea/ipnf/recarea/?recid=6842","minimum_elevation":null,"maximum_elevation":null,"source_updated":"2026-08-06"}},{"type":"Feature","geometry":{"type":"Point","coordinates":[-115.2699792,45.7505522]},"properties":{"id":"usfs-camp:5023.000961","name":"Red River Campground","camp_type":"Developed campground","site_type":"CAMPGROUND","agency":"USDA Forest Service","managing_org_code":"011705","operated_by":"US Forest Service","status":"OPEN","status_reason":null,"description":"Red River Campground has campsites with tables and metal fire rings. Several toilets service the campground. Larger RVs should preview the site before entering.","capacity":220,"max_people":null,"fee_charged":"Yes","fee_type":"EXPANDED AMENITY FEE","fee_description":"Overnight Use:\nSingle Site: $12 per night\nAdditional Vehicle Fee: $3 per night","open_season":null,"season_description":null,"operational_hours":"Open 24 hours/day","usage_level":null,"water":"Yes, drinking water is available from a hand pump","restrooms":"Vault toilet(s)","pack_in_out":"Yes","permits":null,"passes":"Interagency Senior/Access Recreation Passes provide a 50% discount to Single Campsites ONLY. *The discount applies only to the fee for the campsite physically occupied by the pass holder, not to any additional fee or campsite(s) occupied by members of the pass holder's party.* https://store.usgs.gov/recreational-passes Please be prepared to pay with CASH or CHECK. *Sites may be reservable and reservation fees apply.*","restrictions":null,"important_info":null,"closest_towns":"Elk City, ID","directions":"From State Highway 14, turn south onto Red River-Dixie Road #222. Follow Road #222 to Red River Ranger Station (now closed) and its junction with Red River Hot Springs Road #234. Turn east on Road #234 and continue approximately 4 miles to the campground. Five miles west of Red River Hot Springs.","recreation_gov_url":null,"usfs_url":"https://www.fs.usda.gov/recarea/nezperceclearwater/recarea/?recid=16636","minimum_elevation":null,"maximum_elevation":null,"source_updated":"2026-08-06"}},{"type":"Feature","geometry":{"type":"Point","coordinates":[-112.6899354,42.0717864]},"properties":{"id":"usfs-camp:5009.002861","name":"Curlew Campground","camp_type":"Developed campground","site_type":"CAMPGROUND","agency":"USDA Forest Service","managing_org_code":"041557","operated_by":"US Forest Service","status":"OPEN","status_reason":null,"description":"Curlew Campground is located just seven miles north of Snowville, Utah, and fewer than 10 miles south of Holbrook, Idaho. The campground is adjacent to Stone Reservoir in the Curlew tiol Grassland. It sits at an elevation of 4,700 feet.","capacity":340,"max_people":null,"fee_charged":"Yes","fee_type":"EXPANDED AMENITY FEE","fee_description":null,"open_season":null,"season_description":null,"operational_hours":"Open 24 hours/day","usage_level":null,"water":"Yes, drinking water is available from faucets","restrooms":"Vault toilet(s)","pack_in_out":"Yes","permits":null,"passes":null,"restrictions":null,"important_info":null,"closest_towns":"Malad City, Idaho","directions":"Take the Snowville, Utah, exit off Interstate 84, northwest of Tremonton. Continue north on the paved highway for 6.5 miles. Turn left (north) at the Curlew Campground sign, then go another half-mile on a gravel road to the campground.\nFrom Holbrook, Idaho, travel 24 miles west of Malad and continue south for 7.5 miles on the paved highway. Turn right (west) following the same highway and go almost 2 miles to the Curlew Campground turnoff. Turn right (north) on gravel road and go a half-mile to the campground. The route is relatively easy for RVs.","recreation_gov_url":"https://www.recreation.gov/camping/campgrounds/233970","usfs_url":"https://www.fs.usda.gov/recarea/ctnf/recarea/?recid=53929","minimum_elevation":null,"maximum_elevation":null,"source_updated":"2026-08-06"}},{"type":"Feature","geometry":{"type":"Point","coordinates":[-116.6178114,45.08286]},"properties":{"id":"usfs-camp:5084.003141","name":"Huckleberry Campground","camp_type":"Developed campground","site_type":"CAMPGROUND","agency":"USDA Forest Service","managing_org_code":"041201","operated_by":"US Forest Service","status":"OPEN","status_reason":null,"description":"This is a popular 8 unit campground located along a small creek suitable for fishing. Large Ponderosa Pine and Douglas Fir shade the areas during the day. No hook-ups and no potable water are available. You will need to bring your own water. The typical operating season is mid-May through the end of November.","capacity":40,"max_people":null,"fee_charged":"Yes","fee_type":"EXPANDED AMENITY FEE","fee_description":"Overnight Use:\nSingle Site: $10 per night\nDouble Site: $15 per night","open_season":null,"season_description":null,"operational_hours":"Check in: 2:00 p.m.; Check-out: 11:00 a.m.","usage_level":null,"water":"Yes, drinking water is available from a hand pump","restrooms":"Vault toilet(s)","pack_in_out":"Yes","permits":null,"passes":"Interagency Senior/Access Recreation Passes provide a 50% discount to Single Campsites ONLY. *The discount applies only to the fee for the campsite physically occupied by the pass holder, not to any additional fee or campsite(s) occupied by members of the pass holder's party.* https://store.usgs.gov/recreational-passes Please be prepared to pay with CASH or CHECK. *Sites may be reservable and reservation fees apply.*","restrictions":null,"important_info":null,"closest_towns":"Council, ID","directions":"Huckleberry Campground is about 30 miles from Council, Idaho. From Highway 95, take the Council to Cuprum Road #002 (Hornet Ridge Road) to the junction with Forest Road #105 to Bear. Follow Forest Road #105 to the junction with Forest Road #110 to the campground.","recreation_gov_url":null,"usfs_url":"https://www.fs.usda.gov/recarea/payette/recarea/?recid=26941","minimum_elevation":"4,950 feet","maximum_elevation":null,"source_updated":"2026-08-06"}},{"type":"Feature","geometry":{"type":"Point","coordinates":[-112.1228142,42.1912638]},"properties":{"id":"usfs-camp:13005.002861","name":"Third Creek Group Area","camp_type":"Group campground","site_type":"GROUP CAMPGROUND","agency":"USDA Forest Service","managing_org_code":"041557","operated_by":"US Forest Service","status":"OPEN","status_reason":null,"description":"Third Creek Group Campground is located just 12 miles northeast of Malad, Idaho, on the Weston Highway near Deep Creek Reservoir. Visitors enjoy exploring the local trail system and fishing at Deep Creek.","capacity":100,"max_people":null,"fee_charged":"Yes","fee_type":"EXPANDED AMENITY FEE","fee_description":null,"open_season":null,"season_description":null,"operational_hours":"Open 24 hours/day","usage_level":null,"water":"Yes, drinking water is available from faucets","restrooms":"Vault toilet(s)","pack_in_out":"Yes","permits":null,"passes":null,"restrictions":null,"important_info":null,"closest_towns":"Malad City, Idaho","directions":"Go 3.5 miles north of Malad, Idaho. Take exit 17 (Weston Highway) off I-15, and go east on Weston highway. Stay on Weston highway for seven miles to Upper Deep Creek Reservoir. Turn left on Forest road #231. Go one mile to Third Creek Group Site Campground. Weston highway is paved and the road to the campground is a good gravel road (one mile) and easy access for motor homes.","recreation_gov_url":"https://www.recreation.gov/camping/campgrounds/233971","usfs_url":"https://www.fs.usda.gov/recarea/ctnf/recreation/recarea/?recid=54739&actid=33","minimum_elevation":"5,520 feet","maximum_elevation":null,"source_updated":"2026-08-06"}},{"type":"Feature","geometry":{"type":"Point","coordinates":[-115.4838482,45.5388792]},"properties":{"id":"usfs-camp:6976.000961","name":"Sams Creek Campground","camp_type":"Developed campground","site_type":"CAMPGROUND","agency":"USDA Forest Service","managing_org_code":"011705","operated_by":"US Forest Service","status":"OPEN","status_reason":null,"description":"Sam's Creek Campground, near the Gospel-Hump Wilderness on Crooked Creek and Sams Creek, is peacefully tucked in among a grove of  pine trees with the soothing sounds of the river running in the background. Three campsites, tables and fire grates allow for relaxed camping. There is limited parking and limited maneuvering for camp trailers.","capacity":15,"max_people":null,"fee_charged":"No","fee_type":null,"fee_description":"No fees are required for this site","open_season":null,"season_description":null,"operational_hours":"Open 24 hours/day","usage_level":null,"water":"Water can be treated or filtered from nearby water sources","restrooms":"Vault toilet(s)","pack_in_out":"Yes","permits":null,"passes":null,"restrictions":null,"important_info":null,"closest_towns":"Dixie, ID","directions":"From Elk City, go 32 miles, first 2 miles west on ID 14 and then south on Forest Road 233 and FR 311. Go 1 mile north on Forest Road 222 to campground.","recreation_gov_url":null,"usfs_url":"https://www.fs.usda.gov/recarea/nezperceclearwater/recarea/?recid=16646","minimum_elevation":null,"maximum_elevation":null,"source_updated":"2025-07-31"}},{"type":"Feature","geometry":{"type":"Point","coordinates":[-115.5239931,44.6242661]},"properties":{"id":"usfs-camp:5380.002731","name":"Penn Basin Campground","camp_type":"Developed campground","site_type":"CAMPGROUND","agency":"USDA Forest Service","managing_org_code":"040204","operated_by":null,"status":"OPEN","status_reason":null,"description":"PENN BASIN CAMPGROUND (Campground)","capacity":30,"max_people":null,"fee_charged":"Yes","fee_type":"EXPANDED AMENITY FEE","fee_description":null,"open_season":null,"season_description":null,"operational_hours":null,"usage_level":null,"water":null,"restrooms":"Vault Toilet","pack_in_out":"Yes","permits":null,"passes":null,"restrictions":null,"important_info":null,"closest_towns":null,"directions":null,"recreation_gov_url":null,"usfs_url":null,"minimum_elevation":"6,700 feet","maximum_elevation":null,"source_updated":"2026-08-06"}},{"type":"Feature","geometry":{"type":"Point","coordinates":[-116.8632762,48.7700863]},"properties":{"id":"usfs-camp:6039.000331","name":"Geisinger Campground","camp_type":"Developed campground","site_type":"CAMPGROUND","agency":"USDA Forest Service","managing_org_code":"010408","operated_by":"US Forest Service","status":"OPEN","status_reason":null,"description":"Geisinger Campground is located at the entrance to Upper Priest Lake. It has three sites at the confluence with the Thorofare, all furnished with fire rings, picnic tables, and bear-proof storage boxes.Please note that this campground has a Pack it In, Pack It Out policy on all garbage.","capacity":20,"max_people":null,"fee_charged":"Yes","fee_type":"EXPANDED AMENITY FEE","fee_description":"Overnight Use Single Site: $15 per night","open_season":"May","season_description":null,"operational_hours":"Open 24 hours/day","usage_level":null,"water":"No drinking water is available","restrooms":"Vault toilet(s)","pack_in_out":"Yes","permits":null,"passes":null,"restrictions":"Pets must be leashed at all times; leash no longer than 6 feet.No glass bottles are allowed on beach.No bathing or washing dishes in the lake.Quiet hours are from 10 p.m. through 6 a.m.No fireworks.14 days camping limit.Maximum of 8 people per site.Campsi","important_info":null,"closest_towns":"Priest River, Idaho","directions":"Southeast end of Upper Priest Lake, accessible by boat or hiking in via Upper Priest Lake Trail #302.","recreation_gov_url":null,"usfs_url":"https://www.fs.usda.gov/recarea/ipnf/recarea/?recid=6777","minimum_elevation":null,"maximum_elevation":null,"source_updated":"2025-10-02"}},{"type":"Feature","geometry":{"type":"Point","coordinates":[-115.908123,44.054896]},"properties":{"id":"usfs-camp:5279.002731","name":"Hot Springs Campground","camp_type":"Developed campground","site_type":"CAMPGROUND","agency":"USDA Forest Service","managing_org_code":"040206","operated_by":null,"status":"OPEN","status_reason":null,"description":"HOT SPRINGS CAMPGROUND (Campground)","capacity":45,"max_people":null,"fee_charged":"Yes","fee_type":null,"fee_description":null,"open_season":null,"season_description":null,"operational_hours":null,"usage_level":null,"water":"Drinking water available","restrooms":"Vault","pack_in_out":"No","permits":null,"passes":null,"restrictions":null,"important_info":null,"closest_towns":null,"directions":null,"recreation_gov_url":null,"usfs_url":null,"minimum_elevation":null,"maximum_elevation":null,"source_updated":"2026-08-06"}},{"type":"Feature","geometry":{"type":"Point","coordinates":[-115.0752128,43.6058061]},"properties":{"id":"usfs-camp:5051.003221","name":"Baumgartner Campground","camp_type":"Developed campground","site_type":"CAMPGROUND","agency":"USDA Forest Service","managing_org_code":"041405","operated_by":null,"status":"OPEN","status_reason":null,"description":"Baumgartner Campground is situated alongside the South Fork Boise River, 11 miles from Featherville, Idaho. The area offers excellent fishing, hiking and off-road vehicle riding opportunities. Baumgartner Hot Springs is located within the campground, where visitors can enjoy soaking in the pool while admiring the scenic, natural setting.","capacity":412,"max_people":null,"fee_charged":"Yes","fee_type":"EXPANDED AMENITY FEE","fee_description":"Overnight Use:\nSingle Site: $10 per night\nDouble Site: $20 per night\nGroup Site: $40 per night","open_season":null,"season_description":null,"operational_hours":"Standard operating times are May - September, and can be seasonally contingent.","usage_level":null,"water":null,"restrooms":"Vault toilet(s)","pack_in_out":"No","permits":null,"passes":"Interagency Senior/Access Recreation Passes provide a 50% discount to Single Campsites ONLY. *The discount applies only to the fee for the campsite physically occupied by the pass holder, not to any additional fee or campsite(s) occupied by members of the pass holder's party.* https://store.usgs.gov/recreational-passes Please be prepared to pay with CASH or CHECK. *Sites may be reservable and reservation fees apply.*","restrictions":null,"important_info":null,"closest_towns":"Featherville, ID and Fairfield, ID","directions":null,"recreation_gov_url":"https://www.recreation.gov/camping/campgrounds/232354","usfs_url":"https://www.fs.usda.gov/recarea/sawtooth/recreation/recarea/?recid=5984","minimum_elevation":"4,920 feet","maximum_elevation":null,"source_updated":"2026-08-06"}},{"type":"Feature","geometry":{"type":"Point","coordinates":[-114.4804428,44.0045161]},"properties":{"id":"usfs-camp:13436010560","name":"East Fork Baker Creek Campground","camp_type":"Developed campground","site_type":"CAMPGROUND","agency":"USDA Forest Service","managing_org_code":"041403","operated_by":"US Forest Service","status":"OPEN","status_reason":null,"description":"East Fork Baker Creek Campground is a primitive non-fee, non-reservation campground composed of 7 campsites located by the East Fork of Baker Creek. This area is accessible from June through November. Campground amenities include a vault toilet and fire rings. Fishing is available in Baker Creek.","capacity":35,"max_people":null,"fee_charged":"No","fee_type":null,"fee_description":"No fees are required for this site","open_season":null,"season_description":null,"operational_hours":"June-November","usage_level":null,"water":"No water is available","restrooms":"Vault toilet(s)","pack_in_out":"Yes","permits":null,"passes":null,"restrictions":null,"important_info":null,"closest_towns":"Ketchum, ID","directions":"From Ketchum, head north 15 miles on ID 75, then west 3 miles on Forest Road #162.","recreation_gov_url":null,"usfs_url":"https://www.fs.usda.gov/recarea/sawtooth/recreation/recarea/?recid=5822","minimum_elevation":null,"maximum_elevation":null,"source_updated":"2025-10-02"}},{"type":"Feature","geometry":{"type":"Point","coordinates":[-111.364127,42.8111632]},"properties":{"id":"usfs-camp:5013.002861","name":"Mill Canyon Campground","camp_type":"Developed campground","site_type":"CAMPGROUND","agency":"USDA Forest Service","managing_org_code":"041555","operated_by":"US Forest Service","status":"OPEN","status_reason":null,"description":"Mill Canyon Campground has 10 single units. It's near Blackfoot River. It does have restrooms.","capacity":65,"max_people":null,"fee_charged":"Yes","fee_type":"EXPANDED AMENITY FEE","fee_description":null,"open_season":null,"season_description":null,"operational_hours":"Open 24 hours/day","usage_level":null,"water":"No water is available","restrooms":"No restroom available","pack_in_out":"No","permits":null,"passes":null,"restrictions":null,"important_info":null,"closest_towns":"Soda Springs, Idaho","directions":"From Soda Springs, ID, turn on ID-34 E for 11.8 miles. Turn right at Blackfoot River Rd and stay on this road for approximately 13.7 miles. Turn left and go 0.5 miles to get to the campground.","recreation_gov_url":null,"usfs_url":"https://www.fs.usda.gov/recarea/ctnf/recarea/?recid=54325","minimum_elevation":null,"maximum_elevation":null,"source_updated":"2026-08-06"}},{"type":"Feature","geometry":{"type":"Point","coordinates":[-115.681887,44.066451]},"properties":{"id":"usfs-camp:5206.002731","name":"PINE FLATS (ID)","camp_type":"Developed campground","site_type":"CAMPGROUND","agency":"USDA Forest Service","managing_org_code":"040205","operated_by":null,"status":"OPEN","status_reason":null,"description":"Pine Flats Campground is located a few miles west of Lowman, Idaho, along the Banks-Lowman Highway at an elevation of 3,700 feet. Visitors enjoy rafting, kayaking and fishing on the South Fork Payette River, and soaking in the hot springs at the river's edge.","capacity":160,"max_people":null,"fee_charged":"Yes","fee_type":"EXPANDED AMENITY FEE","fee_description":"Overnight Use:\nSingle Site: $15 per night\nDouble Site: $30 per night","open_season":"End of May-End of September","season_description":null,"operational_hours":null,"usage_level":null,"water":"Handpump Drinking Water","restrooms":"Vault Toilets","pack_in_out":"No","permits":null,"passes":"Interagency Senior/Access Recreation Passes provide a 50% discount to Single Campsites ONLY. *The discount applies only to the fee for the campsite physically occupied by the pass holder, not to any additional fee or campsite(s) occupied by members of the pass holder's party.* https://store.usgs.gov/recreational-passes Please be prepared to pay with CASH or CHECK. *Sites may be reservable and reservation fees apply.*","restrictions":null,"important_info":null,"closest_towns":"Lowman, Idaho","directions":"From Boise, Idaho, travel north along State Highway 55 to Banks, Idaho appoximately 38 miles.\nAt Banks, turn right (east) onto State Highway 17 (Banks/Lowman Road) and proceed 28 miles to Pine Flats Campground.","recreation_gov_url":"https://www.recreation.gov/camping/campgrounds/232312","usfs_url":null,"minimum_elevation":null,"maximum_elevation":"3700","source_updated":"2026-08-06"}},{"type":"Feature","geometry":{"type":"Point","coordinates":[-115.4831464,46.4350573]},"properties":{"id":"usfs-camp:210206010602","name":"Weitas Meadows Camp","camp_type":"Developed campground","site_type":"CAMPGROUND","agency":"USDA Forest Service","managing_org_code":"011755","operated_by":null,"status":"OPEN","status_reason":null,"description":"WEITAS MEADOWS CAMP (Campground)","capacity":10,"max_people":null,"fee_charged":"No","fee_type":null,"fee_description":null,"open_season":null,"season_description":null,"operational_hours":null,"usage_level":null,"water":null,"restrooms":null,"pack_in_out":"Yes","permits":null,"passes":null,"restrictions":null,"important_info":null,"closest_towns":null,"directions":null,"recreation_gov_url":null,"usfs_url":null,"minimum_elevation":null,"maximum_elevation":null,"source_updated":"2023-07-05"}},{"type":"Feature","geometry":{"type":"Point","coordinates":[-115.6254024,46.1358332]},"properties":{"id":"usfs-camp:5222.000411","name":"Wild Goose Campground","camp_type":"Developed campground","site_type":"CAMPGROUND","agency":"USDA Forest Service","managing_org_code":"011755","operated_by":"US Forest Service","status":"OPEN","status_reason":null,"description":"Situated along the middle fork of the Clearwater River at milepost 98 on scenic Highway 12, Wild Goose Campground offers a superb location to feel the sand between your toes while deciding on which river adventure you want to enjoy. Tubing, swimming and whitewater kayaking are just a few of the water sports you and your family can choose from, and guided trips and equipment rental are available in the nearby towns of Syringa and Lowel, Idaho. With eight campsites, two toilets and gravel parking, this site could be the perfect spot for your next outdoor water sport adventure.\nThe Campground will accommodate 24-ft. RV's.","capacity":40,"max_people":null,"fee_charged":"Yes","fee_type":"EXPANDED AMENITY FEE","fee_description":"Overnight Use:\nSingle Site: $14 per night","open_season":null,"season_description":null,"operational_hours":"Open 24 hours/day","usage_level":null,"water":"Yes, drinking water is available from a hand pump","restrooms":"Vault toilet(s)","pack_in_out":"No","permits":null,"passes":"Interagency Senior/Access Recreation Passes provide a 50% discount to Single Campsites ONLY. *The discount applies only to the fee for the campsite physically occupied by the pass holder, not to any additional fee or campsite(s) occupied by members of the pass holder's party.* https://store.usgs.gov/recreational-passes Please be prepared to pay with CASH or CHECK. *Sites may be reservable and reservation fees apply.*","restrictions":null,"important_info":null,"closest_towns":"Kooskia, ID","directions":"From Kooskia, Idaho, follow US Hwy 12, 20.0 miles east. Wild Goose Campground is on the right side between the Hwy and the river.","recreation_gov_url":null,"usfs_url":"https://www.fs.usda.gov/recarea/nezperceclearwater/recarea/?recid=80724","minimum_elevation":null,"maximum_elevation":null,"source_updated":"2026-08-06"}},{"type":"Feature","geometry":{"type":"Point","coordinates":[-111.5069546,42.1905657]},"properties":{"id":"usfs-camp:12962010495","name":"Harrys Hollow","camp_type":"Developed campground","site_type":"CAMPGROUND","agency":"USDA Forest Service","managing_org_code":"041553","operated_by":null,"status":"OPEN","status_reason":null,"description":"HARRYS HOLLOW (Campground)","capacity":25,"max_people":null,"fee_charged":"No","fee_type":null,"fee_description":null,"open_season":null,"season_description":null,"operational_hours":null,"usage_level":null,"water":null,"restrooms":null,"pack_in_out":"Yes","permits":null,"passes":null,"restrictions":null,"important_info":null,"closest_towns":null,"directions":null,"recreation_gov_url":null,"usfs_url":null,"minimum_elevation":null,"maximum_elevation":null,"source_updated":"2025-12-22"}},{"type":"Feature","geometry":{"type":"Point","coordinates":[-114.9255579,44.1399724]},"properties":{"id":"usfs-camp:5116.003221","name":"Point Campground","camp_type":"Developed campground","site_type":"CAMPGROUND","agency":"USDA Forest Service","managing_org_code":"041404","operated_by":"Concessionaire","status":"OPEN","status_reason":null,"description":"Point Campground is composed of 17 campsites on the west side of Redfish Lake. This campground is consistently rated as one of the top campsites in the country. Sites 1 - 8 are for walk-in tent camping only. Motorhomes and trailers are not allowed at this campground. The campground features a sandy beach and a day use area for picnicking and great fishing for trout is in the lake. Take a short tour on the interpretive Fishhook Nature Trail, or a longer walk west into the beautiful Sawtooth Wilderness to battle wild cutthroat in the alpine lakes. A boat ramp is located at Sandy Beach boat launch, on the east shore of the lake. Waterskiing, sailing, swimming, wading, canoeing, motorized boating and of course, fishing are all great ways to enjoy the waters.","capacity":96,"max_people":null,"fee_charged":"Yes","fee_type":null,"fee_description":null,"open_season":null,"season_description":null,"operational_hours":"May-September. Closes September 16, camp hosts unavailable after September 16. Access to beach until September 30.","usage_level":null,"water":"Yes, drinking water is available from faucets","restrooms":"Vault toilet(s)","pack_in_out":"No","permits":null,"passes":null,"restrictions":null,"important_info":null,"closest_towns":"Stanley, ID","directions":"From Stanley, go 1.5 mile south on ID 75 and 2.5 miles west on Forest Road #214.","recreation_gov_url":"https://www.recreation.gov/camping/campgrounds/232085","usfs_url":"https://www.fs.usda.gov/recarea/sawtooth/recreation/recarea/?recid=5931","minimum_elevation":null,"maximum_elevation":null,"source_updated":"2026-08-06"}},{"type":"Feature","geometry":{"type":"Point","coordinates":[-116.8927542,48.7978883]},"properties":{"id":"usfs-camp:6041.000331","name":"Trapper Campground","camp_type":"Developed campground","site_type":"CAMPGROUND","agency":"USDA Forest Service","managing_org_code":"010408","operated_by":"US Forest Service","status":"OPEN","status_reason":null,"description":"Trapper Creek Campground is located on the northeast shore of Upper Priest Lake. It has five sites with beautiful views of Plowboy Mountain, all furnished with fire rings, picnic tables, and bear-proof storage boxes. Please note that this campground has a Pack It In, Pack It Out policy on all garbage.","capacity":20,"max_people":null,"fee_charged":"Yes","fee_type":"EXPANDED AMENITY FEE","fee_description":"Overnight Use Single Site: $15 per night","open_season":"May","season_description":null,"operational_hours":"Open 24 hours/day","usage_level":null,"water":"No drinking water is available","restrooms":"Vault toilet(s)","pack_in_out":"Yes","permits":null,"passes":null,"restrictions":null,"important_info":null,"closest_towns":"Priest River, Idaho","directions":"Northeast end of Upper Priest Lake, accessible by boat or via Upper Priest Lake Trail #302.","recreation_gov_url":null,"usfs_url":"https://www.fs.usda.gov/recarea/ipnf/recarea/?recid=6776","minimum_elevation":null,"maximum_elevation":null,"source_updated":"2025-10-02"}},{"type":"Feature","geometry":{"type":"Point","coordinates":[-113.9890568,45.0190323]},"properties":{"id":"usfs-camp:5164.003191","name":"Williams Lake Campground","camp_type":"Developed campground","site_type":"CAMPGROUND","agency":"USDA Forest Service","managing_org_code":"041301","operated_by":null,"status":"OPEN","status_reason":null,"description":"WILLIAMS LAKE CAMPGROUND (Campground)","capacity":15,"max_people":null,"fee_charged":"No","fee_type":null,"fee_description":null,"open_season":null,"season_description":null,"operational_hours":null,"usage_level":null,"water":null,"restrooms":null,"pack_in_out":"Yes","permits":null,"passes":null,"restrictions":null,"important_info":null,"closest_towns":null,"directions":null,"recreation_gov_url":null,"usfs_url":null,"minimum_elevation":"5,438 feet","maximum_elevation":null,"source_updated":"2025-04-09"}},{"type":"Feature","geometry":{"type":"Point","coordinates":[-116.9081142,48.7941063]},"properties":{"id":"usfs-camp:5855.000331","name":"Navigation Campground","camp_type":"Developed campground","site_type":"CAMPGROUND","agency":"USDA Forest Service","managing_org_code":"010408","operated_by":"US Forest Service","status":"OPEN","status_reason":null,"description":"Navigation Campground is located on the northwest shores of Upper Priest Lake, with majestic views of the Selkirk Crest. Four campsites are furnished with fire rings, picnic tables, and bear-proof storage boxes. Please note that this site has a Pack It In, Pack It Out policy on all garbage.","capacity":30,"max_people":null,"fee_charged":"Yes","fee_type":"EXPANDED AMENITY FEE","fee_description":"Overnight Use Single Site: $15 per night","open_season":"June","season_description":null,"operational_hours":"Open 24 hours/day","usage_level":null,"water":"No drinking water is available","restrooms":"Vault toilet(s)","pack_in_out":"Yes","permits":null,"passes":null,"restrictions":"Campsites must be occupied first night","important_info":null,"closest_towns":"Priest River, Idaho","directions":"Northwest end of Upper Priest Lake, accessible by boat or trail.","recreation_gov_url":null,"usfs_url":"https://www.fs.usda.gov/recarea/ipnf/recarea/?recid=6775","minimum_elevation":null,"maximum_elevation":null,"source_updated":"2025-10-02"}},{"type":"Feature","geometry":{"type":"Point","coordinates":[-115.0768864,46.8724133]},"properties":{"id":"usfs-camp:5233.000411","name":"Cedars Campground","camp_type":"Developed campground","site_type":"CAMPGROUND","agency":"USDA Forest Service","managing_org_code":"011753","operated_by":null,"status":"OPEN","status_reason":null,"description":"CEDARS CAMPGROUND (Campground)","capacity":25,"max_people":null,"fee_charged":"No","fee_type":null,"fee_description":null,"open_season":null,"season_description":null,"operational_hours":null,"usage_level":null,"water":null,"restrooms":null,"pack_in_out":"Yes","permits":null,"passes":null,"restrictions":null,"important_info":null,"closest_towns":null,"directions":null,"recreation_gov_url":null,"usfs_url":null,"minimum_elevation":null,"maximum_elevation":null,"source_updated":"2026-02-23"}},{"type":"Feature","geometry":{"type":"Point","coordinates":[-116.8877712,48.5058983]},"properties":{"id":"usfs-camp:5143.000331","name":"Osprey Campground","camp_type":"Developed campground","site_type":"CAMPGROUND","agency":"USDA Forest Service","managing_org_code":"010408","operated_by":"Concessionaire","status":"OPEN","status_reason":null,"description":"Campers come to Osprey for sunshine and boating at Priest Lake, and for breathtaking views of the rugged Selkirk Mountains. Fishing is also a big draw, with trout just waiting to be caught. While here, watch for moose, grizzly and black bears, wolves, mountain lions and deer. Osprey, as inferred by the campground name, also inhabit the area. Natural Features: Osprey Campground is perched on the lower western shore of Priest Lake near Outlet Bay. The beautiful 25,000-acre lake is fed by springs trickling down from the Selkirks. The clear, blue lake reaches 300 feet in depth. Recreation: Boating, canoeing, kayaking and wake boarding are summer-time favorites. Boaters like to head north on the lake and traverse a narrow Thorofare to reach Upper Priest Lake Scenic Area. Anglers often catch Dolly Varden and cutthroat trout and kokanee salmon. Facilities: Campground roads and parking spurs are paved and many facilities are accessible. Amenities include flush toilets, fire rings and picnic tables that are naturally shaded by towering trees. Nearby Attractions: Hike the Chipmunk Rapids Trail that traverses along the Kaniksu Marsh, Priest River and Chipmunk Rapids.","capacity":80,"max_people":null,"fee_charged":"Yes","fee_type":null,"fee_description":"Overnight Use:\nSingle Site: $30-$32 per night","open_season":"Mid May","season_description":null,"operational_hours":"Open 24 hours/day","usage_level":null,"water":"Yes, drinking water is available from a hand pump","restrooms":"Flush toilet(s)","pack_in_out":"No","permits":null,"passes":"Interagency Senior/Access Recreation Passes provide a 50% discount to Single Campsites ONLY. *The discount applies only to the fee for the campsite physically occupied by the pass holder, not to any additional fee or campsite(s) occupied by members of the pass holder's party.* https://store.usgs.gov/recreational-passes Please be prepared to pay with CASH or CHECK. *Sites may be reservable and reservation fees apply.*","restrictions":null,"important_info":null,"closest_towns":"Priest River, Idaho","directions":"GPS Info.(Latitude, Longitude):48.49917,-116.89417482957N,1165339WFrom I-90; Turn at Post Falls Highway 41 north to Newport, WA. Take Highway 2 east to Priest River. At the junction of Highway 57 and Highway 2, turn left. Drive 26 miles to Outlet Bay Road. Turn right for approximately 0.5 mile. Turn left on W. Lakeshore Road. Proceed 1 mile to Osprey Campground on the right.","recreation_gov_url":"https://www.recreation.gov/camping/campgrounds/233901","usfs_url":"https://www.fs.usda.gov/recarea/ipnf/recarea/?recid=6766","minimum_elevation":null,"maximum_elevation":null,"source_updated":"2026-08-06"}},{"type":"Feature","geometry":{"type":"Point","coordinates":[-116.1900343,44.9884411]},"properties":{"id":"usfs-camp:5030.003141","name":"Last Chance Campground","camp_type":"Developed campground","site_type":"CAMPGROUND","agency":"USDA Forest Service","managing_org_code":"041204","operated_by":"US Forest Service","status":"OPEN","status_reason":null,"description":"At Last Chance Campground, there are 20 single and three double sites situated along Goose Creek in a mature Ponderosa Pine and Douglas Fir forest. Each site includes a fire ring a picnic table. There is typically a campground host on site and potable water available May - September. All sites are available on a first-come, first-serve basis and camping is limited to 14 days. There are no hookups or trash receptacles. Please pack out your trash.","capacity":158,"max_people":null,"fee_charged":"Yes","fee_type":"EXPANDED AMENITY FEE","fee_description":"Overnight Use:\nSingle Site: $10 per night\nDouble Site: $15 per night","open_season":null,"season_description":null,"operational_hours":"Check in: 2:00 p.m.; Check-out: 12:00 p.m.","usage_level":null,"water":"Yes, drinking water is available from a hand pump","restrooms":"Vault toilet(s)","pack_in_out":"Yes","permits":null,"passes":"Interagency Senior/Access Recreation Passes provide a 50% discount to Single Campsites ONLY. *The discount applies only to the fee for the campsite physically occupied by the pass holder, not to any additional fee or campsite(s) occupied by members of the pass holder's party.* https://store.usgs.gov/recreational-passes Please be prepared to pay with CASH or CHECK. *Sites may be reservable and reservation fees apply.*","restrictions":null,"important_info":null,"closest_towns":"McCall, ID","directions":"Travel north of McCall on Highway 55 seven miles and turn right (north) onto Forest Road #453 just after a small sign advertising the campground. Follow this gravel road just over two miles to the campground.","recreation_gov_url":null,"usfs_url":"https://www.fs.usda.gov/recarea/payette/recarea/?recid=26927","minimum_elevation":null,"maximum_elevation":null,"source_updated":"2026-08-06"}},{"type":"Feature","geometry":{"type":"Point","coordinates":[-111.3698122,44.4251065]},"properties":{"id":"usfs-camp:5045.003281","name":"Buffalo Campground","camp_type":"Developed campground","site_type":"CAMPGROUND","agency":"USDA Forest Service","managing_org_code":"041552","operated_by":"Concessionaire","status":"OPEN","status_reason":null,"description":"Buffalo Campground is located 26 miles south of West Yellowstone, Monta and 25 miles north of Ashton, Idaho in beautiful Island Park, Idaho. Buffalo is a large campground just off U.S. Highway 20 on the banks of the Buffalo River at an elevation of 6,200 feet. Visitors love Island Park for its world-class fishing and outstanding scenery and wildlife viewing opportunities.","capacity":725,"max_people":null,"fee_charged":"Yes","fee_type":null,"fee_description":null,"open_season":null,"season_description":null,"operational_hours":"Open 8:00 a.m. to 10:00 p.m.","usage_level":null,"water":"Yes, drinking water is available from faucets","restrooms":"Vault toilet(s)","pack_in_out":"No","permits":null,"passes":null,"restrictions":null,"important_info":null,"closest_towns":"Island Park, Idaho","directions":"From West Yellowstone, Monta, take Highway 20 south for 26 miles to the campground (less than1/4 mile north of Ponds Lodge on the east side of the highway).  From Idaho Falls, ID take Highway 20 north 80 miles to Ponds Lodge, the entry way to the campground is on the east side of Highway 20 across from Ponds Lodge.","recreation_gov_url":"https://www.recreation.gov/camping/campgrounds/232219","usfs_url":"https://www.fs.usda.gov/recarea/ctnf/recarea/?recid=53813","minimum_elevation":null,"maximum_elevation":null,"source_updated":"2026-08-06"}},{"type":"Feature","geometry":{"type":"Point","coordinates":[-114.4409908,44.4726532]},"properties":{"id":"usfs-camp:5001.002901","name":"Mill Creek Campground","camp_type":"Developed campground","site_type":"CAMPGROUND","agency":"USDA Forest Service","managing_org_code":"041302","operated_by":null,"status":"OPEN","status_reason":null,"description":"MILL CREEK CAMPGROUND (Campground)","capacity":60,"max_people":null,"fee_charged":"Yes","fee_type":"EXPANDED AMENITY FEE","fee_description":null,"open_season":null,"season_description":null,"operational_hours":null,"usage_level":null,"water":null,"restrooms":null,"pack_in_out":"Yes","permits":null,"passes":null,"restrictions":null,"important_info":null,"closest_towns":null,"directions":null,"recreation_gov_url":null,"usfs_url":null,"minimum_elevation":"7,500 feet","maximum_elevation":null,"source_updated":"2026-08-06"}},{"type":"Feature","geometry":{"type":"Point","coordinates":[-115.1426507,44.5489043]},"properties":{"id":"usfs-camp:5044.002901","name":"Josephus Lake Trailhead","camp_type":"Developed campground","site_type":"CAMPGROUND","agency":"USDA Forest Service","managing_org_code":"041306","operated_by":null,"status":"OPEN","status_reason":null,"description":"JOSEPHUS LAKE TRAILHEAD (Trailhead)","capacity":68,"max_people":null,"fee_charged":"No","fee_type":null,"fee_description":null,"open_season":null,"season_description":null,"operational_hours":null,"usage_level":null,"water":null,"restrooms":null,"pack_in_out":"Yes","permits":null,"passes":null,"restrictions":null,"important_info":null,"closest_towns":null,"directions":null,"recreation_gov_url":null,"usfs_url":null,"minimum_elevation":null,"maximum_elevation":null,"source_updated":"2025-04-09"}},{"type":"Feature","geometry":{"type":"Point","coordinates":[-115.908123,44.054896]},"properties":{"id":"usfs-camp:5277.002731","name":"HOT SPRINGS","camp_type":"Group campground","site_type":"GROUP CAMPGROUND","agency":"USDA Forest Service","managing_org_code":"040206","operated_by":null,"status":"OPEN","status_reason":null,"description":"Hot Springs Campground is located just east of Garden Valley, Idaho along the Banks-Lowman Highway at an elevation of 3169 feet. Visitors enjoy rafting, kayaking, fishing on the South Fork Payette River, and soaking in the hot springs at the river's edge.","capacity":300,"max_people":null,"fee_charged":"Yes","fee_type":null,"fee_description":null,"open_season":null,"season_description":null,"operational_hours":null,"usage_level":null,"water":"handpump","restrooms":"Vault","pack_in_out":"No","permits":null,"passes":null,"restrictions":null,"important_info":null,"closest_towns":null,"directions":null,"recreation_gov_url":"https://www.recreation.gov/camping/campgrounds/232060","usfs_url":null,"minimum_elevation":null,"maximum_elevation":null,"source_updated":"2026-08-06"}},{"type":"Feature","geometry":{"type":"Point","coordinates":[-114.9105674,46.8202613]},"properties":{"id":"usfs-camp:210224010602","name":"Fish Lake Camp","camp_type":"Developed campground","site_type":"CAMPGROUND","agency":"USDA Forest Service","managing_org_code":"011753","operated_by":null,"status":"OPEN","status_reason":null,"description":"FISH LAKE CAMP (Campground)","capacity":40,"max_people":null,"fee_charged":"No","fee_type":null,"fee_description":null,"open_season":null,"season_description":null,"operational_hours":null,"usage_level":null,"water":null,"restrooms":null,"pack_in_out":"Yes","permits":null,"passes":null,"restrictions":null,"important_info":null,"closest_towns":null,"directions":null,"recreation_gov_url":null,"usfs_url":null,"minimum_elevation":null,"maximum_elevation":null,"source_updated":"2023-07-05"}},{"type":"Feature","geometry":{"type":"Point","coordinates":[-111.5330896,42.0959027]},"properties":{"id":"usfs-camp:5026.002861","name":"North Fork Campground-st. Charles Canyon","camp_type":"Developed campground","site_type":"CAMPGROUND","agency":"USDA Forest Service","managing_org_code":"041553","operated_by":"Concessionaire","status":"OPEN","status_reason":null,"description":"North Fork Campground is located in scenic St. Charles Canyon in southern Idaho, near Bear Lake. Visitors enjoy hiking, biking, horseback riding and motorcycling on local trails, and fishing in St. Charles Creek.","capacity":75,"max_people":null,"fee_charged":"Yes","fee_type":"EXPANDED AMENITY FEE","fee_description":"No fees are required for this site","open_season":null,"season_description":null,"operational_hours":"Open 24 hours/day","usage_level":null,"water":"No water is available","restrooms":"Vault toilet(s)","pack_in_out":"Yes","permits":null,"passes":null,"restrictions":null,"important_info":null,"closest_towns":"St. Charles, Idaho","directions":"From Garden City, Utah, take Highway 89 north to St. Charles, Idaho. Drive west from St. Charles along Forest Road 412 for 8.1 miles, then turn right and follow the dirt road a short distance to the campground.","recreation_gov_url":"https://www.recreation.gov/camping/campgrounds/233288","usfs_url":"https://www.fs.usda.gov/recarea/ctnf/recreation/recarea/?recid=54389&actid=29","minimum_elevation":null,"maximum_elevation":null,"source_updated":"2026-08-06"}},{"type":"Feature","geometry":{"type":"Point","coordinates":[-114.6477882,46.3283783]},"properties":{"id":"usfs-camp:5244.000411","name":"Elk Summit Campground","camp_type":"Developed campground","site_type":"CAMPGROUND","agency":"USDA Forest Service","managing_org_code":"011755","operated_by":"US Forest Service","status":"OPEN","status_reason":null,"description":"This sweet destination of a campground rests a short distance from the 1.34 million acre Selway-Bitterroot Wilderness. Located just 24 miles south of Highway 12, you'll have available to you 15 campsites, stock facilities, stunning scenery, and access to some of the nation's wildest country including many remote alpine lakes and mountain peaks. Hoodoo Lake is just a short stroll from the campground.","capacity":75,"max_people":null,"fee_charged":"No","fee_type":null,"fee_description":"No fees are required for this site","open_season":null,"season_description":null,"operational_hours":"Open 24 hours/day","usage_level":null,"water":"Not for drinking; water is available for animals/stock","restrooms":"Vault toilet(s)","pack_in_out":"Yes","permits":null,"passes":null,"restrictions":null,"important_info":null,"closest_towns":"Lolo, MT","directions":"From Lolo, MT head west on Hwy 12 for 44 miles and turn left onto Elk Summit Rd 360. In 5.4 miles, turn right onto Forest Rd 360 and continue 14 miles to the campground.","recreation_gov_url":null,"usfs_url":"https://www.fs.usda.gov/recarea/nezperceclearwater/recarea/?recid=80553","minimum_elevation":null,"maximum_elevation":null,"source_updated":"2025-12-22"}},{"type":"Feature","geometry":{"type":"Point","coordinates":[-111.6940672,42.138423]},"properties":{"id":"usfs-camp:5032.002861","name":"Albert Moser Campground","camp_type":"Developed campground","site_type":"CAMPGROUND","agency":"USDA Forest Service","managing_org_code":"041553","operated_by":"Concessionaire","status":"OPEN","status_reason":null,"description":"Albert Moser Campground is situated on the banks of the Cub River about nine miles from Preston, Idaho. Built by the Civilian Conservation Corps in the late 1930s, the campground is just off Cub River Road, at an elevation of 6,000 feet. Visitors enjoy trout fishing in the river and exploring local trails.","capacity":60,"max_people":null,"fee_charged":"Yes","fee_type":"EXPANDED AMENITY FEE","fee_description":"Overnight Use:\nSingle Site: $17 per night\nDouble Site: $32 per night","open_season":null,"season_description":null,"operational_hours":"Open 24 hours/day","usage_level":null,"water":"Yes, drinking water is available from faucets","restrooms":"Vault toilet(s)","pack_in_out":"No","permits":null,"passes":"Interagency Senior/Access Recreation Passes provide a 50% discount to Single Campsites ONLY. *The discount applies only to the fee for the campsite physically occupied by the pass holder, not to any additional fee or campsite(s) occupied by members of the pass holder's party.* https://store.usgs.gov/recreational-passes Please be prepared to pay with CASH or CHECK. *Sites may be reservable and reservation fees apply.*","restrictions":null,"important_info":null,"closest_towns":"Preston, Idaho","directions":"From Preston, Idaho, head approximately 3 miles south on U.S. Highway 91. Turn east on Cub River Road (Forest Road 406). Proceed to the Cache tiol Forest Boundary. Campground is found just inside the boundary on Forest Road 406. The facility is approximately mile 7 on Cub River Road.","recreation_gov_url":"https://www.recreation.gov/camping/campgrounds/233857","usfs_url":"https://www.fs.usda.gov/recarea/ctnf/recreation/recarea/?recid=53671&actid=56","minimum_elevation":null,"maximum_elevation":null,"source_updated":"2026-08-06"}},{"type":"Feature","geometry":{"type":"Point","coordinates":[-115.7534929,43.644466]},"properties":{"id":"usfs-camp:5352.002731","name":"Willow Creek Campground","camp_type":"Developed campground","site_type":"CAMPGROUND","agency":"USDA Forest Service","managing_org_code":"040201","operated_by":"US Forest Service","status":"OPEN","status_reason":null,"description":"Willow Creek Campground is located on the middle fork of the Boise River.  There are nine first come first serve campsites.","capacity":45,"max_people":null,"fee_charged":"No","fee_type":null,"fee_description":"No fees are required for this site","open_season":null,"season_description":null,"operational_hours":"End of May - End of September Unless closed by snow","usage_level":null,"water":"No drinking water is available","restrooms":"Vault toilet(s)","pack_in_out":"Yes","permits":null,"passes":null,"restrictions":null,"important_info":null,"closest_towns":"Boise, ID","directions":"From Boise travel north on Hwy 21, turn right on FR 268 for approximately 22 miles.","recreation_gov_url":null,"usfs_url":"www.fs.usda.gov/recarea/asnf/recreation/recarea/?recid=5085","minimum_elevation":"3,200 feet","maximum_elevation":null,"source_updated":"2025-07-31"}},{"type":"Feature","geometry":{"type":"Point","coordinates":[-115.5319133,45.7944062]},"properties":{"id":"usfs-camp:251768010602","name":"Crooked River","camp_type":"Developed campground","site_type":"CAMPGROUND","agency":"USDA Forest Service","managing_org_code":"011705","operated_by":null,"status":"OPEN","status_reason":null,"description":"CROOKED RIVER (Campground)","capacity":50,"max_people":null,"fee_charged":"No","fee_type":null,"fee_description":null,"open_season":null,"season_description":null,"operational_hours":null,"usage_level":null,"water":null,"restrooms":null,"pack_in_out":"Yes","permits":null,"passes":null,"restrictions":null,"important_info":null,"closest_towns":null,"directions":null,"recreation_gov_url":null,"usfs_url":null,"minimum_elevation":null,"maximum_elevation":null,"source_updated":"2020-06-21"}},{"type":"Feature","geometry":{"type":"Point","coordinates":[-114.9055483,46.4755973]},"properties":{"id":"usfs-camp:5245.000411","name":"Jerry Johnson Campground","camp_type":"Developed campground","site_type":"CAMPGROUND","agency":"USDA Forest Service","managing_org_code":"011755","operated_by":"US Forest Service","status":"OPEN","status_reason":null,"description":"Located off U.S. Highway 12 across from the Wild and Scenic Lochsa River, Jerry Johnson Campground offers 20 campsites for visitors to enjoy. The campground is located a short distance from the popular Jerry Johnson Hot Springs, where outdoor enthusiasts can enjoy a hike in to one of Idaho's incredible natural phenomenon's. It offers picnic table, fire rings, and toilets.","capacity":115,"max_people":null,"fee_charged":"Yes","fee_type":"EXPANDED AMENITY FEE","fee_description":"Overnight Use:\nSingle Site: $14 per night","open_season":null,"season_description":null,"operational_hours":"Open 24 hours/day","usage_level":null,"water":"Yes, drinking water is available from a hand pump","restrooms":"Vault toilet(s)","pack_in_out":"No","permits":null,"passes":"Interagency Senior/Access Recreation Passes provide a 50% discount to Single Campsites ONLY. *The discount applies only to the fee for the campsite physically occupied by the pass holder, not to any additional fee or campsite(s) occupied by members of the pass holder's party.* https://store.usgs.gov/recreational-passes Please be prepared to pay with CASH or CHECK. *Sites may be reservable and reservation fees apply.*","restrictions":null,"important_info":null,"closest_towns":"Lowell, ID or Lolo, MT","directions":"Jerry Johnson Campground is located on U.S. Highway 12 approximately 53 miles east of Lowell, Idaho and approximately 57 miles west of Lolo, Montana.","recreation_gov_url":null,"usfs_url":"https://www.fs.usda.gov/recarea/nezperceclearwater/recarea/?recid=82782","minimum_elevation":null,"maximum_elevation":null,"source_updated":"2026-08-06"}},{"type":"Feature","geometry":{"type":"Point","coordinates":[-114.8552907,44.2563963]},"properties":{"id":"usfs-camp:5711.003221","name":"Casino Creek Campground","camp_type":"Developed campground","site_type":"CAMPGROUND","agency":"USDA Forest Service","managing_org_code":"041404","operated_by":"US Forest Service","status":"OPEN","status_reason":null,"description":"Casino Creek Campground is composed of 19 sites including 2 double-sites along the Salmon River. Sites 18 & 19 are for tent camping only and sites 12, 13 and 14 accommodate livestock tethered to hitching rails. Casino Creek trailhead is located within the campground leading to trails along Big Casino Creek and Little Casino Creek which lead to the Casino Lakes in the White Cloud Mountains to the east and the Sawtooth Mountains to the west. This area is terrific for fishing and hiking along the beautiful Salmon river and surrounding creeks. All sites are first-come, first-serve.","capacity":100,"max_people":null,"fee_charged":"Yes","fee_type":"EXPANDED AMENITY FEE","fee_description":"Overnight Use:\nSingle Site: $18 per night (1 vehicle included per site)\nDouble Site: $36 per night (2 vehicles included per site)\nAdditional Vehicle Fee: $9 per night","open_season":null,"season_description":null,"operational_hours":"May-September. This campground closes on September 21.","usage_level":null,"water":null,"restrooms":"Vault toilet(s)","pack_in_out":"Yes","permits":null,"passes":"Interagency Senior/Access Recreation Passes provide a 50% discount to Single Campsites ONLY. *The discount applies only to the fee for the campsite physically occupied by the pass holder, not to any additional fee or campsite(s) occupied by members of the pass holder's party.* https://store.usgs.gov/recreational-passes Please be prepared to pay with CASH or CHECK. *Sites may be reservable and reservation fees apply.*","restrictions":null,"important_info":null,"closest_towns":"Stanley, ID","directions":"From Stanley travel approximately 6 miles northeast on ID 75.  Turn right, cross the bridge over the Salmon River and continue into the campground.","recreation_gov_url":"https://www.recreation.gov/camping/campgrounds/10165205","usfs_url":"https://www.fs.usda.gov/recarea/sawtooth/recreation/recarea/?recid=5898","minimum_elevation":null,"maximum_elevation":null,"source_updated":"2026-08-06"}},{"type":"Feature","geometry":{"type":"Point","coordinates":[-114.8658128,43.9188061]},"properties":{"id":"usfs-camp:5112.003221","name":"North Shore Campground","camp_type":"Developed campground","site_type":"CAMPGROUND","agency":"USDA Forest Service","managing_org_code":"041404","operated_by":"US Forest Service","status":"OPEN","status_reason":null,"description":"The North Shore campground is composed of 10 single-sites and 4 double-sites on beautiful Alturas lake and is situated in a mixed conifer setting. All sites are first-come, first-serve. Spend sunny summer days fishing for trout, waterskiing, sailing, motorized boating, swimming, and picnicking by the lake. Cabin Creek trail head to the north or Alturas Lake Creek trail head to the west provide hiking trails into the beautiful Sawtooth Wilderness.","capacity":116,"max_people":null,"fee_charged":"Yes","fee_type":null,"fee_description":null,"open_season":null,"season_description":null,"operational_hours":"June-September. This campground closes on September 21. Host will not be present after September 15.","usage_level":null,"water":null,"restrooms":"Vault toilet(s)","pack_in_out":"No","permits":null,"passes":null,"restrictions":null,"important_info":null,"closest_towns":"Stanley, ID","directions":"From Stanley, go south 21 miles on ID 75, then west about 3 miles on Forest Road 205.","recreation_gov_url":"https://www.recreation.gov/camping/campgrounds/10165510","usfs_url":"https://www.fs.usda.gov/recarea/sawtooth/recreation/recarea/?recid=5942","minimum_elevation":null,"maximum_elevation":null,"source_updated":"2026-08-06"}},{"type":"Feature","geometry":{"type":"Point","coordinates":[-116.9473863,44.569134]},"properties":{"id":"usfs-camp:5089.003141","name":"Spring Creek Campground","camp_type":"Developed campground","site_type":"CAMPGROUND","agency":"USDA Forest Service","managing_org_code":"041202","operated_by":"US Forest Service","status":"OPEN","status_reason":null,"description":"Spring Creek Campground is located along the peaceful Spring Creek in the Hitt Mountains of western Idaho. Visitors enjoy relaxing along the gentle creek, fishing and exploring local trails. There are five reservable sites and seven first-come, first-served sites at the Campground.  Tall Ponderosa Pine and fir trees shade you by day, which is important because, although the site is located at 4750 feet elevation, it can get hot during summer months.\nMann Creek Reservoir is located about 15 miles from Spring Creek Campground offers boating and fishing opportunities.","capacity":165,"max_people":null,"fee_charged":"Yes","fee_type":"EXPANDED AMENITY FEE","fee_description":"Overnight Use:\nSingle Site: $10 per night\nDouble Site: $15 per night","open_season":null,"season_description":null,"operational_hours":"Check in: 2:00 p.m.; Check-out: 11:00 a.m.","usage_level":null,"water":"Yes, drinking water is available from a hand pump","restrooms":"Vault toilet(s)","pack_in_out":"Yes","permits":null,"passes":"Interagency Senior/Access Recreation Passes provide a 50% discount to Single Campsites ONLY. *The discount applies only to the fee for the campsite physically occupied by the pass holder, not to any additional fee or campsite(s) occupied by members of the pass holder's party.* https://store.usgs.gov/recreational-passes Please be prepared to pay with CASH or CHECK. *Sites may be reservable and reservation fees apply.*","restrictions":null,"important_info":null,"closest_towns":"Weiser, ID","directions":"The campground is located 27 miles north of Weiser. From Weiser, travel north on Highway 95 for approximately 12 miles, then turn off on Forest Road 009, travel another 15 miles and you will arrive at the campground. Road 009 is an improved gravel road suitable for passenger cars.","recreation_gov_url":"https://www.recreation.gov/camping/campgrounds/234029","usfs_url":"https://www.fs.usda.gov/recarea/payette/recarea/?recid=26887","minimum_elevation":"4,750 feet","maximum_elevation":null,"source_updated":"2026-08-06"}},{"type":"Feature","geometry":{"type":"Point","coordinates":[-111.3786778,42.9366781]},"properties":{"id":"usfs-camp:5012.002861","name":"Gravel Creek Campground","camp_type":"Developed campground","site_type":"CAMPGROUND","agency":"USDA Forest Service","managing_org_code":"041555","operated_by":"US Forest Service","status":"OPEN","status_reason":null,"description":"The Gravel Creek Campground is located northeast of Soda Springs. It and offers 12 single units.","capacity":65,"max_people":null,"fee_charged":"Yes","fee_type":"EXPANDED AMENITY FEE","fee_description":null,"open_season":null,"season_description":null,"operational_hours":"Open 24 hours/day","usage_level":null,"water":"No water is available","restrooms":"Vault toilet(s)","pack_in_out":"No","permits":null,"passes":null,"restrictions":null,"important_info":null,"closest_towns":"Soda Springs, Idaho","directions":"From Soda Springs, ID, turn on ID-34 E for 16.4 miles. Turn left to stay on ID-34 E for another 14.7 miles. Turn right at Wayans Loop and go 2.9 miles. Turn right for 0.2 miles, then a slight left for 1.6 miles. Your destition will be on the right","recreation_gov_url":null,"usfs_url":"https://www.fs.usda.gov/recarea/ctnf/recarea/?recid=54119","minimum_elevation":null,"maximum_elevation":null,"source_updated":"2026-08-06"}},{"type":"Feature","geometry":{"type":"Point","coordinates":[-113.5773087,44.6087363]},"properties":{"id":"usfs-camp:5138.003191","name":"Big Eightmile Campground/Trailhead","camp_type":"Developed campground","site_type":"CAMPGROUND","agency":"USDA Forest Service","managing_org_code":"041308","operated_by":"US Forest Service","status":"OPEN","status_reason":null,"description":"10 campsites with picnic tables and fire rings on Big Eightmile Creek.","capacity":95,"max_people":null,"fee_charged":"No","fee_type":null,"fee_description":"No fees are required for this site","open_season":null,"season_description":null,"operational_hours":"Open 24 hours/day","usage_level":null,"water":"Yes, drinking water is available from a hand pump","restrooms":"Vault toilet(s)","pack_in_out":"Yes","permits":null,"passes":null,"restrictions":null,"important_info":null,"closest_towns":"Leadore, Idaho","directions":"Big Eightmile Campground is 14 miles west of Leadore on Big Eightmile Creek. Take the Lee Creek Road at the junction of Highway 28 and 29 in Leadore west 5 miles, follow Forest Service Road #096, 9 miles southwest to Big Eightmile Creek Campground.","recreation_gov_url":null,"usfs_url":"https://www.fs.usda.gov/recarea/scnf/recarea/?recid=76070","minimum_elevation":"7,608 feet","maximum_elevation":null,"source_updated":"2025-07-31"}},{"type":"Feature","geometry":{"type":"Point","coordinates":[-116.1539613,45.4259171]},"properties":{"id":"usfs-camp:5061.000961","name":"Spring Bar Campground","camp_type":"Developed campground","site_type":"CAMPGROUND","agency":"USDA Forest Service","managing_org_code":"011701","operated_by":"US Forest Service","status":"OPEN","status_reason":null,"description":"A popular take-out point for floaters of the Salmon River, the Spring Bar Campground offers a boat launching ramp and 18 tent campsites. A table and fire ring are provided at all but two of the sites. Spring Bar is situated next to a relatively flat part of the Salmon River with the south end nestled in the shade of various fruit bearing trees. The surrounding area also provides for fishing, swimming, berry picking, and exploring. Wheelchair accessible picnic facilities are available at Allison Creek, to the west, and Riggins Hot Springs (not public lands) are across the river just west of the campground. No trailer hookups or RV dumps provided.","capacity":85,"max_people":null,"fee_charged":"Yes","fee_type":"EXPANDED AMENITY FEE","fee_description":"Overnight Use:\nSingle Site: $12 per night\nAdditional Vehicle Fee: $3 per night","open_season":null,"season_description":null,"operational_hours":"Open 24 hours/day","usage_level":null,"water":"Yes, drinking water is available from a hand pump","restrooms":"Vault toilet(s)","pack_in_out":"No","permits":null,"passes":"Interagency Senior/Access Recreation Passes provide a 50% discount to Single Campsites ONLY. *The discount applies only to the fee for the campsite physically occupied by the pass holder, not to any additional fee or campsite(s) occupied by members of the pass holder's party.* https://store.usgs.gov/recreational-passes Please be prepared to pay with CASH or CHECK. *Sites may be reservable and reservation fees apply.*","restrictions":null,"important_info":null,"closest_towns":"Riggins, ID","directions":"From Riggins go east 6.5 miles on Big Salmon Road then north on Forest Road 1614  for 4 miles.","recreation_gov_url":null,"usfs_url":"https://www.fs.usda.gov/recarea/nezperceclearwater/recarea/?recid=16784","minimum_elevation":null,"maximum_elevation":null,"source_updated":"2026-08-06"}},{"type":"Feature","geometry":{"type":"Point","coordinates":[-114.7559128,43.8463061]},"properties":{"id":"usfs-camp:5089.003221","name":"Chemeketan Campground","camp_type":"Group campground","site_type":"GROUP CAMPGROUND","agency":"USDA Forest Service","managing_org_code":"041404","operated_by":"US Forest Service","status":"OPEN","status_reason":null,"description":"Chemeketan Campground sits near the headwaters of the Salmon River, at the foot of the Sawtooth Mountain Range. Chemeketan is located in a lodge pole pine forest near the Salmon river.  At the base of Galena Summit on Hwy 75 take FS Rd 215 approximately 3 miles to the campground. Visitors can enjoy fishing for rainbow trout, west slope cutthroat trout, bull trout, occasional hybrid cutbow and steelhead in the Salmon River. You can explore the Idaho Centennial Trail or admiring the marvelous views. This campground is reached via dirt road, however visitors must ford a stream before reaching the site. Trucks, RVs and cars with higher clearance should have no trouble crossing the stream. Individual campsites are available on a first-come, first-serve basis if the group sites are not reserved.","capacity":150,"max_people":null,"fee_charged":"Yes","fee_type":null,"fee_description":null,"open_season":null,"season_description":null,"operational_hours":"June-September. This campground closes on September 21.","usage_level":null,"water":"No drinking water is available","restrooms":"Vault toilet(s)","pack_in_out":"Yes","permits":null,"passes":null,"restrictions":null,"important_info":null,"closest_towns":"Stanley, ID","directions":"From Stanley, go south 23 miles on ID 75.  Turn south on Forest Road #215 and go about 3 miles to the campground.","recreation_gov_url":"https://www.recreation.gov/camping/campgrounds/232028","usfs_url":"https://www.fs.usda.gov/recarea/sawtooth/recreation/recarea/?recid=5945","minimum_elevation":null,"maximum_elevation":null,"source_updated":"2026-08-06"}},{"type":"Feature","geometry":{"type":"Point","coordinates":[-115.4509223,45.8975642]},"properties":{"id":"usfs-camp:6995.000961","name":"Flint Creek Campground","camp_type":"Developed campground","site_type":"CAMPGROUND","agency":"USDA Forest Service","managing_org_code":"011705","operated_by":"US Forest Service","status":"OPEN","status_reason":null,"description":"Flint Creek trailhead (designated as \"American River\" campground on the Forest Map) offers camp pads, a stock loading ramp, fire rings, hitching rails, meat pole and toilet. Flint Creek flows by the campsite. It serves as the trailhead for Flint Creek Trail #510.","capacity":18,"max_people":null,"fee_charged":"No","fee_type":null,"fee_description":"No fees are required for this site","open_season":null,"season_description":null,"operational_hours":"Open 24 hours/day","usage_level":null,"water":"Water can be treated or filtered from nearby water sources","restrooms":"Vault toilet(s)","pack_in_out":"Yes","permits":null,"passes":null,"restrictions":null,"important_info":null,"closest_towns":"Elk City, ID","directions":"From Hwy. 14 in Elk City, turn north on American River Road in the center of town. Go past the school and the Elk City Ranger Station on the right. Continue on American River Road to the campground. 6.6 miles north of Elk City, via County Road #1859 or American River-Selway Road #443.","recreation_gov_url":null,"usfs_url":"https://www.fs.usda.gov/recarea/nezperceclearwater/recarea/?recid=16578","minimum_elevation":null,"maximum_elevation":null,"source_updated":"2025-07-31"}},{"type":"Feature","geometry":{"type":"Point","coordinates":[-115.3949228,43.411146]},"properties":{"id":"usfs-camp:5325.002731","name":"Castle Creek Campground","camp_type":"Developed campground","site_type":"CAMPGROUND","agency":"USDA Forest Service","managing_org_code":"040201","operated_by":"US Forest Service","status":"OPEN","status_reason":null,"description":"Castle Rock Campground is located on Anderson Ranch Reservoir. There are two first come first serve campsites.","capacity":20,"max_people":null,"fee_charged":"No","fee_type":null,"fee_description":"No fees are required for this site","open_season":null,"season_description":null,"operational_hours":"End of May - End of September Unless closed by snow","usage_level":null,"water":"No drinking water is available","restrooms":"No restroom available","pack_in_out":"No","permits":null,"passes":null,"restrictions":null,"important_info":null,"closest_towns":"Mountain Home, ID","directions":"From Mountain Home, Idaho, travel north 21 miles along State Highway 20 to the Forest Service (FS) road 134 road turnoff.","recreation_gov_url":null,"usfs_url":"www.fs.usda.gov/recarea/asnf/recreation/recarea/?recid=5090","minimum_elevation":"4,300 feet","maximum_elevation":null,"source_updated":"2025-07-31"}},{"type":"Feature","geometry":{"type":"Point","coordinates":[-111.3662962,44.4907725]},"properties":{"id":"usfs-camp:5042.003281","name":"Upper Coffee Pot Campground","camp_type":"Developed campground","site_type":"CAMPGROUND","agency":"USDA Forest Service","managing_org_code":"041552","operated_by":"Concessionaire","status":"OPEN","status_reason":null,"description":"Upper Coffee Pot Campground is located in Island Park, Idaho on a beautiful, floatable stretch of the Henry's Fork of the Ske River at an elevation of 6,300 feet. Visitors love Island Park for its world-class fishing and outstanding scenery and wildlife viewing opportunities.","capacity":75,"max_people":null,"fee_charged":"Yes","fee_type":null,"fee_description":null,"open_season":null,"season_description":null,"operational_hours":"Open 8:00 a.m. to 10:00 p.m.","usage_level":null,"water":"Yes, drinking water is available from faucets","restrooms":"Vault toilet(s)","pack_in_out":"No","permits":null,"passes":null,"restrictions":null,"important_info":null,"closest_towns":"Island Park, Idaho","directions":"US 20 to Forest road #130. Turn west for 2 miles to campground.","recreation_gov_url":"https://www.recreation.gov/camping/campgrounds/234107","usfs_url":"https://www.fs.usda.gov/recarea/ctnf/recarea/?recid=54785","minimum_elevation":null,"maximum_elevation":null,"source_updated":"2026-08-06"}},{"type":"Feature","geometry":{"type":"Point","coordinates":[-115.3664304,46.6849383]},"properties":{"id":"usfs-camp:5238.000411","name":"Noe Creek Campground","camp_type":"Developed campground","site_type":"CAMPGROUND","agency":"USDA Forest Service","managing_org_code":"011753","operated_by":"US Forest Service","status":"OPEN","status_reason":null,"description":"This six unit campground has an almost park-like aesthetic and is nestled in groves of fir and larch with views of the North Fork River.  Whether coming for the day to fish or to stay for a couple nights with your family, Noe Creek Campground is a nice choice if you're looking for a quiet and peaceful spot to get away.","capacity":35,"max_people":null,"fee_charged":"Yes","fee_type":"EXPANDED AMENITY FEE","fee_description":"Overnight Use:\nSingle Site: $10 per night","open_season":null,"season_description":null,"operational_hours":"Open 24 hours/day","usage_level":null,"water":"Yes, drinking water is available from a hand pump","restrooms":"Vault toilet(s)","pack_in_out":"Yes","permits":null,"passes":"Interagency Senior/Access Recreation Passes provide a 50% discount to Single Campsites ONLY. *The discount applies only to the fee for the campsite physically occupied by the pass holder, not to any additional fee or campsite(s) occupied by members of the pass holder's party.* https://store.usgs.gov/recreational-passes Please be prepared to pay with CASH or CHECK. *Sites may be reservable and reservation fees apply.*","restrictions":null,"important_info":null,"closest_towns":"Orofino, ID","directions":"From Orofino, ID  travel east on Michigan Ave for 29.7 miles. Make a slight left onto Camp 57 Rd and continue for 24 miles. Turn right onto Beaver Creek Rd/N Frk Rd and travel 10.2 miles to the campground.","recreation_gov_url":null,"usfs_url":"https://www.fs.usda.gov/recarea/nezperceclearwater/recarea/?recid=80049","minimum_elevation":null,"maximum_elevation":null,"source_updated":"2026-08-06"}},{"type":"Feature","geometry":{"type":"Point","coordinates":[-116.1067931,44.220486]},"properties":{"id":"usfs-camp:5317.002731","name":"Big Eddy Campground","camp_type":"Developed campground","site_type":"CAMPGROUND","agency":"USDA Forest Service","managing_org_code":"040206","operated_by":null,"status":"OPEN","status_reason":null,"description":"BIG EDDY CAMPGROUND (Campground)","capacity":20,"max_people":null,"fee_charged":"Yes","fee_type":null,"fee_description":"No reservations are necessary. This campground is on a first come, first served basis. This is a fee campground. Fee envelopes and a collection box are provided near the entrance. Please bring cash or check. Extra vehicle fees may apply. This campground only has 4 sites and is a very popular area.","open_season":"Mid May- End of September","season_description":null,"operational_hours":null,"usage_level":null,"water":"Not available for drinking","restrooms":"Vault","pack_in_out":"Yes","permits":null,"passes":null,"restrictions":null,"important_info":null,"closest_towns":"Horseshoe Bend, Idaho","directions":"From Boise, Idaho travel north along State Highway 55 for approximately 38 miles to Banks, Idaho. \nFrom Horseshoe Bend, continue north along State Highway 55 for approximately 15 miles to the campground sign.","recreation_gov_url":null,"usfs_url":null,"minimum_elevation":"4,000 feet","maximum_elevation":null,"source_updated":"2026-08-06"}},{"type":"Feature","geometry":{"type":"Point","coordinates":[-114.2825124,42.196606]},"properties":{"id":"usfs-camp:5056.003221","name":"Lower Penstemon Campground","camp_type":"Developed campground","site_type":"CAMPGROUND","agency":"USDA Forest Service","managing_org_code":"041401","operated_by":"US Forest Service","status":"OPEN","status_reason":null,"description":"Lower Penstemon Campground is located along the scenic Rock Creek Road, in southern Idaho, at an elevation of 6,600 feet. Visitors come to the area to enjoy its abundant trails and natural beauty.","capacity":48,"max_people":null,"fee_charged":"Yes","fee_type":"EXPANDED AMENITY FEE","fee_description":"Overnight Use:\nSingle Site: $8 per night","open_season":null,"season_description":null,"operational_hours":null,"usage_level":null,"water":"No water is available","restrooms":"Vault toilet(s)","pack_in_out":"Yes","permits":null,"passes":"Interagency Senior/Access Recreation Passes provide a 50% discount to Single Campsites ONLY. *The discount applies only to the fee for the campsite physically occupied by the pass holder, not to any additional fee or campsite(s) occupied by members of the pass holder's party.* https://store.usgs.gov/recreational-passes Please be prepared to pay with CASH or CHECK. *Sites may be reservable and reservation fees apply.*","restrictions":null,"important_info":null,"closest_towns":"27 miles south of Hansen, ID","directions":"Lower Penstemon Campground is located 27 miles south of Hansen, ID. From Twin Falls, go east 8 miles on ID 50 and US 30. From there, go south 27 miles on Rock Creek Road (Country Road G-3/Forest Road 515).","recreation_gov_url":"https://www.recreation.gov/camping/campgrounds/234190","usfs_url":"https://www.fs.usda.gov/recarea/sawtooth/recreation/recarea/?recid=5771","minimum_elevation":null,"maximum_elevation":null,"source_updated":"2026-08-06"}},{"type":"Feature","geometry":{"type":"Point","coordinates":[-115.5568414,46.1024552]},"properties":{"id":"usfs-camp:5797.000961","name":"Johnson Bar Group Site","camp_type":"Group campground","site_type":"GROUP CAMPGROUND","agency":"USDA Forest Service","managing_org_code":"011706","operated_by":"US Forest Service","status":"OPEN","status_reason":null,"description":"Johnson Bar Campground provides picnic areas, toilet, drinking water, RV/Trailer pads and seven campsites with a reservable group camping spot as well! The picnic area and some campground sites are wheelchair accessible, and there is a nice swimming beach. Rafting in the river is a popular activity in the spring and anglers will enjoy the catch and release fishing in the Selway River. Group site only open seasonally and can be reserved on www.Recreation.gov. Group site closes September 30, 2023. Water shutoff September 30, 2023.","capacity":100,"max_people":null,"fee_charged":"Yes","fee_type":"EXPANDED AMENITY FEE","fee_description":"Overnight Use:\nSingle Site: $8 per night\nGroup Site: $40 per night","open_season":null,"season_description":null,"operational_hours":"Open 24 hours/day","usage_level":null,"water":"Yes, drinking water is available from a hand pump","restrooms":"Vault toilet(s)","pack_in_out":"No","permits":null,"passes":"Interagency Senior/Access Recreation Passes provide a 50% discount to Single Campsites ONLY. *The discount applies only to the fee for the campsite physically occupied by the pass holder, not to any additional fee or campsite(s) occupied by members of the pass holder's party.* https://store.usgs.gov/recreational-passes Please be prepared to pay with CASH or CHECK. *Sites may be reservable and reservation fees apply.*","restrictions":null,"important_info":null,"closest_towns":"Kooskia, ID","directions":"From Kooskia, go east 22 miles on US 12 and south nearly 4 miles on Forest Road 223.","recreation_gov_url":"https://www.recreation.gov/camping/campgrounds/234440","usfs_url":"https://www.fs.usda.gov/recarea/nezperceclearwater/recarea/?recid=16494","minimum_elevation":null,"maximum_elevation":null,"source_updated":"2026-08-06"}},{"type":"Feature","geometry":{"type":"Point","coordinates":[-116.0906104,45.8391942]},"properties":{"id":"usfs-camp:257108010602","name":"FISH CREEK GROUP USE","camp_type":"Group campground","site_type":"GROUP CAMPGROUND","agency":"USDA Forest Service","managing_org_code":"011701","operated_by":null,"status":"OPEN","status_reason":null,"description":"FISH CREEK GROUP USE CG (Group Campground)","capacity":75,"max_people":null,"fee_charged":"Yes","fee_type":"EXPANDED AMENITY FEE","fee_description":null,"open_season":null,"season_description":null,"operational_hours":null,"usage_level":null,"water":null,"restrooms":null,"pack_in_out":"Yes","permits":null,"passes":null,"restrictions":null,"important_info":null,"closest_towns":null,"directions":null,"recreation_gov_url":"https://www.recreation.gov/camping/campgrounds/234443","usfs_url":null,"minimum_elevation":null,"maximum_elevation":null,"source_updated":"2026-08-06"}},{"type":"Feature","geometry":{"type":"Point","coordinates":[-116.3892433,44.890994]},"properties":{"id":"usfs-camp:5082.003141","name":"Evergreen Campground","camp_type":"Developed campground","site_type":"CAMPGROUND","agency":"USDA Forest Service","managing_org_code":"041201","operated_by":"US Forest Service","status":"OPEN","status_reason":null,"description":"Evergreen Campground is located just off Highway 95 and is often used on the way to another destination. Although right off the highway, the large trees and dense bushed provide seclusion and privacy. The Weiser River flows between the campsites and the highway. The campground has restrooms, and the 12 campsites include tables, site pads and grills. There are 5 sites reservable through Recreation.gov and the remaining 7 sites are first-come-first-serve units. No hook-ups. The typical season of use is mid-May through mid-September, dependent on snow levels. The popular Weiser River Trail can be accessed from the campground to enjoy a hike, horseback ride or mountain bike ride.","capacity":60,"max_people":null,"fee_charged":"Yes","fee_type":"EXPANDED AMENITY FEE","fee_description":"Overnight Use:\nSingle Site: $10 per night\nDouble Site: $15 per night","open_season":null,"season_description":null,"operational_hours":"Check in: 2:00 p.m.; Check-out: 11:00 a.m.","usage_level":null,"water":"Yes, drinking water is available from a hand pump","restrooms":"Vault toilet(s)","pack_in_out":"Yes","permits":null,"passes":"Interagency Senior/Access Recreation Passes provide a 50% discount to Single Campsites ONLY. *The discount applies only to the fee for the campsite physically occupied by the pass holder, not to any additional fee or campsite(s) occupied by members of the pass holder's party.* https://store.usgs.gov/recreational-passes Please be prepared to pay with CASH or CHECK. *Sites may be reservable and reservation fees apply.*","restrictions":null,"important_info":null,"closest_towns":"Council, ID","directions":"The campground is located off Highway 95 between the towns of New Meadows and Council, approximately 14 miles north of Council. Access into the site is paved. The road system throughout the campground is gravel, but all site pads are paved.","recreation_gov_url":"https://www.recreation.gov/camping/campgrounds/234616","usfs_url":"https://www.fs.usda.gov/recarea/payette/recarea/?recid=26885","minimum_elevation":"3,650 feet","maximum_elevation":null,"source_updated":"2026-08-06"}},{"type":"Feature","geometry":{"type":"Point","coordinates":[-116.5098577,45.3504089]},"properties":{"id":"usfs-camp:15256010263","name":"Windy Saddle Horse Camp","camp_type":"Horse camp","site_type":"HORSE CAMP","agency":"USDA Forest Service","managing_org_code":"061604","operated_by":"US Forest Service","status":"OPEN","status_reason":null,"description":"Located on Windy Saddle above the Hells Canyon Wilderness, the Windy Saddle Horse Camp is a small campground with 4 campsites. The campground has long camp spurs for trailers, an overflow parking area for stock trailers or day use, hitching rails and a loading ramp.","capacity":40,"max_people":null,"fee_charged":"Yes","fee_type":"EXPANDED AMENITY FEE","fee_description":"Day Use:\n$5 per vehicle per day\nOvernight Use:\nSingle Site: $10 per night","open_season":null,"season_description":null,"operational_hours":"Quiet hours are 10:00 p.m. until 6:00 a.m.","usage_level":"Moderate","water":"No water is available","restrooms":"Vault toilet(s)","pack_in_out":"Yes","permits":null,"passes":null,"restrictions":"General rules of use and restrictions apply for this developed recreation site. Wilderness Regulations apply; within Hells Canyon Wildernes. Motorized vehicles, bicycles, carts, hang glider and other mechanical equipment is prohibited in the Wilderness ar","important_info":null,"closest_towns":"Riggins, Idaho(18 miles)","directions":"From Riggins, Idaho travel south on Highway 95 for 1.3 miles to Seven Devils Road (becomes Forest Road 517); Turn right on Seven Devils Road and go 17 miles to trailhead and horse camp road junction; Take a right at the road junction and continue on towards the  Heaven 's Gate Lookout for about 0.1 miles to the horse camp entrance road (one way traffic); Follow this road around to the horse camp.   ADVISORY: Forest Road 517 is very steep, and narrow.  Low clearance vehicles, RVs and vehicles pulling trailers are not recommended or advised.  Use caution when traveling the upper sections of this road. The road can also be slippery when wet or frozen and is not recommended for trailers in the late fall and winter.","recreation_gov_url":null,"usfs_url":"https://www.fs.usda.gov/recarea/wallowa-whitman/recarea/?recid=51727","minimum_elevation":null,"maximum_elevation":null,"source_updated":"2026-08-06"}},{"type":"Feature","geometry":{"type":"Point","coordinates":[-116.8201903,44.738511]},"properties":{"id":"usfs-camp:5091.003141","name":"Brownlee Campground","camp_type":"Developed campground","site_type":"CAMPGROUND","agency":"USDA Forest Service","managing_org_code":"041202","operated_by":"US Forest Service","status":"OPEN","status_reason":null,"description":"This 11-unit campground is located in Ponderosa pine trees offering shade on a hot summer day. Sites are located a few miles off the main Hwy 71, so it is peaceful and quiet. No hook-ups. Potable water for cooking and drinking is available on-site. Sixteen foot limit for RVs. The typical operating season is mid-May through late September or early October.","capacity":55,"max_people":null,"fee_charged":"Yes","fee_type":"EXPANDED AMENITY FEE","fee_description":"Overnight Use:\nSingle Site: $10 per night","open_season":null,"season_description":null,"operational_hours":"Check in: 2:00 p.m.; Check-out: 11:00 a.m.","usage_level":null,"water":"Yes, drinking water is available from a hand pump","restrooms":"Vault toilet(s)","pack_in_out":"Yes","permits":null,"passes":"Interagency Senior/Access Recreation Passes provide a 50% discount to Single Campsites ONLY. *The discount applies only to the fee for the campsite physically occupied by the pass holder, not to any additional fee or campsite(s) occupied by members of the pass holder's party.* https://store.usgs.gov/recreational-passes Please be prepared to pay with CASH or CHECK. *Sites may be reservable and reservation fees apply.*","restrictions":null,"important_info":null,"closest_towns":"Cambridge, ID","directions":"Sixteen miles northwest of Cambridge on Hwy 71, one mile east on Road #044.","recreation_gov_url":null,"usfs_url":"https://www.fs.usda.gov/recarea/payette/recarea/?recid=26945","minimum_elevation":null,"maximum_elevation":null,"source_updated":"2026-08-06"}},{"type":"Feature","geometry":{"type":"Point","coordinates":[-114.8491129,44.2669061]},"properties":{"id":"usfs-camp:5118.003221","name":"Riverside Campground (id)","camp_type":"Developed campground","site_type":"CAMPGROUND","agency":"USDA Forest Service","managing_org_code":"041404","operated_by":"US Forest Service","status":"OPEN","status_reason":null,"description":"Riverside Campground is composed of 17 campsites bordering the Salmon River located in a lodgepole pine forest. All sites are first-come, first-serve. Casino Creek trailhead leads to the isolated and pristine Casino Lakes and then into the beautiful White Cloud Mountains. This is an excellent area for fishing, hiking and backpacking. To maintain stream bank integrity sites 1-8 are available from mid-May through mid-September. Sites 10-17 are available from mid-May through August 15. This campground is 1 of 4 in the general area which include Salmon River campground, Casino Creek campground, and Mormon Bend campground that are sought after for their access to the Salmon River for its excellent fishing.","capacity":85,"max_people":null,"fee_charged":"Yes","fee_type":null,"fee_description":null,"open_season":null,"season_description":null,"operational_hours":"June-September. This campground closes on September 15. Gates will be locked and hazards will be present from the September 16 on.","usage_level":null,"water":null,"restrooms":"Vault toilet(s)","pack_in_out":"No","permits":null,"passes":null,"restrictions":null,"important_info":null,"closest_towns":"Stanley, ID","directions":"From Stanley, go 6 miles northeast on ID 75.  Turn left into sites 1-8 or right into sites 10-17.","recreation_gov_url":"https://www.recreation.gov/camping/campgrounds/10165581","usfs_url":"https://www.fs.usda.gov/recarea/sawtooth/recreation/recarea/?recid=5899","minimum_elevation":null,"maximum_elevation":null,"source_updated":"2026-08-06"}},{"type":"Feature","geometry":{"type":"Point","coordinates":[-114.3798124,42.230906]},"properties":{"id":"usfs-camp:5040.003221","name":"Bear Gulch Campground","camp_type":"Developed campground","site_type":"CAMPGROUND","agency":"USDA Forest Service","managing_org_code":"041401","operated_by":"US Forest Service","status":"OPEN","status_reason":null,"description":"Bear Gulch Campground is a developed campground composed of 8 individual units and 1 group unit near the Shoshone Wildlife Pond. The area is suitable for trailer and tent camping. This area is accessible for a season that varies usually between May and October. Campground amenities include toilets and the facilities are handicapped accessible. A short trail from the campground goes to the pond which is fenced to provide habitat for bird and wildlife species; fishing is available in the creek and pond. For equestrians, there is a barrier-free stock loading ramp and corral near the campground. The area is a winter play area from December through March.","capacity":80,"max_people":null,"fee_charged":"Yes","fee_type":null,"fee_description":null,"open_season":null,"season_description":null,"operational_hours":null,"usage_level":null,"water":null,"restrooms":"Vault toilet(s)","pack_in_out":"Yes","permits":null,"passes":null,"restrictions":null,"important_info":null,"closest_towns":"Hansen, ID","directions":"From Twin Falls take US 93 west and south 27 miles to Foothills Road. Go east and south 8 miles, then north on Forest Road #500 and Forest Road #513.","recreation_gov_url":null,"usfs_url":"https://www.fs.usda.gov/recarea/sawtooth/recreation/recarea/?recid=5783","minimum_elevation":null,"maximum_elevation":null,"source_updated":"2026-08-06"}},{"type":"Feature","geometry":{"type":"Point","coordinates":[-111.3600284,43.4332899]},"properties":{"id":"usfs-camp:5066.003281","name":"Falls Campground","camp_type":"Developed campground","site_type":"CAMPGROUND","agency":"USDA Forest Service","managing_org_code":"041554","operated_by":"Concessionaire","status":"OPEN","status_reason":null,"description":"Falls Campground is located next to the Ske River in beautiful Swan Valley at an elevation of 5,100 feet. Idaho Falls, Idaho is just 45 miles west. Visitors enjoy fishing and canoeing on the Ske and viewing local wildlife.","capacity":175,"max_people":null,"fee_charged":"Yes","fee_type":null,"fee_description":null,"open_season":null,"season_description":null,"operational_hours":"Open 24 hours/day","usage_level":null,"water":"Yes, drinking water is available from faucets","restrooms":"Vault toilet(s)","pack_in_out":"No","permits":null,"passes":null,"restrictions":null,"important_info":null,"closest_towns":"Swan Valley, Idaho","directions":"From Idaho Falls, travel east 45 miles on Highway 26, turn off right before Ske River Bridge, then go 3.5 miles on gravel road to the campground.","recreation_gov_url":"https://www.recreation.gov/camping/campgrounds/232212","usfs_url":"https://www.fs.usda.gov/recarea/ctnf/recreation/recarea/?recid=54045&actid=29","minimum_elevation":"5,800 feet","maximum_elevation":null,"source_updated":"2026-08-06"}},{"type":"Feature","geometry":{"type":"Point","coordinates":[-115.257213,44.3060661]},"properties":{"id":"usfs-camp:5193.002731","name":"Bull Trout Campground","camp_type":"Developed campground","site_type":"CAMPGROUND","agency":"USDA Forest Service","managing_org_code":"040205","operated_by":null,"status":"OPEN","status_reason":null,"description":"Bull Trout Campground is located on the shores of beautiful Bull Trout Lake at an elevation of 6,900 feet. The lake offers great fishing and canoeing opportunities. Many trails for hiking, biking, horseback and off-road vehicle riding are in the area. Only equestrian users may reserve equestrian sites. If an equestrian site is not reserved, it may be occupied by other user groups on a first-come, first-served basis.","capacity":290,"max_people":null,"fee_charged":"Yes","fee_type":"EXPANDED AMENITY FEE","fee_description":"Overnight Use:\nSingle Site: $15 per night\nDouble Site: $30 per night\nGroup Site: $75 per night","open_season":"End of June - End of September","season_description":"Mid June - End of September","operational_hours":null,"usage_level":null,"water":"Handpumps","restrooms":"Vault toilets","pack_in_out":"No","permits":null,"passes":"Interagency Senior/Access Recreation Passes provide a 50% discount to Single Campsites ONLY. *The discount applies only to the fee for the campsite physically occupied by the pass holder, not to any additional fee or campsite(s) occupied by members of the pass holder's party.* https://store.usgs.gov/recreational-passes Please be prepared to pay with CASH or CHECK. *Sites may be reservable and reservation fees apply.*","restrictions":"Only equestian users may reserve equestrian sites.","important_info":null,"closest_towns":"Lowman, Idaho","directions":"From Boise, Idaho, travel north along State Highway 55 to Banks, Idaho approxiamtely 38 miles.\nAt Banks, turn right (east) onto State Highway 17 (Banks/Lowman Road) and travel to Lowman, Idaho approximately 31 miles.\nAt Lowman, turn left at the intersection of State Highway 17 and State Highway 21. Proceed northeast towards Stanley, Idaho along State Highway 21. \nAt milepost 107, turn left onto Forest Service Road 520. Proceed along the dirt road 2 miles to the campground.","recreation_gov_url":"https://www.recreation.gov/camping/campgrounds/232431","usfs_url":null,"minimum_elevation":"6,900 feet","maximum_elevation":null,"source_updated":"2026-08-06"}},{"type":"Feature","geometry":{"type":"Point","coordinates":[-116.1885831,44.337506]},"properties":{"id":"usfs-camp:45262010602","name":"Shady Pines Campground","camp_type":"Developed campground","site_type":"CAMPGROUND","agency":"USDA Forest Service","managing_org_code":"040206","operated_by":null,"status":"OPEN","status_reason":null,"description":"SHADY PINES CAMPGROUND (Campground)","capacity":40,"max_people":null,"fee_charged":"Yes","fee_type":null,"fee_description":null,"open_season":null,"season_description":null,"operational_hours":null,"usage_level":null,"water":"handpump","restrooms":"Vault","pack_in_out":"No","permits":null,"passes":null,"restrictions":null,"important_info":null,"closest_towns":null,"directions":null,"recreation_gov_url":null,"usfs_url":null,"minimum_elevation":null,"maximum_elevation":null,"source_updated":"2026-08-06"}},{"type":"Feature","geometry":{"type":"Point","coordinates":[-114.9097129,44.1411061]},"properties":{"id":"usfs-camp:5115.003221","name":"Outlet Campground","camp_type":"Developed campground","site_type":"CAMPGROUND","agency":"USDA Forest Service","managing_org_code":"041404","operated_by":"Concessionaire","status":"OPEN","status_reason":null,"description":"Outlet Campground on Redfish Lake is composed of 19 sites, including 7 double-sites and all sites accept reservation which can be made at www.recreation.gov or by calling (877)444-6777. The campground is situated in a lodgepole pine forest. The Redfish Lake Visitor Center offers area information and interpretive programs along with equestrian stables, a dump station, and boat rentals. There is a boat ramp at Sandy Beach boat launch, on the east shore of the lake. Take a short tour on the interpretive Fishhook Nature Trail or a longer walk west into the beautiful Sawtooth Wilderness to battle wild cutthroat in the alpine lakes. A section of the Idaho Centennial Trail passes near the area. Three small playgrounds are provided for children in the campground. Waterskiing, sailing, swimming, wading, canoeing, motorized boating and fishing are all great ways to enjoy the waters.","capacity":130,"max_people":null,"fee_charged":"Yes","fee_type":null,"fee_description":null,"open_season":null,"season_description":null,"operational_hours":"May-September. Closes September 30. Camp hosts unavailable after September 16.","usage_level":null,"water":"Yes, drinking water is available from faucets","restrooms":"Vault toilet(s)","pack_in_out":"No","permits":null,"passes":null,"restrictions":null,"important_info":null,"closest_towns":"Stanley, ID","directions":"From Stanley, go 4 miles south on ID 75 then west on Forest Road #214 for a short distance. Turn right at Outlet Campground entry sign.","recreation_gov_url":null,"usfs_url":"https://www.fs.usda.gov/recarea/sawtooth/recreation/recarea/?recid=5926","minimum_elevation":null,"maximum_elevation":null,"source_updated":"2026-08-06"}},{"type":"Feature","geometry":{"type":"Point","coordinates":[-114.6975128,44.2585061]},"properties":{"id":"usfs-camp:5144.003221","name":"Upper O'Brien Campground","camp_type":"Developed campground","site_type":"CAMPGROUND","agency":"USDA Forest Service","managing_org_code":"041404","operated_by":"US Forest Service","status":"OPEN","status_reason":null,"description":"The Upper O'Brien Campground is composed of 9 campsites including 1 double-site under lodgepole pines along the Salmon River. All sites are first-come, first-serve. Visitors can fish for steelhead and trout or soak in the fabulous Sunbeam Hot Springs which maintains a temperature of 169 degrees Fahrenheit. You can adjust the temperature by moving rocks to allow river water to flow in.  A boat ramp at Yankee Fork is available for floating the river, which has 14 miles of Class III and IV rapids. An interesting trip is to explore the mining history of the area by touring the Land of the Yankee Fork north of the Sunbeam Dam and resort on Forest Road #013. Sunbeam Dam was the only dam ever built on the Salmon River, which remains one of the last free-flowing rivers in the west. The dam was intended to provide power to mining operations located on the Yankee Fork, but in 1911, the mine property was sold at a Sheriff`s auction and part of the dam was destroyed with dynamite in 1934. The campground closes on August 15 to allow for streambank revegetation to occur.","capacity":57,"max_people":null,"fee_charged":"Yes","fee_type":null,"fee_description":null,"open_season":null,"season_description":null,"operational_hours":"May-September. This campground closes on September 21.","usage_level":null,"water":null,"restrooms":"Vault toilet(s)","pack_in_out":"No","permits":null,"passes":null,"restrictions":null,"important_info":null,"closest_towns":"Stanley, ID","directions":"From Stanley, travel northeast 14 miles on ID 75.  Follow Forest Road #454 south into the campground.","recreation_gov_url":"https://www.recreation.gov/camping/campgrounds/10165721","usfs_url":"https://www.fs.usda.gov/recarea/sawtooth/recreation/recarea/?recid=5902","minimum_elevation":null,"maximum_elevation":null,"source_updated":"2026-08-06"}},{"type":"Feature","geometry":{"type":"Point","coordinates":[-115.6368325,46.2644989]},"properties":{"id":"usfs-camp:210230010602","name":"Mystery Saddle Camp","camp_type":"Developed campground","site_type":"CAMPGROUND","agency":"USDA Forest Service","managing_org_code":"011755","operated_by":null,"status":"CLOSED","status_reason":null,"description":"MYSTERY SADDLE CAMP (Campground)","capacity":5,"max_people":null,"fee_charged":"No","fee_type":null,"fee_description":null,"open_season":null,"season_description":null,"operational_hours":null,"usage_level":null,"water":null,"restrooms":null,"pack_in_out":"Yes","permits":null,"passes":null,"restrictions":null,"important_info":null,"closest_towns":null,"directions":null,"recreation_gov_url":null,"usfs_url":null,"minimum_elevation":null,"maximum_elevation":null,"source_updated":"2023-07-05"}},{"type":"Feature","geometry":{"type":"Point","coordinates":[-116.1683631,48.9846244]},"properties":{"id":"usfs-camp:5003.000331","name":"Copper Creek Campground","camp_type":"Developed campground","site_type":"CAMPGROUND","agency":"USDA Forest Service","managing_org_code":"010407","operated_by":"US Forest Service","status":"OPEN","status_reason":null,"description":"Copper Creek Campground features 16 camp units (3 accessible), drinking water, accessible vault toilets, and a scenic location on the Moyie River. Beautiful Copper Falls viewpoint trail is 1.5 miles east on Copper Falls Road #2517 and there is fishing access to the Moyie River.","capacity":80,"max_people":null,"fee_charged":"Yes","fee_type":"EXPANDED AMENITY FEE","fee_description":"Overnight Use:\nPeak Season (Memorial Day - Labor Day):  Single Site: $15 per night\nAdditional Vehicle: $5 per night\nNon-Peak (Water OFF): No Fee","open_season":"Year Round","season_description":null,"operational_hours":"Open 24 hours/day","usage_level":null,"water":"Yes, drinking water is available from a hand pump","restrooms":"Vault toilet(s)","pack_in_out":"Yes","permits":null,"passes":"Interagency Senior/Access Recreation Passes provide a 50% discount to Single Campsites ONLY. *The discount applies only to the fee for the campsite physically occupied by the pass holder, not to any additional fee or campsite(s) occupied by members of the pass holder's party.* https://store.usgs.gov/recreational-passes Please be prepared to pay with CASH or CHECK. *Sites may be reservable and reservation fees apply.*","restrictions":null,"important_info":null,"closest_towns":"Eastport, Idaho","directions":"1 mile south of Eastport, Idaho on Copper Falls Road #2517.","recreation_gov_url":null,"usfs_url":"https://www.fs.usda.gov/recarea/ipnf/recarea/?recid=6822","minimum_elevation":null,"maximum_elevation":null,"source_updated":"2026-08-06"}},{"type":"Feature","geometry":{"type":"Point","coordinates":[-111.4559981,44.2648452]},"properties":{"id":"usfs-camp:5052.003281","name":"Riverside Campground","camp_type":"Developed campground","site_type":"CAMPGROUND","agency":"USDA Forest Service","managing_org_code":"041552","operated_by":"Concessionaire","status":"OPEN","status_reason":null,"description":"Riverside Campground is on the banks of the Henry's Fork of the Ske River, just 15 miles north of Ashton, Idaho. Beautiful Island Park is nearby, where visitors enjoy boating, fishing and exploring local trails.","capacity":340,"max_people":null,"fee_charged":"Yes","fee_type":null,"fee_description":null,"open_season":null,"season_description":null,"operational_hours":"Open 8:00 a.m. to 10:00 p.m.","usage_level":null,"water":"Yes, drinking water is available from faucets","restrooms":"Vault toilet(s)","pack_in_out":"No","permits":null,"passes":null,"restrictions":null,"important_info":null,"closest_towns":"Ashton, Idaho","directions":"From Ashton, ID travel north on Hwy 20 for 15 miles. Turn right on Riverside Campground Rd and go 1.2 miles.","recreation_gov_url":"https://www.recreation.gov/camping/campgrounds/232222","usfs_url":"https://www.fs.usda.gov/recarea/ctnf/recarea/?recid=54559","minimum_elevation":null,"maximum_elevation":null,"source_updated":"2026-08-06"}},{"type":"Feature","geometry":{"type":"Point","coordinates":[-115.7379129,43.749006]},"properties":{"id":"usfs-camp:5281.002731","name":"Bald Mountain Campground","camp_type":"Developed campground","site_type":"CAMPGROUND","agency":"USDA Forest Service","managing_org_code":"040203","operated_by":null,"status":"OPEN","status_reason":null,"description":"BALD MOUNTAIN CAMPGROUND (Campground)","capacity":20,"max_people":null,"fee_charged":"No","fee_type":null,"fee_description":null,"open_season":null,"season_description":null,"operational_hours":null,"usage_level":null,"water":"no","restrooms":"vault toilet","pack_in_out":"Yes","permits":null,"passes":null,"restrictions":null,"important_info":null,"closest_towns":null,"directions":null,"recreation_gov_url":null,"usfs_url":null,"minimum_elevation":null,"maximum_elevation":null,"source_updated":"2025-12-22"}},{"type":"Feature","geometry":{"type":"Point","coordinates":[-115.6224153,45.8821772]},"properties":{"id":"usfs-camp:5776.000961","name":"Sing Lee Campground","camp_type":"Developed campground","site_type":"CAMPGROUND","agency":"USDA Forest Service","managing_org_code":"011705","operated_by":"US Forest Service","status":"OPEN","status_reason":null,"description":"Sing Lee Campground rests near tall timber providing for open shade in the afternoon. A small creek flows through the site, while Newsome Creek is just across the road. The campground provides four camp pads, with two metal fire rings and two tables.","capacity":15,"max_people":null,"fee_charged":"No","fee_type":null,"fee_description":"No fees are required for this site","open_season":null,"season_description":null,"operational_hours":"Open 24 hours/day","usage_level":null,"water":"Water can be treated or filtered from nearby water sources","restrooms":"Vault toilet(s)","pack_in_out":"Yes","permits":null,"passes":null,"restrictions":null,"important_info":null,"closest_towns":"Elk City, ID","directions":"From State Highway 14, turn north on Newsome Creek Road No. 1858 and travel approximately 4.4 miles to the campsite.","recreation_gov_url":null,"usfs_url":"https://www.fs.usda.gov/recarea/nezperceclearwater/recarea/?recid=16648","minimum_elevation":null,"maximum_elevation":null,"source_updated":"2025-07-31"}},{"type":"Feature","geometry":{"type":"Point","coordinates":[-114.1624126,43.6666061]},"properties":{"id":"usfs-camp:5185.003221","name":"Sawmill Campground","camp_type":"Developed campground","site_type":"CAMPGROUND","agency":"USDA Forest Service","managing_org_code":"041403","operated_by":"US Forest Service","status":"OPEN","status_reason":null,"description":"Sawmill Campground has 3 small, tight campsites; each with a fire ring and a picnic table.  Sites to pitch a tent are small and limited by aspen within the campground.  Parking is limited.  Large RVs and  trailers are not recommended.  A single-unit, ADA-accessible SST vault toilet is found at the campground.  Individual campsites are not considered ADA-accessible.  An excellent site for a small picnic near a creek.  Aspen trees shade the campsites.","capacity":15,"max_people":null,"fee_charged":"No","fee_type":null,"fee_description":"No fees are required for this site","open_season":null,"season_description":null,"operational_hours":"May 1 annually, weather and road conditions permitting.","usage_level":null,"water":"No drinking water is available","restrooms":"Vault toilet(s)","pack_in_out":"Yes","permits":null,"passes":null,"restrictions":null,"important_info":null,"closest_towns":"Ketchum and Hailey, ID","directions":"From Ketchum, go south on ID 75 approximately 6 miles to the East Fork Big Wood River/Greenhorn Gulch traffic light, then go east (left) on Forest Road #118 approximately 11 miles, through the old mining town of Triumph, along the East Fork of the Wood River, to reach Sawmill Campground.","recreation_gov_url":null,"usfs_url":"https://www.fs.usda.gov/recarea/sawtooth/recreation/recarea/?recid=5812","minimum_elevation":null,"maximum_elevation":null,"source_updated":"2025-12-22"}},{"type":"Feature","geometry":{"type":"Point","coordinates":[-114.551821,45.0666422]},"properties":{"id":"usfs-camp:5379.003191","name":"Yellowjacket Lake Campground","camp_type":"Developed campground","site_type":"CAMPGROUND","agency":"USDA Forest Service","managing_org_code":"041301","operated_by":null,"status":"OPEN","status_reason":null,"description":"YELLOWJACKET LAKE CAMPGROUND (Campground)","capacity":35,"max_people":null,"fee_charged":"Yes","fee_type":"EXPANDED AMENITY FEE","fee_description":null,"open_season":null,"season_description":null,"operational_hours":null,"usage_level":null,"water":null,"restrooms":null,"pack_in_out":"Yes","permits":null,"passes":null,"restrictions":null,"important_info":null,"closest_towns":null,"directions":null,"recreation_gov_url":null,"usfs_url":null,"minimum_elevation":null,"maximum_elevation":null,"source_updated":"2026-08-06"}},{"type":"Feature","geometry":{"type":"Point","coordinates":[-115.4437119,43.620622]},"properties":{"id":"usfs-camp:5342.002731","name":"Big Roaring River Campground","camp_type":"Developed campground","site_type":"CAMPGROUND","agency":"USDA Forest Service","managing_org_code":"040201","operated_by":"US Forest Service","status":"OPEN","status_reason":null,"description":"Set within the beautiful Trinity Recreation area, the Big Roaring River Lake Campground has 12 campsites in a dense lodgepole forest on the river","capacity":70,"max_people":null,"fee_charged":"Yes","fee_type":"EXPANDED AMENITY FEE","fee_description":"Overnight Use:\nSingle Site: $10 per night","open_season":null,"season_description":null,"operational_hours":"Mid July - End of September Unless closed by snow","usage_level":null,"water":"Yes, drinking water is available from a hand pump","restrooms":"Vault toilet(s)","pack_in_out":"Yes","permits":null,"passes":"Interagency Senior/Access Recreation Passes provide a 50% discount to Single Campsites ONLY. *The discount applies only to the fee for the campsite physically occupied by the pass holder, not to any additional fee or campsite(s) occupied by members of the pass holder's party.* https://store.usgs.gov/recreational-passes Please be prepared to pay with CASH or CHECK. *Sites may be reservable and reservation fees apply.*","restrictions":null,"important_info":null,"closest_towns":"Mountain Home, ID","directions":"From Boise, Idaho travel east along Interstate 84 (I-84) to Mountain Home, Idaho. At the I-84 and State Highway 20 junction, take Highway 20 east for 35 miles to the Pine/Featherville turnoff. Travel north on Forest Highway 61 for 29 miles to Forest Service (FS) road 172. Proceed 15 miles northwest to FS road 129. Continue 3 miles to the Guard Station junction. The roadway is paved up to the junction of FS road 172. FS Road 172 is native material (dirt) and trailer traffic is not recommended. There are signs noting each of the junctions.","recreation_gov_url":null,"usfs_url":"www.fs.usda.gov/recarea/asnf/recreation/recarea/?recid=5088","minimum_elevation":null,"maximum_elevation":null,"source_updated":"2026-08-06"}},{"type":"Feature","geometry":{"type":"Point","coordinates":[-114.7236128,44.2658061]},"properties":{"id":"usfs-camp:5098.003221","name":"Elk Creek Campground","camp_type":"Group campground","site_type":"GROUP CAMPGROUND","agency":"USDA Forest Service","managing_org_code":"041404","operated_by":"US Forest Service","status":"OPEN","status_reason":null,"description":"Elk Creek Campground is composed of 3 campsites, located in a lodgepole pine understory, This small campground offers one group site that consists of three smaller sites. The group site can accommodate up to 40 people. If the group site is not reserved, the individual sites are available on a first-come, first-served basis. Reservations can be made by visiting www.recreation.gov or by calling (877)444-6777. Expansive and scenic Elk Meadow is near the campground, providing a great location for bird watching and wildlife viewing. Numerous sparkling lakes and streams, including the Salmon River, dot the area, making for great rainbow and native west slope cutthroat trout fishing. Stanley and Redfish Lakes are nearby with great boating, water skiing, canoeing, kayaking and even more fishing. The campground has a general parking area from which visitors must walk to their site.","capacity":40,"max_people":null,"fee_charged":"Yes","fee_type":null,"fee_description":null,"open_season":null,"season_description":null,"operational_hours":"May-September. This campground closes on September 15th.","usage_level":null,"water":null,"restrooms":"Vault toilet(s)","pack_in_out":"No","permits":null,"passes":null,"restrictions":null,"important_info":null,"closest_towns":"Stanley, ID","directions":"From Stanley, go 8 miles northwest on ID 21.","recreation_gov_url":null,"usfs_url":"https://www.fs.usda.gov/recarea/sawtooth/recreation/recarea/?recid=5884","minimum_elevation":null,"maximum_elevation":null,"source_updated":"2026-08-06"}},{"type":"Feature","geometry":{"type":"Point","coordinates":[-116.8825442,48.6835163]},"properties":{"id":"usfs-camp:236465010602","name":"Distillery Bay","camp_type":"Developed campground","site_type":"CAMPGROUND","agency":"USDA Forest Service","managing_org_code":"010408","operated_by":null,"status":"OPEN","status_reason":null,"description":"DISTILLERY BAY (Campground)","capacity":15,"max_people":null,"fee_charged":"No","fee_type":null,"fee_description":null,"open_season":null,"season_description":null,"operational_hours":null,"usage_level":null,"water":null,"restrooms":null,"pack_in_out":"Yes","permits":null,"passes":null,"restrictions":null,"important_info":null,"closest_towns":null,"directions":null,"recreation_gov_url":null,"usfs_url":null,"minimum_elevation":null,"maximum_elevation":null,"source_updated":"2026-02-23"}},{"type":"Feature","geometry":{"type":"Point","coordinates":[-116.408613,48.1780483]},"properties":{"id":"usfs-camp:5149.000331","name":"Green Bay Campground","camp_type":"Developed campground","site_type":"CAMPGROUND","agency":"USDA Forest Service","managing_org_code":"010406","operated_by":"US Forest Service","status":"OPEN","status_reason":null,"description":"Green Bay Campground features11 designated sites with picnic tables and fire rings, vault toilets, and a swimming beach.","capacity":94,"max_people":null,"fee_charged":"Yes","fee_type":"EXPANDED AMENITY FEE","fee_description":"Overnight Use Single Site: $15 per night","open_season":"May","season_description":null,"operational_hours":"Open 24 hours/day","usage_level":null,"water":null,"restrooms":"Vault toilet(s)","pack_in_out":"Yes","permits":null,"passes":null,"restrictions":null,"important_info":null,"closest_towns":"Sandpoint, Idaho","directions":"From Garfield Bay, take the first road to the left past the Forest Service picnic area. Follow this road for about 3/4 mile. Turn right onto Forest Service Road 532. Take Road 532 about 1 mile to Green Bay Road 2672. Road 2672 is not suitable for motorhomes or trailers. Follow Road 2672 to the parking area for the campground. The campground is also accessible by boat on Pend Oreille Lake.","recreation_gov_url":null,"usfs_url":"https://www.fs.usda.gov/recarea/ipnf/recarea/?recid=6799","minimum_elevation":null,"maximum_elevation":null,"source_updated":"2026-08-06"}},{"type":"Feature","geometry":{"type":"Point","coordinates":[-115.4914464,46.4408083]},"properties":{"id":"usfs-camp:10313010361","name":"Rocky Ridge Campground","camp_type":"Developed campground","site_type":"CAMPGROUND","agency":"USDA Forest Service","managing_org_code":"011755","operated_by":"US Forest Service","status":"OPEN","status_reason":null,"description":"This is a small, 3 site campground with a tight turning radius. Individual sites are not large enough to accommodate camper trailers or RV's.","capacity":25,"max_people":null,"fee_charged":"No","fee_type":null,"fee_description":"No fees are required for this site","open_season":null,"season_description":null,"operational_hours":"Open 24 hours/day","usage_level":null,"water":"No drinking water is available","restrooms":"Vault toilet(s)","pack_in_out":"Yes","permits":null,"passes":null,"restrictions":null,"important_info":null,"closest_towns":"Pierce, ID","directions":"This site is located 1/4 mile off the Lolo Motorway approximately 5 miles east of the Pete Forks Intersection.","recreation_gov_url":null,"usfs_url":"There is no public facing information for this site","minimum_elevation":null,"maximum_elevation":null,"source_updated":"2025-12-22"}},{"type":"Feature","geometry":{"type":"Point","coordinates":[-115.214492,44.3533981]},"properties":{"id":"usfs-camp:5406.003191","name":"Banner Creek Campground","camp_type":"Developed campground","site_type":"CAMPGROUND","agency":"USDA Forest Service","managing_org_code":"041302","operated_by":null,"status":"OPEN","status_reason":null,"description":"BANNER CREEK CAMPGROUND (Campground)","capacity":15,"max_people":null,"fee_charged":"Yes","fee_type":"EXPANDED AMENITY FEE","fee_description":null,"open_season":null,"season_description":null,"operational_hours":null,"usage_level":null,"water":null,"restrooms":null,"pack_in_out":"Yes","permits":null,"passes":null,"restrictions":null,"important_info":null,"closest_towns":null,"directions":null,"recreation_gov_url":null,"usfs_url":null,"minimum_elevation":null,"maximum_elevation":null,"source_updated":"2026-08-06"}},{"type":"Feature","geometry":{"type":"Point","coordinates":[-115.603379,44.0792471]},"properties":{"id":"usfs-camp:5204.002731","name":"Mountain View Campground","camp_type":"Developed campground","site_type":"CAMPGROUND","agency":"USDA Forest Service","managing_org_code":"040205","operated_by":null,"status":"OPEN","status_reason":null,"description":"Mountain View Campground is located just east of Lowman, Idaho, along Highway 21 at an elevation of 3,900 feet. Visitors enjoy rafting, kayaking and fishing on the South Fork Payette River, and soaking in the area's many hot springs pools.","capacity":65,"max_people":null,"fee_charged":"Yes","fee_type":"EXPANDED AMENITY FEE","fee_description":"Day Use:\n$5 per vehicle per day\nOvernight Use:\nSingle Site: $15 per night\nDouble Site: $30 per night","open_season":"End of May-End of September","season_description":null,"operational_hours":"Peak seaaon May 19- September 7, 2025\nNon Peak season September 8- September 30, 2025.","usage_level":null,"water":"Handpump drinking water","restrooms":"Vault toilets","pack_in_out":"No","permits":null,"passes":"Interagency Senior/Access Recreation Passes provide a 50% discount to Single Campsites ONLY. *The discount applies only to the fee for the campsite physically occupied by the pass holder, not to any additional fee or campsite(s) occupied by members of the pass holder's party.* https://store.usgs.gov/recreational-passes Please be prepared to pay with CASH or CHECK. *Sites may be reservable and reservation fees apply.*","restrictions":"Maximum consecutive stay is 14 days.","important_info":null,"closest_towns":"Lowman, Idaho","directions":"From Boise, Idaho, travel north along State Highway 55 to Banks, Idaho appoximately 38 miles. \nAt Banks, turn right (east) onto State Highway 17 (Banks/Lowman Road) and travle 31 miles to Lowman, Idaho. \nAt Lowman, turn left at the intersection of State Highway 17 and State Highway 21. Proceed towards Stanley, Idaho along State Highway 21.\nMountain View Campground is on the right about a mile further at milepost 73.2 on State Highway 21.","recreation_gov_url":"https://www.recreation.gov/camping/campgrounds/232169","usfs_url":null,"minimum_elevation":"3,800 feet","maximum_elevation":"3900","source_updated":"2026-08-06"}},{"type":"Feature","geometry":{"type":"Point","coordinates":[-111.5285908,42.0203182]},"properties":{"id":"usfs-camp:5030.002861","name":"Beaver Creek Campground","camp_type":"Developed campground","site_type":"CAMPGROUND","agency":"USDA Forest Service","managing_org_code":"041553","operated_by":"Concessionaire","status":"OPEN","status_reason":null,"description":"Beaver Creek Campground is located southwest of St. Charles, Idaho just north of the Idaho/Utah border. It has 5 units and restrooms with good hiking opportunities in this area.","capacity":25,"max_people":null,"fee_charged":"Yes","fee_type":"EXPANDED AMENITY FEE","fee_description":null,"open_season":null,"season_description":null,"operational_hours":"Open 24 hours/day","usage_level":null,"water":"No water is available","restrooms":"Vault toilet(s)","pack_in_out":"Yes","permits":null,"passes":null,"restrictions":null,"important_info":null,"closest_towns":"St. Charles, Idaho","directions":"From St. Charles, ID, head west on Green Canyon Rd for approximately 13 miles. Your destition will be on the left.","recreation_gov_url":null,"usfs_url":"https://www.fs.usda.gov/recarea/ctnf/recarea/?recid=53723","minimum_elevation":null,"maximum_elevation":null,"source_updated":"2025-12-22"}},{"type":"Feature","geometry":{"type":"Point","coordinates":[-116.1010738,47.8246463]},"properties":{"id":"usfs-camp:5056.000331","name":"Big Hank Campground","camp_type":"Developed campground","site_type":"CAMPGROUND","agency":"USDA Forest Service","managing_org_code":"010403","operated_by":"Concessionaire","status":"OPEN","status_reason":null,"description":"Big Hank Campground is located along the North Fork of the Coeur d'Alene River. Shore fishing is a large draw, along with local hiking and biking trails. The campground also provides an excellent base camp for hunters during season. Mule deer, moose, osprey and calliope hummingbirds are often spotted. Natural Features: Big Hank is in a heavily wooded area on the banks of the Coeur d' Alene River and Big Hank Creek. At 2,800 feet elevation, the campground sits on the Big Hank Meadow. Recreation: Tubing on the river is a popular summer activity, as is cutthroat fishing. Whitewater rafting enthusiasts enjoy the class I-III rapids. Hiking, biking and horseback riding trails are a short drive away. Highlights include trails to Centennial Falls, Shadow Falls and Settlers Grove of Ancient Cedars. Facilities: Big Hank Campground offers about 30 spacious campsites for tent camping. Drinking water from hand pumps, vault toilets, picnic tables and established fire rings are among the conveniences offered. Roads and campsite parking spurs are paved.","capacity":150,"max_people":null,"fee_charged":"Yes","fee_type":null,"fee_description":"Overnight Use:\nSingle Site: $24","open_season":"Memorial Day","season_description":null,"operational_hours":"Open 24 hours/day","usage_level":null,"water":"Yes, drinking water is available from a hand pump","restrooms":"Vault toilet(s)","pack_in_out":"No","permits":null,"passes":"Interagency Senior/Access Recreation Passes provide a 50% discount to Single Campsites ONLY. *The discount applies only to the fee for the campsite physically occupied by the pass holder, not to any additional fee or campsite(s) occupied by members of the pass holder's party.* https://store.usgs.gov/recreational-passes Please be prepared to pay with CASH or CHECK. *Sites may be reservable and reservation fees apply.*","restrictions":null,"important_info":null,"closest_towns":"Wallace, Idaho","directions":"GPS Info.(Latitude, Longitude):47.8225,-116.09778474921N,116552WFrom Kingston on I-90, take Exit 43 to FH-9 and drive 20 miles north to Prichard, then turn left and continue 17 miles north on FH Road 208 to campground.","recreation_gov_url":"https://www.recreation.gov/camping/campgrounds/234102","usfs_url":"https://www.fs.usda.gov/recarea/ipnf/recarea/?recid=6849","minimum_elevation":null,"maximum_elevation":null,"source_updated":"2026-08-06"}},{"type":"Feature","geometry":{"type":"Point","coordinates":[-112.4171121,42.7286062]},"properties":{"id":"usfs-camp:12178010495","name":"Mink Creek Group Site Campground","camp_type":"Group campground","site_type":"GROUP CAMPGROUND","agency":"USDA Forest Service","managing_org_code":"041557","operated_by":"US Forest Service","status":"OPEN","status_reason":null,"description":"Mink Creek Group Site Campground is located just 12 miles south of Pocatello, Idaho, along the Bannock Highway. The Mink Creek area is a popular area for birding and wildlife viewing, with many miles of multi-use trails waiting to be explored.","capacity":200,"max_people":null,"fee_charged":"Yes","fee_type":"EXPANDED AMENITY FEE","fee_description":"Overnight Use:\nGroup Site: $80 per night (Sunday - Thursday); $120 per night (Friday - Saturday)","open_season":null,"season_description":null,"operational_hours":"Open 24 hours/day","usage_level":null,"water":"Yes, drinking water is available from faucets","restrooms":"Vault toilet(s)","pack_in_out":"Yes","permits":null,"passes":"Please be prepared to pay with CASH or CHECK. *Sites may be reservable and reservation fees apply.*","restrictions":null,"important_info":null,"closest_towns":"Pocatello, Idaho","directions":"From Pocatello, ID head southeast on Bannock Hwy for approximately 3.7 miles. Continue onto N Mink Creek Rd for 5.8 miles","recreation_gov_url":"https://www.recreation.gov/camping/campgrounds/233966","usfs_url":"https://www.fs.usda.gov/recarea/ctnf/recarea/?recid=54331","minimum_elevation":null,"maximum_elevation":null,"source_updated":"2026-08-06"}},{"type":"Feature","geometry":{"type":"Point","coordinates":[-116.1206231,44.171776]},"properties":{"id":"usfs-camp:5313.002731","name":"SWINGING BRIDGE","camp_type":"Developed campground","site_type":"CAMPGROUND","agency":"USDA Forest Service","managing_org_code":"040206","operated_by":null,"status":"OPEN","status_reason":null,"description":"Swinging Bridge Campground is located 10 miles north of Banks, Idaho just off Highway 55 at an elevation of 4,000 feet.","capacity":55,"max_people":null,"fee_charged":"Yes","fee_type":null,"fee_description":null,"open_season":null,"season_description":null,"operational_hours":null,"usage_level":null,"water":"not available","restrooms":"Vault","pack_in_out":"Yes","permits":null,"passes":null,"restrictions":null,"important_info":null,"closest_towns":null,"directions":null,"recreation_gov_url":"https://www.recreation.gov/camping/campgrounds/232344","usfs_url":null,"minimum_elevation":null,"maximum_elevation":null,"source_updated":"2026-08-06"}},{"type":"Feature","geometry":{"type":"Point","coordinates":[-114.8086242,45.6658396]},"properties":{"id":"usfs-camp:5776.000271","name":"Observation Point Campground","camp_type":"Developed campground","site_type":"CAMPGROUND","agency":"USDA Forest Service","managing_org_code":"010304","operated_by":null,"status":"OPEN","status_reason":null,"description":"Observation Point Campground hosts","capacity":20,"max_people":null,"fee_charged":"No","fee_type":null,"fee_description":"No fees are required for this site","open_season":null,"season_description":null,"operational_hours":null,"usage_level":null,"water":null,"restrooms":null,"pack_in_out":"Yes","permits":null,"passes":null,"restrictions":null,"important_info":null,"closest_towns":null,"directions":null,"recreation_gov_url":null,"usfs_url":null,"minimum_elevation":null,"maximum_elevation":null,"source_updated":"2025-07-31"}},{"type":"Feature","geometry":{"type":"Point","coordinates":[-115.3305612,45.6701832]},"properties":{"id":"usfs-camp:260428010602","name":"Trapper Creek Cg","camp_type":"Developed campground","site_type":"CAMPGROUND","agency":"USDA Forest Service","managing_org_code":"011705","operated_by":null,"status":"OPEN","status_reason":null,"description":"TRAPPER CREEK CG (Campground)","capacity":15,"max_people":null,"fee_charged":"No","fee_type":null,"fee_description":null,"open_season":null,"season_description":null,"operational_hours":null,"usage_level":null,"water":null,"restrooms":null,"pack_in_out":"Yes","permits":null,"passes":null,"restrictions":null,"important_info":null,"closest_towns":null,"directions":null,"recreation_gov_url":null,"usfs_url":null,"minimum_elevation":null,"maximum_elevation":null,"source_updated":"2026-02-23"}},{"type":"Feature","geometry":{"type":"Point","coordinates":[-115.5313829,43.958986]},"properties":{"id":"usfs-camp:5306.002731","name":"Willow Creek Campground","camp_type":"Developed campground","site_type":"CAMPGROUND","agency":"USDA Forest Service","managing_org_code":"040203","operated_by":null,"status":"OPEN","status_reason":null,"description":"Willow Creek Campground located at the confluence of the Crooked River and Willow Creek. Enjoy fishing for rainbow trout. In the winter, the area becomes a playground for backcountry skiers and snowmobilers.","capacity":20,"max_people":null,"fee_charged":"No","fee_type":null,"fee_description":"No fees are required for this site","open_season":null,"season_description":null,"operational_hours":"Mid May-Mid October","usage_level":null,"water":"No drinking water is available","restrooms":"Vault toilet(s)","pack_in_out":"Yes","permits":null,"passes":null,"restrictions":null,"important_info":null,"closest_towns":"Idaho City, ID","directions":"From Idaho City, Idaho, travel 18 miles northeast on State Highway 21. Turn right on Forest Service Road 384 and travel approximately 5.7 miles to the Willow Creek Campground.","recreation_gov_url":null,"usfs_url":"www.fs.usda.gov/recarea/asnf/recreation/recarea/?recid=5177","minimum_elevation":null,"maximum_elevation":null,"source_updated":"2025-07-31"}},{"type":"Feature","geometry":{"type":"Point","coordinates":[-115.5568474,46.1024062]},"properties":{"id":"usfs-camp:5063.000961","name":"Johnson Bar Campground","camp_type":"Developed campground","site_type":"CAMPGROUND","agency":"USDA Forest Service","managing_org_code":"011706","operated_by":"US Forest Service","status":"OPEN","status_reason":null,"description":"Johnson Bar Campground provides picnic areas, toilet, drinking water, RV/Trailer pads and seven campsites with a reservable group camping spot as well! The picnic area and some campground sites are wheelchair accessible, and there is a nice swimming beach. Rafting in the river is a popular activity in the spring and anglers will enjoy the catch and release fishing in the Selway River.","capacity":55,"max_people":null,"fee_charged":"Yes","fee_type":"EXPANDED AMENITY FEE","fee_description":"Overnight Use:\nSingle Site: $8 per night\nGroup Site: $40 per night","open_season":null,"season_description":null,"operational_hours":"Open 24 hours/day","usage_level":null,"water":"Yes, drinking water is available from a hand pump","restrooms":"Vault toilet(s)","pack_in_out":"No","permits":null,"passes":"Interagency Senior/Access Recreation Passes provide a 50% discount to Single Campsites ONLY. *The discount applies only to the fee for the campsite physically occupied by the pass holder, not to any additional fee or campsite(s) occupied by members of the pass holder's party.* https://store.usgs.gov/recreational-passes Please be prepared to pay with CASH or CHECK. *Sites may be reservable and reservation fees apply.*","restrictions":null,"important_info":null,"closest_towns":"Kooskia, ID","directions":"From Kooskia, go east 22 miles on US 12 and south nearly 4 miles on Forest Road 223.","recreation_gov_url":null,"usfs_url":"https://www.fs.usda.gov/recarea/nezperceclearwater/recarea/?recid=16494","minimum_elevation":null,"maximum_elevation":null,"source_updated":"2026-08-06"}},{"type":"Feature","geometry":{"type":"Point","coordinates":[-116.9382442,48.5572363]},"properties":{"id":"usfs-camp:233577010602","name":"Reynolds Creek Group Site","camp_type":"Developed campground","site_type":"CAMPGROUND","agency":"USDA Forest Service","managing_org_code":"010408","operated_by":"US Forest Service","status":"OPEN","status_reason":null,"description":"Located near Priest Lake, this group site has a large covered gazebo, three restroom facilities, fire rings, and bear-resistant storage boxes. Reynolds Creek Group Site is located within walking distance of Priest Lake and the Kalispell Bay Boat Ramp and can host several RVs in an area removed from other campers. Site capacity is 70 people.","capacity":70,"max_people":null,"fee_charged":"Yes","fee_type":null,"fee_description":"No fees are required for this site","open_season":null,"season_description":null,"operational_hours":"Open 24 hours/day","usage_level":null,"water":"Yes, drinking water is available from a hand pump","restrooms":"Vault toilet(s)","pack_in_out":"Yes","permits":null,"passes":null,"restrictions":null,"important_info":null,"closest_towns":"Priest Lake, ID","directions":null,"recreation_gov_url":null,"usfs_url":null,"minimum_elevation":null,"maximum_elevation":null,"source_updated":"2026-08-06"}},{"type":"Feature","geometry":{"type":"Point","coordinates":[-115.4431419,43.626499]},"properties":{"id":"usfs-camp:5345.002731","name":"Little Roaring River Lake Campground","camp_type":"Developed campground","site_type":"CAMPGROUND","agency":"USDA Forest Service","managing_org_code":"040201","operated_by":null,"status":"OPEN","status_reason":null,"description":"LITTLE ROARING RIVER LAKE CAMPGROUND","capacity":20,"max_people":null,"fee_charged":"Yes","fee_type":"EXPANDED AMENITY FEE","fee_description":"No fees are required for this site","open_season":null,"season_description":null,"operational_hours":null,"usage_level":null,"water":"no","restrooms":"vault toilet(s)","pack_in_out":"Yes","permits":null,"passes":null,"restrictions":null,"important_info":null,"closest_towns":null,"directions":null,"recreation_gov_url":null,"usfs_url":null,"minimum_elevation":null,"maximum_elevation":null,"source_updated":"2026-08-06"}},{"type":"Feature","geometry":{"type":"Point","coordinates":[-115.7078751,44.8908251]},"properties":{"id":"usfs-camp:5097.003141","name":"Camp Creek Campground","camp_type":"Developed campground","site_type":"CAMPGROUND","agency":"USDA Forest Service","managing_org_code":"041206","operated_by":"US Forest Service","status":"OPEN","status_reason":null,"description":"This small campground (4 sites) on the South Fork Road is a hub for the nearby network of trails. Explore these ruggedly beautiful mountains in almost any direction, or try your luck fishing in the South Fork of the Salmon River. The campground is equipped with a hitching rack. No drinking water, no hook-ups. Please pack in/pack out.","capacity":20,"max_people":null,"fee_charged":"Yes","fee_type":"EXPANDED AMENITY FEE","fee_description":"Overnight Use:\nSingle Site: $10 per night","open_season":null,"season_description":null,"operational_hours":"Check in: 2:00 p.m.; Check-out: 11:00 a.m.","usage_level":null,"water":"Water can be treated or filtered from nearby water sources","restrooms":"Vault toilet(s)","pack_in_out":"Yes","permits":null,"passes":"Interagency Senior/Access Recreation Passes provide a 50% discount to Single Campsites ONLY. *The discount applies only to the fee for the campsite physically occupied by the pass holder, not to any additional fee or campsite(s) occupied by members of the pass holder's party.* https://store.usgs.gov/recreational-passes Please be prepared to pay with CASH or CHECK. *Sites may be reservable and reservation fees apply.*","restrictions":null,"important_info":null,"closest_towns":"Yellow Pine, ID","directions":"From McCall, go 30 miles northeast on Lick Creek Road (Forest Road 48), then 9.5 miles south on the South Fork of the Salmon River Road (Forest Road 674). Or you may access the campground from Warm Lake Road (Forest Road 22) just north of Cascade, then north along the South Fork of the Salmon River road (Forest Road 474/674).","recreation_gov_url":null,"usfs_url":"https://www.fs.usda.gov/recarea/payette/recarea/?recid=26955","minimum_elevation":"4,500 feet","maximum_elevation":null,"source_updated":"2026-08-06"}},{"type":"Feature","geometry":{"type":"Point","coordinates":[-115.1289022,45.7251212]},"properties":{"id":"usfs-camp:5029.000961","name":"Granite Springs Campground","camp_type":"Developed campground","site_type":"CAMPGROUND","agency":"USDA Forest Service","managing_org_code":"011705","operated_by":"US Forest Service","status":"OPEN","status_reason":null,"description":"Granite Springs campground has four campsites with metal fire rings, but no tables. It is an excellent area to stop and spend the night as you're traveling the Magruder Corridor. OHV riding is popular along the Magruder Corridor and on other Forest Service roads in the area. The campground has an information board and a vault toilet, but visitors should plan to bring their own drinking water.","capacity":25,"max_people":null,"fee_charged":"No","fee_type":null,"fee_description":"No fees are required for this site","open_season":null,"season_description":null,"operational_hours":"Open 24 hours/day","usage_level":null,"water":"No drinking water is available","restrooms":"Vault toilet(s)","pack_in_out":"Yes","permits":null,"passes":null,"restrictions":null,"important_info":null,"closest_towns":"Elk City, ID","directions":"From State Highway 14, turn south onto Red River-Dixie Road #222. Follow Road #222 past Red River Ranger Station (now closed) to its junction with Nezperce Trail Road #468. Turn east onto Road #468 and follow approximately 18 miles to the campground.","recreation_gov_url":null,"usfs_url":"https://www.fs.usda.gov/recarea/nezperceclearwater/recarea/?recid=16708","minimum_elevation":null,"maximum_elevation":null,"source_updated":"2025-07-31"}},{"type":"Feature","geometry":{"type":"Point","coordinates":[-115.2186335,47.0648163]},"properties":{"id":"usfs-camp:5023.000331","name":"Heller Creek Campground","camp_type":"Developed campground","site_type":"CAMPGROUND","agency":"USDA Forest Service","managing_org_code":"010404","operated_by":"US Forest Service","status":"OPEN","status_reason":null,"description":"Heller Creek Campground features 4 camp units and vault toilets. Please observe the Pack it In Pack it Out refuse policy. There is no potable water. Attractions include fishing, hiking, the St. Joe Wild and Scenic River, and Heller gravesite.","capacity":20,"max_people":null,"fee_charged":"No","fee_type":null,"fee_description":"No fees are required for this site","open_season":null,"season_description":null,"operational_hours":"Open 24 hours/day","usage_level":null,"water":"No water is available","restrooms":"Vault toilet(s)","pack_in_out":"Yes","permits":null,"passes":null,"restrictions":null,"important_info":null,"closest_towns":"Superior, MT","directions":"Access 1: From Avery, Idaho drive 29 miles east on the St. Joe River Road (Forest Highway 50), turn south on Red Ives Road (#218) and proceed 10 miles to the Red Ives Information Center. At the information center turn east on Forest Road #320 (not suitable for passenger car travel) and proceed 13 miles to the campground entrance.\nAccess 2: From Superior, Montana drive 33 miles west on Forest Road #320 (suitable for passenger car travel) to the campground entrance.","recreation_gov_url":null,"usfs_url":"https://www.fs.usda.gov/recarea/ipnf/recarea/?recid=6911","minimum_elevation":null,"maximum_elevation":null,"source_updated":"2025-12-22"}},{"type":"Feature","geometry":{"type":"Point","coordinates":[-115.648683,44.3262561]},"properties":{"id":"usfs-camp:5238.002731","name":"Barneys Campground","camp_type":"Developed campground","site_type":"CAMPGROUND","agency":"USDA Forest Service","managing_org_code":"040205","operated_by":null,"status":"OPEN","status_reason":null,"description":"Barneys Campground is located on the northeast shore of scenic Deadwood Reservoir at an elevation of 5,300 feet. Boating, fishing and hiking are popular activities at this site.","capacity":40,"max_people":null,"fee_charged":"Yes","fee_type":"EXPANDED AMENITY FEE","fee_description":"Overnight Use:\nSingle Site: $12 per night","open_season":"Mid-June- End of September","season_description":null,"operational_hours":null,"usage_level":null,"water":"Drinking Water","restrooms":"Vault Toilet","pack_in_out":"Yes","permits":null,"passes":"Interagency Senior/Access Recreation Passes provide a 50% discount to Single Campsites ONLY. *The discount applies only to the fee for the campsite physically occupied by the pass holder, not to any additional fee or campsite(s) occupied by members of the pass holder's party.* https://store.usgs.gov/recreational-passes Please be prepared to pay with CASH or CHECK. *Sites may be reservable and reservation fees apply.*","restrictions":null,"important_info":null,"closest_towns":"Lowman, Idaho","directions":"From Boise, Idaho, travel north along State Highway 55 to Banks, Idaho approximately 31 miles. \nAt Lowman, turn left at the intersection of State Highway 17 and State Highway 21. Proceed northeast towards Stanley, Idaho along State Highway 21 appoximately 40 miles. \nAlong the route, you will travel past Banner Summit, Bull Trout Campground and eventually arrive at hte Forest Service (FS) Road 579 turnoff. \nTurn (west0 onto FS Road at Banner Creek/ Cape Horn Summit. There is a big parking area and an information board. \nTravel along FS Road 579 through Bear Valley and past the Elk Creek Guard Station Cabins. Eventually FS Road 579 will intersect with FS Road 555. At this junction, turn left and proceed south along FS Road 555 to the reservior. There are four campgounds at the reservoir.","recreation_gov_url":"https://www.recreation.gov/camping/campgrounds/234100","usfs_url":null,"minimum_elevation":null,"maximum_elevation":"5,300","source_updated":"2026-08-06"}},{"type":"Feature","geometry":{"type":"Point","coordinates":[-116.1473441,48.8198764]},"properties":{"id":"usfs-camp:5006.000331","name":"Meadow Creek Campground","camp_type":"Developed campground","site_type":"CAMPGROUND","agency":"USDA Forest Service","managing_org_code":"010407","operated_by":"US Forest Service","status":"OPEN","status_reason":null,"description":"Meadow Creek Campground features 22 camp units, drinking water, vault toilets, and access to the scenic Moyie River.","capacity":125,"max_people":null,"fee_charged":"Yes","fee_type":"EXPANDED AMENITY FEE","fee_description":"Overnight Use:\nPeak Season (Memorial Day - Labor Day):  Single Site: $15 per night\nAdditional Vehicle: $5 per night\nNon-Peak (Water OFF): No Fee","open_season":"Year Round","season_description":null,"operational_hours":"Open 24 hours/day","usage_level":null,"water":"Yes, drinking water is available from a hand pump","restrooms":"Vault toilet(s)","pack_in_out":"Yes","permits":null,"passes":"Interagency Senior/Access Recreation Passes provide a 50% discount to Single Campsites ONLY. *The discount applies only to the fee for the campsite physically occupied by the pass holder, not to any additional fee or campsite(s) occupied by members of the pass holder's party.* https://store.usgs.gov/recreational-passes Please be prepared to pay with CASH or CHECK. *Sites may be reservable and reservation fees apply.*","restrictions":null,"important_info":null,"closest_towns":"Bonners Ferry, Idaho","directions":"Travel north from Bonners Ferry, Idaho on US 95 to the junction with US Highway 2. Travel east on US Highway 2 for 2 miles. Turn north on Meadow Creek Road (County Road #34, Forest Service Road #229) and go 10.2 miles to the Meadow Creek townsite at the railroad. Immediately east of the railroad tracks, turn south on Forest Service Road #211 then, after a short distance, turn east on Forest Service Road #2562 and travel 0.5 mile to the campground.","recreation_gov_url":null,"usfs_url":"https://www.fs.usda.gov/recarea/ipnf/recarea/?recid=6823","minimum_elevation":null,"maximum_elevation":null,"source_updated":"2026-08-06"}},{"type":"Feature","geometry":{"type":"Point","coordinates":[-115.7273756,47.2334203]},"properties":{"id":"usfs-camp:5009.000331","name":"Packsaddle Campground","camp_type":"Developed campground","site_type":"CAMPGROUND","agency":"USDA Forest Service","managing_org_code":"010404","operated_by":"US Forest Service","status":"OPEN","status_reason":null,"description":"Located along the St. Joe Wild & Scenic River, this camp offers two camp sites, a vault toilet and drinking water (June- October)","capacity":10,"max_people":null,"fee_charged":"Yes","fee_type":"EXPANDED AMENITY FEE","fee_description":"Overnight Use:\nSingle Site: $10 per night (2 vehicles included per site)\nAdditional Vehicle: $5 per night (3 vehicle limit per site)","open_season":null,"season_description":null,"operational_hours":"Open 24 hours/day","usage_level":null,"water":"Yes, drinking water is available from a hand pump","restrooms":"Vault toilet(s)","pack_in_out":"Yes","permits":null,"passes":"Interagency Senior/Access Recreation Passes provide a 50% discount to Single Campsites ONLY. *The discount applies only to the fee for the campsite physically occupied by the pass holder, not to any additional fee or campsite(s) occupied by members of the pass holder's party.* https://store.usgs.gov/recreational-passes Please be prepared to pay with CASH or CHECK. *Sites may be reservable and reservation fees apply.*","restrictions":null,"important_info":null,"closest_towns":"Avery, ID","directions":"From Avery, ID, drive 4.5 miles east on St. Joe River Rd to the campground entrance.","recreation_gov_url":null,"usfs_url":"https://www.fs.usda.gov/recarea/ipnf/recreation/recarea/?recid=82876&actid=54","minimum_elevation":null,"maximum_elevation":null,"source_updated":"2026-08-06"}},{"type":"Feature","geometry":{"type":"Point","coordinates":[-116.5750047,46.9574672]},"properties":{"id":"usfs-camp:210244010602","name":"Horse Camp (Palouse)","camp_type":"Developed campground","site_type":"CAMPGROUND","agency":"USDA Forest Service","managing_org_code":"011752","operated_by":null,"status":"OPEN","status_reason":null,"description":"HORSE CAMP (PALOUSE) (Campground)","capacity":25,"max_people":null,"fee_charged":"No","fee_type":null,"fee_description":null,"open_season":null,"season_description":null,"operational_hours":null,"usage_level":null,"water":null,"restrooms":null,"pack_in_out":"Yes","permits":null,"passes":null,"restrictions":null,"important_info":null,"closest_towns":null,"directions":null,"recreation_gov_url":null,"usfs_url":null,"minimum_elevation":null,"maximum_elevation":null,"source_updated":"2025-12-22"}},{"type":"Feature","geometry":{"type":"Point","coordinates":[-116.2171141,48.9711064]},"properties":{"id":"usfs-camp:5011.000331","name":"Robinson Lake Campground","camp_type":"Developed campground","site_type":"CAMPGROUND","agency":"USDA Forest Service","managing_org_code":"010407","operated_by":"US Forest Service","status":"OPEN","status_reason":null,"description":"Robinson Lake Campground features 10 camp units (3 accessible), drinking water, handicap accessible vault toilets, a boat ramp, and a day use area with 2 picnic units","capacity":54,"max_people":null,"fee_charged":"Yes","fee_type":"EXPANDED AMENITY FEE","fee_description":"Overnight Use:\nPeak Season (Memorial Day - Labor Day):  Single Site: $15 per night\nAdditional Vehicle: $5 per night\nNon-Peak (Water OFF): No Fee","open_season":"Year Round","season_description":null,"operational_hours":"Open 24 hours/day","usage_level":null,"water":"Yes, drinking water is available from a hand pump","restrooms":"Vault toilet(s)","pack_in_out":"Yes","permits":null,"passes":"Interagency Senior/Access Recreation Passes provide a 50% discount to Single Campsites ONLY. *The discount applies only to the fee for the campsite physically occupied by the pass holder, not to any additional fee or campsite(s) occupied by members of the pass holder's party.* https://store.usgs.gov/recreational-passes Please be prepared to pay with CASH or CHECK. *Sites may be reservable and reservation fees apply.*","restrictions":null,"important_info":null,"closest_towns":"Eastport, Idaho","directions":"Travel north of Bonners Ferry on US 95 to the Mount Hall Junction (US 95 and Idaho 1). Continue on US 95 to the east for 8.7 miles. Turn north on Robinson Lake Campground Road #448 and continue 0.3 mile to the parking area.","recreation_gov_url":null,"usfs_url":"https://www.fs.usda.gov/recarea/ipnf/recarea/?recid=6821","minimum_elevation":null,"maximum_elevation":null,"source_updated":"2026-08-06"}},{"type":"Feature","geometry":{"type":"Point","coordinates":[-114.8311127,43.4905061]},"properties":{"id":"usfs-camp:5066.003221","name":"Pioneer Campground","camp_type":"Developed campground","site_type":"CAMPGROUND","agency":"USDA Forest Service","managing_org_code":"041405","operated_by":"US Forest Service","status":"OPEN","status_reason":null,"description":"Pioneer Campground, which is situated next to Soldier Mountain Ski Area, is a developed campground composed of 5 units on Soldier Creek. The campground can be reserved in its entirety for groups of up to 50 people. The amphitheater and adjacent picnic area can be used for group events. Campground amenities include picnic tables, fire rings, drinking water and a restroom. The South Fork and North Fork of Soldier Creek trails begin along  Forest Road 093 and join a major network of trails in the Soldier Mountains.","capacity":65,"max_people":null,"fee_charged":"Yes","fee_type":null,"fee_description":"No fees are required for this site","open_season":null,"season_description":null,"operational_hours":"Standard Operating season is May - September, and can be seasonally contingent. You may camp in Pioneer Campground before May, but we will not start cleaning/servicing the campground until mid-May. Drinking water will not be available until Memorial weekend.","usage_level":null,"water":null,"restrooms":"Vault toilet(s)","pack_in_out":"Yes","permits":null,"passes":null,"restrictions":null,"important_info":null,"closest_towns":"Fairfield, ID","directions":"From Fairfield, go north 11 miles on Forest Road #094 and Forest Road #093, past the ski area.","recreation_gov_url":null,"usfs_url":"https://www.fs.usda.gov/recarea/sawtooth/recreation/recarea/?recid=5973","minimum_elevation":null,"maximum_elevation":null,"source_updated":"2026-08-06"}},{"type":"Feature","geometry":{"type":"Point","coordinates":[-111.2141117,43.3265056]},"properties":{"id":"usfs-camp:5069.003281","name":"Calamity Campground","camp_type":"Developed campground","site_type":"CAMPGROUND","agency":"USDA Forest Service","managing_org_code":"041554","operated_by":"Concessionaire","status":"OPEN","status_reason":null,"description":"Calamity Campground is located along the Snake River draige at the north end of beautiful Palisades Reservoir at an elevation of 5,700 feet, just 55 miles east of Idaho Falls, Idaho. Visitors enjoy boating, water skiing, fishing and canoeing.","capacity":415,"max_people":null,"fee_charged":"Yes","fee_type":null,"fee_description":null,"open_season":null,"season_description":null,"operational_hours":"Open 24 hours/day","usage_level":null,"water":"Yes, drinking water is available from faucets","restrooms":"Vault toilet(s)","pack_in_out":"No","permits":null,"passes":null,"restrictions":null,"important_info":null,"closest_towns":"Irwin, Idaho","directions":"From Idaho Falls, Idaho, travel on Hwy. 26 for approximately 50 miles. Turn right off of Hwy. 26, (just before ascending grade to top of dam) and go ¿¿ mile, turn right and cross the river following signs to the campground. Distance is approximately 5 miles.","recreation_gov_url":"https://www.recreation.gov/camping/campgrounds/232277","usfs_url":"https://www.fs.usda.gov/recarea/ctnf/recreation/camping-cabins/recarea/?recid=53831&actid=29","minimum_elevation":"5,900 feet","maximum_elevation":null,"source_updated":"2026-08-06"}},{"type":"Feature","geometry":{"type":"Point","coordinates":[-116.8789522,48.5439553]},"properties":{"id":"usfs-camp:5193.000331","name":"Bartoo Island Sites","camp_type":"Developed campground","site_type":"CAMPGROUND","agency":"USDA Forest Service","managing_org_code":"010408","operated_by":"US Forest Service","status":"OPEN","status_reason":null,"description":"Bartoo Island Group Site: This group campsite, also known as Sunrise Group Site, is a rustic group camping area on Bartoo Island, only reachable by boat.Surrounded by the clear waters of Priest Lake, Bartoo Island Group site provides the ideal getaway for groups of 10 to 30 people, looking for a rugged, but highly rewarding camping experience on the peaceful shores of Priest Lake.Natural Features: Priest Lake spans 25,000 acres of incredible beauty, fed primarily by the waters of the Priest River. Named after the historical presence of Jesuit priests who settled in the lake area in the mid 19th century, Priest Lake is today a major tourist attraction, drawing water sports enthusiasts, photographers and birders alike.The group campground is located on the east side of Bartoo Island at an elevation of 2,400 feet. Bartoo, spanning 219 acres, is one of nine islands on Priest Lake.Summers at the lake are typically sunny and warm and wildlife in the area includes bears, deer and moose.Recreation: Visitors enjoy all types of boating from kayaking to canoeing to power boating up the 3.5-mile thoroughfare, which leads to the Upper Priest Lake Scenic Area. The upper lake cannot be accessed by car, so water is an excellent navigation option.Fantastic birding and wildlife viewing is available, as well as huckleberry picking from mid-july to early fall, when the sweet berries can be found in abundance throughout the forests of north Idaho.Swimming is a popular summer pastime and with beach access not far from the campground, visitors wont have any problem cooling off during warmer months.Anglers will be excited to know that the waters of Priest Lake are home to record-breaking Mackinaw trout as well as Dolly Varden, Cutthroat and Kokanee.Facilities: Campers are required to bring their own portable toilets to this campground. No drinking water is available and this is a pack it in, pack it out facility. Picnic tables and campfire rings are provided.Nearby Attractions: Hike the la","capacity":165,"max_people":null,"fee_charged":"Yes","fee_type":"EXPANDED AMENITY FEE","fee_description":"Overnight Use:\nTent Only Group Site: $10 per night\nBoat-in Site: $15","open_season":"Late May","season_description":null,"operational_hours":"Open 24 hours/day","usage_level":null,"water":"No drinking water is available","restrooms":"Vault toilet(s)","pack_in_out":"Yes","permits":null,"passes":null,"restrictions":"Pets must be leashed at all times. No glass bottles are allowed on the beaches. No bathing or washing dishes in the lake. Quiet hours are from 10 p.m. to 6 a.m. No fireworks. 14 day camping limit. Maximum of 10 people per site Check-out time is 2:00 p.m C","important_info":null,"closest_towns":"Priest River, Idaho","directions":"GPS Info.(Latitude, Longitude):48.55111,-116.8655648334N,1165156WCampground is only reachable by boat. Travel north from Priest River, Idaho on State Highway 57 to various boat launches around the lake. To access the Kalispell Bay Boat Launch, travel on Highway 57 for 31 miles to Kalispell Bay Road. Turn east (right) until you reach West Lakeshore Road. Head south .5 miles to the boat launch.","recreation_gov_url":"https://www.recreation.gov/camping/campgrounds/233263","usfs_url":"https://www.fs.usda.gov/recarea/ipnf/recarea/?recid=6773","minimum_elevation":null,"maximum_elevation":null,"source_updated":"2026-08-06"}},{"type":"Feature","geometry":{"type":"Point","coordinates":[-114.254323,45.3920283]},"properties":{"id":"usfs-camp:5153.003191","name":"Spring Creek Campground","camp_type":"Developed campground","site_type":"CAMPGROUND","agency":"USDA Forest Service","managing_org_code":"041307","operated_by":"US Forest Service","status":"OPEN","status_reason":null,"description":"5 developed campsites and numerous undeveloped sites on the Wild and Scenic Salmon River, upstream from its confluence with the Wild and Scenic Middle Fork. The area is easy to explore-- it's webbed with dirt roads, jeep trails, and single track trails. Fishing in the river for cutthroat and rainbow trout, steelhead and whitefish. Put-in for a 10 mile run with Class III rapids at the popular day use section of the Salmon River, take-out at Cove Creek.","capacity":120,"max_people":null,"fee_charged":"Yes","fee_type":"EXPANDED AMENITY FEE","fee_description":"Overnight Use:\nSingle Site: $10 per night","open_season":null,"season_description":null,"operational_hours":"Open 24 hours/day","usage_level":null,"water":"Yes, drinking water is available from a hand pump","restrooms":"Vault toilet(s)","pack_in_out":"Yes","permits":null,"passes":"Y","restrictions":null,"important_info":null,"closest_towns":"North Fork, Idaho","directions":"From North Fork, go 18 miles west on Forest Road 030.","recreation_gov_url":null,"usfs_url":"https://www.fs.usda.gov/recarea/scnf/recarea/?recid=76086","minimum_elevation":null,"maximum_elevation":null,"source_updated":"2026-08-06"}},{"type":"Feature","geometry":{"type":"Point","coordinates":[-116.086832,43.783694]},"properties":{"id":"usfs-camp:5392.002731","name":"Shafer Butte Campground","camp_type":"Developed campground","site_type":"CAMPGROUND","agency":"USDA Forest Service","managing_org_code":"040201","operated_by":"US Forest Service","status":"OPEN","status_reason":null,"description":"Shafer Butte is located atop the scenic Boise Ridge Mountains, near Bogus Basin Mountain Recreation Area, at an elevation of 7,000 feet. Visitors enjoy hiking and biking on various trails in the surrounding area, and simply relaxing and taking in the area's beautiful views.","capacity":168,"max_people":null,"fee_charged":"Yes","fee_type":"EXPANDED AMENITY FEE","fee_description":"Overnight Use:\nSingle Site: $10 per night\nDay Use:\n$5 per vehicle per day\nGroup Picnic Site: $50 per day (1-30  people), $75 per day (1-50 people)","open_season":null,"season_description":null,"operational_hours":null,"usage_level":null,"water":"No drinking water is available","restrooms":"Vault toilet(s)","pack_in_out":"No","permits":null,"passes":"Interagency Senior/Access Recreation Passes provide a 50% discount to Single Campsites ONLY. *The discount applies only to the fee for the campsite physically occupied by the pass holder, not to any additional fee or campsite(s) occupied by members of the pass holder's party.* https://store.usgs.gov/recreational-passes Please be prepared to pay with CASH or CHECK. *Sites may be reservable and reservation fees apply.*","restrictions":null,"important_info":null,"closest_towns":"Boise, ID","directions":"From Boise, Idaho, travel along Bogus Basin Road, Forest Service (FS) road 297 for approximately 20 miles. Continue past the ski area and Nordic center. The final three miles are on a gravel road. Turn right (east) at the campground sign and travel just over a mile to the Shafer Butte Campground and picnic area.","recreation_gov_url":"https://www.recreation.gov/camping/campgrounds/232218","usfs_url":"www.fs.usda.gov/recarea/asnf/recreation/recarea/?recid=5087","minimum_elevation":"6,800 feet","maximum_elevation":null,"source_updated":"2026-08-06"}},{"type":"Feature","geometry":{"type":"Point","coordinates":[-111.0691496,43.5570239]},"properties":{"id":"usfs-camp:5064.003281","name":"Mike Harris Campground","camp_type":"Developed campground","site_type":"CAMPGROUND","agency":"USDA Forest Service","managing_org_code":"041556","operated_by":"Concessionaire","status":"OPEN","status_reason":null,"description":"Mike Harris Campground is located along scenic Teton Pass, just 5 miles from Victor, Idaho at an elevation of 6,200 feet. Visitors enjoy fishing, exploring local trails and sightseeing in this beautiful region.","capacity":60,"max_people":null,"fee_charged":"Yes","fee_type":null,"fee_description":null,"open_season":null,"season_description":null,"operational_hours":"Open 24 hours/day","usage_level":null,"water":"Yes, drinking water is available from faucets","restrooms":"Vault toilet(s)","pack_in_out":"No","permits":null,"passes":null,"restrictions":null,"important_info":null,"closest_towns":"Victor, Idaho","directions":"The campground is located 5 miles South East of Victor, ID on Idaho State Highway 33.","recreation_gov_url":"https://www.recreation.gov/camping/campgrounds/234153","usfs_url":"https://www.fs.usda.gov/recarea/ctnf/recarea/?recid=54317","minimum_elevation":null,"maximum_elevation":null,"source_updated":"2026-08-06"}},{"type":"Feature","geometry":{"type":"Point","coordinates":[-115.7746037,47.2953763]},"properties":{"id":"usfs-camp:5024.000331","name":"Telichpah Campground","camp_type":"Developed campground","site_type":"CAMPGROUND","agency":"USDA Forest Service","managing_org_code":"010404","operated_by":"US Forest Service","status":"OPEN","status_reason":null,"description":"Telichpah Campground features 5 camp units and vault toilets. Please observe the Pack it In, Pack it Out refuse policy. There is no potable water. Trailers are not recommended. Attractions include fishing on the North Fork St. Joe River and nearby streams.","capacity":35.5,"max_people":null,"fee_charged":"Yes","fee_type":"EXPANDED AMENITY FEE","fee_description":"Overnight Use:\nSingle Site: $10 per night (2 vehicles included per site)\nAdditional Vehicle: $5 per night (3 vehicle limit per site)","open_season":null,"season_description":null,"operational_hours":"Open 24 hours/day","usage_level":null,"water":"No drinking water is available","restrooms":"Vault toilet(s)","pack_in_out":"Yes","permits":null,"passes":"Interagency Senior/Access Recreation Passes provide a 50% discount to Single Campsites ONLY. *The discount applies only to the fee for the campsite physically occupied by the pass holder, not to any additional fee or campsite(s) occupied by members of the pass holder's party.* https://store.usgs.gov/recreational-passes Please be prepared to pay with CASH or CHECK. *Sites may be reservable and reservation fees apply.*","restrictions":null,"important_info":null,"closest_towns":"Avery, Idaho","directions":"Drive 6 miles north of Avery, Idaho on the North Fork of the St. Joe Road (#456), turn south 1 mile on old Moon Pass Road.","recreation_gov_url":null,"usfs_url":"https://www.fs.usda.gov/recarea/ipnf/recarea/?recid=6902","minimum_elevation":null,"maximum_elevation":null,"source_updated":"2026-08-06"}},{"type":"Feature","geometry":{"type":"Point","coordinates":[-116.510054,48.0991863]},"properties":{"id":"usfs-camp:5155.000331","name":"Maiden Rock Campground","camp_type":"Developed campground","site_type":"CAMPGROUND","agency":"USDA Forest Service","managing_org_code":"010406","operated_by":null,"status":"OPEN","status_reason":null,"description":"Maiden Rock Picnic Ground is accessible by boat only. It features 4 picnic units, fire rings, a vault toilet, and a swimming beach.","capacity":20,"max_people":null,"fee_charged":"No","fee_type":null,"fee_description":"No fees are required for this site","open_season":"May","season_description":null,"operational_hours":null,"usage_level":null,"water":"No, drinking water is not provided","restrooms":"vault toilet","pack_in_out":"Yes","permits":null,"passes":null,"restrictions":null,"important_info":null,"closest_towns":"Sandpoint, Idaho","directions":"Accessible by boat only, it is about 6 miles south of Garfield Bay on the west shore of Lake Pend Oreille.","recreation_gov_url":null,"usfs_url":"https://www.fs.usda.gov/recarea/ipnf/recarea/?recid=6800","minimum_elevation":null,"maximum_elevation":null,"source_updated":"2025-07-31"}},{"type":"Feature","geometry":{"type":"Point","coordinates":[-114.2672124,42.322706]},"properties":{"id":"usfs-camp:5068.003221","name":"Schipper Campground","camp_type":"Developed campground","site_type":"CAMPGROUND","agency":"USDA Forest Service","managing_org_code":"041401","operated_by":"US Forest Service","status":"OPEN","status_reason":null,"description":"Schipper Campground is a developed, fee campground composed of 5 individual units adjacent to Birch Creek. It is an accessible day use area and is a convenient retreat for visitor's from nearby Twin Falls, ID. The campground is suitable for tents and includes limited space for motor homes and trailers. This area is accessible for a season that varies usually between April and October. Campground amenities include accessible toilets, however no water is available.","capacity":20,"max_people":null,"fee_charged":"Yes","fee_type":"EXPANDED AMENITY FEE","fee_description":"Overnight Use:\nSingle Site: $5 per night","open_season":null,"season_description":null,"operational_hours":null,"usage_level":null,"water":"No drinking water is available","restrooms":"Vault toilet(s)","pack_in_out":"Yes","permits":null,"passes":"Interagency Senior/Access Recreation Passes provide a 50% discount to Single Campsites ONLY. *The discount applies only to the fee for the campsite physically occupied by the pass holder, not to any additional fee or campsite(s) occupied by members of the pass holder's party.* https://store.usgs.gov/recreational-passes Please be prepared to pay with CASH or CHECK. *Sites may be reservable and reservation fees apply.*","restrictions":null,"important_info":null,"closest_towns":"18 miles south of Hansen, ID","directions":"From Twin Falls, go east 8 miles on ID 50 and US 30, then south 16 miles on Rock Creek Road (County Road G3/Forest Road 515)","recreation_gov_url":null,"usfs_url":"https://www.fs.usda.gov/recarea/sawtooth/recarea/?recid=5773","minimum_elevation":null,"maximum_elevation":null,"source_updated":"2026-08-06"}},{"type":"Feature","geometry":{"type":"Point","coordinates":[-115.4495914,46.2285112]},"properties":{"id":"usfs-camp:210225010602","name":"Bimerick Creek Camp","camp_type":"Developed campground","site_type":"CAMPGROUND","agency":"USDA Forest Service","managing_org_code":"011755","operated_by":null,"status":"OPEN","status_reason":null,"description":"BIMERICK CREEK CAMP (Campground)","capacity":10,"max_people":null,"fee_charged":"No","fee_type":null,"fee_description":null,"open_season":null,"season_description":null,"operational_hours":null,"usage_level":null,"water":null,"restrooms":null,"pack_in_out":"Yes","permits":null,"passes":null,"restrictions":null,"important_info":null,"closest_towns":null,"directions":null,"recreation_gov_url":null,"usfs_url":null,"minimum_elevation":null,"maximum_elevation":null,"source_updated":"2023-07-05"}},{"type":"Feature","geometry":{"type":"Point","coordinates":[-114.0073019,45.2473133]},"properties":{"id":"usfs-camp:5168.003191","name":"Wallace Lake Campground","camp_type":"Developed campground","site_type":"CAMPGROUND","agency":"USDA Forest Service","managing_org_code":"041301","operated_by":null,"status":"OPEN","status_reason":null,"description":"WALLACE LAKE CAMPGROUND (Campground)","capacity":60,"max_people":null,"fee_charged":"Yes","fee_type":"EXPANDED AMENITY FEE","fee_description":null,"open_season":null,"season_description":null,"operational_hours":null,"usage_level":null,"water":null,"restrooms":null,"pack_in_out":"No","permits":null,"passes":"Y","restrictions":null,"important_info":null,"closest_towns":null,"directions":null,"recreation_gov_url":null,"usfs_url":null,"minimum_elevation":null,"maximum_elevation":null,"source_updated":"2026-08-06"}},{"type":"Feature","geometry":{"type":"Point","coordinates":[-115.2951528,43.537226]},"properties":{"id":"usfs-camp:7050.002731","name":"Elks Flat Campground","camp_type":"Developed campground","site_type":"CAMPGROUND","agency":"USDA Forest Service","managing_org_code":"040201","operated_by":"US Forest Service","status":"OPEN","status_reason":null,"description":"Elks Flat Campground is situated on the banks of the South Fork Boise River, at the foot of the Trinity Mountain Range in Idaho. It is five miles north of the town of Pine. Visitors enjoy fishing, swimming and exploring trails in the surrounding area.","capacity":451,"max_people":null,"fee_charged":"Yes","fee_type":"EXPANDED AMENITY FEE","fee_description":"Overnight Use:\nSingle Site: $10 per night\nDouble Site: $20 per night\nGroup Site: $100 per night","open_season":null,"season_description":null,"operational_hours":"End of May - End of September Unless closed by snow","usage_level":null,"water":"Yes, drinking water is available from a hand pump","restrooms":"Vault toilet(s)","pack_in_out":"No","permits":null,"passes":"Interagency Senior/Access Recreation Passes provide a 50% discount to Single Campsites ONLY. *The discount applies only to the fee for the campsite physically occupied by the pass holder, not to any additional fee or campsite(s) occupied by members of the pass holder's party.* https://store.usgs.gov/recreational-passes Please be prepared to pay with CASH or CHECK. *Sites may be reservable and reservation fees apply.*","restrictions":null,"important_info":null,"closest_towns":"Mountain Home, ID","directions":"From Mountain Home travel north on Hwy 20 for 35 miles.  Turn left on Hwy 61 and travel north for 24 miles.","recreation_gov_url":"https://www.recreation.gov/camping/campgrounds/232335","usfs_url":"www.fs.usda.gov/recarea/asnf/recreation/recarea/?recid=5094","minimum_elevation":null,"maximum_elevation":null,"source_updated":"2026-08-06"}},{"type":"Feature","geometry":{"type":"Point","coordinates":[-115.4320414,46.6360823]},"properties":{"id":"usfs-camp:5241.000411","name":"Weitas Campground","camp_type":"Developed campground","site_type":"CAMPGROUND","agency":"USDA Forest Service","managing_org_code":"011753","operated_by":"US Forest Service","status":"OPEN","status_reason":null,"description":"Weitas Campground is a very popular, no fee campground that's located about 35 miles northeast of Pierce, just off Forest Service road [FSR] 250.  Much of the campground's appeal comes from its location along the shady banks of Weitas Creek, just south of the North Fork of the Clearwater River (you cross a bridge to reach the campground.)  There are only six campsites, so Weitas Campground tends to fill quickly during the height of the summer recreation season.  Trail #20 runs south, and then east, out of the campground, providing miles of first-class bank fishing opportunities.  The trail eventually junctions with FSR 500, the Lolo Motorway.","capacity":30,"max_people":null,"fee_charged":"Yes","fee_type":"EXPANDED AMENITY FEE","fee_description":"No fees are required for this site","open_season":null,"season_description":null,"operational_hours":"Open 24 hours/day","usage_level":null,"water":"No drinking water is available","restrooms":"Vault toilet(s)","pack_in_out":"Yes","permits":null,"passes":null,"restrictions":null,"important_info":null,"closest_towns":"Orofino, ID","directions":"Directions ¿¿¿ From U.S. Highway 12, via Pierce:\nTake U.S. Highway 12 to Greer, ID, and turn east on State Highway 11. Follow Highway 11 for approximately 28 miles, toward Pierce, ID. You will pass through the small town of Weippe. One mile south of Pierce, turn right on Forest Service road 250 (French Mountain Road). Continue on FSR 250 for about 30 miles, until you reach the intersection of FSR 247 near Bungalow. Turn right and stay on FSR 250 for about four miles. Turn right onto the Weitas Creek Bridge. The campground is on the south side of the North Fork of t he Clearwater River.\nDirections ¿¿¿ From U.S. Highway 12, via Orofino:\nTake U.S. Highway 12 to Orofino, ID. Cross the bridge that spans the main Clearwater River; Michigan Avenue takes off from the east end of the bridge. Continue driving east until the Michigan Avenue becomes Grangemont Road. Stay on Grangemont Road and make your way to the junction with State Highway 11, a distance of about 26 miles. Turn right on Highway 11 and drive south for approximately six miles; you will pass through the small town of Pierce. One mile south of Pierce, turn left on FSR 250 (French Mountain Road). Proceed on FSR 250 for about 30 miles, until you reach the intersection of FSR 247 near Bungalow. Turn right and stay on FSR 250 for about four miles. Turn right onto the Weitas Creek Bridge. The campground is on the south side of the North Fork of the Clearwater River.","recreation_gov_url":null,"usfs_url":"https://www.fs.usda.gov/recarea/nezperceclearwater/recarea/?recid=80045","minimum_elevation":null,"maximum_elevation":null,"source_updated":"2026-08-06"}},{"type":"Feature","geometry":{"type":"Point","coordinates":[-115.5563965,46.7032883]},"properties":{"id":"usfs-camp:5263.000411","name":"Washington Creek Campground","camp_type":"Developed campground","site_type":"CAMPGROUND","agency":"USDA Forest Service","managing_org_code":"011753","operated_by":"US Forest Service","status":"OPEN","status_reason":null,"description":"Crossing the bridge over to Washington Creek Campground, visitors gain a splendid view overlooking the North Fork of the Clearwater River.  This campground offers one host site and 23 campsites (including one group site).  Each site contains a gravel parking pad, picnic table and fire ring, with access to 5 restrooms and 3 water spigots which are distributed around the loop for visitors' convenience. Washington Ridge Trail departs from the campground, offering  visitors quick access to higher elevation perspective.  The trail is open to hikers, stock users, bicyclists and motorcycles.  With river access along the full length of the campground, the area also offers ample opportunities for fishing, swimming or just dipping one's toes in the crisp clear water.","capacity":130,"max_people":null,"fee_charged":"Yes","fee_type":"EXPANDED AMENITY FEE","fee_description":"Overnight Use:\nSingle Site: $10 per night","open_season":null,"season_description":null,"operational_hours":"Open 24 hours/day","usage_level":null,"water":"Yes, drinking water is available from faucets","restrooms":"Vault toilet(s)","pack_in_out":"Yes","permits":null,"passes":"Interagency Senior/Access Recreation Passes provide a 50% discount to Single Campsites ONLY. *The discount applies only to the fee for the campsite physically occupied by the pass holder, not to any additional fee or campsite(s) occupied by members of the pass holder's party.* https://store.usgs.gov/recreational-passes Please be prepared to pay with CASH or CHECK. *Sites may be reservable and reservation fees apply.*","restrictions":null,"important_info":null,"closest_towns":"Headquarters, ID","directions":"From Headquarters, ID, head south on State Hwy 11 S for 3.4 miles and turn left onto Camp 57 Rd. Continue for 14.5 miles and turn left onto French Mountain Rd. Drive 9.7 miles and turn left onto Beaver Creek Rd/N Frk Rd. Continue for 6.2 miles to campground.","recreation_gov_url":null,"usfs_url":"https://www.fs.usda.gov/recarea/nezperceclearwater/recarea/?recid=80046","minimum_elevation":null,"maximum_elevation":null,"source_updated":"2026-08-06"}},{"type":"Feature","geometry":{"type":"Point","coordinates":[-116.2903334,48.3064369]},"properties":{"id":"usfs-camp:10622010359","name":"Huckleberry","camp_type":"Developed campground","site_type":"CAMPGROUND","agency":"USDA Forest Service","managing_org_code":"010406","operated_by":null,"status":"OPEN","status_reason":null,"description":"HUCKLEBERRY (Campground)","capacity":25,"max_people":null,"fee_charged":"No","fee_type":null,"fee_description":null,"open_season":null,"season_description":null,"operational_hours":null,"usage_level":null,"water":null,"restrooms":null,"pack_in_out":"Yes","permits":null,"passes":null,"restrictions":null,"important_info":null,"closest_towns":null,"directions":null,"recreation_gov_url":null,"usfs_url":null,"minimum_elevation":null,"maximum_elevation":null,"source_updated":"2026-02-23"}},{"type":"Feature","geometry":{"type":"Point","coordinates":[-114.9047778,44.1616906]},"properties":{"id":"usfs-camp:5108.003221","name":"Mountain View Campground","camp_type":"Developed campground","site_type":"CAMPGROUND","agency":"USDA Forest Service","managing_org_code":"041404","operated_by":"Concessionaire","status":"OPEN","status_reason":null,"description":"This campground is located on the east side of Little Redfish Lake. There are six campsites which are all first-come, first-serve. Enjoy fishing, canoeing, kayaking, swimming and camping alongside Little Redfish Lake. Several trailheads are in the surrounding area including Alpine Way and Redfish which lead into the Sawtooth Wilderness, and Boundary Creek trail which leads into the White Clouds Wilderness. Photography of the beautiful Sawtooth and White Clouds Wilderness areas and surrounding lakes and mountains is very popular here. Redfish Lake Visitor Center offers informational and interpretive programs. Motorized watercraft are not allowed on Little Redfish Lake.","capacity":42.5,"max_people":null,"fee_charged":"Yes","fee_type":null,"fee_description":null,"open_season":null,"season_description":null,"operational_hours":"May-September. Closes September 21.","usage_level":null,"water":"Yes, drinking water is available from faucets","restrooms":"Flush toilet(s)","pack_in_out":"No","permits":null,"passes":null,"restrictions":null,"important_info":null,"closest_towns":"Stanley, ID","directions":null,"recreation_gov_url":"https://www.recreation.gov/camping/campgrounds/10165490","usfs_url":"https://www.fs.usda.gov/recarea/sawtooth/recreation/recarea/?recid=5933","minimum_elevation":null,"maximum_elevation":null,"source_updated":"2026-08-06"}},{"type":"Feature","geometry":{"type":"Point","coordinates":[-116.1127131,44.193306]},"properties":{"id":"usfs-camp:5311.002731","name":"Cold Springs Campground - Boise NF (ID)","camp_type":"Group campground","site_type":"GROUP CAMPGROUND","agency":"USDA Forest Service","managing_org_code":"040206","operated_by":null,"status":"OPEN","status_reason":null,"description":"Cold Springs Campground is one of four campgrounds along Idaho's State Highway 55, next to the North Fork of the Payette River. This area is a popular location for river rafting trips and camping. This campground rests at 3,878 feet.","capacity":48,"max_people":null,"fee_charged":"Yes","fee_type":null,"fee_description":"Overnight Use:\nGroup Site: $120 per night (1-50 people)","open_season":"Mid May- End of September","season_description":null,"operational_hours":null,"usage_level":null,"water":"Handpump for Drinking water","restrooms":"Vault","pack_in_out":"Yes","permits":null,"passes":null,"restrictions":"Maximum consecutive stay is 14 days.","important_info":null,"closest_towns":"Horeseshoe Bend, Idaho","directions":"From Boise, Idaho travel north along State Highway 55 for appriximatly 38 miles to Banks,Idaho.\nFrom Banks, continue north alonf State Highway 55 for approximately 12.5 miles to the campground sign.","recreation_gov_url":"https://www.recreation.gov/camping/campgrounds/250047","usfs_url":null,"minimum_elevation":null,"maximum_elevation":null,"source_updated":"2026-08-06"}},{"type":"Feature","geometry":{"type":"Point","coordinates":[-115.5878129,43.795406]},"properties":{"id":"usfs-camp:5282.002731","name":"Black Rock Campground","camp_type":"Developed campground","site_type":"CAMPGROUND","agency":"USDA Forest Service","managing_org_code":"040203","operated_by":null,"status":"OPEN","status_reason":null,"description":"Black Rock Campground is located 20 miles from Idaho City, on the North Fork Boise River, at an elevation of 4,300 feet. Visitors enjoy fishing, swimming and exploring local trails.","capacity":55,"max_people":null,"fee_charged":"Yes","fee_type":"EXPANDED AMENITY FEE","fee_description":"Overnight Use:\nSingle Site: $15 per night","open_season":null,"season_description":null,"operational_hours":"Mid May-Mid October","usage_level":null,"water":"Yes, drinking water is available from a hand pump","restrooms":"Vault toilet(s)","pack_in_out":"No","permits":null,"passes":"Interagency Senior/Access Recreation Passes provide a 50% discount to Single Campsites ONLY. *The discount applies only to the fee for the campsite physically occupied by the pass holder, not to any additional fee or campsite(s) occupied by members of the pass holder's party.* https://store.usgs.gov/recreational-passes Please be prepared to pay with CASH or CHECK. *Sites may be reservable and reservation fees apply.*","restrictions":null,"important_info":null,"closest_towns":"Idaho City, ID","directions":"From Idaho City, Idaho, travel north on State Highway 21 for about two miles, to Forest Service (FS) Road 327 (Granite Creek/Rabbit Creek Road). Turn right and travel east for 18 miles on FS Road 327 to the campground.","recreation_gov_url":"https://www.recreation.gov/camping/campgrounds/234007","usfs_url":"www.fs.usda.gov/recarea/asnf/recreation/recarea/?recid=5172","minimum_elevation":null,"maximum_elevation":null,"source_updated":"2026-08-06"}},{"type":"Feature","geometry":{"type":"Point","coordinates":[-115.3499755,47.0434223]},"properties":{"id":"usfs-camp:5158.000331","name":"Line Creek Stock Camp","camp_type":"Horse camp","site_type":"HORSE CAMP","agency":"USDA Forest Service","managing_org_code":"010404","operated_by":"US Forest Service","status":"OPEN","status_reason":null,"description":"Line Creek Stock Camp features 9 pull through units for stock trailers, feed bunks and hitch posts, trailhead parking, and vault toilets. There is no developed water. Attractions include fishing in wild trout waters, beginning of the wild portion of St. Joe Wild and Scenic River, and St. Joe River Trailhead.","capacity":73,"max_people":null,"fee_charged":"Yes","fee_type":"EXPANDED AMENITY FEE","fee_description":"Overnight Use:\nSingle Site: $10 per night (2 vehicles included per site)\nAdditional Vehicle: $5 per night (3 vehicle limit per site)","open_season":"May","season_description":null,"operational_hours":"Open 24 hours/day","usage_level":null,"water":"No drinking water is available","restrooms":"Vault toilet(s)","pack_in_out":"Yes","permits":null,"passes":"Interagency Senior/Access Recreation Passes provide a 50% discount to Single Campsites ONLY. *The discount applies only to the fee for the campsite physically occupied by the pass holder, not to any additional fee or campsite(s) occupied by members of the pass holder's party.* https://store.usgs.gov/recreational-passes Please be prepared to pay with CASH or CHECK. *Sites may be reservable and reservation fees apply.*","restrictions":null,"important_info":null,"closest_towns":"Avery, Idaho","directions":"Drive 29 miles east of Avery on St. Joe River Road (Forest Highway 50), turn south on Red Ives Road (#218) and proceed 11 miles to the campground entrance.","recreation_gov_url":null,"usfs_url":"https://www.fs.usda.gov/recarea/ipnf/recarea/?recid=6910","minimum_elevation":null,"maximum_elevation":null,"source_updated":"2026-08-10"}},{"type":"Feature","geometry":{"type":"Point","coordinates":[-116.7377204,45.127866]},"properties":{"id":"usfs-camp:5085.003141","name":"Big Bar Camping Area","camp_type":"Developed campground","site_type":"CAMPGROUND","agency":"USDA Forest Service","managing_org_code":"041201","operated_by":"US Forest Service","status":"OPEN","status_reason":null,"description":"This is a large dispersed camping area along the Snake River in Hells Canyon. There are no formal parking or camping units. The camping area is used by both tent campers and RVs. Few amenities exist. There is one outhouse and informational sign near the entrance. Allison Creek Trailhead is across the Hells Canyon Road with access to Allison Creek Trail (#514).","capacity":270,"max_people":null,"fee_charged":"No","fee_type":null,"fee_description":null,"open_season":null,"season_description":null,"operational_hours":"Open 24 hours/day","usage_level":null,"water":"Water can be treated or filtered from nearby water sources","restrooms":"Vault toilet(s)","pack_in_out":"Yes","permits":null,"passes":null,"restrictions":null,"important_info":null,"closest_towns":"Cambridge, ID","directions":"From Cambridge take Highway 71 down to the Snake River, approximately 26 miles. Then continue on Highway 71 another 30 miles to the entrance of the camping area.","recreation_gov_url":null,"usfs_url":"https://www.fs.usda.gov/recarea/payette/recreation/recarea/?recid=26943","minimum_elevation":null,"maximum_elevation":null,"source_updated":"2025-12-22"}},{"type":"Feature","geometry":{"type":"Point","coordinates":[-114.8589228,43.6279161]},"properties":{"id":"usfs-camp:5064.003221","name":"Canyon Campground","camp_type":"Developed campground","site_type":"CAMPGROUND","agency":"USDA Forest Service","managing_org_code":"041405","operated_by":"US Forest Service","status":"OPEN","status_reason":null,"description":"CANYON CG (Campground) and transfer camp. 13 sites with site furniture (7 singles and 3 groups), 2 vault toilets, entrance information board, potable water (handpump), stock corrals with feeders, stock water, handicap loading ramp for stock, trailhead information board, trail signing, and trailhead parking within campground.","capacity":0,"max_people":null,"fee_charged":"Yes","fee_type":"EXPANDED AMENITY FEE","fee_description":"Overnight Use:\nSingle Site: $6 per night\nDouble Site: $12 per night","open_season":null,"season_description":null,"operational_hours":"Standard operating season is May-October but can be seasonally dependent.","usage_level":null,"water":"Yes, drinking water is available from a hand pump","restrooms":"Vault toilet(s)","pack_in_out":"Yes","permits":null,"passes":"Interagency Senior/Access Recreation Passes provide a 50% discount to Single Campsites ONLY. *The discount applies only to the fee for the campsite physically occupied by the pass holder, not to any additional fee or campsite(s) occupied by members of the pass holder's party.* https://store.usgs.gov/recreational-passes Please be prepared to pay with CASH or CHECK. *Sites may be reservable and reservation fees apply.*","restrictions":null,"important_info":null,"closest_towns":"Fairfield, ID","directions":"From Fairfield, go north 18 miles on Forest Road #094, turn left onto Forest Road #227 for 5.5 miles and then turn north onto Forest Road #085 for 2 miles.","recreation_gov_url":null,"usfs_url":"https://www.fs.usda.gov/recarea/sawtooth/recreation/recarea/?recid=5983","minimum_elevation":"5,590 feet","maximum_elevation":null,"source_updated":"2026-08-06"}},{"type":"Feature","geometry":{"type":"Point","coordinates":[-115.2840429,43.9396461]},"properties":{"id":"usfs-camp:5299.002731","name":"Johnson Creek Campground","camp_type":"Developed campground","site_type":"CAMPGROUND","agency":"USDA Forest Service","managing_org_code":"040203","operated_by":null,"status":"OPEN","status_reason":null,"description":"JOHNSON CREEK CAMPGROUND (Campground)","capacity":15,"max_people":null,"fee_charged":"Yes","fee_type":"EXPANDED AMENITY FEE","fee_description":"No fees are required for this site","open_season":null,"season_description":null,"operational_hours":"End of June - End of September Unless closed by snow","usage_level":null,"water":"No drinking water is available","restrooms":"Vault toilet(s)","pack_in_out":"Yes","permits":null,"passes":null,"restrictions":null,"important_info":null,"closest_towns":"Idaho City, ID","directions":"From Idaho City travel north on Hwy 21 toward Lowman. Turn off State Highway 21 onto Forest Service (FS) Road 384 at Edna Creek (18 miles past Idaho City). Follow FS Road 384 for 4 miles to FS Road 312 (Pikes Fork-Graham). Stay on FS Road 312 to the Graham area (25 miles). FS Road 312 becomes steadily rougher. 4x4 vehicles are recommended beyond Trapper Flat to ford the North Fork Boise River at the Graham Bridge Campground.  Continue past the Graham Cabin and airstrip for another 1 mile. About 200 yards before the Johnson Creek Campground look for a jeep road taking off to the left (look for trail direction sign).","recreation_gov_url":null,"usfs_url":"www.fs.usda.gov/recarea/asnf/recreation/recarea/?recid=5192","minimum_elevation":null,"maximum_elevation":null,"source_updated":"2026-08-06"}},{"type":"Feature","geometry":{"type":"Point","coordinates":[-113.0127122,42.4301061]},"properties":{"id":"usfs-camp:5101.003221","name":"Mill Flat Campground","camp_type":"Developed campground","site_type":"CAMPGROUND","agency":"USDA Forest Service","managing_org_code":"041401","operated_by":"US Forest Service","status":"OPEN","status_reason":null,"description":"Mill Flat Campground is a developed campground composed of 7 individual units located in an open setting within a canyon. This is a non-fee campground and picnic area where reservations are not required. This area is accessible for a season that varies usually between June through October. Campground amenities include restrooms. The campground is well suited for trailer and tent camping. Visitors can fish for trout in the stream and explore the mountains canyon by canyon on the extensive trail system.","capacity":100,"max_people":null,"fee_charged":"No","fee_type":null,"fee_description":"No fees are required for this site","open_season":null,"season_description":null,"operational_hours":null,"usage_level":null,"water":null,"restrooms":"Vault toilet(s)","pack_in_out":"Yes","permits":null,"passes":null,"restrictions":null,"important_info":null,"closest_towns":null,"directions":null,"recreation_gov_url":null,"usfs_url":"https://www.fs.usda.gov/recarea/sawtooth/recreation/recarea/?recid=5804","minimum_elevation":null,"maximum_elevation":null,"source_updated":"2025-12-22"}},{"type":"Feature","geometry":{"type":"Point","coordinates":[-115.7585672,45.0621121]},"properties":{"id":"usfs-camp:5092.003141","name":"Ponderosa Campground","camp_type":"Developed campground","site_type":"CAMPGROUND","agency":"USDA Forest Service","managing_org_code":"041206","operated_by":"US Forest Service","status":"OPEN","status_reason":null,"description":"This campground is located adjacent to the Secesh River and offers beautiful river views. There are eleven camp sites, drinking water, fire-pits, tables, toilets, pack in/pack out. There is fishing and trail access. Please pack out your own trash. No hook-ups.","capacity":50,"max_people":null,"fee_charged":"Yes","fee_type":"EXPANDED AMENITY FEE","fee_description":"Overnight Use:\nSingle Site: $10 per night","open_season":null,"season_description":null,"operational_hours":"Check in: 2:00 p.m.; Check-out: 11:00 a.m.","usage_level":null,"water":"Yes, drinking water is available from a hand pump","restrooms":"Vault toilet(s)","pack_in_out":"Yes","permits":null,"passes":"Interagency Senior/Access Recreation Passes provide a 50% discount to Single Campsites ONLY. *The discount applies only to the fee for the campsite physically occupied by the pass holder, not to any additional fee or campsite(s) occupied by members of the pass holder's party.* https://store.usgs.gov/recreational-passes Please be prepared to pay with CASH or CHECK. *Sites may be reservable and reservation fees apply.*","restrictions":null,"important_info":null,"closest_towns":"McCall, ID","directions":"From McCall, go 31 miles northeast on Lick Creek Road #48.","recreation_gov_url":null,"usfs_url":"https://www.fs.usda.gov/recarea/payette/recarea/?recid=26947","minimum_elevation":"4,050 feet","maximum_elevation":null,"source_updated":"2026-08-06"}},{"type":"Feature","geometry":{"type":"Point","coordinates":[-111.4940125,42.2074308]},"properties":{"id":"usfs-camp:5023.002861","name":"Paris Springs Campground","camp_type":"Developed campground","site_type":"CAMPGROUND","agency":"USDA Forest Service","managing_org_code":"041553","operated_by":"Concessionaire","status":"OPEN","status_reason":null,"description":"Paris Springs Campground is situated in scenic Paris Canyon, about five miles from Paris, Idaho. It is about 20 miles from Bear Lake, at an elevation of 6,600 feet. The campground gives Bear Lake visitors the opportunity to camp in a quiet area with lush vegetation.","capacity":145,"max_people":null,"fee_charged":"Yes","fee_type":"EXPANDED AMENITY FEE","fee_description":null,"open_season":null,"season_description":null,"operational_hours":"Open 24 hours/day","usage_level":null,"water":"Yes, drinking water is available from faucets","restrooms":"Vault toilet(s)","pack_in_out":"No","permits":null,"passes":null,"restrictions":null,"important_info":null,"closest_towns":"Paris, Idaho","directions":"Paris Idaho is about 16 miles north of the Idaho-Utah border on US Hwy.89. Located at the southern end of this small community is the intersection of US 89 and County Road #421. Turn west at the sign indicating Paris Canyon. Continue west on Road #421 to the intersection of Road 421 and Road 427. Approximately 3-3/4 miles. Take the left fork of the \"Y\" intersection onto Road 427. This Road ends in Paris Springs Campground about 1 mile from the intersection.","recreation_gov_url":"https://www.recreation.gov/camping/campgrounds/233855","usfs_url":"https://www.fs.usda.gov/recarea/ctnf/recarea/?recid=54455","minimum_elevation":null,"maximum_elevation":null,"source_updated":"2026-08-06"}},{"type":"Feature","geometry":{"type":"Point","coordinates":[-115.9681274,45.8285012]},"properties":{"id":"usfs-camp:5001.000961","name":"Castle Creek Campground","camp_type":"Developed campground","site_type":"CAMPGROUND","agency":"USDA Forest Service","managing_org_code":"011701","operated_by":"US Forest Service","status":"OPEN","status_reason":null,"description":"Castle Creek Campground is located along the South Fork of the Clearwater River at milepost 14 on Highway 14 east of Grangeville, Idaho. The campground has 9 units with picnic tables, water, and toilets. There is also access for RVs and trailers. This is a first-come first-served campground.","capacity":50,"max_people":null,"fee_charged":"Yes","fee_type":"EXPANDED AMENITY FEE","fee_description":"Overnight Use:\nSingle Site: $12 per night\nAdditional Vehicle Fee: $3 per night","open_season":null,"season_description":null,"operational_hours":"Open 24 hours/day","usage_level":null,"water":"Yes, drinking water is available from a hand pump","restrooms":"Vault toilet(s)","pack_in_out":"No","permits":null,"passes":"Interagency Senior/Access Recreation Passes provide a 50% discount to Single Campsites ONLY. *The discount applies only to the fee for the campsite physically occupied by the pass holder, not to any additional fee or campsite(s) occupied by members of the pass holder's party.* https://store.usgs.gov/recreational-passes Please be prepared to pay with CASH or CHECK. *Sites may be reservable and reservation fees apply.*","restrictions":null,"important_info":null,"closest_towns":"Grangeville, ID","directions":"From the east end of Grangeville, head south on the Grangeville Salmon Road and turn left at the drive-in theater toward the small town Mt. Idaho. Continue on the Mt. Idaho Grade, and toward Elk City on Hwy 14. Castle Creek Campground is located at Mile Post 14 on Hwy 14.","recreation_gov_url":null,"usfs_url":"https://www.fs.usda.gov/recarea/nezperceclearwater/recarea/?recid=16550","minimum_elevation":null,"maximum_elevation":null,"source_updated":"2026-08-06"}},{"type":"Feature","geometry":{"type":"Point","coordinates":[-116.0249284,45.6818901]},"properties":{"id":"usfs-camp:6943.000961","name":"Corral Creek Campground","camp_type":"Developed campground","site_type":"CAMPGROUND","agency":"USDA Forest Service","managing_org_code":"011701","operated_by":"US Forest Service","status":"OPEN","status_reason":null,"description":"CORRAL CREEK CG","capacity":40,"max_people":null,"fee_charged":"No","fee_type":null,"fee_description":"No fees are required for this site","open_season":null,"season_description":null,"operational_hours":"Open 24 hours/day","usage_level":null,"water":null,"restrooms":null,"pack_in_out":"Yes","permits":null,"passes":null,"restrictions":null,"important_info":null,"closest_towns":"Grangeville, ID","directions":null,"recreation_gov_url":null,"usfs_url":null,"minimum_elevation":null,"maximum_elevation":null,"source_updated":"2025-07-31"}},{"type":"Feature","geometry":{"type":"Point","coordinates":[-115.285595,44.5284461]},"properties":{"id":"usfs-camp:5117.002901","name":"Dagger Falls Campground","camp_type":"Developed campground","site_type":"CAMPGROUND","agency":"USDA Forest Service","managing_org_code":"041306","operated_by":"US Forest Service","status":"OPEN","status_reason":null,"description":"Eight sites are located along the Middle Fork of the Salmon River away from the busy Boundary Creek launch area. Each site has a picnic table and fire ring. The campground amenities include a vault toilet and drinking water. There are no garbage services available. The water falls are magnificent and the fishing terrific.","capacity":71,"max_people":null,"fee_charged":"Yes","fee_type":"EXPANDED AMENITY FEE","fee_description":"Overnight Use:\nSingle Site: $10 per night","open_season":null,"season_description":null,"operational_hours":"Open 24 hours/day","usage_level":null,"water":"Yes, drinking water is available from a hand pump","restrooms":"Vault toilet(s)","pack_in_out":"Yes","permits":null,"passes":"Interagency Senior/Access Recreation Passes provide a 50% discount to Single Campsites ONLY. *The discount applies only to the fee for the campsite physically occupied by the pass holder, not to any additional fee or campsite(s) occupied by members of the pass holder's party.* https://store.usgs.gov/recreational-passes Please be prepared to pay with CASH or CHECK. *Sites may be reservable and reservation fees apply.*","restrictions":null,"important_info":null,"closest_towns":"Stanley, Idaho","directions":"From Stanley, ID go west on Highway 21 for 21 miles. Then turn right onto Bear Valley Rd for about 9 miles, then turn right onto road NF-568 for about 9 miles. Then turn right onto Dagger Falls campground Rd, campground is at the end.","recreation_gov_url":null,"usfs_url":"https://www.fs.usda.gov/recarea/scnf/recarea/?recid=76068","minimum_elevation":null,"maximum_elevation":null,"source_updated":"2026-08-06"}},{"type":"Feature","geometry":{"type":"Point","coordinates":[-115.6677731,44.6552301]},"properties":{"id":"usfs-camp:5364.002731","name":"Shoreline Group","camp_type":"Group campground","site_type":"GROUP CAMPGROUND","agency":"USDA Forest Service","managing_org_code":"040204","operated_by":null,"status":"OPEN","status_reason":null,"description":"SHORELINE GROUP (Group Campground)","capacity":50,"max_people":null,"fee_charged":"Yes","fee_type":"EXPANDED AMENITY FEE","fee_description":null,"open_season":null,"season_description":null,"operational_hours":null,"usage_level":null,"water":null,"restrooms":null,"pack_in_out":"No","permits":null,"passes":null,"restrictions":null,"important_info":null,"closest_towns":null,"directions":null,"recreation_gov_url":null,"usfs_url":null,"minimum_elevation":"5,300 feet","maximum_elevation":null,"source_updated":"2026-08-06"}},{"type":"Feature","geometry":{"type":"Point","coordinates":[-114.2170127,43.8600062]},"properties":{"id":"usfs-camp:5007.002931","name":"Phi Kappa Campground","camp_type":"Developed campground","site_type":"CAMPGROUND","agency":"USDA Forest Service","managing_org_code":"041304","operated_by":"US Forest Service","status":"OPEN","status_reason":null,"description":"The campground has 21 campsites in a beautiful wooded setting. Amenities include one handpump to provide potable water (the natural color of which is rusty), and two vault toilets. Water is only available during the summer months. Non-reservable campground with $10/night fee. Nearby areas of Interest are Kane Lake, Big Fall Creek Lake, Sun Valley/Ketchum Area.","capacity":105,"max_people":null,"fee_charged":"Yes","fee_type":"EXPANDED AMENITY FEE","fee_description":"Overnight Use:\nSingle Site: $10 per night","open_season":null,"season_description":null,"operational_hours":"Open 24 hours/day","usage_level":null,"water":"Yes, drinking water is available from a hand pump","restrooms":"Vault toilet(s)","pack_in_out":"Yes","permits":null,"passes":"Interagency Senior/Access Recreation Passes provide a 50% discount to Single Campsites ONLY. *The discount applies only to the fee for the campsite physically occupied by the pass holder, not to any additional fee or campsite(s) occupied by members of the pass holder's party.* https://store.usgs.gov/recreational-passes Please be prepared to pay with CASH or CHECK. *Sites may be reservable and reservation fees apply.*","restrictions":null,"important_info":null,"closest_towns":"Mackay, Idaho","directions":"From Mackay, ID take US Highway 93 approximately 16 miles north of Mackay to the Trail Creek Road. Turn left on the Trail Creek Road (#208) and follow this road 23 miles to the campground.","recreation_gov_url":null,"usfs_url":"https://www.fs.usda.gov/recarea/scnf/recreation/camping-cabins/recarea/?recid=76044&actid=29&recid=76044&actid=29","minimum_elevation":null,"maximum_elevation":null,"source_updated":"2026-08-06"}},{"type":"Feature","geometry":{"type":"Point","coordinates":[-116.1845756,46.8325062]},"properties":{"id":"usfs-camp:210239010602","name":"Upper Basin Camp","camp_type":"Developed campground","site_type":"CAMPGROUND","agency":"USDA Forest Service","managing_org_code":"011752","operated_by":null,"status":"OPEN","status_reason":null,"description":"UPPER BASIN CAMP (Campground)","capacity":15,"max_people":null,"fee_charged":"No","fee_type":null,"fee_description":null,"open_season":null,"season_description":null,"operational_hours":null,"usage_level":null,"water":null,"restrooms":null,"pack_in_out":"Yes","permits":null,"passes":null,"restrictions":null,"important_info":null,"closest_towns":null,"directions":null,"recreation_gov_url":null,"usfs_url":null,"minimum_elevation":null,"maximum_elevation":null,"source_updated":"2025-12-22"}},{"type":"Feature","geometry":{"type":"Point","coordinates":[-115.6289133,45.8279062]},"properties":{"id":"usfs-camp:251739010602","name":"Leggett Creek","camp_type":"Developed campground","site_type":"CAMPGROUND","agency":"USDA Forest Service","managing_org_code":"011705","operated_by":null,"status":"OPEN","status_reason":null,"description":"LEGGETT CREEK (Campground)","capacity":40,"max_people":null,"fee_charged":"No","fee_type":null,"fee_description":null,"open_season":null,"season_description":null,"operational_hours":null,"usage_level":null,"water":null,"restrooms":null,"pack_in_out":"Yes","permits":null,"passes":null,"restrictions":null,"important_info":null,"closest_towns":null,"directions":null,"recreation_gov_url":null,"usfs_url":null,"minimum_elevation":null,"maximum_elevation":null,"source_updated":"2026-02-23"}},{"type":"Feature","geometry":{"type":"Point","coordinates":[-111.355712,43.4316064]},"properties":{"id":"usfs-camp:5067.003281","name":"Falls Group Campground","camp_type":"Group campground","site_type":"GROUP CAMPGROUND","agency":"USDA Forest Service","managing_org_code":"041554","operated_by":"Concessionaire","status":"OPEN","status_reason":null,"description":"Falls Campground is located next to the Ske River in beautiful Swan Valley at an elevation of 5,100 feet. Idaho Falls, Idaho is just 45 miles west. Visitors enjoy fishing and canoeing on the Ske and viewing local wildlife.","capacity":240,"max_people":null,"fee_charged":"Yes","fee_type":null,"fee_description":null,"open_season":null,"season_description":null,"operational_hours":"Open 24 hours/day","usage_level":null,"water":"Yes, drinking water is available from faucets","restrooms":"Vault toilet(s)","pack_in_out":"No","permits":null,"passes":null,"restrictions":null,"important_info":null,"closest_towns":"Swan Valley, Idaho","directions":"From Idaho Falls, travel east 45 miles on Highway 26, turn off right before Ske River Bridge, then go 3.5 miles on gravel road to the campground.","recreation_gov_url":null,"usfs_url":"https://www.fs.usda.gov/recarea/ctnf/recreation/recarea/?recid=54045&actid=29","minimum_elevation":"5,800 feet","maximum_elevation":null,"source_updated":"2025-12-22"}},{"type":"Feature","geometry":{"type":"Point","coordinates":[-115.5304215,46.6026043]},"properties":{"id":"usfs-camp:210202010602","name":"Jazz Creek Camp","camp_type":"Developed campground","site_type":"CAMPGROUND","agency":"USDA Forest Service","managing_org_code":"011753","operated_by":null,"status":"OPEN","status_reason":null,"description":"JAZZ CREEK CAMP (Campground)","capacity":15,"max_people":null,"fee_charged":"No","fee_type":null,"fee_description":null,"open_season":null,"season_description":null,"operational_hours":null,"usage_level":null,"water":null,"restrooms":null,"pack_in_out":"Yes","permits":null,"passes":null,"restrictions":null,"important_info":null,"closest_towns":null,"directions":null,"recreation_gov_url":null,"usfs_url":null,"minimum_elevation":null,"maximum_elevation":null,"source_updated":"2025-12-22"}},{"type":"Feature","geometry":{"type":"Point","coordinates":[-114.2601124,42.166706]},"properties":{"id":"usfs-camp:5061.003221","name":"Porcupine Springs Campground","camp_type":"Group campground","site_type":"GROUP CAMPGROUND","agency":"USDA Forest Service","managing_org_code":"041401","operated_by":"US Forest Service","status":"OPEN","status_reason":null,"description":"Porcupine Springs Campground is a developed campground composed of 12 individual units and 3 group units. One group area can accommodate up to 100 people and 1 group area can accommodate up to 50 people. This is a fee campground and reservations are required for group camping only. Fee envelopes and a collection box are provided near the campground entrance. This area is suitable for trailer and tent camping and it is accessible for a season that varies usually between June and September. Campground amenities include water faucets, toilets, and an accessible Stock Transfer Station. Little Fork Trailhead (#163) is located at the campground and is an easy multi-use trail that accesses an extensive trail system. There is an additional trailhead at the end of Forest Road 504. Loop A is composed of 4 single and 2 double sites and one 2 unit toilet. Loop B is composed of 3 single sites, 3 double sites, one 2 unit toilet, and a horseman area. Loop C is composed of 3 single and 3 double sites and one 2 unit toilet. Loop D is composed of 18 new family units with faucets, and two 2 unit accessible toilets. The parking lot can accommodate up to 8 RVs.","capacity":240,"max_people":null,"fee_charged":"Yes","fee_type":"EXPANDED AMENITY FEE","fee_description":null,"open_season":null,"season_description":null,"operational_hours":null,"usage_level":null,"water":"Yes, drinking water is available from faucets","restrooms":"Vault toilet(s)","pack_in_out":"Yes","permits":null,"passes":null,"restrictions":null,"important_info":null,"closest_towns":"31 miles south of Hansen, ID or 26 miles west of Oakley, ID","directions":"From Twin Falls, go east 8 miles on ID 50 and US 30, then south 30 miles on Rock Creek Road (County Road G3/Forest Road #515)","recreation_gov_url":null,"usfs_url":"https://www.fs.usda.gov/recarea/sawtooth/recreation/recarea/?recid=5781","minimum_elevation":null,"maximum_elevation":null,"source_updated":"2026-08-06"}},{"type":"Feature","geometry":{"type":"Point","coordinates":[-114.4206546,43.8275537]},"properties":{"id":"usfs-camp:5092.003221","name":"Cougar CG","camp_type":"Developed campground","site_type":"CAMPGROUND","agency":"USDA Forest Service","managing_org_code":"041404","operated_by":null,"status":"OPEN","status_reason":null,"description":"COUGAR CG (Campground)","capacity":25,"max_people":null,"fee_charged":"Yes","fee_type":"EXPANDED AMENITY FEE","fee_description":null,"open_season":null,"season_description":null,"operational_hours":null,"usage_level":null,"water":null,"restrooms":null,"pack_in_out":"No","permits":null,"passes":null,"restrictions":null,"important_info":null,"closest_towns":null,"directions":null,"recreation_gov_url":null,"usfs_url":null,"minimum_elevation":null,"maximum_elevation":null,"source_updated":"2026-08-06"}},{"type":"Feature","geometry":{"type":"Point","coordinates":[-115.5402323,45.7096822]},"properties":{"id":"usfs-camp:5777.000961","name":"Orogrande (1-2) Campground","camp_type":"Developed campground","site_type":"CAMPGROUND","agency":"USDA Forest Service","managing_org_code":"011705","operated_by":"US Forest Service","status":"OPEN","status_reason":null,"description":"Locally known as Orogrande #1 and 2, this campground occupies both sides of the road, one on the bank of Crooked River. It includes a toilet, fire rings and at least three camp pads. The non-river side is a good spot for one family or small group. The river side is an open, grassy campsite.","capacity":45,"max_people":null,"fee_charged":"No","fee_type":null,"fee_description":"No fees are required for this site","open_season":null,"season_description":null,"operational_hours":"Open 24 hours/day","usage_level":null,"water":"Water can be treated or filtered from nearby water sources","restrooms":"Vault toilet(s)","pack_in_out":"Yes","permits":null,"passes":null,"restrictions":null,"important_info":null,"closest_towns":"Elk City, ID","directions":"From State Highway 14, turn south on Crooked River Road #233 (approximately 7 miles west of Elk City) and travel approximately 11.5 miles to the campsite.","recreation_gov_url":null,"usfs_url":"https://www.fs.usda.gov/recarea/nezperceclearwater/recarea/?recid=16626","minimum_elevation":null,"maximum_elevation":null,"source_updated":"2025-07-31"}},{"type":"Feature","geometry":{"type":"Point","coordinates":[-111.3132121,44.1743064]},"properties":{"id":"usfs-camp:5100.003281","name":"Grandview Campground","camp_type":"Developed campground","site_type":"CAMPGROUND","agency":"USDA Forest Service","managing_org_code":"041552","operated_by":"Concessionaire","status":"OPEN","status_reason":null,"description":"Grand View Campground is located on the Mesa Falls Scenic Byway, adjacent to the Lower Mesa Falls Overlook, approximately 13 miles northeast of Ashton, Idaho. Upper Mesa Falls is within a mile. Visitors enjoy exploring the trails at the falls, viewing wildlife and hiking.","capacity":65,"max_people":null,"fee_charged":"Yes","fee_type":"EXPANDED AMENITY FEE","fee_description":"Overnight Use:\nSingle Site (Electric): $26 per night\nDouble Site (Electric): $52 per night\nAdditional Vehicle: $7 per night","open_season":null,"season_description":null,"operational_hours":"Open 8:00 a.m. to 10:00 p.m.","usage_level":null,"water":"Yes, drinking water is available from faucets","restrooms":"Vault toilet(s)","pack_in_out":"No","permits":null,"passes":"Interagency Senior/Access Recreation Passes provide a 50% discount to Single Campsites ONLY. *The discount applies only to the fee for the campsite physically occupied by the pass holder, not to any additional fee or campsite(s) occupied by members of the pass holder's party.* https://store.usgs.gov/recreational-passes Please be prepared to pay with CASH or CHECK. *Sites may be reservable and reservation fees apply.*","restrictions":null,"important_info":null,"closest_towns":"Ashton, Idaho","directions":"From Ashton, ID, head east out of Ashton on ID-47 (Mesa Falls Scenic Byway).   Turn left at the Lower Mesa Falls Overlook and the campground is to the left with the parking to the overlook to the right.  The Lower Mesa Falls Parking area is approximately 14 miles east and north of Ashton, ID.","recreation_gov_url":"https://www.recreation.gov/camping/campgrounds/233391","usfs_url":"https://www.fs.usda.gov/recarea/ctnf/recarea/?recid=54113","minimum_elevation":null,"maximum_elevation":null,"source_updated":"2026-08-06"}},{"type":"Feature","geometry":{"type":"Point","coordinates":[-115.6183145,46.8648813]},"properties":{"id":"usfs-camp:210208010602","name":"Dog Creek Camp","camp_type":"Developed campground","site_type":"CAMPGROUND","agency":"USDA Forest Service","managing_org_code":"011753","operated_by":null,"status":"OPEN","status_reason":null,"description":"DOG CREEK CAMP (Campground)","capacity":30,"max_people":null,"fee_charged":"No","fee_type":null,"fee_description":null,"open_season":null,"season_description":null,"operational_hours":null,"usage_level":null,"water":null,"restrooms":null,"pack_in_out":"Yes","permits":null,"passes":null,"restrictions":null,"important_info":null,"closest_towns":null,"directions":null,"recreation_gov_url":null,"usfs_url":null,"minimum_elevation":null,"maximum_elevation":null,"source_updated":"2023-07-05"}},{"type":"Feature","geometry":{"type":"Point","coordinates":[-114.7203855,44.2657029]},"properties":{"id":"usfs-camp:5692.003221","name":"Dutchman Flat Dispersed Campground","camp_type":"Developed campground","site_type":"CAMPGROUND","agency":"USDA Forest Service","managing_org_code":"041404","operated_by":null,"status":"OPEN","status_reason":null,"description":"DUTCHMAN FLAT DISPERSED CAMPGROUND (Campground)","capacity":25,"max_people":null,"fee_charged":"No","fee_type":null,"fee_description":null,"open_season":null,"season_description":null,"operational_hours":null,"usage_level":null,"water":null,"restrooms":null,"pack_in_out":"No","permits":null,"passes":null,"restrictions":null,"important_info":null,"closest_towns":null,"directions":null,"recreation_gov_url":null,"usfs_url":null,"minimum_elevation":null,"maximum_elevation":null,"source_updated":"2025-05-16"}},{"type":"Feature","geometry":{"type":"Point","coordinates":[-114.8136839,44.5975542]},"properties":{"id":"usfs-camp:5040.002901","name":"Tin Cup Campground","camp_type":"Developed campground","site_type":"CAMPGROUND","agency":"USDA Forest Service","managing_org_code":"041306","operated_by":"US Forest Service","status":"OPEN","status_reason":null,"description":"Thirteen campsites on Loon Creek, at the border of the Frank Church River of No Return Wilderness. Each campsite has picnic table and fire ring. There is a vault toilet in the campground. The trail from campground heads into the wilderness. Stock loading facilities available for equestrians outside of the campground.  Horses are not allowed in the campground. Additional trailheads at Indian Springs, Rat Creek, China Creek, Mayfield Creek, and Monte Cristo. Loop hikes to Indian Springs and Rat Creek. Hiking, horse riding, picnicking, and wildlife watching in this area.","capacity":77,"max_people":null,"fee_charged":"Yes","fee_type":"EXPANDED AMENITY FEE","fee_description":"No fees are required for this site","open_season":null,"season_description":null,"operational_hours":"Open 24 hours/day","usage_level":null,"water":"No water is available","restrooms":"Vault toilet(s)","pack_in_out":"Yes","permits":null,"passes":null,"restrictions":null,"important_info":null,"closest_towns":"Stanley, Idaho","directions":"From Stanley, ID head east on Highway 75 for 13 miles. Turn left onto Yankee Fork Rd and go about 8.6 miles. Then turn left onto FS Rd 40172/Loon Creek Rd for about 24 miles. Campground will be on the right.","recreation_gov_url":null,"usfs_url":"https://www.fs.usda.gov/recarea/scnf/recarea/?recid=76056","minimum_elevation":null,"maximum_elevation":null,"source_updated":"2026-08-06"}},{"type":"Feature","geometry":{"type":"Point","coordinates":[-115.0421132,45.8823063]},"properties":{"id":"usfs-camp:251730010602","name":"Windy Saddle","camp_type":"Developed campground","site_type":"CAMPGROUND","agency":"USDA Forest Service","managing_org_code":"011705","operated_by":null,"status":"OPEN","status_reason":null,"description":"WINDY SADDLE (Campground)","capacity":10,"max_people":null,"fee_charged":"No","fee_type":null,"fee_description":null,"open_season":null,"season_description":null,"operational_hours":null,"usage_level":null,"water":null,"restrooms":null,"pack_in_out":"Yes","permits":null,"passes":null,"restrictions":null,"important_info":null,"closest_towns":null,"directions":null,"recreation_gov_url":null,"usfs_url":null,"minimum_elevation":null,"maximum_elevation":null,"source_updated":"2026-02-23"}},{"type":"Feature","geometry":{"type":"Point","coordinates":[-114.2585197,43.8365442]},"properties":{"id":"usfs-camp:5008.002931","name":"Park Creek Campground","camp_type":"Developed campground","site_type":"CAMPGROUND","agency":"USDA Forest Service","managing_org_code":"041304","operated_by":"US Forest Service","status":"OPEN","status_reason":null,"description":"The Park Creek Campground has 12 units in a wooded setting.  There is one  handpump that provides potable water, and one vault toilet.  Water is available in summer months only. Nearby areas of interest include Summit Creek Trail, Big and Little Fall Creek, and Sun Valley/Ketchum.","capacity":65,"max_people":null,"fee_charged":"Yes","fee_type":"EXPANDED AMENITY FEE","fee_description":"Overnight Use:\nSingle Site: $10 per night","open_season":null,"season_description":null,"operational_hours":"Open 24 hours/day","usage_level":null,"water":"Yes, drinking water is available from a hand pump","restrooms":"Vault toilet(s)","pack_in_out":"Yes","permits":null,"passes":"Interagency Senior/Access Recreation Passes provide a 50% discount to Single Campsites ONLY. *The discount applies only to the fee for the campsite physically occupied by the pass holder, not to any additional fee or campsite(s) occupied by members of the pass holder's party.* https://store.usgs.gov/recreational-passes Please be prepared to pay with CASH or CHECK. *Sites may be reservable and reservation fees apply.*","restrictions":null,"important_info":null,"closest_towns":"Mackay, Idaho","directions":"From Mackay, ID take US Highway 93 approximately 16 miles north of Mackay to the Trail Creek Road. Turn left on the Trail Creek Road (#208). Follow this road 26 miles, campground will be on the right.","recreation_gov_url":null,"usfs_url":"https://www.fs.usda.gov/recarea/scnf/recreation/recarea/?recid=76046","minimum_elevation":null,"maximum_elevation":null,"source_updated":"2026-08-06"}},{"type":"Feature","geometry":{"type":"Point","coordinates":[-115.5069555,46.6295553]},"properties":{"id":"usfs-camp:210248010602","name":"Bungalow Camp","camp_type":"Developed campground","site_type":"CAMPGROUND","agency":"USDA Forest Service","managing_org_code":"011753","operated_by":null,"status":"OPEN","status_reason":null,"description":"BUNGALOW CAMP (Campground)","capacity":10,"max_people":null,"fee_charged":"No","fee_type":null,"fee_description":null,"open_season":null,"season_description":null,"operational_hours":null,"usage_level":null,"water":null,"restrooms":null,"pack_in_out":"Yes","permits":null,"passes":null,"restrictions":null,"important_info":null,"closest_towns":null,"directions":null,"recreation_gov_url":null,"usfs_url":null,"minimum_elevation":null,"maximum_elevation":null,"source_updated":"2025-12-22"}},{"type":"Feature","geometry":{"type":"Point","coordinates":[-116.0798997,47.1851363]},"properties":{"id":"usfs-camp:6444.000331","name":"Donkey Creek","camp_type":"Developed campground","site_type":"CAMPGROUND","agency":"USDA Forest Service","managing_org_code":"010404","operated_by":null,"status":"OPEN","status_reason":null,"description":"DONKEY CREEK (Campground)","capacity":10,"max_people":null,"fee_charged":"No","fee_type":null,"fee_description":null,"open_season":null,"season_description":null,"operational_hours":null,"usage_level":null,"water":null,"restrooms":null,"pack_in_out":"Yes","permits":null,"passes":null,"restrictions":null,"important_info":null,"closest_towns":null,"directions":null,"recreation_gov_url":null,"usfs_url":null,"minimum_elevation":null,"maximum_elevation":null,"source_updated":"2026-02-23"}},{"type":"Feature","geometry":{"type":"Point","coordinates":[-114.9111129,44.1477061]},"properties":{"id":"usfs-camp:5099.003221","name":"Glacier View Campground","camp_type":"Developed campground","site_type":"CAMPGROUND","agency":"USDA Forest Service","managing_org_code":"041404","operated_by":"Concessionaire","status":"OPEN","status_reason":null,"description":"Glacier View Campground is composed of 64 campsites including 9 double-sites on the north shore of Redfish Lake. The campsites accept reservations which can be made by going to www.recreation.gov or by calling (877)444-6777. North Shore Picnic Area is across the road and can be reserved for groups. The campground is situated in a lodgepole pine forest. The Redfish Visitor Center offers area information and interpretive programs. There is a boat ramp at Sandy Beach boat launch on the east shore of the lake. Take a short tour on the interpretive Fishhook Nature Trail or a longer walk west into the beautiful Sawtooth Wilderness to battle wild cutthroat in the alpine lakes. A section of the Idaho Centennial Trail passes near the area. Equestrian stables, a dump station, recreation and boat rentals can be found at Redfish Lake Lodge. Three small playgrounds are provided for children in the campground. Waterskiing, sailing, swimming, wading, canoeing, motorized boating and fishing are all great ways to enjoy the waters.","capacity":410,"max_people":null,"fee_charged":"Yes","fee_type":null,"fee_description":null,"open_season":null,"season_description":null,"operational_hours":"May-September. Closes September 21. Camp hosts unavailable after September 21.","usage_level":null,"water":"Yes, drinking water is available from faucets","restrooms":"Flush toilet(s)","pack_in_out":"No","permits":null,"passes":null,"restrictions":null,"important_info":null,"closest_towns":"Stanley, ID","directions":"From Stanley, go 4.5 miles south on ID 75 and 2.5 miles south on Forest Road #214.","recreation_gov_url":"https://www.recreation.gov/camping/campgrounds/232050","usfs_url":"https://www.fs.usda.gov/recarea/sawtooth/recreation/recarea/?recid=5930","minimum_elevation":null,"maximum_elevation":null,"source_updated":"2026-08-06"}},{"type":"Feature","geometry":{"type":"Point","coordinates":[-114.9166129,44.1311061]},"properties":{"id":"usfs-camp:5130.003221","name":"Sockeye Campground","camp_type":"Developed campground","site_type":"CAMPGROUND","agency":"USDA Forest Service","managing_org_code":"041404","operated_by":"Concessionaire","status":"OPEN","status_reason":null,"description":"Sockeye Campground is composed of 23 secluded campsites including 6 double-sites on the shore of Redfish Lake. All sites are first-come, first-serve. The campground is situated in a lodgepole pine forest. The Visitor Center offers area information and interpretive programs. There is a boat ramp at Sandy Beach boat launch, on the east shore of the lake. Take a short tour on the interpretive Fishhook Nature Trail or a longer walk west into the beautiful Sawtooth Wilderness to battle wild cutthroat trout in the alpine lakes. A section of the Idaho Centennial Trail passes near the area. Equestrian stables, a dump station, and boat rentals can be found at Redfish Lake Lodge. Three small playgrounds are provided for children in the campground. Swimming, sailing, waterskiing, wading, canoeing, motorized boating and of course fishing are great ways to enjoy the waters.","capacity":132,"max_people":null,"fee_charged":"Yes","fee_type":null,"fee_description":null,"open_season":null,"season_description":null,"operational_hours":"May-September. Closes September 30, camp hosts unavailable after September 22.","usage_level":null,"water":null,"restrooms":"Vault toilet(s)","pack_in_out":"No","permits":null,"passes":null,"restrictions":null,"important_info":null,"closest_towns":"Stanley, ID","directions":"From Stanley, go 4.5 miles south on ID 75. Turn southwest on Forest Road #214 and continue 3 miles to the end of the road.","recreation_gov_url":"https://www.recreation.gov/camping/campgrounds/10165656","usfs_url":"https://www.fs.usda.gov/recarea/sawtooth/recreation/recarea/?recid=5935","minimum_elevation":null,"maximum_elevation":null,"source_updated":"2026-08-06"}},{"type":"Feature","geometry":{"type":"Point","coordinates":[-115.3085132,45.5789062]},"properties":{"id":"usfs-camp:6985.000961","name":"Mallard Creek Campground","camp_type":"Developed campground","site_type":"CAMPGROUND","agency":"USDA Forest Service","managing_org_code":"011705","operated_by":"US Forest Service","status":"OPEN","status_reason":null,"description":"Mallard Creek Campground provides five campsites situated in the tall timber near Mallard Creek. Although there is a toilet, there are no tables or fire grates.","capacity":20,"max_people":null,"fee_charged":"No","fee_type":null,"fee_description":"No fees are required for this site","open_season":null,"season_description":null,"operational_hours":"Open 24 hours/day","usage_level":null,"water":"Water can be treated or filtered from nearby water sources","restrooms":"Vault toilet(s)","pack_in_out":"Yes","permits":null,"passes":null,"restrictions":null,"important_info":null,"closest_towns":"Elk City, ID","directions":"From State Highway 14, turn south on Red River-Dixie Road #222 and continue past the Red River Ranger Station (now closed) approximately 3 miles to the junction with Road #1190. Turn east (left) onto Road #1190 and proceed to its junction with Road #421. Turn onto Road #421 and proceed to approximately 6 miles to the campground.","recreation_gov_url":null,"usfs_url":"https://www.fs.usda.gov/recarea/nezperceclearwater/recarea/?recid=16610","minimum_elevation":null,"maximum_elevation":null,"source_updated":"2025-07-31"}},{"type":"Feature","geometry":{"type":"Point","coordinates":[-115.0552129,44.3061061]},"properties":{"id":"usfs-camp:5123.003221","name":"Sheep Trail Campground","camp_type":"Developed campground","site_type":"CAMPGROUND","agency":"USDA Forest Service","managing_org_code":"041404","operated_by":"US Forest Service","status":"OPEN","status_reason":null,"description":"Sheep Trail Campground is a small campground offering one group site that consists of four smaller sites. The group site can accommodate up to 40 people. If the group site is not reserved, the individual sites are available on a first-come, first-served basis. Reservations can be made by visiting www.recreation.gov or by calling (877)444-6777. Summer wildflowers are plentiful and a mixed stand of pines provides partial shade. A small creek runs next to the campground.  The Idaho Centennial Trail passes through going north/south. Numerous sparkling lakes and streams, including the Salmon River, dot the area, making for great rainbow and native West slope cutthroat trout fishing. Stanley Lake and Redfish Lake are nearby, offering excellent boating, waterskiing, canoeing, kayaking and fishing.","capacity":40,"max_people":null,"fee_charged":"Yes","fee_type":null,"fee_description":null,"open_season":null,"season_description":null,"operational_hours":"May-September. This campground closes on September 15.","usage_level":null,"water":null,"restrooms":"Vault toilet(s)","pack_in_out":"No","permits":null,"passes":null,"restrictions":null,"important_info":null,"closest_towns":"Stanley, ID","directions":"From Stanley, go 9 miles northwest on ID 21.","recreation_gov_url":null,"usfs_url":"https://www.fs.usda.gov/recarea/sawtooth/recreation/recarea/?recid=5879","minimum_elevation":null,"maximum_elevation":null,"source_updated":"2026-08-06"}},{"type":"Feature","geometry":{"type":"Point","coordinates":[-111.2096207,42.9723952]},"properties":{"id":"usfs-camp:5015.002861","name":"Pine Bar Campground","camp_type":"Developed campground","site_type":"CAMPGROUND","agency":"USDA Forest Service","managing_org_code":"041555","operated_by":"US Forest Service","status":"OPEN","status_reason":null,"description":"The cabin is accessible by car in warmer months and by snowmobile in winter. The cabin provides a few conveniences; however, guests should be prepared to bring the supplies and equipment they need to make their stay more comfortable.","capacity":35,"max_people":null,"fee_charged":"Yes","fee_type":"EXPANDED AMENITY FEE","fee_description":null,"open_season":null,"season_description":null,"operational_hours":"Open 24 hours/day","usage_level":null,"water":"No water is available","restrooms":"Vault toilet(s)","pack_in_out":"No","permits":null,"passes":null,"restrictions":null,"important_info":null,"closest_towns":"Alpine, Wyoming","directions":"From Alpine, WY, head southwest on US-89 S for 12.8 miles. Turn right at WY-239 W for 1.6 miles. Turn right at County Line Rd/State Line Rd and go 0.9 miles. Turn left at ID-34 W for 9.5 miles and your destition will be on the left.","recreation_gov_url":null,"usfs_url":"https://www.fs.usda.gov/recarea/ctnf/recarea/?recid=54485","minimum_elevation":null,"maximum_elevation":null,"source_updated":"2026-08-06"}},{"type":"Feature","geometry":{"type":"Point","coordinates":[-113.8373056,44.1336072]},"properties":{"id":"usfs-camp:5003.002931","name":"Mt. Borah Trailhead","camp_type":"Developed campground","site_type":"CAMPGROUND","agency":"USDA Forest Service","managing_org_code":"041304","operated_by":null,"status":"OPEN","status_reason":null,"description":"MT. BORAH TRAILHEAD (Campground)","capacity":25,"max_people":null,"fee_charged":"Yes","fee_type":"EXPANDED AMENITY FEE","fee_description":null,"open_season":null,"season_description":null,"operational_hours":null,"usage_level":null,"water":null,"restrooms":null,"pack_in_out":"Yes","permits":null,"passes":null,"restrictions":null,"important_info":null,"closest_towns":null,"directions":null,"recreation_gov_url":null,"usfs_url":null,"minimum_elevation":null,"maximum_elevation":null,"source_updated":"2026-08-06"}},{"type":"Feature","geometry":{"type":"Point","coordinates":[-114.685453,45.3700072]},"properties":{"id":"usfs-camp:5148.003191","name":"Corn Creek Campground Complex","camp_type":"Developed campground","site_type":"CAMPGROUND","agency":"USDA Forest Service","managing_org_code":"041307","operated_by":"US Forest Service","status":"OPEN","status_reason":null,"description":"2900-foot elevation. 18 campsites on the Salmon River. Put-in for floating the Salmon Wild & Scenic River, Class III-IV rapids. Hiking and horse riding trail from campground loops south to Butt Creek Point, then north to Horse Creek Campground, also on the Salmon. Fishing in the river for cutthroat and rainbow trout, steelhead and whitefish. Picnic facilities are accessible. Boat ramp used by jet boaters and river floaters.","capacity":150,"max_people":null,"fee_charged":"Yes","fee_type":"EXPANDED AMENITY FEE","fee_description":"Overnight Use:\nSingle Site: $10 per night","open_season":null,"season_description":null,"operational_hours":"Open 24 hours/day","usage_level":null,"water":"Yes, drinking water is available from a hand pump","restrooms":"Vault toilet(s)","pack_in_out":"Yes","permits":null,"passes":"Y","restrictions":null,"important_info":null,"closest_towns":"North Fork, Idaho","directions":"From North Fork, travel west on Forest Road 030 for approximately 45 miles","recreation_gov_url":null,"usfs_url":"https://www.fs.usda.gov/recarea/scnf/recarea/?recid=76080","minimum_elevation":null,"maximum_elevation":null,"source_updated":"2026-08-06"}},{"type":"Feature","geometry":{"type":"Point","coordinates":[-116.9533783,44.512707]},"properties":{"id":"usfs-camp:11245010444","name":"Kiwanis Campground","camp_type":"Developed campground","site_type":"CAMPGROUND","agency":"USDA Forest Service","managing_org_code":"041202","operated_by":"US Forest Service","status":"OPEN","status_reason":null,"description":"This is a one-unit dispersed camping area along Mann Creek. It is next to the road so it can be noisy and dusty. There is no potable water available at the site, so come prepared with your own. Typical season of use is mid-May through late September or early October.","capacity":5,"max_people":null,"fee_charged":"No","fee_type":null,"fee_description":"No fees are required for this site","open_season":null,"season_description":null,"operational_hours":"Open 24 hours/day","usage_level":null,"water":"Water can be treated or filtered from nearby water sources","restrooms":"Vault toilet(s)","pack_in_out":"Yes","permits":null,"passes":null,"restrictions":null,"important_info":null,"closest_towns":"Weiser, ID","directions":"The campground is located 20 miles north of Weiser. From Weiser, travel north on Highway 95 for approximately 12 miles, then turn off on Forest Road 009. Travel another 8 miles and you will arrive at the dispersed campground. Road 009 is an improved gravel road suitable for passenger cars.","recreation_gov_url":null,"usfs_url":"https://www.fs.usda.gov/recarea/payette/recarea/?recid=26893","minimum_elevation":null,"maximum_elevation":null,"source_updated":"2025-12-22"}},{"type":"Feature","geometry":{"type":"Point","coordinates":[-111.2550095,44.4983357]},"properties":{"id":"usfs-camp:5039.003281","name":"Big Springs Campground","camp_type":"Developed campground","site_type":"CAMPGROUND","agency":"USDA Forest Service","managing_org_code":"041552","operated_by":"Concessionaire","status":"OPEN","status_reason":null,"description":"The Big Springs Campground is located 22 miles south of West Yellowstone, MT in beautiful Island Park, Idaho at an approximate elevation of 6,300 feet. Visitors love Island Park for its world-class fishing and outstanding scenery and wildlife viewing opportunities.\ntural Features: Island Park is composed of two areas of extinct volcanic activity. The Henry's Fork Caldera sits inside the larger Island Park Caldera.\nThe area is known for its dense forests of lodgepole pine, broad grassy meadows bursting with summer wildflowers and a wide variety of wildlife, including black and grizzly bears, moose, elk, deer, bald eagles, Sandhill cranes and much, much more.\nThe campground is situated in a clearing surrounded by a forest of lodgepole pines. Grasses and summer wildflowers dot the landscape.\nRecreation: Big Springs is the headwaters of Henry's Fork and is one of the largest springs in the country. Henry's Fork is considered one of the best fly-fishing streams in the tion. Fishermen cast for rainbow and brook trout. Tubing, canoeing, kayaking and rafting are also popular on the river.\nThe Big Springs tiol Recreation Water Trail can be accessed from the Big Springs Boat Launch and ends 4.5 miles away at Macks Inn. It offers a lazy three-hour float or canoe trip through beautiful scenery. Wildlife, including moose, bald eagles and Sandhill cranes, are often seen along the trail.\nThe charming and historic John Sack Cabin is nearby, noted for its unique location, construction and furnishings.\nHiking, biking, horseback riding and riding OHVs are popular activities.\nNearby Attractions: Macks Inn is 4.5 miles west. This full-service facility offers boat rentals, rafting, shuttle service, gas, groceries, showers and laundry facilities.\nIsland Park Reservoir and Henry's Lake are nearby, both offering boating, water skiing, fishing, kayaking and canoeing. Numerous additiol small lakes and streams are scattered throughout Island Park.\nYellowstone and Grand Teton tiol Parks are","capacity":125,"max_people":null,"fee_charged":"Yes","fee_type":null,"fee_description":null,"open_season":null,"season_description":null,"operational_hours":"Open 8:00 a.m. to 10:00 p.m.","usage_level":null,"water":"Yes, drinking water is available from a hand pump","restrooms":"Vault toilet(s)","pack_in_out":"No","permits":null,"passes":null,"restrictions":null,"important_info":null,"closest_towns":"Island Park, Idaho","directions":"From West Yellowstone, MT, travel 22 miles south on Highway 20 to Mack's Inn. Turn east on the Big Springs Loop Rd. Travel 4.5 miles to campground.\nBig Springs Campground is 4 1/2 miles from Macks Inn, ID which is part of Island Park. The nearest bigger town is West Yellowstone, MT 22 miles north of Macks Inn. Ashton, ID is 30 miles to the south. Ashton has several gas stations, motels, restaurants and a grocery store.","recreation_gov_url":"https://www.recreation.gov/camping/campgrounds/234576","usfs_url":"https://www.fs.usda.gov/recarea/ctnf/recarea/?recid=53759","minimum_elevation":null,"maximum_elevation":null,"source_updated":"2026-08-06"}},{"type":"Feature","geometry":{"type":"Point","coordinates":[-111.5177369,42.0952581]},"properties":{"id":"usfs-camp:5034.002861","name":"Cloverleaf Campground","camp_type":"Developed campground","site_type":"CAMPGROUND","agency":"USDA Forest Service","managing_org_code":"041553","operated_by":"Concessionaire","status":"OPEN","status_reason":null,"description":"Cloverleaf Campground is situated on St. Charles Creek in a scenic canyon in the forests of southeast Idaho.","capacity":255,"max_people":null,"fee_charged":"Yes","fee_type":null,"fee_description":null,"open_season":null,"season_description":null,"operational_hours":"Open 24 hours/day","usage_level":null,"water":"No water is available","restrooms":"Vault toilet(s)","pack_in_out":"No","permits":null,"passes":null,"restrictions":null,"important_info":null,"closest_towns":"St. Charles, Idaho","directions":"At the north end of St. Charles, Idaho on US Hwy 89, turn west on St. Charles Canyon Road. (Forest Road #412). Follow this road for approximately 8 miles to Cloverleaf Campground, on the left side of the road.","recreation_gov_url":"https://www.recreation.gov/camping/campgrounds/233977","usfs_url":"https://www.fs.usda.gov/recarea/ctnf/recreation/recarea/?recid=53881&actid=29","minimum_elevation":null,"maximum_elevation":null,"source_updated":"2026-08-06"}},{"type":"Feature","geometry":{"type":"Point","coordinates":[-111.4927944,42.103896]},"properties":{"id":"usfs-camp:5027.002861","name":"Davis Canyon Campground","camp_type":"Developed campground","site_type":"CAMPGROUND","agency":"USDA Forest Service","managing_org_code":"041553","operated_by":"Concessionaire","status":"OPEN","status_reason":null,"description":"Davis Canyon Campground is situated on St. Charles Creek a scenic canyon in the forests of southeast Idaho.","capacity":30,"max_people":null,"fee_charged":"Yes","fee_type":"EXPANDED AMENITY FEE","fee_description":"Overnight Use:\nPeak Season:\nSingle Site: $12 per night\nGroup Site: $51 per night\nAdditional Vehicle Fee: $5 per night\nNon-Peak: No Fee","open_season":null,"season_description":null,"operational_hours":"Open 24 hours/day","usage_level":null,"water":"No water is available","restrooms":"Vault toilet(s)","pack_in_out":"No","permits":null,"passes":"Interagency Senior/Access Recreation Passes provide a 50% discount to Single Campsites ONLY. *The discount applies only to the fee for the campsite physically occupied by the pass holder, not to any additional fee or campsite(s) occupied by members of the pass holder's party.* https://store.usgs.gov/recreational-passes Please be prepared to pay with CASH or CHECK. *Sites may be reservable and reservation fees apply.*","restrictions":null,"important_info":null,"closest_towns":"St. Charles, Idaho","directions":"Take U.S. Highway 89 north from Garden City, Utah, or south from Montpelier, Idaho, to St. Charles. Drive west from St. Charles along Forest Road 412 about 6 miles to the campground.","recreation_gov_url":"https://www.recreation.gov/camping/campgrounds/233290","usfs_url":"https://www.fs.usda.gov/recarea/ctnf/recreation/recarea/?recid=53939&actid=29","minimum_elevation":null,"maximum_elevation":null,"source_updated":"2026-08-06"}},{"type":"Feature","geometry":{"type":"Point","coordinates":[-116.224114,48.5441063]},"properties":{"id":"usfs-camp:10721010359","name":"Boulder Meadows","camp_type":"Horse camp","site_type":"HORSE CAMP","agency":"USDA Forest Service","managing_org_code":"010407","operated_by":"US Forest Service","status":"OPEN","status_reason":null,"description":"BOULDER MEADOWS (Horse Camp)","capacity":42.5,"max_people":null,"fee_charged":"No","fee_type":null,"fee_description":"No fees are required for this site","open_season":null,"season_description":null,"operational_hours":"Open 24 hours/day","usage_level":null,"water":null,"restrooms":null,"pack_in_out":"Yes","permits":null,"passes":null,"restrictions":null,"important_info":null,"closest_towns":"Bonners Ferry, ID","directions":null,"recreation_gov_url":null,"usfs_url":null,"minimum_elevation":"4,500 feet","maximum_elevation":null,"source_updated":"2025-12-22"}},{"type":"Feature","geometry":{"type":"Point","coordinates":[-115.3562245,47.0828043]},"properties":{"id":"usfs-camp:5005.000331","name":"Beaver Creek Campground","camp_type":"Developed campground","site_type":"CAMPGROUND","agency":"USDA Forest Service","managing_org_code":"010404","operated_by":"US Forest Service","status":"OPEN","status_reason":null,"description":"BEAVER CREEK","capacity":10,"max_people":null,"fee_charged":"No","fee_type":null,"fee_description":"No fees are required for this site","open_season":null,"season_description":null,"operational_hours":"Open 24 hours/day","usage_level":null,"water":null,"restrooms":null,"pack_in_out":"Yes","permits":null,"passes":null,"restrictions":null,"important_info":null,"closest_towns":"Superior, MT","directions":null,"recreation_gov_url":null,"usfs_url":null,"minimum_elevation":null,"maximum_elevation":null,"source_updated":"2025-12-22"}},{"type":"Feature","geometry":{"type":"Point","coordinates":[-116.2798085,47.6337958]},"properties":{"id":"usfs-camp:5050.000331","name":"Bumblebee Campground","camp_type":"Developed campground","site_type":"CAMPGROUND","agency":"USDA Forest Service","managing_org_code":"010403","operated_by":"Concessionaire","status":"OPEN","status_reason":null,"description":"Bumblebee Campground is nestled in a dense forest near the Little North Fork Coeur D'Alene River, making it a perfect fishing and seasonal hunting base camp. Swimming and floating the river are popular activities as well. Natural Features: The campground sits next to Bumblebee Creek near the Little North Fork Coeur D'Alene River at an elevation of 2,200 feet. Recreation: This creekside location creates easy access for floating, swimming and wading. Trout fishing is available about a half-mile from the campground in the Little North Fork of Coeur d'Alene River. Rainbow and cutthroat trout are the most common catches. About 15 miles from the campground is the 803 Motorized Trail System, which provides dedicated off-road trails and open roads in the Steamboat Creek area. Facilities: Bumblebee is comprised of two loops, each with vault toilets and hand-pumped drinking water. Roads are paved and campsite parking spurs are sealed gravel. Several single-family campsites are available. A group site can accommodate up to 100 people. Nearby Attractions: The town of Coeur d'Alene is a delightful place to explore. Visitors can go paddle boating or parasailing on Lake Coeur d'Alene, or even take a trip around the lake on a seaplane. A variety of shops and restaurants are available.","capacity":130,"max_people":null,"fee_charged":"Yes","fee_type":null,"fee_description":"Overnight Use:\nSingle Site: $24 per night\nDouble Site: $48 per night\nGroup Site: $112 per night","open_season":"Mid May","season_description":null,"operational_hours":"Open 24 hours/day","usage_level":null,"water":"Yes, drinking water is available from a hand pump","restrooms":"Vault toilet(s)","pack_in_out":"No","permits":null,"passes":"Interagency Senior/Access Recreation Passes provide a 50% discount to Single Campsites ONLY. *The discount applies only to the fee for the campsite physically occupied by the pass holder, not to any additional fee or campsite(s) occupied by members of the pass holder's party.* https://store.usgs.gov/recreational-passes Please be prepared to pay with CASH or CHECK. *Sites may be reservable and reservation fees apply.*","restrictions":null,"important_info":null,"closest_towns":"Kingston, Idaho","directions":"Take the Kingston Exit off Interstate 90 and take Forest Road 9 North for 5.4 miles. Turn left onto Bumblebee cutoff and head 3 miles to the campground sign at the junction with Forest Road 796. Turn right onto Forest Road 796 and go 0.1 miles to the campground. Single sites are on the loop to the right and the group site is the loop on the left.","recreation_gov_url":"https://www.recreation.gov/camping/campgrounds/233899","usfs_url":"https://www.fs.usda.gov/recarea/ipnf/recarea/?recid=6844","minimum_elevation":null,"maximum_elevation":null,"source_updated":"2026-08-06"}},{"type":"Feature","geometry":{"type":"Point","coordinates":[-116.9520333,44.544178]},"properties":{"id":"usfs-camp:5093.003141","name":"Paradise Campground","camp_type":"Developed campground","site_type":"CAMPGROUND","agency":"USDA Forest Service","managing_org_code":"041202","operated_by":"US Forest Service","status":"OPEN","status_reason":null,"description":"These three dispersed campsites are on the edge of Mann Creek. This is a great area to explore on a mountain bike; backcountry roads and trails cover miles of the Hitt Mountains.","capacity":15,"max_people":null,"fee_charged":"No","fee_type":null,"fee_description":"No fees are required for this site","open_season":null,"season_description":null,"operational_hours":"Open 24 hours/day","usage_level":null,"water":"Water can be treated or filtered from nearby water sources","restrooms":"Vault toilet(s)","pack_in_out":"Yes","permits":null,"passes":null,"restrictions":null,"important_info":null,"closest_towns":"Weiser, ID","directions":"From Weiser, go 12.5 miles north on Highway 95, then 10 miles north on County Road and Forest Road 009.","recreation_gov_url":null,"usfs_url":"https://www.fs.usda.gov/recarea/payette/recarea/?recid=26949","minimum_elevation":null,"maximum_elevation":null,"source_updated":"2025-12-22"}},{"type":"Feature","geometry":{"type":"Point","coordinates":[-115.6922231,44.7125861]},"properties":{"id":"usfs-camp:5382.002731","name":"Penny Springs Campground","camp_type":"Developed campground","site_type":"CAMPGROUND","agency":"USDA Forest Service","managing_org_code":"040204","operated_by":null,"status":"OPEN","status_reason":null,"description":"PENNY SPRINGS CAMPGROUND (Campground)","capacity":20,"max_people":null,"fee_charged":"No","fee_type":null,"fee_description":null,"open_season":null,"season_description":null,"operational_hours":null,"usage_level":null,"water":null,"restrooms":"Vault Toilet","pack_in_out":"Yes","permits":null,"passes":null,"restrictions":null,"important_info":null,"closest_towns":null,"directions":null,"recreation_gov_url":null,"usfs_url":null,"minimum_elevation":"5,200 feet","maximum_elevation":null,"source_updated":"2025-12-22"}},{"type":"Feature","geometry":{"type":"Point","coordinates":[-111.3989122,44.3912065]},"properties":{"id":"usfs-camp:5048.003281","name":"Box Canyon Campground","camp_type":"Developed campground","site_type":"CAMPGROUND","agency":"USDA Forest Service","managing_org_code":"041552","operated_by":"Concessionaire","status":"OPEN","status_reason":null,"description":"The Box Canyon Campground is situated on the canyon rim above the Henry's Fork of the Snake River.   Campsites near the canyon rim are shaded by lodgepole pine and Douglas-fir.  This campground has several short trails that leave the Box Canyon Trail to access the Henry's Fork.","capacity":105,"max_people":null,"fee_charged":"Yes","fee_type":null,"fee_description":null,"open_season":null,"season_description":null,"operational_hours":"Open 8:00 a.m. to 10:00 p.m.","usage_level":null,"water":"Yes, drinking water is available from faucets","restrooms":"Vault toilet(s)","pack_in_out":"No","permits":null,"passes":null,"restrictions":null,"important_info":null,"closest_towns":"Island Park, Idaho","directions":"The Box Canyon Campground is located 28 miles south of West Yellowstone, MT or 75 miles north of Idaho Falls, ID.  The entry way to the Campground is on the west side of Highway 20, one mile south of the Island Park Ranger Station.","recreation_gov_url":null,"usfs_url":"https://www.fs.usda.gov/recarea/ctnf/recarea/?recid=53799","minimum_elevation":null,"maximum_elevation":null,"source_updated":"2025-12-22"}},{"type":"Feature","geometry":{"type":"Point","coordinates":[-114.8611128,43.9202061]},"properties":{"id":"usfs-camp:5128.003221","name":"Smokey Bear Campground","camp_type":"Developed campground","site_type":"CAMPGROUND","agency":"USDA Forest Service","managing_org_code":"041404","operated_by":"US Forest Service","status":"OPEN","status_reason":null,"description":"Smokey Bear Campground is composed of 8 single-sites and 3 double-sites on beautiful Alturas Lake situated in a mixed conifer setting. All sites are first-come, first-serve. A group picnic area is located on the east side of the campground. Trails at the end of Forest Road #205 lead to Alturas Lake Creek, Eureka Gulch and to Alpine Creek to the north in the beautiful Sawtooth Wilderness. At this campground there is a boat ramp and boat trailer parking area. This is a superb place to spend sunny summer days fishing for trout, sailing, motorized boating, swimming, and picnicking by the lake.","capacity":85,"max_people":null,"fee_charged":"Yes","fee_type":null,"fee_description":null,"open_season":null,"season_description":null,"operational_hours":"June-September. This campground closes on September 21.","usage_level":null,"water":null,"restrooms":"Vault toilet(s)","pack_in_out":"No","permits":null,"passes":null,"restrictions":null,"important_info":null,"closest_towns":"Stanley, ID","directions":"From Stanley, go south 21 miles on ID 75, then west about 2.5 miles on Forest Road #205.","recreation_gov_url":"https://www.recreation.gov/camping/campgrounds/10165636","usfs_url":"https://www.fs.usda.gov/recarea/sawtooth/recreation/recarea/?recid=5943","minimum_elevation":null,"maximum_elevation":null,"source_updated":"2026-08-06"}},{"type":"Feature","geometry":{"type":"Point","coordinates":[-115.4986635,46.7619813]},"properties":{"id":"usfs-camp:210247010602","name":"Riviera Camp","camp_type":"Developed campground","site_type":"CAMPGROUND","agency":"USDA Forest Service","managing_org_code":"011753","operated_by":null,"status":"OPEN","status_reason":null,"description":"RIVIERA CAMP (Campground)","capacity":15,"max_people":null,"fee_charged":"No","fee_type":null,"fee_description":null,"open_season":null,"season_description":null,"operational_hours":null,"usage_level":null,"water":null,"restrooms":null,"pack_in_out":"Yes","permits":null,"passes":null,"restrictions":null,"important_info":null,"closest_towns":null,"directions":null,"recreation_gov_url":null,"usfs_url":null,"minimum_elevation":null,"maximum_elevation":null,"source_updated":"2025-12-22"}},{"type":"Feature","geometry":{"type":"Point","coordinates":[-115.475393,44.0933561]},"properties":{"id":"usfs-camp:5209.002731","name":"HELENDE","camp_type":"Developed campground","site_type":"CAMPGROUND","agency":"USDA Forest Service","managing_org_code":"040205","operated_by":null,"status":"OPEN","status_reason":null,"description":"Helende Campground is located 10 miles east of Lowman, Idaho, along Highway 21 at an elevation of 4,100 feet. The South Fork Payette River lies a few hundred yards away. Visitors enjoy fishing and rafting on the river, soaking at nearby Kirkham Hot Springs and exploring the extensive Kirkham Ridge Trail.","capacity":50,"max_people":null,"fee_charged":"Yes","fee_type":"EXPANDED AMENITY FEE","fee_description":"Day Use:\n$5 per day for non-campers\nOvernight Use:\nSingle Site: $12 per night\nDouble Site: $24 per night","open_season":"End of May- End of September","season_description":null,"operational_hours":"End of May- End of September","usage_level":null,"water":"Handpump Drinking water","restrooms":"Vault toilets","pack_in_out":"No","permits":null,"passes":"Interagency Senior/Access Recreation Passes provide a 50% discount to Single Campsites ONLY. *The discount applies only to the fee for the campsite physically occupied by the pass holder, not to any additional fee or campsite(s) occupied by members of the pass holder's party.* https://store.usgs.gov/recreational-passes Please be prepared to pay with CASH or CHECK. *Sites may be reservable and reservation fees apply.*","restrictions":null,"important_info":null,"closest_towns":"Lowman, Idaho","directions":"From Boise, Idaho, travel north along State Highway 55 to Banks, Idaho appoximately 38 miles.\nAt Banks, turn right (east) onto State Highway 17 (Banks/Lowman Road) and travel to Lowman, Idaho approximately 31 miles. \nAt Lowman, turn left at the intersection of State Highway 17 and State Highway 21. Proceed 10 miles east towards Stanley, Idaho along State Highway 21. \nHelende Campground is located at milepost 82.","recreation_gov_url":"https://www.recreation.gov/camping/campgrounds/232310","usfs_url":null,"minimum_elevation":null,"maximum_elevation":"4,100","source_updated":"2026-08-06"}},{"type":"Feature","geometry":{"type":"Point","coordinates":[-114.4579527,43.7934161]},"properties":{"id":"usfs-camp:5145.003221","name":"Wood River Campground","camp_type":"Developed campground","site_type":"CAMPGROUND","agency":"USDA Forest Service","managing_org_code":"041404","operated_by":null,"status":"OPEN","status_reason":null,"description":"Wood River Group Overnight Area is located inside the Wood River Campground, which has 30 single campsites for RV's and tent camping, which are available for use on a first-come first-served basis. This campground is located on the banks of the beautiful Big Wood River at an elevation of 6400 feet. Ketchum, Idaho is conveniently close, only 10 miles south. Visitors enjoy fishing, tubing and exploring local trails.","capacity":160,"max_people":null,"fee_charged":"Yes","fee_type":null,"fee_description":null,"open_season":null,"season_description":null,"operational_hours":"May-September. Back loop closes September 16th, Front loop 9/30.  Host unavailable after 9/15.","usage_level":null,"water":null,"restrooms":"Flush toilet(s)","pack_in_out":"No","permits":null,"passes":null,"restrictions":null,"important_info":null,"closest_towns":"Ketchum, ID","directions":"From Ketchum, go north 10 miles on ID 75 past the Sawtooth National Recreation Area Headquarters. Second campground on the south side of the highway.","recreation_gov_url":"https://www.recreation.gov/camping/campgrounds/232124","usfs_url":"https://www.fs.usda.gov/recarea/sawtooth/recreation/recarea/?recid=5846","minimum_elevation":null,"maximum_elevation":null,"source_updated":"2026-08-06"}},{"type":"Feature","geometry":{"type":"Point","coordinates":[-111.116412,43.3223064]},"properties":{"id":"usfs-camp:5092.003281","name":"Big Elk Campground & Group Area","camp_type":"Developed campground","site_type":"CAMPGROUND","agency":"USDA Forest Service","managing_org_code":"041554","operated_by":"Concessionaire","status":"OPEN","status_reason":null,"description":"Big Elk Campground is situated along Big Elk Creek on a quiet arm of the beautiful Palisades Reservoir, just 55 miles east of Idaho Falls, Idaho. Visitors enjoy boating, fishing and exploring the scenic Big Elk Creek Trail.","capacity":420,"max_people":null,"fee_charged":"Yes","fee_type":null,"fee_description":null,"open_season":null,"season_description":null,"operational_hours":"Open 24 hours/day","usage_level":null,"water":"Yes, drinking water is available from faucets","restrooms":"Vault toilet(s)","pack_in_out":"No","permits":null,"passes":null,"restrictions":null,"important_info":null,"closest_towns":"Alpine, Wyoming","directions":"From Idaho Falls, Idaho, travel approximately 56 miles on Highway 26 to Palisades Dam. Once at the dam, continue 6 miles east on Highway 26, then turn left onto Forest Road 262 (Big Elk Creek Road) and travel 2 miles to the campground.","recreation_gov_url":"https://www.recreation.gov/camping/campgrounds/232211","usfs_url":"https://www.fs.usda.gov/recarea/ctnf/recarea/?recid=53741","minimum_elevation":"6,000 feet","maximum_elevation":null,"source_updated":"2026-08-06"}},{"type":"Feature","geometry":{"type":"Point","coordinates":[-115.1511129,44.1486061]},"properties":{"id":"usfs-camp:5100.003221","name":"Grandjean Campground","camp_type":"Developed campground","site_type":"CAMPGROUND","agency":"USDA Forest Service","managing_org_code":"041404","operated_by":"US Forest Service","status":"OPEN","status_reason":null,"description":"Grandjean Campground is composed of 31 campsites near the border of the Sawtooth Wilderness and the Boise National Forest. All sites are first-come, first-serve. It is situated in an old growth ponderosa pine forest. The Idaho Centennial Trail heads south along the Payette River, ultimately reaching a lush alpine paradise filled with alpine lakes. Once in the lake area, you can complete the loop back to Grandjean. Sawtooth Lodge is one mile away. Natural hot springs are 1.5 mile away. Horse trips are operated out of the Sawtooth Lodge and there are 10 sites for horse campers. This is a terrific area for hiking and exploring the beautiful Sawtooth Wilderness.","capacity":155,"max_people":null,"fee_charged":"Yes","fee_type":null,"fee_description":null,"open_season":null,"season_description":null,"operational_hours":"May-September. This campground closes on September 21. Host may no longer be available after September 15.","usage_level":null,"water":null,"restrooms":"Vault toilet(s)","pack_in_out":"No","permits":null,"passes":null,"restrictions":null,"important_info":null,"closest_towns":"Stanley, ID","directions":"From Stanley, go 35 miles northwest and south on ID 21, then 7 miles east on Forest Road #524. Turn left on Forest Road #824 at the Sawtooth Lodge.","recreation_gov_url":"https://www.recreation.gov/camping/campgrounds/10165320","usfs_url":"https://www.fs.usda.gov/recarea/sawtooth/recreation/recarea/?recid=5882","minimum_elevation":null,"maximum_elevation":null,"source_updated":"2026-08-06"}},{"type":"Feature","geometry":{"type":"Point","coordinates":[-116.0210683,45.1350211]},"properties":{"id":"usfs-camp:6662077010602","name":"Upper Payette Lake Campground","camp_type":"Group campground","site_type":"GROUP CAMPGROUND","agency":"USDA Forest Service","managing_org_code":"041204","operated_by":"US Forest Service","status":"OPEN","status_reason":null,"description":"Two group sites are available just north of Upper Payette Lake Campground along the lake shore. Both sites are located adjacent to one another. Group site one accommodates up to 20 people while group site two accommodates up to 30 people. Both sites feature on site parking, picnic tables, fire rings, and space for tent camping. Potable water is available on site.","capacity":50,"max_people":null,"fee_charged":"Yes","fee_type":"EXPANDED AMENITY FEE","fee_description":"Overnight Use:\nGroup Site A: $20 per night\nGroup Site B: $30 per night","open_season":null,"season_description":null,"operational_hours":"Check in: 2:00 p.m.; Check-out: 12:00 p.m.; Quiet hours are 10:00 p.m. until 6:00 a.m.","usage_level":null,"water":"Yes, drinking water is available from a hand pump","restrooms":"Vault toilet(s)","pack_in_out":"Yes","permits":null,"passes":"*Sites are reservable and reservation fees apply.*","restrictions":null,"important_info":null,"closest_towns":"McCall, ID","directions":"Travel approximately 16 miles north of McCall on the paved Warren Wagon Road (21). Turn left (west) onto Forest Road #495 (sign for campground) at the outlet of Upper Payette Lake and continue for just over one mile.","recreation_gov_url":null,"usfs_url":"https://www.fs.usda.gov/recarea/payette/recarea/?recid=26973","minimum_elevation":null,"maximum_elevation":null,"source_updated":"2026-08-06"}},{"type":"Feature","geometry":{"type":"Point","coordinates":[-111.1003119,43.1849064]},"properties":{"id":"usfs-camp:5075.003281","name":"Mccoy Creek Campground","camp_type":"Developed campground","site_type":"CAMPGROUND","agency":"USDA Forest Service","managing_org_code":"041554","operated_by":"Concessionaire","status":"OPEN","status_reason":null,"description":"The McCoy Creek Campground is located on the south end of the Palisades Reservoir. From Alpine, WY, take Highway 89 south to Salt River - McCoy Road #087, go west approximately 6 miles to the campground. There is a primitive boat ramp at the campground and it is possible to launch small watercraft; rafts, kayaks and canoes at high water levels.  McCoy Creek and Palisades Reservoir offers great fishing. There is very limited shade in the campground. All sites have a gravel surface. There are 17 single units, first come/first served.  The campground host is not on site, but checks the campground regularly.  Water and vault toilets are available.  There is no trash service at the campground, so all garbage must be packed out with you.  Firewood may be available for sale at the campground.","capacity":90,"max_people":null,"fee_charged":"Yes","fee_type":null,"fee_description":null,"open_season":null,"season_description":null,"operational_hours":"Open 24 hours/day","usage_level":null,"water":"Yes, drinking water is available from faucets","restrooms":"Vault toilet(s)","pack_in_out":"Yes","permits":null,"passes":null,"restrictions":null,"important_info":null,"closest_towns":"Alpine, Wyoming","directions":"From Alpine, WY go 5 miles south on Hwy 26/89 then 7 miles north on Forest Rd 087","recreation_gov_url":null,"usfs_url":"https://www.fs.usda.gov/recarea/ctnf/recarea/?recid=54297","minimum_elevation":"5,600 feet","maximum_elevation":null,"source_updated":"2025-12-22"}},{"type":"Feature","geometry":{"type":"Point","coordinates":[-115.5520175,46.5856553]},"properties":{"id":"usfs-camp:210233010602","name":"Clark Mountain Camp","camp_type":"Developed campground","site_type":"CAMPGROUND","agency":"USDA Forest Service","managing_org_code":"011753","operated_by":null,"status":"OPEN","status_reason":null,"description":"CLARK MOUNTAIN CAMP (Campground)","capacity":15,"max_people":null,"fee_charged":"No","fee_type":null,"fee_description":null,"open_season":null,"season_description":null,"operational_hours":null,"usage_level":null,"water":null,"restrooms":null,"pack_in_out":"Yes","permits":null,"passes":null,"restrictions":null,"important_info":null,"closest_towns":null,"directions":null,"recreation_gov_url":null,"usfs_url":null,"minimum_elevation":null,"maximum_elevation":null,"source_updated":"2025-12-22"}},{"type":"Feature","geometry":{"type":"Point","coordinates":[-115.1295978,43.8093611]},"properties":{"id":"usfs-camp:5302.002731","name":"Riverside Campground","camp_type":"Developed campground","site_type":"CAMPGROUND","agency":"USDA Forest Service","managing_org_code":"040203","operated_by":null,"status":"OPEN","status_reason":null,"description":"RIVERSIDE CAMPGROUND (Campground)","capacity":55,"max_people":null,"fee_charged":"Yes","fee_type":"EXPANDED AMENITY FEE","fee_description":null,"open_season":null,"season_description":null,"operational_hours":null,"usage_level":null,"water":"drinking water available","restrooms":"vault toilet(s)","pack_in_out":"Yes","permits":null,"passes":null,"restrictions":null,"important_info":null,"closest_towns":null,"directions":null,"recreation_gov_url":null,"usfs_url":null,"minimum_elevation":null,"maximum_elevation":null,"source_updated":"2026-08-06"}},{"type":"Feature","geometry":{"type":"Point","coordinates":[-116.1443023,45.2011691]},"properties":{"id":"usfs-camp:5033.003141","name":"Hazard Lake Campground","camp_type":"Developed campground","site_type":"CAMPGROUND","agency":"USDA Forest Service","managing_org_code":"041204","operated_by":"US Forest Service","status":"OPEN","status_reason":null,"description":"Situated along the shore of Hazard Lake at an elevation of 7,050', Hazard Lake Campground presents convenient lakeside access and abundant recreational opportunities. Each of 12 sites includes a fire ring and picnic table. Potable water is typically available July - September. All sites are available on a first-come, first-serve basis and camping is limited to an 14-day stay. There are no hookups or trash receptacles. Please pack out your trash.\nThe Upper Hazard Lake Trail #169 departs directly from Hazard Lake. The surrounding area presents plenty of additional trail access for multiuse enjoyment. Motorized use on the lake is limited by a \"no wake\" restriction and there is no boat ramp available so lightweight, portable watercraft are recommended.","capacity":96,"max_people":null,"fee_charged":"Yes","fee_type":"EXPANDED AMENITY FEE","fee_description":"Overnight Use:\nSingle Site: $10 per night\nDouble Site: $15 per night","open_season":null,"season_description":null,"operational_hours":"Check in: 2:00 p.m.; Check-out: 12:00 p.m.","usage_level":null,"water":"Yes, drinking water is available from a hand pump","restrooms":"Vault toilet(s)","pack_in_out":"Yes","permits":null,"passes":"Interagency Senior/Access Recreation Passes provide a 50% discount to Single Campsites ONLY. *The discount applies only to the fee for the campsite physically occupied by the pass holder, not to any additional fee or campsite(s) occupied by members of the pass holder's party.* https://store.usgs.gov/recreational-passes Please be prepared to pay with CASH or CHECK. *Sites may be reservable and reservation fees apply.*","restrictions":null,"important_info":null,"closest_towns":"McCall, ID","directions":"From McCall, travel five miles west on Highway 55. Turn right on Goose Lake Road/Forest Road #257. Follow the paved road to Brundage Mountain Resort where the road turns to gravel and continue approximately 18 miles to the campground.","recreation_gov_url":"https://www.recreation.gov/camping/campgrounds/234610","usfs_url":"https://www.fs.usda.gov/recarea/payette/recarea/?recid=26881","minimum_elevation":"7,100 feet","maximum_elevation":null,"source_updated":"2026-08-06"}},{"type":"Feature","geometry":{"type":"Point","coordinates":[-116.1200137,47.3036063]},"properties":{"id":"usfs-camp:5017.000331","name":"Big Creek Campground","camp_type":"Developed campground","site_type":"CAMPGROUND","agency":"USDA Forest Service","managing_org_code":"010404","operated_by":"US Forest Service","status":"OPEN","status_reason":null,"description":"9 camp units, vault toilets, day use area, Pack it In Pack it Out waste management system. Fishing, National Recreation Trails, hunting, berry picking, hiking, site of former Civilian Conservation Corps camp.","capacity":45,"max_people":null,"fee_charged":"Yes","fee_type":"EXPANDED AMENITY FEE","fee_description":"Overnight Use:\nSingle Site: $10 per night (2 vehicles included per site)\nAdditional Vehicle: $5 per night (3 vehicle limit per site)","open_season":"June","season_description":null,"operational_hours":"Open 24 hours/day","usage_level":null,"water":null,"restrooms":"Vault toilet(s)","pack_in_out":"Yes","permits":null,"passes":"Interagency Senior/Access Recreation Passes provide a 50% discount to Single Campsites ONLY. *The discount applies only to the fee for the campsite physically occupied by the pass holder, not to any additional fee or campsite(s) occupied by members of the pass holder's party.* https://store.usgs.gov/recreational-passes Please be prepared to pay with CASH or CHECK. *Sites may be reservable and reservation fees apply.*","restrictions":null,"important_info":null,"closest_towns":"St. Marie's, Idaho","directions":"Drive 24 miles east of St. Marie's, Idaho to Calder on the St. Joe River Road. Then follow County Road 5 miles east, then 3 miles north on Big Creek Road #537.","recreation_gov_url":null,"usfs_url":"https://www.fs.usda.gov/recarea/ipnf/recarea/?recid=6894","minimum_elevation":null,"maximum_elevation":null,"source_updated":"2026-08-06"}},{"type":"Feature","geometry":{"type":"Point","coordinates":[-115.7117129,43.662186]},"properties":{"id":"usfs-camp:5359.002731","name":"Badger Creek Campground","camp_type":"Developed campground","site_type":"CAMPGROUND","agency":"USDA Forest Service","managing_org_code":"040201","operated_by":"US Forest Service","status":"OPEN","status_reason":null,"description":"Badger Creek Campground has five first come first serve campsites. There are fire rings, picnic tables and a vault toilet.","capacity":37,"max_people":null,"fee_charged":"No","fee_type":null,"fee_description":"No fees are required for this site","open_season":null,"season_description":null,"operational_hours":"End of May - End of September Unless closed by snow","usage_level":null,"water":"No drinking water is available","restrooms":"Vault toilet(s)","pack_in_out":"Yes","permits":null,"passes":null,"restrictions":null,"important_info":null,"closest_towns":"Boise, ID","directions":"From Boise travel north on Hwy 21 to Forest Road 268. Turn right on FR 268 for approximately 25 miles.","recreation_gov_url":null,"usfs_url":"www.fs.usda.gov/recarea/asnf/recreation/recarea/?recid=5082","minimum_elevation":"3,200 feet","maximum_elevation":null,"source_updated":"2025-12-22"}},{"type":"Feature","geometry":{"type":"Point","coordinates":[-115.0963129,44.3186061]},"properties":{"id":"usfs-camp:5140.003221","name":"Trap Creek Campground","camp_type":"Group campground","site_type":"GROUP CAMPGROUND","agency":"USDA Forest Service","managing_org_code":"041404","operated_by":"US Forest Service","status":"OPEN","status_reason":null,"description":"Trap creek campground is a small campground offering one group site that consists of three smaller sites. The group site can accommodate up to 40 people. If the group site is not reserved, the individual sites are available on a first-come, first-serve basis. Reservations can be made by visiting www.recreation.gov or by calling (877)444-6777. Summer wildflowers are plentiful and a mixed stand of pines shade the area with Trap Creek flowing nearby. Numerous sparkling lakes and streams, including the Salmon River dot the area, making for great rainbow and native west slope cutthroat trout fishing. Stanley and Redfish Lakes are nearby, offering great boating, water skiing, canoeing, kayaking and fishing.","capacity":40,"max_people":null,"fee_charged":"Yes","fee_type":null,"fee_description":null,"open_season":null,"season_description":null,"operational_hours":"May-September. This campground closes on September 15.","usage_level":null,"water":null,"restrooms":"Vault toilet(s)","pack_in_out":"No","permits":null,"passes":null,"restrictions":null,"important_info":null,"closest_towns":"Stanley, ID","directions":"From Stanley, go 15 miles northwest on ID 21.","recreation_gov_url":"https://www.recreation.gov/camping/campgrounds/232116","usfs_url":"https://www.fs.usda.gov/recarea/sawtooth/recreation/recarea/?recid=5880","minimum_elevation":null,"maximum_elevation":null,"source_updated":"2026-08-06"}},{"type":"Feature","geometry":{"type":"Point","coordinates":[-115.0036536,46.8634373]},"properties":{"id":"usfs-camp:211354010602","name":"Goose Crk/Lake Creek Camp","camp_type":"Developed campground","site_type":"CAMPGROUND","agency":"USDA Forest Service","managing_org_code":"011753","operated_by":null,"status":"OPEN","status_reason":null,"description":"GOOSE CRK/LAKE CREEK CAMP (Campground)","capacity":10,"max_people":null,"fee_charged":"No","fee_type":null,"fee_description":null,"open_season":null,"season_description":null,"operational_hours":null,"usage_level":null,"water":null,"restrooms":null,"pack_in_out":"Yes","permits":null,"passes":null,"restrictions":null,"important_info":null,"closest_towns":null,"directions":null,"recreation_gov_url":null,"usfs_url":null,"minimum_elevation":null,"maximum_elevation":null,"source_updated":"2023-07-05"}},{"type":"Feature","geometry":{"type":"Point","coordinates":[-115.6572041,44.6516251]},"properties":{"id":"usfs-camp:5374.002731","name":"WARM LAKE","camp_type":"Developed campground","site_type":"CAMPGROUND","agency":"USDA Forest Service","managing_org_code":"040204","operated_by":null,"status":"OPEN","status_reason":null,"description":"Warm Lake Campground is near the eastern shore of beautiful Warm Lake, at an elevation of 5,300 feet. Visitors enjoy boating, fishing, swimming, hiking and viewing local wildlife.","capacity":65,"max_people":null,"fee_charged":"Yes","fee_type":"EXPANDED AMENITY FEE","fee_description":null,"open_season":null,"season_description":null,"operational_hours":null,"usage_level":null,"water":"Potable Water","restrooms":"Vault Toilet","pack_in_out":"No","permits":null,"passes":null,"restrictions":null,"important_info":null,"closest_towns":null,"directions":null,"recreation_gov_url":"https://www.recreation.gov/camping/campgrounds/232417","usfs_url":null,"minimum_elevation":null,"maximum_elevation":null,"source_updated":"2026-08-06"}},{"type":"Feature","geometry":{"type":"Point","coordinates":[-115.6915541,44.8629961]},"properties":{"id":"usfs-camp:5098.003141","name":"Four Mile Campground","camp_type":"Developed campground","site_type":"CAMPGROUND","agency":"USDA Forest Service","managing_org_code":"041206","operated_by":"US Forest Service","status":"OPEN","status_reason":null,"description":"Located along side the South Fork Salmon River, these 4 campsites offer access to an extensive trail system. Fishing in the South Fork of the Salmon River. The campground is equipped with a stock ramp and hitching rack.","capacity":20,"max_people":null,"fee_charged":"Yes","fee_type":"EXPANDED AMENITY FEE","fee_description":"Overnight Use:\nSingle Site: $10 per night","open_season":null,"season_description":null,"operational_hours":"Check in: 2:00 p.m.; Check-out: 11:00 a.m.","usage_level":null,"water":"Water can be treated or filtered from nearby water sources","restrooms":"Vault toilet(s)","pack_in_out":"Yes","permits":null,"passes":"Interagency Senior/Access Recreation Passes provide a 50% discount to Single Campsites ONLY. *The discount applies only to the fee for the campsite physically occupied by the pass holder, not to any additional fee or campsite(s) occupied by members of the pass holder's party.* https://store.usgs.gov/recreational-passes Please be prepared to pay with CASH or CHECK. *Sites may be reservable and reservation fees apply.*","restrictions":null,"important_info":null,"closest_towns":"Yellow Pine, ID","directions":"From McCall, go 30 miles northeast on Forest Road 48 (Lick Creek Road), then 11 miles south on the South Fork of the Salmon River Road (Forest Road 674).","recreation_gov_url":null,"usfs_url":"https://www.fs.usda.gov/recarea/payette/recarea/?recid=26957","minimum_elevation":"4,250 feet","maximum_elevation":null,"source_updated":"2026-08-06"}},{"type":"Feature","geometry":{"type":"Point","coordinates":[-115.8793581,44.266189]},"properties":{"id":"usfs-camp:5288.002731","name":"RATTLESNAKE","camp_type":"Developed campground","site_type":"CAMPGROUND","agency":"USDA Forest Service","managing_org_code":"040206","operated_by":null,"status":"OPEN","status_reason":null,"description":"Rattlesnake Campground is located 13 miles north of Crouch, Idaho along the Middle Fork Payette River at an elevation of 3621 feet. The Middle Fork drainage offers a variety of excellent trails. Fishing and hunting are popular activities as well.","capacity":165,"max_people":null,"fee_charged":"Yes","fee_type":null,"fee_description":null,"open_season":null,"season_description":null,"operational_hours":null,"usage_level":null,"water":null,"restrooms":"Vault","pack_in_out":"Yes","permits":null,"passes":null,"restrictions":null,"important_info":null,"closest_towns":null,"directions":null,"recreation_gov_url":"https://www.recreation.gov/camping/campgrounds/233943","usfs_url":null,"minimum_elevation":null,"maximum_elevation":null,"source_updated":"2026-08-06"}},{"type":"Feature","geometry":{"type":"Point","coordinates":[-111.2305172,42.33165]},"properties":{"id":"usfs-camp:5035.002861","name":"Montpelier Canyon Campground","camp_type":"Developed campground","site_type":"CAMPGROUND","agency":"USDA Forest Service","managing_org_code":"041553","operated_by":"US Forest Service","status":"OPEN","status_reason":null,"description":"Montpelier Canyon Campground provides a rustic camping opportunity next to Highway 89, along Montpelier Creek, at an elevation of 6,400 feet. Montpelier Reservoir is within five miles, offering fishing, boating and canoeing.","capacity":65,"max_people":null,"fee_charged":"Yes","fee_type":"EXPANDED AMENITY FEE","fee_description":"Overnight Use:\nPeak Season:  Single Site: $10 per night\nAdditional Vehicle Fee: $5 per night\nNon-Peak: No Fee","open_season":null,"season_description":null,"operational_hours":"Open 24 hours/day","usage_level":null,"water":"No water is available","restrooms":"No restroom available","pack_in_out":"No","permits":null,"passes":"Interagency Senior/Access Recreation Passes provide a 50% discount to Single Campsites ONLY. *The discount applies only to the fee for the campsite physically occupied by the pass holder, not to any additional fee or campsite(s) occupied by members of the pass holder's party.* https://store.usgs.gov/recreational-passes Please be prepared to pay with CASH or CHECK. *Sites may be reservable and reservation fees apply.*","restrictions":null,"important_info":null,"closest_towns":"Montpelier, Idaho","directions":"The campground is located three miles east of Montpelier, Idaho, on U.S. Highway 89.","recreation_gov_url":"https://www.recreation.gov/camping/campgrounds/233853","usfs_url":"https://www.fs.usda.gov/recarea/ctnf/recreation/camping-cabins/recarea/?recid=54339&actid=29","minimum_elevation":null,"maximum_elevation":null,"source_updated":"2026-08-06"}},{"type":"Feature","geometry":{"type":"Point","coordinates":[-111.3395122,44.4974065]},"properties":{"id":"usfs-camp:5041.003281","name":"Flatrock Campground","camp_type":"Developed campground","site_type":"CAMPGROUND","agency":"USDA Forest Service","managing_org_code":"041552","operated_by":"Concessionaire","status":"OPEN","status_reason":null,"description":"Flat Rock Campground is located 22 miles south of West Yellowstone, Monta and 30 miles north of Ashton, Idaho in beautiful Island Park, Idaho. Flat Rock is adjacent to U.S. Highway 20 and the Henry's Fork of the Ske River at an elevation of 6,400 feet.","capacity":165,"max_people":null,"fee_charged":"Yes","fee_type":"EXPANDED AMENITY FEE","fee_description":null,"open_season":null,"season_description":null,"operational_hours":"Open 8:00 a.m. to 10:00 p.m.","usage_level":null,"water":"Yes, drinking water is available from faucets","restrooms":"Vault toilet(s)","pack_in_out":"No","permits":null,"passes":null,"restrictions":null,"important_info":null,"closest_towns":"Island Park, Idaho","directions":"From West Yellowstone, Monta, travel 22 miles south on Highway 20.","recreation_gov_url":"https://www.recreation.gov/camping/campgrounds/231925","usfs_url":"https://www.fs.usda.gov/recarea/ctnf/recarea/?recid=54061","minimum_elevation":null,"maximum_elevation":null,"source_updated":"2026-08-06"}},{"type":"Feature","geometry":{"type":"Point","coordinates":[-114.2982499,45.0341323]},"properties":{"id":"usfs-camp:5378.003191","name":"Mcdonald Flat Campground","camp_type":"Developed campground","site_type":"CAMPGROUND","agency":"USDA Forest Service","managing_org_code":"041301","operated_by":"US Forest Service","status":"OPEN","status_reason":null,"description":"5400-foot elevation. 6 campsites along Panther Creek. Fishing for wily trout in Panther Creek. 20-foot maximum trailer length.","capacity":40,"max_people":null,"fee_charged":"No","fee_type":null,"fee_description":"No fees are required for this site","open_season":null,"season_description":null,"operational_hours":"Open 24 hours/day","usage_level":null,"water":"Yes, drinking water is available from a hand pump","restrooms":"Vault toilet(s)","pack_in_out":"Yes","permits":null,"passes":null,"restrictions":null,"important_info":null,"closest_towns":"Salmon, Idaho","directions":"From Salmon, go 8 miles south on US-93, turn right onto NF-021 for about a mile then turn left onto Williams Creek Rd/Deep Creek Rd. Stay on this road for about 26 miles. Then turn left onto NF-055/Panther Creek Rd and stay for 12 miles, the campground will be on the left.","recreation_gov_url":null,"usfs_url":"https://www.fs.usda.gov/recarea/scnf/recarea/?recid=76106","minimum_elevation":null,"maximum_elevation":null,"source_updated":"2025-07-31"}},{"type":"Feature","geometry":{"type":"Point","coordinates":[-113.3170216,44.4355013]},"properties":{"id":"usfs-camp:5139.003191","name":"Meadow Lake Campground","camp_type":"Developed campground","site_type":"CAMPGROUND","agency":"USDA Forest Service","managing_org_code":"041308","operated_by":"US Forest Service","status":"OPEN","status_reason":null,"description":"Meadow Lake Campground is located on the Leadore Ranger District of the Salmon-Challis National Forest. This high alpine campground sits at an elevation of 9,160 feet in the Lemhi Mountain Range, 22 miles from Leadore, Idaho. Meadow Lake Campground consists of 17 campsites and a day use area with picnic tables, fire rings and barbecue pedestals. The campground offers two vault toilets, drinking water and day use parking. Four double campsites are available for larger groups with each site including two picnic tables, two tent pads, a campfire ring, a prep table, and expanded parking for two vehicles. The campground also offer 13 single campsites each with a picnic table, tent pad, campfire ring, prep table, and parking for one vehicle.","capacity":164,"max_people":null,"fee_charged":"Yes","fee_type":"EXPANDED AMENITY FEE","fee_description":"Overnight Use:\nSingle Site: $10 per night\nDouble Site: $20 per night","open_season":null,"season_description":null,"operational_hours":"Open 24 hours/day","usage_level":null,"water":"Yes, drinking water is available from a hand pump","restrooms":"Vault toilet(s)","pack_in_out":"No","permits":null,"passes":"Y","restrictions":null,"important_info":null,"closest_towns":"Leadore, Idaho","directions":"From Leadore drive 17 miles south on Highway 28 and turn right (west) on to Forest Service Road #002 at the old Gilmore Townsite. Follow the gravel road for 6 miles as it climbs 2,080 feet to the campground.","recreation_gov_url":"https://www.recreation.gov/camping/campgrounds/260558","usfs_url":"https://www.fs.usda.gov/recarea/scnf/recarea/?recid=76072","minimum_elevation":"9,200 feet","maximum_elevation":null,"source_updated":"2026-08-06"}},{"type":"Feature","geometry":{"type":"Point","coordinates":[-115.5050205,46.6328973]},"properties":{"id":"usfs-camp:210232010602","name":"Station Creek Camp","camp_type":"Developed campground","site_type":"CAMPGROUND","agency":"USDA Forest Service","managing_org_code":"011753","operated_by":null,"status":"OPEN","status_reason":null,"description":"STATION CREEK CAMP (Campground)","capacity":25,"max_people":null,"fee_charged":"No","fee_type":null,"fee_description":null,"open_season":null,"season_description":null,"operational_hours":null,"usage_level":null,"water":null,"restrooms":null,"pack_in_out":"Yes","permits":null,"passes":null,"restrictions":null,"important_info":null,"closest_towns":null,"directions":null,"recreation_gov_url":null,"usfs_url":null,"minimum_elevation":null,"maximum_elevation":null,"source_updated":"2025-12-22"}},{"type":"Feature","geometry":{"type":"Point","coordinates":[-114.7825131,45.7619507]},"properties":{"id":"usfs-camp:5083.000271","name":"Raven Creek Campground","camp_type":"Developed campground","site_type":"CAMPGROUND","agency":"USDA Forest Service","managing_org_code":"010304","operated_by":null,"status":"OPEN","status_reason":null,"description":"RAVEN CREEK CAMPGROUND","capacity":10,"max_people":null,"fee_charged":"No","fee_type":null,"fee_description":"No fees are required for this site","open_season":null,"season_description":null,"operational_hours":null,"usage_level":null,"water":null,"restrooms":null,"pack_in_out":"Yes","permits":null,"passes":null,"restrictions":null,"important_info":null,"closest_towns":null,"directions":null,"recreation_gov_url":null,"usfs_url":null,"minimum_elevation":null,"maximum_elevation":null,"source_updated":"2025-07-31"}},{"type":"Feature","geometry":{"type":"Point","coordinates":[-116.1321132,44.7039061]},"properties":{"id":"usfs-camp:5343.002731","name":"RAINBOW POINT","camp_type":"Developed campground","site_type":"CAMPGROUND","agency":"USDA Forest Service","managing_org_code":"040204","operated_by":null,"status":"OPEN","status_reason":null,"description":"Rainbow Point Campground is located next to scenic Lake Cascade in west central Idaho. It is near the town of Donnelly, at an elevation of 4,850 feet. Boating, fishing, swimming and hiking are popular activities in this scenic region.","capacity":60,"max_people":null,"fee_charged":"Yes","fee_type":"EXPANDED AMENITY FEE","fee_description":null,"open_season":null,"season_description":null,"operational_hours":null,"usage_level":null,"water":"Potable Water","restrooms":"Vault Toilet","pack_in_out":"No","permits":null,"passes":null,"restrictions":null,"important_info":null,"closest_towns":null,"directions":null,"recreation_gov_url":"https://www.recreation.gov/camping/campgrounds/232087","usfs_url":null,"minimum_elevation":null,"maximum_elevation":null,"source_updated":"2026-08-06"}},{"type":"Feature","geometry":{"type":"Point","coordinates":[-115.8998631,44.238866]},"properties":{"id":"usfs-camp:5287.002731","name":"Hardscrabble Campground","camp_type":"Developed campground","site_type":"CAMPGROUND","agency":"USDA Forest Service","managing_org_code":"040206","operated_by":null,"status":"OPEN","status_reason":null,"description":"HARDSCRABBLE CAMPGROUND (Campground)","capacity":30,"max_people":null,"fee_charged":"Yes","fee_type":null,"fee_description":null,"open_season":null,"season_description":null,"operational_hours":null,"usage_level":null,"water":null,"restrooms":"Vault","pack_in_out":"Yes","permits":null,"passes":null,"restrictions":null,"important_info":null,"closest_towns":null,"directions":null,"recreation_gov_url":null,"usfs_url":null,"minimum_elevation":null,"maximum_elevation":null,"source_updated":"2026-08-06"}},{"type":"Feature","geometry":{"type":"Point","coordinates":[-115.4474828,43.357246]},"properties":{"id":"usfs-camp:5386.002731","name":"Spillway Campground","camp_type":"Developed campground","site_type":"CAMPGROUND","agency":"USDA Forest Service","managing_org_code":"040201","operated_by":"US Forest Service","status":"OPEN","status_reason":null,"description":"Spillway Campground has 3 first come first serve campsites along Anderson Ranch Reservoir.","capacity":20,"max_people":null,"fee_charged":"Yes","fee_type":"EXPANDED AMENITY FEE","fee_description":"No fees are required for this site","open_season":null,"season_description":null,"operational_hours":"April 11- December 31","usage_level":null,"water":"No water is available","restrooms":"Vault toilet(s)","pack_in_out":"Yes","permits":null,"passes":null,"restrictions":null,"important_info":null,"closest_towns":"Mountain Home, ID","directions":"From Mountain Home, travel north on Hwy 20 for 21 miles. Turn left on FR 134 for approximately 6 miles.","recreation_gov_url":null,"usfs_url":"www.fs.usda.gov/recarea/asnf/recreation/recarea/?recid=5100","minimum_elevation":null,"maximum_elevation":null,"source_updated":"2026-08-06"}},{"type":"Feature","geometry":{"type":"Point","coordinates":[-115.3969528,43.483216]},"properties":{"id":"usfs-camp:5329.002731","name":"Ice Springs Campground","camp_type":"Developed campground","site_type":"CAMPGROUND","agency":"USDA Forest Service","managing_org_code":"040201","operated_by":"US Forest Service","status":"OPEN","status_reason":null,"description":"Ice Springs Campground has 3 campsites on Fall Creek near Anderson Ranch Reservoir","capacity":25,"max_people":null,"fee_charged":"Yes","fee_type":"EXPANDED AMENITY FEE","fee_description":"No fees are required for this site","open_season":null,"season_description":null,"operational_hours":"End of May - End of September Unless closed by snow","usage_level":null,"water":"No drinking water is available","restrooms":"Vault toilet(s)","pack_in_out":"Yes","permits":null,"passes":null,"restrictions":null,"important_info":null,"closest_towns":"Mountain Home, ID","directions":"From Mountain Home travel 21 miles on Hwy 20. Turn left onto FR 134.  Turn right at dam on FR120.  Turn left on FS 123 for 7 miles","recreation_gov_url":null,"usfs_url":"www.fs.usda.gov/recarea/asnf/recreation/recarea/?recid=5096","minimum_elevation":"5,000 feet","maximum_elevation":null,"source_updated":"2026-08-06"}},{"type":"Feature","geometry":{"type":"Point","coordinates":[-114.2759053,42.1714778]},"properties":{"id":"usfs-camp:5049.003221","name":"Diamondfield Jack Campground","camp_type":"Developed campground","site_type":"CAMPGROUND","agency":"USDA Forest Service","managing_org_code":"041401","operated_by":"US Forest Service","status":"OPEN","status_reason":null,"description":"Diamondfield Jack Campground is located at the end of a paved road in Rock Creek approximately 39 miles southeast of Twin Falls, ID. The campground is suitable for motor homes, trailers, and tent camping. This area is accessible year around but is not open for camping after snowfall.December through March the campground is a winterplay area and trailhead. \n\nVisitors enjoy exploring the local trails via hiking, biking, horseback riding, and off-road vehicles. This campground serves as a trailhead for many 50 inch trails and provides large areas for parking. Wildlife is common in the area including Moose and a rare local bird known as the Cassia Crossbill.","capacity":80,"max_people":null,"fee_charged":"Yes","fee_type":"EXPANDED AMENITY FEE","fee_description":"Overnight Use:\nSingle Site: $8 per night","open_season":null,"season_description":null,"operational_hours":null,"usage_level":null,"water":"Potable Water is availble typically June through September","restrooms":"Vault toilet","pack_in_out":"Yes","permits":null,"passes":null,"restrictions":null,"important_info":null,"closest_towns":"29 miles south of Hansen, ID or 28 miles west of Oakley, ID","directions":null,"recreation_gov_url":null,"usfs_url":"https://www.fs.usda.gov/recarea/sawtooth/recreation/recarea/?recid=5775","minimum_elevation":null,"maximum_elevation":null,"source_updated":"2026-08-06"}},{"type":"Feature","geometry":{"type":"Point","coordinates":[-115.1425128,43.6066061]},"properties":{"id":"usfs-camp:5070.003221","name":"Willow Creek Campground","camp_type":"Developed campground","site_type":"CAMPGROUND","agency":"USDA Forest Service","managing_org_code":"041405","operated_by":"US Forest Service","status":"OPEN","status_reason":null,"description":"Willow Creek Campground is a small site composed of 6 camping units. Campground amenities include picnic tables, utility tables, fire rings, and a restroom.","capacity":35,"max_people":null,"fee_charged":"Yes","fee_type":"EXPANDED AMENITY FEE","fee_description":null,"open_season":"May 15 - November 30","season_description":null,"operational_hours":"Standard operating season is mid-May through November but can be weather dependent.","usage_level":null,"water":"No water is available","restrooms":"Vault toilet(s)","pack_in_out":"Yes","permits":null,"passes":"Y","restrictions":null,"important_info":null,"closest_towns":"Featherville, ID and Fairfield, ID","directions":"From Highway 20, travel north on Forest Highway 61 (Pine-Featherville Road) approximately 30 miles to the town of Featherville.  From there, travel east on Forest Road 227 approximately 7 miles, then turn on Forest Road #008 and travel north approximately 1/4 mile to Willow Creek Campground.","recreation_gov_url":null,"usfs_url":"https://www.fs.usda.gov/recarea/sawtooth/recreation/recarea/?recid=5974","minimum_elevation":null,"maximum_elevation":null,"source_updated":"2026-08-06"}},{"type":"Feature","geometry":{"type":"Point","coordinates":[-115.370073,44.4110961]},"properties":{"id":"usfs-camp:5248.002731","name":"Bear Valley Campground","camp_type":"Developed campground","site_type":"CAMPGROUND","agency":"USDA Forest Service","managing_org_code":"040205","operated_by":null,"status":"OPEN","status_reason":null,"description":"Bear Valley Campground is located along Bear Valley Creek which is one of the major headwater streams for the Middle Fork of the Salmon River. Use is moderate to high during the summer months and hunting season, and the campgroud is often full on weekends. There is no trash service, campers need to pack in and pack out.","capacity":55,"max_people":null,"fee_charged":"No","fee_type":null,"fee_description":"No fees are required for this site","open_season":"Mid June- End of September","season_description":null,"operational_hours":null,"usage_level":null,"water":null,"restrooms":"Vault","pack_in_out":"Yes","permits":null,"passes":"This campground has 10 sites and is on a first-come, first-serve basis. There are no fees, no water, no trash services. Please pack in pack out.","restrictions":null,"important_info":null,"closest_towns":"Stanley, Idaho","directions":"From Boise, Idaho, travel north along State Highway 55 to Banks, Idaho approximately 31 miles. \nAt Banks, turn right (east) onto State Highway 17 (Banks/Lowman Road) and travel to Lowman, Idaho approximately 31 miles.\nAt Lowman, turn left at the intersection of State Highway 17 and State Highway 21. Proceed northeast towards Stanley, Idaho along State Highway 21 for approximately 40 miles.\nAlong the route , you will travel past Banner Summit, Bull Trout Campground and eventually arrive at the Forest Service (FS) Road 579 turnoff.\nTurn (west) onto FS Road 579 at Banner Creek/Cape Horn Summit. There is a big parking area and an information board. \nTravel along FS Road 579 through Bear Valley. The campground is a short distance from the rest stop at Bruce Meadows.","recreation_gov_url":null,"usfs_url":null,"minimum_elevation":"6,400 feet","maximum_elevation":null,"source_updated":"2026-01-13"}},{"type":"Feature","geometry":{"type":"Point","coordinates":[-116.1884831,44.336226]},"properties":{"id":"usfs-camp:5271.002731","name":"Antelope (Boise National Forest, ID)","camp_type":"Developed campground","site_type":"CAMPGROUND","agency":"USDA Forest Service","managing_org_code":"040206","operated_by":null,"status":"OPEN","status_reason":null,"description":"Antelope Campground is located on the shores of the scenic Sagehen Reservoir in the Boise National Forest, perched at an elevation of 5031 feet. Visitors enjoy boating, fishing and exploring the non-motorized Sagehen Reservoir Trail.","capacity":170,"max_people":null,"fee_charged":"Yes","fee_type":null,"fee_description":"Overnight Use:\nSingle Site: $30 per night\nGroup Site: $173 per night (up to 50 people); $198 per night (up to 80 people)","open_season":null,"season_description":null,"operational_hours":null,"usage_level":null,"water":"Handpump","restrooms":"Vault","pack_in_out":"Yes","permits":null,"passes":"Interagency Senior/Access Recreation Passes provide a 50% discount to Single Campsites ONLY. *The discount applies only to the fee for the campsite physically occupied by the pass holder, not to any additional fee or campsite(s) occupied by members of the pass holder's party.* https://store.usgs.gov/recreational-passes Please be prepared to pay with CASH or CHECK. *Sites may be reservable and reservation fees apply.*","restrictions":null,"important_info":null,"closest_towns":null,"directions":null,"recreation_gov_url":"https://www.recreation.gov/camping/campgrounds/232016","usfs_url":null,"minimum_elevation":null,"maximum_elevation":null,"source_updated":"2026-08-06"}},{"type":"Feature","geometry":{"type":"Point","coordinates":[-115.3111829,44.1500761]},"properties":{"id":"usfs-camp:5200.002731","name":"Bonneville Campground","camp_type":"Developed campground","site_type":"CAMPGROUND","agency":"USDA Forest Service","managing_org_code":"040205","operated_by":null,"status":"OPEN","status_reason":null,"description":"Bonneville Campground is 19 miles east of Lowman, Idaho just off Highway 21 at an elevation of 4,700 feet. Warm Springs Creek runs alongside the campground and the South Fork Payette River lies across the highway. Visitors enjoy soaking at Bonneville Hot Springs a short distance above the campground, and fishing in the creek and river.","capacity":115,"max_people":null,"fee_charged":"Yes","fee_type":"EXPANDED AMENITY FEE","fee_description":"Overnight Use:\nSingle Site: $15 per night\nDouble Site: $30 per night\nAdditional Vehicle Fee: $5 per vehicle\nDay Use:\n$5 per vehicle (for non-campers)","open_season":"End of May- End of September","season_description":null,"operational_hours":null,"usage_level":null,"water":"Hand Pump Drinking Water","restrooms":"Vault Toilets","pack_in_out":"No","permits":null,"passes":"Interagency Senior/Access Recreation Passes provide a 50% discount to Single Campsites ONLY. *The discount applies only to the fee for the campsite physically occupied by the pass holder, not to any additional fee or campsite(s) occupied by members of the pass holder's party.* https://store.usgs.gov/recreational-passes Please be prepared to pay with CASH or CHECK. *Sites may be reservable and reservation fees apply.*","restrictions":null,"important_info":null,"closest_towns":"Lowman, Idaho","directions":"From Boise, Idaho, travel north along State Highway 55 to Banks. Idaho approxiamtely 38 miles.\nAt Banks, turn right(east) onto State Highway 17 (Banks/Lowman Road) and travel approximately 31 miles. \nAt Lowman, turn left at the intersection of State Highway 17 and State Highway 21. Proceed northeast towards Stanley Idaho along State Highway 21.\nBonneville Campground is located at milepost 91.5.","recreation_gov_url":"https://www.recreation.gov/camping/campgrounds/232311","usfs_url":null,"minimum_elevation":"4,700 feet","maximum_elevation":null,"source_updated":"2026-08-06"}},{"type":"Feature","geometry":{"type":"Point","coordinates":[-116.1149531,44.187876]},"properties":{"id":"usfs-camp:5314.002731","name":"Canyon Campground","camp_type":"Developed campground","site_type":"CAMPGROUND","agency":"USDA Forest Service","managing_org_code":"040206","operated_by":null,"status":"OPEN","status_reason":null,"description":"CANYON CAMPGROUND (Campground)","capacity":30,"max_people":null,"fee_charged":"Yes","fee_type":null,"fee_description":"No reservations necessary. This campground is on a first come, first serve basis. This is a fee campground with 6 sites. Fee envelopes and a collection box are provided near the entrance. Please bring cash or check. Extra vehicle fees may apply.","open_season":"Mid May- End of September","season_description":null,"operational_hours":null,"usage_level":null,"water":"handpump drinking water","restrooms":"Vault","pack_in_out":"Yes","permits":null,"passes":"No reservations necessary. This campground is on a first come, first serve basis. This is a fee campground with 6 sites. Fee envelopes and a collection box are provided near the entrance. Please bring cash or check. Extra vehicle fees may apply.","restrictions":null,"important_info":null,"closest_towns":null,"directions":"From Boise, Idaho travel north along State Highway 55 for approxiamately 38 miles to Banks, Idaho. From Banks, continue north along State Highway 55 for approximately 12 miles to the campground sign.","recreation_gov_url":null,"usfs_url":null,"minimum_elevation":null,"maximum_elevation":null,"source_updated":"2026-08-06"}},{"type":"Feature","geometry":{"type":"Point","coordinates":[-115.621932,43.963136]},"properties":{"id":"usfs-camp:5278.002731","name":"Edna Creek Campground","camp_type":"Developed campground","site_type":"CAMPGROUND","agency":"USDA Forest Service","managing_org_code":"040203","operated_by":null,"status":"OPEN","status_reason":null,"description":"Edna Campground is located 56 miles northeast of Boise, Idaho, in a scenic Ponderosa pine forest along Highway 21 at an elevation of 5,700 feet. Wildlife and summer wildflowers are abundant. Historic Idaho City is just 11 miles south. Crooked River runs near the site, offering whitefish and rainbow trout fishing.","capacity":45,"max_people":null,"fee_charged":"Yes","fee_type":"EXPANDED AMENITY FEE","fee_description":"Overnight Use:\nSingle Site: $15 per night","open_season":null,"season_description":null,"operational_hours":null,"usage_level":null,"water":"drinking water available","restrooms":"vault toilet(s)","pack_in_out":"Yes","permits":null,"passes":"Interagency Senior/Access Recreation Passes provide a 50% discount to Single Campsites ONLY. *The discount applies only to the fee for the campsite physically occupied by the pass holder, not to any additional fee or campsite(s) occupied by members of the pass holder's party.* https://store.usgs.gov/recreational-passes Please be prepared to pay with CASH or CHECK. *Sites may be reservable and reservation fees apply.*","restrictions":null,"important_info":null,"closest_towns":null,"directions":null,"recreation_gov_url":"https://www.recreation.gov/camping/campgrounds/233349","usfs_url":null,"minimum_elevation":null,"maximum_elevation":null,"source_updated":"2026-08-06"}},{"type":"Feature","geometry":{"type":"Point","coordinates":[-115.653121,44.2908221]},"properties":{"id":"usfs-camp:5242.002731","name":"COZY COVE","camp_type":"Developed campground","site_type":"CAMPGROUND","agency":"USDA Forest Service","managing_org_code":"040205","operated_by":null,"status":"OPEN","status_reason":null,"description":"Cozy Cove Campground is located on the southeast shore of scenic Deadwood Reservoir at an elevation of 5,300 feet. Boating, fishing and hiking are popular activities.","capacity":85,"max_people":null,"fee_charged":"Yes","fee_type":"EXPANDED AMENITY FEE","fee_description":"Overnight Use:\nSingle Site: $12 per night","open_season":"Mid- June -End of September","season_description":null,"operational_hours":null,"usage_level":null,"water":"Handpump Drinking Water","restrooms":"Vault Toilet","pack_in_out":"Yes","permits":null,"passes":"Interagency Senior/Access Recreation Passes provide a 50% discount to Single Campsites ONLY. *The discount applies only to the fee for the campsite physically occupied by the pass holder, not to any additional fee or campsite(s) occupied by members of the pass holder's party.* https://store.usgs.gov/recreational-passes Please be prepared to pay with CASH or CHECK. *Sites may be reservable and reservation fees apply.*","restrictions":null,"important_info":null,"closest_towns":"Lowman, Idaho","directions":"From Boise, Idaho, travel north along State Highway 55 to Banks, Idaho approximately 31 miles. \nAt Banks, turn right (east) onto state Highway 17 (Banks/Lowman Road) and travel approximately 31 miles.\nAt Lowman, turn left at the intersection of State Highway 17 and State Highway 21. Proceed northeast towards Stanley, Idaho along State Highway 21 approximately 40 miles. \nAlong the route, you will travel past Banner Summit, Bull Trout Campground and eventually arrive at the Forest Service Road 579 turnoff. \nTurn (west) onto FS Road 579 at Banner Creek/Cape Horn Summit. There is a big parking area and an information board.\nTravel along FS Road 579 through Bear Valley and past the Elk Creek Guard Station Cabins. Eventually, FS Road 579 will intersect with FS Road 555. At this junction, turn left and proceed south along FS Road 555 to the reservoir. \nThere are four campgrounds at the reservoir.","recreation_gov_url":"https://www.recreation.gov/camping/campgrounds/234097","usfs_url":null,"minimum_elevation":null,"maximum_elevation":"5,300","source_updated":"2026-08-06"}},{"type":"Feature","geometry":{"type":"Point","coordinates":[-116.5612714,45.1898231]},"properties":{"id":"usfs-camp:5383010263","name":"Black Lake Campground","camp_type":"Developed campground","site_type":"CAMPGROUND","agency":"USDA Forest Service","managing_org_code":"061604","operated_by":"US Forest Service","status":"OPEN","status_reason":null,"description":"This Black Lake Campground is a rustic facility with only 4 designated tent sites. Located on the edge of Black Lake and adjacent to the Hells Canyon Wilderness, the site is popular for visitors wanting a truly 'off-the-beaten-path' recreational experience. The access road to the campground is steep and rough, and is not recommended for RVs, trailers or low clearance vehicles. This site provides access to Black Lake- Horse Heaven Trail #214 and Six Lakes Basin Trail #218 which enter the Hells Canyon Wilderness from the southeast.","capacity":20,"max_people":null,"fee_charged":"Yes","fee_type":"EXPANDED AMENITY FEE","fee_description":"Overnight Use:\nSingle Site: $10 per night","open_season":null,"season_description":null,"operational_hours":"Quiet hours are 10:00 p.m. until 6:00 a.m.","usage_level":"Light","water":"No water is available","restrooms":"Vault toilet(s)","pack_in_out":"Yes","permits":null,"passes":"Interagency Senior/Access Recreation Passes provide a 50% discount to Single Campsites ONLY. *The discount applies only to the fee for the campsite physically occupied by the pass holder, not to any additional fee or campsite(s) occupied by members of the pass holder's party.* https://store.usgs.gov/recreational-passes Please be prepared to pay with CASH or CHECK. *Sites may be reservable and reservation fees apply.*","restrictions":"General rules of use and restrictions apply for this developed recreation site. Wilderness Regulations apply; within Hells Canyon Wildernes. Motorized vehicles, bicycles, carts, hang glider and other mechanical equipment is prohibited in the Wilderness ar","important_info":null,"closest_towns":"Council, Idaho (46 miles)","directions":"From Riggins, Idaho go south 60 miles on US Hwy 95 to Council, Idaho; In Council leave Hwy 95 in the downtown area and head north/northwest on the Hornet Creek Road #002; Continue north on this road past Lafferty Campground until the community of Bear (no services); After passing through Bear continue north on Road 105 (gravel road suitable for passenger cars) and watch for the split in the road; Stay right on road #105 - do not enter the Bear Work Center; Continue on #105 road for approx. 1/2 mile to the intersection with Road #112; Travel on Road #112 heading north/northwest past Smith Mountain Lookout to the end of this road at Black Lake Campground.","recreation_gov_url":null,"usfs_url":"https://www.fs.usda.gov/recarea/wallowa-whitman/recarea/?recid=51743","minimum_elevation":null,"maximum_elevation":null,"source_updated":"2026-08-06"}},{"type":"Feature","geometry":{"type":"Point","coordinates":[-116.5178384,45.3472341]},"properties":{"id":"usfs-camp:5440010263","name":"Seven Devils Campground","camp_type":"Developed campground","site_type":"CAMPGROUND","agency":"USDA Forest Service","managing_org_code":"061604","operated_by":"US Forest Service","status":"OPEN","status_reason":null,"description":"The Seven Devils Campground is a small rustic facility located near the Hells Canyon Wilderness. The site is set in a cool fir and spruce forest and has 10 tent-only campsites. A short walk from the campground is Seven Devils Lake which offers fishing, photography and a chance to view scenery and wildflowers.","capacity":50,"max_people":null,"fee_charged":"Yes","fee_type":"EXPANDED AMENITY FEE","fee_description":"Overnight Use:\nSingle Site: $10 per night","open_season":null,"season_description":null,"operational_hours":"Quiet hours are 10:00 p.m. until 6:00 a.m.","usage_level":"Moderate","water":"No water is available","restrooms":"Vault toilet(s)","pack_in_out":"Yes","permits":null,"passes":"Interagency Senior/Access Recreation Passes provide a 50% discount to Single Campsites ONLY. *The discount applies only to the fee for the campsite physically occupied by the pass holder, not to any additional fee or campsite(s) occupied by members of the pass holder's party.* https://store.usgs.gov/recreational-passes Please be prepared to pay with CASH or CHECK. *Sites may be reservable and reservation fees apply.*","restrictions":"General rules of use and restrictions apply for this developed recreation site. Motorized vehicles, bicycles, carts, hang glider and other mechanical equipment is prohibited in the Wilderness area.","important_info":null,"closest_towns":"Riggins, Idaho (18 miles)","directions":"From Riggins, Idaho travel south on Highway 95 for 1.3 miles to Seven Devils Road (becomes Forest Road 517); Turn right on Seven Devils Road and go 17 miles to Forest Road 517 and 517B intersection; Turn left on Forest Road 517B and go 0.3 miles to campground entrance; The campground road is a loop road and starts going right.   ADVISORY: Forest Road 517 is very steep, and narrow. Low clearance vehicles, RVs and vehicles pulling trailers are not recommended and are advised to use caution when traveling the upper sections of this road. The road can be slippery when wet or frozen and is not recommended for trailers in the late fall and winter.","recreation_gov_url":null,"usfs_url":"https://www.fs.usda.gov/recarea/wallowa-whitman/recarea/?recid=51645","minimum_elevation":null,"maximum_elevation":null,"source_updated":"2026-08-06"}},{"type":"Feature","geometry":{"type":"Point","coordinates":[-116.8943053,48.6254027]},"properties":{"id":"usfs-camp:5144.000331","name":"Reeder Bay Campground","camp_type":"Developed campground","site_type":"CAMPGROUND","agency":"USDA Forest Service","managing_org_code":"010408","operated_by":"Concessionaire","status":"OPEN","status_reason":null,"description":"Reeder Bay Campground is a picturesque hideaway for nature immersion and relaxing water sports on Priest Lake. Campsites are shaded by a dense forest of cedar, fir and hemlock. Campers visit Reeder for its incredible beach that slopes down into the refreshing, clear lake. Natural Features: The campground is situated on the western shore of Priest Lake, nestled deep below the crest of the Selkirk Mountains. The lake spans 19 miles in length and reaches a depth of 300 feet. Priest Lake is noteworthy for its incredibly clear waters, fed by streams cascading from the high Selkirk peaks. A variety of wildlife inhabits the surrounding area, including deer, elk, moose, grizzly and black bears, wolves and mountain lions. Recreation: Wake boarding, jet skiing, bird watching and canoeing are among the many activities campers enjoy. Hike the 8-mile Lakeshore Trail which passes through alder, pine, young cedar and open hillsides of brush, providing memorable scenic views throughout the journey. Anglers seek Dolly Varden and cutthroat trout, as well as kokanee salmon, on the lake and nearby Priest River. Reservations can be made by visiting Recreation.gov. Facilities: Reeder Bay has paved roads and parking spurs. Amenities include a pressurized water system with hydrants, flush toilets and overflow gravel parking areas. Nearby Attractions: Explore the extensive trail system around the lake. The Upper Priest Lake Trail takes hikers and mountain bikers to the Upper Priest Lake Scenic Area, which can also be accessed by boat. Fish Your National Forests: This site can be accessed by Passenger Car  Fish available include: Trout  Types of fishing available include: Shore, Motorized boat, Float tube, Fly, Spin","capacity":120,"max_people":null,"fee_charged":"Yes","fee_type":null,"fee_description":"Overnight Use:\nSingle Site: $30-$32 per night","open_season":"Mid May","season_description":null,"operational_hours":"Open 24 hours/day","usage_level":null,"water":"Yes, drinking water is available from a hand pump","restrooms":"Flush toilet(s)","pack_in_out":"No","permits":null,"passes":"Interagency Senior/Access Recreation Passes provide a 50% discount to Single Campsites ONLY. *The discount applies only to the fee for the campsite physically occupied by the pass holder, not to any additional fee or campsite(s) occupied by members of the pass holder's party.* https://store.usgs.gov/recreational-passes Please be prepared to pay with CASH or CHECK. *Sites may be reservable and reservation fees apply.*","restrictions":null,"important_info":null,"closest_towns":"Priest River, Idaho","directions":"GPS Info.(Latitude, Longitude):48.6252,-116.89188483731N,1165331WHighway 57 to Nordman 37 miles, then turn right at Y junction and drive 3 miles to Reeder Bay Campground.","recreation_gov_url":"https://www.recreation.gov/camping/campgrounds/232201","usfs_url":"https://www.fs.usda.gov/recarea/ipnf/recarea/?recid=6769","minimum_elevation":"2,520 feet","maximum_elevation":null,"source_updated":"2026-08-06"}},{"type":"Feature","geometry":{"type":"Point","coordinates":[-116.8933666,48.4988219]},"properties":{"id":"usfs-camp:5142.000331","name":"Outlet At Priest Lake Campground","camp_type":"Developed campground","site_type":"CAMPGROUND","agency":"USDA Forest Service","managing_org_code":"010408","operated_by":"Concessionaire","status":"OPEN","status_reason":null,"description":"Outlet campground is located on the southwest shore of Priest Lake near the headwaters of Priest River. Campers come to Outlet for sunshine, fishing, boating, kayaking, and the breathtaking views of the rugged Selkirk Mountains of the Idaho Panhandle National Forests. Natural Features: Outlet campground is situated at an elevation of 2,500 feet on Priest Lake. The lake is one of three largest and most beautiful lakes in the Idaho Panhandle, and reaches 300 feet in depth and covers 25,000 acres. The worlds largest Mackinaw trout was caught here in 1963. Upper Priest Lake is part of the Upper Priest Lake Scenic Area. The entire shoreline of Upper Priest Lake is either the State of Idaho or federal ownership, and is administered as a scenic area. While visiting Priest Lake, watch for moose, black bear, wolves, deer, elk, and eagles, among others. Recreation: Visitors enjoy kayaking, canoeing, and power boating on Priest Lake and up the 2.5 mile Thorofare that leads to the Upper Priest Lake Scenic Area. The upper lake cannot be accessed by car. Fishing, swimming, bird and wildlife viewing are popular activities, as well. Beach Trail #48 runs through Outlet campground and stretches northward along an 8-mile scenic part of Priest Lake. Motorcycle enthusiasts will find authorized trails like the Peewee Trail, Steep Creek Trail, and John Wayne Trail. Hike the Chipmunk Rapids Trail that traverses along the Kaniksu Marsh, Priest River, and Chipmunk Rapids. Facilities: Outlet campground has three loops, two upper view sections and one lower lake-side section. Roadways and parking spurs are fully paved. There are RV and tent sites (two of which are walk-in tent sites). Campsites vary from very large, capable of parking an RV and a boat trailer, to small, camper size, with lake side and lake view sites. Some of the sites are heavily wooded, while some are found in opened areas. Campground amenities include swimming beach, water hydrants and accessible flush toilets. Garbage serv","capacity":125,"max_people":null,"fee_charged":"Yes","fee_type":null,"fee_description":"Overnight Use:\nSingle Site: $30-$32 per night\nDouble Site: $60 per night","open_season":"Mid May","season_description":null,"operational_hours":"Open 24 hours/day","usage_level":null,"water":"Yes, drinking water is available from a hand pump","restrooms":"Flush toilet(s)","pack_in_out":"No","permits":null,"passes":"Interagency Senior/Access Recreation Passes provide a 50% discount to Single Campsites ONLY. *The discount applies only to the fee for the campsite physically occupied by the pass holder, not to any additional fee or campsite(s) occupied by members of the pass holder's party.* https://store.usgs.gov/recreational-passes Please be prepared to pay with CASH or CHECK. *Sites may be reservable and reservation fees apply.*","restrictions":null,"important_info":null,"closest_towns":"Priest River, Idaho","directions":"GPS Info.(Latitude, Longitude):48.51056,-116.91639483038N,1165459WPhysical Address: Priest River, ID 83856From I-90;Turn at Post Falls Highway 41 north to Newport, WA. Take Highway 2 east to Priest River. At the junction of Highway 57 and Highway 2, turn left. Drive 26 miles to Outlet Bay Road. Turn right for approximately 0.5 mile. Turn left on Lake Shore Road. Proceed 0.5 mile to Outlet Campground on the right.","recreation_gov_url":"https://www.recreation.gov/camping/campgrounds/234740","usfs_url":"https://www.fs.usda.gov/recarea/ipnf/recarea/?recid=6765","minimum_elevation":"2,520 feet","maximum_elevation":null,"source_updated":"2026-08-06"}},{"type":"Feature","geometry":{"type":"Point","coordinates":[-116.0327626,47.7714201]},"properties":{"id":"usfs-camp:5058.000331","name":"Devils Elbow Campground","camp_type":"Developed campground","site_type":"CAMPGROUND","agency":"USDA Forest Service","managing_org_code":"010403","operated_by":"Concessionaire","status":"OPEN","status_reason":null,"description":"Devils Elbow Campground is perched on the banks of the North Fork Coeur d'Alene River, providing a perfect escape for a warm summer weekend. Here, visitors can camp in tents or RVs and spend their days fishing or floating the river. Natural Features: The campground sits among lodgepole and mixed conifers along the river at an elevation of 2,600 feet. The area is located in the Coeur d Alene mountains 69 miles from popular Coeur d'Alene Lake. Wildlife watchers and photographers have the chance to see mule deer, moose, osprey and calliope hummingbirds. Recreation: Rafting, swimming and kayaking are favorite activities on the river. Rafters will find class I-III rapids further down the river. Catch-and-release cutthroat trout fishing is also popular. Visitors also enjoy exploring the river valley on foot to see nearby Downey Creek or Valitons Creek. Facilities: Devils Elbow Campground has 20 campsites including one host site and a group site. The group site can accommodate up to 50 people. Amenities include hand-pump drinking water and vault toilets. Campground roads are paved and parking spurs are short but wide enough for parking two vehicles alongside a trailer.","capacity":100,"max_people":null,"fee_charged":"Yes","fee_type":null,"fee_description":"Overnight Use:\nSingle Site: $26 per night\nGroup Site: $102 per night","open_season":"Memorial Day","season_description":null,"operational_hours":"Open 24 hours/day","usage_level":null,"water":"Yes, drinking water is available from a hand pump","restrooms":"Vault toilet(s)","pack_in_out":"No","permits":null,"passes":"Interagency Senior/Access Recreation Passes provide a 50% discount to Single Campsites ONLY. *The discount applies only to the fee for the campsite physically occupied by the pass holder, not to any additional fee or campsite(s) occupied by members of the pass holder's party.* https://store.usgs.gov/recreational-passes Please be prepared to pay with CASH or CHECK. *Sites may be reservable and reservation fees apply.*","restrictions":null,"important_info":null,"closest_towns":"Wallace, Idaho","directions":"GPS Info.(Latitude, Longitude):47.76639,-116.01667474559N,11610WFrom I-90, take Exit 43 (Kingston) and travel 20 miles north on FH9 to Prichard. Continue 11 miles north on Forest Road 208 to the campground","recreation_gov_url":"https://www.recreation.gov/camping/campgrounds/232332","usfs_url":"https://www.fs.usda.gov/recarea/ipnf/recarea/?recid=6851","minimum_elevation":null,"maximum_elevation":null,"source_updated":"2026-08-06"}},{"type":"Feature","geometry":{"type":"Point","coordinates":[-116.0074739,47.740094]},"properties":{"id":"usfs-camp:5060.000331","name":"Kit Price","camp_type":"Developed campground","site_type":"CAMPGROUND","agency":"USDA Forest Service","managing_org_code":"010403","operated_by":null,"status":"OPEN","status_reason":null,"description":"Kit Price is a beautiful campground overlooking the North Fork Coeur d'Alene River. Campers enjoy the benefits of the river by fishing along the banks, swimming and floating. Hiking is also a great way to see mountain views.","capacity":265,"max_people":null,"fee_charged":"Yes","fee_type":null,"fee_description":"Overnight Use:\nSingle Site: $26 per night\nDouble Site: $52 per night","open_season":"Late May","season_description":null,"operational_hours":null,"usage_level":null,"water":"Yes drinking water is generally available","restrooms":"Vault toilets","pack_in_out":"No","permits":null,"passes":"Interagency Senior/Access Recreation Passes provide a 50% discount to Single Campsites ONLY. *The discount applies only to the fee for the campsite physically occupied by the pass holder, not to any additional fee or campsite(s) occupied by members of the pass holder's party.* https://store.usgs.gov/recreational-passes Please be prepared to pay with CASH or CHECK. *Sites may be reservable and reservation fees apply.*","restrictions":null,"important_info":null,"closest_towns":"Wallace, Idaho","directions":"From Coeur dAlene, drive 28 miles east on Interstate 90, then 26 miles north (Kingston exit) on paved Forest Road #9, then 11 miles north from Prichard on paved Forest Road 208.","recreation_gov_url":"https://www.recreation.gov/camping/campgrounds/232333","usfs_url":"https://www.fs.usda.gov/recarea/ipnf/recarea/?recid=6852","minimum_elevation":null,"maximum_elevation":null,"source_updated":"2026-08-06"}},{"type":"Feature","geometry":{"type":"Point","coordinates":[-116.8421558,47.4730339]},"properties":{"id":"usfs-camp:5046.000331","name":"Bell Bay Campground","camp_type":"Developed campground","site_type":"CAMPGROUND","agency":"USDA Forest Service","managing_org_code":"010403","operated_by":null,"status":"OPEN","status_reason":null,"description":"Bell Bay Campground is a prime place to set up camp on Coeur dAlene Lake. The upper camp loop is on a hill overlooking the beautiful lake, while the lower loop sits on a short ridge along the shoreline.Natural Features: Located in the Panhandle of northern Idaho, the campground is surrounded by a forest of Ponderosa and other mixed pines. It lies on the southeast shores of Coeur dAlene Lake just north of Harrison, Idaho.The lake spans 50 square miles, offering countless recreation opportunities and scenic views for visitors.Recreation: Hikers enjoy the Bell Bay Trail, a foot path that runs for a mile around the lake shore.The day-use area on the lakeshore offers plenty of opportunities for fishing, swimming, power boating and canoeing.Anglers enjoy the abundance of trout, salmon and panfish in the vast lake.Facilities: Bell Bay campground offers six reservable single family sites and several other sites that are available on a first-come, first-serve basis. There is also a large group campground on the upper loop that can accommodate up to 75 guests. Drinking water, vault toilets and campfire rings are provided.The lower loop has two docks where boats can be moored. The walk from the docks is fairly steep but short. For reservations visit Recreation.gov.Nearby Attractions: The town of Coeur dAlene, Idaho, on the northern side of the lake, is a popular destination. About an hour away, the area offers paddle boat rentals, ferry rides, sea plane rides and more.","capacity":150,"max_people":null,"fee_charged":"Yes","fee_type":null,"fee_description":"Overnight Use:\nSingle Site: $26 per night\nGroup Site: $112 per night","open_season":"Late May","season_description":null,"operational_hours":null,"usage_level":null,"water":"Yes drinking water is generally available","restrooms":"Vault toilets","pack_in_out":"No","permits":null,"passes":"Interagency Senior/Access Recreation Passes provide a 50% discount to Single Campsites ONLY. *The discount applies only to the fee for the campsite physically occupied by the pass holder, not to any additional fee or campsite(s) occupied by members of the pass holder's party.* https://store.usgs.gov/recreational-passes Please be prepared to pay with CASH or CHECK. *Sites may be reservable and reservation fees apply.*","restrictions":null,"important_info":null,"closest_towns":"Harrison, Idaho","directions":"GPS Info.(Latitude, Longitude):47.47639,-116.84139472835N,1165029WFrom Pinehurst, Idaho, take Interstate 90 west and turn south on Highway 3. Make a right on Highway 97 and continue north for 13 miles. Turn west onto Road 314 (also known as East Point Road) and continue 3 miles to campground.","recreation_gov_url":"https://www.recreation.gov/camping/campgrounds/233908","usfs_url":"https://www.fs.usda.gov/recarea/ipnf/recarea/?recid=6847","minimum_elevation":null,"maximum_elevation":null,"source_updated":"2026-08-06"}},{"type":"Feature","geometry":{"type":"Point","coordinates":[-115.517697,46.0854952]},"properties":{"id":"usfs-camp:5012.000961","name":"OHARA","camp_type":"Developed campground","site_type":"CAMPGROUND","agency":"USDA Forest Service","managing_org_code":"011706","operated_by":null,"status":"OPEN","status_reason":null,"description":"O'Hara Campground sits along the Selway River amid lush vegetation and old cedar trees. This is the largest campground on the Selway, with 32 sites, and makes a great base for exploring all the recreational activities and attractions in the area.","capacity":160,"max_people":null,"fee_charged":"Yes","fee_type":"EXPANDED AMENITY FEE","fee_description":"Overnight Use:\nSingle Site: $14 per night\nAdditional Vehicle Fee: $2 per vehicle","open_season":null,"season_description":null,"operational_hours":null,"usage_level":null,"water":null,"restrooms":null,"pack_in_out":"No","permits":null,"passes":"Interagency Senior/Access Recreation Passes provide a 50% discount to Single Campsites ONLY. *The discount applies only to the fee for the campsite physically occupied by the pass holder, not to any additional fee or campsite(s) occupied by members of the pass holder's party.* https://store.usgs.gov/recreational-passes Please be prepared to pay with CASH or CHECK. *Sites may be reservable and reservation fees apply.*","restrictions":null,"important_info":null,"closest_towns":null,"directions":null,"recreation_gov_url":"https://www.recreation.gov/camping/campgrounds/231831","usfs_url":null,"minimum_elevation":null,"maximum_elevation":null,"source_updated":"2026-08-06"}},{"type":"Feature","geometry":{"type":"Point","coordinates":[-116.2843676,48.2197279]},"properties":{"id":"usfs-camp:5007.000331","name":"Sam Owen Campground","camp_type":"Developed campground","site_type":"CAMPGROUND","agency":"USDA Forest Service","managing_org_code":"010406","operated_by":"Concessionaire","status":"OPEN","status_reason":null,"description":"Sam Owen Campground is nestled on the banks of Lake Pend Oreille in an open forest of pine and cedar. Popular activities include hiking, canoeing, swimming, boating, wildlife and bird watching. Natural Features: Sam Owen Campground is situated on a peninsula on the east side of Lake Pend Oreille in the Idaho Panhandle National Forests, at an elevation of 2,000 feet. The well-loved campground shares a peninsula with the Sam Owen Game Preserve, which provides plenty of opportunities to see wildlife up close. Deer are very easy to spot, and watching for unique birds is a rewarding activity. Recreation: A sandy beach draws crowds of sunbathers and swimmers. Visitors also like to hike the half-mile Sam Owen Trail #4. The trail reaches a beautiful vista of Owens Bay, where hikers can rest on benches and take in the astonishing view. Anglers take pleasure in catching kamloops, Dolly Varden, northern pike, trout and catfish. A boat ramp and dock are located on-site. Facilities: Amenities include a picnic area, paved overflow parking areas and an information center. Campsites do not have electric hookups but a group picnic shelter has electricity and lights. Accessible flush toilets, drinking water and a trailer dump station are available. Nearby Attractions: The Pend Oreille Scenic Byway is well worth exploring.","capacity":685,"max_people":null,"fee_charged":"Yes","fee_type":null,"fee_description":"Overnight Use:\nSingle Site: $30-$32 per night","open_season":"Mid May","season_description":null,"operational_hours":"Open 24 hours/day","usage_level":null,"water":"Yes, drinking water is available from a hand pump","restrooms":"Flush toilet(s)","pack_in_out":"No","permits":null,"passes":"Interagency Senior/Access Recreation Passes provide a 50% discount to Single Campsites ONLY. *The discount applies only to the fee for the campsite physically occupied by the pass holder, not to any additional fee or campsite(s) occupied by members of the pass holder's party.* https://store.usgs.gov/recreational-passes Please be prepared to pay with CASH or CHECK. *Sites may be reservable and reservation fees apply.*","restrictions":null,"important_info":null,"closest_towns":"Hope, Idaho","directions":"GPS Info.(Latitude, Longitude):48.21667,-116.2830648130N,1161659WFrom Sandpoint, take State Highway 200 east 21 miles. Turn right on Peninsula Road (County Road 1028) and continue 1 mile to the recreation area.","recreation_gov_url":"https://www.recreation.gov/camping/campgrounds/232202","usfs_url":"https://www.fs.usda.gov/recarea/ipnf/recarea/?recid=6798","minimum_elevation":null,"maximum_elevation":null,"source_updated":"2026-08-06"}},{"type":"Feature","geometry":{"type":"Point","coordinates":[-116.9238477,48.5496182]},"properties":{"id":"usfs-camp:5031.000331","name":"Luby Bay Campground","camp_type":"Developed campground","site_type":"CAMPGROUND","agency":"USDA Forest Service","managing_org_code":"010408","operated_by":"Concessionaire","status":"OPEN","status_reason":null,"description":"Luby Bay Campground is located near both Lamb Creek and Priest Lake. The campground is densely wooded with nicely secluded sites, and is within easy access to many great views of the Selkirk Mountains. Natural Features: The campground sits at an elevation of 2,500 feet on the western shores of Priest Lake. Campsites are shaded by hemlock and cedar. Priest Lake consists of the main lake where most water recreation takes place. To the north, the lake connects via a narrow channel with Upper Priest Lake. Recreation: Visitors enjoy kayaking, canoeing and power boating up the 3.5-mile thoroughfare that leads to the Upper Priest Lake Scenic Area. The upper lake cannot be accessed by car. Fishing, swimming, birding and wildlife viewing are popular activities as well. The Beach Trail #48 can be accessed from the campground. Facilities: Luby Bay has an upper and lower section. Upper Luby Campground has paved roads and gravel parking spurs. Lower Luby has paved parking spurs and the option of waterfront sites. Campground amenities include water hydrants, flush toilets and a dual-bay RV dump station. Lower Luby has a large day use area perfect for picnics and group functions. A parking fee is collected for those parking at the day use area. A season pass is also available. Nearby Attractions: Beach Trail #48, Woodrat Trail #235, Bulldog Trail #274, Priest Lake Museum","capacity":405,"max_people":null,"fee_charged":"Yes","fee_type":null,"fee_description":"Overnight Use:\nSingle Site: $30-$32 per night\nDouble Site: $60-$64 per night","open_season":"Mid May","season_description":null,"operational_hours":"Open 24 hours/day","usage_level":null,"water":"Yes, drinking water is available from a hand pump","restrooms":"Flush toilet(s)","pack_in_out":"No","permits":null,"passes":"Interagency Senior/Access Recreation Passes provide a 50% discount to Single Campsites ONLY. *The discount applies only to the fee for the campsite physically occupied by the pass holder, not to any additional fee or campsite(s) occupied by members of the pass holder's party.* https://store.usgs.gov/recreational-passes Please be prepared to pay with CASH or CHECK. *Sites may be reservable and reservation fees apply.*","restrictions":null,"important_info":null,"closest_towns":"Priest River, Idaho","directions":"GPS Info.(Latitude, Longitude):48.54028,-116.92528483225N,1165531WFrom I-90, east or west, turn at Post Falls, Idaho on Highway 41 going north to Newport, Washington. Take Highway 2 east to Priest River. At the junction of Highways 57 and 2, turn left at the stop light (there is only one in town) onto Highway 57. Go 28.5 miles to Lamb Creek Village. Turn right on Luby Bay Road. Go 1.5 miles to the stop sign. Turn left on W. Lake Shore Road and proceed 0.5 miles to the campground. From Sandpoint, Idaho, take Highway 2 west 22 miles to Priest River. At the junction of Highways 57 and 2, turn right at stop light (there is only one in town) onto Highway 57. Go 28.5 miles to Lamb Creek Village. Turn right on Luby Bay Road. Go 1.5 miles to the stop sign. Turn left on W. Lake Shore Road and proceed 0.5 miles to the campground.","recreation_gov_url":"https://www.recreation.gov/camping/campgrounds/232199","usfs_url":"https://www.fs.usda.gov/recarea/ipnf/recarea/?recid=6767","minimum_elevation":"2,520 feet","maximum_elevation":null,"source_updated":"2026-08-06"}},{"type":"Feature","geometry":{"type":"Point","coordinates":[-114.2813124,42.182706]},"properties":{"id":"usfs-camp:5057.003221","name":"Pettit Campground","camp_type":"Developed campground","site_type":"CAMPGROUND","agency":"USDA Forest Service","managing_org_code":"041401","operated_by":"US Forest Service","status":"OPEN","status_reason":null,"description":"Pettit Campground is located 37 miles southeast of Twin Falls Idaho. The campground  is composed of 9 individual units. The area is suitable for small trailers and tent camping. This area is accessible for a season that varies usually between June and September.\n\nVisitors enjoy exploring the local trails via hiking and biking. There is limited parking and trail access so OHV and Horse trailers are not recommended at this site but there are nearby trailheads to accomadate these uses. Wildlife is common in the area including moose and a rare local bird known as the Cassia Crossbill.","capacity":72,"max_people":null,"fee_charged":"Yes","fee_type":"EXPANDED AMENITY FEE","fee_description":"Overnight Use:\nSingle Site: $8 per night","open_season":null,"season_description":null,"operational_hours":null,"usage_level":null,"water":"Potable Water is typically available at this site from June to September","restrooms":"Vault toilets","pack_in_out":"Yes","permits":null,"passes":null,"restrictions":null,"important_info":null,"closest_towns":"28 miles south of Hansen, ID","directions":null,"recreation_gov_url":null,"usfs_url":"https://www.fs.usda.gov/recarea/sawtooth/recreation/recarea/?recid=5782","minimum_elevation":null,"maximum_elevation":null,"source_updated":"2026-08-06"}}]}
