{"type":"FeatureCollection","metadata":{"source":"USFS EDW TrailNFS","region":"warm_springs_bonneville","simplification_tolerance_degrees":4e-05,"access_note":"bike_status=unknown means USFS bicycle fields are blank; it does not mean bicycles are prohibited"},"features":[{"type":"Feature","properties":{"trail_name":"CHAPMAN SCENIC","trail_no":"153005","trail_class":"2","gis_miles":2.091,"trail_surface":"NATIVE MATERIAL","typical_trail_grade":"TRAIL_GRADE","typical_tread_width":"TW03 - 18-24 INCHES","admin_org":"040205","managing_org":"040205","trail_id":"usfs:763335010602","segment_id":"usfs-objectid:7531876","trail_cn":"763335010602","source_objectid":7531876,"bike_status":"unknown","bike_season":null,"bike_restricted_season":null,"source":"USFS EDW TrailNFS"},"geometry":{"type":"LineString","coordinates":[[-115.312831,44.136264],[-115.311874,44.136408],[-115.311063,44.136712],[-115.310202,44.136864],[-115.309972,44.136847],[-115.309093,44.136569],[-115.308777,44.136561],[-115.30726,44.136658],[-115.306884,44.136786],[-115.306821,44.136921],[-115.306812,44.137466],[-115.306276,44.137835],[-115.306228,44.137933],[-115.306225,44.138108],[-115.306455,44.138332],[-115.306444,44.138553],[-115.306246,44.138779],[-115.306029,44.138856],[-115.305956,44.139038],[-115.305828,44.139155],[-115.305025,44.139582],[-115.304454,44.140431],[-115.30436,44.14097],[-115.3044,44.141229],[-115.304285,44.141543],[-115.304196,44.142182],[-115.304215,44.142503],[-115.304358,44.142706],[-115.304333,44.142909],[-115.30385,44.143277],[-115.303731,44.143467],[-115.303141,44.143857],[-115.302989,44.144029],[-115.302087,44.144419],[-115.301779,44.144741],[-115.301212,44.145108],[-115.301106,44.145403],[-115.301048,44.146],[-115.301298,44.146611],[-115.301283,44.14679],[-115.30113,44.147095],[-115.300867,44.147388],[-115.30022,44.147795],[-115.299201,44.148215],[-115.298695,44.148323],[-115.29785,44.148829],[-115.296157,44.149379],[-115.295084,44.149954],[-115.29427,44.150241],[-115.293298,44.150999],[-115.292954,44.151148],[-115.291656,44.151355],[-115.291101,44.151838],[-115.290995,44.152338],[-115.290597,44.152513],[-115.290516,44.152677],[-115.289799,44.152897],[-115.28968,44.152986],[-115.289706,44.153286],[-115.289829,44.153503],[-115.290177,44.153637],[-115.290605,44.15363],[-115.290838,44.153411],[-115.291096,44.152876],[-115.291443,44.152609],[-115.291427,44.152414],[-115.291104,44.152142]]}},{"type":"Feature","properties":{"trail_name":"JACKSON PEAK","trail_no":"151005","trail_class":"3","gis_miles":4.43,"trail_surface":"NATIVE MATERIAL","typical_trail_grade":"TRAIL_GRADE","typical_tread_width":"TW03 - 18-24 INCHES","admin_org":"040205","managing_org":"040205","trail_id":"usfs:3751010312","segment_id":"usfs-objectid:7535661","trail_cn":"3751010312","source_objectid":7535661,"bike_status":"confirmed","bike_season":"01/01-12/31","bike_restricted_season":null,"source":"USFS EDW TrailNFS"},"geometry":{"type":"LineString","coordinates":[[-115.414036,44.109348],[-115.414035,44.108105],[-115.413948,44.107765],[-115.413725,44.107452],[-115.413746,44.107355],[-115.414392,44.107204],[-115.414475,44.106997],[-115.414418,44.106771],[-115.414812,44.106458],[-115.415085,44.105838],[-115.415126,44.105543],[-115.414675,44.105698],[-115.414353,44.105506],[-115.414203,44.10549],[-115.413727,44.105867],[-115.413284,44.106109],[-115.413204,44.10609],[-115.41343,44.105884],[-115.413636,44.105537],[-115.413631,44.10482],[-115.414017,44.104638],[-115.414361,44.104677],[-115.414748,44.104832],[-115.414832,44.10475],[-115.414801,44.104401],[-115.414395,44.104347],[-115.414956,44.103938],[-115.415163,44.103894],[-115.415327,44.103651],[-115.415248,44.103256],[-115.414828,44.102586],[-115.41479,44.102934],[-115.414663,44.103234],[-115.414454,44.103372],[-115.413926,44.103416],[-115.413861,44.103356],[-115.413729,44.103409],[-115.412477,44.103442],[-115.411173,44.103313],[-115.410739,44.103214],[-115.410483,44.103079],[-115.409769,44.102994],[-115.409008,44.1031],[-115.407795,44.103052],[-115.410049,44.101788],[-115.410361,44.101694],[-115.410421,44.101611],[-115.410238,44.101502],[-115.409949,44.101495],[-115.407764,44.101786],[-115.407152,44.101769],[-115.406525,44.101911],[-115.406123,44.101868],[-115.405844,44.101745],[-115.406267,44.101704],[-115.406551,44.101563],[-115.407011,44.101196],[-115.407486,44.101075],[-115.407692,44.100941],[-115.407262,44.100735],[-115.406364,44.100891],[-115.40617,44.10085],[-115.406569,44.100546],[-115.406562,44.100361],[-115.406428,44.100265],[-115.40624,44.100431],[-115.405982,44.10035],[-115.405747,44.100096],[-115.405425,44.099914],[-115.405319,44.099635],[-115.404801,44.09917],[-115.404543,44.099101],[-115.404191,44.098749],[-115.403919,44.098596],[-115.403812,44.098405],[-115.403631,44.098256],[-115.403184,44.098237],[-115.402528,44.097815],[-115.402309,44.097775],[-115.401895,44.097892],[-115.401709,44.097496],[-115.400576,44.096954],[-115.399962,44.096452],[-115.399236,44.096117],[-115.399163,44.095564],[-115.398487,44.094207],[-115.398279,44.093648],[-115.398214,44.09315],[-115.398046,44.092895],[-115.397546,44.0917],[-115.397543,44.091442],[-115.397437,44.091653],[-115.39702,44.092092],[-115.396753,44.09165],[-115.396594,44.091547],[-115.396662,44.091422],[-115.396689,44.090841],[-115.39686,44.090218],[-115.39674,44.088337],[-115.39678,44.088183],[-115.39719,44.087665],[-115.397187,44.087063],[-115.397369,44.086639],[-115.39816,44.08551],[-115.398185,44.085295],[-115.398123,44.085105],[-115.398205,44.085064],[-115.39858,44.084311],[-115.398783,44.084086],[-115.398976,44.083704],[-115.398994,44.083473],[-115.399454,44.083095],[-115.3997,44.08279],[-115.399898,44.082378],[-115.400111,44.082159],[-115.400479,44.081594],[-115.400692,44.081375],[-115.402015,44.080838],[-115.402846,44.080181],[-115.40288,44.080512],[-115.402793,44.080606],[-115.402804,44.080818],[-115.402895,44.080978],[-115.403964,44.08052],[-115.404355,44.080196],[-115.40457,44.079698],[-115.404677,44.079066],[-115.404465,44.078659],[-115.404719,44.078046],[-115.404757,44.077765],[-115.40579,44.076796],[-115.40567,44.076791],[-115.405565,44.076661],[-115.405445,44.076659],[-115.405384,44.076544],[-115.405797,44.076352],[-115.406146,44.075974],[-115.406707,44.075666],[-115.407297,44.075486],[-115.407874,44.075509],[-115.408743,44.075262],[-115.409946,44.075346],[-115.410282,44.07567]]}},{"type":"Feature","properties":{"trail_name":"WARM SPRINGS","trail_no":"147005","trail_class":"3","gis_miles":0.397,"trail_surface":"NATIVE MATERIAL","typical_trail_grade":"TRAIL_GRADE","typical_tread_width":"TW03 - 18-24 INCHES","admin_org":"040205","managing_org":"040205","trail_id":"usfs:5032.002731","segment_id":"usfs-objectid:7551978","trail_cn":"5032.002731","source_objectid":7551978,"bike_status":"confirmed","bike_season":"01/01-12/31","bike_restricted_season":null,"source":"USFS EDW TrailNFS"},"geometry":{"type":"LineString","coordinates":[[-115.318495,44.159396],[-115.318569,44.159512],[-115.318625,44.159996],[-115.319074,44.16046],[-115.319702,44.160565],[-115.32009,44.1608],[-115.321348,44.161043],[-115.321306,44.161217],[-115.321137,44.161425],[-115.320338,44.162179],[-115.320347,44.162342],[-115.320466,44.162451],[-115.320921,44.162487],[-115.321299,44.162407],[-115.321997,44.162511]]}},{"type":"Feature","properties":{"trail_name":"TEN MILE RIDGE","trail_no":"157005","trail_class":"3","gis_miles":0.40700000000000003,"trail_surface":"NATIVE MATERIAL","typical_trail_grade":"TRAIL_GRADE","typical_tread_width":"TW03 - 18-24 INCHES","admin_org":"040205","managing_org":"040205","trail_id":"usfs:5035.002731","segment_id":"usfs-objectid:7551979","trail_cn":"5035.002731","source_objectid":7551979,"bike_status":"confirmed","bike_season":"06/01-10/15","bike_restricted_season":null,"source":"USFS EDW TrailNFS"},"geometry":{"type":"LineString","coordinates":[[-115.317512,44.086352],[-115.317397,44.086405],[-115.316943,44.086409],[-115.315757,44.086125],[-115.315183,44.086465],[-115.31434,44.087172],[-115.313988,44.087268],[-115.313581,44.087269],[-115.3131,44.087465],[-115.311465,44.087669],[-115.310561,44.087885],[-115.309907,44.087837]]}},{"type":"Feature","properties":{"trail_name":"TEN MILE RIDGE","trail_no":"157005","trail_class":"3","gis_miles":1.086,"trail_surface":"NATIVE MATERIAL","typical_trail_grade":"TRAIL_GRADE","typical_tread_width":"TW03 - 18-24 INCHES","admin_org":"040205","managing_org":"040205","trail_id":"usfs:5035.002731","segment_id":"usfs-objectid:7552050","trail_cn":"5035.002731","source_objectid":7552050,"bike_status":"confirmed","bike_season":"06/01-10/15","bike_restricted_season":null,"source":"USFS EDW TrailNFS"},"geometry":{"type":"LineString","coordinates":[[-115.387281,44.118602],[-115.38656,44.119031],[-115.386324,44.118946],[-115.386297,44.11885],[-115.386469,44.118512],[-115.386431,44.118394],[-115.386246,44.118274],[-115.386156,44.118076],[-115.385746,44.117933],[-115.385753,44.117642],[-115.386011,44.117273],[-115.38603,44.117045],[-115.385888,44.116849],[-115.385376,44.116425],[-115.38531,44.116218],[-115.385601,44.115377],[-115.385564,44.11527],[-115.385655,44.11505],[-115.385535,44.114854],[-115.3853,44.113822],[-115.385277,44.113177],[-115.385194,44.112873],[-115.385269,44.112326],[-115.385185,44.111943],[-115.384983,44.111616],[-115.384365,44.111063],[-115.38436,44.110903],[-115.384184,44.110695],[-115.384131,44.110446],[-115.383862,44.110099],[-115.383024,44.109826],[-115.383115,44.109631],[-115.383065,44.109411],[-115.382439,44.108463],[-115.381779,44.108003],[-115.38107,44.107847],[-115.380468,44.10801],[-115.380308,44.107678],[-115.379629,44.107438]]}},{"type":"Feature","properties":{"trail_name":"TEN MILE RIDGE","trail_no":"157005","trail_class":"3","gis_miles":1.5630000000000002,"trail_surface":"NATIVE MATERIAL","typical_trail_grade":"TRAIL_GRADE","typical_tread_width":"TW03 - 18-24 INCHES","admin_org":"040205","managing_org":"040205","trail_id":"usfs:5035.002731","segment_id":"usfs-objectid:7552262","trail_cn":"5035.002731","source_objectid":7552262,"bike_status":"confirmed","bike_season":"06/01-10/15","bike_restricted_season":null,"source":"USFS EDW TrailNFS"},"geometry":{"type":"LineString","coordinates":[[-115.371039,44.106564],[-115.370838,44.106673],[-115.370665,44.106533],[-115.370662,44.106388],[-115.370778,44.106257],[-115.370296,44.106034],[-115.37008,44.105844],[-115.370121,44.106171],[-115.369556,44.106524],[-115.369374,44.107031],[-115.368594,44.107482],[-115.368459,44.107765],[-115.368766,44.107974],[-115.368164,44.108008],[-115.367311,44.107751],[-115.366654,44.107796],[-115.366435,44.107736],[-115.365724,44.107932],[-115.365182,44.107871],[-115.364752,44.108202],[-115.363467,44.107861],[-115.363394,44.107568],[-115.363544,44.107013],[-115.363459,44.106775],[-115.363499,44.106579],[-115.363452,44.106263],[-115.363686,44.106474],[-115.363794,44.106807],[-115.36402,44.106997],[-115.364254,44.106933],[-115.364433,44.10669],[-115.36465,44.105499],[-115.365003,44.104735],[-115.364969,44.104509],[-115.365147,44.103954],[-115.365349,44.103422],[-115.365651,44.10304],[-115.365664,44.10258],[-115.365798,44.102368],[-115.365725,44.101832],[-115.365578,44.101595],[-115.363841,44.100422],[-115.362046,44.09869],[-115.361517,44.098071],[-115.361423,44.097632],[-115.361484,44.097019],[-115.361581,44.096947]]}},{"type":"Feature","properties":{"trail_name":"WARM SPRINGS","trail_no":"147005","trail_class":"3","gis_miles":7.148,"trail_surface":"NATIVE MATERIAL","typical_trail_grade":"TRAIL_GRADE","typical_tread_width":"TW03 - 18-24 INCHES","admin_org":"040205","managing_org":"040205","trail_id":"usfs:5032.002731","segment_id":"usfs-objectid:7552595","trail_cn":"5032.002731","source_objectid":7552595,"bike_status":"confirmed","bike_season":"01/01-12/31","bike_restricted_season":null,"source":"USFS EDW TrailNFS"},"geometry":{"type":"LineString","coordinates":[[-115.321997,44.162511],[-115.322103,44.162516],[-115.322285,44.162645],[-115.322299,44.162864],[-115.322502,44.163078],[-115.322515,44.163209],[-115.3224,44.163408],[-115.322377,44.163626],[-115.322283,44.163794],[-115.322056,44.163944],[-115.321761,44.164275],[-115.321709,44.164451],[-115.32152,44.164688],[-115.321,44.165112],[-115.32092,44.16533],[-115.321103,44.165457],[-115.321488,44.165571],[-115.321652,44.165709],[-115.321563,44.16583],[-115.321314,44.165929],[-115.32102,44.166285],[-115.321341,44.166414],[-115.321422,44.166984],[-115.321199,44.167448],[-115.3212,44.167663],[-115.321327,44.167953],[-115.321752,44.16843],[-115.321824,44.168941],[-115.32196,44.169209],[-115.322539,44.169758],[-115.322752,44.169862],[-115.323615,44.170913],[-115.323716,44.171411],[-115.323828,44.171599],[-115.324064,44.172414],[-115.324628,44.172697],[-115.324822,44.172984],[-115.324775,44.173378],[-115.324825,44.173576],[-115.324929,44.173671],[-115.325,44.173868],[-115.325191,44.173904],[-115.325312,44.174107],[-115.325471,44.174586],[-115.325369,44.174885],[-115.325311,44.17544],[-115.325511,44.175862],[-115.325449,44.176309],[-115.325691,44.176665],[-115.325865,44.177212],[-115.325735,44.178178],[-115.325972,44.178736],[-115.325838,44.179452],[-115.325711,44.17961],[-115.325471,44.18056],[-115.325287,44.18084],[-115.324617,44.181281],[-115.324601,44.181735],[-115.324786,44.182013],[-115.32474,44.182356],[-115.324257,44.182604],[-115.324109,44.182925],[-115.324116,44.183247],[-115.323989,44.183523],[-115.323787,44.183718],[-115.323914,44.18418],[-115.323641,44.184996],[-115.323471,44.185256],[-115.323411,44.185616],[-115.323172,44.185854],[-115.323153,44.186063],[-115.322849,44.186584],[-115.322778,44.186853],[-115.322819,44.187288],[-115.322284,44.188107],[-115.32228,44.188253],[-115.322071,44.188581],[-115.321486,44.189073],[-115.321384,44.189254],[-115.321434,44.190671],[-115.321176,44.191186],[-115.321187,44.19163],[-115.32099,44.192014],[-115.321043,44.192254],[-115.320889,44.192414],[-115.32067,44.192998],[-115.320679,44.193251],[-115.320423,44.193551],[-115.319901,44.194449],[-115.319694,44.195169],[-115.319224,44.196061],[-115.319093,44.196573],[-115.31878,44.196836],[-115.318884,44.197122],[-115.318303,44.19793],[-115.318275,44.198573],[-115.318209,44.198768],[-115.318102,44.19893],[-115.317479,44.199313],[-115.317143,44.199332],[-115.316264,44.199538],[-115.316377,44.200063],[-115.315998,44.201029],[-115.315651,44.20133],[-115.315544,44.201919],[-115.315446,44.201986],[-115.315518,44.202479],[-115.31546,44.203014],[-115.315232,44.203306],[-115.315268,44.203562],[-115.315219,44.203753],[-115.315457,44.204171],[-115.314955,44.204934],[-115.314627,44.205111],[-115.314599,44.20536],[-115.31421,44.206167],[-115.314148,44.206459],[-115.314013,44.206658],[-115.313846,44.207241],[-115.312991,44.208828],[-115.313058,44.209836],[-115.312478,44.211166],[-115.312017,44.211595],[-115.311816,44.21191],[-115.311804,44.212089],[-115.311697,44.212226],[-115.311746,44.212361],[-115.311634,44.21244],[-115.311633,44.212604],[-115.311746,44.212833],[-115.311693,44.212941],[-115.311724,44.213129],[-115.311185,44.213504],[-115.310655,44.213556],[-115.309367,44.214064],[-115.309214,44.214188],[-115.309191,44.214291],[-115.30896,44.214352],[-115.308826,44.214734],[-115.308937,44.214814],[-115.30877,44.215067],[-115.308488,44.215166],[-115.307413,44.215912],[-115.307079,44.215983],[-115.30682,44.216297],[-115.306859,44.216684],[-115.307059,44.216883],[-115.307185,44.217155],[-115.30739,44.217865],[-115.307243,44.218242],[-115.306785,44.21858],[-115.306627,44.219078],[-115.30629,44.219238],[-115.306299,44.219521],[-115.306177,44.219732],[-115.306187,44.219931],[-115.306122,44.220009],[-115.305697,44.220216],[-115.305399,44.220171],[-115.305364,44.220483],[-115.305724,44.220804],[-115.305713,44.221056],[-115.305549,44.221329],[-115.305414,44.221387],[-115.305224,44.221764],[-115.305082,44.221877],[-115.304962,44.222208],[-115.305036,44.22264],[-115.305126,44.222746],[-115.305865,44.223177],[-115.305996,44.223466],[-115.306003,44.223566],[-115.30592,44.223701],[-115.305798,44.223757],[-115.30563,44.22407],[-115.305692,44.224345],[-115.30559,44.224532],[-115.305686,44.224765],[-115.305406,44.225506],[-115.3051,44.225748],[-115.305181,44.22615],[-115.304977,44.226653],[-115.304972,44.226823],[-115.304803,44.227172],[-115.304587,44.227286],[-115.304548,44.227597],[-115.304223,44.227903],[-115.304326,44.228134],[-115.304248,44.228416],[-115.303582,44.228923],[-115.303235,44.22943],[-115.302878,44.230851],[-115.303075,44.231304],[-115.303267,44.231566],[-115.303337,44.231904],[-115.303172,44.232541],[-115.303342,44.23312],[-115.303474,44.233265],[-115.303557,44.233506],[-115.303969,44.233862],[-115.304439,44.234627],[-115.304878,44.234842],[-115.30517,44.235342],[-115.305332,44.235485],[-115.305294,44.235561],[-115.305319,44.235707],[-115.305413,44.235794],[-115.305448,44.236177],[-115.305873,44.236923],[-115.305883,44.237138],[-115.305979,44.237278],[-115.306211,44.23801],[-115.306215,44.238215],[-115.306474,44.238444],[-115.306468,44.238563],[-115.306618,44.238649],[-115.306761,44.238873],[-115.307233,44.239231],[-115.306936,44.240088],[-115.306816,44.240223],[-115.306892,44.240681],[-115.306803,44.240887],[-115.306385,44.241222],[-115.306417,44.241721],[-115.306341,44.242291],[-115.306535,44.24271],[-115.306849,44.243006],[-115.307313,44.243299],[-115.30746,44.243504],[-115.30743,44.243635],[-115.307859,44.244088],[-115.308013,44.244527],[-115.30861,44.245274],[-115.308604,44.245374],[-115.308446,44.245544],[-115.308448,44.246163],[-115.30862,44.24676],[-115.308918,44.247038],[-115.308837,44.247575],[-115.309358,44.248301],[-115.310035,44.248918],[-115.310256,44.249225],[-115.311173,44.249718]]}},{"type":"Feature","properties":{"trail_name":"TEN MILE RIDGE","trail_no":"157005","trail_class":"3","gis_miles":4.721,"trail_surface":"NATIVE MATERIAL","typical_trail_grade":"TRAIL_GRADE","typical_tread_width":"TW03 - 18-24 INCHES","admin_org":"040205","managing_org":"040205","trail_id":"usfs:5035.002731","segment_id":"usfs-objectid:7552697","trail_cn":"5035.002731","source_objectid":7552697,"bike_status":"unknown","bike_season":null,"bike_restricted_season":null,"source":"USFS EDW TrailNFS"},"geometry":{"type":"LineString","coordinates":[[-115.309907,44.087837],[-115.308217,44.087612],[-115.307294,44.087571],[-115.307019,44.087452],[-115.306752,44.087114],[-115.306556,44.087048],[-115.30602,44.087081],[-115.30544,44.087013],[-115.305177,44.086727],[-115.305078,44.086475],[-115.304755,44.086283],[-115.3046,44.086091],[-115.304328,44.085979],[-115.303664,44.085872],[-115.302572,44.085809],[-115.301769,44.085867],[-115.301457,44.085945],[-115.301234,44.086242],[-115.300886,44.086375],[-115.300739,44.086596],[-115.300218,44.08685],[-115.300179,44.087102],[-115.300003,44.087354],[-115.299624,44.087581],[-115.299497,44.087819],[-115.299514,44.087995],[-115.299218,44.08813],[-115.299187,44.088231],[-115.29908,44.088277],[-115.298113,44.088576],[-115.297547,44.089279],[-115.297218,44.089278],[-115.296949,44.089362],[-115.296609,44.089671],[-115.296513,44.089954],[-115.295485,44.090142],[-115.294969,44.090357],[-115.294263,44.090509],[-115.29343,44.090355],[-115.292757,44.090137],[-115.292307,44.090112],[-115.291936,44.090341],[-115.291655,44.0904],[-115.291095,44.09071],[-115.29071,44.090833],[-115.289446,44.090843],[-115.289053,44.091009],[-115.2882,44.091553],[-115.287938,44.091622],[-115.286271,44.091506],[-115.285125,44.091297],[-115.284489,44.091376],[-115.284415,44.091348],[-115.284458,44.091274],[-115.284763,44.091089],[-115.284174,44.090683],[-115.283734,44.090762],[-115.283606,44.090895],[-115.283265,44.090987],[-115.282513,44.091112],[-115.28158,44.091003],[-115.281164,44.091014],[-115.280942,44.090941],[-115.280729,44.091005],[-115.279192,44.091107],[-115.27858,44.09105],[-115.278238,44.090952],[-115.277835,44.090829],[-115.27726,44.090527],[-115.277739,44.091166],[-115.277732,44.091301],[-115.27701,44.09088],[-115.276497,44.090768],[-115.276488,44.09084],[-115.276271,44.090984],[-115.276093,44.090961],[-115.274628,44.090338],[-115.274908,44.090695],[-115.274485,44.090494],[-115.274891,44.091087],[-115.274203,44.090837],[-115.273915,44.091253],[-115.273906,44.092051],[-115.273844,44.09235],[-115.273789,44.092411],[-115.273454,44.09241],[-115.273233,44.092492],[-115.273004,44.092911],[-115.272698,44.093768],[-115.273136,44.094195],[-115.273327,44.094841],[-115.273984,44.096159],[-115.274026,44.096959],[-115.273883,44.097157],[-115.27388,44.097347],[-115.273757,44.097618],[-115.273472,44.09804],[-115.273081,44.09814],[-115.272008,44.098733],[-115.271389,44.099207],[-115.271186,44.099484],[-115.271051,44.099513],[-115.270839,44.099684],[-115.270189,44.099881],[-115.269844,44.100052],[-115.266969,44.10081],[-115.26611,44.101185],[-115.264275,44.101439],[-115.263102,44.101394],[-115.26249,44.101601],[-115.262006,44.102201],[-115.26183,44.102537],[-115.26192,44.102899],[-115.262333,44.103544],[-115.262216,44.103698],[-115.262003,44.103814],[-115.261752,44.103822],[-115.261535,44.103618],[-115.260609,44.103017],[-115.259593,44.102532],[-115.258599,44.101763],[-115.258251,44.101566],[-115.256739,44.100986],[-115.25636,44.100756],[-115.255942,44.100394],[-115.255564,44.100212],[-115.254344,44.100604],[-115.253875,44.10057],[-115.253635,44.100476],[-115.252731,44.100559],[-115.25148,44.100772],[-115.250918,44.100698],[-115.249991,44.100752],[-115.248715,44.100714],[-115.24726,44.101244],[-115.246455,44.101379],[-115.245862,44.101561],[-115.245328,44.101535],[-115.244091,44.101277],[-115.243494,44.101026],[-115.242869,44.101012],[-115.242549,44.100809]]}},{"type":"Feature","properties":{"trail_name":"WARM SPRINGS","trail_no":"147005","trail_class":"3","gis_miles":1.413,"trail_surface":"NATIVE MATERIAL","typical_trail_grade":"TRAIL_GRADE","typical_tread_width":"TW03 - 18-24 INCHES","admin_org":"040205","managing_org":"040205","trail_id":"usfs:5032.002731","segment_id":"usfs-objectid:7552704","trail_cn":"5032.002731","source_objectid":7552704,"bike_status":"confirmed","bike_season":"01/01-12/31","bike_restricted_season":null,"source":"USFS EDW TrailNFS"},"geometry":{"type":"LineString","coordinates":[[-115.310541,44.145622],[-115.311433,44.146163],[-115.311723,44.146241],[-115.31217,44.146281],[-115.313052,44.146208],[-115.314885,44.146295],[-115.315642,44.146416],[-115.316092,44.146596],[-115.316479,44.146999],[-115.317253,44.147554],[-115.31811,44.148955],[-115.317925,44.149028],[-115.317914,44.149086],[-115.318459,44.14918],[-115.319032,44.149434],[-115.319091,44.149569],[-115.319012,44.149781],[-115.31856,44.150124],[-115.318432,44.150321],[-115.318452,44.150675],[-115.317471,44.151288],[-115.316991,44.151875],[-115.316996,44.152091],[-115.316817,44.152334],[-115.31683,44.152475],[-115.317246,44.153362],[-115.317271,44.153554],[-115.317169,44.154204],[-115.317234,44.15438],[-115.317204,44.154609],[-115.317012,44.154823],[-115.316832,44.155317],[-115.316884,44.155588],[-115.316983,44.15573],[-115.316994,44.15605],[-115.317949,44.156678],[-115.318063,44.156881],[-115.318023,44.157114],[-115.3178,44.157376],[-115.31726,44.157798],[-115.317202,44.15795],[-115.317288,44.158324],[-115.31716,44.158735],[-115.317245,44.159038],[-115.317463,44.159078],[-115.317826,44.159026],[-115.31818,44.159091],[-115.318323,44.15929],[-115.318495,44.159396]]}},{"type":"Feature","properties":{"trail_name":"TEN MILE RIDGE","trail_no":"157005","trail_class":"3","gis_miles":3.551,"trail_surface":"NATIVE MATERIAL","typical_trail_grade":"TRAIL_GRADE","typical_tread_width":"TW03 - 18-24 INCHES","admin_org":"040205","managing_org":"040205","trail_id":"usfs:5035.002731","segment_id":"usfs-objectid:7552706","trail_cn":"5035.002731","source_objectid":7552706,"bike_status":"confirmed","bike_season":"06/01-10/15","bike_restricted_season":null,"source":"USFS EDW TrailNFS"},"geometry":{"type":"LineString","coordinates":[[-115.361581,44.096947],[-115.362424,44.096302],[-115.362512,44.096059],[-115.362469,44.095903],[-115.361995,44.095513],[-115.361809,44.095097],[-115.361187,44.094731],[-115.361041,44.094572],[-115.361,44.094448],[-115.361093,44.093913],[-115.360834,44.09367],[-115.360001,44.093214],[-115.35922,44.093002],[-115.359022,44.093031],[-115.357461,44.092844],[-115.356877,44.09251],[-115.356579,44.092201],[-115.35645,44.091894],[-115.356292,44.091836],[-115.356342,44.092409],[-115.356705,44.092848],[-115.356862,44.093195],[-115.358065,44.094052],[-115.35844,44.094529],[-115.358492,44.094677],[-115.35742,44.095195],[-115.35678,44.095138],[-115.355845,44.094405],[-115.354229,44.09341],[-115.353938,44.093413],[-115.353604,44.093701],[-115.353085,44.093892],[-115.352243,44.093569],[-115.351822,44.093766],[-115.347492,44.092079],[-115.346767,44.091712],[-115.346383,44.091374],[-115.346316,44.089948],[-115.34656,44.089717],[-115.346501,44.089581],[-115.345981,44.089403],[-115.346296,44.08929],[-115.346113,44.089161],[-115.346328,44.089048],[-115.34632,44.088894],[-115.345624,44.088758],[-115.345843,44.088545],[-115.345858,44.088277],[-115.345369,44.088027],[-115.344965,44.087333],[-115.343685,44.086938],[-115.343398,44.086769],[-115.343117,44.086751],[-115.341991,44.086313],[-115.341059,44.086234],[-115.340611,44.086011],[-115.340483,44.086043],[-115.340451,44.086272],[-115.340285,44.086374],[-115.340119,44.086367],[-115.340014,44.086214],[-115.339729,44.086327],[-115.339586,44.086188],[-115.339839,44.085857],[-115.338643,44.085422],[-115.338756,44.085293],[-115.338646,44.085215],[-115.337999,44.085154],[-115.337729,44.085408],[-115.336816,44.084997],[-115.336006,44.084747],[-115.335347,44.084738],[-115.334341,44.084401],[-115.333969,44.084488],[-115.334052,44.084275],[-115.333793,44.084273],[-115.332312,44.083316],[-115.331914,44.083127],[-115.331041,44.083342],[-115.329141,44.083522],[-115.328849,44.083338],[-115.328345,44.083388],[-115.328071,44.083759],[-115.328158,44.084114],[-115.32807,44.084361],[-115.326872,44.085063],[-115.326751,44.085348],[-115.325345,44.086038],[-115.324373,44.086017],[-115.323827,44.086091],[-115.323175,44.086426],[-115.322274,44.086456],[-115.320529,44.086897],[-115.319585,44.086741],[-115.319002,44.086318],[-115.318212,44.08613],[-115.317838,44.086204],[-115.317512,44.086352]]}},{"type":"Feature","properties":{"trail_name":"TEN MILE RIDGE","trail_no":"157005","trail_class":"3","gis_miles":0.5630000000000001,"trail_surface":"NATIVE MATERIAL","typical_trail_grade":"TRAIL_GRADE","typical_tread_width":"TW03 - 18-24 INCHES","admin_org":"040205","managing_org":"040205","trail_id":"usfs:5035.002731","segment_id":"usfs-objectid:7552753","trail_cn":"5035.002731","source_objectid":7552753,"bike_status":"confirmed","bike_season":"06/01-10/15","bike_restricted_season":null,"source":"USFS EDW TrailNFS"},"geometry":{"type":"LineString","coordinates":[[-115.379629,44.107438],[-115.379584,44.107333],[-115.38019,44.107002],[-115.380312,44.106826],[-115.380298,44.10673],[-115.380071,44.106574],[-115.379965,44.106367],[-115.379412,44.106224],[-115.378814,44.105932],[-115.378587,44.105709],[-115.378335,44.10561],[-115.377386,44.10547],[-115.376526,44.105632],[-115.37593,44.10553],[-115.375261,44.105551],[-115.374721,44.105763],[-115.374263,44.105693],[-115.37355,44.105806],[-115.37288,44.105821],[-115.372316,44.105996],[-115.371854,44.106249],[-115.371473,44.106327],[-115.371039,44.106564]]}},{"type":"Feature","properties":{"trail_name":"WAPITI CREEK","trail_no":"160005","trail_class":"3","gis_miles":2.035,"trail_surface":"NATIVE MATERIAL","typical_trail_grade":"TRAIL_GRADE","typical_tread_width":"TW03 - 18-24 INCHES","admin_org":"040205","managing_org":"040205","trail_id":"usfs:5036.002731","segment_id":"usfs-objectid:7552754","trail_cn":"5036.002731","source_objectid":7552754,"bike_status":"confirmed","bike_season":"01/01-12/31","bike_restricted_season":null,"source":"USFS EDW TrailNFS"},"geometry":{"type":"LineString","coordinates":[[-115.23007,44.121932],[-115.230216,44.121824],[-115.231239,44.121569],[-115.23208,44.121272],[-115.23317,44.120494],[-115.233426,44.120263],[-115.233821,44.119742],[-115.234255,44.119574],[-115.234521,44.119397],[-115.234982,44.119213],[-115.236186,44.119062],[-115.23698,44.118728],[-115.237475,44.118268],[-115.237634,44.117971],[-115.238793,44.117518],[-115.239169,44.117252],[-115.239926,44.116943],[-115.240845,44.116824],[-115.241349,44.116577],[-115.243036,44.115476],[-115.244273,44.114394],[-115.245002,44.113256],[-115.245283,44.113005],[-115.245801,44.111117],[-115.24602,44.110709],[-115.246098,44.110422],[-115.246058,44.110064],[-115.246145,44.109906],[-115.246036,44.109699],[-115.246135,44.109481],[-115.246125,44.109322],[-115.246004,44.109059],[-115.246003,44.108781],[-115.246222,44.108399],[-115.246393,44.107913],[-115.246342,44.107602],[-115.246462,44.107386],[-115.246523,44.106909],[-115.246468,44.106717],[-115.24653,44.105908],[-115.246722,44.105],[-115.247127,44.1044],[-115.247077,44.10416],[-115.246739,44.103647],[-115.246316,44.103275],[-115.245377,44.102901],[-115.244172,44.102774],[-115.243679,44.102582],[-115.243275,44.102279],[-115.242847,44.101508],[-115.242717,44.101021],[-115.242477,44.100759]]}},{"type":"Feature","properties":{"trail_name":"BLUE JAY","trail_no":"149005","trail_class":"3","gis_miles":0.621,"trail_surface":"NATIVE MATERIAL","typical_trail_grade":"TRAIL_GRADE","typical_tread_width":"TW03 - 18-24 INCHES","admin_org":"040205","managing_org":"040205","trail_id":"usfs:5034.002731","segment_id":"usfs-objectid:7552755","trail_cn":"5034.002731","source_objectid":7552755,"bike_status":"confirmed","bike_season":"01/01-12/31","bike_restricted_season":null,"source":"USFS EDW TrailNFS"},"geometry":{"type":"LineString","coordinates":[[-115.318818,44.127334],[-115.318641,44.127104],[-115.318458,44.127051],[-115.318088,44.126757],[-115.318019,44.126499],[-115.317676,44.126437],[-115.317679,44.126363],[-115.317919,44.126147],[-115.317887,44.126018],[-115.317144,44.125521],[-115.3172,44.125396],[-115.316848,44.125042],[-115.316579,44.12452],[-115.316511,44.124228],[-115.316285,44.123779],[-115.316225,44.123214],[-115.316149,44.123101],[-115.315765,44.122873],[-115.315655,44.122567],[-115.315735,44.122201],[-115.315544,44.121815],[-115.315612,44.121637],[-115.315559,44.121274],[-115.315445,44.121097],[-115.315344,44.120597],[-115.31521,44.120426],[-115.315303,44.120077],[-115.315153,44.11986]]}},{"type":"Feature","properties":{"trail_name":"WAPITI CREEK","trail_no":"160005","trail_class":"3","gis_miles":3.965,"trail_surface":"NATIVE MATERIAL","typical_trail_grade":"TRAIL_GRADE","typical_tread_width":"TW03 - 18-24 INCHES","admin_org":"040205","managing_org":"040205","trail_id":"usfs:5036.002731","segment_id":"usfs-objectid:7552758","trail_cn":"5036.002731","source_objectid":7552758,"bike_status":"confirmed","bike_season":"01/01-12/31","bike_restricted_season":null,"source":"USFS EDW TrailNFS"},"geometry":{"type":"LineString","coordinates":[[-115.194237,44.141426],[-115.194727,44.140684],[-115.195402,44.140281],[-115.195303,44.139915],[-115.196109,44.139298],[-115.19605,44.139108],[-115.195765,44.138838],[-115.195775,44.138315],[-115.195667,44.138158],[-115.195599,44.13745],[-115.19575,44.137178],[-115.19574,44.137048],[-115.195238,44.136125],[-115.195252,44.136006],[-115.195426,44.135873],[-115.195886,44.135782],[-115.196114,44.135661],[-115.196139,44.135338],[-115.19671,44.134554],[-115.197439,44.134231],[-115.196989,44.134989],[-115.197031,44.135658],[-115.197486,44.135116],[-115.19763,44.135145],[-115.197709,44.135686],[-115.198138,44.135329],[-115.198173,44.135956],[-115.198457,44.136478],[-115.199166,44.137225],[-115.199108,44.13674],[-115.199173,44.136526],[-115.199424,44.136771],[-115.200094,44.137726],[-115.200351,44.137837],[-115.200158,44.137411],[-115.200204,44.137312],[-115.201123,44.137901],[-115.201808,44.138124],[-115.202251,44.138677],[-115.202769,44.138742],[-115.204264,44.139256],[-115.204722,44.139281],[-115.205415,44.13944],[-115.205623,44.139546],[-115.206436,44.140451],[-115.206442,44.140208],[-115.206544,44.140014],[-115.206764,44.140168],[-115.206836,44.140604],[-115.207222,44.140453],[-115.207342,44.140276],[-115.207687,44.140175],[-115.208626,44.140252],[-115.208586,44.140431],[-115.208976,44.140308],[-115.208843,44.14061],[-115.209684,44.140203],[-115.210584,44.139869],[-115.210814,44.139833],[-115.211168,44.139881],[-115.211597,44.139743],[-115.211625,44.139777],[-115.211382,44.140001],[-115.211091,44.140024],[-115.210907,44.140162],[-115.210802,44.140346],[-115.210838,44.140577],[-115.210946,44.140705],[-115.211164,44.140756],[-115.211513,44.140982],[-115.211751,44.140997],[-115.212421,44.140381],[-115.215373,44.139102],[-115.216245,44.138629],[-115.216886,44.138022],[-115.216774,44.137589],[-115.218123,44.136967],[-115.218319,44.136705],[-115.218809,44.136436],[-115.218741,44.136231],[-115.218856,44.135762],[-115.219352,44.135544],[-115.219593,44.135134],[-115.220388,44.134703],[-115.22111,44.134416],[-115.221282,44.134102],[-115.223394,44.132888],[-115.224999,44.132265],[-115.225466,44.132205],[-115.225722,44.131627],[-115.226339,44.130854],[-115.227082,44.130524],[-115.227425,44.130142],[-115.227649,44.129433],[-115.227653,44.129002],[-115.227174,44.127633],[-115.227166,44.127392],[-115.227365,44.127062],[-115.22781,44.126831],[-115.228164,44.126369],[-115.22903,44.126102],[-115.229547,44.125744],[-115.229659,44.125527],[-115.229636,44.124453],[-115.230165,44.123833],[-115.230127,44.123575],[-115.230298,44.123081],[-115.230269,44.122676],[-115.23054,44.122233],[-115.230027,44.122298],[-115.229923,44.122233],[-115.229901,44.122057],[-115.23007,44.121932]]}},{"type":"Feature","properties":{"trail_name":"WARM SPRINGS","trail_no":"147005","trail_class":"3","gis_miles":4.579,"trail_surface":"NATIVE MATERIAL","typical_trail_grade":"TRAIL_GRADE","typical_tread_width":"TW03 - 18-24 INCHES","admin_org":"040205","managing_org":"040205","trail_id":"usfs:5032.002731","segment_id":"usfs-objectid:7552818","trail_cn":"5032.002731","source_objectid":7552818,"bike_status":"confirmed","bike_season":"01/01-12/31","bike_restricted_season":null,"source":"USFS EDW TrailNFS"},"geometry":{"type":"LineString","coordinates":[[-115.311173,44.249718],[-115.311279,44.249755],[-115.311538,44.25023],[-115.311505,44.25043],[-115.311621,44.250578],[-115.311605,44.251244],[-115.311679,44.251803],[-115.311922,44.252148],[-115.312401,44.2533],[-115.312431,44.253644],[-115.312248,44.254224],[-115.312091,44.254391],[-115.312098,44.254616],[-115.312278,44.254834],[-115.312261,44.255165],[-115.312034,44.255458],[-115.312192,44.256095],[-115.312457,44.256484],[-115.31261,44.256572],[-115.312604,44.256679],[-115.312141,44.257525],[-115.311732,44.25787],[-115.311751,44.258238],[-115.311659,44.258545],[-115.31151,44.258767],[-115.311693,44.25888],[-115.311696,44.259002],[-115.311595,44.259047],[-115.311576,44.259238],[-115.311436,44.259379],[-115.311409,44.259601],[-115.311683,44.259907],[-115.311577,44.260602],[-115.311673,44.26118],[-115.311611,44.261847],[-115.311511,44.261962],[-115.311556,44.262042],[-115.311505,44.262294],[-115.311587,44.262794],[-115.311762,44.263074],[-115.311652,44.263674],[-115.310937,44.264812],[-115.311011,44.265153],[-115.310277,44.266274],[-115.31005,44.266865],[-115.309609,44.267288],[-115.309471,44.267554],[-115.308354,44.268089],[-115.308302,44.268301],[-115.307896,44.268438],[-115.307521,44.268838],[-115.307406,44.269252],[-115.306703,44.270233],[-115.306351,44.270548],[-115.306286,44.27083],[-115.306023,44.271187],[-115.305827,44.271631],[-115.305643,44.271809],[-115.305411,44.272351],[-115.305243,44.272501],[-115.304708,44.27262],[-115.303447,44.273303],[-115.302186,44.27377],[-115.301858,44.27395],[-115.301538,44.274292],[-115.300657,44.274738],[-115.300106,44.275276],[-115.300035,44.275175],[-115.299334,44.276088],[-115.298847,44.276217],[-115.298877,44.276356],[-115.299063,44.276469],[-115.298812,44.276532],[-115.297999,44.276441],[-115.297728,44.276499],[-115.296675,44.277004],[-115.296859,44.27708],[-115.296609,44.277201],[-115.296802,44.277316],[-115.295291,44.277815],[-115.294339,44.278258],[-115.293168,44.279304],[-115.292857,44.279694],[-115.291838,44.280397],[-115.29161,44.280453],[-115.290854,44.281179],[-115.290639,44.281468],[-115.290048,44.281885],[-115.289797,44.282284],[-115.289796,44.282417],[-115.289328,44.282934],[-115.288859,44.283289],[-115.28882,44.283466],[-115.288452,44.28389],[-115.287723,44.28431],[-115.287211,44.284716],[-115.287046,44.284727],[-115.286676,44.285094],[-115.286104,44.285445],[-115.285495,44.285768],[-115.285342,44.285778],[-115.285266,44.285872],[-115.28475,44.286118],[-115.284302,44.286541],[-115.283722,44.28689],[-115.283678,44.287092],[-115.283734,44.287286],[-115.283709,44.287554],[-115.28358,44.287652],[-115.283633,44.287777],[-115.283602,44.287939],[-115.283413,44.288128],[-115.282892,44.288431],[-115.282836,44.288629],[-115.282407,44.288841],[-115.282217,44.289035],[-115.281565,44.289898],[-115.281419,44.290197],[-115.281066,44.290546],[-115.280966,44.291109],[-115.280501,44.291639],[-115.279979,44.291963],[-115.279926,44.292082],[-115.280017,44.29226],[-115.279763,44.292887],[-115.27941,44.293412],[-115.279161,44.293555],[-115.27908,44.293824],[-115.278489,44.294002],[-115.278447,44.294185],[-115.278304,44.294274],[-115.278136,44.294551],[-115.277555,44.294976],[-115.277067,44.295703],[-115.277027,44.295928],[-115.276705,44.296127],[-115.276218,44.296289],[-115.275624,44.296677],[-115.275619,44.296852],[-115.275115,44.297132],[-115.275006,44.297321],[-115.274637,44.297411],[-115.274364,44.297637],[-115.273112,44.298075],[-115.27235,44.298719],[-115.271079,44.299647],[-115.270841,44.299685]]}},{"type":"Feature","properties":{"trail_name":"BLUE JAY","trail_no":"149005","trail_class":"3","gis_miles":3.903,"trail_surface":"NATIVE MATERIAL","typical_trail_grade":"TRAIL_GRADE","typical_tread_width":"TW03 - 18-24 INCHES","admin_org":"040205","managing_org":"040205","trail_id":"usfs:5034.002731","segment_id":"usfs-objectid:7552826","trail_cn":"5034.002731","source_objectid":7552826,"bike_status":"confirmed","bike_season":"01/01-12/31","bike_restricted_season":null,"source":"USFS EDW TrailNFS"},"geometry":{"type":"LineString","coordinates":[[-115.315153,44.11986],[-115.315149,44.119782],[-115.314763,44.119699],[-115.314598,44.119512],[-115.314828,44.119094],[-115.314861,44.118849],[-115.314786,44.1187],[-115.314955,44.118455],[-115.314918,44.117878],[-115.314998,44.117657],[-115.314964,44.116985],[-115.315007,44.116962],[-115.315732,44.117597],[-115.316644,44.118194],[-115.316746,44.11821],[-115.317213,44.117962],[-115.31765,44.117617],[-115.317838,44.11799],[-115.318021,44.118093],[-115.31827,44.118058],[-115.318476,44.117797],[-115.318654,44.117806],[-115.31878,44.117901],[-115.31904,44.118293],[-115.319144,44.118697],[-115.319851,44.119153],[-115.320073,44.119235],[-115.320826,44.119263],[-115.321228,44.119085],[-115.321768,44.118572],[-115.321825,44.118456],[-115.321813,44.118184],[-115.321921,44.118083],[-115.321381,44.11813],[-115.321517,44.117982],[-115.321582,44.11779],[-115.321713,44.11773],[-115.321581,44.117599],[-115.32103,44.117551],[-115.320946,44.11748],[-115.321057,44.117313],[-115.321126,44.116864],[-115.320854,44.116543],[-115.320929,44.11647],[-115.321127,44.116464],[-115.321574,44.116551],[-115.322215,44.116513],[-115.321811,44.11609],[-115.322256,44.116023],[-115.322308,44.115919],[-115.322312,44.115771],[-115.322077,44.115541],[-115.322064,44.115309],[-115.322317,44.115128],[-115.322882,44.11506],[-115.323305,44.114693],[-115.323648,44.11459],[-115.323747,44.114482],[-115.323736,44.11417],[-115.32357,44.113612],[-115.32356,44.113026],[-115.323908,44.112555],[-115.32395,44.112336],[-115.324134,44.11217],[-115.324094,44.111948],[-115.324044,44.111933],[-115.323624,44.112193],[-115.323447,44.112143],[-115.323694,44.111516],[-115.323868,44.111352],[-115.323798,44.111274],[-115.323167,44.111379],[-115.322972,44.111357],[-115.322839,44.111234],[-115.322667,44.111321],[-115.322018,44.111398],[-115.321696,44.111212],[-115.321201,44.111155],[-115.320882,44.111],[-115.320887,44.110624],[-115.320822,44.110488],[-115.320471,44.110277],[-115.320409,44.110171],[-115.320457,44.110068],[-115.320269,44.109692],[-115.320309,44.109589],[-115.320266,44.109426],[-115.320373,44.109117],[-115.320241,44.109075],[-115.320086,44.109244],[-115.319639,44.109314],[-115.319422,44.109266],[-115.319206,44.108951],[-115.319107,44.108702],[-115.31916,44.108348],[-115.318851,44.108169],[-115.319202,44.107919],[-115.318921,44.107934],[-115.318727,44.107769],[-115.318665,44.107633],[-115.318443,44.107756],[-115.318197,44.107619],[-115.318187,44.107385],[-115.318027,44.107211],[-115.316962,44.107174],[-115.316477,44.106791],[-115.315099,44.106137],[-115.314875,44.105847],[-115.314303,44.105405],[-115.314299,44.105179],[-115.314016,44.104803],[-115.312723,44.103918],[-115.312167,44.103441],[-115.311678,44.103168],[-115.31124,44.102739],[-115.311326,44.102511],[-115.311345,44.102104],[-115.310877,44.101622],[-115.310326,44.101216],[-115.310362,44.100426],[-115.310291,44.100289],[-115.309607,44.099627],[-115.308865,44.098603],[-115.308294,44.098014],[-115.308053,44.097641],[-115.307784,44.097457],[-115.307539,44.096905],[-115.307271,44.096764],[-115.307255,44.096462],[-115.306684,44.095956],[-115.306202,44.095709],[-115.305861,44.095301],[-115.305874,44.095117],[-115.306087,44.094863],[-115.306007,44.094689],[-115.306056,44.094597],[-115.305586,44.094356],[-115.305555,44.094232],[-115.305819,44.093952],[-115.305813,44.093457],[-115.305931,44.093414],[-115.306282,44.092946],[-115.306287,44.09281],[-115.306153,44.092647],[-115.306243,44.092471],[-115.306244,44.092302],[-115.306397,44.092205],[-115.306422,44.092021],[-115.30663,44.091924],[-115.30671,44.091724],[-115.307051,44.091734],[-115.307299,44.09159],[-115.30754,44.091339],[-115.307796,44.090891],[-115.308095,44.090842],[-115.308505,44.090683],[-115.308691,44.090543],[-115.308884,44.090185],[-115.308852,44.089932],[-115.308628,44.089369],[-115.308706,44.089208],[-115.309106,44.088776],[-115.310049,44.088334],[-115.310176,44.088196],[-115.310162,44.088051],[-115.309907,44.087837]]}},{"type":"Feature","properties":{"trail_name":"WARM SPRINGS","trail_no":"147005","trail_class":"3","gis_miles":0.787,"trail_surface":"NATIVE MATERIAL","typical_trail_grade":"TRAIL_GRADE","typical_tread_width":"TW03 - 18-24 INCHES","admin_org":"040205","managing_org":"040205","trail_id":"usfs:5032.002731","segment_id":"usfs-objectid:7552830","trail_cn":"5032.002731","source_objectid":7552830,"bike_status":"confirmed","bike_season":"01/01-12/31","bike_restricted_season":null,"source":"USFS EDW TrailNFS"},"geometry":{"type":"LineString","coordinates":[[-115.270841,44.299685],[-115.270763,44.299697],[-115.270597,44.299888],[-115.269892,44.300223],[-115.268446,44.301112],[-115.2656,44.302199],[-115.265329,44.302747],[-115.265197,44.303225],[-115.265165,44.303615],[-115.265012,44.304079],[-115.264446,44.304342],[-115.263202,44.304627],[-115.261978,44.304607],[-115.260948,44.304895],[-115.2606,44.304899],[-115.260183,44.305265],[-115.259184,44.305775],[-115.259004,44.305786],[-115.25881,44.305656]]}},{"type":"Feature","properties":{"trail_name":"TEN MILE RIDGE","trail_no":"157005","trail_class":"3","gis_miles":0.625,"trail_surface":"NATIVE MATERIAL","typical_trail_grade":"TRAIL_GRADE","typical_tread_width":"TW03 - 18-24 INCHES","admin_org":"040205","managing_org":"040205","trail_id":"usfs:5035.002731","segment_id":"usfs-objectid:7552849","trail_cn":"5035.002731","source_objectid":7552849,"bike_status":"restricted","bike_season":null,"bike_restricted_season":"01/01-12/31","source":"USFS EDW TrailNFS"},"geometry":{"type":"LineString","coordinates":[[-115.242549,44.100809],[-115.242264,44.100644],[-115.241878,44.100243],[-115.241679,44.099881],[-115.24131,44.099497],[-115.241267,44.099361],[-115.240145,44.098215],[-115.23978,44.097975],[-115.238657,44.097567],[-115.238125,44.097221],[-115.237474,44.096738],[-115.237297,44.096384],[-115.236628,44.095789],[-115.236024,44.0955],[-115.234798,44.095193],[-115.233625,44.095111]]}},{"type":"Feature","properties":{"trail_name":"BLUE JAY","trail_no":"149005","trail_class":"3","gis_miles":0.199,"trail_surface":"NATIVE MATERIAL","typical_trail_grade":"TRAIL_GRADE","typical_tread_width":"TW03 - 18-24 INCHES","admin_org":"040205","managing_org":"040205","trail_id":"usfs:5034.002731","segment_id":"usfs-objectid:7552850","trail_cn":"5034.002731","source_objectid":7552850,"bike_status":"confirmed","bike_season":"01/01-12/31","bike_restricted_season":null,"source":"USFS EDW TrailNFS"},"geometry":{"type":"LineString","coordinates":[[-115.321744,44.129215],[-115.320629,44.128807],[-115.320254,44.128553],[-115.319816,44.128119],[-115.319179,44.127696],[-115.318818,44.127334]]}},{"type":"Feature","properties":{"trail_name":"BONNEVILLE","trail_no":"146005","trail_class":"3","gis_miles":0.6,"trail_surface":"NATIVE MATERIAL","typical_trail_grade":"TRAIL_GRADE","typical_tread_width":"TW03 - 18-24 INCHES","admin_org":"040205","managing_org":"040205","trail_id":"usfs:5178.002731","segment_id":"usfs-objectid:7553651","trail_cn":"5178.002731","source_objectid":7553651,"bike_status":"confirmed","bike_season":"01/01-12/31","bike_restricted_season":null,"source":"USFS EDW TrailNFS"},"geometry":{"type":"LineString","coordinates":[[-115.312314,44.152472],[-115.312564,44.15291],[-115.312721,44.153055],[-115.312692,44.153264],[-115.313115,44.153567],[-115.313341,44.153883],[-115.31358,44.154425],[-115.313802,44.155171],[-115.31376,44.155252],[-115.313813,44.155432],[-115.313796,44.156097],[-115.313952,44.1562],[-115.314059,44.156424],[-115.314158,44.156461],[-115.314462,44.156349],[-115.314759,44.156461],[-115.314883,44.156472],[-115.314973,44.156383],[-115.31511,44.156421],[-115.315303,44.156861],[-115.315948,44.157151],[-115.316025,44.157243],[-115.316372,44.15805],[-115.316811,44.158625],[-115.316844,44.15877],[-115.31708,44.158981],[-115.317245,44.159038]]}},{"type":"Feature","properties":{"trail_name":"KIRKHAM RIDGE","trail_no":"144005","trail_class":"3","gis_miles":0.633,"trail_surface":"NATIVE MATERIAL","typical_trail_grade":"TRAIL_GRADE","typical_tread_width":"TW03 - 18-24 INCHES","admin_org":"040205","managing_org":"040205","trail_id":"usfs:5176.002731","segment_id":"usfs-objectid:7553681","trail_cn":"5176.002731","source_objectid":7553681,"bike_status":"confirmed","bike_season":"01/01-12/31","bike_restricted_season":null,"source":"USFS EDW TrailNFS"},"geometry":{"type":"LineString","coordinates":[[-115.376597,44.253641],[-115.377168,44.2536],[-115.377743,44.253319],[-115.378646,44.253094],[-115.37979,44.253117],[-115.380153,44.253274],[-115.381327,44.253437],[-115.382139,44.253155],[-115.382783,44.253214],[-115.383166,44.25316],[-115.383115,44.252894],[-115.383256,44.252828],[-115.383562,44.252824],[-115.383765,44.252702],[-115.383981,44.252666],[-115.384344,44.252464],[-115.384464,44.252296],[-115.383975,44.252132],[-115.384049,44.252022],[-115.384262,44.251978],[-115.384311,44.251691],[-115.384212,44.251535],[-115.384329,44.251382],[-115.384344,44.251081],[-115.384121,44.250651],[-115.384319,44.250502],[-115.38469,44.249998]]}},{"type":"Feature","properties":{"trail_name":"CATPAW LAKE","trail_no":"142005","trail_class":"3","gis_miles":0.3,"trail_surface":"NATIVE MATERIAL","typical_trail_grade":"TRAIL_GRADE","typical_tread_width":"TW03 - 18-24 INCHES","admin_org":"040205","managing_org":"040205","trail_id":"usfs:5174.002731","segment_id":"usfs-objectid:7553690","trail_cn":"5174.002731","source_objectid":7553690,"bike_status":"confirmed","bike_season":"01/01-12/31","bike_restricted_season":null,"source":"USFS EDW TrailNFS"},"geometry":{"type":"LineString","coordinates":[[-115.374043,44.264167],[-115.374841,44.264311],[-115.375257,44.26423],[-115.375396,44.264148],[-115.375162,44.264088],[-115.375151,44.26402],[-115.375289,44.263966],[-115.375666,44.263597],[-115.376168,44.263435],[-115.37628,44.263341],[-115.376466,44.263329],[-115.377407,44.262903],[-115.378237,44.262779],[-115.378945,44.262528]]}},{"type":"Feature","properties":{"trail_name":"GATES CREEK","trail_no":"016005","trail_class":"3","gis_miles":5.894,"trail_surface":"NATIVE MATERIAL","typical_trail_grade":"TRAIL_GRADE","typical_tread_width":"TW03 - 18-24 INCHES","admin_org":"040205","managing_org":"040205","trail_id":"usfs:5183.002731","segment_id":"usfs-objectid:7553735","trail_cn":"5183.002731","source_objectid":7553735,"bike_status":"confirmed","bike_season":"01/01-12/31","bike_restricted_season":null,"source":"USFS EDW TrailNFS"},"geometry":{"type":"LineString","coordinates":[[-115.27942,44.305802],[-115.279516,44.305987],[-115.280541,44.307105],[-115.280881,44.307741],[-115.281465,44.308417],[-115.281816,44.309033],[-115.281818,44.309536],[-115.281468,44.310108],[-115.281485,44.310275],[-115.281385,44.31044],[-115.281403,44.310542],[-115.281987,44.310642],[-115.283094,44.311273],[-115.283364,44.311488],[-115.283971,44.312176],[-115.284006,44.312362],[-115.283952,44.312641],[-115.284021,44.312975],[-115.283871,44.313301],[-115.283942,44.31343],[-115.283968,44.313948],[-115.283924,44.314019],[-115.284059,44.314229],[-115.284293,44.314373],[-115.284832,44.31439],[-115.285041,44.314464],[-115.285801,44.315097],[-115.286314,44.315424],[-115.286944,44.315079],[-115.287384,44.31504],[-115.28815,44.315164],[-115.288552,44.315119],[-115.289409,44.315164],[-115.289996,44.315498],[-115.290301,44.315493],[-115.290593,44.315584],[-115.294264,44.315422],[-115.295686,44.315571],[-115.296119,44.316015],[-115.29619,44.315983],[-115.296172,44.315891],[-115.296831,44.315632],[-115.297346,44.315741],[-115.297994,44.315787],[-115.298268,44.315639],[-115.29852,44.315661],[-115.298861,44.315765],[-115.299318,44.315759],[-115.299653,44.315896],[-115.30052,44.315985],[-115.300865,44.316097],[-115.302143,44.316143],[-115.302589,44.316317],[-115.302994,44.316295],[-115.303475,44.316429],[-115.304514,44.317077],[-115.304744,44.31737],[-115.305059,44.317597],[-115.305691,44.31791],[-115.305827,44.317905],[-115.306402,44.317559],[-115.307067,44.317459],[-115.307228,44.317643],[-115.307255,44.317765],[-115.30708,44.318129],[-115.30737,44.318538],[-115.307835,44.318967],[-115.308205,44.31951],[-115.308599,44.320272],[-115.308949,44.32054],[-115.309034,44.320828],[-115.309415,44.321234],[-115.3099,44.321409],[-115.310184,44.321664],[-115.310339,44.321724],[-115.310603,44.322192],[-115.311128,44.322886],[-115.311469,44.322922],[-115.31163,44.323068],[-115.31174,44.323078],[-115.312018,44.323388],[-115.312187,44.323436],[-115.31229,44.323368],[-115.312281,44.3232],[-115.312387,44.322842],[-115.312462,44.322781],[-115.312738,44.323004],[-115.313063,44.323152],[-115.313117,44.323256],[-115.312944,44.323439],[-115.31302,44.323479],[-115.313202,44.323407],[-115.313712,44.323937],[-115.314121,44.324165],[-115.314277,44.324185],[-115.314359,44.324406],[-115.314763,44.324685],[-115.314793,44.325074],[-115.315249,44.325734],[-115.31552,44.326764],[-115.315703,44.327014],[-115.316327,44.3274],[-115.316795,44.327922],[-115.31704,44.328486],[-115.317357,44.328626],[-115.317658,44.328968],[-115.317807,44.329355],[-115.317862,44.329883],[-115.318032,44.330264],[-115.318038,44.330584],[-115.318582,44.331165],[-115.318663,44.33155],[-115.318888,44.331742],[-115.319109,44.331835],[-115.319154,44.332092],[-115.320054,44.33287],[-115.320139,44.333143],[-115.320343,44.333318],[-115.320435,44.333569],[-115.320706,44.333719],[-115.320983,44.334111],[-115.321944,44.334635],[-115.322347,44.335014],[-115.322675,44.335119],[-115.322853,44.33533],[-115.322918,44.335583],[-115.323182,44.335672],[-115.323302,44.335857],[-115.3233,44.33628],[-115.323401,44.336579],[-115.323069,44.336641],[-115.323031,44.336991],[-115.323248,44.337244],[-115.323311,44.337468],[-115.323201,44.338134],[-115.323099,44.338352],[-115.323206,44.338539],[-115.322785,44.338838],[-115.322656,44.339182],[-115.322486,44.339392],[-115.322449,44.339529],[-115.3225,44.339973],[-115.322328,44.340269],[-115.322314,44.340436],[-115.322408,44.34074],[-115.322364,44.341003],[-115.322255,44.341167],[-115.322299,44.341279],[-115.322553,44.341458],[-115.322946,44.341883],[-115.323239,44.341943],[-115.323826,44.342569],[-115.323997,44.342488],[-115.324563,44.341646],[-115.325016,44.341453],[-115.325096,44.341459],[-115.325013,44.341625],[-115.325117,44.341992],[-115.325737,44.342267],[-115.325787,44.342248],[-115.325785,44.341993],[-115.326168,44.341667],[-115.32617,44.341536],[-115.32642,44.341394],[-115.326555,44.341208],[-115.327078,44.341275],[-115.327421,44.34123],[-115.327714,44.341317],[-115.329045,44.341403],[-115.32944,44.341265],[-115.329937,44.341251],[-115.329996,44.341407],[-115.329958,44.34162],[-115.330034,44.341748],[-115.330022,44.341987],[-115.330172,44.342229],[-115.330405,44.342355],[-115.330706,44.342689],[-115.331191,44.342854],[-115.331629,44.343089],[-115.331763,44.343368],[-115.3316,44.343772],[-115.331705,44.343992],[-115.331702,44.344168],[-115.331553,44.344178],[-115.331422,44.344095],[-115.331061,44.344107],[-115.330636,44.344448],[-115.32969,44.344752],[-115.329577,44.344947],[-115.328572,44.345444],[-115.328211,44.345693],[-115.32794,44.345928],[-115.327674,44.346324],[-115.327627,44.346631],[-115.327738,44.346804],[-115.328028,44.34709],[-115.32848,44.347752],[-115.329019,44.348303],[-115.329107,44.348493],[-115.329096,44.348958],[-115.328929,44.349867],[-115.329259,44.350352],[-115.329386,44.350751],[-115.329316,44.351175],[-115.329624,44.351619],[-115.329455,44.351828],[-115.329428,44.352128],[-115.328976,44.352197],[-115.328636,44.352748],[-115.328209,44.352967],[-115.328012,44.353136],[-115.327966,44.353314],[-115.327467,44.353597],[-115.327503,44.353742],[-115.327847,44.354109],[-115.327841,44.354189]]}},{"type":"Feature","properties":{"trail_name":"KIRKHAM RIDGE","trail_no":"144005","trail_class":"3","gis_miles":0.48000000000000004,"trail_surface":"NATIVE MATERIAL","typical_trail_grade":"TRAIL_GRADE","typical_tread_width":"TW03 - 18-24 INCHES","admin_org":"040205","managing_org":"040205","trail_id":"usfs:5176.002731","segment_id":"usfs-objectid:7553758","trail_cn":"5176.002731","source_objectid":7553758,"bike_status":"confirmed","bike_season":"01/01-12/31","bike_restricted_season":null,"source":"USFS EDW TrailNFS"},"geometry":{"type":"LineString","coordinates":[[-115.262682,44.307305],[-115.26297,44.307173],[-115.263435,44.307215],[-115.263701,44.307455],[-115.264108,44.307672],[-115.264525,44.30772],[-115.265005,44.307685],[-115.265891,44.307361],[-115.266578,44.306903],[-115.266644,44.306716],[-115.266767,44.306659],[-115.267498,44.306581],[-115.268317,44.306645],[-115.268636,44.306761],[-115.268696,44.306878],[-115.269254,44.307107],[-115.269478,44.307304],[-115.270058,44.307485],[-115.270279,44.307427],[-115.271295,44.307495]]}},{"type":"Feature","properties":{"trail_name":"KIRKHAM RIDGE","trail_no":"144005","trail_class":"3","gis_miles":8.713000000000001,"trail_surface":"NATIVE MATERIAL","typical_trail_grade":"TRAIL_GRADE","typical_tread_width":"TW03 - 18-24 INCHES","admin_org":"040205","managing_org":"040205","trail_id":"usfs:5176.002731","segment_id":"usfs-objectid:7553771","trail_cn":"5176.002731","source_objectid":7553771,"bike_status":"confirmed","bike_season":"01/01-12/31","bike_restricted_season":null,"source":"USFS EDW TrailNFS"},"geometry":{"type":"LineString","coordinates":[[-115.271295,44.307495],[-115.271636,44.307689],[-115.271904,44.30775],[-115.272172,44.307639],[-115.272445,44.307421],[-115.272756,44.307336],[-115.27315,44.307065],[-115.273625,44.306478],[-115.274137,44.306375],[-115.27568,44.305599],[-115.276019,44.305525],[-115.276643,44.305648],[-115.277126,44.305638],[-115.278418,44.305821],[-115.279948,44.305788],[-115.281033,44.306213],[-115.281448,44.306546],[-115.283106,44.306837],[-115.283332,44.306971],[-115.284056,44.307187],[-115.284685,44.30714],[-115.285339,44.307293],[-115.285449,44.307358],[-115.285444,44.307624],[-115.286124,44.307632],[-115.286542,44.307967],[-115.286809,44.307956],[-115.287819,44.30755],[-115.288333,44.307495],[-115.28857,44.307989],[-115.288763,44.30813],[-115.289604,44.30843],[-115.289683,44.308538],[-115.289647,44.308734],[-115.289865,44.30884],[-115.289822,44.309181],[-115.29038,44.309189],[-115.290535,44.309272],[-115.290766,44.309565],[-115.290872,44.309996],[-115.291035,44.310009],[-115.291271,44.310144],[-115.292164,44.310227],[-115.29335,44.31002],[-115.293533,44.310084],[-115.294608,44.310135],[-115.295031,44.3103],[-115.295541,44.310305],[-115.297828,44.310875],[-115.298694,44.310761],[-115.299231,44.310583],[-115.301172,44.310784],[-115.302191,44.310545],[-115.303846,44.310307],[-115.304235,44.310173],[-115.30517,44.310163],[-115.305671,44.310036],[-115.306287,44.309725],[-115.306736,44.309609],[-115.30709,44.309758],[-115.30721,44.3099],[-115.307545,44.310074],[-115.308138,44.309911],[-115.309955,44.310568],[-115.311086,44.311043],[-115.311461,44.311341],[-115.312256,44.311436],[-115.312532,44.311331],[-115.312752,44.311506],[-115.312741,44.311341],[-115.312637,44.31118],[-115.312694,44.311089],[-115.31367,44.311113],[-115.313821,44.311036],[-115.314106,44.310723],[-115.314223,44.310337],[-115.314274,44.309721],[-115.313981,44.309579],[-115.31371,44.309279],[-115.314327,44.309247],[-115.314529,44.309184],[-115.314676,44.309036],[-115.314942,44.308962],[-115.315392,44.308927],[-115.315543,44.308831],[-115.31644,44.308677],[-115.318258,44.307882],[-115.318551,44.307908],[-115.318979,44.307695],[-115.319217,44.307663],[-115.319368,44.307492],[-115.319817,44.307363],[-115.319895,44.307237],[-115.320299,44.307048],[-115.320564,44.307013],[-115.321301,44.30673],[-115.322108,44.306249],[-115.322445,44.30616],[-115.322804,44.305906],[-115.322906,44.305736],[-115.323436,44.305417],[-115.323851,44.305011],[-115.324403,44.304795],[-115.324866,44.304431],[-115.325609,44.304107],[-115.326012,44.304119],[-115.326188,44.303957],[-115.327413,44.303613],[-115.327221,44.303431],[-115.327803,44.303128],[-115.328384,44.303176],[-115.328971,44.302882],[-115.329161,44.302702],[-115.329331,44.302715],[-115.329697,44.302529],[-115.330334,44.302431],[-115.331029,44.30208],[-115.331441,44.302007],[-115.332563,44.301259],[-115.334306,44.300442],[-115.334565,44.300438],[-115.335234,44.30022],[-115.337104,44.299962],[-115.338023,44.299629],[-115.338162,44.299631],[-115.338761,44.299256],[-115.339456,44.299042],[-115.34031,44.298645],[-115.340488,44.298349],[-115.340274,44.297059],[-115.33946,44.295888],[-115.339063,44.294891],[-115.339191,44.294353],[-115.339097,44.293792],[-115.338944,44.293411],[-115.338979,44.293363],[-115.339268,44.293363],[-115.339392,44.293232],[-115.339112,44.293054],[-115.3387,44.292937],[-115.339219,44.292594],[-115.339478,44.292347],[-115.339577,44.291956],[-115.339413,44.291309],[-115.339438,44.291177],[-115.339279,44.290776],[-115.338862,44.290096],[-115.338756,44.289781],[-115.338493,44.289505],[-115.338531,44.289242],[-115.338426,44.288988],[-115.338362,44.288266],[-115.338409,44.287842],[-115.338356,44.287706],[-115.338181,44.28756],[-115.338368,44.287194],[-115.338451,44.286616],[-115.338412,44.286365],[-115.338485,44.286055],[-115.338682,44.285938],[-115.338745,44.28573],[-115.339398,44.285277],[-115.33983,44.285107],[-115.341686,44.284784],[-115.342517,44.284769],[-115.343169,44.284877],[-115.344204,44.284748],[-115.345015,44.284574],[-115.345532,44.284296],[-115.346101,44.284115],[-115.346827,44.283764],[-115.347206,44.28366],[-115.348742,44.283482],[-115.349368,44.283332],[-115.349679,44.283139],[-115.350176,44.283056],[-115.350685,44.282752],[-115.350547,44.282489],[-115.350799,44.28234],[-115.351052,44.281978],[-115.351799,44.281725],[-115.352235,44.281492],[-115.352505,44.281034],[-115.353651,44.28017],[-115.353757,44.279867],[-115.354075,44.279556],[-115.354652,44.278745],[-115.354858,44.278552],[-115.355753,44.277994],[-115.35616,44.277399],[-115.356389,44.277241],[-115.356488,44.276944],[-115.357193,44.276368],[-115.358022,44.275437],[-115.358242,44.275368],[-115.358398,44.275203],[-115.358938,44.274993],[-115.360165,44.274143],[-115.360518,44.273987],[-115.361208,44.273163],[-115.362139,44.272704],[-115.362819,44.272472],[-115.362851,44.272378],[-115.363313,44.272106],[-115.363631,44.272021],[-115.364021,44.271626],[-115.365259,44.271165],[-115.366557,44.270469],[-115.367554,44.27037],[-115.367778,44.270277],[-115.367826,44.270193],[-115.368009,44.270156],[-115.368084,44.270081],[-115.368052,44.269842],[-115.367784,44.268855],[-115.367934,44.268365],[-115.368195,44.268087],[-115.368179,44.267724],[-115.369063,44.267137],[-115.370592,44.266762],[-115.371049,44.266763],[-115.371398,44.266652],[-115.371791,44.266686],[-115.372188,44.26647],[-115.372868,44.266314],[-115.372825,44.266008],[-115.372968,44.265875],[-115.373036,44.265412],[-115.372863,44.26475],[-115.372984,44.264555],[-115.373215,44.264424],[-115.373498,44.264358],[-115.373803,44.264408],[-115.373961,44.264382],[-115.374052,44.264294],[-115.374043,44.264167],[-115.373805,44.264023],[-115.373656,44.26382],[-115.373805,44.263458],[-115.373978,44.263335],[-115.374006,44.263221],[-115.373982,44.263095],[-115.373465,44.26302],[-115.372801,44.262061],[-115.37268,44.261704],[-115.371894,44.261203],[-115.37146,44.260463],[-115.371347,44.259285],[-115.371953,44.25883],[-115.372342,44.258044],[-115.37231,44.257876],[-115.372421,44.257362],[-115.372368,44.257068],[-115.372486,44.256689],[-115.372682,44.256481],[-115.372673,44.256019],[-115.372369,44.255673],[-115.37247,44.255326],[-115.372363,44.2552],[-115.372599,44.25475],[-115.372784,44.254755],[-115.373195,44.254349],[-115.373491,44.253942],[-115.373642,44.253859],[-115.374402,44.253987],[-115.376597,44.253641]]}},{"type":"Feature","properties":{"trail_name":"KIRKHAM RIDGE","trail_no":"144005","trail_class":"3","gis_miles":11.969,"trail_surface":"NATIVE MATERIAL","typical_trail_grade":"TRAIL_GRADE","typical_tread_width":"TW03 - 18-24 INCHES","admin_org":"040205","managing_org":"040205","trail_id":"usfs:5176.002731","segment_id":"usfs-objectid:7553816","trail_cn":"5176.002731","source_objectid":7553816,"bike_status":"confirmed","bike_season":"01/01-12/31","bike_restricted_season":null,"source":"USFS EDW TrailNFS"},"geometry":{"type":"LineString","coordinates":[[-115.38469,44.249998],[-115.384786,44.249766],[-115.384571,44.24957],[-115.384532,44.249385],[-115.384693,44.248912],[-115.385439,44.248335],[-115.385532,44.248171],[-115.385711,44.248049],[-115.385879,44.247768],[-115.385923,44.247461],[-115.386264,44.24706],[-115.386566,44.246553],[-115.387013,44.24611],[-115.387314,44.24601],[-115.387722,44.245764],[-115.387928,44.245771],[-115.388794,44.245163],[-115.389581,44.24436],[-115.390934,44.243594],[-115.39127,44.24356],[-115.391753,44.243392],[-115.392022,44.243204],[-115.392422,44.242559],[-115.392541,44.242504],[-115.392966,44.242017],[-115.393756,44.241693],[-115.394075,44.241709],[-115.394339,44.241571],[-115.394765,44.240586],[-115.395137,44.240287],[-115.395285,44.239733],[-115.39542,44.239609],[-115.395617,44.23919],[-115.395988,44.238801],[-115.396535,44.238442],[-115.396635,44.238147],[-115.396556,44.237998],[-115.396614,44.237756],[-115.39675,44.237627],[-115.396892,44.23692],[-115.396817,44.235948],[-115.396875,44.235689],[-115.396704,44.235284],[-115.39674,44.235074],[-115.396928,44.234906],[-115.39695,44.234702],[-115.396798,44.234231],[-115.396615,44.234078],[-115.396578,44.233689],[-115.396658,44.23303],[-115.396736,44.232903],[-115.396793,44.232545],[-115.396902,44.232401],[-115.396999,44.231905],[-115.396856,44.231556],[-115.396783,44.23095],[-115.396855,44.23082],[-115.396814,44.229823],[-115.396899,44.229521],[-115.397093,44.229438],[-115.397411,44.228802],[-115.397565,44.228103],[-115.397502,44.227451],[-115.39737,44.227263],[-115.397129,44.227154],[-115.396757,44.227155],[-115.396119,44.227326],[-115.394928,44.227784],[-115.394617,44.22778],[-115.394402,44.22761],[-115.39395,44.227518],[-115.393697,44.227207],[-115.392821,44.226867],[-115.392477,44.226556],[-115.3922,44.225896],[-115.392173,44.224691],[-115.392931,44.2237],[-115.393163,44.223498],[-115.393064,44.223284],[-115.393143,44.223223],[-115.393165,44.222987],[-115.394152,44.222202],[-115.395162,44.221892],[-115.39596,44.221428],[-115.396548,44.221245],[-115.396878,44.221042],[-115.397184,44.22078],[-115.397527,44.22033],[-115.398006,44.219486],[-115.398938,44.218307],[-115.399131,44.218233],[-115.400005,44.21743],[-115.400161,44.217173],[-115.400331,44.216665],[-115.400608,44.216502],[-115.400686,44.216278],[-115.400793,44.216205],[-115.400909,44.215983],[-115.401087,44.215893],[-115.40106,44.215693],[-115.401516,44.215072],[-115.401445,44.214678],[-115.401619,44.213735],[-115.402359,44.211968],[-115.402744,44.211566],[-115.403142,44.210985],[-115.403545,44.210645],[-115.404069,44.209911],[-115.404983,44.20927],[-115.405333,44.208792],[-115.405944,44.208548],[-115.406212,44.208346],[-115.406391,44.20802],[-115.406667,44.207824],[-115.407123,44.207192],[-115.407133,44.207042],[-115.407955,44.206735],[-115.408122,44.206489],[-115.408181,44.205631],[-115.408332,44.205448],[-115.408443,44.20507],[-115.408613,44.204904],[-115.408837,44.204525],[-115.409501,44.20399],[-115.4108,44.20357],[-115.412449,44.202646],[-115.413144,44.202501],[-115.414171,44.202102],[-115.414617,44.201671],[-115.414906,44.201565],[-115.414493,44.201353],[-115.41402,44.201273],[-115.412664,44.200585],[-115.412559,44.200478],[-115.412645,44.20042],[-115.412941,44.200503],[-115.414355,44.200462],[-115.414788,44.200289],[-115.415063,44.200262],[-115.415311,44.200114],[-115.415847,44.200029],[-115.417175,44.199306],[-115.417534,44.199242],[-115.41786,44.199103],[-115.418469,44.199158],[-115.418708,44.19937],[-115.419636,44.199653],[-115.420087,44.19973],[-115.42087,44.199696],[-115.421363,44.199388],[-115.421487,44.199061],[-115.421906,44.198773],[-115.423012,44.198681],[-115.42352,44.19884],[-115.423859,44.199186],[-115.424322,44.199166],[-115.425015,44.199564],[-115.425619,44.199438],[-115.426425,44.199414],[-115.427032,44.199103],[-115.427247,44.198885],[-115.429101,44.198077],[-115.429954,44.19761],[-115.430434,44.197482],[-115.430841,44.196851],[-115.430805,44.196642],[-115.430858,44.19654],[-115.431256,44.196235],[-115.431665,44.196103],[-115.432332,44.196018],[-115.432898,44.196028],[-115.433064,44.195936],[-115.43399,44.194386],[-115.434355,44.194131],[-115.434626,44.194028],[-115.435055,44.193686],[-115.435392,44.192992],[-115.435181,44.191829],[-115.43524,44.191517],[-115.434991,44.190798],[-115.43493,44.190066],[-115.434715,44.189529],[-115.43484,44.18896],[-115.435155,44.188204],[-115.435302,44.187494],[-115.435837,44.186991],[-115.435672,44.185885],[-115.435561,44.185707],[-115.435655,44.185429],[-115.435603,44.185151],[-115.435778,44.184613],[-115.436084,44.184301],[-115.437857,44.183728],[-115.438204,44.183345],[-115.438482,44.183192],[-115.439078,44.182396],[-115.439238,44.181965],[-115.439564,44.181676],[-115.440422,44.181465],[-115.441003,44.180904],[-115.441295,44.180786],[-115.442154,44.180172],[-115.44313,44.179933],[-115.444038,44.17946],[-115.445562,44.179732],[-115.446307,44.179723],[-115.44694,44.179886],[-115.447754,44.179864],[-115.44812,44.17998],[-115.449291,44.1798],[-115.449515,44.17963],[-115.450171,44.179719],[-115.450441,44.180289],[-115.451239,44.180435],[-115.451723,44.180154],[-115.452102,44.180254],[-115.452919,44.180607],[-115.453347,44.180633],[-115.454671,44.180153],[-115.455306,44.179988],[-115.456275,44.17995],[-115.456684,44.180026],[-115.457108,44.179934],[-115.457652,44.180099],[-115.458148,44.179983],[-115.459606,44.180057],[-115.460201,44.179964],[-115.460916,44.179714],[-115.461472,44.179828],[-115.462043,44.179713],[-115.462625,44.179532],[-115.463484,44.178928],[-115.463896,44.178884],[-115.464651,44.17909],[-115.465032,44.179073],[-115.465458,44.178963],[-115.465814,44.17903],[-115.466349,44.179419],[-115.466653,44.179545],[-115.467512,44.179608],[-115.467833,44.179735],[-115.467859,44.179811],[-115.468024,44.179848],[-115.468064,44.179989],[-115.468236,44.180091],[-115.468579,44.180482],[-115.469286,44.180974],[-115.470185,44.180976],[-115.470619,44.180892],[-115.470906,44.180942],[-115.470936,44.181193],[-115.470784,44.181429],[-115.470074,44.181805],[-115.469715,44.182094],[-115.469567,44.182302],[-115.469526,44.182951],[-115.469597,44.183563],[-115.469704,44.18366],[-115.470246,44.183678],[-115.470671,44.183952],[-115.471376,44.183884],[-115.472103,44.184008],[-115.47228,44.184203],[-115.473223,44.184368],[-115.473615,44.184292],[-115.474366,44.183979],[-115.475533,44.183745],[-115.475892,44.183799],[-115.476271,44.183757],[-115.476649,44.183906],[-115.476928,44.183739],[-115.477511,44.183661],[-115.477892,44.183506],[-115.478639,44.183683],[-115.479892,44.184096],[-115.480111,44.184091],[-115.480407,44.183894],[-115.480703,44.183851],[-115.480921,44.183978],[-115.481131,44.184304],[-115.481535,44.184398],[-115.482022,44.184419],[-115.482249,44.184612],[-115.482489,44.18468],[-115.482595,44.184558],[-115.483219,44.184351],[-115.484081,44.184508],[-115.484605,44.184801],[-115.486288,44.184592],[-115.487685,44.184501],[-115.487968,44.184239],[-115.488777,44.183949],[-115.489122,44.183964],[-115.489934,44.183643],[-115.490399,44.183272],[-115.490729,44.182917],[-115.490999,44.182506],[-115.491351,44.182384],[-115.491697,44.182504],[-115.492085,44.183132],[-115.492189,44.182948],[-115.492411,44.182753],[-115.492729,44.182607],[-115.49367,44.181924],[-115.494108,44.181957],[-115.494597,44.181857],[-115.494988,44.181855],[-115.49627,44.182012],[-115.496685,44.182156],[-115.497174,44.182203],[-115.497646,44.182118],[-115.497935,44.181946],[-115.497931,44.181669],[-115.498294,44.18079],[-115.498764,44.180277],[-115.498825,44.179828],[-115.498781,44.179603],[-115.498994,44.179158],[-115.498999,44.178823],[-115.499286,44.178502],[-115.499199,44.178172],[-115.499175,44.177522],[-115.499476,44.177302],[-115.499747,44.176901],[-115.4994,44.176372],[-115.499438,44.176171],[-115.499728,44.175761],[-115.49986,44.175461],[-115.499713,44.175252],[-115.499676,44.17503],[-115.500403,44.17401],[-115.500398,44.173546],[-115.500296,44.1734],[-115.500276,44.172901],[-115.500405,44.172633],[-115.500522,44.171818],[-115.500672,44.171629],[-115.500666,44.171358],[-115.500331,44.170986],[-115.500409,44.170366],[-115.500006,44.170034],[-115.49978,44.169945],[-115.499438,44.169555],[-115.499204,44.169132],[-115.49874,44.168676],[-115.498703,44.168552],[-115.498857,44.167961],[-115.498848,44.167263],[-115.499099,44.166902],[-115.499336,44.166183],[-115.499369,44.165535],[-115.499641,44.165236],[-115.499655,44.165054],[-115.499917,44.164893],[-115.50079,44.164729],[-115.501219,44.164023],[-115.50112,44.163853],[-115.501216,44.16374]]}},{"type":"Feature","properties":{"trail_name":"CLEAR CREEK","trail_no":"145005","trail_class":"3","gis_miles":2.916,"trail_surface":"NATIVE MATERIAL","typical_trail_grade":"TRAIL_GRADE","typical_tread_width":"TW03 - 18-24 INCHES","admin_org":"040205","managing_org":"040205","trail_id":"usfs:5177.002731","segment_id":"usfs-objectid:7554403","trail_cn":"5177.002731","source_objectid":7554403,"bike_status":"confirmed","bike_season":"01/01-12/31","bike_restricted_season":null,"source":"USFS EDW TrailNFS"},"geometry":{"type":"LineString","coordinates":[[-115.442778,44.233496],[-115.44194,44.233388],[-115.439797,44.233526],[-115.439213,44.233674],[-115.438421,44.233642],[-115.43789,44.233697],[-115.435568,44.234196],[-115.434864,44.234465],[-115.433873,44.235088],[-115.43265,44.235404],[-115.431496,44.235862],[-115.430911,44.23631],[-115.430686,44.236558],[-115.430269,44.237337],[-115.429634,44.237766],[-115.428834,44.23805],[-115.427795,44.238238],[-115.427506,44.23821],[-115.427466,44.23807],[-115.42651,44.238016],[-115.426247,44.237861],[-115.425663,44.237659],[-115.424988,44.237691],[-115.424244,44.237937],[-115.424846,44.237935],[-115.424902,44.237987],[-115.422881,44.238303],[-115.422677,44.238376],[-115.422525,44.23859],[-115.422552,44.238826],[-115.422332,44.238903],[-115.422221,44.239198],[-115.422252,44.239398],[-115.422107,44.239929],[-115.421859,44.240432],[-115.421427,44.240958],[-115.421103,44.240495],[-115.420539,44.240162],[-115.419814,44.239953],[-115.419214,44.239529],[-115.418468,44.239153],[-115.418406,44.238917],[-115.41882,44.237831],[-115.418777,44.237303],[-115.41846,44.237108],[-115.417408,44.236871],[-115.417133,44.236871],[-115.416911,44.236991],[-115.416295,44.236962],[-115.415451,44.237022],[-115.414483,44.236858],[-115.414239,44.236926],[-115.413153,44.238049],[-115.411032,44.23846],[-115.410522,44.238749],[-115.410282,44.239002],[-115.409438,44.239422],[-115.408092,44.239731],[-115.407727,44.239715],[-115.407403,44.23983],[-115.406044,44.239726],[-115.404993,44.239899],[-115.403637,44.239836],[-115.402574,44.239592],[-115.402006,44.239366],[-115.401538,44.239267],[-115.40046,44.238641],[-115.399455,44.238416],[-115.39768,44.23866],[-115.397392,44.238595],[-115.397196,44.238664],[-115.397074,44.238792],[-115.396584,44.238843],[-115.395988,44.238801]]}},{"type":"Feature","properties":{"trail_name":"WYOMING-FIR CR","trail_no":"015005","trail_class":"3","gis_miles":6.915,"trail_surface":"NATIVE MATERIAL","typical_trail_grade":"TRAIL_GRADE","typical_tread_width":"TW03 - 18-24 INCHES","admin_org":"040205","managing_org":"040205","trail_id":"usfs:5182.002731","segment_id":"usfs-objectid:7555511","trail_cn":"5182.002731","source_objectid":7555511,"bike_status":"confirmed","bike_season":"01/01-12/31","bike_restricted_season":null,"source":"USFS EDW TrailNFS"},"geometry":{"type":"LineString","coordinates":[[-115.35104,44.395096],[-115.351065,44.393743],[-115.351148,44.393498],[-115.351065,44.393371],[-115.35106,44.393079],[-115.350855,44.392689],[-115.350332,44.3921],[-115.350299,44.391934],[-115.350098,44.391632],[-115.349405,44.391209],[-115.349139,44.390769],[-115.348877,44.389969],[-115.34822,44.389494],[-115.347744,44.389298],[-115.347585,44.389123],[-115.347417,44.388508],[-115.347274,44.388295],[-115.347134,44.38822],[-115.346613,44.387656],[-115.346178,44.386796],[-115.345941,44.386138],[-115.345277,44.385482],[-115.345258,44.38445],[-115.345402,44.384163],[-115.345252,44.383887],[-115.345252,44.383743],[-115.345493,44.383553],[-115.345294,44.382974],[-115.34514,44.382729],[-115.345164,44.382627],[-115.344362,44.381489],[-115.344367,44.381332],[-115.34418,44.380895],[-115.344129,44.380171],[-115.34367,44.379724],[-115.34335,44.379562],[-115.343075,44.379476],[-115.34259,44.379462],[-115.342412,44.379294],[-115.342347,44.379116],[-115.341702,44.378688],[-115.341721,44.378522],[-115.341461,44.378042],[-115.341455,44.377911],[-115.341211,44.377705],[-115.341043,44.37724],[-115.340901,44.377029],[-115.340588,44.376746],[-115.340565,44.376319],[-115.340382,44.376156],[-115.339548,44.375721],[-115.339405,44.375258],[-115.338796,44.375034],[-115.338847,44.374893],[-115.338799,44.374798],[-115.338663,44.374773],[-115.338377,44.374351],[-115.338395,44.373694],[-115.338547,44.373366],[-115.338296,44.37327],[-115.33831,44.372991],[-115.338456,44.372832],[-115.338566,44.372474],[-115.33833,44.371817],[-115.338173,44.371643],[-115.338045,44.371299],[-115.338137,44.371071],[-115.338059,44.370893],[-115.338149,44.370602],[-115.338124,44.370479],[-115.337867,44.370205],[-115.337507,44.37],[-115.337156,44.369465],[-115.336767,44.369109],[-115.336653,44.368887],[-115.336914,44.368202],[-115.336199,44.367144],[-115.336276,44.366975],[-115.336184,44.366712],[-115.336336,44.366008],[-115.336186,44.365589],[-115.336236,44.365295],[-115.336441,44.364892],[-115.336025,44.363733],[-115.335725,44.363452],[-115.335645,44.362792],[-115.335743,44.362685],[-115.335402,44.362504],[-115.335117,44.36209],[-115.33522,44.36193],[-115.335149,44.361852],[-115.335075,44.361515],[-115.335093,44.361249],[-115.33499,44.360995],[-115.335025,44.360771],[-115.334979,44.36063],[-115.334866,44.360566],[-115.334858,44.360217],[-115.33496,44.36006],[-115.334786,44.359417],[-115.333913,44.358907],[-115.333785,44.358956],[-115.333454,44.358826],[-115.333239,44.358535],[-115.333194,44.358316],[-115.332917,44.358001],[-115.332836,44.357751],[-115.332354,44.357431],[-115.332246,44.357169],[-115.331941,44.356816],[-115.331696,44.356828],[-115.33149,44.357085],[-115.331492,44.357218],[-115.33112,44.357225],[-115.330666,44.356873],[-115.330667,44.356757],[-115.330555,44.356591],[-115.330245,44.356381],[-115.330213,44.356243],[-115.330034,44.356111],[-115.330093,44.355873],[-115.330518,44.355577],[-115.330715,44.355243],[-115.330853,44.355148],[-115.330922,44.354828],[-115.331071,44.354546],[-115.331395,44.354311],[-115.331449,44.353754],[-115.331247,44.353514],[-115.330701,44.353574],[-115.330476,44.353452],[-115.330322,44.353604],[-115.329646,44.353795],[-115.329436,44.353595],[-115.329261,44.353603],[-115.32889,44.353925],[-115.328685,44.353857],[-115.328378,44.353882],[-115.328158,44.353966],[-115.328019,44.354137],[-115.327336,44.354401],[-115.327271,44.354646],[-115.327135,44.354777],[-115.32702,44.355176],[-115.327016,44.355781],[-115.327324,44.356547],[-115.327302,44.356952],[-115.327488,44.357627],[-115.327839,44.358484],[-115.327925,44.35918],[-115.327775,44.360099],[-115.327683,44.360096],[-115.327261,44.359689],[-115.327014,44.359189],[-115.326465,44.358828],[-115.326512,44.359439],[-115.326187,44.359952],[-115.32593,44.360624],[-115.325757,44.360849],[-115.325353,44.361095],[-115.325288,44.361195],[-115.324942,44.36212],[-115.324805,44.362229],[-115.324544,44.3628],[-115.324381,44.362929],[-115.324196,44.363224],[-115.323708,44.363479],[-115.323497,44.363709],[-115.323067,44.363898],[-115.322839,44.364123],[-115.322502,44.364162],[-115.322309,44.364252],[-115.321813,44.364754],[-115.320697,44.364943],[-115.320037,44.364922],[-115.319876,44.364971],[-115.319777,44.365116],[-115.319287,44.365433],[-115.318824,44.365467],[-115.318231,44.365809],[-115.318043,44.36608],[-115.317512,44.366251],[-115.316738,44.366708],[-115.315904,44.366825],[-115.314289,44.36744],[-115.313907,44.367424],[-115.313717,44.36757],[-115.313288,44.367687],[-115.313036,44.367531],[-115.312098,44.367615],[-115.311804,44.36756],[-115.311407,44.367637],[-115.31117,44.367764],[-115.310987,44.367763],[-115.310862,44.367866],[-115.310195,44.36796],[-115.309958,44.368204],[-115.309921,44.368386],[-115.309967,44.368519],[-115.309596,44.368943],[-115.309187,44.368964],[-115.308673,44.369202],[-115.30759,44.369498],[-115.307043,44.369772],[-115.306644,44.369868],[-115.306379,44.369863],[-115.305983,44.370017],[-115.305824,44.369999],[-115.305378,44.370189],[-115.305066,44.370463],[-115.304687,44.370639],[-115.304357,44.371202],[-115.304033,44.371451],[-115.304015,44.371578],[-115.303797,44.371671],[-115.303571,44.371676],[-115.303429,44.371894],[-115.303064,44.372113],[-115.302895,44.372319],[-115.302927,44.372443],[-115.302682,44.372962],[-115.302806,44.373418],[-115.302699,44.373881],[-115.302015,44.374188],[-115.301956,44.374295],[-115.301126,44.374634],[-115.300555,44.375071],[-115.300261,44.375504],[-115.299998,44.376491],[-115.299832,44.37659],[-115.299781,44.376693],[-115.299608,44.377304],[-115.300123,44.378035],[-115.300075,44.378383],[-115.299796,44.37874],[-115.299544,44.378889],[-115.299241,44.379208],[-115.298891,44.379736],[-115.298669,44.379615],[-115.29829,44.380121],[-115.297696,44.381523],[-115.297329,44.382204],[-115.297168,44.38272],[-115.296967,44.382992]]}},{"type":"Feature","properties":{"trail_name":"LINK","trail_no":"148005","trail_class":"3","gis_miles":9.553,"trail_surface":"NATIVE MATERIAL","typical_trail_grade":"TRAIL_GRADE","typical_tread_width":"TW03 - 18-24 INCHES","admin_org":"040205","managing_org":"040205","trail_id":"usfs:5386.002731","segment_id":"usfs-objectid:7556364","trail_cn":"5386.002731","source_objectid":7556364,"bike_status":"confirmed","bike_season":"01/01-12/31","bike_restricted_season":null,"source":"USFS EDW TrailNFS"},"geometry":{"type":"LineString","coordinates":[[-115.335581,44.1594],[-115.336158,44.159783],[-115.336902,44.159689],[-115.337382,44.15973],[-115.3377,44.159881],[-115.337947,44.159857],[-115.338129,44.159763],[-115.338478,44.159299],[-115.338616,44.159283],[-115.338874,44.159631],[-115.338786,44.160113],[-115.338924,44.160508],[-115.339645,44.160995],[-115.340499,44.161325],[-115.340993,44.161398],[-115.341495,44.161654],[-115.341294,44.162813],[-115.341455,44.163244],[-115.341716,44.163696],[-115.342541,44.164163],[-115.342711,44.16418],[-115.342853,44.164339],[-115.34297,44.1643],[-115.343756,44.164506],[-115.343679,44.164604],[-115.344238,44.164863],[-115.344323,44.164632],[-115.344734,44.16484],[-115.345176,44.164908],[-115.345062,44.165162],[-115.345122,44.165345],[-115.345481,44.1654],[-115.345793,44.165543],[-115.346185,44.166046],[-115.346808,44.166371],[-115.346887,44.166507],[-115.347073,44.166567],[-115.348823,44.166466],[-115.34976,44.166606],[-115.350215,44.166726],[-115.35128,44.167213],[-115.351509,44.167084],[-115.351682,44.16682],[-115.352007,44.166773],[-115.351863,44.166995],[-115.352438,44.166809],[-115.352621,44.166661],[-115.352648,44.166329],[-115.352735,44.166624],[-115.352685,44.167025],[-115.352362,44.167299],[-115.352178,44.167678],[-115.352217,44.167882],[-115.351981,44.168026],[-115.351939,44.168358],[-115.352364,44.168591],[-115.352847,44.168575],[-115.35349,44.168723],[-115.353718,44.168855],[-115.354384,44.169064],[-115.354781,44.169031],[-115.355169,44.169348],[-115.355388,44.169436],[-115.355998,44.170464],[-115.356441,44.170575],[-115.356609,44.170749],[-115.356803,44.171139],[-115.356836,44.171569],[-115.357025,44.172325],[-115.357263,44.172695],[-115.357246,44.173099],[-115.357343,44.17338],[-115.35729,44.173567],[-115.357332,44.173752],[-115.357244,44.174021],[-115.356616,44.17457],[-115.356671,44.174852],[-115.356557,44.175165],[-115.356665,44.175575],[-115.356952,44.175847],[-115.357007,44.176225],[-115.356605,44.177536],[-115.356452,44.17766],[-115.356424,44.178063],[-115.356215,44.178173],[-115.356039,44.178452],[-115.355706,44.178794],[-115.355579,44.179183],[-115.355644,44.179843],[-115.355436,44.180353],[-115.355496,44.180969],[-115.355776,44.181642],[-115.355703,44.182327],[-115.355833,44.182787],[-115.356162,44.183291],[-115.356251,44.183539],[-115.355949,44.183993],[-115.355782,44.184505],[-115.355802,44.184975],[-115.355597,44.185186],[-115.355452,44.186205],[-115.355599,44.18675],[-115.355586,44.187388],[-115.355738,44.187613],[-115.355776,44.187835],[-115.355695,44.188059],[-115.355825,44.188776],[-115.355605,44.189294],[-115.355315,44.18968],[-115.35495,44.191105],[-115.354567,44.191813],[-115.35441,44.192308],[-115.354392,44.192758],[-115.354291,44.193045],[-115.354473,44.193449],[-115.354433,44.193825],[-115.354165,44.194351],[-115.354166,44.195179],[-115.354055,44.195395],[-115.353823,44.195628],[-115.353414,44.195852],[-115.352959,44.196352],[-115.353188,44.197128],[-115.352451,44.197819],[-115.352222,44.198422],[-115.351823,44.198571],[-115.351612,44.198984],[-115.351608,44.199283],[-115.351942,44.199655],[-115.351986,44.199894],[-115.352467,44.200418],[-115.352415,44.200512],[-115.352471,44.200845],[-115.352088,44.201818],[-115.351834,44.202012],[-115.351398,44.202863],[-115.350516,44.203989],[-115.349498,44.204416],[-115.348618,44.205071],[-115.348326,44.205611],[-115.347499,44.206148],[-115.347338,44.206345],[-115.346938,44.206552],[-115.347087,44.206957],[-115.347093,44.207278],[-115.346704,44.207987],[-115.346448,44.208208],[-115.346094,44.208357],[-115.345914,44.208517],[-115.345284,44.208699],[-115.345066,44.209035],[-115.344733,44.2093],[-115.34409,44.210446],[-115.343973,44.210841],[-115.344007,44.211042],[-115.343701,44.211615],[-115.343021,44.21236],[-115.342395,44.212782],[-115.342215,44.213024],[-115.34178,44.213255],[-115.340075,44.214452],[-115.339898,44.214752],[-115.338873,44.215588],[-115.338073,44.21584],[-115.337901,44.216127],[-115.33778,44.216205],[-115.337376,44.216732],[-115.336951,44.217694],[-115.33683,44.218442],[-115.336839,44.219017],[-115.336741,44.219279],[-115.336845,44.219473],[-115.336806,44.219621],[-115.336851,44.219725],[-115.33675,44.219834],[-115.336981,44.220097],[-115.337012,44.220346],[-115.336919,44.220583],[-115.336964,44.220787],[-115.336806,44.220882],[-115.336909,44.221054],[-115.336798,44.221387],[-115.336888,44.221998],[-115.336955,44.22222],[-115.33713,44.222316],[-115.337166,44.222497],[-115.337116,44.222807],[-115.337333,44.22344],[-115.337482,44.223656],[-115.337504,44.22407],[-115.337729,44.224516],[-115.338129,44.225018],[-115.338335,44.225972],[-115.338297,44.226216],[-115.338421,44.22634],[-115.338537,44.226955],[-115.338672,44.227235],[-115.338647,44.227441],[-115.338813,44.227692],[-115.338811,44.227933],[-115.339168,44.228533],[-115.339329,44.228647],[-115.340548,44.228922],[-115.34092,44.228905],[-115.341951,44.229299],[-115.34214,44.229308],[-115.34266,44.228619],[-115.342784,44.228368],[-115.343333,44.228022],[-115.344273,44.228248],[-115.345204,44.228214],[-115.346204,44.228651],[-115.347722,44.229753],[-115.347738,44.230037],[-115.347637,44.230065],[-115.346895,44.229905],[-115.346867,44.229941],[-115.347143,44.230308],[-115.3472,44.230506],[-115.34748,44.230932],[-115.347954,44.231166],[-115.348562,44.231186],[-115.34947,44.231711],[-115.349817,44.231678],[-115.35072,44.232197],[-115.351515,44.232452],[-115.351707,44.23266],[-115.351788,44.232871],[-115.352289,44.233451],[-115.352431,44.233752],[-115.353253,44.234104],[-115.353438,44.234253],[-115.35384,44.23487],[-115.354086,44.235985],[-115.354474,44.236515],[-115.355548,44.236777],[-115.35635,44.236435],[-115.356872,44.236326],[-115.357028,44.23635],[-115.357242,44.236709],[-115.357507,44.23694],[-115.358328,44.237415],[-115.358829,44.237866],[-115.358986,44.238234],[-115.35965,44.239],[-115.35986,44.239534],[-115.359848,44.240312],[-115.359652,44.241445],[-115.360514,44.242433],[-115.360588,44.242638],[-115.36132,44.243742],[-115.361835,44.244199],[-115.362458,44.244461],[-115.36332,44.244992],[-115.364399,44.245368],[-115.364771,44.245697],[-115.366296,44.246028],[-115.366728,44.246315],[-115.366991,44.246405],[-115.367356,44.246488],[-115.367664,44.246467],[-115.367697,44.246543],[-115.367573,44.246909],[-115.36807,44.247393],[-115.368229,44.247698],[-115.368126,44.248095],[-115.367987,44.248262],[-115.368217,44.248658],[-115.36827,44.249347],[-115.368184,44.249961],[-115.368019,44.250233],[-115.367749,44.25038],[-115.367691,44.250534],[-115.368006,44.250575],[-115.368075,44.250671],[-115.367919,44.250723],[-115.368637,44.251205],[-115.369383,44.251864],[-115.369359,44.252201],[-115.369237,44.252398],[-115.369465,44.252992],[-115.370818,44.253865],[-115.371507,44.253968],[-115.371751,44.254423],[-115.372005,44.254672],[-115.372516,44.254644],[-115.37259,44.254665],[-115.372599,44.25475]]}},{"type":"Feature","properties":{"trail_name":"LINK","trail_no":"148005","trail_class":"3","gis_miles":1.621,"trail_surface":"NATIVE MATERIAL","typical_trail_grade":"TRAIL_GRADE","typical_tread_width":"TW03 - 18-24 INCHES","admin_org":"040205","managing_org":"040205","trail_id":"usfs:5386.002731","segment_id":"usfs-objectid:7557040","trail_cn":"5386.002731","source_objectid":7557040,"bike_status":"confirmed","bike_season":"01/01-12/31","bike_restricted_season":null,"source":"USFS EDW TrailNFS"},"geometry":{"type":"LineString","coordinates":[[-115.320825,44.15292],[-115.321843,44.152712],[-115.32202,44.15246],[-115.322831,44.152416],[-115.323225,44.152484],[-115.324229,44.153047],[-115.323219,44.152949],[-115.322903,44.153064],[-115.322963,44.153172],[-115.323225,44.153188],[-115.32428,44.153604],[-115.324922,44.153536],[-115.325711,44.153121],[-115.325999,44.153103],[-115.326099,44.153188],[-115.326164,44.15344],[-115.32629,44.153588],[-115.326557,44.153654],[-115.327244,44.153561],[-115.327509,44.153606],[-115.327954,44.153799],[-115.328156,44.154027],[-115.328919,44.154094],[-115.329536,44.154059],[-115.330077,44.154147],[-115.330437,44.154047],[-115.33075,44.153668],[-115.330627,44.153351],[-115.330308,44.153149],[-115.33093,44.152971],[-115.331312,44.152937],[-115.332149,44.152624],[-115.333079,44.1527],[-115.333572,44.152603],[-115.333386,44.152133],[-115.333882,44.152604],[-115.333723,44.152944],[-115.333769,44.153201],[-115.332859,44.153338],[-115.332413,44.153602],[-115.332577,44.153693],[-115.333427,44.153715],[-115.333795,44.153816],[-115.334029,44.154424],[-115.33406,44.154737],[-115.333977,44.154874],[-115.334101,44.155134],[-115.333923,44.155458],[-115.333891,44.156102],[-115.333946,44.156435],[-115.333775,44.156679],[-115.334193,44.157371],[-115.334861,44.157777],[-115.335141,44.158596],[-115.335581,44.1594]]}},{"type":"Feature","properties":{"trail_name":"CAPE HORN CR USER 2","trail_no":"4371","trail_class":"3","gis_miles":0.117,"trail_surface":"NATIVE MATERIAL","typical_trail_grade":"TG01 - +0-5%","typical_tread_width":null,"admin_org":"041306","managing_org":"041306","trail_id":"usfs:405057010602","segment_id":"usfs-objectid:7562311","trail_cn":"405057010602","source_objectid":7562311,"bike_status":"unknown","bike_season":null,"bike_restricted_season":null,"source":"USFS EDW TrailNFS"},"geometry":{"type":"LineString","coordinates":[[-115.222324,44.359619],[-115.222101,44.35944],[-115.221253,44.359137],[-115.221041,44.358839],[-115.220903,44.358446]]}},{"type":"Feature","properties":{"trail_name":"COPPER MOUNTAIN TRAIL - WINTER","trail_no":"SNO-4423","trail_class":"1","gis_miles":0.66,"trail_surface":"SNOW","typical_trail_grade":"TG05 - +12-20%","typical_tread_width":"TW03 - 18-24 INCHES","admin_org":"041302","managing_org":"041302","trail_id":"usfs:4121010540","segment_id":"usfs-objectid:7562579","trail_cn":"4121010540","source_objectid":7562579,"bike_status":"unknown","bike_season":null,"bike_restricted_season":null,"source":"USFS EDW TrailNFS"},"geometry":{"type":"LineString","coordinates":[[-115.229592,44.327916],[-115.229332,44.327824],[-115.22896,44.327077],[-115.228495,44.326396],[-115.228255,44.325871],[-115.228121,44.325753],[-115.227162,44.325071],[-115.226565,44.324836],[-115.226266,44.32454],[-115.22502,44.324021],[-115.223615,44.323604],[-115.223461,44.323336],[-115.223156,44.323144],[-115.223068,44.32301],[-115.223025,44.322762],[-115.222832,44.322445],[-115.222849,44.321909],[-115.222252,44.320925]]}},{"type":"Feature","properties":{"trail_name":"CAPE HORN CR USER 1","trail_no":"4370","trail_class":"3","gis_miles":0.164,"trail_surface":"NATIVE MATERIAL","typical_trail_grade":"TG01 - +0-5%","typical_tread_width":null,"admin_org":"041306","managing_org":"041306","trail_id":"usfs:400330010602","segment_id":"usfs-objectid:7580531","trail_cn":"400330010602","source_objectid":7580531,"bike_status":"unknown","bike_season":null,"bike_restricted_season":null,"source":"USFS EDW TrailNFS"},"geometry":{"type":"LineString","coordinates":[[-115.212458,44.357735],[-115.212761,44.357666],[-115.213937,44.35692],[-115.215416,44.357149]]}},{"type":"Feature","properties":{"trail_name":"IRON-LOLA CREEK","trail_no":"4024","trail_class":"3","gis_miles":9.324,"trail_surface":"NATIVE MATERIAL","typical_trail_grade":"TG05 - +12-20%","typical_tread_width":"TW03 - 18-24 INCHES","admin_org":"041306","managing_org":"041306","trail_id":"usfs:5225.003191","segment_id":"usfs-objectid:7583014","trail_cn":"5225.003191","source_objectid":7583014,"bike_status":"confirmed","bike_season":"01/01-12/31","bike_restricted_season":null,"source":"USFS EDW TrailNFS"},"geometry":{"type":"LineString","coordinates":[[-115.184637,44.290322],[-115.185096,44.29026],[-115.185219,44.290158],[-115.185265,44.289841],[-115.18547,44.289664],[-115.185683,44.289601],[-115.186203,44.289653],[-115.186472,44.289843],[-115.186795,44.289919],[-115.187173,44.290299],[-115.187367,44.290299],[-115.187484,44.29053],[-115.187936,44.290557],[-115.188135,44.290677],[-115.188535,44.290756],[-115.188694,44.290958],[-115.189039,44.291008],[-115.189143,44.291287],[-115.188982,44.291556],[-115.189356,44.291723],[-115.1893,44.292018],[-115.189574,44.292188],[-115.189869,44.292255],[-115.190088,44.292533],[-115.190373,44.292682],[-115.190895,44.292748],[-115.191052,44.292896],[-115.191284,44.292939],[-115.191724,44.293379],[-115.192006,44.29347],[-115.192301,44.294082],[-115.192678,44.294269],[-115.193087,44.294646],[-115.193607,44.294989],[-115.193999,44.295126],[-115.19429,44.295313],[-115.194435,44.295461],[-115.194489,44.295699],[-115.194895,44.29634],[-115.195334,44.296721],[-115.195799,44.297307],[-115.196364,44.297586],[-115.196602,44.297885],[-115.197192,44.298241],[-115.198074,44.298515],[-115.198683,44.298877],[-115.19879,44.299176],[-115.199162,44.299477],[-115.19912,44.299709],[-115.199274,44.299951],[-115.199793,44.300363],[-115.199938,44.300708],[-115.200271,44.300972],[-115.200359,44.301209],[-115.200575,44.301378],[-115.200739,44.301679],[-115.200693,44.301912],[-115.200372,44.302021],[-115.200188,44.302195],[-115.200181,44.302304],[-115.20138,44.303418],[-115.201977,44.304201],[-115.202879,44.304729],[-115.20308,44.304928],[-115.203361,44.305033],[-115.203728,44.304994],[-115.203903,44.305057],[-115.203934,44.305371],[-115.204103,44.305445],[-115.2042,44.305576],[-115.204709,44.305665],[-115.204882,44.305766],[-115.204966,44.30592],[-115.205428,44.305889],[-115.20571,44.306115],[-115.208024,44.307038],[-115.208469,44.30758],[-115.208624,44.308015],[-115.209415,44.308721],[-115.209768,44.308922],[-115.209926,44.30928],[-115.210146,44.309467],[-115.210349,44.30982],[-115.210593,44.310059],[-115.211019,44.310271],[-115.211705,44.310932],[-115.212754,44.311421],[-115.213395,44.311989],[-115.213674,44.312139],[-115.214065,44.312541],[-115.214155,44.312721],[-115.21467,44.313039],[-115.215144,44.313168],[-115.215457,44.313325],[-115.216244,44.313447],[-115.216543,44.313386],[-115.216936,44.313632],[-115.217568,44.313647],[-115.219173,44.314061],[-115.2196,44.313937],[-115.220248,44.314048],[-115.221492,44.313952],[-115.222156,44.314169],[-115.22289,44.314223],[-115.223268,44.314069],[-115.224012,44.314006],[-115.224321,44.313915],[-115.225629,44.31321],[-115.226621,44.313168],[-115.227227,44.31296],[-115.227966,44.312905],[-115.228843,44.31299],[-115.229969,44.313389],[-115.230293,44.31336],[-115.230545,44.31342],[-115.231201,44.314108],[-115.231329,44.314474],[-115.231625,44.314918],[-115.231644,44.315049],[-115.232177,44.315582],[-115.232618,44.315919],[-115.233144,44.316604],[-115.233477,44.316888],[-115.23359,44.317124],[-115.234036,44.317585],[-115.234563,44.318276],[-115.234699,44.318607],[-115.234787,44.318675],[-115.234986,44.318683],[-115.234901,44.319399],[-115.234552,44.320744],[-115.233818,44.322739],[-115.234178,44.322771],[-115.234952,44.322628],[-115.237709,44.322003],[-115.238777,44.321644],[-115.238989,44.321754],[-115.239675,44.322416],[-115.239968,44.32255],[-115.240322,44.32262],[-115.240966,44.322581],[-115.241656,44.322633],[-115.242695,44.322823],[-115.243915,44.322857],[-115.24449,44.322715],[-115.244831,44.322709],[-115.246195,44.322155],[-115.247306,44.322102],[-115.247303,44.322256],[-115.2467,44.322751],[-115.246596,44.323022],[-115.245964,44.323403],[-115.245747,44.323675],[-115.245624,44.324091],[-115.245746,44.324393],[-115.246384,44.324016],[-115.247336,44.323846],[-115.247965,44.323676],[-115.248324,44.32351],[-115.248743,44.323448],[-115.249235,44.323463],[-115.249995,44.323659],[-115.25075,44.323979],[-115.250078,44.324323],[-115.249761,44.324661],[-115.248788,44.325341],[-115.248633,44.325683],[-115.248699,44.32582],[-115.249246,44.325553],[-115.249961,44.325391],[-115.250287,44.325392],[-115.251025,44.325518],[-115.251669,44.325829],[-115.252519,44.326019],[-115.253695,44.326079],[-115.254309,44.326522],[-115.256023,44.32666],[-115.256557,44.32655],[-115.25677,44.326577],[-115.257328,44.327073],[-115.257572,44.32741],[-115.257909,44.327572],[-115.257958,44.327796],[-115.258344,44.328455],[-115.258469,44.328968],[-115.258555,44.329076],[-115.258514,44.329219],[-115.258399,44.329295],[-115.258392,44.329415],[-115.258567,44.329747],[-115.258856,44.329995],[-115.258974,44.330222],[-115.258764,44.330401],[-115.25879,44.330657],[-115.258954,44.330868],[-115.259277,44.331068],[-115.26012,44.33103],[-115.260847,44.331174],[-115.261123,44.331319],[-115.261185,44.331538],[-115.261701,44.331859],[-115.261948,44.332108],[-115.262176,44.332194],[-115.263672,44.332176],[-115.264064,44.332288],[-115.264087,44.332334],[-115.263927,44.332512],[-115.263979,44.332626],[-115.264528,44.332979],[-115.268148,44.333196],[-115.268391,44.333255],[-115.268957,44.333531],[-115.269017,44.334008],[-115.269164,44.334364],[-115.269336,44.334572],[-115.271059,44.334688],[-115.272726,44.335263],[-115.272947,44.335444],[-115.273349,44.335525],[-115.27347,44.33562],[-115.273741,44.336345],[-115.274074,44.336595],[-115.274315,44.336952],[-115.274733,44.337174],[-115.276298,44.336989],[-115.276862,44.337048],[-115.277347,44.337016],[-115.278141,44.337163],[-115.278573,44.337435],[-115.280605,44.337678],[-115.281069,44.338049],[-115.281386,44.338118],[-115.281665,44.338074],[-115.282425,44.337725],[-115.282902,44.337448],[-115.283034,44.337296],[-115.283448,44.337138],[-115.284172,44.337083],[-115.284419,44.337304],[-115.284838,44.337503],[-115.285011,44.337931],[-115.284834,44.338327],[-115.284848,44.338549],[-115.285391,44.339229],[-115.285773,44.33953],[-115.286294,44.339652],[-115.286509,44.339981],[-115.286647,44.341302],[-115.286431,44.342116],[-115.286178,44.342379],[-115.285044,44.343016],[-115.284817,44.343269],[-115.284408,44.344023],[-115.283955,44.344268],[-115.283024,44.345567],[-115.282114,44.346411],[-115.28191,44.346716],[-115.281824,44.347177],[-115.280936,44.348099],[-115.28064,44.349139],[-115.280779,44.349777],[-115.280714,44.350496],[-115.28048,44.350729],[-115.280455,44.350875],[-115.280174,44.351269],[-115.279535,44.35193],[-115.278823,44.352536],[-115.277778,44.353889],[-115.27713,44.354284],[-115.276834,44.354643],[-115.274867,44.355834],[-115.274366,44.356387]]}},{"type":"Feature","properties":{"trail_name":"IRON-LOLA CREEK","trail_no":"4024","trail_class":"3","gis_miles":0.8370000000000001,"trail_surface":"NATIVE MATERIAL","typical_trail_grade":"TG05 - +12-20%","typical_tread_width":"TW03 - 18-24 INCHES","admin_org":"041306","managing_org":"041306","trail_id":"usfs:5225.003191","segment_id":"usfs-objectid:7583147","trail_cn":"5225.003191","source_objectid":7583147,"bike_status":"confirmed","bike_season":"01/01-12/31","bike_restricted_season":null,"source":"USFS EDW TrailNFS"},"geometry":{"type":"LineString","coordinates":[[-115.274366,44.356387],[-115.273812,44.356867],[-115.2722,44.357859],[-115.271206,44.358704],[-115.270194,44.360024],[-115.270176,44.360187],[-115.270624,44.360969],[-115.270973,44.361738],[-115.271015,44.362099],[-115.27121,44.362511],[-115.271122,44.362772],[-115.271183,44.36306],[-115.271102,44.363098],[-115.270987,44.363044],[-115.270429,44.362626],[-115.270001,44.362106],[-115.269932,44.362373],[-115.269644,44.362797],[-115.269113,44.362996],[-115.268969,44.363268],[-115.268856,44.363346],[-115.268729,44.363638],[-115.268763,44.364031],[-115.268658,44.364104]]}},{"type":"Feature","properties":{"trail_name":"LINK","trail_no":"148005","trail_class":"3","gis_miles":0.6,"trail_surface":"NATIVE MATERIAL","typical_trail_grade":"TRAIL_GRADE","typical_tread_width":"TW03 - 18-24 INCHES","admin_org":"040205","managing_org":"040205","trail_id":"usfs:5386.002731","segment_id":"usfs-objectid:7583542","trail_cn":"5386.002731","source_objectid":7583542,"bike_status":"confirmed","bike_season":"01/01-12/31","bike_restricted_season":null,"source":"USFS EDW TrailNFS"},"geometry":{"type":"LineString","coordinates":[[-115.318355,44.150775],[-115.318505,44.151592],[-115.318299,44.152284],[-115.319616,44.151588],[-115.319944,44.151563],[-115.320049,44.151455],[-115.320471,44.151275],[-115.320604,44.151277],[-115.320491,44.151381],[-115.320373,44.151674],[-115.32017,44.151798],[-115.320312,44.151813],[-115.320065,44.152043],[-115.31944,44.152947],[-115.320291,44.152466],[-115.32111,44.152253],[-115.321078,44.152339],[-115.320674,44.15262],[-115.320378,44.152948],[-115.320261,44.153186],[-115.320825,44.15292]]}},{"type":"Feature","properties":{"trail_name":"STANLEY/ LANDMARK TRAIL, RD #1","trail_no":"SNO-4422","trail_class":"1","gis_miles":9.432,"trail_surface":"SNOW","typical_trail_grade":"TG05 - +12-20%","typical_tread_width":"TW03 - 18-24 INCHES","admin_org":"041302","managing_org":"041302","trail_id":"usfs:4120010540","segment_id":"usfs-objectid:7586063","trail_cn":"4120010540","source_objectid":7586063,"bike_status":"unknown","bike_season":null,"bike_restricted_season":null,"source":"USFS EDW TrailNFS"},"geometry":{"type":"LineString","coordinates":[[-115.211977,44.357524],[-115.212777,44.357892],[-115.21388,44.358187],[-115.222065,44.359589],[-115.223874,44.359876],[-115.224555,44.359924],[-115.226082,44.359751],[-115.231782,44.35869],[-115.233196,44.358288],[-115.234361,44.357731],[-115.235151,44.357434],[-115.235723,44.357323],[-115.236255,44.357319],[-115.238199,44.35772],[-115.240027,44.357909],[-115.240679,44.358039],[-115.24267,44.358867],[-115.245824,44.359794],[-115.248214,44.360194],[-115.251711,44.361112],[-115.256369,44.361761],[-115.257022,44.362022],[-115.258235,44.363252],[-115.258666,44.363465],[-115.259531,44.363521],[-115.26158,44.363357],[-115.263915,44.362931],[-115.265638,44.362333],[-115.266023,44.362327],[-115.266632,44.36253],[-115.268608,44.364003],[-115.269859,44.365585],[-115.270434,44.366184],[-115.27154,44.367199],[-115.272425,44.367738],[-115.273793,44.368159],[-115.274891,44.368334],[-115.277101,44.368252],[-115.278051,44.36836],[-115.279645,44.368752],[-115.281044,44.369308],[-115.281886,44.369571],[-115.282408,44.369824],[-115.282628,44.370093],[-115.282731,44.370482],[-115.282806,44.371551],[-115.282523,44.373757],[-115.282522,44.374622],[-115.282701,44.375232],[-115.282756,44.375994],[-115.283305,44.376988],[-115.283621,44.378536],[-115.286926,44.385368],[-115.287157,44.38568],[-115.288669,44.387044],[-115.290508,44.390464],[-115.290812,44.391234],[-115.290837,44.393882],[-115.29048,44.396218],[-115.289881,44.399225],[-115.289611,44.399494],[-115.289208,44.399581],[-115.288262,44.399518],[-115.287988,44.399589],[-115.287764,44.399808],[-115.286983,44.401827],[-115.28577,44.405346],[-115.285743,44.40578],[-115.286147,44.410122],[-115.286092,44.410721],[-115.285718,44.412325],[-115.285886,44.41385],[-115.285656,44.415574],[-115.286048,44.416237],[-115.286582,44.416621],[-115.290237,44.418646],[-115.290745,44.419179],[-115.292302,44.421533],[-115.292799,44.422186],[-115.293359,44.42255],[-115.294389,44.422813],[-115.295076,44.422798],[-115.296117,44.422518],[-115.303354,44.419836],[-115.305307,44.419022],[-115.306378,44.4188],[-115.310193,44.418467],[-115.310696,44.418586],[-115.313271,44.419458],[-115.315958,44.419427],[-115.323928,44.419537]]}},{"type":"Feature","properties":{"trail_name":"TEN MILE RIDGE","trail_no":"7467","trail_class":"2","gis_miles":0.066,"trail_surface":"NATIVE MATERIAL","typical_trail_grade":"0-5%","typical_tread_width":"TW03 - 18-24 INCHES","admin_org":"041404","managing_org":"041404","trail_id":"usfs:5109.003221","segment_id":"usfs-objectid:7602446","trail_cn":"5109.003221","source_objectid":7602446,"bike_status":"restricted","bike_season":null,"bike_restricted_season":"01/01-12/31","source":"USFS EDW TrailNFS"},"geometry":{"type":"LineString","coordinates":[[-115.234011,44.095171],[-115.232603,44.095179]]}},{"type":"Feature","properties":{"trail_name":"TEN MILE RIDGE","trail_no":"7467","trail_class":"2","gis_miles":1.7389999999999999,"trail_surface":"NATIVE MATERIAL","typical_trail_grade":"5-8%","typical_tread_width":"TW03 - 18-24 INCHES","admin_org":"041404","managing_org":"041404","trail_id":"usfs:5109.003221","segment_id":"usfs-objectid:7604059","trail_cn":"5109.003221","source_objectid":7604059,"bike_status":"restricted","bike_season":null,"bike_restricted_season":"01/01-12/31","source":"USFS EDW TrailNFS"},"geometry":{"type":"LineString","coordinates":[[-115.227557,44.094912],[-115.227049,44.09483],[-115.226482,44.094587],[-115.225861,44.094478],[-115.225378,44.094318],[-115.224221,44.094156],[-115.223871,44.094177],[-115.223806,44.094266],[-115.223839,44.094411],[-115.223737,44.094481],[-115.2235,44.094478],[-115.223017,44.094335],[-115.222529,44.094355],[-115.221974,44.094517],[-115.220531,44.094315],[-115.218865,44.094487],[-115.218072,44.094681],[-115.217938,44.094571],[-115.217782,44.093939],[-115.217328,44.093643],[-115.217017,44.09362],[-115.215882,44.093981],[-115.215808,44.093953],[-115.215739,44.093754],[-115.215821,44.093503],[-115.215756,44.09316],[-115.215477,44.092912],[-115.215206,44.092782],[-115.215045,44.092725],[-115.214719,44.092747],[-115.21446,44.092644],[-115.214252,44.092083],[-115.214155,44.091991],[-115.213858,44.091906],[-115.213095,44.091912],[-115.212816,44.092042],[-115.212648,44.092247],[-115.21262,44.092741],[-115.212439,44.092955],[-115.211216,44.092485],[-115.210391,44.0925],[-115.209688,44.0922],[-115.209378,44.09215],[-115.20905,44.092244],[-115.20826,44.092754],[-115.207869,44.092892],[-115.207432,44.092867],[-115.205645,44.092479],[-115.204381,44.091721],[-115.203837,44.091541],[-115.203055,44.091385],[-115.20283,44.091372],[-115.202476,44.091511],[-115.20175,44.091977],[-115.201166,44.091886],[-115.200717,44.091438],[-115.200382,44.091388],[-115.200143,44.09142],[-115.19873,44.091919]]}},{"type":"Feature","properties":{"trail_name":"TEN MILE RIDGE","trail_no":"7467","trail_class":"2","gis_miles":0.259,"trail_surface":"NATIVE MATERIAL","typical_trail_grade":"5-8%","typical_tread_width":"TW03 - 18-24 INCHES","admin_org":"041404","managing_org":"041404","trail_id":"usfs:5109.003221","segment_id":"usfs-objectid:7604106","trail_cn":"5109.003221","source_objectid":7604106,"bike_status":"restricted","bike_season":null,"bike_restricted_season":"01/01-12/31","source":"USFS EDW TrailNFS"},"geometry":{"type":"LineString","coordinates":[[-115.232603,44.095179],[-115.231931,44.095096],[-115.229496,44.094472],[-115.229145,44.094502],[-115.228132,44.094964],[-115.227557,44.094912]]}}]}