{"type": "FeatureCollection", "features": [{"type": "Feature", "id": 9519150, "geometry": {"type": "LineString", "coordinates": [[-115.31283051000479, 44.13626441620845], [-115.3126655199725, 44.13626028122334], [-115.31248310894254, 44.13628816024266], [-115.31227197190972, 44.136330905265865], [-115.31208238787899, 44.136362076286105], [-115.31187350984727, 44.13640825030947], [-115.31166438881695, 44.13646291333354], [-115.3115261437995, 44.13651352835079], [-115.31124743876329, 44.136609628384974], [-115.31106289574626, 44.136712216411034], [-115.31084246871067, 44.13674972443468], [-115.31056045266507, 44.136796513464844], [-115.31020235660856, 44.13686425650385], [-115.30997169156137, 44.13684725452366], [-115.30978462451539, 44.136790130535864], [-115.30954974744958, 44.13667284354727], [-115.30928733338837, 44.13661120556603], [-115.30909275934368, 44.13656925558033], [-115.30877692728178, 44.13656118260879], [-115.30831722919228, 44.136552674650474], [-115.30785328211374, 44.13661035169832], [-115.30725990300856, 44.13665761375727], [-115.30700588397013, 44.136715000785806], [-115.30688355495943, 44.13678622980338], [-115.30682072997136, 44.13692119082099], [-115.30681609198476, 44.137000959828484], [-115.30681311001742, 44.13718776784515], [-115.30683827705646, 44.13738008785976], [-115.30681222306681, 44.137466333869774], [-115.30670990006747, 44.13758032588926], [-115.30627567702979, 44.137835479951804], [-115.3062280640381, 44.137933295964785], [-115.30622542006869, 44.13810821898039], [-115.30630266910187, 44.138211283982365], [-115.30645488415257, 44.13833244597894], [-115.3064616431705, 44.13842597198655], [-115.30644385618973, 44.138553107999364], [-115.30639240119181, 44.138620290010046], [-115.30624632319221, 44.138779497037575], [-115.30602948416436, 44.138856117064286], [-115.3059558631827, 44.13903848108714], [-115.30582750317896, 44.13915548210931], [-115.30561800416554, 44.13930525314183], [-115.30544134214485, 44.13937907116462], [-115.30502511210126, 44.13958182922087], [-115.30478080312156, 44.13995870227658], [-115.30465647412288, 44.14009954430046], [-115.30445355714303, 44.140431167348396], [-115.30440428616133, 44.14058671136664], [-115.30436029122112, 44.14096995440439], [-115.30440005927477, 44.141228741423504], [-115.30428491430868, 44.141542979461754], [-115.30421578237328, 44.14198020750662], [-115.30419584940542, 44.14218205052623], [-115.3041988394314, 44.14232478253849], [-115.30421495446626, 44.142503379552714], [-115.3043577665297, 44.14270594055733], [-115.30435336754152, 44.14277722056405], [-115.30433306956118, 44.14290941357756], [-115.30424045356196, 44.143013355595215], [-115.30413019155178, 44.143074567610775], [-115.30384998553409, 44.143276510654445], [-115.30373129154533, 44.14346726168217], [-115.30314139150181, 44.143857115770935], [-115.30298863150321, 44.14402924080018], [-115.30276530948002, 44.14413916683047], [-115.30228223641853, 44.14431317689041], [-115.30208733640005, 44.14441899291768], [-115.30190647239476, 44.144583904948895], [-115.30177931239837, 44.14474055597441], [-115.30155251537647, 44.144861752006015], [-115.30121204235515, 44.14510808805915], [-115.30110607138742, 44.14540320909489], [-115.30109840743356, 44.14567035011908], [-115.30110870944968, 44.14574977512513], [-115.3010480504827, 44.146000273152794], [-115.30116916455457, 44.14627385816568], [-115.30129789163927, 44.146610974183446], [-115.30128332766832, 44.146789681200524], [-115.30112986769338, 44.14709542224158], [-115.30086668269514, 44.14738820529165], [-115.30069903068838, 44.14753066231964], [-115.30038897965967, 44.1477027083634], [-115.30021961164373, 44.14779531138717], [-115.29972706558041, 44.14796917044798], [-115.29920099652342, 44.14821500351817], [-115.29869461144571, 44.14832296957441], [-115.29855897644156, 44.148445516597725], [-115.2981569543998, 44.14864336565226], [-115.29784964437404, 44.14882903569698], [-115.29757913134173, 44.148938246731575], [-115.29691279224987, 44.14913894481076], [-115.29615723714792, 44.149379075901656], [-115.29577779410697, 44.14955686995233], [-115.29508376104482, 44.14995418705138], [-115.29427022094009, 44.15024100415175], [-115.29421107994435, 44.1503284511649], [-115.29408348493087, 44.150389959182085], [-115.29400855593248, 44.150479435196864], [-115.2937457649121, 44.15064764123592], [-115.29329839688901, 44.15099880530815], [-115.29295437384962, 44.15114767535304], [-115.29249380076946, 44.15119288239952], [-115.29200709469028, 44.151271669451404], [-115.29165552663775, 44.15135474149117], [-115.29137313961807, 44.15154756153421], [-115.29119870761276, 44.151705757564265], [-115.29110052261755, 44.151837914584966], [-115.29102095466628, 44.152196838623894], [-115.29099486768635, 44.152337776638674], [-115.29059658964132, 44.1525130046909], [-115.29051635165516, 44.15267713871276], [-115.29019294460892, 44.15276515775034], [-115.28979904855704, 44.15289741779839], [-115.28968009055006, 44.152986230817184], [-115.28970604560837, 44.1532855818411], [-115.28982875267054, 44.153502581848876], [-115.2901772037612, 44.1536368968285], [-115.2906052418419, 44.15362971478835], [-115.29083804784759, 44.1534112407476], [-115.2910957218016, 44.15287605867676], [-115.2911836917997, 44.152770924659364], [-115.29144315882063, 44.15260947262121], [-115.29142676678278, 44.15241444860556], [-115.29113117768662, 44.15219259861334], [-115.29110431767252, 44.15214236961139]]}, "properties": {"objectid": 9519150, "trail_cn": "763335010602", "trail_name": "CHAPMAN SCENIC", "trail_no": "153005", "trail_type": "TERRA", "trail_class": "2", "gis_miles": 2.091, "trail_surface": "NATIVE MATERIAL", "typical_trail_grade": "TRAIL_GRADE", "typical_tread_width": "TW03 - 18-24 INCHES", "national_trail_designation": 1, "terra_motorized": "N", "allowed_terra_use": "321", "bicycle_managed": null, "bicycle_accpt": null, "bicycle_disc": null, "bicycle_restricted": null, "e_bike_class1_managed": null, "motorcycle_managed": null, "admin_org": "040205", "managing_org": "040205"}}, {"type": "Feature", "id": 9522902, "geometry": {"type": "LineString", "coordinates": [[-115.41403578355906, 44.10934835250172], [-115.41403452833775, 44.108105199392746], [-115.41394805726085, 44.107765202370935], [-115.41372470516245, 44.107451698364045], [-115.41374626714943, 44.1073553763536], [-115.41412586621259, 44.10730301331397], [-115.41439200324582, 44.10720437128074], [-115.41447480622469, 44.106996795254915], [-115.41441847517389, 44.10677135824034], [-115.4148117901933, 44.10645842917658], [-115.41508532513531, 44.10583838309692], [-115.41512623509061, 44.10554293606724], [-115.41492062707036, 44.10564969709556], [-115.41467459403196, 44.10569789112249], [-115.41435327893649, 44.10550577813527], [-115.41420329790515, 44.10549048114781], [-115.41372738788124, 44.105867108224764], [-115.41345181285617, 44.10602185926374], [-115.41328440883983, 44.1061093952869], [-115.41320423682099, 44.10608978229257], [-115.4134298228275, 44.10588411825375], [-115.4136361238052, 44.105537282204274], [-115.41363067367672, 44.10482045714185], [-115.41401701771804, 44.10463817009022], [-115.41436075679063, 44.10467730206191], [-115.41474826989217, 44.104832469039756], [-115.41483198189347, 44.1047499170248], [-115.41480097082551, 44.104400609997], [-115.41439525373856, 44.104347405029806], [-115.41447723374216, 44.104279509016244], [-115.41495639677285, 44.10393760094204], [-115.41516295880452, 44.10389421391917], [-115.4153271857926, 44.103650692882624], [-115.41532462776235, 44.103483258868195], [-115.41524805770736, 44.10325589685532], [-115.4151079356506, 44.1030872048534], [-115.41482794050808, 44.1025860528353], [-115.41478971856262, 44.10293390586936], [-115.41466341859194, 44.103234460907395], [-115.41445435157642, 44.103371637938736], [-115.41392557748344, 44.103416198991425], [-115.41386107646042, 44.1033557499921], [-115.41372894244466, 44.10340913900898], [-115.4124773192116, 44.10344196612735], [-115.41117317993975, 44.10331282923639], [-115.41073934383945, 44.10321428726772], [-115.41048256376631, 44.10307856427954], [-115.40976921861517, 44.10299411733795], [-115.40900750148866, 44.10310031541759], [-115.40779474524857, 44.1030517005252], [-115.40858401132043, 44.10260847941346], [-115.41004898445418, 44.10178782020625], [-115.41036141449713, 44.10169390616919], [-115.41042147749395, 44.10161136815638], [-115.41023847243949, 44.101501627163685], [-115.40994940838308, 44.10149462518972], [-115.40917720625973, 44.10162977727283], [-115.40876596718441, 44.101647670312346], [-115.40776395301769, 44.10178576541694], [-115.40715248089796, 44.10176882047184], [-115.40652514680346, 44.101910721542204], [-115.40612283471907, 44.10186810657559], [-115.40584371764396, 44.10174527459058], [-115.4060819616905, 44.1017512435691], [-115.4062666317173, 44.10170360354788], [-115.40655094074667, 44.10156339250938], [-115.40701120976922, 44.10119612043464], [-115.40748552883824, 44.10107469638019], [-115.40769185585388, 44.10094115234944], [-115.40726229873529, 44.100735388371014], [-115.40660493763055, 44.10085199144189], [-115.40636443459155, 44.10089100046754], [-115.40622472556193, 44.100874438478996], [-115.40617036954724, 44.10084989148185], [-115.40646375056974, 44.10066139143819], [-115.40656851256915, 44.1005456484184], [-115.40656175353509, 44.10036098840279], [-115.40642769649233, 44.10026458440674], [-115.40634460749546, 44.10037129742375], [-115.40624031948609, 44.100430630438595], [-115.4061280294632, 44.10042247344821], [-115.40598207042252, 44.100350380455325], [-115.4057468383324, 44.10009601145477], [-115.40542529823875, 44.09991444246848], [-115.40531910116893, 44.09963544545378], [-115.40480128998743, 44.09917026046071], [-115.40454283392586, 44.09910114047845], [-115.40441442987249, 44.098938725476074], [-115.40419131479617, 44.09874882547998], [-115.40391853171688, 44.0985956834917], [-115.4038118866626, 44.09840490148479], [-115.40363059960156, 44.09825599848841], [-115.40318368251282, 44.098236536527985], [-115.40286039541766, 44.09804832054127], [-115.40252753731264, 44.097815053551486], [-115.40230856526377, 44.09777498856817], [-115.4021609212418, 44.09780992558487], [-115.4020899842365, 44.09785650759549], [-115.40189470020553, 44.0978919186166], [-115.40183047118117, 44.09782380361658], [-115.40180504013846, 44.09761068660022], [-115.40170911509973, 44.097495694598955], [-115.40145632902546, 44.09734943460942], [-115.40057579078712, 44.096953874655966], [-115.40013120963518, 44.0965763056638], [-115.39996218158089, 44.09645235966848], [-115.39923624938277, 44.09611707270601], [-115.39925456236003, 44.09596934869136], [-115.39916282027046, 44.0955636816642], [-115.39848723290051, 44.09420670160733], [-115.39827904476144, 44.093647604577406], [-115.39821433566074, 44.09314986053968], [-115.39804599158332, 44.09289507053284], [-115.39754566027553, 44.09169977847396], [-115.39754315322925, 44.09144167245154], [-115.3974368312465, 44.09165323847993], [-115.39707810425226, 44.09207135754973], [-115.39701950724488, 44.09209243355703], [-115.39697580223448, 44.092081248560056], [-115.3969762052155, 44.09197387255059], [-115.39675275611533, 44.091649950542724], [-115.39662875908225, 44.09159688354949], [-115.39659417706682, 44.09154728954836], [-115.39666178005753, 44.091422335531156], [-115.39664244903419, 44.09131143152314], [-115.39668864095955, 44.090841390477614], [-115.39686037688166, 44.09021813140701], [-115.39673957052462, 44.08833679625286], [-115.39677999450511, 44.088183483235674], [-115.39719044349144, 44.08766515515229], [-115.39721813646044, 44.08746046713174], [-115.39718701838387, 44.08706276209966], [-115.39736869834334, 44.08663887404567], [-115.39755019233148, 44.086376910005896], [-115.39807459830472, 44.08566213989474], [-115.39815962229402, 44.0855104588736], [-115.39818498226056, 44.0852945798523], [-115.39812313521506, 44.0851046328413], [-115.39820517322339, 44.08506354183015], [-115.39857987416143, 44.084311468729524], [-115.39878319116026, 44.084086176690946], [-115.39897579512912, 44.083703513639584], [-115.39899418109177, 44.08347311161765], [-115.39945434611252, 44.08309509454199], [-115.39969957010517, 44.08278974349255], [-115.39989751206983, 44.08237773443807], [-115.40011073507165, 44.082158972399235], [-115.40047885004171, 44.08159422531567], [-115.40069194104356, 44.08137511627676], [-115.4013170881255, 44.08116461520059], [-115.40201510520086, 44.080838463107575], [-115.40267922523736, 44.08032972800166], [-115.40284619624288, 44.08018126597326], [-115.402879634308, 44.08051225599919], [-115.40279277730806, 44.08060618901549], [-115.40280394234789, 44.080818318033124], [-115.40289450639358, 44.08097849203881], [-115.402942032402, 44.08097513403413], [-115.40314906541958, 44.080851304004156], [-115.40330705543833, 44.08078713298397], [-115.40354942946878, 44.0806979929538], [-115.40396375451625, 44.08052002089995], [-115.40435539253359, 44.0801963238354], [-115.40448795151435, 44.07994534080113], [-115.404569506486, 44.07969772277184], [-115.40467735839454, 44.07906633970645], [-115.40446507728174, 44.07865906269022], [-115.40460639523968, 44.07826968264296], [-115.40467337823588, 44.07817619762859], [-115.40471872922144, 44.078046083612975], [-115.40475697517887, 44.07776500858479], [-115.40540105219438, 44.07715949047217], [-115.40563356719582, 44.076917334429424], [-115.40578979020407, 44.076795870404396], [-115.40567043918043, 44.076791124414996], [-115.40556511613728, 44.07666091741326], [-115.40544518211408, 44.07665924342413], [-115.40538411008191, 44.07654373641964], [-115.40579662212672, 44.07635236736482], [-115.4061463561264, 44.075974377299346], [-115.40648442616563, 44.07583193725563], [-115.40670651117864, 44.07566606922062], [-115.40729692025934, 44.07548613815034], [-115.40787421737365, 44.075509362099176], [-115.40835606243435, 44.075333032039275], [-115.40874300949557, 44.07526198699733], [-115.40902749855051, 44.07526594997149], [-115.40949006965276, 44.07534465793575], [-115.40994580274, 44.07534596089384], [-115.41028173086161, 44.07567044189139]]}, "properties": {"objectid": 9522902, "trail_cn": "3751010312", "trail_name": "JACKSON PEAK", "trail_no": "151005", "trail_type": "TERRA", "trail_class": "3", "gis_miles": 4.43, "trail_surface": "NATIVE MATERIAL", "typical_trail_grade": "TRAIL_GRADE", "typical_tread_width": "TW03 - 18-24 INCHES", "national_trail_designation": 1, "terra_motorized": "Y", "allowed_terra_use": "4321", "bicycle_managed": null, "bicycle_accpt": "01/01-12/31", "bicycle_disc": null, "bicycle_restricted": null, "e_bike_class1_managed": null, "motorcycle_managed": "01/01-12/31", "admin_org": "040205", "managing_org": "040205"}}, {"type": "Feature", "id": 9539257, "geometry": {"type": "LineString", "coordinates": [[-115.31849533320964, 44.15939639371908], [-115.31856941024445, 44.1595119617224], [-115.31862541034141, 44.15999572875972], [-115.31887461343004, 44.16022532875687], [-115.31907385451005, 44.160460169759126], [-115.31970188964894, 44.16056504471026], [-115.31982519069076, 44.16066727170788], [-115.32009042776524, 44.16080027669506], [-115.32077768191905, 44.16092514264249], [-115.32095471396748, 44.161006641633335], [-115.32122269201692, 44.16099623760762], [-115.32134755504924, 44.161043496600236], [-115.32130609107233, 44.161217416619344], [-115.3211374570771, 44.16142533065319], [-115.32096053906713, 44.1615591416813], [-115.32077792707624, 44.1618061607199], [-115.32033775005836, 44.16217863779328], [-115.32034734308941, 44.1623422758068], [-115.32046597413157, 44.16245136080542], [-115.32092134422513, 44.16248725876647], [-115.32129892628303, 44.1624067397245], [-115.32155740133612, 44.162427274702445], [-115.32177447739105, 44.16250218968894], [-115.32199675843523, 44.16251144166921]]}, "properties": {"objectid": 9539257, "trail_cn": "5032.002731", "trail_name": "WARM SPRINGS", "trail_no": "147005", "trail_type": "TERRA", "trail_class": "3", "gis_miles": 0.397, "trail_surface": "NATIVE MATERIAL", "typical_trail_grade": "TRAIL_GRADE", "typical_tread_width": "TW03 - 18-24 INCHES", "national_trail_designation": 1, "terra_motorized": "Y", "allowed_terra_use": "4321", "bicycle_managed": null, "bicycle_accpt": "01/01-12/31", "bicycle_disc": null, "bicycle_restricted": null, "e_bike_class1_managed": null, "motorcycle_managed": "01/01-12/31", "admin_org": "040205", "managing_org": "040205"}}, {"type": "Feature", "id": 9539258, "geometry": {"type": "LineString", "coordinates": [[-115.31751150603233, 44.08635248438193], [-115.31739681501963, 44.08640480239709], [-115.31694275893365, 44.08640939543935], [-115.31645070882344, 44.08631865547669], [-115.31575732665644, 44.086124966523485], [-115.31518339860689, 44.08646469060633], [-115.31433997657103, 44.08717205174643], [-115.31398818152077, 44.08726839978734], [-115.31358118544304, 44.087269161824864], [-115.31309976738572, 44.087465131886546], [-115.3120023041965, 44.08758204899794], [-115.31172500415472, 44.087645644029124], [-115.31146450410897, 44.087668870055175], [-115.31056102397447, 44.08788488315746], [-115.31024497391569, 44.08789453018745], [-115.30990699084086, 44.0878369982135]]}, "properties": {"objectid": 9539258, "trail_cn": "5035.002731", "trail_name": "TEN MILE RIDGE", "trail_no": "157005", "trail_type": "TERRA", "trail_class": "3", "gis_miles": 0.40700000000000003, "trail_surface": "NATIVE MATERIAL", "typical_trail_grade": "TRAIL_GRADE", "typical_tread_width": "TW03 - 18-24 INCHES", "national_trail_designation": 1, "terra_motorized": "N", "allowed_terra_use": "321", "bicycle_managed": null, "bicycle_accpt": "06/01-10/15", "bicycle_disc": null, "bicycle_restricted": null, "e_bike_class1_managed": null, "motorcycle_managed": null, "admin_org": "040205", "managing_org": "040205"}}, {"type": "Feature", "id": 9539321, "geometry": {"type": "LineString", "coordinates": [[-115.38728134709669, 44.11860192178346], [-115.38705108308366, 44.118776176820006], [-115.38680510506126, 44.11891410585483], [-115.38655969603518, 44.119030983887775], [-115.38632394697511, 44.118946420902084], [-115.3862973439528, 44.11884976989607], [-115.38646940892562, 44.11851223085057], [-115.38643085589732, 44.11839435084377], [-115.3862461878407, 44.118274408850276], [-115.38615582578824, 44.118076441841275], [-115.38586072872063, 44.11801323086295], [-115.38574596668452, 44.11793338586652], [-115.3857217816547, 44.11779194885632], [-115.38575337663409, 44.11764211084028], [-115.38588392363393, 44.117500878815804], [-115.38601087061765, 44.1172729837841], [-115.3860295955807, 44.11704534876235], [-115.38588772351875, 44.11684929075827], [-115.38537622334553, 44.11642461976816], [-115.38530980329612, 44.1162183447562], [-115.3853558202812, 44.11608511074027], [-115.38560051420195, 44.11537662565548], [-115.3855642701761, 44.1152701766495], [-115.38565482115432, 44.11505032462178], [-115.38553484609639, 44.11485354961564], [-115.38548325101476, 44.11444994458492], [-115.38529989586817, 44.11382231854677], [-115.38527676674893, 44.1131766504922], [-115.38519420767918, 44.11287311847313], [-115.3852686175961, 44.11232585741826], [-115.38518507951213, 44.111943337392354], [-115.38498260741515, 44.11161554738224], [-115.38436502819899, 44.11106300939073], [-115.38435999916956, 44.110902731377124], [-115.38418401809896, 44.11069490537511], [-115.38413129704468, 44.11044595235813], [-115.38386202093159, 44.11009916235247], [-115.38349366383302, 44.10994051237254], [-115.38302390272283, 44.10982555340582], [-115.38311534370563, 44.10963053838027], [-115.38306495865702, 44.1094109493656], [-115.38273886549523, 44.10885124834656], [-115.3824394053691, 44.10846341334008], [-115.38177866316103, 44.1080027653606], [-115.38107046199804, 44.1078469644123], [-115.38046786491188, 44.108009911482206], [-115.3803078148224, 44.10767820146782], [-115.37965067866295, 44.107487613511715], [-115.37962926365007, 44.10743809350932]]}, "properties": {"objectid": 9539321, "trail_cn": "5035.002731", "trail_name": "TEN MILE RIDGE", "trail_no": "157005", "trail_type": "TERRA", "trail_class": "3", "gis_miles": 1.086, "trail_surface": "NATIVE MATERIAL", "typical_trail_grade": "TRAIL_GRADE", "typical_tread_width": "TW03 - 18-24 INCHES", "national_trail_designation": 1, "terra_motorized": "N", "allowed_terra_use": "321", "bicycle_managed": null, "bicycle_accpt": "06/01-10/15", "bicycle_disc": null, "bicycle_restricted": null, "e_bike_class1_managed": null, "motorcycle_managed": null, "admin_org": "040205", "managing_org": "040205"}}, {"type": "Feature", "id": 9539512, "geometry": {"type": "LineString", "coordinates": [[-115.37103941985366, 44.10656350122505], [-115.3708376528346, 44.10667328125331], [-115.37066506777676, 44.106533133256896], [-115.37066177175033, 44.106387965244494], [-115.3707781007493, 44.10625724622223], [-115.37029571561744, 44.10603374724708], [-115.37007963154247, 44.10584413125035], [-115.37012075560838, 44.10617084927527], [-115.36955571856315, 44.106523815358464], [-115.3693742286186, 44.10703118041977], [-115.36859384354968, 44.107482250531405], [-115.36845892957403, 44.10776454156868], [-115.36876634566994, 44.10797351555867], [-115.36816381556089, 44.108007801617276], [-115.36771783344552, 44.107838191643516], [-115.36731102535235, 44.10775114567344], [-115.3666542322348, 44.10779590973796], [-115.36643459118208, 44.107735606752925], [-115.3657239690813, 44.10793249683579], [-115.36518236996693, 44.10787112688039], [-115.36475151694337, 44.108201920949185], [-115.36415995180468, 44.10805776499106], [-115.36346703263725, 44.10786055303766], [-115.36339367257126, 44.10756842101879], [-115.3634199445395, 44.10736129499813], [-115.36354365350132, 44.107013228956106], [-115.3634594114429, 44.10677509494298], [-115.36349925941572, 44.10657935592211], [-115.36345162835039, 44.106262772898646], [-115.36355306637846, 44.106311744893596], [-115.36368587843263, 44.1064736598956], [-115.36379361351241, 44.106806960914916], [-115.36402009358957, 44.10699749091077], [-115.36409190560467, 44.10700528790485], [-115.36425360962276, 44.1069331418836], [-115.3644325606137, 44.10668975084568], [-115.36465004644371, 44.105499161720985], [-115.36500317337536, 44.10473481562119], [-115.3649687003286, 44.10450867860451], [-115.36514682926408, 44.103953886539315], [-115.36534937720826, 44.10342200847387], [-115.36565111319818, 44.103040475412485], [-115.36566379311884, 44.10258034337088], [-115.36579803510676, 44.1023679003398], [-115.3657251199976, 44.101832080299445], [-115.36557820992755, 44.101595309292165], [-115.36514642778849, 44.101277074304015], [-115.36435677355433, 44.100808376335614], [-115.3638413773872, 44.10042191334919], [-115.3629334780615, 44.09956499335758], [-115.3620464457367, 44.09869031436249], [-115.36151715752561, 44.09807122735685], [-115.3614228294296, 44.0976321243269], [-115.36148359133237, 44.097019241267425], [-115.36158144233822, 44.09694681625205]]}, "properties": {"objectid": 9539512, "trail_cn": "5035.002731", "trail_name": "TEN MILE RIDGE", "trail_no": "157005", "trail_type": "TERRA", "trail_class": "3", "gis_miles": 1.5630000000000002, "trail_surface": "NATIVE MATERIAL", "typical_trail_grade": "TRAIL_GRADE", "typical_tread_width": "TW03 - 18-24 INCHES", "national_trail_designation": 1, "terra_motorized": "N", "allowed_terra_use": "321", "bicycle_managed": null, "bicycle_accpt": "06/01-10/15", "bicycle_disc": null, "bicycle_restricted": null, "e_bike_class1_managed": null, "motorcycle_managed": null, "admin_org": "040205", "managing_org": "040205"}}, {"type": "Feature", "id": 9539748, "geometry": {"type": "LineString", "coordinates": [[-115.32199675843523, 44.16251144166921], [-115.32210289245636, 44.1625158596598], [-115.32228521451432, 44.16264525165433], [-115.32229893655601, 44.16286421067228], [-115.32250212663291, 44.16307758767227], [-115.32251500165893, 44.16320927168266], [-115.32239957667227, 44.1634083527108], [-115.32237698770673, 44.16362563573198], [-115.3222825417187, 44.163793995755455], [-115.32205606570209, 44.16394401378957], [-115.32176073370462, 44.16427524984598], [-115.3217092377262, 44.16445141386619], [-115.32161069572494, 44.164549919883996], [-115.32151986173209, 44.16468771090447], [-115.3212873917207, 44.16487310594225], [-115.32099966670816, 44.16511160598976], [-115.32092038873199, 44.165330394016344], [-115.32110278378951, 44.16545739801062], [-115.3214881748835, 44.165570647984985], [-115.32165167693952, 44.16570917498203], [-115.32156305394412, 44.16583007000085], [-115.32131372991412, 44.16592936603257], [-115.32101952892114, 44.16628459009095], [-115.32134137000577, 44.16641364107259], [-115.32142151812283, 44.166983831115225], [-115.32133874012897, 44.167106885133705], [-115.32130737715038, 44.167260684150094], [-115.32119909616306, 44.16744796717655], [-115.32119963620153, 44.1676631461954], [-115.32132682727756, 44.167952872209106], [-115.32175249944422, 44.16843035421171], [-115.32181842750182, 44.16868235622771], [-115.32182438754907, 44.16894065224987], [-115.32195960062283, 44.169209214260945], [-115.32253861083159, 44.169758040255616], [-115.3227515828908, 44.16986158324505], [-115.32294903998205, 44.17016094325308], [-115.32309235602733, 44.17026107024862], [-115.3231482250627, 44.17039936125565], [-115.32361531424374, 44.17091307025753], [-115.32371648335203, 44.171411470291964], [-115.32382840840685, 44.171598773298086], [-115.32406441559749, 44.1724139153478], [-115.32462774275588, 44.172697122320606], [-115.3248222378444, 44.17298448132787], [-115.32481621488118, 44.17319717434709], [-115.32477454590554, 44.17337826436686], [-115.32482541095061, 44.17357625237951], [-115.32492902898734, 44.17367101237826], [-115.32492381299828, 44.1737378793846], [-115.32499985003606, 44.17386809738905], [-115.32519149307922, 44.17390437937452], [-115.3252251761037, 44.17400528738025], [-115.32531199013843, 44.174106973381136], [-115.32530977815769, 44.17421692839101], [-115.32547116225444, 44.17458627240851], [-115.32536870528824, 44.17488531644427], [-115.3253107983761, 44.17543982949829], [-115.32551144448996, 44.175862358516824], [-115.32544898555763, 44.17630852256175], [-115.32554240859388, 44.17641150156217], [-115.32557887362229, 44.176531576569324], [-115.32569137666763, 44.17666471957065], [-115.32569218469165, 44.17679853558228], [-115.32586523379867, 44.177212372602604], [-115.32583797083969, 44.177471374627864], [-115.32573493094604, 44.17817754269939], [-115.32597161609097, 44.17873567772651], [-115.32583838319344, 44.17945216180173], [-115.32571098119726, 44.17961047782736], [-115.3255077352878, 44.18033549890978], [-115.32547148732095, 44.18055970093283], [-115.32534890532146, 44.180693936955976], [-115.32528746133583, 44.180840313974464], [-115.32509842732249, 44.1809682260032], [-115.32461716528624, 44.18128114807516], [-115.32460098136421, 44.18173516411648], [-115.32478581044916, 44.18201281812378], [-115.3247395335017, 44.18235641415821], [-115.32425742145358, 44.18260396222453], [-115.32410879748242, 44.18292453926642], [-115.32411626154145, 44.18324740629406], [-115.32398884956632, 44.18352287033002], [-115.32378728356265, 44.18371834936583], [-115.32391373166938, 44.18418043339469], [-115.32378617969499, 44.1844606764311], [-115.32364141376304, 44.18499648249148], [-115.32347126177676, 44.18525577653001], [-115.32341121182958, 44.185615906567165], [-115.32317188882625, 44.18585386361014], [-115.32315267485991, 44.18606277563026], [-115.32302518188514, 44.18634062866643], [-115.32284881889494, 44.18658429170414], [-115.32277805792944, 44.18685341173433], [-115.32281889501485, 44.18728794276869], [-115.32259426802639, 44.1875930558162], [-115.32228396205883, 44.18810730189006], [-115.32227982508414, 44.18825307990322], [-115.32207115510278, 44.18858113995134], [-115.32166832808257, 44.188899599016516], [-115.32148567407863, 44.18907340904869], [-115.3213841990914, 44.18925361807389], [-115.32145277027945, 44.19023246315342], [-115.32140589131453, 44.190479222179405], [-115.3214336793541, 44.19067089419368], [-115.3213433153827, 44.19092777322458], [-115.32121343638059, 44.19105496624772], [-115.32117648839692, 44.191185917262644], [-115.32118715047818, 44.19162956830062], [-115.32099015450916, 44.19201398135257], [-115.32104315356224, 44.192253839368696], [-115.32088907056132, 44.19241414839698], [-115.32078924060588, 44.19277010543746], [-115.32066979062365, 44.19299786646852], [-115.32067920367082, 44.1932514294899], [-115.32042279367525, 44.1935510735399], [-115.3200335137209, 44.194223354634914], [-115.31997995273397, 44.19435406065132], [-115.31990083973571, 44.1944485286669], [-115.31988676375887, 44.1945929656809], [-115.31977293278419, 44.19485666971458], [-115.31969427982489, 44.195168706749264], [-115.31951401083735, 44.19543143278895], [-115.31946135786579, 44.195647023812754], [-115.31922362389423, 44.196060718871024], [-115.31909275496074, 44.19657281492808], [-115.31877953894782, 44.196835974980125], [-115.31888439201903, 44.19712202299555], [-115.31872675503966, 44.19740659803512], [-115.3185738740314, 44.19752388705955], [-115.31830311305214, 44.197929922120196], [-115.31827485616162, 44.198572629179196], [-115.31820948918396, 44.198767712202354], [-115.31810185119238, 44.19892989622659], [-115.31780427817372, 44.1991441952729], [-115.31747946614165, 44.19931281831772], [-115.3171432730807, 44.19933177435052], [-115.31626447294926, 44.19953771644989], [-115.31637740306478, 44.200062934485516], [-115.31618196213155, 44.20064569255474], [-115.31599822116489, 44.201029096605374], [-115.31565065915217, 44.20132999266393], [-115.31554414223706, 44.20191894772546], [-115.31544585923018, 44.20198563574042], [-115.31542753724666, 44.20209760475193], [-115.31551820233227, 44.20247920677702], [-115.31545975641674, 44.203013881829314], [-115.3153682384312, 44.20319303685351], [-115.31523208442528, 44.20330578687603], [-115.31526798247803, 44.20356213189516], [-115.31521898250273, 44.20375262891642], [-115.31545668662302, 44.20417097993112], [-115.31495504666337, 44.20493355304442], [-115.31462719763226, 44.205110534090316], [-115.31459853867135, 44.205359693114794], [-115.31439187271887, 44.20584675617668], [-115.31420990974131, 44.206166826221576], [-115.31414840178171, 44.20645879225292], [-115.31401310379138, 44.20665762028289], [-115.31394689481871, 44.20688137830858], [-115.31384617586383, 44.20724140534948], [-115.31321147095417, 44.20842572851213], [-115.31299059398377, 44.20882770456787], [-115.31299066704577, 44.20917437059826], [-115.31305818617719, 44.20983642165008], [-115.31298206820215, 44.21005764067652], [-115.31288624120107, 44.21015424869387], [-115.31263613628325, 44.21088093978072], [-115.31247843130396, 44.2111655048203], [-115.31201742229246, 44.21159501090063], [-115.31181550831019, 44.211910271947], [-115.31180386334002, 44.212089137963765], [-115.31169690234404, 44.212226221985695], [-115.31174623937758, 44.21236083599293], [-115.31163427137037, 44.212440468010264], [-115.31163291339945, 44.212604217024726], [-115.31174604246206, 44.21283301503435], [-115.31169317947135, 44.21294145004877], [-115.31172428451089, 44.213129151062354], [-115.31147924549968, 44.21332874610252], [-115.3111850464746, 44.21350370414511], [-115.3106550303824, 44.21355563519875], [-115.31035114334672, 44.21368168023789], [-115.30999026329633, 44.21378607528049], [-115.3093673562267, 44.214063749362474], [-115.30921420621965, 44.21418819438761], [-115.30919133023362, 44.21429066039871], [-115.3089602142003, 44.21435178942548], [-115.30882629224291, 44.21473352847133], [-115.3089370092786, 44.214814063468125], [-115.30881958828355, 44.214967726492475], [-115.30877019529196, 44.215067407505785], [-115.30848813925557, 44.21516603454055], [-115.30829062524718, 44.21533046257327], [-115.30814617022898, 44.21538331159125], [-115.30810051023549, 44.215468704602976], [-115.30775061620551, 44.21567558265353], [-115.30741300518305, 44.21591157170546], [-115.30721315614727, 44.215925343725175], [-115.3070785301318, 44.21598311974271], [-115.30693945314333, 44.21619622777429], [-115.30682020813857, 44.21629726379419], [-115.30680678217831, 44.21653375281619], [-115.30685899021519, 44.21668395082452], [-115.30696169025784, 44.21681218582622], [-115.3070593902892, 44.21688296682343], [-115.30718456836188, 44.21715498283567], [-115.30739029052826, 44.217864508878854], [-115.30724315856774, 44.21824246392566], [-115.30678469554034, 44.21857993999766], [-115.30662745359949, 44.21907847905597], [-115.30629042556357, 44.219238446101215], [-115.30625878557109, 44.21931457311082], [-115.3062989526157, 44.219520685125175], [-115.30617654863, 44.21973164915499], [-115.30618743966788, 44.219931441171475], [-115.30612204166933, 44.22000936818438], [-115.30569723562489, 44.22021584724185], [-115.30554879358921, 44.220175390252045], [-115.30539932455976, 44.22017078326548], [-115.305364178566, 44.2202435792751], [-115.30536375860889, 44.22048344829618], [-115.30548701865168, 44.22059047229411], [-115.30559808368523, 44.220659061289886], [-115.30572356973529, 44.220804370291], [-115.30571301577842, 44.221056441314076], [-115.30565240979229, 44.22119899033222], [-115.30554894479576, 44.2213289483532], [-115.30541430378031, 44.22138671937072], [-115.30522395181141, 44.221764030421404], [-115.30508177280434, 44.221876797444466], [-115.30496185384074, 44.222208413484644], [-115.30503591093219, 44.22263985451568], [-115.30512594496851, 44.222746384516654], [-115.3053685350364, 44.22286593750467], [-115.30542239305892, 44.22293398450566], [-115.30586496018721, 44.22317693248598], [-115.30593203623789, 44.223388316498294], [-115.30599631026409, 44.223465775499164], [-115.30600340028344, 44.22356629350726], [-115.30591833027933, 44.22363436352112], [-115.30591973529162, 44.223701327526896], [-115.30579845127829, 44.22375690654299], [-115.30579612029244, 44.223838158550315], [-115.3056298823021, 44.22406998958604], [-115.30569182336315, 44.224344653604405], [-115.3055900293772, 44.22453201463023], [-115.30568640143744, 44.224765351641764], [-115.30552498550097, 44.22529251570294], [-115.3054058195163, 44.225505916732686], [-115.30514511949566, 44.225669403771164], [-115.30509965450096, 44.22574762478226], [-115.30518118558871, 44.22615048681001], [-115.30509444959654, 44.226286760829986], [-115.30497724163968, 44.226653110872945], [-115.30497237166915, 44.226822783888295], [-115.30489839468089, 44.22696752390783], [-115.30480276369914, 44.2271717119346], [-115.30458669967818, 44.22728565296459], [-115.30454783372653, 44.22759707399548], [-115.3042231797191, 44.22790305505243], [-115.30431232476084, 44.2280406540562], [-115.30432626678028, 44.22813410206313], [-115.30424833981586, 44.228416252095066], [-115.30358209877893, 44.22892276620119], [-115.30339723079743, 44.22922364924471], [-115.3032350138034, 44.22943043427786], [-115.30315519185045, 44.22977830131576], [-115.30292790193865, 44.23051367640125], [-115.30287829898958, 44.230851235435445], [-115.30294246303721, 44.23104823244676], [-115.30301719106238, 44.23110911244522], [-115.30307477610829, 44.231303621456924], [-115.30326674619207, 44.231565874462135], [-115.30333683326606, 44.23190401548529], [-115.30329679630067, 44.232140108509704], [-115.30318799031552, 44.23233931753719], [-115.3031722153487, 44.23254110355634], [-115.30334179548485, 44.23311980159139], [-115.30347394953625, 44.23326521159192], [-115.30355682559517, 44.233505521605295], [-115.30378201466482, 44.23365350959738], [-115.30396889173798, 44.23386189059832], [-115.30412386381735, 44.23413913160832], [-115.30443905996516, 44.2346267506218], [-115.30487845708795, 44.234842465600046], [-115.30497224212245, 44.23493470759943], [-115.30501770815872, 44.235088392608674], [-115.30517005123333, 44.23534168661677], [-115.30533219929006, 44.23548514861436], [-115.30529428729645, 44.2355612846245], [-115.3053191723274, 44.23570729763502], [-115.30541313136084, 44.235793564633894], [-115.30539681737653, 44.23589851664457], [-115.30546514241982, 44.23606688565299], [-115.30544799743623, 44.23617677966425], [-115.30555162647777, 44.23629768266523], [-115.30555470949463, 44.23638861067293], [-115.30574526757235, 44.236618529675425], [-115.30578813460953, 44.23677989168555], [-115.30587287465136, 44.236922856690256], [-115.30588332169197, 44.23713818170815], [-115.30597906473538, 44.2372782687116], [-115.30621080991092, 44.2380096977542], [-115.30621488394858, 44.23821536477185], [-115.30647436803923, 44.2384439467678], [-115.30646761505935, 44.23856338477891], [-115.30652552908262, 44.23863118677948], [-115.30661812310359, 44.2386492947725], [-115.30664335512144, 44.23872190377655], [-115.30672445914523, 44.23876801877306], [-115.30676136817105, 44.238872564778774], [-115.30723328932572, 44.23923100676651], [-115.30693599942248, 44.24008847486919], [-115.30681574442353, 44.24022296789208], [-115.30682852645012, 44.24035703890267], [-115.30688582647706, 44.240446348905174], [-115.30689240452035, 44.240680742925115], [-115.30680333254031, 44.24088741895148], [-115.30664781252644, 44.24097596197365], [-115.30638468052008, 44.24122189801958], [-115.30641692261574, 44.24172085306027], [-115.30634069470338, 44.24229111911732], [-115.30653487181573, 44.24270999413606], [-115.30684896792897, 44.243006325132875], [-115.30731283607031, 44.24329890011553], [-115.30745993113537, 44.2435042961199], [-115.30742956615302, 44.24363533813422], [-115.30785892931641, 44.244087581134025], [-115.30789471334904, 44.24423155814332], [-115.30799677639592, 44.24438369014717], [-115.30801261342472, 44.2445273701583], [-115.30826225853365, 44.244868168165034], [-115.30840558957993, 44.24497309516096], [-115.30860982867301, 44.24527377216835], [-115.30860362668983, 44.24537409317771], [-115.30844576869, 44.245543891207205], [-115.30844797380149, 44.246163134261266], [-115.30862044894157, 44.24675979729755], [-115.30891846904854, 44.24703795529432], [-115.30883656612917, 44.24757466634891], [-115.30935790335931, 44.24830081436415], [-115.30964396845556, 44.248532171357915], [-115.31003537159984, 44.24891809835547], [-115.31025608469714, 44.2492249923619], [-115.31093766989196, 44.249582933330075], [-115.31109235993186, 44.24964021032075], [-115.31117328896134, 44.24971791032]]}, "properties": {"objectid": 9539748, "trail_cn": "5032.002731", "trail_name": "WARM SPRINGS", "trail_no": "147005", "trail_type": "TERRA", "trail_class": "3", "gis_miles": 7.148, "trail_surface": "NATIVE MATERIAL", "typical_trail_grade": "TRAIL_GRADE", "typical_tread_width": "TW03 - 18-24 INCHES", "national_trail_designation": 1, "terra_motorized": "Y", "allowed_terra_use": "4321", "bicycle_managed": null, "bicycle_accpt": "01/01-12/31", "bicycle_disc": null, "bicycle_restricted": null, "e_bike_class1_managed": null, "motorcycle_managed": "01/01-12/31", "admin_org": "040205", "managing_org": "040205"}}, {"type": "Feature", "id": 9539844, "geometry": {"type": "LineString", "coordinates": [[-115.30990699084086, 44.0878369982135], [-115.3095035457511, 44.08776622524443], [-115.30821657947745, 44.0876117833494], [-115.30763389336845, 44.08762571540433], [-115.30729421929374, 44.08757103943082], [-115.30701899521992, 44.08745188344569], [-115.30675158210886, 44.087113963440544], [-115.30655624305975, 44.08704788845271], [-115.30630303400905, 44.08703510747491], [-115.30601998596293, 44.08708055150496], [-115.3056961538901, 44.08701933752944], [-115.30543962383993, 44.08701327655252], [-115.30532616080355, 44.08693035955567], [-115.30517699673898, 44.08672732255152], [-115.30507775367528, 44.086475384538424], [-115.30475453657937, 44.0862833025513], [-115.30460036051586, 44.086091472548596], [-115.30432808744385, 44.08597912156379], [-115.30407462339465, 44.08597535858676], [-115.3036643452979, 44.08587223861551], [-115.30299933316927, 44.085864617676116], [-115.30257205707754, 44.08580862671053], [-115.3023047230341, 44.08585203773896], [-115.30176899193418, 44.08586663878965], [-115.30145681588841, 44.08594548582536], [-115.30134174090051, 44.086137828852905], [-115.30123387889839, 44.086242276872056], [-115.30088572985528, 44.08637474191579], [-115.3008242098561, 44.086446032927775], [-115.30081549586964, 44.08653164793612], [-115.30073852186626, 44.086595940948875], [-115.3002178398117, 44.08684994101929], [-115.30018493281533, 44.0869058620272], [-115.30017931184908, 44.08710208804504], [-115.30000303286008, 44.08735444408351], [-115.29962399482777, 44.08758121513847], [-115.29949666784543, 44.08781850317112], [-115.29951353187997, 44.087994756185104], [-115.29921849884755, 44.08813026322422], [-115.29918742685952, 44.08823134123602], [-115.29907967384702, 44.08827712225001], [-115.29877425779937, 44.08833801128352], [-115.29827517373131, 44.08849303934318], [-115.29811312071507, 44.08857637036544], [-115.29775137971453, 44.088963601432894], [-115.29754667373126, 44.08927870847957], [-115.29721796266827, 44.089278321509816], [-115.29694944463179, 44.089362319541955], [-115.29660873362127, 44.089670885600555], [-115.29651612763418, 44.089843250624305], [-115.29651295465314, 44.08995376863434], [-115.29573389952996, 44.09010009771905], [-115.29548538448981, 44.09014151974557], [-115.29532742346834, 44.09019105976452], [-115.29496887942918, 44.09035719881219], [-115.29426322532106, 44.09050912589061], [-115.2938440082293, 44.0904441959235], [-115.29343020013417, 44.090354526953746], [-115.2933194231011, 44.090287433958046], [-115.29275709496675, 44.09013687499657], [-115.29243267789737, 44.09009592202286], [-115.29230698387616, 44.090112094035874], [-115.29193565884572, 44.090341211090305], [-115.29165532680254, 44.09040020012131], [-115.29153107279201, 44.09047505913935], [-115.29130231276886, 44.090591229170684], [-115.2910953947503, 44.09070998120021], [-115.29070990369829, 44.090832831246594], [-115.29022347560269, 44.09081878029018], [-115.28997449856516, 44.09087597831815], [-115.28944634345825, 44.09084324736396], [-115.28905335441243, 44.09100885141473], [-115.28882628839834, 44.09117468345029], [-115.28820016434565, 44.091553409541376], [-115.28793833730766, 44.091621690571586], [-115.28716621215256, 44.09158078163909], [-115.28627138596809, 44.091506434715], [-115.28550415180312, 44.091404662776704], [-115.28512529571155, 44.09129743580214], [-115.28468926364295, 44.091381144849684], [-115.28448904360364, 44.09137588186768], [-115.28441472058446, 44.09134768887205], [-115.28445755557954, 44.09127386886158], [-115.28462211260027, 44.09121316084108], [-115.28476345660529, 44.09108892181708], [-115.28426979544705, 44.09072950183087], [-115.28417408942047, 44.09068293683559], [-115.28399885438728, 44.090685057851886], [-115.28373430235033, 44.09076211188308], [-115.28360553634928, 44.09089522590669], [-115.28326519130046, 44.090987436946165], [-115.28251334417847, 44.09111152102638], [-115.28234729214745, 44.091115793042064], [-115.28158039798059, 44.09100271710276], [-115.28147340896338, 44.0910214151143], [-115.28116366290288, 44.091014498142215], [-115.28094193584744, 44.09094121115614], [-115.28072924881803, 44.0910050211814], [-115.27997129168138, 44.091052960255425], [-115.27919173854163, 44.09110665333201], [-115.27857975141444, 44.091050048383416], [-115.27823820133166, 44.09095238440626], [-115.27783478423257, 44.090828968432525], [-115.27753777514447, 44.09065300044435], [-115.27725966706883, 44.09052695745883], [-115.277323289094, 44.09060012345948], [-115.27743168914105, 44.09074842646258], [-115.27749660617772, 44.090884792468614], [-115.27773890627395, 44.091165988471126], [-115.27775486529426, 44.09126325747821], [-115.2777318462966, 44.09130126948368], [-115.27758366525539, 44.091229084490955], [-115.27758025025385, 44.09122406749085], [-115.27743961221441, 44.091153523497596], [-115.27735350118974, 44.09110721050139], [-115.2770099210836, 44.090879707513025], [-115.27662502198963, 44.09076559153839], [-115.27649658696554, 44.09076816655044], [-115.27648823197669, 44.09084024655757], [-115.27627117496054, 44.09098364059024], [-115.27609338992242, 44.090960649604554], [-115.27566399780899, 44.09078461162862], [-115.27551599076902, 44.09071935263645], [-115.27533105171874, 44.090635532646104], [-115.2750440006486, 44.090549927665], [-115.27492379161406, 44.09048493167036], [-115.27468982954507, 44.09034826867983], [-115.27462750653133, 44.09033830068471], [-115.27469871156883, 44.09047292769001], [-115.2749083056483, 44.09069454669024], [-115.27470692859677, 44.0906215547024], [-115.27448522253174, 44.09049410171158], [-115.2746759906268, 44.09082416872312], [-115.2748484646963, 44.091029853725345], [-115.27488529470786, 44.091055230724244], [-115.2748906367145, 44.091086901726534], [-115.27445625860733, 44.09095172375463], [-115.27420286553854, 44.090837327767844], [-115.27391527355711, 44.09125268083101], [-115.27392433062772, 44.09164092686445], [-115.27387163563347, 44.09173038787721], [-115.27390612669701, 44.09205132290236], [-115.2738441997382, 44.09235049593449], [-115.27378922773835, 44.092410587944826], [-115.2734542436741, 44.09241003697566], [-115.27323268664627, 44.09249243300333], [-115.27311109667707, 44.09279747104147], [-115.27300447567679, 44.09291093806132], [-115.27286838571482, 44.09327227810572], [-115.27269773677013, 44.093768260165234], [-115.273002875877, 44.094041392161195], [-115.2731361779297, 44.094194589162456], [-115.27321325898993, 44.09445073117793], [-115.27328235002096, 44.09455106018042], [-115.27332715008092, 44.09484056220183], [-115.27355095221006, 44.095326824224166], [-115.27367832525957, 44.095468649224905], [-115.27388252137087, 44.095875638242006], [-115.27398385744057, 44.09615922425772], [-115.27402131054394, 44.0967013353021], [-115.27402634659056, 44.09695864632433], [-115.27388280059832, 44.09715730135512], [-115.27388041663153, 44.097346806372045], [-115.27377926063707, 44.09748743339378], [-115.2737566746559, 44.0976179644074], [-115.2735964016708, 44.09787493044483], [-115.27347198067626, 44.09804012947086], [-115.27308080461914, 44.09814026851572], [-115.27282269559701, 44.098294315553126], [-115.27200833351897, 44.0987332866669], [-115.27138865148433, 44.09920678776577], [-115.27124060448034, 44.09934444679159], [-115.27118645149466, 44.099483525808864], [-115.271050947474, 44.0995130658239], [-115.2708393174637, 44.09968360785848], [-115.27018851737412, 44.099881345935906], [-115.26984379633842, 44.100052126982774], [-115.26925318225614, 44.10022595105253], [-115.26873939417835, 44.100342268110126], [-115.268129811084, 44.10046841317741], [-115.26767364102862, 44.100648778235374], [-115.26748512499637, 44.10067074125467], [-115.26713435295065, 44.100791713297724], [-115.26696939592225, 44.1008096783145], [-115.26680094390117, 44.100872867335596], [-115.26685457691497, 44.1008927393324], [-115.2666318798803, 44.10093759335689], [-115.2661095628241, 44.10118464342683], [-115.26540770071135, 44.1013071155023], [-115.26487801861286, 44.101323891552575], [-115.26450963855454, 44.10139275659262], [-115.26427500751775, 44.10143883361833], [-115.2636580843999, 44.101440738675336], [-115.26310207928505, 44.10139392472247], [-115.26280595223916, 44.101454857755115], [-115.26249009920461, 44.10160123479712], [-115.26229882420749, 44.10182396883444], [-115.26200595921826, 44.10220085189469], [-115.26183015524421, 44.102536640940556], [-115.26188826128268, 44.10269096394877], [-115.26191974032568, 44.10289903496427], [-115.26213298142156, 44.10320915597195], [-115.26233297851928, 44.1035438949831], [-115.26221573652415, 44.103697806007474], [-115.26200251950395, 44.10381415303742], [-115.26175178645727, 44.103821620061176], [-115.26157374740143, 44.103699319066756], [-115.26153543837958, 44.10361750306309], [-115.26131321331538, 44.10349567607282], [-115.26060893209541, 44.10301672309544], [-115.2601468399673, 44.10279367411833], [-115.25989889289778, 44.10266969913023], [-115.25959292981473, 44.1025319061463], [-115.25929481572354, 44.1023400791568], [-115.25904187963756, 44.102128606161465], [-115.2589443496042, 44.10204609016315], [-115.25859937248792, 44.101763112169984], [-115.25825132238623, 44.10156600818467], [-115.25747963419019, 44.10129448923178], [-115.25673873199337, 44.1009855892728], [-115.25636032088022, 44.10075642728745], [-115.2560789377859, 44.100528743293246], [-115.25594200673567, 44.10039352229392], [-115.2557264986722, 44.100268383302755], [-115.25556377263095, 44.10021174431271], [-115.25536486760272, 44.100267372336006], [-115.25502839256575, 44.10042244138065], [-115.25458603150504, 44.100557837433385], [-115.2543435724667, 44.10060377345978], [-115.25407427141516, 44.10060416948465], [-115.25387489137084, 44.10056953149998], [-115.25363498230818, 44.10047560651374], [-115.25315811522233, 44.10050667256044], [-115.25292158118717, 44.10056397958731], [-115.25273072914968, 44.100558802604446], [-115.25238405009668, 44.1006347306431], [-115.2520542200398, 44.100670298676626], [-115.25147976094773, 44.1007720727385], [-115.2511892818877, 44.10074731776313], [-115.25091831482702, 44.10069803878375], [-115.25071203278874, 44.10070486980336], [-115.25041125473666, 44.10073627183384], [-115.24999144465889, 44.10075153387385], [-115.24955359657177, 44.100733541912625], [-115.24919739149897, 44.10070777394317], [-115.2487149944076, 44.100713917988145], [-115.24840600236118, 44.10078589802295], [-115.2480573883194, 44.100927220067604], [-115.24776061328656, 44.10106256710687], [-115.247260495223, 44.101244434169], [-115.24678514914699, 44.10132965222034], [-115.24645490909242, 44.10137873625512], [-115.24615373704752, 44.101450832289245], [-115.24586238501124, 44.101561435325856], [-115.2453277069041, 44.10153517037277], [-115.24482100478478, 44.101410050408404], [-115.24409065162119, 44.10127697646397], [-115.24374737752964, 44.10113179948276], [-115.24349358646225, 44.10102623949679], [-115.24324488340754, 44.10098639751621], [-115.24286945734018, 44.101012243553114], [-115.24277006631685, 44.10098810056012], [-115.24261728726431, 44.10085718456264], [-115.24254858324257, 44.100808852564704]]}, "properties": {"objectid": 9539844, "trail_cn": "5035.002731", "trail_name": "TEN MILE RIDGE", "trail_no": "157005", "trail_type": "TERRA", "trail_class": "3", "gis_miles": 4.721, "trail_surface": "NATIVE MATERIAL", "typical_trail_grade": "TRAIL_GRADE", "typical_tread_width": "TW03 - 18-24 INCHES", "national_trail_designation": 1, "terra_motorized": "Y", "allowed_terra_use": "4321", "bicycle_managed": null, "bicycle_accpt": null, "bicycle_disc": null, "bicycle_restricted": null, "e_bike_class1_managed": null, "motorcycle_managed": "06/01-10/15", "admin_org": "040205", "managing_org": "040205"}}, {"type": "Feature", "id": 9539851, "geometry": {"type": "LineString", "coordinates": [[-115.31054090023264, 44.145622104242975], [-115.31143261849961, 44.14616276120815], [-115.31172257056909, 44.14624116318825], [-115.31216967366181, 44.146281242150486], [-115.31248308371367, 44.14623566611753], [-115.31279140277564, 44.14625217509055], [-115.31305164181762, 44.14620820406262], [-115.31329690086731, 44.14622378004135], [-115.31345038790256, 44.14625662003008], [-115.31414559503797, 44.14626978096702], [-115.31431770407433, 44.14628905795284], [-115.31488531018405, 44.146295042900924], [-115.31527767927636, 44.14639168187319], [-115.31564221935054, 44.1464161848417], [-115.31579691838861, 44.146463892831605], [-115.31591774742438, 44.146535007826685], [-115.31609198746864, 44.146596151815984], [-115.31647898161445, 44.14699873181561], [-115.31698784576892, 44.14731942779682], [-115.317090350812, 44.14745123879896], [-115.31725345086154, 44.14755405679296], [-115.31785459716302, 44.1486005258294], [-115.31811017827498, 44.14895454283691], [-115.3179254562528, 44.14902832886049], [-115.31791387026077, 44.14908553786658], [-115.31845907738189, 44.14917963582446], [-115.31869872544497, 44.14927640581086], [-115.31903160553684, 44.14943431779401], [-115.31909086757216, 44.14956907480035], [-115.31901180859477, 44.149780694826255], [-115.31894643859657, 44.14986102083935], [-115.31882229358501, 44.14992974585687], [-115.31856042256959, 44.15012430389819], [-115.31843197858004, 44.150320850927294], [-115.3184518056469, 44.15067498295658], [-115.31835487864623, 44.15077496597437], [-115.31819599663407, 44.150877822998076], [-115.31802952861587, 44.15095423302014], [-115.31762340758026, 44.15119086507844], [-115.31747060556825, 44.151287647101086], [-115.31728922157318, 44.15151005713739], [-115.31719788757957, 44.151643759157594], [-115.31709405558344, 44.15177727217892], [-115.31699124658114, 44.151874796196985], [-115.31698919959362, 44.1519467852035], [-115.31701266360777, 44.152001155206094], [-115.3169962146207, 44.15209127421552], [-115.31681740762974, 44.152334041253425], [-115.31682999365727, 44.15247528526467], [-115.31694412171309, 44.15266584027085], [-115.31705742479473, 44.15300222328994], [-115.3172464288951, 44.153362435304174], [-115.31727086893395, 44.15355405931873], [-115.31724991597798, 44.1538239133444], [-115.31716937403033, 44.154204060385304], [-115.317234122074, 44.154379544394686], [-115.31720436610914, 44.154608625417616], [-115.3170122961106, 44.15482335745419], [-115.3168322261641, 44.155316797514224], [-115.31688429622241, 44.15558772753321], [-115.31698319226672, 44.1557302425366], [-115.31699403932569, 44.15604957656365], [-115.31740068645657, 44.156347246552244], [-115.3179491966205, 44.15667808453067], [-115.31801625765019, 44.15677231453275], [-115.31806299467843, 44.156880589537955], [-115.31802314571244, 44.157114302562164], [-115.31779983571647, 44.15737639360581], [-115.31766348671239, 44.15749990262931], [-115.3174773827022, 44.157642798659055], [-115.31725983068819, 44.15779758869271], [-115.31720236970425, 44.15794975371143], [-115.31728803878741, 44.15832398373637], [-115.31716013183609, 44.158734512784285], [-115.31724490790647, 44.15903847680319], [-115.31746253195529, 44.15907846378657], [-115.31782600601555, 44.15902643774843], [-115.31817951109484, 44.15909141572148], [-115.31832332715769, 44.15928957872559], [-115.3184835482041, 44.15937800771852], [-115.31849533320964, 44.15939639371908]]}, "properties": {"objectid": 9539851, "trail_cn": "5032.002731", "trail_name": "WARM SPRINGS", "trail_no": "147005", "trail_type": "TERRA", "trail_class": "3", "gis_miles": 1.413, "trail_surface": "NATIVE MATERIAL", "typical_trail_grade": "TRAIL_GRADE", "typical_tread_width": "TW03 - 18-24 INCHES", "national_trail_designation": 1, "terra_motorized": "Y", "allowed_terra_use": "4321", "bicycle_managed": null, "bicycle_accpt": "01/01-12/31", "bicycle_disc": null, "bicycle_restricted": null, "e_bike_class1_managed": null, "motorcycle_managed": "01/01-12/31", "admin_org": "040205", "managing_org": "040205"}}, {"type": "Feature", "id": 9539853, "geometry": {"type": "LineString", "coordinates": [[-115.36158144233822, 44.09694681625205], [-115.36218041037391, 44.096503484157786], [-115.36242394238462, 44.096301639117605], [-115.36251204135841, 44.09605920608817], [-115.36246939032249, 44.095902900078336], [-115.36199486116253, 44.09551250008776], [-115.36188698411077, 44.09533720708228], [-115.36180908405323, 44.095096906068335], [-115.36154075496937, 44.094913335076946], [-115.36118671886946, 44.094731461093595], [-115.36104114181322, 44.094571531092946], [-115.3609997527834, 44.0944480350859], [-115.36109347770638, 44.09391329003022], [-115.36083406161369, 44.0936703830328], [-115.3600013313735, 44.09321390906941], [-115.35939302923298, 44.09307700911348], [-115.35921976618658, 44.09300231212288], [-115.35902172715383, 44.093031058143666], [-115.35746147082243, 44.09284391127104], [-115.35687742865149, 44.09250968029549], [-115.35657916153964, 44.09220076829583], [-115.35653408649895, 44.09201960428403], [-115.35644989446058, 44.09189428928078], [-115.35629185041995, 44.091835602290196], [-115.35634169753135, 44.09240945733606], [-115.35670525467864, 44.09284792534115], [-115.35686156777024, 44.093195411357314], [-115.35806516415232, 44.094052118321684], [-115.35844020030865, 44.09452910532905], [-115.35849247734481, 44.09467652533723], [-115.35741987023182, 44.09519452948165], [-115.35677958609936, 44.09513793353574], [-115.35655398301725, 44.09491806953722], [-115.35584495679059, 44.09440467855742], [-115.35500812654601, 44.09392780159263], [-115.35422879630516, 44.093410228618936], [-115.35393755224999, 44.09341280064604], [-115.35360393123744, 44.09370133070216], [-115.35308515817222, 44.09389241976682], [-115.35224253195373, 44.09356887781604], [-115.35182221590831, 44.09376589187211], [-115.35158730684402, 44.09365644888417], [-115.35041583854341, 44.09322435095417], [-115.34824426098056, 44.092391930081085], [-115.34749219278123, 44.09207868812285], [-115.3467666745774, 44.09171167015748], [-115.34638315844421, 44.09137442116317], [-115.34633729740852, 44.091222574153996], [-115.34632606527765, 44.090497042091165], [-115.34631638717828, 44.08994770804374], [-115.34656015418399, 44.08971714900092], [-115.34650148114862, 44.08958125099437], [-115.34598104001746, 44.089402656026664], [-115.34629645905781, 44.089290178987675], [-115.34611267499986, 44.08916147599325], [-115.34632820402084, 44.08904755296341], [-115.34631998099206, 44.0888943789507], [-115.34562426083492, 44.08875825700284], [-115.34584254883885, 44.08854533996396], [-115.34585786179417, 44.08827697893892], [-115.3453690886564, 44.088026923961934], [-115.34496493745601, 44.087332890938086], [-115.34434404730403, 44.08714563397884], [-115.34368461214106, 44.08693750502132], [-115.34339818605635, 44.086768631032854], [-115.34328828203746, 44.086780576044006], [-115.34311692799947, 44.086751012057206], [-115.34245956883369, 44.08652485609789], [-115.3419912207065, 44.08631272212241], [-115.34176378266606, 44.086329728144875], [-115.34105896951426, 44.08623374820136], [-115.34061128338912, 44.086010627223], [-115.34048328337035, 44.08604278523758], [-115.34045057140482, 44.08627229626083], [-115.34028494839113, 44.086373686285036], [-115.34011922435822, 44.08636676529967], [-115.340013926311, 44.086214053295954], [-115.33972901527663, 44.08632724733216], [-115.33958578822447, 44.08618752233306], [-115.33983921021431, 44.08585725028063], [-115.33864300990852, 44.085422414352585], [-115.33866405889819, 44.0853414893435], [-115.3387561949072, 44.08529318733078], [-115.33864568987217, 44.08521486033408], [-115.33799851473768, 44.08515427938837], [-115.33772868673104, 44.08540762143556], [-115.33719892859415, 44.08520695946672], [-115.33681571448355, 44.08499657248347], [-115.33600600728455, 44.08474714353613], [-115.33534703615692, 44.08473810959609], [-115.33508799708618, 44.08461858760939], [-115.33481574602999, 44.084594977632435], [-115.3346499999774, 44.084477481637336], [-115.33434142490482, 44.08440066665901], [-115.33396884384904, 44.08448785570102], [-115.33405248082724, 44.084274964674556], [-115.33379330477737, 44.0842731896983], [-115.3335571316989, 44.0840855057035], [-115.3333902636565, 44.08402589971367], [-115.33231157532428, 44.08331576575055], [-115.33191441721476, 44.083126567770414], [-115.33169775117757, 44.083150479792515], [-115.33104126008595, 44.08334171386986], [-115.33041603498077, 44.08342283393462], [-115.32914076375441, 44.083521522060806], [-115.32884910366606, 44.08333781707152], [-115.32847108259543, 44.08334700210717], [-115.32834471257851, 44.083388026122414], [-115.32807132259198, 44.08375859418025], [-115.32815834867166, 44.08411413120358], [-115.32807000269857, 44.084361047233465], [-115.3274034296486, 44.084798065333395], [-115.32687216559403, 44.0850633044057], [-115.32675087662138, 44.08534810644199], [-115.32534460147481, 44.086038277632404], [-115.32437317228529, 44.086017261720094], [-115.32382732119393, 44.086090623776826], [-115.32317515912874, 44.086426147866504], [-115.32303664310709, 44.086453448881684], [-115.32227429396168, 44.08645579295213], [-115.32159544986811, 44.086660181032684], [-115.32052905270618, 44.08689722915188], [-115.31958491649789, 44.08674118422509], [-115.3190021043113, 44.086317874241516], [-115.31821227012695, 44.08613024429774], [-115.31783765806836, 44.086203704338736], [-115.31751150603233, 44.08635248438193]]}, "properties": {"objectid": 9539853, "trail_cn": "5035.002731", "trail_name": "TEN MILE RIDGE", "trail_no": "157005", "trail_type": "TERRA", "trail_class": "3", "gis_miles": 3.551, "trail_surface": "NATIVE MATERIAL", "typical_trail_grade": "TRAIL_GRADE", "typical_tread_width": "TW03 - 18-24 INCHES", "national_trail_designation": 1, "terra_motorized": "N", "allowed_terra_use": "321", "bicycle_managed": null, "bicycle_accpt": "06/01-10/15", "bicycle_disc": null, "bicycle_restricted": null, "e_bike_class1_managed": null, "motorcycle_managed": null, "admin_org": "040205", "managing_org": "040205"}}, {"type": "Feature", "id": 9539897, "geometry": {"type": "LineString", "coordinates": [[-115.37962926365007, 44.10743809350932], [-115.37958391462277, 44.107333227504334], [-115.38019006367968, 44.1070018544193], [-115.38031177967166, 44.10682607339257], [-115.38029771165183, 44.106729598385435], [-115.38007092058093, 44.10657432139269], [-115.37996523452387, 44.106366863384245], [-115.37941172539267, 44.10622362442272], [-115.37881425322679, 44.105932338452256], [-115.37858652414369, 44.105709477453686], [-115.37833455307779, 44.10560962646816], [-115.37802595701518, 44.10558901249482], [-115.37738639187181, 44.10546979954335], [-115.37652599773634, 44.10563207163701], [-115.37592961460432, 44.10553032668308], [-115.37526099048023, 44.105550903746575], [-115.37472073241466, 44.105762844815075], [-115.37426334931493, 44.10569315485111], [-115.37355045119882, 44.105806309926855], [-115.37287987707333, 44.10582087598999], [-115.3723155549967, 44.10599635905749], [-115.37185351395318, 44.10624851312223], [-115.37147347189462, 44.106327335164266], [-115.37103941985366, 44.10656350122505]]}, "properties": {"objectid": 9539897, "trail_cn": "5035.002731", "trail_name": "TEN MILE RIDGE", "trail_no": "157005", "trail_type": "TERRA", "trail_class": "3", "gis_miles": 0.5630000000000001, "trail_surface": "NATIVE MATERIAL", "typical_trail_grade": "TRAIL_GRADE", "typical_tread_width": "TW03 - 18-24 INCHES", "national_trail_designation": 1, "terra_motorized": "N", "allowed_terra_use": "321", "bicycle_managed": null, "bicycle_accpt": "06/01-10/15", "bicycle_disc": null, "bicycle_restricted": null, "e_bike_class1_managed": null, "motorcycle_managed": null, "admin_org": "040205", "managing_org": "040205"}}, {"type": "Feature", "id": 9539898, "geometry": {"type": "LineString", "coordinates": [[-115.23006961560043, 44.121932100580366], [-115.23021597660923, 44.121823577557315], [-115.23123903376023, 44.12156933644049], [-115.23207968086872, 44.12127244233679], [-115.23317028993954, 44.120493890167516], [-115.23342649194755, 44.12026274712347], [-115.2338207149306, 44.119741667041126], [-115.23425480398403, 44.11957396398632], [-115.23452130200374, 44.11939704394611], [-115.23498205105936, 44.11921276288734], [-115.23618640026356, 44.11906241476306], [-115.23698003235634, 44.11872807266034], [-115.2374748423694, 44.118267628574074], [-115.23763446734736, 44.11797109353322], [-115.23879347148916, 44.11751834338638], [-115.23916941651395, 44.117252369328234], [-115.239926207604, 44.11694254823114], [-115.24084522475917, 44.11682413513592], [-115.2413494218119, 44.11657670106763], [-115.2420937968614, 44.11605199895268], [-115.24303593193967, 44.11547580081494], [-115.24427326398485, 44.114394484605455], [-115.24451176697227, 44.11406628055446], [-115.2447231669387, 44.113649057498144], [-115.24490319294186, 44.113472852465996], [-115.2450016279222, 44.11325562243778], [-115.24528261193163, 44.11300548738974], [-115.24543993088074, 44.11254906133497], [-115.24546352283296, 44.112254639306784], [-115.24555582582192, 44.11209286028399], [-115.24569369876662, 44.11163231123068], [-115.24580094969562, 44.111116930175264], [-115.24602001166522, 44.110709322119085], [-115.24609750662913, 44.11042217008661], [-115.24605751255774, 44.110063612058624], [-115.2461449805465, 44.109905869036645], [-115.24603610848888, 44.10969871102838], [-115.24613453246916, 44.1094814790001], [-115.24612544443919, 44.10932225498692], [-115.24600444536915, 44.10905856797477], [-115.24600274531947, 44.10878054595041], [-115.24622175029374, 44.10839904789651], [-115.24627990026325, 44.10816476087045], [-115.24639310824033, 44.10791323183784], [-115.24634191617528, 44.10760214881511], [-115.24646156115978, 44.107385628784925], [-115.246523407087, 44.10690893473715], [-115.24646792004236, 44.10671738672537], [-115.2465066899957, 44.10641247769485], [-115.24653000291066, 44.10590811964817], [-115.24672245378628, 44.10499964555019], [-115.24712720675737, 44.104399742459954], [-115.24707727470529, 44.10416039044342], [-115.2467394955494, 44.103646526429145], [-115.24631550940224, 44.10327538543548], [-115.2453770171559, 44.10290084348885], [-115.24417193990247, 44.10277428758871], [-115.24367864777379, 44.102582137617226], [-115.24327453664252, 44.10227881862765], [-115.24284723742392, 44.10150835759896], [-115.24284281740502, 44.1014064555904], [-115.24271663131245, 44.101021292567964], [-115.24247701721988, 44.100758507566816]]}, "properties": {"objectid": 9539898, "trail_cn": "5036.002731", "trail_name": "WAPITI CREEK", "trail_no": "160005", "trail_type": "TERRA", "trail_class": "3", "gis_miles": 2.035, "trail_surface": "NATIVE MATERIAL", "typical_trail_grade": "TRAIL_GRADE", "typical_tread_width": "TW03 - 18-24 INCHES", "national_trail_designation": 1, "terra_motorized": "Y", "allowed_terra_use": "4321", "bicycle_managed": null, "bicycle_accpt": "01/01-12/31", "bicycle_disc": null, "bicycle_restricted": null, "e_bike_class1_managed": null, "motorcycle_managed": "01/01-12/31", "admin_org": "040205", "managing_org": "040205"}}, {"type": "Feature", "id": 9539899, "geometry": {"type": "LineString", "coordinates": [[-115.3188176385616, 44.1273341798702], [-115.31874585252969, 44.12723218286785], [-115.3186413914868, 44.127103602866164], [-115.31845768944233, 44.12705087487846], [-115.31833254839434, 44.12691563387816], [-115.31808766831921, 44.12675691988678], [-115.31801862326012, 44.12649890887042], [-115.31767645218358, 44.126436698896526], [-115.31767854817087, 44.12636288588986], [-115.31787559018265, 44.12621742085887], [-115.31791947117861, 44.12614728084867], [-115.31788675814937, 44.12601816684031], [-115.31772728010277, 44.12592767984706], [-115.31761206205674, 44.12579258484583], [-115.31742215800841, 44.12572546985741], [-115.31719778394158, 44.12559114986634], [-115.3171435469188, 44.12552126986517], [-115.3172000229073, 44.12539584984892], [-115.31699949883674, 44.125214848851506], [-115.3169230558067, 44.12512819485095], [-115.31684818577696, 44.12504155985024], [-115.3167964627485, 44.12493726084579], [-115.31675396671785, 44.124810584838585], [-115.31669834368863, 44.12470623183455], [-115.31663375366011, 44.12461524983249], [-115.31657864763261, 44.124519902829164], [-115.3165106095677, 44.12422799180978], [-115.31628525844472, 44.12377921779107], [-115.3162738823896, 44.12348128776592], [-115.31622526333268, 44.12321377574686], [-115.31614911029804, 44.12310069474394], [-115.31576534918419, 44.12287349975932], [-115.31565501310858, 44.122566963742536], [-115.31573485105883, 44.122201298703], [-115.31564164100347, 44.12199029969303], [-115.3155551669693, 44.12189135769228], [-115.31554411295362, 44.12181496768659], [-115.31561199093504, 44.12163731166468], [-115.31555947486045, 44.12127445763757], [-115.31544548480699, 44.121096500632426], [-115.31544893678607, 44.120975064621454], [-115.31534394069875, 44.120597144597866], [-115.31520992164273, 44.12042603959519], [-115.31523893563227, 44.12033594758458], [-115.31522484461425, 44.12024998357832], [-115.31530250559845, 44.12007723455594], [-115.31515768754576, 44.11993693755694], [-115.31515331853127, 44.11986017855061]]}, "properties": {"objectid": 9539899, "trail_cn": "5034.002731", "trail_name": "BLUE JAY", "trail_no": "149005", "trail_type": "TERRA", "trail_class": "3", "gis_miles": 0.621, "trail_surface": "NATIVE MATERIAL", "typical_trail_grade": "TRAIL_GRADE", "typical_tread_width": "TW03 - 18-24 INCHES", "national_trail_designation": 1, "terra_motorized": "Y", "allowed_terra_use": "4321", "bicycle_managed": null, "bicycle_accpt": "01/01-12/31", "bicycle_disc": null, "bicycle_restricted": null, "e_bike_class1_managed": null, "motorcycle_managed": "01/01-12/31", "admin_org": "040205", "managing_org": "040205"}}, {"type": "Feature", "id": 9539902, "geometry": {"type": "LineString", "coordinates": [[-115.19423657919019, 44.141426005606476], [-115.19472741015252, 44.140684486495665], [-115.19540244721033, 44.14028086939778], [-115.19530314912615, 44.13991473237459], [-115.19610893417114, 44.13929775024575], [-115.19605028312607, 44.13910791023437], [-115.19576494202337, 44.13883835023688], [-115.1957752979323, 44.138314770189666], [-115.19566723788355, 44.13815751018577], [-115.1956218528186, 44.137841238161975], [-115.19559913774472, 44.137450277129545], [-115.19575010972521, 44.13717757809152], [-115.19574024770033, 44.13704816608096], [-115.19523816543969, 44.136124576045674], [-115.19525195242133, 44.13600639703396], [-115.19542628243119, 44.135873267006126], [-115.19588636550316, 44.135781702955605], [-115.19611407852548, 44.13566124892395], [-115.19613878547268, 44.135337523893085], [-115.19670955744299, 44.13455425977123], [-115.19743856752557, 44.1342314266755], [-115.19698884057392, 44.13498897878389], [-115.19703146170094, 44.13565773083907], [-115.19748627369188, 44.13511571574924], [-115.19762992772465, 44.135144993738585], [-115.19770877783607, 44.13568642577912], [-115.19813767285476, 44.13532856370796], [-115.19817344297327, 44.13595641176016], [-115.1984567121204, 44.1364779077801], [-115.19916572738929, 44.13722485878069], [-115.19910802429204, 44.13674019974321], [-115.19913689525994, 44.13652857672186], [-115.1991731802664, 44.136525662718256], [-115.19942362035815, 44.136771344716834], [-115.19995069960255, 44.13757693273945], [-115.20009385765658, 44.13772610273939], [-115.2003505857255, 44.13783678872548], [-115.20025394567803, 44.137673925720044], [-115.20015799461295, 44.137411487705656], [-115.20020401260408, 44.13731216469266], [-115.2003211086418, 44.13739770668945], [-115.20066931875283, 44.137646269679244], [-115.20112310188527, 44.13790101165994], [-115.2018076620562, 44.13812355461642], [-115.20225107023983, 44.138677390624494], [-115.20276916335071, 44.1387418865824], [-115.20426447572915, 44.13925590448988], [-115.20472160082133, 44.13928109544995], [-115.20541500298265, 44.13943971839997], [-115.20562349504148, 44.13954573639016], [-115.20643564835846, 44.140451427395185], [-115.20644222631653, 44.14020844837312], [-115.20654357330145, 44.14001424234662], [-115.2067638033711, 44.14016848033997], [-115.20683585446237, 44.14060375537173], [-115.20722249050971, 44.14045260732275], [-115.20734196350121, 44.14027582629612], [-115.20768699454942, 44.14017470725533], [-115.20862644874339, 44.14025173017551], [-115.20858590776749, 44.140430752195044], [-115.20897622882048, 44.14030761714815], [-115.20884280684872, 44.1406104361872], [-115.20968355693755, 44.140202707073634], [-115.21058419705099, 44.1398688229611], [-115.21081436108872, 44.139832630936674], [-115.21116831216536, 44.13988128790832], [-115.21141914520283, 44.13982137687989], [-115.21159707922305, 44.139743325856585], [-115.21162484623434, 44.139776924856996], [-115.2115652422349, 44.13984439186845], [-115.21138205522763, 44.14000112589916], [-115.21109067017571, 44.14002350792801], [-115.21090669916508, 44.14016221695723], [-115.21090310217646, 44.140229918963556], [-115.21080171917771, 44.14034647698321], [-115.21083792422569, 44.14057712200024], [-115.21094614226925, 44.14070537600157], [-115.21116352232002, 44.14075633398605], [-115.21151335442735, 44.140982245973674], [-115.21175132447574, 44.140997383953106], [-115.21203393749181, 44.14078306690808], [-115.2124211514947, 44.140381472836935], [-115.21537299183353, 44.13910192945166], [-115.21624459491656, 44.13862885432949], [-115.21688560693167, 44.1380221502168], [-115.21677389183326, 44.13758930218889], [-115.21812261698146, 44.136967384009594], [-115.21831918497254, 44.13670530896831], [-115.21880855401855, 44.1364360878994], [-115.2187407189691, 44.136231315887564], [-115.21885606090788, 44.13576248683554], [-115.2193518239642, 44.13554424777055], [-115.21959285093756, 44.135134320712154], [-115.22038815001335, 44.13470260260067], [-115.22111006510079, 44.13441556550873], [-115.22128201507807, 44.13410230846521], [-115.22339356726728, 44.13288823416331], [-115.22499865046447, 44.13226544396027], [-115.22546647954334, 44.13220470691176], [-115.22572183248964, 44.131627082837255], [-115.22633896347062, 44.13085428271213], [-115.2270824655545, 44.130523704614326], [-115.22742515655237, 44.13014222254907], [-115.22764883646923, 44.12943312346585], [-115.22765252039336, 44.129002324427454], [-115.22726486410704, 44.12780979735791], [-115.22717353305801, 44.12763272435073], [-115.22716601901377, 44.12739190033017], [-115.22736544999347, 44.127062332282634], [-115.22759546601056, 44.126910131248], [-115.22780950403742, 44.12683059422126], [-115.22816380902336, 44.12636877814783], [-115.22903027814206, 44.126101858044365], [-115.22954675117752, 44.12574393996512], [-115.22965906116048, 44.1255269389356], [-115.22963593996514, 44.124452754842885], [-115.23016516895647, 44.12383264773936], [-115.23012685190342, 44.123575450720196], [-115.23029805384839, 44.12308096066076], [-115.23026873177082, 44.12267616462773], [-115.23053962074403, 44.12223293456358], [-115.23002697765727, 44.12229790361657], [-115.22992308362588, 44.12223332362042], [-115.22990073659028, 44.12205731960698], [-115.23006961560043, 44.121932100580366]]}, "properties": {"objectid": 9539902, "trail_cn": "5036.002731", "trail_name": "WAPITI CREEK", "trail_no": "160005", "trail_type": "TERRA", "trail_class": "3", "gis_miles": 3.965, "trail_surface": "NATIVE MATERIAL", "typical_trail_grade": "TRAIL_GRADE", "typical_tread_width": "TW03 - 18-24 INCHES", "national_trail_designation": 1, "terra_motorized": "Y", "allowed_terra_use": "4321", "bicycle_managed": null, "bicycle_accpt": "01/01-12/31", "bicycle_disc": null, "bicycle_restricted": null, "e_bike_class1_managed": null, "motorcycle_managed": "01/01-12/31", "admin_org": "040205", "managing_org": "040205"}}, {"type": "Feature", "id": 9539958, "geometry": {"type": "LineString", "coordinates": [[-115.31117328896134, 44.24971791032], [-115.3112786529882, 44.24975533131353], [-115.31134036203024, 44.24992359732254], [-115.31153781012306, 44.25023014433112], [-115.31150546715283, 44.250430493351615], [-115.31162098920143, 44.25057803735384], [-115.31161885025612, 44.25088522038097], [-115.31160526631783, 44.2512436364136], [-115.31166961636467, 44.25143584942444], [-115.31164423239377, 44.25162553944342], [-115.3116790694323, 44.25180297345576], [-115.3119219805409, 44.25214844346345], [-115.3120409166313, 44.252525553485505], [-115.31240130283926, 44.25329951451984], [-115.31243135790685, 44.25364422954723], [-115.31224846197583, 44.254223680614935], [-115.31209065797565, 44.254391092644205], [-115.31209753101732, 44.25461592766325], [-115.31227757909092, 44.25483375766562], [-115.31226145814716, 44.25516464169608], [-115.3120335271561, 44.25545772874287], [-115.31216299124519, 44.25581586776223], [-115.31219160030078, 44.25609481578402], [-115.31245657842129, 44.25648364579346], [-115.31261039846665, 44.25657198778696], [-115.31260399648471, 44.25667947679698], [-115.31243097149357, 44.25691360683347], [-115.3121407015477, 44.25752494091396], [-115.31173162453135, 44.25787033798212], [-115.31175105260098, 44.258237609012475], [-115.31165909863851, 44.258544660047875], [-115.31150968264984, 44.258767182081215], [-115.3116927497051, 44.258879865074114], [-115.3116959107276, 44.25900184108448], [-115.31159461271632, 44.25904715009783], [-115.31157604574706, 44.25923795011624], [-115.31143560474553, 44.25937932014161], [-115.31140928978034, 44.2596012721635], [-115.31168332088762, 44.25990656216485], [-115.3115769209921, 44.26060189823556], [-115.31167349611432, 44.26117950327714], [-115.31161114722224, 44.2618468013414], [-115.31151135522386, 44.26196247236072], [-115.3115556542466, 44.26204202436363], [-115.31150520528213, 44.262293504390286], [-115.31158767334405, 44.26255053640518], [-115.3115873443878, 44.26279439042651], [-115.31176230947158, 44.26307430643479], [-115.31165199055812, 44.2636739544975], [-115.31139971556884, 44.26400254154967], [-115.31093736962563, 44.26481215266344], [-115.31101078970086, 44.265152726686374], [-115.31027666376156, 44.26627389685263], [-115.31005012782425, 44.26686465092531], [-115.30960878081582, 44.26728845600337], [-115.30947140283727, 44.267554189039366], [-115.3083542857193, 44.2680892921898], [-115.3083021167473, 44.26830072521315], [-115.3081988797281, 44.26830397822302], [-115.3078955846941, 44.268438148262895], [-115.30752144469419, 44.26883783933257], [-115.30740640774657, 44.2692521273795], [-115.3067028167879, 44.27023267153061], [-115.30635105177711, 44.27054781659081], [-115.30635389480152, 44.27068054660214], [-115.3062863758154, 44.2708301656215], [-115.30602323882916, 44.27118726767716], [-115.30582747087146, 44.27163143673418], [-115.30564268386797, 44.2718091987669], [-115.30550174489, 44.27208204580381], [-115.30541083392087, 44.27235085283577], [-115.30524346391583, 44.2725013788645], [-115.30487063486616, 44.27262255490967], [-115.30470765883452, 44.272620135924605], [-115.30344687071559, 44.2733031041013], [-115.30218562955771, 44.27376968525915], [-115.3018576655273, 44.273950093305366], [-115.30153835352746, 44.2742920063649], [-115.3006571294387, 44.274737703485656], [-115.3003851204428, 44.275050650538304], [-115.30010576242978, 44.275276006583944], [-115.30003548039804, 44.275174548581575], [-115.29962524440506, 44.275651160661354], [-115.29954770842033, 44.27581877068322], [-115.29946885541722, 44.2758854946964], [-115.29933362342771, 44.27608812972666], [-115.29915873140573, 44.27615246574851], [-115.29895583236632, 44.27614944376709], [-115.29884739235767, 44.27621716178302], [-115.29887665538826, 44.2763562617925], [-115.29907409143999, 44.276433316780945], [-115.29906307844428, 44.27646901278508], [-115.29881167940748, 44.27653220881394], [-115.29842950733104, 44.27651456284783], [-115.29799903123532, 44.27644120588139], [-115.29772781319382, 44.27649932291162], [-115.29757237718488, 44.27661544693618], [-115.29717032213938, 44.27679105398888], [-115.2969561311059, 44.276833283012415], [-115.29667501108264, 44.27700361705342], [-115.29668714209228, 44.277044440055874], [-115.29685914113172, 44.27708047704304], [-115.29660940610552, 44.27720107207678], [-115.29680241216322, 44.27731631706897], [-115.29639342810351, 44.27742019111599], [-115.29584787003915, 44.27764395518618], [-115.29529052296306, 44.277814943252906], [-115.29433853386013, 44.27825794037998], [-115.29316757882366, 44.27930376058017], [-115.29285678383414, 44.27969359064309], [-115.2925511778134, 44.27990419068987], [-115.29245159681335, 44.28001028470845], [-115.292200700794, 44.28017030074572], [-115.2919853857672, 44.280250757772706], [-115.29183805476522, 44.28039678279916], [-115.29161012573167, 44.280453141825284], [-115.29133095272512, 44.28071438687404], [-115.29128385973183, 44.28080209288606], [-115.29085360371718, 44.281179370959], [-115.29082068572923, 44.28128168197104], [-115.29063890472784, 44.28146783200418], [-115.29041942470538, 44.28157691203412], [-115.29004775368944, 44.28188453709552], [-115.28979656071304, 44.28228361815371], [-115.28979600373698, 44.282417493165504], [-115.28932840274017, 44.28293406725414], [-115.28885882271402, 44.28328923232877], [-115.28882042073835, 44.28346557334781], [-115.28867806274762, 44.28366904437879], [-115.28851526173533, 44.28377419040311], [-115.28845198374415, 44.28389038841915], [-115.2877230196798, 44.28431004852351], [-115.28746353666953, 44.284529594566834], [-115.28721110465467, 44.28471638860662], [-115.287046125625, 44.284727056622806], [-115.28667641062, 44.28509380968926], [-115.28610374057334, 44.28544502677314], [-115.28549469351468, 44.285768375857955], [-115.28534189048712, 44.28577785887295], [-115.28526592048952, 44.285872349888294], [-115.28474955743468, 44.28611801595771], [-115.28430218042502, 44.28654127203625], [-115.28372194637652, 44.286890333120674], [-115.28367765040429, 44.28709183314242], [-115.28373371644992, 44.28728618015422], [-115.28370928649333, 44.2875535771799], [-115.28357994348626, 44.28765204620049], [-115.2836328795189, 44.287777160206545], [-115.28360153154205, 44.287939260223666], [-115.2834129835398, 44.28812768925764], [-115.28289159649428, 44.28843064833256], [-115.28283587651931, 44.28862943835514], [-115.28240702347505, 44.288840548413425], [-115.28221694347351, 44.28903468344801], [-115.28189971448901, 44.289459297514625], [-115.2815654915039, 44.28989829058406], [-115.2814188845295, 44.290196782623795], [-115.28106585252468, 44.290546496687206], [-115.28096622260685, 44.29110921674571], [-115.28050141761294, 44.29163894383518], [-115.27997935357119, 44.29196339791204], [-115.2799259585823, 44.2920821319274], [-115.28001728263192, 44.292260423934515], [-115.2798323006595, 44.29261104598236], [-115.27976267169572, 44.29288655301296], [-115.27940986072251, 44.293411749091696], [-115.2791606357005, 44.29355526212739], [-115.27907955273334, 44.293824197158415], [-115.2784885226519, 44.29400176622882], [-115.27844654467685, 44.294185222248785], [-115.27830414866558, 44.29427392426979], [-115.27827403968118, 44.29439300728296], [-115.2781362736832, 44.29455111230961], [-115.27755463764811, 44.294976262400816], [-115.27731647365601, 44.29527399344897], [-115.27706736868538, 44.29570287450965], [-115.27702748971831, 44.29592820053304], [-115.27670545369222, 44.2961265555803], [-115.27621803062796, 44.29628894163976], [-115.27610161562555, 44.296399549660244], [-115.27562414158379, 44.29667684072885], [-115.27561900061447, 44.296852484744676], [-115.27511482756799, 44.29713176181593], [-115.27500608258124, 44.297321378842604], [-115.27463727352671, 44.29741143688474], [-115.2743643615149, 44.2976368269298], [-115.27390665645771, 44.29780682598716], [-115.27349108239508, 44.2979021510341], [-115.27311202835347, 44.298074582084396], [-115.27234961232301, 44.298718501211496], [-115.27107870924635, 44.29964730441078], [-115.27084149020764, 44.29968487143609]]}, "properties": {"objectid": 9539958, "trail_cn": "5032.002731", "trail_name": "WARM SPRINGS", "trail_no": "147005", "trail_type": "TERRA", "trail_class": "3", "gis_miles": 4.579, "trail_surface": "NATIVE MATERIAL", "typical_trail_grade": "TRAIL_GRADE", "typical_tread_width": "TW03 - 18-24 INCHES", "national_trail_designation": 1, "terra_motorized": "Y", "allowed_terra_use": "4321", "bicycle_managed": null, "bicycle_accpt": "01/01-12/31", "bicycle_disc": null, "bicycle_restricted": null, "e_bike_class1_managed": null, "motorcycle_managed": "01/01-12/31", "admin_org": "040205", "managing_org": "040205"}}, {"type": "Feature", "id": 9539968, "geometry": {"type": "LineString", "coordinates": [[-115.31515331853127, 44.11986017855061], [-115.31514886751651, 44.11978197054409], [-115.31502138048292, 44.11973006555132], [-115.31476279042792, 44.11969892557239], [-115.31459771136308, 44.11951180757118], [-115.31465670434807, 44.11936424055275], [-115.31482784533272, 44.119093572513144], [-115.31486126029561, 44.11884870848847], [-115.31478613025475, 44.11869991048233], [-115.31480394425016, 44.11865491247676], [-115.3149551292435, 44.11845466444518], [-115.31494529815679, 44.11797750840403], [-115.31491844313399, 44.11787806939776], [-115.31494154511606, 44.117752373384576], [-115.31499763710993, 44.11765728737104], [-115.31496383998393, 44.11698503731501], [-115.31500748498819, 44.11696186030893], [-115.31547341614124, 44.117321284297596], [-115.31552622217262, 44.11744116830323], [-115.31573172223972, 44.117597469298026], [-115.31627036340713, 44.117959528280224], [-115.31645942946034, 44.118055217271234], [-115.31664397552028, 44.11819371626639], [-115.31674603154264, 44.118209512258325], [-115.31687204255613, 44.11814996924151], [-115.31708297956776, 44.11798817820776], [-115.31721269658783, 44.117961504193474], [-115.31751737960529, 44.11773182214516], [-115.31765030661028, 44.11761674212275], [-115.31770583562758, 44.11765433212093], [-115.31773027164817, 44.11774396112656], [-115.31783849971256, 44.117989779138206], [-115.3179128977372, 44.11804804713651], [-115.31802075676569, 44.11809251213044], [-115.31814298378987, 44.11809669411954], [-115.31826973180726, 44.118058064104446], [-115.318307914805, 44.11800455909621], [-115.31838319479803, 44.11788412607867], [-115.31847554480017, 44.117796681062494], [-115.31865382283603, 44.11780645304689], [-115.31878009387704, 44.11790121304357], [-115.31904011899648, 44.118293323054075], [-115.31912618305378, 44.11852327106641], [-115.31914436008807, 44.118696613079976], [-115.31928794713114, 44.11878425407443], [-115.31938506616278, 44.11885770907194], [-115.3194871201938, 44.11892223306819], [-115.3195923092254, 44.118986803064175], [-115.31970682525622, 44.119036820057985], [-115.31985067130441, 44.11915327705501], [-115.32007320536158, 44.119235159041644], [-115.32042269343485, 44.1192712660126], [-115.32082634751058, 44.119262909974616], [-115.32105002854001, 44.11918758794736], [-115.3212281785559, 44.11908539492194], [-115.32144163456162, 44.118887951884815], [-115.32155425656269, 44.11877256686433], [-115.32176848756794, 44.11857165582684], [-115.32182467655808, 44.11845575781147], [-115.32181050851976, 44.11825545179514], [-115.32181253150745, 44.11818401978872], [-115.32192119751029, 44.11808318576978], [-115.32172969547189, 44.11807322678656], [-115.32157956145025, 44.11811280780389], [-115.32138088841529, 44.118130033823746], [-115.32151734741505, 44.11798196879813], [-115.32158230139332, 44.11778997177523], [-115.3217129594077, 44.11772995675791], [-115.32158108735926, 44.11759938675859], [-115.32103025824524, 44.11755079480513], [-115.32094627821665, 44.11748047880669], [-115.32105683520801, 44.11731297478177], [-115.32110526618314, 44.117120737760345], [-115.32112576814136, 44.11686377073586], [-115.32085379803233, 44.11654295373272], [-115.32092860203366, 44.11647020771943], [-115.32112718207053, 44.11646359970048], [-115.32134006312407, 44.11653580768722], [-115.32157439217164, 44.11655116266696], [-115.3217058921912, 44.116519745652056], [-115.32190460722722, 44.11650837363271], [-115.32217488928428, 44.11653854761043], [-115.32221529228745, 44.11651293760445], [-115.32210008024138, 44.11637784660319], [-115.32182547814833, 44.116149895608444], [-115.32181063913484, 44.11609012460456], [-115.32203316117125, 44.116055280580994], [-115.32225561820803, 44.1160228165576], [-115.3223081581996, 44.115918776543616], [-115.32231233617412, 44.11577114753021], [-115.3222023881376, 44.115683776532705], [-115.32207746408842, 44.11554139853169], [-115.32205139606694, 44.11544868952591], [-115.32206393304456, 44.11530932051248], [-115.32213935204162, 44.11521139449689], [-115.32231743006089, 44.115128483473164], [-115.32248995208957, 44.115104006455155], [-115.32270164012502, 44.1150756024331], [-115.32288171715676, 44.11506024141512], [-115.32299590616292, 44.11497188239684], [-115.32305908115593, 44.11486477338158], [-115.32330528517247, 44.114692825343745], [-115.32349197219825, 44.11463704732155], [-115.3236484972199, 44.11459018730301], [-115.3237474392196, 44.11448206128437], [-115.323736430162, 44.114169845257905], [-115.32368785812551, 44.11401667724892], [-115.32357034003117, 44.11361237722416], [-115.32353552197316, 44.11332363120199], [-115.3235601679251, 44.113026471173555], [-115.32380016091908, 44.11273437112568], [-115.3239077319078, 44.11255491109999], [-115.3239502788771, 44.1123363810768], [-115.32413352588256, 44.112169941045266], [-115.32409351583544, 44.11194781802938], [-115.32404434482336, 44.1119328050326], [-115.32395079681159, 44.111967164044295], [-115.32375851279885, 44.11210250307394], [-115.32362368978923, 44.11219342709438], [-115.32348157576166, 44.11219134110726], [-115.32344656874639, 44.11214318410627], [-115.3235015357439, 44.112070147094784], [-115.32352237072088, 44.111917997079445], [-115.3236209657019, 44.11170505505164], [-115.3236942576823, 44.11151590002819], [-115.32379543868912, 44.111445359012706], [-115.32386758968634, 44.11135188399778], [-115.32379846265927, 44.111274117997304], [-115.32350885061622, 44.11134371103017], [-115.32316730455722, 44.11137919406478], [-115.32297242551593, 44.111356754080774], [-115.32283913546861, 44.11123383208225], [-115.32266728445121, 44.111320762105755], [-115.32239588140592, 44.11135833713413], [-115.3221897653736, 44.111398188156635], [-115.32201784334067, 44.11139804517246], [-115.32187155129706, 44.11131014017822], [-115.32169578224604, 44.1112122731858], [-115.32136974517563, 44.11116698521194], [-115.32120146614128, 44.111154984226374], [-115.32103413110123, 44.11110964623779], [-115.32088183705262, 44.11100021324226], [-115.32086404602228, 44.11084860623052], [-115.32090287000662, 44.11071863221549], [-115.32088680798672, 44.11062386020861], [-115.32082193395017, 44.11048785820266], [-115.32065309389866, 44.110379885208694], [-115.32047085484554, 44.11027715721647], [-115.32040916881492, 44.110171177212834], [-115.32045737680586, 44.110068349199366], [-115.32026888870294, 44.10969194718358], [-115.3203092946924, 44.109588999170775], [-115.32026626065525, 44.109426310160444], [-115.32034464764882, 44.109305920142624], [-115.32037341762084, 44.10911727912333], [-115.32024107558799, 44.10907481513181], [-115.32008635658838, 44.10924360216095], [-115.31963852651525, 44.10931445520849], [-115.31942169546518, 44.10926600522422], [-115.31935546643246, 44.1091530722204], [-115.31920581236787, 44.10895077221639], [-115.3191070823047, 44.108701581203526], [-115.31914632728933, 44.10857254318854], [-115.31915973425193, 44.1083476561675], [-115.31885107916112, 44.10816898618027], [-115.31904579117983, 44.10806465615311], [-115.31920199118389, 44.10791926412588], [-115.31892055313274, 44.107934180153144], [-115.31872686306639, 44.10776934515655], [-115.31866461603019, 44.10763265015019], [-115.3184429280096, 44.107755637181526], [-115.31819720793825, 44.107618622192106], [-115.31818730189487, 44.10738503017244], [-115.31802693183329, 44.107211157171925], [-115.31787120880566, 44.107223155187334], [-115.31764635876291, 44.107224608208234], [-115.31747498972672, 44.10720541022232], [-115.31719898367356, 44.10720372424762], [-115.31696179262292, 44.107174026266875], [-115.31679548557673, 44.10709296727505], [-115.316654949519, 44.10691938427272], [-115.31647677646203, 44.10679050627782], [-115.31617013237755, 44.10664544229334], [-115.31593463531667, 44.10655621430722], [-115.31580798727815, 44.10647573631178], [-115.31558196921148, 44.10634377132103], [-115.31530142713424, 44.10621099933517], [-115.31509857208212, 44.106136544347315], [-115.31497597503977, 44.106029922349265], [-115.31487536898813, 44.105847398342426], [-115.31459369189704, 44.10563838135002], [-115.31430278180005, 44.10540540635631], [-115.31429929775918, 44.105179055336706], [-115.31401575463815, 44.10480326032974], [-115.31364147352767, 44.10458399734497], [-115.31347930947061, 44.104437551347004], [-115.31298033830664, 44.10405204735904], [-115.31272255523348, 44.10391769437101], [-115.31262389719676, 44.103817203371236], [-115.31252198516019, 44.103721164372146], [-115.31241174812043, 44.103615996373044], [-115.31230152308547, 44.103537838376376], [-115.31216683304258, 44.103441314380284], [-115.31203930500504, 44.10336740438549], [-115.31178700293773, 44.10326013839932], [-115.31167794490055, 44.10316849440129], [-115.31157967386152, 44.1030545014003], [-115.31146775282222, 44.10295381340176], [-115.31134268477959, 44.10284842740405], [-115.31123960574044, 44.102738862403896], [-115.31128886072999, 44.102627050389515], [-115.31132575671631, 44.10251055837583], [-115.31134572169304, 44.10235779836054], [-115.31134503364792, 44.102104462338275], [-115.31122523359842, 44.10195461933614], [-115.31097817952022, 44.10178054234353], [-115.31087650547266, 44.10162202633894], [-115.31049558035373, 44.10136278535124], [-115.31032609929525, 44.10121607435392], [-115.31033706924958, 44.100947058329204], [-115.31032961721213, 44.100744469312076], [-115.310342593178, 44.10053781529266], [-115.31036219216179, 44.10042556528099], [-115.31029110512401, 44.100289465275544], [-115.31018958808515, 44.100179926275246], [-115.31004682303269, 44.100038262275916], [-115.30993868099496, 44.09994213227744], [-115.30981089095414, 44.09985020528111], [-115.30970626691473, 44.099740620281054], [-115.30960722587554, 44.09962661028015], [-115.30954461084494, 44.09952215027673], [-115.30946429780943, 44.09940841727411], [-115.30940103077795, 44.09929944427034], [-115.30923649272161, 44.09915931127317], [-115.30905313264539, 44.09892750526966], [-115.30886465055181, 44.09860342325846], [-115.30829412133795, 44.09801385925908], [-115.3080527482257, 44.09764149924857], [-115.30778415314151, 44.09745685125705], [-115.30753876999655, 44.09690469723101], [-115.3072714189204, 44.096763837243245], [-115.30725483486363, 44.096461859218145], [-115.30697233475826, 44.09617270221869], [-115.3066838886646, 44.095956094226175], [-115.30650794561609, 44.09587246523504], [-115.30620248852857, 44.095708689248745], [-115.30609387949161, 44.09561764325076], [-115.305861343391, 44.095301318244296], [-115.30587435736084, 44.09511711822688], [-115.30608706735646, 44.094863241184854], [-115.30600676331015, 44.09468883317693], [-115.30605589530332, 44.09459736516429], [-115.30586374025611, 44.09453864017684], [-115.30572395620668, 44.094410843178466], [-115.30558597417048, 44.0943557131863], [-115.30555461014261, 44.09423232017836], [-115.30581896714355, 44.09395246812931], [-115.30583335211999, 44.09380413011493], [-115.30577856407058, 44.0935846811006], [-115.30581323005447, 44.093456680086106], [-115.30593075506934, 44.09341372207151], [-115.30605993406216, 44.09323403904377], [-115.30619179006297, 44.09309630201947], [-115.30628179605361, 44.09294647099799], [-115.30628718803037, 44.092809953985466], [-115.30615292197588, 44.09264744898353], [-115.3061583449633, 44.0925705679762], [-115.3062425869618, 44.092471238959725], [-115.30624397793203, 44.09230217694469], [-115.30639663994408, 44.09220540692208], [-115.3064221179163, 44.09202130090349], [-115.30663035093885, 44.091923811875716], [-115.30670971091854, 44.09172383285078], [-115.30691040396242, 44.09175474483501], [-115.30705053198565, 44.09173447182029], [-115.30729886700759, 44.09159007978469], [-115.30753991200913, 44.09133876674035], [-115.30764935299233, 44.091125909711494], [-115.30779561597852, 44.09089060267724], [-115.3080954830273, 44.090841961645346], [-115.30850508707748, 44.0906831935936], [-115.3086912590883, 44.09054346456412], [-115.30883379907283, 44.09030251152973], [-115.30888393206156, 44.09018502151477], [-115.30886333203526, 44.09005866950553], [-115.30885209701067, 44.089932461495415], [-115.30881120698041, 44.08980580848803], [-115.30876172894847, 44.08967903048143], [-115.3087019789153, 44.08955660247614], [-115.30862782786781, 44.089369117466426], [-115.3087060628543, 44.08920823444505], [-115.30910601985404, 44.08877552537006], [-115.30975308392033, 44.088451255281825], [-115.3099237859388, 44.08837134725908], [-115.31004888595612, 44.08833408424424], [-115.31017567195597, 44.08819641522045], [-115.310206195948, 44.088118494210754], [-115.31016160992746, 44.08805078220886], [-115.30990699084086, 44.0878369982135]]}, "properties": {"objectid": 9539968, "trail_cn": "5034.002731", "trail_name": "BLUE JAY", "trail_no": "149005", "trail_type": "TERRA", "trail_class": "3", "gis_miles": 3.903, "trail_surface": "NATIVE MATERIAL", "typical_trail_grade": "TRAIL_GRADE", "typical_tread_width": "TW03 - 18-24 INCHES", "national_trail_designation": 1, "terra_motorized": "Y", "allowed_terra_use": "4321", "bicycle_managed": null, "bicycle_accpt": "01/01-12/31", "bicycle_disc": null, "bicycle_restricted": null, "e_bike_class1_managed": null, "motorcycle_managed": "01/01-12/31", "admin_org": "040205", "managing_org": "040205"}}, {"type": "Feature", "id": 9539972, "geometry": {"type": "LineString", "coordinates": [[-115.27084149020764, 44.29968487143609], [-115.27076307019479, 44.29969729044443], [-115.2705970431972, 44.29988754447651], [-115.26989174212221, 44.30022297057134], [-115.26844571200486, 44.301112323783414], [-115.26776559092464, 44.301391611871004], [-115.26685912980574, 44.301697231981905], [-115.26591332170013, 44.30211879310661], [-115.26559981265444, 44.30219946514279], [-115.26544035168493, 44.302538768187276], [-115.26532865370106, 44.30274740021592], [-115.26533044872032, 44.30285254022497], [-115.26519745876188, 44.30322510426989], [-115.26516463482565, 44.30361452630707], [-115.26508938886622, 44.30392016134081], [-115.26501216188001, 44.30407879836186], [-115.26471227384684, 44.30421443740156], [-115.26444618081874, 44.304341827437405], [-115.26395192374302, 44.304448223492656], [-115.26357709368742, 44.30453890753536], [-115.26320232763142, 44.3046274025779], [-115.26292252057266, 44.3045990506014], [-115.2624439424787, 44.304587389644816], [-115.2619781823928, 44.304606588689744], [-115.26161924033634, 44.30467560272908], [-115.26094774824699, 44.304895386810685], [-115.26059989218089, 44.3048988518433], [-115.26018336416683, 44.305264901913986], [-115.26000184714138, 44.305316899935384], [-115.2598245711285, 44.30543439996212], [-115.25951242110209, 44.30562050100739], [-115.25918448606703, 44.30577541205144], [-115.25900419803429, 44.305785806069046], [-115.25880975797357, 44.30565579007574]]}, "properties": {"objectid": 9539972, "trail_cn": "5032.002731", "trail_name": "WARM SPRINGS", "trail_no": "147005", "trail_type": "TERRA", "trail_class": "3", "gis_miles": 0.787, "trail_surface": "NATIVE MATERIAL", "typical_trail_grade": "TRAIL_GRADE", "typical_tread_width": "TW03 - 18-24 INCHES", "national_trail_designation": 1, "terra_motorized": "Y", "allowed_terra_use": "4321", "bicycle_managed": null, "bicycle_accpt": "01/01-12/31", "bicycle_disc": null, "bicycle_restricted": null, "e_bike_class1_managed": null, "motorcycle_managed": "01/01-12/31", "admin_org": "040205", "managing_org": "040205"}}, {"type": "Feature", "id": 9539990, "geometry": {"type": "LineString", "coordinates": [[-115.24254858324257, 44.100808852564704], [-115.24247701721988, 44.100758507566816], [-115.24226350315865, 44.10064414757638], [-115.24187771201362, 44.100243332576554], [-115.24167864691125, 44.099881493562926], [-115.24130960977227, 44.09949672956295], [-115.24126667573988, 44.099360681554906], [-115.24104741866087, 44.099151970556626], [-115.24101852964081, 44.099070293552096], [-115.24074986654817, 44.0988382555563], [-115.24020496635052, 44.098313135560154], [-115.24014524832172, 44.09821518855696], [-115.2399429722568, 44.09806765956258], [-115.23977977520906, 44.0979748875694], [-115.23954139814707, 44.097883212583284], [-115.23903158901976, 44.09771637461554], [-115.23865684492148, 44.097567210636825], [-115.23830659080852, 44.097309049646306], [-115.23812546075813, 44.09722054965516], [-115.23803778272266, 44.097115401653966], [-115.23760121059095, 44.09684466267023], [-115.23747402354768, 44.096738004672524], [-115.23739249549665, 44.096538679662444], [-115.23729714345099, 44.09638415365757], [-115.23691793732402, 44.096078208665475], [-115.23662773721703, 44.09578860766659], [-115.23649279017643, 44.09570549467173], [-115.23630762312767, 44.095630610682136], [-115.23602416805014, 44.09550019169672], [-115.23577603699233, 44.09544233771447], [-115.23528521587966, 44.09533770275041], [-115.23479797076052, 44.09519252978246], [-115.23455174470664, 44.09515487780179], [-115.2341077516179, 44.095134474840954], [-115.2336247095212, 44.095111209883335]]}, "properties": {"objectid": 9539990, "trail_cn": "5035.002731", "trail_name": "TEN MILE RIDGE", "trail_no": "157005", "trail_type": "TERRA", "trail_class": "3", "gis_miles": 0.625, "trail_surface": "NATIVE MATERIAL", "typical_trail_grade": "TRAIL_GRADE", "typical_tread_width": "TW03 - 18-24 INCHES", "national_trail_designation": 1, "terra_motorized": "N", "allowed_terra_use": "21", "bicycle_managed": null, "bicycle_accpt": null, "bicycle_disc": null, "bicycle_restricted": "01/01-12/31", "e_bike_class1_managed": null, "motorcycle_managed": null, "admin_org": "040205", "managing_org": "040205"}}, {"type": "Feature", "id": 9539991, "geometry": {"type": "LineString", "coordinates": [[-115.32174442645615, 44.12921455876552], [-115.3215645094084, 44.12913988877556], [-115.32140154237041, 44.12910148378721], [-115.32123882233084, 44.129054073798024], [-115.32107258528815, 44.128993111808036], [-115.32090647524471, 44.128927647817626], [-115.32075572720592, 44.128871409826566], [-115.3206294401702, 44.1288065308325], [-115.3205037971306, 44.128719156836425], [-115.32038842709224, 44.12862742483901], [-115.32025381305327, 44.128553419844934], [-115.32019056002333, 44.12845322584194], [-115.32006149897838, 44.12833936984384], [-115.31981639989229, 44.128118992847064], [-115.31954074080535, 44.127926752855615], [-115.31928050672913, 44.127778332866555], [-115.31917894669509, 44.12769580886867], [-115.31892486360921, 44.127486528873675], [-115.3188176385616, 44.1273341798702]]}, "properties": {"objectid": 9539991, "trail_cn": "5034.002731", "trail_name": "BLUE JAY", "trail_no": "149005", "trail_type": "TERRA", "trail_class": "3", "gis_miles": 0.199, "trail_surface": "NATIVE MATERIAL", "typical_trail_grade": "TRAIL_GRADE", "typical_tread_width": "TW03 - 18-24 INCHES", "national_trail_designation": 1, "terra_motorized": "Y", "allowed_terra_use": "4321", "bicycle_managed": null, "bicycle_accpt": "01/01-12/31", "bicycle_disc": null, "bicycle_restricted": null, "e_bike_class1_managed": null, "motorcycle_managed": "01/01-12/31", "admin_org": "040205", "managing_org": "040205"}}, {"type": "Feature", "id": 9540707, "geometry": {"type": "LineString", "coordinates": [[-115.31231425379238, 44.15247214168153], [-115.31244471486147, 44.15271969169121], [-115.31256358891815, 44.15290995069698], [-115.31272077597407, 44.153055076695175], [-115.31269233700586, 44.153264102716214], [-115.31282806504309, 44.15332703670919], [-115.31311477314078, 44.15356737470387], [-115.31317501717248, 44.15368060370822], [-115.31334115524034, 44.15388298271069], [-115.31342652130171, 44.154135578725], [-115.31357959238264, 44.154425350736325], [-115.31359305541685, 44.15460262575064], [-115.31372947148424, 44.15483443175845], [-115.31374799751951, 44.15501238077236], [-115.3137696215373, 44.15508886277709], [-115.31380165855806, 44.15517120878137], [-115.31375967256453, 44.1552524637924], [-115.3138127366067, 44.155432227803274], [-115.3137964696392, 44.15563191382239], [-115.3137759866807, 44.15588675484661], [-115.31379976870198, 44.155980403852666], [-115.31379646172203, 44.1560965028632], [-115.31395220677021, 44.15619971585787], [-115.31405937083069, 44.15642385586768], [-115.31415834285629, 44.15646133086181], [-115.31429661387831, 44.15643635884685], [-115.31446168289428, 44.156348765823914], [-115.31453667990885, 44.1563498718171], [-115.31461117192653, 44.15636897581189], [-115.31475861597117, 44.15646118280633], [-115.314883360997, 44.15647203079581], [-115.3149223969949, 44.15641858578751], [-115.31497342799838, 44.156383324779654], [-115.31506093001545, 44.15638461477168], [-115.31510990403132, 44.1564213517704], [-115.31524023410152, 44.15667536078069], [-115.3153033671468, 44.1568613207912], [-115.31550864220902, 44.156990016783546], [-115.31558816922313, 44.156983572775616], [-115.31584046829504, 44.15711636476398], [-115.31594839832184, 44.157150728757074], [-115.31602511035301, 44.15724325475811], [-115.31608222240378, 44.15746687077245], [-115.3161841824473, 44.15760165777486], [-115.31623321448097, 44.1577375687823], [-115.31633466652491, 44.15787526578505], [-115.31637243756326, 44.158049982796896], [-115.31648426461575, 44.1582242428019], [-115.31659292466094, 44.15836088780385], [-115.31673859271645, 44.15851609180405], [-115.31681052874971, 44.15862518780702], [-115.31684393478187, 44.158769730816594], [-115.3169011238072, 44.1588506218184], [-115.31707991786465, 44.158980827813316], [-115.31724490790647, 44.15903847680319]]}, "properties": {"objectid": 9540707, "trail_cn": "5178.002731", "trail_name": "BONNEVILLE", "trail_no": "146005", "trail_type": "TERRA", "trail_class": "3", "gis_miles": 0.6, "trail_surface": "NATIVE MATERIAL", "typical_trail_grade": "TRAIL_GRADE", "typical_tread_width": "TW03 - 18-24 INCHES", "national_trail_designation": 1, "terra_motorized": "N", "allowed_terra_use": "321", "bicycle_managed": null, "bicycle_accpt": "01/01-12/31", "bicycle_disc": null, "bicycle_restricted": null, "e_bike_class1_managed": null, "motorcycle_managed": null, "admin_org": "040205", "managing_org": "040205"}}, {"type": "Feature", "id": 9540739, "geometry": {"type": "LineString", "coordinates": [[-115.37659744118922, 44.25364095959662], [-115.3771678852909, 44.25359988254013], [-115.37735021230279, 44.25347178151199], [-115.37774299135042, 44.253318512462165], [-115.37805139939731, 44.25325143142769], [-115.37829200342819, 44.25316714439805], [-115.37864556548269, 44.253093749358804], [-115.37902334256177, 44.2531317863271], [-115.37935509961585, 44.253079860291784], [-115.3797904937057, 44.253116533254605], [-115.38015286180334, 44.25327414623475], [-115.38132729205714, 44.25343673714001], [-115.38213881916165, 44.25315457604011], [-115.38278345329564, 44.253214324985535], [-115.38316606835912, 44.25316019094532], [-115.3831153523017, 44.25289446892677], [-115.38325566131662, 44.252828021907966], [-115.38356186737437, 44.25282364287922], [-115.38376520539147, 44.25270236384973], [-115.38398124042618, 44.25266554182651], [-115.38434449345952, 44.25246442577521], [-115.38446426045223, 44.25229622174944], [-115.38412273036099, 44.25215198576853], [-115.38397477132918, 44.25213246578054], [-115.3840485843235, 44.25202185176404], [-115.3842623633564, 44.25197767574033], [-115.38431113431423, 44.251690697710785], [-115.38421237026729, 44.25153464870631], [-115.3843286882621, 44.25138164368216], [-115.38434363221089, 44.25108065065449], [-115.38420416014809, 44.2508791796498], [-115.3841214060913, 44.25065119563759], [-115.38414404308631, 44.25059923863097], [-115.38431945310234, 44.250501524606165], [-115.38446473609191, 44.25028884157409], [-115.38468117108476, 44.25001872753044], [-115.38468973008273, 44.249998040527814]]}, "properties": {"objectid": 9540739, "trail_cn": "5176.002731", "trail_name": "KIRKHAM RIDGE", "trail_no": "144005", "trail_type": "TERRA", "trail_class": "3", "gis_miles": 0.633, "trail_surface": "NATIVE MATERIAL", "typical_trail_grade": "TRAIL_GRADE", "typical_tread_width": "TW03 - 18-24 INCHES", "national_trail_designation": 1, "terra_motorized": "Y", "allowed_terra_use": "4321", "bicycle_managed": null, "bicycle_accpt": "01/01-12/31", "bicycle_disc": null, "bicycle_restricted": null, "e_bike_class1_managed": null, "motorcycle_managed": null, "admin_org": "040205", "managing_org": "040205"}}, {"type": "Feature", "id": 9540747, "geometry": {"type": "LineString", "coordinates": [[-115.37404264259122, 44.264166627752815], [-115.37484114176995, 44.26431093869135], [-115.37525706683485, 44.264229631645655], [-115.37539556184667, 44.264147937625644], [-115.37516189379117, 44.26408765064207], [-115.375151375777, 44.26401985663711], [-115.3752891037936, 44.26396592161964], [-115.3756658707995, 44.26359746255249], [-115.37584765982801, 44.26356266553262], [-115.37616823286643, 44.26343549749178], [-115.3762798298708, 44.263340959473126], [-115.37646593290435, 44.26332936445484], [-115.37669973892663, 44.263204521422274], [-115.37701768696557, 44.26308265238213], [-115.37740658000764, 44.26290305033037], [-115.37765838304531, 44.26284432330188], [-115.37806534811838, 44.262818062261786], [-115.37823692914426, 44.2627791602425], [-115.37836365115912, 44.26272694222617], [-115.37894540523465, 44.26252813015483]]}, "properties": {"objectid": 9540747, "trail_cn": "5174.002731", "trail_name": "CATPAW LAKE", "trail_no": "142005", "trail_type": "TERRA", "trail_class": "3", "gis_miles": 0.3, "trail_surface": "NATIVE MATERIAL", "typical_trail_grade": "TRAIL_GRADE", "typical_tread_width": "TW03 - 18-24 INCHES", "national_trail_designation": 1, "terra_motorized": "N", "allowed_terra_use": "321", "bicycle_managed": null, "bicycle_accpt": "01/01-12/31", "bicycle_disc": null, "bicycle_restricted": null, "e_bike_class1_managed": null, "motorcycle_managed": null, "admin_org": "040205", "managing_org": "040205"}}, {"type": "Feature", "id": 9540787, "geometry": {"type": "LineString", "coordinates": [[-115.27941970195447, 44.30580153317497], [-115.27951613700628, 44.30598661818221], [-115.28054132640428, 44.307104913184816], [-115.28088129058413, 44.307741149208894], [-115.28102404664493, 44.307926639211885], [-115.2811269956759, 44.307989005207794], [-115.2811633337042, 44.308107620214756], [-115.2812924407592, 44.30827537321748], [-115.28146489681774, 44.30841690221379], [-115.28181597999597, 44.30903257923508], [-115.28180123504139, 44.30930035225985], [-115.28181788308703, 44.30953580927893], [-115.28146765912284, 44.310107828361474], [-115.2814852971564, 44.310275189374444], [-115.28138509816691, 44.3104404233982], [-115.28140287118863, 44.310541926405435], [-115.2815004722168, 44.310594477400976], [-115.28171313425274, 44.31056743937888], [-115.2819872883188, 44.31064231435995], [-115.28272557854349, 44.31110342433172], [-115.28309417364474, 44.31127304231229], [-115.28336365473527, 44.31148849830613], [-115.28351799380471, 44.311709481311084], [-115.28397066997547, 44.31217562430986], [-115.28400585101576, 44.312361634322855], [-115.28396087202414, 44.31245625033531], [-115.28395210005576, 44.312640714352234], [-115.28400062707269, 44.31268312935141], [-115.28402114012923, 44.31297523637507], [-115.28387066215896, 44.31330050241749], [-115.28394154519583, 44.31342960142219], [-115.28392033825818, 44.313798465456415], [-115.28396790029429, 44.313948088465104], [-115.28392436729872, 44.31401889547532], [-115.2840592323625, 44.31422934848123], [-115.28429298343316, 44.31437267647202], [-115.28462840250381, 44.31440761944393], [-115.28483212753966, 44.314389837423455], [-115.2850414535933, 44.31446444141051], [-115.2851230576172, 44.31451032940697], [-115.2851540606387, 44.314596901411655], [-115.28531355168107, 44.314662066402505], [-115.2858007468528, 44.31509652539525], [-115.28631361201025, 44.31542443837627], [-115.28694405506889, 44.31507868928749], [-115.28738404914633, 44.315040278243295], [-115.28815003931561, 44.315164299182946], [-115.2885515903844, 44.31511856214166], [-115.28885704445187, 44.315167803117596], [-115.2891814155085, 44.31513693208477], [-115.28940871555702, 44.31516415706604], [-115.28961555861873, 44.31528656705748], [-115.28999621572976, 44.315497507040604], [-115.29010510375348, 44.31551326303185], [-115.29030115978742, 44.31549314101186], [-115.29043592082556, 44.31556113300532], [-115.29059297185975, 44.31558385799271], [-115.2911316639628, 44.315582180942506], [-115.29426408053469, 44.31542234163753], [-115.29568604583413, 44.315570657518414], [-115.29577595085966, 44.31561666151409], [-115.29579127287813, 44.315702710520185], [-115.29611900699719, 44.316014814517004], [-115.29619042600517, 44.31598312750762], [-115.29617236998504, 44.31589055550117], [-115.29656571503567, 44.3157528414526], [-115.29667195604303, 44.31568064743643], [-115.29683094506478, 44.315632400417456], [-115.29710428212331, 44.31566635039501], [-115.29734618718324, 44.3157413203791], [-115.29799390431559, 44.31578670632292], [-115.29826774134149, 44.31563893328451], [-115.29852009339379, 44.31566055926299], [-115.29886087147801, 44.31576529624045], [-115.29931765456439, 44.315758788197485], [-115.29965326565359, 44.31589644917833], [-115.3000680867455, 44.31596510514578], [-115.30052001783574, 44.3159851151055], [-115.30086459692195, 44.31609692808332], [-115.30152045404742, 44.3160952800222], [-115.30170971409548, 44.31616043801031], [-115.30214322117547, 44.31614324996856], [-115.30225297320533, 44.316192054962585], [-115.30244388025135, 44.316244309949425], [-115.3025891072922, 44.316316500942264], [-115.30268834931302, 44.31632654993393], [-115.30283629533744, 44.316304451918214], [-115.30299381836599, 44.31629535890283], [-115.30309281538834, 44.316313980895224], [-115.3034749124823, 44.316429001869786], [-115.30377074057986, 44.31665563186208], [-115.30406646366083, 44.31679008184637], [-115.30416886368745, 44.31682876284021], [-115.3042210847083, 44.31688914684067], [-115.30451406679835, 44.317076855829846], [-115.30466121985245, 44.31722053182871], [-115.3046771538679, 44.31728937083325], [-115.3047444928954, 44.317370405834076], [-115.30501590897623, 44.3175299458228], [-115.30505947599657, 44.31759661082455], [-115.30516839802159, 44.317619576816455], [-115.30524633104476, 44.317665385813186], [-115.30529662906535, 44.31772590081383], [-115.30543488610091, 44.31777621680536], [-115.30547527811297, 44.317799959803686], [-115.30552151213378, 44.317866441805236], [-115.30564278415947, 44.31787990079513], [-115.30569144817431, 44.317910411793264], [-115.30577096019029, 44.31791444878621], [-115.30582696419935, 44.317905275780234], [-115.30617002923228, 44.31772313673244], [-115.3063208122395, 44.31760246170789], [-115.3064016802472, 44.31755935569658], [-115.30652125126886, 44.31755248268485], [-115.30658390827537, 44.31752203867642], [-115.30698803534031, 44.31745228363277], [-115.30706746535675, 44.317459177626006], [-115.30716234539788, 44.31758635462827], [-115.30722839842079, 44.31764307262708], [-115.3072547534478, 44.317764947635276], [-115.30707980547996, 44.31812936068335], [-115.30727483756209, 44.31837758468693], [-115.30734244658878, 44.31845369968731], [-115.30736987060929, 44.31853842969212], [-115.30766389470688, 44.31876717368482], [-115.30775869175064, 44.3189088816884], [-115.30783532777579, 44.31896694668636], [-115.30785656679575, 44.3190551886921], [-115.30809375090519, 44.31940973870103], [-115.30820493094448, 44.31950980569944], [-115.3083977290575, 44.319931455718304], [-115.30845206207759, 44.31998510771796], [-115.30850941810341, 44.32006742271981], [-115.3085105731191, 44.32015326272719], [-115.30859910815747, 44.32027169972933], [-115.3089487482728, 44.32053985272025], [-115.30901685730821, 44.320663774724736], [-115.30900482632154, 44.320750587733436], [-115.30903402534116, 44.320828387737514], [-115.3091213593687, 44.32088813273465], [-115.30941455748729, 44.32123420273761], [-115.30958529652926, 44.321285322726226], [-115.3099002866119, 44.321408610707714], [-115.31001299965078, 44.321504605705606], [-115.3100218396595, 44.321543324708145], [-115.3101836057123, 44.32166434470367], [-115.31033917375285, 44.32172381469445], [-115.31043161679014, 44.32183237269531], [-115.31055855085505, 44.32205720770313], [-115.31060345188796, 44.322192218710754], [-115.31075587294663, 44.32235532071086], [-115.31088958900868, 44.322557334716045], [-115.31100039404681, 44.32265115071395], [-115.31105390107116, 44.32272911971579], [-115.3110729700938, 44.322834379723226], [-115.31112804011364, 44.32288600072262], [-115.31121162012992, 44.322887236714955], [-115.31128960014271, 44.32287552670667], [-115.31146942318566, 44.322922490694026], [-115.31163049724273, 44.32306779569179], [-115.31173970426555, 44.32307798468249], [-115.31192595333185, 44.32324795568003], [-115.31195184634932, 44.32331694068369], [-115.31201750137467, 44.32338794268375], [-115.31209416939551, 44.323421947679634], [-115.31218733241593, 44.323436187672186], [-115.31224897442596, 44.32342603966557], [-115.3122898394232, 44.323367670656694], [-115.31227303441302, 44.32332883465488], [-115.31230505540557, 44.323253558645305], [-115.31228070239129, 44.323200317642936], [-115.31237128836483, 44.322957262613315], [-115.31238654834691, 44.322841721601776], [-115.31246194135049, 44.32278137758948], [-115.31255424337614, 44.32282561858478], [-115.3125821673937, 44.32289320458808], [-115.31267675842099, 44.32294413558372], [-115.31273825744366, 44.323004130583264], [-115.31306251853245, 44.323151843566], [-115.31311728156165, 44.323255555569965], [-115.31302931056345, 44.32335902158723], [-115.31294379956144, 44.323438789602115], [-115.31302030458323, 44.32347850959848], [-115.31310960759136, 44.32342845158582], [-115.31320153960506, 44.32340686857534], [-115.31329160963186, 44.3234596505716], [-115.31347232670693, 44.32368384657441], [-115.31351190772851, 44.3237616095775], [-115.31371192979861, 44.32393749757426], [-115.31393157186058, 44.324047787563494], [-115.31412089891802, 44.32416474155607], [-115.31427724295158, 44.324184521543266], [-115.31430288996903, 44.32425436654702], [-115.3143378559826, 44.32429260854708], [-115.31435850400703, 44.32440582055507], [-115.31449400605734, 44.32454073755423], [-115.3147626391348, 44.32468476554185], [-115.31478767615748, 44.32478374954813], [-115.31479330121084, 44.325073963572954], [-115.3148742692431, 44.32516662757355], [-115.3149357642725, 44.325264118576314], [-115.31501742030315, 44.32534739157602], [-115.3150149253184, 44.325434537583845], [-115.31510998535235, 44.32552169258264], [-115.31514683537614, 44.32561461858731], [-115.31524925241729, 44.325733840588164], [-115.31530579845811, 44.32590016259748], [-115.31531985948769, 44.32604931060917], [-115.31535808451336, 44.32615065461445], [-115.31542564955649, 44.3263181326228], [-115.3155204006551, 44.32676401565294], [-115.31562220268974, 44.32684786165077], [-115.31570338673525, 44.32701396865771], [-115.3158743627905, 44.32713846665269], [-115.31632746192462, 44.32740048463344], [-115.31648343299075, 44.32760125863647], [-115.31668029005867, 44.32776870463281], [-115.31679537010838, 44.327921897635456], [-115.31691743316561, 44.32810949564051], [-115.31694572119358, 44.328234252648755], [-115.3169949322191, 44.32832358965199], [-115.31703974925695, 44.32848587066195], [-115.3171339262858, 44.32854573765843], [-115.31728022332044, 44.328582194648035], [-115.31735661634305, 44.328626195644766], [-115.31748730740063, 44.328806594648356], [-115.31765844746249, 44.32896793764651], [-115.3177437205062, 44.329119259651826], [-115.3177688815367, 44.3292616126619], [-115.3178066795607, 44.32935457866654], [-115.31780275557774, 44.32945325467549], [-115.31782168259453, 44.32952630568007], [-115.31781426961476, 44.32964624969123], [-115.31786222866666, 44.32988266270744], [-115.31799701374058, 44.33014916571814], [-115.31803156076789, 44.33026401072494], [-115.3180092588005, 44.33046842474485], [-115.31803833582701, 44.330584255752264], [-115.31816110986736, 44.330677532749014], [-115.3182497559155, 44.33085034375582], [-115.31845386397968, 44.330989123749006], [-115.31858223303615, 44.33116537875244], [-115.31866284712089, 44.33154959277847], [-115.31883103417242, 44.33165640177215], [-115.31888833719874, 44.33174156977425], [-115.31905417823948, 44.33179117376313], [-115.31910868325784, 44.3318348537619], [-115.31913408829087, 44.331991011773134], [-115.31912242229946, 44.332050865779486], [-115.31915378731281, 44.33209166978011], [-115.3193943964008, 44.332323561777955], [-115.31984959955606, 44.332700408768574], [-115.32005402962578, 44.33286964576428], [-115.32014794767703, 44.33305386877164], [-115.32013859169138, 44.333143444780326], [-115.32034268776202, 44.33331795177658], [-115.32037018278486, 44.333415477782516], [-115.3204350688251, 44.333569422789935], [-115.32052759984953, 44.33360651478459], [-115.32058494487565, 44.33369025078652], [-115.32070558490398, 44.333719181777866], [-115.32077414093695, 44.33382880978102], [-115.32083714095353, 44.333854030777346], [-115.32091166698767, 44.333963748780015], [-115.32097039501788, 44.33406894278374], [-115.32098314502787, 44.33411057778619], [-115.3214365321659, 44.33439408176874], [-115.32154878019219, 44.33442045776061], [-115.32184254428385, 44.33461638275041], [-115.32194390330662, 44.334634927742584], [-115.32234728345234, 44.33501387973815], [-115.32263120952048, 44.33508985471838], [-115.32267484553407, 44.33511873571684], [-115.32273354156746, 44.33524148172208], [-115.32281069358886, 44.3352779447181], [-115.32285301560633, 44.33533001771871], [-115.32291750366427, 44.33558250473469], [-115.32295343767682, 44.335613871734104], [-115.32307787770087, 44.335614873722605], [-115.32318178473109, 44.33567213871794], [-115.32330197178747, 44.335856843722915], [-115.32330033881011, 44.33598401773415], [-115.32333871883927, 44.336104636741084], [-115.32329993585623, 44.33623985575649], [-115.32329987186347, 44.33627985875997], [-115.32336845289593, 44.33638683676295], [-115.32335352091233, 44.33649359877362], [-115.32340088093676, 44.336578616776634], [-115.32338397993962, 44.3366126697812], [-115.32334981493507, 44.33662360178534], [-115.32328631291865, 44.336600091789194], [-115.3231733518964, 44.3365967157994], [-115.32309722288473, 44.33661274780785], [-115.32306854288429, 44.336640910813], [-115.32308421790151, 44.336719746818424], [-115.32304394491206, 44.33682065383095], [-115.32303069594018, 44.33699051184699], [-115.32314353599124, 44.33715366985076], [-115.32321194101252, 44.337198978848306], [-115.32324849802765, 44.33724382084886], [-115.32326692805668, 44.337385419859515], [-115.3233111520802, 44.337468474862646], [-115.32331217609061, 44.33752488186745], [-115.32326614509583, 44.337602811878504], [-115.32324854611332, 44.337718296890266], [-115.3232539001332, 44.33782273089885], [-115.32321225214932, 44.337956463914374], [-115.32320123117921, 44.338133525930886], [-115.32317315418767, 44.33821028994016], [-115.32309858219902, 44.338352136959465], [-115.32310749321263, 44.338417990964395], [-115.32318723023995, 44.3384849059628], [-115.32320559025332, 44.338539484965864], [-115.32318568725493, 44.33856949097031], [-115.32313306725582, 44.33863037298052], [-115.32292230024007, 44.33876685701202], [-115.32278486322654, 44.33883772803096], [-115.32274579723907, 44.33894859704431], [-115.32270303523718, 44.33898373605132], [-115.32268375625318, 44.33909242706263], [-115.32263887825287, 44.33913857507079], [-115.32265645426403, 44.33918182407299], [-115.32248627126947, 44.33939216310712], [-115.32244851928685, 44.33952881212257], [-115.32250046133362, 44.339732524135485], [-115.32249958737678, 44.339972618156494], [-115.32244903639713, 44.34013909317573], [-115.32232783839736, 44.340268799198306], [-115.32231423542487, 44.34043573921412], [-115.32237729545935, 44.34055965621912], [-115.32240779349779, 44.340740185232], [-115.32236255551375, 44.34087648724808], [-115.32236446453686, 44.34100252225889], [-115.32225467254547, 44.341166645283415], [-115.32229882957418, 44.34127882528912], [-115.32239478360293, 44.34133597328518], [-115.32243134261797, 44.34138081528571], [-115.32255260565526, 44.34145834528118], [-115.3229457698073, 44.34188287828165], [-115.32299106581921, 44.341900693278966], [-115.32311245784302, 44.341903906267966], [-115.32323880287431, 44.34194292125959], [-115.32346783596861, 44.34222212126266], [-115.3236185550142, 44.34231437325669], [-115.32378697708977, 44.34255409526193], [-115.32382638409996, 44.34256896425955], [-115.32399724011805, 44.342487645236545], [-115.32403848810274, 44.342359125221535], [-115.32410926709686, 44.34225154420556], [-115.32417195610171, 44.34221177719623], [-115.32434731408532, 44.341934896155784], [-115.32443669708869, 44.34185888914088], [-115.32447249407322, 44.34173521412676], [-115.3245626480745, 44.34164649511063], [-115.32479645510158, 44.341548452080346], [-115.32501624712648, 44.34145306105158], [-115.32507032213498, 44.341442420045624], [-115.32509575114274, 44.34145851604462], [-115.32508884414734, 44.34149128604813], [-115.32501335615689, 44.341624523066784], [-115.32504789618557, 44.341746644074206], [-115.32503794520143, 44.34184498208369], [-115.32511726724319, 44.34199191708917], [-115.32537484931436, 44.342112899075765], [-115.32549786535354, 44.34219902607181], [-115.32561580138598, 44.3422536360656], [-115.32573690941156, 44.34226684505552], [-115.32578724441777, 44.342247574049125], [-115.32578453237126, 44.34199313402719], [-115.32598504637356, 44.34179295299112], [-115.32616821438593, 44.3416671829631], [-115.3261895583852, 44.341640470958765], [-115.32616996436253, 44.34153572195145], [-115.3262681183651, 44.34144569093446], [-115.3264199583848, 44.34139360591581], [-115.32655467737717, 44.34120835388711], [-115.326654618394, 44.34119552587675], [-115.3268102954343, 44.341253546867286], [-115.32707755348936, 44.34127461384432], [-115.32722839650881, 44.34122251182569], [-115.32732877853157, 44.34124174181805], [-115.3274213705471, 44.34122962580839], [-115.32771358161891, 44.34131719978881], [-115.32904547688976, 44.34140346967246], [-115.32943974794027, 44.34126488762371], [-115.32986951001888, 44.34124401958194], [-115.329937029033, 44.34125072357623], [-115.32997928305102, 44.34130565257707], [-115.32999630907267, 44.34140737458437], [-115.32998441109538, 44.34154583359752], [-115.32995841310378, 44.3416197726064], [-115.32997157911123, 44.34164711960757], [-115.33002228112781, 44.34168502160618], [-115.33003361514136, 44.341748158610606], [-115.33002168518215, 44.3419865746325], [-115.33007096621012, 44.342089186636855], [-115.33017213425472, 44.34222888263964], [-115.33040454632209, 44.34235519262902], [-115.33070640844024, 44.34268897363003], [-115.33086974447987, 44.342735015618864], [-115.33101653152264, 44.34281633761232], [-115.33119098856288, 44.34285404759935], [-115.33162943268935, 44.34308912857909], [-115.33167746272248, 44.34322131758614], [-115.33167603173226, 44.343277040591126], [-115.33176291276543, 44.34336834559103], [-115.33167290180134, 44.34366287562504], [-115.33160010580707, 44.34377186164136], [-115.33163420083744, 44.34390384664968], [-115.33170538786702, 44.343992068650735], [-115.3317023938982, 44.34416781666635], [-115.3316496198944, 44.34420277667429], [-115.33155271987144, 44.34417849368117], [-115.33142164883127, 44.34409511368612], [-115.33106083376431, 44.344106990720675], [-115.33063554874437, 44.34444785179001], [-115.33032948869655, 44.3445079138237], [-115.33001491166102, 44.34464480486491], [-115.32969023361805, 44.34475153490438], [-115.3295771296317, 44.34494711193195], [-115.32947434461683, 44.34497382294387], [-115.3293066226031, 44.345075906968376], [-115.32918401459924, 44.3451843249892], [-115.32904486258352, 44.34524517400747], [-115.32890431157018, 44.34532029502711], [-115.32857217352885, 44.345444064068744], [-115.32844216252019, 44.345533630088696], [-115.32833189551629, 44.345629202107254], [-115.3282105785046, 44.34569316812414], [-115.32794001149513, 44.3459278851698], [-115.32791063549898, 44.345980336177085], [-115.32778726450368, 44.34613740020226], [-115.3276738095157, 44.34632416522906], [-115.32762724656214, 44.34663076326014], [-115.32773784161468, 44.34680388826495], [-115.32795724369267, 44.34700290226188], [-115.32802846872197, 44.34708969726282], [-115.32821135580117, 44.34733398126711], [-115.3281887238067, 44.34738849027397], [-115.32827079384076, 44.34749005227519], [-115.32836093987773, 44.347599076276275], [-115.32848007192824, 44.34775231527858], [-115.32869897100304, 44.34793417027408], [-115.3290191081311, 44.34830330327647], [-115.32910732118232, 44.348493249284786], [-115.329118782213, 44.34865063029746], [-115.32907575722498, 44.348762908311265], [-115.32910420125224, 44.34888337731909], [-115.32909611826408, 44.348957577326324], [-115.32906052626826, 44.34901851433496], [-115.32903623330412, 44.34924254435671], [-115.3290197413425, 44.349472405378314], [-115.32892848937334, 44.349739760410124], [-115.32892885639637, 44.349866965421135], [-115.32900740244389, 44.3500467654295], [-115.3292587885473, 44.350352317432744], [-115.32929671157218, 44.35044974643774], [-115.32933796761361, 44.350635142450024], [-115.32938574564373, 44.35075118345569], [-115.3293159497069, 44.35117463749914], [-115.32937937774763, 44.351332777507025], [-115.32950236378807, 44.35142622250367], [-115.3295756408165, 44.35150572550384], [-115.32961371583497, 44.35156773750569], [-115.32962420184633, 44.35161934250916], [-115.32945492885169, 44.35182838854314], [-115.32941543786727, 44.35195643955799], [-115.32942848490076, 44.35212813557172], [-115.32938175789765, 44.35216032257891], [-115.32928951888383, 44.35218184058935], [-115.32923350987085, 44.35216925759347], [-115.3289763568266, 44.35219726861984], [-115.32889285882227, 44.35226178863323], [-115.32875499183655, 44.35248701566569], [-115.32863601986094, 44.35274824869954], [-115.32845822184075, 44.35282484572273], [-115.32820888581858, 44.352966696758315], [-115.32808138881725, 44.353094573781334], [-115.32801247281164, 44.3531364397914], [-115.32800792382704, 44.353226414799636], [-115.32796558383477, 44.353314404811265], [-115.32766017480569, 44.35347714985386], [-115.32746732679045, 44.3535972378823], [-115.32748333680567, 44.35366464388666], [-115.32750304282345, 44.3537421108916], [-115.32771491189742, 44.35392672188792], [-115.3278471779557, 44.354108739891515], [-115.32784092096898, 44.35418868289907]]}, "properties": {"objectid": 9540787, "trail_cn": "5183.002731", "trail_name": "GATES CREEK", "trail_no": "016005", "trail_type": "TERRA", "trail_class": "3", "gis_miles": 5.894, "trail_surface": "NATIVE MATERIAL", "typical_trail_grade": "TRAIL_GRADE", "typical_tread_width": "TW03 - 18-24 INCHES", "national_trail_designation": 1, "terra_motorized": "Y", "allowed_terra_use": "4321", "bicycle_managed": null, "bicycle_accpt": "01/01-12/31", "bicycle_disc": null, "bicycle_restricted": null, "e_bike_class1_managed": null, "motorcycle_managed": "01/01-12/31", "admin_org": "040205", "managing_org": "040205"}}, {"type": "Feature", "id": 9540810, "geometry": {"type": "LineString", "coordinates": [[-115.26268230901375, 44.3073049178606], [-115.26296956804516, 44.30717332182238], [-115.2634354661421, 44.30721525978278], [-115.26370141123624, 44.307454543779066], [-115.26410753635334, 44.307672000760356], [-115.26452473244198, 44.30771972672585], [-115.26500503552789, 44.30768476867815], [-115.26589122463955, 44.30736061456752], [-115.26638905367726, 44.30703926949313], [-115.26657810668891, 44.306902736463655], [-115.2666442576681, 44.30671641844122], [-115.26676726668141, 44.30665947542481], [-115.2674975638075, 44.30658125335016], [-115.26772179785189, 44.30658901033], [-115.26831666197603, 44.30664472327963], [-115.26863597505832, 44.30676114726018], [-115.26869608809089, 44.30687823426487], [-115.26925357123902, 44.30710668023311], [-115.26947830731768, 44.30730394222949], [-115.26971345537169, 44.30735325321195], [-115.26988082041913, 44.30743855220392], [-115.27005842846155, 44.307484807191436], [-115.27027852549341, 44.30742715316598], [-115.27057166855639, 44.30746426414199], [-115.27104530064456, 44.30744965509673], [-115.27125096668772, 44.30747019407947], [-115.27129477270066, 44.30749515307756]]}, "properties": {"objectid": 9540810, "trail_cn": "5176.002731", "trail_name": "KIRKHAM RIDGE", "trail_no": "144005", "trail_type": "TERRA", "trail_class": "3", "gis_miles": 0.48000000000000004, "trail_surface": "NATIVE MATERIAL", "typical_trail_grade": "TRAIL_GRADE", "typical_tread_width": "TW03 - 18-24 INCHES", "national_trail_designation": 1, "terra_motorized": "Y", "allowed_terra_use": "4321", "bicycle_managed": null, "bicycle_accpt": "01/01-12/31", "bicycle_disc": null, "bicycle_restricted": null, "e_bike_class1_managed": null, "motorcycle_managed": null, "admin_org": "040205", "managing_org": "040205"}}, {"type": "Feature", "id": 9540825, "geometry": {"type": "LineString", "coordinates": [[-115.27129477270066, 44.30749515307756], [-115.27163583280107, 44.30768947906288], [-115.27190401986346, 44.30775017004334], [-115.27217227289486, 44.30763871100863], [-115.27244452690783, 44.307420732964324], [-115.27275640895242, 44.307336145927955], [-115.27314958297914, 44.30706546586774], [-115.27333073897653, 44.306857978832745], [-115.27362483796456, 44.30647801277221], [-115.27413746304431, 44.30637467471555], [-115.27440178407375, 44.30625669168069], [-115.27474375310699, 44.30607671363319], [-115.27526734615864, 44.30580581856089], [-115.27567987020046, 44.30559858750446], [-115.27601870925228, 44.30552528946657], [-115.27664300239412, 44.305647978419344], [-115.27712558748485, 44.30563783337363], [-115.27744253755516, 44.305690534348834], [-115.27841785676578, 44.305821120269705], [-115.27891263485854, 44.30580897522267], [-115.2794041249522, 44.30580549217674], [-115.27941970195447, 44.30580153317497], [-115.27954164497224, 44.305770535160946], [-115.27994760705319, 44.3057875401247], [-115.28021376012774, 44.305917883111405], [-115.28054208020495, 44.30599688508784], [-115.28086281229008, 44.30612804606955], [-115.2810332183381, 44.306213383061156], [-115.2813013294197, 44.30638078005089], [-115.28144816147768, 44.306546353051736], [-115.28171932154103, 44.30660924203205], [-115.28215721963693, 44.306675512997224], [-115.28266695775258, 44.30677466295855], [-115.28292481280565, 44.306794657936344], [-115.28310558984785, 44.30683658392322], [-115.28333221191546, 44.30697068091391], [-115.2835347219588, 44.306995505897305], [-115.28367424399768, 44.30706282389021], [-115.2836716729973, 44.30706334589052], [-115.28405634309331, 44.30718674786557], [-115.28451091917935, 44.3071805068228], [-115.28468501220537, 44.307139558803065], [-115.28533877535845, 44.30729313775577], [-115.28544911939127, 44.3073579607512], [-115.28542831842213, 44.30755150477006], [-115.28544441743821, 44.307623625774895], [-115.28552514246095, 44.307664044770945], [-115.28598146954029, 44.307618618724554], [-115.28612365856995, 44.30763164271249], [-115.28629804963168, 44.30778891071006], [-115.28654160771046, 44.307966818702994], [-115.28666547973734, 44.30798392469303], [-115.28680887375967, 44.307955580677195], [-115.2870029327786, 44.30785394065031], [-115.28752199783837, 44.30763301758276], [-115.28781863888041, 44.307550339547966], [-115.28819082493868, 44.307477505507045], [-115.28833288796906, 44.3074948814954], [-115.28839194699029, 44.30755022049473], [-115.28840154400787, 44.30763749050144], [-115.28853475307264, 44.30785512750816], [-115.28857028310364, 44.30798939851658], [-115.28876338216591, 44.30812951651089], [-115.2889681452145, 44.30818137449642], [-115.28910824825665, 44.30826624449086], [-115.28960398638128, 44.30843049845915], [-115.28968275441588, 44.30853840946125], [-115.28964674144417, 44.3087339044817], [-115.28972071146993, 44.308798179480455], [-115.28986511250505, 44.30883954747063], [-115.28982183255823, 44.30918087150454], [-115.28995796158668, 44.309193801492995], [-115.29017419162285, 44.30916436647035], [-115.29037974266672, 44.30918922545346], [-115.29053507571146, 44.30927214344625], [-115.2906475767502, 44.30936748844417], [-115.29076620680863, 44.30956529845042], [-115.29086765387623, 44.30983255246436], [-115.29085823989517, 44.30994785447536], [-115.29087200990648, 44.30999598147823], [-115.29103543094024, 44.31000931646423], [-115.29114894597288, 44.310069826459], [-115.29127118100958, 44.3101435344541], [-115.29148703504809, 44.31012716143263], [-115.29184315213523, 44.31023202140869], [-115.29216365119575, 44.31022658737844], [-115.29229788921673, 44.3102002793637], [-115.29239340322594, 44.31014943135039], [-115.29315416235698, 44.31006714327253], [-115.29334967138594, 44.310019967250255], [-115.2935328674326, 44.310083693238816], [-115.29460828064795, 44.31013460814335], [-115.29489735271672, 44.31020862712299], [-115.29503121675884, 44.31029992911852], [-115.29518797179358, 44.31032594610628], [-115.29554068685752, 44.31030535807167], [-115.2960433459784, 44.3104413710369], [-115.29665497712166, 44.310585540992705], [-115.29675062114895, 44.31063488798814], [-115.29755422233683, 44.31082264392991], [-115.29782810139879, 44.31087506290904], [-115.29804870143927, 44.31086516788768], [-115.29814937545304, 44.310834350875645], [-115.29832846448666, 44.31083048585863], [-115.29869431454424, 44.31076053681856], [-115.299230519615, 44.31058254375318], [-115.2994233216603, 44.31062897873933], [-115.29979249973681, 44.31066061270784], [-115.30028605883709, 44.31069192066469], [-115.3005726109022, 44.310748461643016], [-115.30117223802345, 44.310783520590384], [-115.30172199310562, 44.310654473528025], [-115.301852378131, 44.31065641251609], [-115.30219131817583, 44.310544532474864], [-115.30281949228211, 44.310466041409654], [-115.30298777130541, 44.31041626738968], [-115.30335839037316, 44.31039781435358], [-115.30384636645033, 44.310307046300395], [-115.30396694245927, 44.31022824528226], [-115.30423547050086, 44.31017342225256], [-115.3046716035888, 44.310197322214115], [-115.3051700766782, 44.31016333616483], [-115.30538255770526, 44.310087239138475], [-115.30567124275129, 44.31003572810712], [-115.30607643979907, 44.30986966405498], [-115.30628688581328, 44.30972467002278], [-115.30654737784663, 44.30963269299053], [-115.30673612287862, 44.30960935497095], [-115.3070897889733, 44.30975835695114], [-115.30721010102178, 44.3098995429523], [-115.30740956508366, 44.31003101094526], [-115.30754482611746, 44.310074399936475], [-115.30767217714222, 44.3100762879248], [-115.30813801320171, 44.3099111158671], [-115.30865101533595, 44.310110393836894], [-115.30924192049127, 44.31034349480235], [-115.3099553026684, 44.31056787775569], [-115.31030060175888, 44.310702665735356], [-115.31052554882595, 44.31083567372611], [-115.31071277487092, 44.310885843713095], [-115.31108550197065, 44.311042796692185], [-115.31146113109638, 44.31134125568337], [-115.31178711716916, 44.311398351658056], [-115.31225624726585, 44.31143578061772], [-115.31253227229986, 44.31133095158297], [-115.31275172937355, 44.31150626957788], [-115.3127413113417, 44.31134057456438], [-115.31269003631091, 44.311224374558996], [-115.31263670429271, 44.311180023560055], [-115.31264142028299, 44.31112128255452], [-115.31269390428733, 44.31108938654685], [-115.31278765630714, 44.311099482539], [-115.31294595633396, 44.3110800395226], [-115.31340401542177, 44.31108027148006], [-115.31354868945542, 44.31111290246948], [-115.3136700424786, 44.31111251645817], [-115.31382086949374, 44.3110363294375], [-115.31400557149057, 44.31082226640165], [-115.31410590649185, 44.31072252638364], [-115.31422313244477, 44.310336544339016], [-115.31426421440408, 44.310067057311635], [-115.31424369937653, 44.30993606430212], [-115.31427412634359, 44.30972087628047], [-115.31408787729644, 44.30965713729221], [-115.31398090126189, 44.30957932329535], [-115.31384987620228, 44.309387887290775], [-115.31371042115599, 44.30927909829426], [-115.31395449119401, 44.309230426267355], [-115.31410869322669, 44.30924795025455], [-115.31432713626836, 44.30924681723414], [-115.31452912829583, 44.309184454209934], [-115.31467594029726, 44.30903632718338], [-115.31494197833483, 44.30896184015216], [-115.31539192241485, 44.308927093107286], [-115.31554330042658, 44.30883130808488], [-115.31564658044552, 44.30882629707486], [-115.31597666649314, 44.308739683036634], [-115.3160868845079, 44.308704279023274], [-115.3164395455705, 44.30867680598814], [-115.31677087461055, 44.30854664394599], [-115.3175964107086, 44.30821248084011], [-115.31800305774716, 44.30799411978327], [-115.31825801877592, 44.3078824327498], [-115.31855064683653, 44.307907613724836], [-115.3186984178568, 44.307862777707165], [-115.31897920588044, 44.30769544166647], [-115.31921674692016, 44.30766348364164], [-115.31936764591818, 44.30749182361258], [-115.31951378693242, 44.30741521659234], [-115.31981682898106, 44.30736301455961], [-115.31989453797323, 44.307237031541426], [-115.32029902501668, 44.30704773848731], [-115.32056413806116, 44.30701270545959], [-115.32130112215147, 44.30673027336647], [-115.32147086515839, 44.306587950338304], [-115.32190724620627, 44.30638961528045], [-115.32210842121947, 44.30624881324943], [-115.3224446112679, 44.306160091210465], [-115.32261738428265, 44.3060580781855], [-115.32280402129098, 44.30590607315492], [-115.32290562927975, 44.30573558613056], [-115.3230542022894, 44.305631036107606], [-115.32343643132403, 44.3054166550534], [-115.32355932631847, 44.305255096027885], [-115.32385139733047, 44.30501107297946], [-115.32422503937731, 44.30487359593273], [-115.32440279239727, 44.30479517790938], [-115.32468438141466, 44.30459224186551], [-115.32478694041994, 44.304512719849015], [-115.32486582142043, 44.30443131783461], [-115.32534994348227, 44.304259807774635], [-115.32560908250434, 44.304106779737204], [-115.32601214258382, 44.30411922370082], [-115.32618816858827, 44.30395654967032], [-115.32688997568411, 44.30374229158639], [-115.32724996574224, 44.30368212454767], [-115.32741269676093, 44.3036126285265], [-115.32722069369147, 44.303431207528526], [-115.32744041070589, 44.303277596494674], [-115.32780255974835, 44.30312825044798], [-115.32838356886828, 44.30317596339818], [-115.32851678187608, 44.303077717377256], [-115.32872783390529, 44.303015461352174], [-115.32884619690832, 44.30290610633168], [-115.32897124292786, 44.302881798317905], [-115.32916137693188, 44.30270161428451], [-115.32933085096671, 44.30271498526998], [-115.32950285798599, 44.302639088247325], [-115.32969707500331, 44.302528663219626], [-115.33033375710772, 44.302431243152014], [-115.33082667115485, 44.3021685520833], [-115.3310291951777, 44.30207983305672], [-115.33144071124349, 44.30200743301216], [-115.33206268728424, 44.301572171916426], [-115.33221575430457, 44.30152213089784], [-115.33256289932372, 44.30125928584263], [-115.3330031543717, 44.30105735678408], [-115.33318499338291, 44.30092639675579], [-115.33346773441347, 44.30079547471805], [-115.33372462144928, 44.30072080968767], [-115.33430575051035, 44.30044176960938], [-115.33456461255922, 44.300437964584994], [-115.33481222158827, 44.30033589055304], [-115.33499443362169, 44.300327656535444], [-115.33523404864819, 44.30022006350375], [-115.33541273568407, 44.30022920248799], [-115.3356637367175, 44.300147912457554], [-115.33628213982665, 44.300095982395604], [-115.33667953389437, 44.300049448354656], [-115.33675450990053, 44.30000387634367], [-115.33710358695981, 44.29996196230758], [-115.33779508505371, 44.29974767822467], [-115.33802287307591, 44.29962901419313], [-115.33816233110302, 44.29963104418038], [-115.33849782313598, 44.299457316134045], [-115.33876129115028, 44.29925640109205], [-115.33920438521393, 44.299138691040575], [-115.33945580624474, 44.29904215000878], [-115.33965363925877, 44.298909980978884], [-115.33991087729227, 44.29882223794735], [-115.3403101483368, 44.29864507489479], [-115.34039068934145, 44.29858525588209], [-115.3404883253177, 44.298349253852415], [-115.34038068917089, 44.29764849880121], [-115.34027407304436, 44.29705905275964], [-115.33998326092119, 44.29668432675398], [-115.33993044588034, 44.29651366074396], [-115.33972728380246, 44.296297247743944], [-115.33945979867755, 44.29588821873303], [-115.33935594061876, 44.295672074723846], [-115.33932410558849, 44.29553773771504], [-115.33923635255105, 44.29542319771323], [-115.33924659052636, 44.29527522969934], [-115.33906331742214, 44.29489138568284], [-115.33906198239174, 44.294723646668324], [-115.33919070534962, 44.294353050624004], [-115.3391791683243, 44.29422437061379], [-115.3391138652834, 44.294066593606104], [-115.33909735023074, 44.29379190358363], [-115.33894433513281, 44.29341067556456], [-115.33897903113092, 44.29336326155722], [-115.33926818118618, 44.29336252553029], [-115.3393960101948, 44.29327435151074], [-115.33939213418641, 44.29323204450741], [-115.33931200515988, 44.29316988950939], [-115.3391120941007, 44.293053718517804], [-115.33881448803488, 44.29300481254116], [-115.33869992700072, 44.2929366355459], [-115.33881249600061, 44.292816295524915], [-115.33897444702382, 44.29277290950606], [-115.33921908003835, 44.29259350046768], [-115.33934493703337, 44.2924319684419], [-115.33947773904345, 44.29234677242213], [-115.33953803303795, 44.29225180940821], [-115.33953051000705, 44.292088337394624], [-115.33957669199214, 44.29195614037882], [-115.3395466629651, 44.29183808137132], [-115.33954477193805, 44.29168993935855], [-115.33947545590273, 44.291566954354224], [-115.3394129778443, 44.29130902033752], [-115.33943794082523, 44.2911765163236], [-115.33937735379386, 44.29106672631962], [-115.3392794207227, 44.29077560530333], [-115.33919142868682, 44.29066977330229], [-115.33901126358285, 44.290283794285244], [-115.33886188752052, 44.29009647628279], [-115.33886223449902, 44.28997668227229], [-115.33875554244347, 44.28978127326511], [-115.33859627738426, 44.28962212626603], [-115.33849344034354, 44.289505187265355], [-115.33853083130342, 44.28924225323889], [-115.33842615023758, 44.288987983226406], [-115.33839577117405, 44.288667349201255], [-115.33840983714504, 44.288491121184514], [-115.33836160009534, 44.28826606716933], [-115.3383980580602, 44.288032009145496], [-115.3384094320282, 44.28784197812787], [-115.33835616099353, 44.28770619912095], [-115.33818137993373, 44.287559894124406], [-115.33818656092105, 44.28748373511727], [-115.33829213292545, 44.287395965099805], [-115.3383675579037, 44.28719449207519], [-115.3384383088527, 44.28683612403734], [-115.33845057381552, 44.286616306017], [-115.338412166763, 44.28636525799864], [-115.33848459772102, 44.286054832964794], [-115.33868195973774, 44.28593790393625], [-115.33874544071251, 44.28572972291216], [-115.33899108672063, 44.285513300870456], [-115.33923620375133, 44.28542320483982], [-115.33939798875603, 44.28527744081205], [-115.33961637577809, 44.285167351782185], [-115.33983032280827, 44.28510729375705], [-115.34032639389162, 44.285042624705355], [-115.34082659696541, 44.28492042464823], [-115.34117802301732, 44.28483475360816], [-115.3416860461054, 44.28478357055654], [-115.34201720216446, 44.28475963452366], [-115.342517262262, 44.2847694984781], [-115.34270172730324, 44.28480240446384], [-115.3429343693504, 44.284816938443505], [-115.3431691924062, 44.28487697742697], [-115.34372247850295, 44.28482619237118], [-115.3442037545811, 44.284748223319674], [-115.34450350462188, 44.28465585728378], [-115.34501520970515, 44.28457396822914], [-115.34543285875132, 44.284386163173956], [-115.3455324177542, 44.28429612215689], [-115.34610148683056, 44.284114864088174], [-115.34654968188107, 44.28391878402947], [-115.34682692290625, 44.28376379099016], [-115.34700617293831, 44.28375113797243], [-115.34720580896023, 44.283660365946], [-115.34744276800265, 44.28364419192259], [-115.34817354112293, 44.28353496384517], [-115.34839892615959, 44.283499017821136], [-115.34874202722223, 44.283482197787826], [-115.34936781131509, 44.2833322377166], [-115.34967948033989, 44.28313852667073], [-115.34990461737813, 44.28311128564746], [-115.3501760124202, 44.283056395617464], [-115.35051247144631, 44.28284343856766], [-115.35068481946287, 44.28275226554371], [-115.35068058645028, 44.28268685953836], [-115.35054664938906, 44.28248888953352], [-115.35079944541066, 44.282340067497074], [-115.35087706039438, 44.28216693647476], [-115.3510521463939, 44.28197778444197], [-115.35136840142904, 44.28183641140024], [-115.35179903349137, 44.28172500535056], [-115.3522348935329, 44.281491696289706], [-115.35250541250227, 44.281033826224636], [-115.35336512355865, 44.28043198009226], [-115.35365137056635, 44.28017037004286], [-115.35375686653197, 44.27986694500654], [-115.35407481753683, 44.27955569194984], [-115.35437252851199, 44.27910038788243], [-115.35450576451899, 44.27899775386112], [-115.35465228850157, 44.27874501982543], [-115.3548577815062, 44.27855194478954], [-115.35510333253389, 44.278444393757304], [-115.35575258057717, 44.27799414665772], [-115.356002811556, 44.27761003460099], [-115.35616029154815, 44.277398839567915], [-115.35638904656356, 44.277240947532874], [-115.35648828052908, 44.27694396549773], [-115.3566740605397, 44.276805056468376], [-115.35719346156041, 44.27636750338197], [-115.35745394554982, 44.27603132432837], [-115.35802189655163, 44.27543694422377], [-115.35824209458147, 44.27536823019732], [-115.35834403557976, 44.27525035817758], [-115.3583982885816, 44.275202756168405], [-115.35893771464704, 44.274992690099964], [-115.35930821867464, 44.274751880044576], [-115.35946398367743, 44.274601645017015], [-115.36016491572921, 44.27414340391189], [-115.36051789776869, 44.273987285865545], [-115.3606437227675, 44.27384684584155], [-115.36074832075386, 44.273659510815534], [-115.36120777275254, 44.27316294472947], [-115.36213910284813, 44.27270364160298], [-115.36281855593647, 44.27247160551964], [-115.36285145992599, 44.272378415508435], [-115.3633128649653, 44.272105838441824], [-115.36363137901111, 44.27202148140491], [-115.36402128801464, 44.27162628233419], [-115.36441654606313, 44.2714751152843], [-115.36463659909367, 44.27141074225826], [-115.3652588131685, 44.27116480317907], [-115.36576404921281, 44.2708736251067], [-115.36612692924871, 44.27068713705674], [-115.36621061725285, 44.27062081004322], [-115.36655737929188, 44.27046894199774], [-115.36689524634758, 44.2704193199621], [-115.3672354774081, 44.27039368992824], [-115.36755443846485, 44.2703699338966], [-115.36777829849103, 44.2702772928677], [-115.36782610148506, 44.27019302785591], [-115.36800900151344, 44.27015643383576], [-115.36808383651427, 44.27008126682226], [-115.36805202346514, 44.26984190980431], [-115.36797701041922, 44.26966646279595], [-115.36789094635199, 44.26938367077925], [-115.36778432423652, 44.268855025742944], [-115.36793430117714, 44.26836490068625], [-115.36819519617724, 44.26808747763779], [-115.3681851151318, 44.26784572061765], [-115.3681793991088, 44.26772366160749], [-115.36836124712404, 44.26761517358117], [-115.36869482514766, 44.267391228530634], [-115.36884466514813, 44.26723436150304], [-115.36906257217238, 44.26713727747435], [-115.36963056325393, 44.266986380408454], [-115.37003427430842, 44.266859898359954], [-115.37059165439736, 44.2667615252996], [-115.37104931648514, 44.26676267025725], [-115.37139792953197, 44.26665219921527], [-115.37179105661326, 44.26668612018177], [-115.37200137062626, 44.26653446714902], [-115.37218806765031, 44.266469604126], [-115.3726052267179, 44.266401493081325], [-115.37286833375246, 44.26631375704929], [-115.37282523668932, 44.26600819702659], [-115.37296834269279, 44.26587518900173], [-115.37303567662246, 44.26541219595501], [-115.37299819758452, 44.26524111294355], [-115.37295703152732, 44.26496672592343], [-115.37286298947035, 44.26474974591321], [-115.3729835354585, 44.26455542688504], [-115.373214505479, 44.26442367085213], [-115.3734982125215, 44.264358009820064], [-115.3738029775888, 44.26440809079614], [-115.3739613146144, 44.26438202877916], [-115.37405164561585, 44.26429400876312], [-115.37404264259122, 44.264166627752815], [-115.3738045145198, 44.26402257376237], [-115.37370128748138, 44.26391873076284], [-115.37365551145491, 44.26382005975847], [-115.37375817443764, 44.26361459573103], [-115.3738049144185, 44.26345843071304], [-115.37397807042939, 44.263334562686154], [-115.37400607541427, 44.26322079767364], [-115.373981645387, 44.263095012664905], [-115.37346539527482, 44.26302013670629], [-115.37339935923949, 44.262893853701385], [-115.37320453814718, 44.2625873186927], [-115.37309246810547, 44.26247463669325], [-115.37289205601026, 44.2621581226842], [-115.37280077597532, 44.262060981684215], [-115.37268028588821, 44.2617042206642], [-115.3725095698422, 44.26162990767358], [-115.37239465279877, 44.261510649673795], [-115.37214043572425, 44.26136660268481], [-115.37200897469035, 44.26131782669276], [-115.37189393864769, 44.261202921693375], [-115.37176258858975, 44.26102026068962], [-115.37161780749825, 44.26066533067209], [-115.37145973143164, 44.260462682669036], [-115.37144910336073, 44.26007917063653], [-115.37132609023043, 44.25948495059601], [-115.37136521322003, 44.25938531258369], [-115.37134677119849, 44.25928485357666], [-115.37171892821463, 44.25897867951541], [-115.37187500223475, 44.25892427249613], [-115.37195339023275, 44.25882954848063], [-115.37234178716601, 44.25804440337602], [-115.37231005912975, 44.25787623136425], [-115.37237254710976, 44.2576985113429], [-115.37242124405854, 44.257361587309], [-115.37236177002006, 44.25721044330128], [-115.37236786899562, 44.257068201288334], [-115.37248605695015, 44.25668875824422], [-115.37268193995025, 44.256480958207895], [-115.37267346686569, 44.25601906116832], [-115.37260964083495, 44.25591577816522], [-115.37247565479367, 44.25582891817005], [-115.37236907174533, 44.25567323016633], [-115.37246978670233, 44.25532629212667], [-115.3723626876591, 44.2551999921256], [-115.3724754486372, 44.254957642093956], [-115.37259936262363, 44.25475030206439], [-115.37278409765986, 44.25475511204769], [-115.3729098396545, 44.25459136102172], [-115.37319533566567, 44.25434929397404], [-115.37327764265855, 44.254221952955284], [-115.37341756766219, 44.2540932549311], [-115.37349144664914, 44.25394183391102], [-115.37364223066308, 44.25385903288978], [-115.37404896475533, 44.25393930785906], [-115.37415773878412, 44.25398363385282], [-115.37440207083144, 44.25398711183046], [-115.37581986606875, 44.25379853868246], [-115.37646824616621, 44.25365026260943], [-115.37659744118922, 44.25364095959662]]}, "properties": {"objectid": 9540825, "trail_cn": "5176.002731", "trail_name": "KIRKHAM RIDGE", "trail_no": "144005", "trail_type": "TERRA", "trail_class": "3", "gis_miles": 8.713000000000001, "trail_surface": "NATIVE MATERIAL", "typical_trail_grade": "TRAIL_GRADE", "typical_tread_width": "TW03 - 18-24 INCHES", "national_trail_designation": 1, "terra_motorized": "Y", "allowed_terra_use": "4321", "bicycle_managed": null, "bicycle_accpt": "01/01-12/31", "bicycle_disc": null, "bicycle_restricted": null, "e_bike_class1_managed": null, "motorcycle_managed": null, "admin_org": "040205", "managing_org": "040205"}}, {"type": "Feature", "id": 9540868, "geometry": {"type": "LineString", "coordinates": [[-115.38468973008273, 44.249998040527814], [-115.38478558805943, 44.24976635049872], [-115.38457141798318, 44.24956977950142], [-115.38453185094244, 44.249384940488916], [-115.38461515190896, 44.24910948845714], [-115.38469961990772, 44.24901266544088], [-115.38469327488848, 44.248912378432685], [-115.38481943890002, 44.248842282414884], [-115.3848863898911, 44.24872125039811], [-115.38543939292745, 44.24833481931303], [-115.38553176491563, 44.24817058129016], [-115.38571085092805, 44.2480489572629], [-115.38587913790982, 44.24776817122281], [-115.38592255586295, 44.2474606061919], [-115.38626392285622, 44.24705979912523], [-115.3863743588322, 44.24680826609304], [-115.38656566182306, 44.246553409053014], [-115.38701271882898, 44.24611011097285], [-115.38731369386855, 44.2460101459362], [-115.38772176090244, 44.24576412587685], [-115.38792761594311, 44.2457713878584], [-115.38879404399958, 44.24516327172496], [-115.38909356601107, 44.24490785167485], [-115.38924258499611, 44.24466599663989], [-115.38958104800588, 44.2443598145818], [-115.39012633005242, 44.24403806850313], [-115.39047491808681, 44.24385878545513], [-115.39093361912707, 44.24359429038946], [-115.39127005318532, 44.24356032035536], [-115.39175291124747, 44.24339228029589], [-115.39202164326512, 44.24320438525455], [-115.39210466825303, 44.243048724233255], [-115.392334198242, 44.242742651185246], [-115.39242192722574, 44.242558503161014], [-115.39254068623863, 44.24250378014523], [-115.39296600923264, 44.24201749406329], [-115.39375642832546, 44.241692651961635], [-115.39407491338925, 44.241709039933525], [-115.39433863141488, 44.24157066689703], [-115.39443712639157, 44.24133598186738], [-115.39456821535715, 44.24100416482622], [-115.39463472734415, 44.24086104780758], [-115.3947653783197, 44.24058558877139], [-115.39513663333713, 44.24028728571094], [-115.39523478831097, 44.24003674767998], [-115.39528547826605, 44.239732512648665], [-115.39542014126971, 44.23960940662543], [-115.39561700023202, 44.23918982057057], [-115.39598840923323, 44.238800569502146], [-115.39613312425045, 44.23874257348364], [-115.39653493027329, 44.2384416454201], [-115.39663537323966, 44.23814720338509], [-115.39655592419776, 44.23799816337939], [-115.39661361816532, 44.237756253352906], [-115.3967496591682, 44.23762714932903], [-115.39682734113104, 44.237337378296544], [-115.39683289507542, 44.237021093268396], [-115.39689234706864, 44.23692024025409], [-115.39681736187995, 44.2359480231761], [-115.39687507784458, 44.23568942714819], [-115.39670419473921, 44.23528398312859], [-115.39673970470838, 44.23507438310705], [-115.39692779971415, 44.23490624007487], [-115.39694959768174, 44.23470215705506], [-115.39679840456824, 44.23423053002785], [-115.39661469450576, 44.23407788103157], [-115.39657753842894, 44.23368932300108], [-115.3966146093685, 44.2333125239647], [-115.39665805732612, 44.23303014493602], [-115.39673606631817, 44.23290260991767], [-115.39679347426511, 44.23254539188115], [-115.3969017522599, 44.232401128858534], [-115.39695319920568, 44.23204382882252], [-115.3969987071895, 44.23190511680617], [-115.3969301411566, 44.23179481780292], [-115.39685612409957, 44.231555810788905], [-115.39678311997703, 44.23095021874278], [-115.39685521996758, 44.230820455724725], [-115.39682713591138, 44.230537072702575], [-115.39679268285667, 44.23026860768232], [-115.3968480618363, 44.23009573266206], [-115.3968137277808, 44.229822980641465], [-115.39689937074306, 44.22952131660718], [-115.3970929987652, 44.22943831258194], [-115.39729410173575, 44.22905952853024], [-115.39741141771195, 44.22880176849685], [-115.39756455261593, 44.2281028764216], [-115.39751631953136, 44.22768286138933], [-115.39750173948707, 44.227451121370436], [-115.39736970342804, 44.22726275236623], [-115.39712926636267, 44.22715439237907], [-115.39675656129154, 44.22715511741364], [-115.39611875220028, 44.22732580148769], [-115.39563000914605, 44.2275442465521], [-115.39492779805484, 44.227784495638176], [-115.39461734299476, 44.22778013266655], [-115.39440248792324, 44.22761036867161], [-115.39394950282006, 44.2275176487055], [-115.39369706171621, 44.227207407701826], [-115.39343384465401, 44.22714117772041], [-115.3928205944877, 44.226867385753366], [-115.39247725936625, 44.22655598175796], [-115.39220006519497, 44.22589606072597], [-115.39217749814298, 44.225629905704785], [-115.39222324812528, 44.22548262268768], [-115.39222399808129, 44.225236089666076], [-115.39217339397385, 44.2246907576231], [-115.39241423295557, 44.224331740569404], [-115.39293063394106, 44.223700315466374], [-115.39316272394913, 44.223497771427176], [-115.39308243091284, 44.22338087342436], [-115.39306419189202, 44.223284143417594], [-115.39314336589624, 44.22322308440497], [-115.39316520285806, 44.22298663838226], [-115.39334611087591, 44.22289363935736], [-115.39372938387672, 44.22248927428649], [-115.39415197490598, 44.222201787222225], [-115.3951620760436, 44.22189226410157], [-115.39595969711293, 44.22142846498714], [-115.39654797219245, 44.22124494991658], [-115.39687848621917, 44.22104167586818], [-115.39718370123069, 44.220780121817036], [-115.39752680721568, 44.22033043774594], [-115.39800582115588, 44.21948604662779], [-115.39830445614834, 44.21912520256857], [-115.39893806512285, 44.21830713343839], [-115.39913098914651, 44.21823335341403], [-115.39953712115931, 44.217871751344774], [-115.40000517316969, 44.21743024326283], [-115.40016057215325, 44.21717291022596], [-115.40033069109474, 44.21666459916575], [-115.40060835111862, 44.21650174412581], [-115.40068622809333, 44.216277810099], [-115.40079312610078, 44.21620505508278], [-115.40090883708307, 44.21598293105264], [-115.40098712509283, 44.21595401304286], [-115.40108713710106, 44.215893241028304], [-115.40103359607036, 44.215778866023264], [-115.40105975706004, 44.21569347801337], [-115.40151648303602, 44.21507181891673], [-115.40144493095184, 44.21467839388895], [-115.4016194858163, 44.21373539379035], [-115.40180641677875, 44.21332638973728], [-115.40205091872626, 44.2127724046662], [-115.40216861867997, 44.21238815862177], [-115.40235881164112, 44.211968477567424], [-115.40274449464277, 44.21156628349653], [-115.40314249861471, 44.210984686408835], [-115.40354496863068, 44.21064453234186], [-115.40406868559936, 44.20991069522915], [-115.40498315265926, 44.2092695900884], [-115.4052375466541, 44.20896917203859], [-115.4053334036406, 44.20879185301423], [-115.40594448671365, 44.20854766793629], [-115.40621222372864, 44.20834559389382], [-115.40639077170457, 44.20802049184887], [-115.40666740172222, 44.20782412680606], [-115.40684560470106, 44.20751575276262], [-115.40700678070266, 44.2073525297334], [-115.40712258469595, 44.207191604708626], [-115.40713258867106, 44.20704167369458], [-115.40773692075149, 44.20684643262157], [-115.40795539577334, 44.20673518959157], [-115.40812207176126, 44.206489489554656], [-115.40812902169655, 44.20612084152177], [-115.40818097161872, 44.20563062047417], [-115.40833191961492, 44.20544835144422], [-115.40844342956856, 44.20507044140085], [-115.40861320857127, 44.204904208370635], [-115.40871289555241, 44.20469259034287], [-115.40883662254605, 44.20452494731677], [-115.40950074057707, 44.2039896572085], [-115.40997379063303, 44.20379763114787], [-115.41033908169172, 44.20373548910862], [-115.4107995057501, 44.203570388051546], [-115.41152593181145, 44.203137725946476], [-115.41244859589962, 44.20264573581801], [-115.41314389400652, 44.20250103874097], [-115.41417099613132, 44.20210218461095], [-115.41461735213937, 44.201670750531896], [-115.41490563217539, 44.20156450749591], [-115.4147009861209, 44.20147829450735], [-115.41449324305886, 44.201353329515676], [-115.41401966295396, 44.20127276255249], [-115.41382432889269, 44.20113858655885], [-115.41337307377016, 44.200935770582895], [-115.41266427457204, 44.20058504861788], [-115.4125589525327, 44.200477846618284], [-115.41264487453874, 44.20041969960524], [-115.41294064661011, 44.20050313458516], [-115.41435527487302, 44.20046217845056], [-115.41454463289212, 44.20036676542467], [-115.41478811692464, 44.200288677395285], [-115.41506299097246, 44.200262478367556], [-115.41531083199324, 44.20011408733165], [-115.41584704208046, 44.20002922127457], [-115.41617183610447, 44.19981685122595], [-115.41647587514066, 44.199694659187045], [-115.41717469420452, 44.19930558608838], [-115.41753400426175, 44.199241961049495], [-115.41785957529906, 44.19910283300718], [-115.41846857842526, 44.199158283955654], [-115.4187077115088, 44.19936969795197], [-115.41963588773663, 44.19965267389073], [-115.42008680183655, 44.1997296588557], [-115.4206686659459, 44.19971990880097], [-115.42086954997991, 44.19969567878024], [-115.42136287001907, 44.199387995707646], [-115.42148742198428, 44.19906084466755], [-115.4219063580128, 44.198772924603595], [-115.42301162420736, 44.19868091549318], [-115.42351974333292, 44.19884022646004], [-115.42385919345956, 44.19918578645883], [-115.42432161954443, 44.19916644041425], [-115.42467796264094, 44.19932571339518], [-115.4247735826775, 44.19942779539525], [-115.42501494774784, 44.19956357338478], [-115.42561917284073, 44.19943790031782], [-115.4264249069903, 44.1994141122411], [-115.42659011901307, 44.199364935221524], [-115.42703217905061, 44.199103042157724], [-115.42724658005254, 44.198885176118836], [-115.427544803088, 44.19876493908067], [-115.428536372195, 44.19830495894867], [-115.42910079326188, 44.198076729876455], [-115.42961484731019, 44.197798266804476], [-115.42995354034124, 44.19761037375673], [-115.43015149037554, 44.197590952736704], [-115.43043374740995, 44.19748191070102], [-115.43065258940277, 44.19720835965689], [-115.43069467038825, 44.197082449642], [-115.43084087737472, 44.196850775608176], [-115.43080469133052, 44.19664232359335], [-115.43085763832234, 44.1965402805795], [-115.43125630234373, 44.19623452151585], [-115.43166529739834, 44.19610317046652], [-115.43233207251036, 44.196017995397334], [-115.43253664655447, 44.19604638838084], [-115.4328979926202, 44.19602790434577], [-115.43306432563547, 44.19593585732236], [-115.43361434558798, 44.195083710196926], [-115.43373228155865, 44.19479376216069], [-115.43399041853486, 44.19438567910118], [-115.43435473555895, 44.19413126504516], [-115.43462565659212, 44.19402778601109], [-115.43505484761296, 44.193686359941466], [-115.43539205755314, 44.19299207984959], [-115.43518147130492, 44.19182936076754], [-115.43524306128579, 44.19165668274674], [-115.43524038926036, 44.19151716373477], [-115.43499126108411, 44.190797697695025], [-115.4349543260447, 44.19061710768265], [-115.43493018394155, 44.190065800636695], [-115.43471496580447, 44.18952902860975], [-115.4348402587267, 44.18896047554848], [-115.43515525965147, 44.1882037194532], [-115.43530215955259, 44.18749396537756], [-115.43583686956474, 44.1869910492841], [-115.43567247233545, 44.18588470420267], [-115.43556096828252, 44.18570737819747], [-115.43565515425074, 44.185429251164436], [-115.43560251119092, 44.185150541144985], [-115.43577762312813, 44.184612684081785], [-115.4360843281309, 44.184300835026114], [-115.43632739616196, 44.18421502199613], [-115.43677755422719, 44.18409927294431], [-115.43785672936674, 44.183727850811934], [-115.43820351036442, 44.18334455174637], [-115.43848163539016, 44.18319185370727], [-115.43907763336169, 44.182396046582575], [-115.43923796331524, 44.18196517653009], [-115.43956436832582, 44.181675926474554], [-115.44042198445173, 44.181464676376756], [-115.4410027914624, 44.18090447927402], [-115.44129488349705, 44.180786265236655], [-115.4421541555512, 44.18017197810341], [-115.44312995669479, 44.17993343699226], [-115.44382703175579, 44.179530546892536], [-115.44403779878344, 44.179460161866864], [-115.44434920685273, 44.17951565484288], [-115.44556190312278, 44.179731748749504], [-115.44630691326331, 44.17972259067973], [-115.44694015641325, 44.17988556163536], [-115.44775400056476, 44.1798644675582], [-115.44811969365524, 44.179980469534456], [-115.44858403673753, 44.179945091488364], [-115.4492912398465, 44.17979985941024], [-115.44951498185888, 44.1796301953747], [-115.45017052099988, 44.17971948832181], [-115.45044109915331, 44.18028890434652], [-115.45123949033172, 44.18043488928539], [-115.45172349837387, 44.18015417321603], [-115.45210221946392, 44.18025363518963], [-115.45291882768277, 44.18060655414489], [-115.45334650876907, 44.18063280710758], [-115.45467131993593, 44.18015262294301], [-115.45530573002758, 44.179988288869886], [-115.45563325809128, 44.17999486284014], [-115.4562749362056, 44.179949939776854], [-115.45646965425368, 44.180011097764165], [-115.45668406129731, 44.18002621774564], [-115.45710825436164, 44.179933713698276], [-115.45765218449496, 44.18009887466233], [-115.45814757056878, 44.1799834806064], [-115.45960624486013, 44.18005676047775], [-115.46020100295708, 44.17996434841459], [-115.4609164620487, 44.17971353832644], [-115.46147205717516, 44.17982821628508], [-115.4620426682633, 44.1797126022221], [-115.46262531034215, 44.179531785152385], [-115.463484070398, 44.17892805002019], [-115.46389631346881, 44.17888428497822], [-115.46465064064934, 44.179089519926244], [-115.46503238071924, 44.17907321288952], [-115.46545826278079, 44.17896316584047], [-115.46581401086056, 44.17903011681338], [-115.46634909603212, 44.17941891379776], [-115.46665266511256, 44.179545190780665], [-115.46751198628772, 44.179608176706665], [-115.46783342737164, 44.17973469068792], [-115.46785921539016, 44.17981075469216], [-115.46802373542818, 44.17984800868018], [-115.46806378846097, 44.179988612688774], [-115.46823591051208, 44.18009096968177], [-115.46857927264755, 44.18048233068412], [-115.4689219067469, 44.180672726669016], [-115.46928649787033, 44.18097418366159], [-115.46985326297342, 44.18094604660666], [-115.47018517004193, 44.18097550557851], [-115.47061930610981, 44.180891990531], [-115.47090598917343, 44.18094227950884], [-115.47093628322396, 44.18119265752792], [-115.47078420623718, 44.18142859156258], [-115.47056469620941, 44.18150711958972], [-115.47052106221436, 44.1815815716003], [-115.47007436516911, 44.18180498266114], [-115.46971534715233, 44.18209388371962], [-115.46956696016127, 44.18230199475147], [-115.4695255452694, 44.182951264812026], [-115.46959689439248, 44.183562992858796], [-115.46970430543024, 44.18365967085732], [-115.47024561153682, 44.18367848580881], [-115.47053427463122, 44.18389848780126], [-115.47067104966688, 44.183952191793274], [-115.47137566178898, 44.183883815722055], [-115.47210287894993, 44.184008168665606], [-115.47227957301855, 44.18420348066624], [-115.4728216071439, 44.184326498626774], [-115.47322273622785, 44.18436830759328], [-115.47361499228903, 44.1842920835503], [-115.47436590337628, 44.1839793724535], [-115.47511562949899, 44.18386620137417], [-115.47553286755694, 44.18374528232499], [-115.47589196663505, 44.18379938529649], [-115.47627142069992, 44.18375728225769], [-115.47664890379849, 44.183906341235684], [-115.47692798382174, 44.18373855319521], [-115.47720791387363, 44.183730376168576], [-115.4775109509189, 44.18366057113444], [-115.477892302964, 44.18350605508562], [-115.4783387350753, 44.18365254605707], [-115.47863919713798, 44.1836827520319], [-115.47899866123207, 44.18382569901105], [-115.47989186145075, 44.18409634795197], [-115.48011073849146, 44.18409062293119], [-115.48040708851288, 44.18389446988664], [-115.4807028305615, 44.18385076385541], [-115.4809213666258, 44.18397753884623], [-115.48113145472429, 44.18430429585531], [-115.48153457281788, 44.18439779282611], [-115.48202231691458, 44.18441856778274], [-115.48224907299239, 44.18461214877864], [-115.48248899705024, 44.184679652762334], [-115.48259547704882, 44.18455830674187], [-115.48321876913066, 44.18435142166608], [-115.48408072232289, 44.1845078425999], [-115.48460514947529, 44.1848007425769], [-115.48512243156091, 44.184728282522656], [-115.4862878727586, 44.18459151840279], [-115.48714087591479, 44.18455565432067], [-115.48768478700863, 44.18450083126549], [-115.4879682980158, 44.18423859821636], [-115.4887771251182, 44.18394916211619], [-115.48912233318671, 44.18396444808557], [-115.48964986325669, 44.18379348402179], [-115.48993371028384, 44.18364284798236], [-115.49039864130611, 44.18327184790697], [-115.49072880630547, 44.18291651684537], [-115.49099914628347, 44.182505605784534], [-115.49135124232885, 44.182383860741304], [-115.49169682841621, 44.18250418571976], [-115.49189230750441, 44.1827889607265], [-115.49190876353138, 44.182922575736605], [-115.4920854836026, 44.18313214973857], [-115.49218949458945, 44.18294771971279], [-115.49241128259685, 44.182752935675296], [-115.49272947363143, 44.18260706363309], [-115.49292956863594, 44.182419136598156], [-115.49323627865589, 44.18220403255105], [-115.49349122968079, 44.182071616515834], [-115.49367043368852, 44.18192390848639], [-115.49410818677796, 44.18195731344876], [-115.49459735285313, 44.18185656839468], [-115.49498800692722, 44.181854570358304], [-115.49542368902215, 44.18192090632377], [-115.49627002319967, 44.18201199825332], [-115.49668511430448, 44.182155624227384], [-115.49717383540603, 44.18220255018621], [-115.4976460274809, 44.18211824313512], [-115.49793508750514, 44.18194577109334], [-115.49793081545485, 44.181669200069585], [-115.4982937883669, 44.18079041495937], [-115.49876361236464, 44.18027729587111], [-115.49882467129588, 44.17982788382623], [-115.49878071624741, 44.17960339081077], [-115.4989939242084, 44.179158360752176], [-115.49899913514932, 44.178822556722444], [-115.49923915715674, 44.17860813068152], [-115.49928629414684, 44.17850236666791], [-115.49919867207113, 44.178172487647274], [-115.49917545895033, 44.17752187359268], [-115.49947562696822, 44.177301900545686], [-115.49974729394822, 44.17690051548556], [-115.49939992078751, 44.17637189347165], [-115.49943773975883, 44.176171100450595], [-115.49972815274089, 44.175761147387995], [-115.49985992971229, 44.17546083334958], [-115.49971298164692, 44.17525166234495], [-115.4996755846001, 44.17502963632903], [-115.50032603157182, 44.17417824519458], [-115.50040310755647, 44.174010129172785], [-115.5003983354725, 44.17354556013269], [-115.50029585542691, 44.17339984112948], [-115.5002756693339, 44.17290078708785], [-115.50040529531067, 44.17263273305246], [-115.50052155818719, 44.17181778297061], [-115.5006719631821, 44.171629190940266], [-115.50066560713233, 44.17135754891713], [-115.5003308150022, 44.17098631191579], [-115.50039559994228, 44.17058191087449], [-115.50043305993078, 44.17047788886194], [-115.50040942990624, 44.17036561885434], [-115.50000579477009, 44.17003397486281], [-115.49977968671115, 44.16994524787596], [-115.4995453556153, 44.16965870287266], [-115.4994375345762, 44.16955509087363], [-115.49920402845612, 44.169131822858304], [-115.49898288636722, 44.168869987855935], [-115.49873999728632, 44.16867625286155], [-115.49870303225701, 44.16855187285412], [-115.49885702618074, 44.167960756788304], [-115.49887276211953, 44.16760126975546], [-115.49882661808593, 44.16746250174762], [-115.49884825705438, 44.16726269072823], [-115.4990990030376, 44.166901525673495], [-115.4991933239925, 44.16654832763393], [-115.4993356459543, 44.166182863588894], [-115.49935734687548, 44.165718639546405], [-115.49936861284488, 44.16553536852934], [-115.49964093384337, 44.16523642047803], [-115.49965529681349, 44.1650539044608], [-115.4997716028206, 44.16496967644269], [-115.4999174998347, 44.164892982422515], [-115.50028064889834, 44.16486202138621], [-115.50079032497179, 44.16472936032745], [-115.50109945795093, 44.16428320225993], [-115.5012187479272, 44.16402321322618], [-115.50112047687809, 44.163852794220425], [-115.50121579087607, 44.16374001720175]]}, "properties": {"objectid": 9540868, "trail_cn": "5176.002731", "trail_name": "KIRKHAM RIDGE", "trail_no": "144005", "trail_type": "TERRA", "trail_class": "3", "gis_miles": 11.969, "trail_surface": "NATIVE MATERIAL", "typical_trail_grade": "TRAIL_GRADE", "typical_tread_width": "TW03 - 18-24 INCHES", "national_trail_designation": 1, "terra_motorized": "Y", "allowed_terra_use": "4321", "bicycle_managed": null, "bicycle_accpt": "01/01-12/31", "bicycle_disc": null, "bicycle_restricted": null, "e_bike_class1_managed": null, "motorcycle_managed": null, "admin_org": "040205", "managing_org": "040205"}}, {"type": "Feature", "id": 9541424, "geometry": {"type": "LineString", "coordinates": [[-115.44277809721962, 44.23349630170013], [-115.44251705016414, 44.233464876721634], [-115.44193973804016, 44.23338812476843], [-115.44137798293741, 44.23341325782275], [-115.44072274082365, 44.23347623388904], [-115.44044142477, 44.233476521915115], [-115.43979714165573, 44.23352550897916], [-115.43947833961558, 44.23364085601881], [-115.43921336757097, 44.23367438404626], [-115.43842050841376, 44.23364180111695], [-115.43788989132236, 44.23369686217098], [-115.43687594216935, 44.23392309728475], [-115.43617760206828, 44.23410308136521], [-115.43556841496876, 44.234196413429856], [-115.4352171509326, 44.234368709477494], [-115.43486369988237, 44.234465154518674], [-115.43460150585831, 44.23461015555561], [-115.4343260828436, 44.23482101859955], [-115.43405738182344, 44.23499482363966], [-115.43387298880498, 44.23508811166485], [-115.43264992962818, 44.235404441805905], [-115.43233411958647, 44.23550814784424], [-115.43195451954054, 44.235655986892304], [-115.43149610149, 44.23586244995288], [-115.43119101547686, 44.23611365800302], [-115.43091075045847, 44.23630963404617], [-115.43068597146015, 44.236558331088666], [-115.43051998248272, 44.236860695130424], [-115.43039966451661, 44.23717767416928], [-115.43026912252027, 44.237336858195256], [-115.43006533750626, 44.23747565422625], [-115.4299500405017, 44.23757310124547], [-115.42963445447597, 44.237765590291495], [-115.42930345842981, 44.23786066233051], [-115.42898982539103, 44.2379781113698], [-115.42883394937411, 44.23804976339054], [-115.42815290126345, 44.23815765846311], [-115.42779484620947, 44.238238022503324], [-115.42750611314928, 44.238210166527686], [-115.42746565311637, 44.238069673519185], [-115.42728733407883, 44.23805021653401], [-115.42676771598266, 44.238067439583695], [-115.42650990492412, 44.23801592160316], [-115.42624715384616, 44.23786102161402], [-115.42591825776898, 44.2377808496375], [-115.42566293069844, 44.237659375650566], [-115.42498822857522, 44.23769101171592], [-115.42474911153882, 44.2377425907426], [-115.4242437494771, 44.23793661980641], [-115.42484647959192, 44.237934697750354], [-115.42490204061178, 44.237986638749724], [-115.42460200056176, 44.238026852781026], [-115.42351933839142, 44.238230260899186], [-115.42288136228272, 44.238303485964735], [-115.42267669025667, 44.2383762999901], [-115.422524704266, 44.23859005202282], [-115.42255194331352, 44.2388258850409], [-115.42233157928521, 44.23890286006808], [-115.42222103131719, 44.239198359104115], [-115.42225162035886, 44.239398028118664], [-115.42211285740248, 44.239789071165646], [-115.42210654342644, 44.23992919617849], [-115.42185886646931, 44.24043173524525], [-115.42159995647755, 44.2407531212973], [-115.42142717148127, 44.24095798833123], [-115.4212832624209, 44.240774581328566], [-115.42120329437397, 44.24059821232058], [-115.42110339333641, 44.240495363320896], [-115.42053874716879, 44.24016225934422], [-115.41981441999287, 44.23995312539316], [-115.4192135978019, 44.23952858741185], [-115.41876941067883, 44.23931555443443], [-115.41846839359208, 44.23915272644815], [-115.41841255456013, 44.23903388144295], [-115.41840556353785, 44.238917325433455], [-115.41849944749319, 44.238568329394276], [-115.41865189546375, 44.23824205135168], [-115.41876636245395, 44.23806561332567], [-115.41882010542214, 44.23783095330017], [-115.41877713331918, 44.237302894258114], [-115.41845983922356, 44.237107809270476], [-115.41793462309636, 44.23695798430613], [-115.4174079449802, 44.23687147834741], [-115.41713272292759, 44.23687107637295], [-115.41691122090671, 44.2369908254039], [-115.41629509478376, 44.236961814458525], [-115.41545117363334, 44.237021752542006], [-115.41478570748185, 44.23688628659188], [-115.41448275541897, 44.23685819961755], [-115.41423890338466, 44.23692646064609], [-115.41403553738876, 44.23716586268588], [-115.41357273737815, 44.23759969676664], [-115.41315287037855, 44.23804916684484], [-115.41279614932613, 44.23813683688554], [-115.41103243704713, 44.23845978907733], [-115.41052161000148, 44.23874949714997], [-115.41028227600107, 44.23900203919419], [-115.40997193697004, 44.23915977323676], [-115.40976629794127, 44.23921832026093], [-115.4096423279317, 44.23929688427927], [-115.40943811391512, 44.239421862309136], [-115.40873069181369, 44.23960988339113], [-115.40809152071321, 44.239730619460936], [-115.40772652064068, 44.23971529649349], [-115.4074030905995, 44.239830196533475], [-115.40694924350122, 44.23976586756997], [-115.4060439023211, 44.239725941650434], [-115.40547033422291, 44.2397895807092], [-115.40499281515125, 44.23989890976303], [-115.40462707808348, 44.23991085879799], [-115.40416282398932, 44.23988049083838], [-115.40363727088082, 44.239835617883216], [-115.4025737156339, 44.2395921649606], [-115.40200561948474, 44.23936587099351], [-115.4015384763777, 44.23926722002818], [-115.40091445619461, 44.238911439054995], [-115.40045957205908, 44.23864066007352], [-115.39998531794843, 44.238529020107755], [-115.39945451482667, 44.23841582014711], [-115.39891252472968, 44.238452576200565], [-115.3983339626424, 44.23858228526556], [-115.39768016053145, 44.23866046233298], [-115.39739246046472, 44.23859501535396], [-115.39719602243947, 44.23866390337822], [-115.39707390743915, 44.23879183340069], [-115.39658372635459, 44.238842949450614], [-115.39598840923323, 44.238800569502146]]}, "properties": {"objectid": 9541424, "trail_cn": "5177.002731", "trail_name": "CLEAR CREEK", "trail_no": "145005", "trail_type": "TERRA", "trail_class": "3", "gis_miles": 2.916, "trail_surface": "NATIVE MATERIAL", "typical_trail_grade": "TRAIL_GRADE", "typical_tread_width": "TW03 - 18-24 INCHES", "national_trail_designation": 1, "terra_motorized": "N", "allowed_terra_use": "321", "bicycle_managed": null, "bicycle_accpt": "01/01-12/31", "bicycle_disc": null, "bicycle_restricted": null, "e_bike_class1_managed": null, "motorcycle_managed": null, "admin_org": "040205", "managing_org": "040205"}}, {"type": "Feature", "id": 9542509, "geometry": {"type": "LineString", "coordinates": [[-115.35104021382077, 44.395095624299024], [-115.35103497280215, 44.394998361291], [-115.35102245777595, 44.39486708728075], [-115.35107697771308, 44.394462752240536], [-115.35103744765158, 44.394165175218376], [-115.35109632560446, 44.393843026184875], [-115.35106526458028, 44.393742535179044], [-115.35114787855174, 44.39349790715005], [-115.35106483951276, 44.39337055314673], [-115.35108808148881, 44.39321406213092], [-115.35105997445905, 44.39307931112187], [-115.35098285741454, 44.39291526811477], [-115.35092392639763, 44.39288440511762], [-115.35089832037787, 44.392802571112895], [-115.35085486734896, 44.392689035107054], [-115.35077701632191, 44.392622169108485], [-115.35062169225557, 44.39242043610544], [-115.35060874624364, 44.392368200102126], [-115.35045815318328, 44.392194520101015], [-115.35036997815658, 44.39214036710451], [-115.350332374142, 44.39209969110452], [-115.35029905210548, 44.391933537093166], [-115.35009824001231, 44.391631933085655], [-115.34992109096393, 44.39155219809525], [-115.34981902692128, 44.391424954093694], [-115.34961123187186, 44.39137192710841], [-115.34952442883704, 44.391271372107795], [-115.34940453780273, 44.391208870113545], [-115.34923117472391, 44.39095733010782], [-115.34913945067218, 44.390769133099994], [-115.34912485264788, 44.390650297091014], [-115.34902929060311, 44.39050456808725], [-115.34895628955863, 44.39033629707941], [-115.34895030453187, 44.390194718067676], [-115.34887691847695, 44.38996927305494], [-115.34876883443985, 44.389879101057176], [-115.34864796039926, 44.38978302506004], [-115.34845844133838, 44.38964736906592], [-115.3483735753167, 44.389617557071254], [-115.34833908130123, 44.38956846507017], [-115.3482195982648, 44.389493848074814], [-115.34806202122249, 44.38942725408373], [-115.34802533120792, 44.38938527808351], [-115.34785392116866, 44.38934992609636], [-115.34774375913821, 44.3892983101022], [-115.34762592609144, 44.38916511910156], [-115.34758525207603, 44.38912308410172], [-115.34754791603977, 44.38896247309122], [-115.34750506398666, 44.38871460207366], [-115.34741721693227, 44.388507526063854], [-115.34734201189745, 44.38839488206106], [-115.34727370686632, 44.38829535605878], [-115.34713430382607, 44.388220450065255], [-115.34701507878165, 44.38810152906599], [-115.34681993170463, 44.38788289606517], [-115.34673230866171, 44.387738706060794], [-115.34661307362377, 44.38765551706466], [-115.34653732558365, 44.38751435805945], [-115.34646196152835, 44.38728888304687], [-115.34641448750412, 44.38720530104403], [-115.34628750445047, 44.38704339204178], [-115.34617788038463, 44.38679598303048], [-115.3461772553757, 44.38674738002628], [-115.34610895534044, 44.38662490902198], [-115.34608308431771, 44.3865271580159], [-115.34608410230321, 44.38644590000878], [-115.34598915825472, 44.38627873700307], [-115.34594295523539, 44.38622090000236], [-115.34594130322007, 44.38613798299526], [-115.34589164019665, 44.38606151599324], [-115.34572632713866, 44.38591620199599], [-115.34554083206564, 44.385709137995285], [-115.34549491104451, 44.38564130099369], [-115.34527716997401, 44.385482363000136], [-115.3452807129519, 44.38535664498887], [-115.3452619489372, 44.38529535698531], [-115.3452365238944, 44.38508588596946], [-115.34529327287356, 44.3849109159489], [-115.34525205982308, 44.38467592993234], [-115.34526783280778, 44.384574633922036], [-115.34525842078341, 44.38445020791208], [-115.34529659476314, 44.3842978378953], [-115.34536950376817, 44.38424871788421], [-115.34540180075892, 44.384163433873816], [-115.3453099797181, 44.38403505987115], [-115.34525236768019, 44.383887015863685], [-115.34525110166261, 44.38379117485545], [-115.34525245065409, 44.38374266785108], [-115.34542926666586, 44.38362088982403], [-115.34549295366583, 44.383553211812206], [-115.34545765962972, 44.38339119980142], [-115.34532443155102, 44.383097713788274], [-115.34529402652284, 44.38297436078038], [-115.34513950944881, 44.3827291577735], [-115.34513864644136, 44.38268912777005], [-115.34516432243498, 44.38262661476223], [-115.34504010937452, 44.382424188756204], [-115.34497610934498, 44.382328729753844], [-115.34489067631289, 44.38224197175423], [-115.34484209129239, 44.382180322753435], [-115.34478583325892, 44.38205516574777], [-115.34463970720864, 44.3819322307507], [-115.3445401681641, 44.381791490747744], [-115.34446078211475, 44.38160311373872], [-115.34436237007516, 44.38148878073793], [-115.34435206706262, 44.38143003373382], [-115.3443668000476, 44.38133163272387], [-115.34420724394099, 44.3809119937022], [-115.34418015293268, 44.38089474970325], [-115.34417049990714, 44.38076406469277], [-115.34416177988591, 44.38065590668418], [-115.34412855685531, 44.380522108675606], [-115.344176713824, 44.3802984226517], [-115.3441285047916, 44.380170524645045], [-115.343974864725, 44.37996535164152], [-115.34383731968613, 44.37989618264828], [-115.34373866664805, 44.379790420648305], [-115.3436698046228, 44.37972367964888], [-115.343548035588, 44.37966045765474], [-115.3434195635566, 44.37962286366344], [-115.34334954453212, 44.37956182066465], [-115.34318195848846, 44.37949793467472], [-115.34307495446399, 44.379476371682806], [-115.34271874039894, 44.37949406971754], [-115.34259011036855, 44.37946219172674], [-115.34250158233138, 44.37935085772531], [-115.34241152230379, 44.37929381072868], [-115.3423810072764, 44.3791747447212], [-115.34234680425914, 44.37911565071926], [-115.34226885923289, 44.379053063721074], [-115.34204006116744, 44.37893397673199], [-115.34189515112368, 44.3788457387378], [-115.34178858408339, 44.37873595473816], [-115.34170226905809, 44.37868753674205], [-115.34172239304681, 44.378603875732885], [-115.34172089003167, 44.378522020725875], [-115.34162665897897, 44.37833056771798], [-115.34146142689507, 44.3780423287083], [-115.34148104888803, 44.3779825867013], [-115.34145517987007, 44.37791074969745], [-115.34137906684519, 44.377853905699574], [-115.34129281782167, 44.37781519070421], [-115.34121114678607, 44.3777051697023], [-115.34120122876948, 44.37762408069611], [-115.34110605271721, 44.37743603368863], [-115.34104268766959, 44.377240180677504], [-115.34090117960432, 44.377029460672354], [-115.34080144757303, 44.37696226967578], [-115.34058785249299, 44.37674631867691], [-115.34056625346443, 44.376611554667186], [-115.34061221245967, 44.37653647465633], [-115.34060214443286, 44.376399125645314], [-115.3405645664111, 44.37631854464184], [-115.34038185334661, 44.376155818644705], [-115.34025351131444, 44.37611393565297], [-115.34012963127728, 44.37604015965814], [-115.33999455623224, 44.37593437866149], [-115.33980042517588, 44.37582850467038], [-115.3395481471081, 44.37572095368446], [-115.33951866408133, 44.375604460677074], [-115.33947283805978, 44.37553376467522], [-115.33940490099685, 44.37525836865757], [-115.33928765295961, 44.37517662866139], [-115.33915748592601, 44.375129000669354], [-115.33908805291075, 44.37511798667489], [-115.33899785789681, 44.37513668268489], [-115.33892480587848, 44.3751127536896], [-115.33879552583944, 44.375033696694764], [-115.33878904783222, 44.37500089669253], [-115.33884732882386, 44.374892958677655], [-115.33883345281482, 44.37485766367592], [-115.33879923479753, 44.37479823167392], [-115.33866341176696, 44.37477308968441], [-115.33858246173384, 44.37467615368348], [-115.33837734263565, 44.37435092967428], [-115.33838090661355, 44.37422494566295], [-115.33838430359314, 44.37410873565255], [-115.338410413581, 44.37401380464187], [-115.33842828956234, 44.373892137629596], [-115.3383828235414, 44.37382434762792], [-115.33839514152012, 44.37369398161547], [-115.3384858295112, 44.37354853759431], [-115.33854677048993, 44.37336648657282], [-115.33829644342447, 44.37326994558773], [-115.33831029837673, 44.37299145156221], [-115.33845627737581, 44.37283207753471], [-115.33846451736292, 44.372752160527], [-115.33847124634667, 44.37265507251789], [-115.33854378534268, 44.37255608550252], [-115.33856604733195, 44.37247351449326], [-115.338544449313, 44.372391735488186], [-115.33846724428227, 44.37230343048767], [-115.33840846324162, 44.37214118747904], [-115.33835605820047, 44.37196937246896], [-115.33832957116778, 44.37181692945813], [-115.33817309110636, 44.37164314645759], [-115.33811521605763, 44.37143507144487], [-115.33804476901945, 44.371298634439576], [-115.33811680500898, 44.3711646404212], [-115.33813746899595, 44.3710709484111], [-115.3381068019696, 44.37095759340409], [-115.33805883094861, 44.37089258240288], [-115.33812753493017, 44.370717789381295], [-115.33814873391333, 44.37060233236923], [-115.3381243238863, 44.3704790673608], [-115.33803996384901, 44.370362073358486], [-115.33786706978749, 44.37020520336092], [-115.33750726068133, 44.369999876376525], [-115.33734517461649, 44.36981314937536], [-115.3372786905702, 44.36962781536541], [-115.33719372753663, 44.369532250365026], [-115.33715579451709, 44.36946452536265], [-115.33704014148248, 44.36939569836743], [-115.33698227645313, 44.369294782364015], [-115.33687592941206, 44.36918032536396], [-115.33676698037816, 44.36910853436787], [-115.33671275835398, 44.36903217136628], [-115.33665311131625, 44.368886952359176], [-115.33665696430505, 44.36882126435311], [-115.33672549628896, 44.3686595973326], [-115.33688182626234, 44.36834677729084], [-115.33691358724221, 44.36820186927527], [-115.33678564417689, 44.36797626126754], [-115.33663719611953, 44.36781654826745], [-115.33649701304874, 44.36757409725938], [-115.33636831099348, 44.36740500725665], [-115.33619893291379, 44.36714395324965], [-115.33623455190337, 44.36704861523804], [-115.3362764858981, 44.36697490822777], [-115.33624780685942, 44.36679155221444], [-115.33618372183263, 44.36671160021348], [-115.33621665282335, 44.366625311202874], [-115.3362281378031, 44.36650113619099], [-115.33627993878756, 44.366360401173914], [-115.33627795277452, 44.366290398167976], [-115.33633573373451, 44.36600819913807], [-115.33631953770758, 44.36587647712811], [-115.33622786165198, 44.365666477118324], [-115.33618623162995, 44.365588695115406], [-115.33623638558646, 44.3652950090852], [-115.33639424056283, 44.3649971760446], [-115.33644104655276, 44.36489209803102], [-115.33638308051951, 44.364769684025774], [-115.33634159448174, 44.36460480701525], [-115.33628793645786, 44.36452970601373], [-115.33628092342494, 44.36435524099919], [-115.33621047439063, 44.364239877995686], [-115.33616280136478, 44.36414784799215], [-115.33611366431596, 44.36392975997772], [-115.33603779328334, 44.36383003897609], [-115.33602461226322, 44.36373266196886], [-115.33590283121602, 44.363600829968696], [-115.33572493615502, 44.3634518259723], [-115.33570311911727, 44.36326634295817], [-115.3356625740758, 44.363079956945725], [-115.33566373805583, 44.36296849493589], [-115.3356448180204, 44.3627924259223], [-115.33574875302864, 44.362728043907005], [-115.33574348201986, 44.36268524490381], [-115.33540195392173, 44.362504475919856], [-115.3353212998743, 44.36232750691195], [-115.33521534484359, 44.362270223916795], [-115.33511685079215, 44.36209013691029], [-115.33512456178156, 44.36202339790377], [-115.3352201917829, 44.36192951288667], [-115.33514933375533, 44.36185225488658], [-115.33516272873602, 44.36173096687475], [-115.33507536968018, 44.361514991864084], [-115.33506630665494, 44.36138494285358], [-115.3350928546355, 44.36124941483932], [-115.33506497660241, 44.361096121828524], [-115.33499049256987, 44.360994952826644], [-115.33503651955192, 44.360846986809484], [-115.33502510553602, 44.36077103780392], [-115.3349789085017, 44.36063033779599], [-115.33486618646845, 44.36056580780084], [-115.33485846740383, 44.36021700677121], [-115.33496000939492, 44.360059808748055], [-115.33490807034495, 44.359838740733586], [-115.3348512153055, 44.35968091172515], [-115.33484406628341, 44.35956631471583], [-115.33478556024521, 44.359416915708266], [-115.33430149610858, 44.359174427732235], [-115.3341795310582, 44.359025115730546], [-115.33397837400823, 44.35896195174378], [-115.33391299998573, 44.358906734745055], [-115.33378504997016, 44.3589564737613], [-115.33369787695041, 44.358939480767916], [-115.3336019079204, 44.35887509877122], [-115.33345407788315, 44.35882587378071], [-115.33341209786414, 44.35876525177935], [-115.33323919878946, 44.358535467775425], [-115.33325349777722, 44.3584527837669], [-115.33319362574106, 44.35831613376056], [-115.33305920368963, 44.35817411076068], [-115.33291671263092, 44.35800052475884], [-115.33283614857032, 44.35775066774455], [-115.33255102047922, 44.35754927375356], [-115.3324137434391, 44.35747295075964], [-115.3323544534202, 44.357431181761584], [-115.33230067738897, 44.357315516756486], [-115.33224607235199, 44.3571689397488], [-115.33201694025762, 44.356889755745776], [-115.33194135222975, 44.356815762746365], [-115.33186848821045, 44.356786114750555], [-115.33178059119516, 44.35679483475955], [-115.33169598918491, 44.35682789977025], [-115.33148953619181, 44.35708484381185], [-115.3314923892165, 44.35721827782324], [-115.3314155842046, 44.35723383083178], [-115.33131385517747, 44.357191848837545], [-115.33112035814634, 44.35722475185839], [-115.33104116712565, 44.357194212863156], [-115.33066582999562, 44.356872871870074], [-115.33066712397496, 44.356757124859875], [-115.33058592994368, 44.356670185859876], [-115.3305545389234, 44.35659126185589], [-115.33044810188797, 44.356508100858576], [-115.33024454882593, 44.356380781866434], [-115.33021260479491, 44.35624311185738], [-115.33003410273683, 44.3561110028625], [-115.33004001671031, 44.35595804084859], [-115.33009340370518, 44.355873288836236], [-115.33031458072325, 44.35573866380393], [-115.33040722472187, 44.35563282878607], [-115.33051836273314, 44.35557728477088], [-115.3306071057305, 44.355468533753175], [-115.33071510471035, 44.35524286772347], [-115.33085326271969, 44.35514770170231], [-115.33090392971116, 44.35504696868881], [-115.33092224567503, 44.35482757566797], [-115.33098158965805, 44.35467089664881], [-115.33107139165276, 44.35454616762961], [-115.33127601466234, 44.3543826045963], [-115.33139532367227, 44.35431096257894], [-115.33142783965852, 44.3542002645663], [-115.33138107662327, 44.35405492555797], [-115.33144803360297, 44.35387153653578], [-115.33144936658206, 44.35375436152544], [-115.33141628255807, 44.35365669251999], [-115.33135662753325, 44.353582929519106], [-115.33124703249985, 44.35351415652331], [-115.3310618204641, 44.353512879540425], [-115.33092667444899, 44.35357235955817], [-115.33070111540607, 44.35357414757934], [-115.33047551934071, 44.353451748589656], [-115.3303217933388, 44.35360433261727], [-115.33011015831401, 44.353691754644586], [-115.32988613127343, 44.35370435366653], [-115.32964577624362, 44.35379453669675], [-115.3294358611673, 44.353594958698906], [-115.32926113113531, 44.35360311171589], [-115.32889008112227, 44.35392458377843], [-115.3286849840707, 44.35385660079159], [-115.32855576504427, 44.35384756380279], [-115.32837750101636, 44.353882113822394], [-115.32815799298949, 44.35396608085014], [-115.32801904899372, 44.35413689987797], [-115.32784092096898, 44.35418868289907], [-115.32770887095157, 44.35423273991517], [-115.32755313393977, 44.35433264493838], [-115.32733629891072, 44.35440149196458], [-115.32727108094237, 44.35464588299191], [-115.32713454793995, 44.35477727601608], [-115.32708896397978, 44.355046074043784], [-115.32702018399004, 44.35517560606143], [-115.32701635109869, 44.35578075311451], [-115.32712078215131, 44.3559609341205], [-115.32714136919321, 44.35617085213689], [-115.3272608882441, 44.35632568213924], [-115.32732431829622, 44.356546709152624], [-115.32730173736516, 44.356952117190055], [-115.32735869639389, 44.35705061519334], [-115.32737132842419, 44.35720483320563], [-115.32741627245103, 44.35730553521021], [-115.32748838952288, 44.35762657923146], [-115.32761087959351, 44.357887214242794], [-115.3276745976312, 44.35802820824913], [-115.32771726567205, 44.35820891426088], [-115.32779134970919, 44.358335768265086], [-115.32783893474507, 44.35848367427352], [-115.327819590763, 44.358603444285734], [-115.32785429481501, 44.358854062304346], [-115.32792471988733, 44.359179524326194], [-115.32787050997398, 44.35971643337801], [-115.32778951299903, 44.35994073940511], [-115.3277909360156, 44.3600308014128], [-115.32777504702491, 44.360099170420256], [-115.32768348600692, 44.36009639942849], [-115.32749862194358, 44.35994219643231], [-115.3272608058521, 44.359688602432335], [-115.3271935508109, 44.359531834424914], [-115.32707204574956, 44.35932138941791], [-115.32705010173288, 44.35925246641392], [-115.32701405771449, 44.35918905341178], [-115.32682232765553, 44.359066191418904], [-115.32672377962993, 44.359029017424845], [-115.32667710261056, 44.35897138642416], [-115.32653247055937, 44.35884169142633], [-115.32646517854391, 44.35882755143132], [-115.32644075954492, 44.358859082436354], [-115.3264844415795, 44.35900407244495], [-115.32647705562657, 44.35927202246899], [-115.3265121356635, 44.35943927748026], [-115.3263889306633, 44.359568481503004], [-115.32628629469015, 44.35982591053497], [-115.32618653469372, 44.35995155555524], [-115.32611691173034, 44.360227801585786], [-115.32593032376623, 44.360623814637655], [-115.32575658277354, 44.360848510673385], [-115.32558563776574, 44.360986543701365], [-115.32535345974075, 44.36109461573238], [-115.32528752574623, 44.36119464674721], [-115.32524500876765, 44.36135838076546], [-115.32507015779439, 44.36169167981076], [-115.32507738781317, 44.36178754181846], [-115.32501796781222, 44.361845268829015], [-115.3249424048474, 44.362119996859974], [-115.32480544384093, 44.36222937988222], [-115.3246387118702, 44.3625680439273], [-115.32454374389398, 44.36280001195631], [-115.32438069788597, 44.36292862898272], [-115.32419630590397, 44.36322367402559], [-115.32387299587087, 44.36338328806956], [-115.3237075788564, 44.363478523093264], [-115.32349653985774, 44.36370949213307], [-115.32319761082628, 44.36385231217334], [-115.32306682180936, 44.36389755318947], [-115.32283925080651, 44.364122885230245], [-115.32250242874905, 44.36416224326506], [-115.32230859772817, 44.36425229429092], [-115.3221768797359, 44.36443472631911], [-115.32206506672864, 44.36451311833633], [-115.32181314072392, 44.364753809380744], [-115.32172502670984, 44.36476966439034], [-115.3216295596905, 44.3647639743987], [-115.32132054764519, 44.36484089743417], [-115.3211929726212, 44.364843309446265], [-115.32069702454415, 44.36494320850116], [-115.32019679844926, 44.3649487125482], [-115.32003698241377, 44.36492206656077], [-115.31987619439188, 44.36497115158002], [-115.31977668939905, 44.36511643460194], [-115.31928697336251, 44.365433486675116], [-115.3188244552799, 44.36546717272109], [-115.3184584972471, 44.36567346077315], [-115.31823148522804, 44.36580875080608], [-115.31819831322986, 44.365853996813115], [-115.31817561624304, 44.36595084782364], [-115.31809158023547, 44.36599820383562], [-115.3180434032411, 44.36608038784728], [-115.31770523219808, 44.3662011758893], [-115.31751199816996, 44.36625057791159], [-115.31723276415042, 44.3664383979539], [-115.31702071513072, 44.36655410698371], [-115.31689459611033, 44.366575115997314], [-115.31673847210452, 44.36670843502344], [-115.31639228205323, 44.366792096062994], [-115.31626118203192, 44.36681303007703], [-115.31590420696566, 44.36682491611129], [-115.31580518895544, 44.36687347912474], [-115.31536759789209, 44.36698707717536], [-115.31529062888688, 44.36703996818713], [-115.31477117981977, 44.36721981225116], [-115.31445387778732, 44.36737662929437], [-115.31428868776707, 44.36743993331523], [-115.31420727974972, 44.367430157322], [-115.3141643257359, 44.367399509323334], [-115.31409271272149, 44.367395593329626], [-115.31390659669097, 44.36742428834949], [-115.31375834468027, 44.36752214437178], [-115.31371711968103, 44.3675701273798], [-115.31365700967241, 44.367586244386835], [-115.31347802364154, 44.36760518440511], [-115.31334888362703, 44.367661874422076], [-115.31328839761994, 44.36768670742987], [-115.31320158959788, 44.367656841435355], [-115.31309695955918, 44.36755382143616], [-115.31303583454341, 44.367531480439865], [-115.31281111849765, 44.367516727459524], [-115.31266001847293, 44.367540221475586], [-115.31254645945114, 44.367539971486174], [-115.31238371042852, 44.367587589505476], [-115.31222185739851, 44.36759334152103], [-115.31209801537865, 44.36761480853444], [-115.31190643533132, 44.36755623754716], [-115.31180449831243, 44.36755981555698], [-115.31140711525022, 44.367637310600685], [-115.31127289024096, 44.36772837862114], [-115.3111702522277, 44.367764020633814], [-115.31098698919233, 44.36776273965077], [-115.31086172118695, 44.367865820671376], [-115.31067219015077, 44.3678667026891], [-115.31057733013877, 44.36790086370093], [-115.31035982410062, 44.36792067872288], [-115.31019532407616, 44.3679596897416], [-115.31003889206514, 44.36806456676532], [-115.3099577740747, 44.36820355678497], [-115.30992029308615, 44.368306533797465], [-115.30992106710065, 44.3683858228043], [-115.30996703513362, 44.36851941781162], [-115.30986420314206, 44.36867482083474], [-115.30978655513138, 44.36869825584402], [-115.30976269513938, 44.36876784785231], [-115.30970101914188, 44.36884713386496], [-115.3095962201391, 44.36894269088306], [-115.30951894012759, 44.3689608448918], [-115.30934324809016, 44.368940374906394], [-115.30918716306444, 44.368963788922976], [-115.30911070406201, 44.36903112293596], [-115.30867323000898, 44.36920200199156], [-115.30856747198972, 44.3692075810019], [-115.30808529092232, 44.3693462170589], [-115.30794843191096, 44.369428511078794], [-115.30787204990052, 44.36945167608793], [-115.30758979385467, 44.369497515118205], [-115.30747957385003, 44.369588780136404], [-115.30737066284038, 44.36965070715193], [-115.30724430682638, 44.36970735116866], [-115.30704291579949, 44.36977239119305], [-115.30684832977042, 44.36981809921519], [-115.30664366074022, 44.369867945238546], [-115.30652863971474, 44.36984908924761], [-115.30637881668844, 44.369862588262784], [-115.30622314766646, 44.369906014281035], [-115.30616390966424, 44.369956586290925], [-115.30598263464047, 44.37001724431314], [-115.30582397460665, 44.36999870732627], [-115.30548879157016, 44.37015237537086], [-115.30537814055565, 44.37018932038436], [-115.30535161156087, 44.37024645339186], [-115.3052122785456, 44.37030977141036], [-115.3050663815454, 44.37046338943728], [-115.30485486851927, 44.37054314446393], [-115.30468671650439, 44.37063926148796], [-115.30460457750397, 44.37072379550296], [-115.30455560051522, 44.370837830517495], [-115.30448490852177, 44.370949320533796], [-115.30442456052963, 44.37105645654874], [-115.30435666454288, 44.37120175456773], [-115.30430644653966, 44.3712371705755], [-115.30423921153222, 44.37126718258439], [-115.30413867853592, 44.37139431860486], [-115.30403265152587, 44.37145134161965], [-115.30401503954552, 44.37157827763235], [-115.30397824054427, 44.3716106036386], [-115.30379717352045, 44.37167079966069], [-115.30369219449638, 44.371649229668584], [-115.30357087347797, 44.37167601168224], [-115.30352477448051, 44.371738764692005], [-115.30342908349022, 44.37189400271445], [-115.30326109347433, 44.37198440573795], [-115.3030641034598, 44.372112964767524], [-115.30302752046977, 44.3722067487791], [-115.30289476146463, 44.372319111801225], [-115.30292706149315, 44.372442501808976], [-115.30286090350796, 44.37259444482836], [-115.30282843152416, 44.372718301842205], [-115.30272253453577, 44.37289475686747], [-115.30268191454012, 44.37296194787708], [-115.30276979960563, 44.37323051389231], [-115.30276396862853, 44.373363342904405], [-115.30280621964657, 44.37341828190531], [-115.3027081296805, 44.373709809939854], [-115.30268822268904, 44.373778115947665], [-115.30272287770327, 44.373820075948075], [-115.30269919170983, 44.373881180955586], [-115.30244986267603, 44.37395893998559], [-115.3023544166694, 44.37402328100008], [-115.30224935666205, 44.37409410401601], [-115.30201482463411, 44.37418829004608], [-115.30195595864205, 44.3742946040608], [-115.30186384062723, 44.37431038407078], [-115.30174209961133, 44.37435145108567], [-115.30155339559639, 44.37446869711347], [-115.30144322957881, 44.37448849612548], [-115.30112618454429, 44.37463384616763], [-115.301058389544, 44.374704296180106], [-115.3009429155337, 44.37476975219656], [-115.3008948335386, 44.37484764220783], [-115.30079126753085, 44.37491470222332], [-115.30055459551376, 44.37507125025901], [-115.30039059052353, 44.375298911294124], [-115.30032707453466, 44.3754280243113], [-115.30026110453583, 44.37550421832405], [-115.30021742455145, 44.37563648333964], [-115.30023482257056, 44.37572392434565], [-115.30021192658101, 44.375805836354964], [-115.30014006259962, 44.37598482537726], [-115.30009564260891, 44.37608319338993], [-115.30006989962261, 44.37618634240135], [-115.30003083263374, 44.376289295413926], [-115.299998419664, 44.37649074443452], [-115.29993107566101, 44.37654548144554], [-115.29983215265004, 44.376589743458624], [-115.29978132965906, 44.37669331647238], [-115.2997746986743, 44.37678468848102], [-115.29969487468463, 44.37692641950078], [-115.2996639116993, 44.37704007151355], [-115.29964240972848, 44.37722434153164], [-115.2996082237363, 44.377303867541734], [-115.29970891177976, 44.377436863543934], [-115.29975535380403, 44.377521866547006], [-115.29986969885987, 44.37770934255271], [-115.29999694490978, 44.37784989255314], [-115.30001806892791, 44.37792777555797], [-115.30012311796739, 44.37803470855749], [-115.30013985199062, 44.37814500556554], [-115.30011364501004, 44.37828015157976], [-115.3000751820212, 44.37838272059225], [-115.30001675802129, 44.378444859603135], [-115.29994684802651, 44.37854802661865], [-115.29984573402474, 44.378645208636534], [-115.29979581503228, 44.378740148649456], [-115.29954439301109, 44.37888932868586], [-115.29932754801702, 44.379151931728934], [-115.2992412350106, 44.379207813741836], [-115.29893858002572, 44.3796120568053], [-115.29894518203554, 44.37965931880875], [-115.29889115903897, 44.37973568982047], [-115.29884866503482, 44.37975792382633], [-115.29874341899988, 44.37967632082908], [-115.29870511198284, 44.379622869827934], [-115.29866946197465, 44.379615193830595], [-115.29853769298116, 44.379790765858154], [-115.29850717898627, 44.37985145186632], [-115.2984504519812, 44.37988347887437], [-115.29836999999532, 44.3800466378961], [-115.29828959199334, 44.380121066910064], [-115.29823548901211, 44.38028231092918], [-115.29815393702073, 44.3804161379484], [-115.29811908903316, 44.38052168096086], [-115.29807021304903, 44.38066101297756], [-115.29795778306652, 44.380876859006854], [-115.29789452307216, 44.38097495102125], [-115.29783349408879, 44.381131587040635], [-115.2978061091045, 44.38124733705323], [-115.2977157311164, 44.38140891707572], [-115.29769648313334, 44.38152296808749], [-115.29764595514114, 44.381619448100565], [-115.29759263615033, 44.38172668511489], [-115.29749381915914, 44.38188010413748], [-115.29747091817332, 44.38198266414857], [-115.29732850418615, 44.38220439618116], [-115.29733033220289, 44.38229499218889], [-115.29722518221715, 44.382484937215224], [-115.29716841424872, 44.38271967224096], [-115.29698710225847, 44.3829655472793], [-115.29696730125951, 44.38299239928344]]}, "properties": {"objectid": 9542509, "trail_cn": "5182.002731", "trail_name": "WYOMING-FIR CR", "trail_no": "015005", "trail_type": "TERRA", "trail_class": "3", "gis_miles": 6.915, "trail_surface": "NATIVE MATERIAL", "typical_trail_grade": "TRAIL_GRADE", "typical_tread_width": "TW03 - 18-24 INCHES", "national_trail_designation": 1, "terra_motorized": "Y", "allowed_terra_use": "4321", "bicycle_managed": null, "bicycle_accpt": "01/01-12/31", "bicycle_disc": null, "bicycle_restricted": null, "e_bike_class1_managed": null, "motorcycle_managed": "01/01-12/31", "admin_org": "040205", "managing_org": "040205"}}, {"type": "Feature", "id": 9543351, "geometry": {"type": "LineString", "coordinates": [[-115.33558096147985, 44.15940030414067], [-115.33562182250097, 44.15947498614345], [-115.33615815065849, 44.159782942120955], [-115.33690233678409, 44.15968873204387], [-115.33738212188331, 44.1597304480032], [-115.33769952897086, 44.159880852987065], [-115.33794739101393, 44.15985658796205], [-115.3381287110319, 44.15976275293703], [-115.338478336016, 44.15929864086399], [-115.33861568503949, 44.15928317784993], [-115.33874393309107, 44.159434637851426], [-115.33887413615095, 44.15963065885656], [-115.33878596122008, 44.16011319090711], [-115.33892380031675, 44.16050752592895], [-115.33933238243796, 44.16074864891238], [-115.3396449265417, 44.160994950905106], [-115.34049931976405, 44.16132537685515], [-115.34099283787144, 44.16139824681594], [-115.34149493001317, 44.16165422679204], [-115.34129447618153, 44.162813296912276], [-115.34145513328919, 44.16324440593531], [-115.34171646841978, 44.16369627095083], [-115.3425411446607, 44.1641626579155], [-115.34271106169633, 44.16418021490136], [-115.34275374772285, 44.1642828919064], [-115.34285255575166, 44.164338771902166], [-115.34296980376716, 44.1642997388879], [-115.34323528083429, 44.16439148987142], [-115.34375625195442, 44.164506238833376], [-115.3436790649571, 44.164603737849056], [-115.3442376991101, 44.16486267282012], [-115.34432306908536, 44.16463237079203], [-115.34473423020101, 44.164839854772225], [-115.34517608129777, 44.16490842973741], [-115.34506177532113, 44.16516189577021], [-115.34512217636532, 44.16534499978067], [-115.34548103244371, 44.165399506752316], [-115.345792717529, 44.16554337473613], [-115.34618520369385, 44.16604643774398], [-115.34680756487067, 44.1663705977149], [-115.34688715591024, 44.16650681471953], [-115.34700414693425, 44.166516284709495], [-115.34707310495662, 44.16656738870763], [-115.34882276727319, 44.166466208537], [-115.34951065142766, 44.1665947584847], [-115.34976003747744, 44.16660624346266], [-115.35021536058598, 44.166726448431085], [-115.35068272971904, 44.16697133640936], [-115.35127993087634, 44.16721261637533], [-115.35150891489722, 44.167084287342895], [-115.35168212788324, 44.16682045430379], [-115.35200667393688, 44.1667730962696], [-115.35186330194915, 44.16699548230238], [-115.35243795202571, 44.16680869723284], [-115.35250030101982, 44.1667088352183], [-115.35262076203436, 44.16666126320302], [-115.35264787098035, 44.16632935417137], [-115.35273497104963, 44.16662432118921], [-115.3526737420715, 44.166812325211346], [-115.35268510911148, 44.16702450822895], [-115.35236176609855, 44.16729854628288], [-115.3521784611311, 44.16767751233304], [-115.35221745217501, 44.167881741347365], [-115.35198110615563, 44.168026260381886], [-115.35193910420676, 44.16835795441489], [-115.3523644883298, 44.16859134139602], [-115.35284747141918, 44.16857472534991], [-115.35311578248803, 44.168672926333734], [-115.35348967256851, 44.168723337303554], [-115.35371751463552, 44.16885452929403], [-115.3540548807194, 44.16896302327236], [-115.35438417180039, 44.16906424225079], [-115.35478123287047, 44.1690313732112], [-115.35509892796897, 44.169242647200335], [-115.35516858100101, 44.16934781420313], [-115.35538794105871, 44.16943594519056], [-115.35574376822208, 44.16996989020453], [-115.35599812235884, 44.17046366622431], [-115.35644058046339, 44.170575271193144], [-115.3566085105265, 44.17074919719288], [-115.3568031396333, 44.17113887120907], [-115.3568361997163, 44.17156850624369], [-115.35702496388747, 44.172325100292575], [-115.35726340899899, 44.172694536302956], [-115.35724620906798, 44.17309948134002], [-115.35734268813646, 44.17337957335568], [-115.35728981015988, 44.17356747337706], [-115.35733233420105, 44.173752458389316], [-115.35724444123224, 44.174021321421066], [-115.35669019420408, 44.17445713051049], [-115.35661557620989, 44.174569681527295], [-115.35667053127078, 44.17485190654693], [-115.35655734130496, 44.17516483958487], [-115.3566651003988, 44.17557501261084], [-115.35695245050238, 44.17584713060813], [-115.35700748458042, 44.17622524463619], [-115.35660466973737, 44.17753578578837], [-115.35645226873045, 44.177660081813386], [-115.35642410879696, 44.17806267885129], [-115.35621459477656, 44.17817290488029], [-115.35603879879281, 44.178452070921054], [-115.35570580379012, 44.178793735981834], [-115.35557881183527, 44.17918252002764], [-115.35564385496573, 44.17984334007957], [-115.35543605101698, 44.180352733143415], [-115.35549637513856, 44.180968892191856], [-115.35555581316997, 44.18108123019622], [-115.35577558331217, 44.18164180022505], [-115.35570291542064, 44.182326793291814], [-115.35583311052783, 44.18278745532016], [-115.3561617296806, 44.18329084933386], [-115.35625123474206, 44.183538972347336], [-115.3559485547653, 44.18399311341517], [-115.35578237282499, 44.18450525047543], [-115.35580208391266, 44.18497504051481], [-115.35559658891117, 44.185186469552335], [-115.35545207406551, 44.18620487065498], [-115.35552217910441, 44.186347486661006], [-115.35559920419105, 44.18674985468913], [-115.35558601830255, 44.187388069746255], [-115.35573766837177, 44.18761321675201], [-115.35577620341867, 44.187834588767835], [-115.35569549144326, 44.188058533794894], [-115.35582450259623, 44.18877644384592], [-115.35560451564673, 44.189294234911664], [-115.35531493366034, 44.18968018097226], [-115.35495047984526, 44.19110496013086], [-115.35456724689861, 44.19181334722836], [-115.354524229937, 44.192074278255205], [-115.3544104409571, 44.19230846428628], [-115.35439195903396, 44.19275841032743], [-115.35429101006592, 44.19304509136185], [-115.35447346217299, 44.193448624380395], [-115.35443317923263, 44.19382536341712], [-115.35416526127537, 44.19435103748794], [-115.35416606042345, 44.195178581560405], [-115.35405504044101, 44.1953953855897], [-115.35382277943818, 44.19562813263159], [-115.35341427040001, 44.19585163768898], [-115.35295854140223, 44.196351759774984], [-115.35318799358495, 44.19712826282178], [-115.35267584958001, 44.197648267914744], [-115.35245058256736, 44.1978186709505], [-115.35222218063157, 44.19842209102452], [-115.35182318558181, 44.198570691074444], [-115.35161201061523, 44.19898355413018], [-115.3516082676681, 44.19928307215679], [-115.35194195179848, 44.19965505715851], [-115.3519859608496, 44.1998936601753], [-115.35246651103525, 44.200418005176786], [-115.35241486904232, 44.20051247218984], [-115.35247115611261, 44.20084535721378], [-115.3523003351402, 44.201182338259144], [-115.3520880762133, 44.20181796833445], [-115.35183440519951, 44.20201222937493], [-115.35139840026835, 44.202863482489896], [-115.3505157373008, 44.203988652670176], [-115.34949796218241, 44.20441558380179], [-115.34861754913136, 44.205071470940766], [-115.34832607417205, 44.205610782014986], [-115.34749890810987, 44.206147644138596], [-115.34733841711439, 44.206344702170696], [-115.34693775907489, 44.20655233922599], [-115.34708705117588, 44.20695706924764], [-115.347097754197, 44.20706370025597], [-115.34709266823434, 44.20727763127522], [-115.34695897023778, 44.20744005830178], [-115.346877718266, 44.20768437933075], [-115.34670432028692, 44.2079868593733], [-115.34644779827741, 44.20820822241642], [-115.34609367623638, 44.20835743846229], [-115.3459140632306, 44.20851725249289], [-115.34528446914261, 44.20869855256708], [-115.34506641216102, 44.20903483761674], [-115.34473271414463, 44.20929979667084], [-115.34436669420406, 44.21002340276812], [-115.34408957622665, 44.21044601383078], [-115.34397258927504, 44.21084126387622], [-115.34400670831742, 44.211041851890684], [-115.34388923633512, 44.21126635092125], [-115.34370061536148, 44.21161520896925], [-115.34302099536475, 44.21235998709739], [-115.34239513232049, 44.21278182119231], [-115.3422154653294, 44.213023614230146], [-115.34177973328745, 44.21325525729075], [-115.34134975126697, 44.21360060636086], [-115.34058368720585, 44.21407827747364], [-115.3404304322034, 44.21422826350097], [-115.34024738019512, 44.21437781853103], [-115.34007537717558, 44.214452496553484], [-115.33989845219531, 44.214751827596075], [-115.33936564217453, 44.21520539368513], [-115.3391506511547, 44.21532446571548], [-115.3388734601489, 44.21558841776429], [-115.33807345604092, 44.21584047286043], [-115.33790124105924, 44.21612707290153], [-115.33778001405001, 44.21620494591952], [-115.33737623306703, 44.21673181900308], [-115.3369511421579, 44.21769357912669], [-115.33683020126877, 44.21844216820348], [-115.33683911937337, 44.21901688925304], [-115.33674105340158, 44.21927911728508], [-115.33684462445615, 44.21947298029246], [-115.33680600747523, 44.21962105930899], [-115.33685078850235, 44.21972461631392], [-115.33674967150252, 44.219833671332815], [-115.336980742594, 44.22009715733454], [-115.3370120906446, 44.220346417353454], [-115.33691897666911, 44.220583030382784], [-115.33696390071428, 44.22078734939655], [-115.3369008787158, 44.22086301840903], [-115.33680623070101, 44.22088152841937], [-115.33690876075147, 44.221053699424985], [-115.33679794779003, 44.221387357464465], [-115.33688808991653, 44.22199752450955], [-115.3369554259692, 44.2222196835228], [-115.33713027501986, 44.222315605514964], [-115.33711236703157, 44.22240017652404], [-115.3371661900592, 44.222496805527555], [-115.33711572010507, 44.22280692955935], [-115.33718084515839, 44.22303512557332], [-115.33733340626026, 44.22344039159472], [-115.33748209832724, 44.22365563459976], [-115.3375161913652, 44.22383109061198], [-115.33750354640563, 44.22407042563411], [-115.33760358544586, 44.22418812763517], [-115.33772945652865, 44.22451593965218], [-115.33812879469505, 44.22501805765915], [-115.33833515990544, 44.22597197972358], [-115.33829727094187, 44.22621570474844], [-115.33842075398768, 44.226339504747834], [-115.33853660412014, 44.226954810791035], [-115.33862022715337, 44.22705118379169], [-115.33867198219616, 44.22723460680296], [-115.33864741222838, 44.227440651823294], [-115.33881327230512, 44.227691751829894], [-115.338811342348, 44.22793314885122], [-115.3391682615238, 44.22853301787066], [-115.339329045575, 44.22864683586573], [-115.34054820985763, 44.22892224877689], [-115.34092011592585, 44.22890519174095], [-115.34130130302874, 44.22907253872029], [-115.3419509021936, 44.22929850167988], [-115.34213996223146, 44.2293081066632], [-115.34244617120991, 44.228860686595674], [-115.34266021120752, 44.228618904554686], [-115.34278354318616, 44.22836772052129], [-115.34310345220364, 44.22812367447025], [-115.34333289922931, 44.22802195344012], [-115.34369535430693, 44.22806794441054], [-115.34427319744978, 44.228247832372745], [-115.34480531354264, 44.22819766231904], [-115.34520437462196, 44.22821416428352], [-115.34620436689161, 44.22865098722912], [-115.34718430520003, 44.229325481197385], [-115.3474527692945, 44.22956604719357], [-115.34772184837949, 44.229752882184954], [-115.34772146439589, 44.229844999193055], [-115.34773775943344, 44.230036863208326], [-115.3476365784191, 44.23006496322018], [-115.34731096634803, 44.23001639424609], [-115.34689466124847, 44.22990527327496], [-115.34686681624962, 44.229941316280666], [-115.3471427983681, 44.230307622287214], [-115.34719986741447, 44.23050568329925], [-115.34748013254459, 44.2309320763106], [-115.34795362967711, 44.23116617628721], [-115.34856223879707, 44.231185697232476], [-115.34902029393973, 44.231492460216906], [-115.34947037706505, 44.231711207194365], [-115.349517031076, 44.231722436191006], [-115.34981719012544, 44.2316776291593], [-115.35071956439113, 44.23219661412106], [-115.35133042854882, 44.23242410708438], [-115.3515145045891, 44.232452489069786], [-115.35170658366309, 44.23266019407014], [-115.35178816271649, 44.232870993081015], [-115.35212680885277, 44.23326955908451], [-115.35228885691633, 44.23345119608541], [-115.35243090399744, 44.2337520260986], [-115.35275303907919, 44.233864415078564], [-115.35301643415728, 44.234018761067624], [-115.353253479218, 44.23410437305318], [-115.35343796827985, 44.234252564049044], [-115.3535381543365, 44.23446172305805], [-115.3538399404675, 44.23486999606582], [-115.35408579871445, 44.235984937140536], [-115.35429255780743, 44.23628288614745], [-115.35447395388377, 44.236514892150915], [-115.35518711804588, 44.23665808409739], [-115.35554760713616, 44.236776899074336], [-115.3563503352284, 44.236434718970024], [-115.35687220530885, 44.236326459912185], [-115.35702809734293, 44.23635014289981], [-115.35724175344814, 44.2367090949114], [-115.35750668154031, 44.23694015290705], [-115.35793263366324, 44.237171382887794], [-115.35809836672226, 44.23732383588577], [-115.35832842478264, 44.237415040872406], [-115.35882878895926, 44.237866009865456], [-115.35898565405518, 44.23823351888306], [-115.359390751206, 44.23864233588131], [-115.35964963931971, 44.238999970888585], [-115.3598602154558, 44.23953417791578], [-115.35984822559298, 44.24031179698484], [-115.35975685066899, 44.24083290003893], [-115.3596522537588, 44.241445207102146], [-115.36005697091878, 44.24190551610488], [-115.3601708409751, 44.24209797511115], [-115.36051350610077, 44.242433025108674], [-115.36058834015186, 44.242637766119636], [-115.36100100934875, 44.24329541813886], [-115.3613196544898, 44.24374162414837], [-115.3618346396704, 44.244199072140596], [-115.36245831683672, 44.24446113810568], [-115.36284231795969, 44.24473706909422], [-115.36332039309698, 44.244992307072195], [-115.36439854737064, 44.24536792100506], [-115.36477117750098, 44.24569697699928], [-115.36492620754062, 44.245752792989755], [-115.36544345665058, 44.24581379494711], [-115.36575655773007, 44.245923323927705], [-115.36629647185208, 44.24602752188672], [-115.36650282590986, 44.24612956287651], [-115.36672843698624, 44.24631454387176], [-115.36699063205258, 44.246404796855344], [-115.36735551713727, 44.24648759982873], [-115.36759289817383, 44.24643838480243], [-115.36766368119254, 44.246467265798394], [-115.36769697921243, 44.246542504801866], [-115.36759575823704, 44.246787599832665], [-115.36757252225435, 44.24690875084543], [-115.36763886228745, 44.24702242284923], [-115.36807002143635, 44.24739259984156], [-115.36817258547876, 44.247519502843154], [-115.3682292285217, 44.24769838485355], [-115.36821282554678, 44.247855751868805], [-115.36812569157298, 44.24809461689778], [-115.36798744457654, 44.24826173292521], [-115.36821749369165, 44.248657615938434], [-115.36827002382536, 44.24934654299376], [-115.36818443991918, 44.249960604055374], [-115.36801883693634, 44.250232649094535], [-115.36774919091123, 44.25038034313241], [-115.36768787191482, 44.25046561514559], [-115.36769096492762, 44.25053354715122], [-115.36779890195754, 44.25058511314569], [-115.36800637299552, 44.25057548812565], [-115.3680749000258, 44.250671238127666], [-115.36791937700528, 44.25072261214652], [-115.3682600041181, 44.25098831313821], [-115.36863680222903, 44.25120450912213], [-115.36922524042649, 44.25167741310888], [-115.36938304049022, 44.25186430911059], [-115.36935883154598, 44.252200546142205], [-115.36923704255814, 44.25239818617077], [-115.36946480570836, 44.252992152201536], [-115.36997868687169, 44.25335420818548], [-115.37081773812395, 44.253865425152306], [-115.37150683927416, 44.25396771209734], [-115.37175093440256, 44.25442282911445], [-115.37200524249602, 44.25467209711263], [-115.37217156053015, 44.254685358098364], [-115.37251564758849, 44.25464362306283], [-115.37259034660663, 44.254665189057775], [-115.37259936262363, 44.25475030206439]]}, "properties": {"objectid": 9543351, "trail_cn": "5386.002731", "trail_name": "LINK", "trail_no": "148005", "trail_type": "TERRA", "trail_class": "3", "gis_miles": 9.553, "trail_surface": "NATIVE MATERIAL", "typical_trail_grade": "TRAIL_GRADE", "typical_tread_width": "TW03 - 18-24 INCHES", "national_trail_designation": 1, "terra_motorized": "Y", "allowed_terra_use": "4321", "bicycle_managed": null, "bicycle_accpt": "01/01-12/31", "bicycle_disc": null, "bicycle_restricted": null, "e_bike_class1_managed": null, "motorcycle_managed": "01/01-12/31", "admin_org": "040205", "managing_org": "040205"}}, {"type": "Feature", "id": 9544049, "geometry": {"type": "LineString", "coordinates": [[-115.32082505250104, 44.15291961293467], [-115.32101550852478, 44.15284795291076], [-115.3217077826388, 44.15274450283775], [-115.32184269565886, 44.152712182822434], [-115.32191140266657, 44.152681469813395], [-115.32201958264774, 44.15245965978393], [-115.32234262070044, 44.152408664749565], [-115.32283075779519, 44.152415834705124], [-115.32322486788271, 44.15248379367471], [-115.32390934308573, 44.15288841164705], [-115.32409840613833, 44.15298037863761], [-115.32422877917524, 44.15304736163146], [-115.32407153914315, 44.15303619664502], [-115.32321913996446, 44.15294893071611], [-115.32308149294234, 44.152972636730894], [-115.32290320892461, 44.153064350755415], [-115.32296267895525, 44.15317241775942], [-115.3232248090081, 44.15318755373654], [-115.32428026528429, 44.15360407567564], [-115.32492217539495, 44.15353561761035], [-115.32571110847196, 44.15312055350096], [-115.32585082449455, 44.153097503486045], [-115.32599949752395, 44.153102743472786], [-115.32609927255827, 44.153188415471114], [-115.3261636196155, 44.15344019348727], [-115.3262904646661, 44.15358783548849], [-115.32655659672876, 44.15365390646975], [-115.32724410384378, 44.15356107239804], [-115.32750935290248, 44.15360569037747], [-115.3279535430219, 44.15379871235341], [-115.32815554710119, 44.154026777354765], [-115.32891894625918, 44.15409368929014], [-115.32953631637109, 44.15405876723003], [-115.33007728849033, 44.154147078187826], [-115.33043745054144, 44.15404724414576], [-115.33075006753364, 44.15366770208351], [-115.33062680045364, 44.15335115606713], [-115.33030791835658, 44.153149259078845], [-115.33046306038443, 44.15313866306359], [-115.33059049039382, 44.15305477104444], [-115.3309300794439, 44.15297116400569], [-115.33131243751104, 44.15293747196742], [-115.33154231053696, 44.15283597793728], [-115.3321491406153, 44.15262432586262], [-115.33307902980674, 44.15270007278334], [-115.33357169588366, 44.15260272472928], [-115.3334758868173, 44.152333340714485], [-115.33338641776442, 44.15213253670509], [-115.33388183094327, 44.15260427170078], [-115.33372337197355, 44.15294438574528], [-115.33376908902807, 44.1532009467636], [-115.33285858687827, 44.15333787585976], [-115.33241343084005, 44.15360150592406], [-115.33257736088778, 44.15369332191698], [-115.33342706005428, 44.15371525284039], [-115.33379479314257, 44.15381590281523], [-115.33383870718718, 44.15401901982904], [-115.33402912729582, 44.15442436984704], [-115.33406003635747, 44.15473687387165], [-115.33397677136595, 44.1548738398914], [-115.33410119143616, 44.155134346902734], [-115.33392289345983, 44.15545834594771], [-115.33389092956838, 44.15610172600715], [-115.33394607763833, 44.15643483203128], [-115.33377542264923, 44.15667888906852], [-115.33419270485246, 44.15737101509076], [-115.33486123905278, 44.15777738106465], [-115.33514097025227, 44.15859613411074], [-115.33558096147985, 44.15940030414067]]}, "properties": {"objectid": 9544049, "trail_cn": "5386.002731", "trail_name": "LINK", "trail_no": "148005", "trail_type": "TERRA", "trail_class": "3", "gis_miles": 1.621, "trail_surface": "NATIVE MATERIAL", "typical_trail_grade": "TRAIL_GRADE", "typical_tread_width": "TW03 - 18-24 INCHES", "national_trail_designation": 1, "terra_motorized": "Y", "allowed_terra_use": "4321", "bicycle_managed": null, "bicycle_accpt": "01/01-12/31", "bicycle_disc": null, "bicycle_restricted": null, "e_bike_class1_managed": null, "motorcycle_managed": "01/01-12/31", "admin_org": "040205", "managing_org": "040205"}}, {"type": "Feature", "id": 9555494, "geometry": {"type": "LineString", "coordinates": [[-115.222323716698, 44.35961898418856], [-115.22230654268618, 44.35957202918603], [-115.22224346466214, 44.35950601818611], [-115.22210135062302, 44.35944044419363], [-115.22196585458722, 44.359386645201525], [-115.22185096355726, 44.359343171208415], [-115.22171491352474, 44.359307704217926], [-115.22164324550724, 44.359287045222814], [-115.22155593548588, 44.3592618762287], [-115.22143841845728, 44.359228365236724], [-115.22134872843432, 44.35919695424231], [-115.22125292640511, 44.35913710324598], [-115.22117853637704, 44.359060911246225], [-115.22110955034556, 44.35895979224377], [-115.22104116831052, 44.35883867423956], [-115.22099839028017, 44.35871628723279], [-115.22095126924717, 44.35858382822561], [-115.22093918322972, 44.35849998421937], [-115.22092458022118, 44.35846833621796], [-115.22090254021302, 44.35844638621811]]}, "properties": {"objectid": 9555494, "trail_cn": "405057010602", "trail_name": "CAPE HORN CR USER 2", "trail_no": "4371", "trail_type": "TERRA", "trail_class": "3", "gis_miles": 0.117, "trail_surface": "NATIVE MATERIAL", "typical_trail_grade": "TG01 - +0-5%", "typical_tread_width": null, "national_trail_designation": 1, "terra_motorized": "Y", "allowed_terra_use": "654321", "bicycle_managed": null, "bicycle_accpt": null, "bicycle_disc": null, "bicycle_restricted": null, "e_bike_class1_managed": null, "motorcycle_managed": null, "admin_org": "041306", "managing_org": "041306"}}, {"type": "Feature", "id": 9558263, "geometry": {"type": "LineString", "coordinates": [[-115.22959182837337, 44.32791609373814], [-115.22955751136634, 44.327913823741156], [-115.22947652034858, 44.327901307747545], [-115.229431940339, 44.327895754751204], [-115.2293958153281, 44.32787388675268], [-115.22933192930684, 44.32782418975425], [-115.22928589828373, 44.327745071751565], [-115.22923037424981, 44.32761599374544], [-115.22913865019531, 44.327411304736025], [-115.22906979315829, 44.327279427730886], [-115.22903582114007, 44.32721439072834], [-115.22896044910077, 44.32707699672332], [-115.2289150290799, 44.32700950872162], [-115.22889764807218, 44.32698511672109], [-115.22881535003567, 44.32687017971869], [-115.22874710800254, 44.32675899771529], [-115.22868063697567, 44.326680989714625], [-115.22862335895094, 44.32660482971328], [-115.22862014394958, 44.326600563713185], [-115.22856028592076, 44.32650470671033], [-115.22849505388868, 44.326396320706934], [-115.22844398686249, 44.326305175703695], [-115.22839328683564, 44.326210431700076], [-115.22833052279914, 44.32607483369405], [-115.22829256776824, 44.32594384668606], [-115.22825541974804, 44.325871180683166], [-115.22824149274349, 44.32586078668358], [-115.22822680773747, 44.325843092683385], [-115.22821151773118, 44.325824676683204], [-115.22812112670088, 44.32575308968529], [-115.22799206066128, 44.32567081369007], [-115.22783621861176, 44.32556200069502], [-115.22766675255775, 44.32544327670037], [-115.22757418952737, 44.325373046702786], [-115.2275444545183, 44.32535428270392], [-115.22738605446914, 44.32525058670956], [-115.22727352043091, 44.325158515711955], [-115.22716223239382, 44.325071369714664], [-115.22702201635269, 44.32499247572076], [-115.22685609231188, 44.32494281973184], [-115.22669508327449, 44.32490707374368], [-115.22656486423666, 44.32483613974954], [-115.22649729320605, 44.324738221747246], [-115.22643725917968, 44.3246559527456], [-115.22634854714912, 44.324580873747266], [-115.22626558712575, 44.32453967175139], [-115.2261711201021, 44.32450908375746], [-115.22608254108057, 44.32448420676353], [-115.22598481205436, 44.324442870768934], [-115.22588604002566, 44.324388856773375], [-115.22579492599762, 44.324330367776746], [-115.22569481996945, 44.32428065978169], [-115.2256228469511, 44.32425593778616], [-115.22552773992582, 44.32421706679163], [-115.22540247789291, 44.32416777779895], [-115.22526957685993, 44.324126591807655], [-115.22514155382612, 44.324075274815065], [-115.22502010679301, 44.324021074821566], [-115.22488968775994, 44.323976706829825], [-115.22474532072499, 44.323936504839736], [-115.22461420069031, 44.32388403584727], [-115.22448029865501, 44.32383075485502], [-115.2243550426235, 44.323789391863045], [-115.2243369176196, 44.323787331864565], [-115.22421521059377, 44.32377354087464], [-115.22408077356205, 44.323741106884306], [-115.22390175151905, 44.323693323896734], [-115.22371855147459, 44.32364179390922], [-115.22361512444797, 44.323604355915556], [-115.22360471544367, 44.32359180191544], [-115.2235327544079, 44.32347000391146], [-115.22348489438335, 44.32338478390842], [-115.22346114537005, 44.32333614290639], [-115.22327081931557, 44.323236644915355], [-115.22315592927683, 44.32314434291788], [-115.22306752223572, 44.32301022091438], [-115.22303755220811, 44.32288907790655], [-115.22302457718274, 44.32276216089665], [-115.22292867813465, 44.322597755891124], [-115.22292922513151, 44.32257966088946], [-115.22283241008874, 44.3224454068867], [-115.22283404907928, 44.32239112488178], [-115.22283769205825, 44.32227050487091], [-115.22286708803897, 44.32213217985605], [-115.22284861899514, 44.321908636838174], [-115.22268668690212, 44.32156519682312], [-115.2225153608383, 44.32139358382398], [-115.22245252679994, 44.32124779381705], [-115.22242986978033, 44.32116296881174], [-115.22235680875085, 44.321077351811], [-115.2223091337253, 44.32098609980742], [-115.22225214570328, 44.32092487580739]]}, "properties": {"objectid": 9558263, "trail_cn": "4121010540", "trail_name": "COPPER MOUNTAIN TRAIL - WINTER", "trail_no": "SNO-4423", "trail_type": "SNOW", "trail_class": "1", "gis_miles": 0.66, "trail_surface": "SNOW", "typical_trail_grade": "TG05 - +12-20%", "typical_tread_width": "TW03 - 18-24 INCHES", "national_trail_designation": 1, "terra_motorized": null, "allowed_terra_use": null, "bicycle_managed": null, "bicycle_accpt": null, "bicycle_disc": null, "bicycle_restricted": null, "e_bike_class1_managed": null, "motorcycle_managed": null, "admin_org": "041302", "managing_org": "041302"}}, {"type": "Feature", "id": 9570288, "geometry": {"type": "LineString", "coordinates": [[-115.31835487864623, 44.15077496597437], [-115.31838404166747, 44.15086327097938], [-115.31848774878361, 44.15140358601733], [-115.31850509582054, 44.1515920850323], [-115.31835691288192, 44.152095934090255], [-115.31829852090426, 44.15228402911218], [-115.31961600103241, 44.15158820992933], [-115.3199442580908, 44.151563024896824], [-115.3200485590915, 44.15145522087767], [-115.32047054314015, 44.15127490882285], [-115.32060448316615, 44.15127687881069], [-115.320491009163, 44.15138101983033], [-115.32037285919262, 44.151674378866964], [-115.3201698521758, 44.15179788189663], [-115.32031235520573, 44.15181284188479], [-115.3200646361993, 44.152042880927866], [-115.31944045924101, 44.152946990065004], [-115.3202908373181, 44.152466407944196], [-115.32074131738025, 44.15233153489075], [-115.32110979043682, 44.15225334184981], [-115.32107759644589, 44.15233862386031], [-115.32088078342872, 44.15245364388856], [-115.32067358141869, 44.15261996292233], [-115.32037841742063, 44.152947923978395], [-115.3202611734407, 44.15318621601018], [-115.32061519847497, 44.15299857096101], [-115.32082505250104, 44.15291961293467]]}, "properties": {"objectid": 9570288, "trail_cn": "5386.002731", "trail_name": "LINK", "trail_no": "148005", "trail_type": "TERRA", "trail_class": "3", "gis_miles": 0.6, "trail_surface": "NATIVE MATERIAL", "typical_trail_grade": "TRAIL_GRADE", "typical_tread_width": "TW03 - 18-24 INCHES", "national_trail_designation": 1, "terra_motorized": "Y", "allowed_terra_use": "4321", "bicycle_managed": null, "bicycle_accpt": "01/01-12/31", "bicycle_disc": null, "bicycle_restricted": null, "e_bike_class1_managed": null, "motorcycle_managed": "01/01-12/31", "admin_org": "040205", "managing_org": "040205"}}, {"type": "Feature", "id": 9579653, "geometry": {"type": "LineString", "coordinates": [[-115.18519549604822, 44.290177827548106], [-115.18521931904927, 44.29015812554419], [-115.18519736102857, 44.29006653253815], [-115.18520655700706, 44.289936893525955], [-115.18526534800114, 44.289841016512035], [-115.1854703470088, 44.28966429947751], [-115.18568281103828, 44.28960134045229], [-115.18588767307881, 44.28960740743385], [-115.18606084912238, 44.289664752422794], [-115.18618406115176, 44.28969645241416], [-115.18627979117583, 44.28972790140806], [-115.18638482820762, 44.289792366403965], [-115.1864244552249, 44.28984603240503], [-115.18650520624573, 44.28987575540012], [-115.18655649525957, 44.2898979013973], [-115.18661009327484, 44.289925416394745], [-115.1866990312928, 44.289930383386995], [-115.18677021730988, 44.28994928938202], [-115.1868337563265, 44.2899736953783], [-115.18687557534312, 44.29002162237861], [-115.18692623936813, 44.290106416381384], [-115.18697648938786, 44.290162319381615], [-115.18702019340117, 44.29018967638], [-115.18707395541549, 44.29021186137693], [-115.18712281842755, 44.290226556373696], [-115.18714481744013, 44.29027316737577], [-115.1871694524543, 44.290325365378074], [-115.1872402014738, 44.29035848437438], [-115.18730951648702, 44.29035780636789], [-115.18737640050207, 44.290370032362794], [-115.18738761051941, 44.29045440836913], [-115.1874138155339, 44.290507001371346], [-115.1874500655478, 44.290545745371375], [-115.18748067056099, 44.29058627637212], [-115.18753223257328, 44.29059953836849], [-115.18759731158148, 44.29057568536035], [-115.18766893559614, 44.290580377354104], [-115.1877602386152, 44.2905889353464], [-115.187854507632, 44.29058154333702], [-115.18793591664918, 44.290589946330236], [-115.18799478966352, 44.290606878326265], [-115.18807187268479, 44.29064255432224], [-115.18809825670063, 44.29070273232508], [-115.1881685697227, 44.29075006432273], [-115.18825388874669, 44.290792302318515], [-115.18834491876729, 44.290809745311606], [-115.18844051579106, 44.290839702305355], [-115.18856453682771, 44.29091099630012], [-115.18865140085747, 44.290983477298454], [-115.1886920858734, 44.29102856229866], [-115.18873853788561, 44.29104707429596], [-115.18881780290046, 44.291044776288395], [-115.18889179091616, 44.291053060282245], [-115.18896583493154, 44.29105956727597], [-115.18901190494596, 44.29109051727442], [-115.18903896596662, 44.29117626927945], [-115.18907641398638, 44.29124618928211], [-115.18913626601633, 44.29134882328555], [-115.18910518401995, 44.29140205029314], [-115.18905134402685, 44.29149820830657], [-115.1890225500305, 44.29154930131372], [-115.18901256204357, 44.29163268932198], [-115.18906094305943, 44.291669008320675], [-115.18917589208947, 44.29171349231393], [-115.18928638511585, 44.29174190830621], [-115.18933267412903, 44.291765751304006], [-115.18936459414111, 44.29179895830391], [-115.18935984614903, 44.29184795030867], [-115.18933385315131, 44.29188842231466], [-115.18927306415358, 44.29196591232707], [-115.18927960515977, 44.291993381328915], [-115.189299536168, 44.29201789232922], [-115.1893498811828, 44.29204662632707], [-115.18939617319704, 44.292076380325355], [-115.18943402621083, 44.292112376325015], [-115.18950307223187, 44.292155799322465], [-115.18957418025137, 44.29218799231866], [-115.18962306126687, 44.292221860317106], [-115.18971393028839, 44.292244631310666], [-115.18983308631115, 44.292243696299586], [-115.18986900932006, 44.292254952297235], [-115.18989412532838, 44.29227412829655], [-115.18990618134445, 44.29235077830221], [-115.18994461435865, 44.292388716301964], [-115.19001957538104, 44.29243323029891], [-115.19005955839593, 44.29247342429873], [-115.19008717540623, 44.29250118629859], [-115.1900802084167, 44.29256684630504], [-115.19012084143299, 44.292613707305364], [-115.1901608694435, 44.29262944130303], [-115.19024084846339, 44.29265471629781], [-115.1903728814936, 44.292681709287955], [-115.1904027405007, 44.29268872928579], [-115.19050878652558, 44.2927140662782], [-115.19058214854124, 44.29272271627219], [-115.19065772155622, 44.29272521926537], [-115.19076028057947, 44.29274471525755], [-115.1908116825927, 44.29276330525445], [-115.19087798060846, 44.29278035424981], [-115.190942503621, 44.29278105024385], [-115.19099150063828, 44.29282463924316], [-115.19103104065503, 44.29287563624394], [-115.1910519856627, 44.29289589524379], [-115.19108589067194, 44.292911005242004], [-115.19116249368837, 44.292920585235734], [-115.19123673770362, 44.292925832229294], [-115.19128373071503, 44.29293901522612], [-115.19128948372712, 44.293000182230976], [-115.19130043373754, 44.29304657223399], [-115.1913689317554, 44.29307254422991], [-115.1914227537694, 44.2930929502267], [-115.19147543178431, 44.29311945222417], [-115.19150617480116, 44.2931804512267], [-115.19152638781023, 44.29320920522733], [-115.19154356582432, 44.293269065231016], [-115.19158189083915, 44.29331055623109], [-115.19164027785624, 44.29334347722857], [-115.19172010888241, 44.293403402226396], [-115.19175876089538, 44.293434233225526], [-115.1918705109169, 44.29343451421523], [-115.19192201592647, 44.293432771210256], [-115.19197189293804, 44.293443526206566], [-115.19200572494933, 44.29347028520583], [-115.19204662197514, 44.293570332210805], [-115.19207379699513, 44.293652530215496], [-115.19211407102796, 44.29379181922398], [-115.19213624604726, 44.293875717229305], [-115.19215966706206, 44.29393279323216], [-115.1921833710762, 44.293986183234615], [-115.19222563409618, 44.29405192423648], [-115.19228000011721, 44.294110855236625], [-115.192349830142, 44.29417417523569], [-115.19243504616666, 44.29421996423181], [-115.19248848718281, 44.29425280722974], [-115.19256177220252, 44.29428418522571], [-115.19266259622572, 44.29430533421822], [-115.19274534024983, 44.29435108321455], [-115.19279812726974, 44.29440524621443], [-115.19284088628547, 44.294447010214135], [-115.19291395431694, 44.294543863215864], [-115.19295258533279, 44.29459073621638], [-115.19298741334859, 44.29464151121764], [-115.19304822636974, 44.29469410021656], [-115.19313099539336, 44.29473690221269], [-115.1932050394137, 44.29477105320879], [-115.19326029543106, 44.29480825520693], [-115.19332410545076, 44.29484979720467], [-115.1933918584712, 44.29489119020203], [-115.19343911048921, 44.29494072020201], [-115.19349329050668, 44.294979737200414], [-115.19356738553118, 44.29503686419856], [-115.19364030855172, 44.29507319219495], [-115.1937199945706, 44.29509308218933], [-115.19380338859048, 44.29511439318349], [-115.1938873786126, 44.2951476491786], [-115.19400382464428, 44.29519934417232], [-115.19411478468253, 44.29529353417031], [-115.19426747373083, 44.2953990481654], [-115.19435467775872, 44.29546086416277], [-115.19440988677947, 44.29551684216254], [-115.1944756848022, 44.295573064161395], [-115.19447760381487, 44.295641576167206], [-115.19448943682745, 44.295698982171146], [-115.19452055584385, 44.29575682117336], [-115.19455565986699, 44.29584799917811], [-115.19460956389506, 44.29594661818174], [-115.19465604492174, 44.29604511918611], [-115.19469839494279, 44.29611689218847], [-115.19475151096081, 44.29616039418735], [-115.19479016697375, 44.296191224186494], [-115.19481123398494, 44.29623066318798], [-115.1948542900018, 44.29627862718822], [-115.19489462902064, 44.29634014518987], [-115.19494785803913, 44.296386148188994], [-115.19499627505884, 44.296443877189574], [-115.19504654207843, 44.29649900618974], [-115.19509447609514, 44.29654100818895], [-115.19514113311672, 44.29661094719078], [-115.19517639013446, 44.29667194219288], [-115.1952271421514, 44.29671185119168], [-115.19528053216789, 44.29674646918974], [-115.19532166118132, 44.296777337188644], [-115.19535504319522, 44.29681874918921], [-115.19543423122505, 44.29689999118896], [-115.19550375624871, 44.29695729118758], [-115.19553997826583, 44.29701368718916], [-115.1955917112853, 44.29706689418905], [-115.19562413830904, 44.29716429719457], [-115.19566070031937, 44.29718265019278], [-115.1957016133341, 44.297220626192356], [-115.19575673135017, 44.29725133918994], [-115.19579904136842, 44.29730739219092], [-115.19586262839331, 44.29737781919118], [-115.19590623240722, 44.29740872718989], [-115.19596666442735, 44.29745589818844], [-115.1960155974401, 44.29747444718551], [-115.1960889964592, 44.297502270181134], [-115.19616927448288, 44.29754797817772], [-115.196244876504, 44.2975847241739], [-115.19630519952474, 44.297635449172766], [-115.19635842854214, 44.297675396171336], [-115.19642897256291, 44.29771561716832], [-115.19647411757661, 44.297743444166585], [-115.19650281259143, 44.29779506016846], [-115.19654770860843, 44.29784185916836], [-115.19660198762661, 44.297884866167145], [-115.1966755916475, 44.297922436163574], [-115.19674375866715, 44.29795875616049], [-115.19679603768424, 44.29799798815905], [-115.19686712570513, 44.29803806415596], [-115.19690012072097, 44.29809101615758], [-115.19696577374053, 44.2981293821549], [-115.1970805067686, 44.29816299214712], [-115.19713481878694, 44.29820671614594], [-115.19719211180407, 44.29824078914363], [-115.19728007282544, 44.29826574813769], [-115.19735917784601, 44.29829557413297], [-115.19741025886111, 44.29832482213077], [-115.19746425087422, 44.29833989512707], [-115.19755569989427, 44.298353896119835], [-115.19761787691725, 44.298415201119475], [-115.19766126593244, 44.29845321411879], [-115.19771009194581, 44.2984753161162], [-115.1977990439638, 44.29848027510836], [-115.1978630929779, 44.2984901741033], [-115.19796080000431, 44.29853260009795], [-115.19806092503153, 44.298576842092544], [-115.1981393310513, 44.29860296508757], [-115.19825155408243, 44.29865628608184], [-115.19834135111017, 44.298714585078606], [-115.1984335661387, 44.29877470007532], [-115.19848889015877, 44.29882712307479], [-115.19857675618293, 44.298867615070236], [-115.19864477620357, 44.2989095730676], [-115.19868580121762, 44.29894399306678], [-115.19871654923196, 44.298990696068046], [-115.19875718025018, 44.2990485880694], [-115.198766326262, 44.299104668073454], [-115.19878972227924, 44.29917554007748], [-115.1988257863021, 44.2992638990819], [-115.19888451332453, 44.299325752081856], [-115.19893885935011, 44.299410155084225], [-115.19902289438157, 44.2994950270839], [-115.19909708741075, 44.299577965084275], [-115.19914158043039, 44.29963991508562], [-115.19917315744377, 44.29968048608627], [-115.19917642145431, 44.299735643090756], [-115.19917039546222, 44.299786038095775], [-115.19921662047982, 44.29983449709575], [-115.1992489564971, 44.29989589409812], [-115.19927444151189, 44.29995103110059], [-115.19932925453158, 44.30000178609999], [-115.19939909155097, 44.30003488209639], [-115.19948014957247, 44.300067856091786], [-115.19953922259398, 44.300124506091265], [-115.19958135961211, 44.30018008109226], [-115.19963469163974, 44.30027674309578], [-115.19969331065812, 44.30031617309381], [-115.1997398786765, 44.3003688010941], [-115.19978407169725, 44.300436925095966], [-115.1998368087152, 44.30048019509486], [-115.1998944757364, 44.300536576094494], [-115.19990008274758, 44.300592735098896], [-115.19991368576176, 44.300656913103275], [-115.19993801477568, 44.300708485105496], [-115.19998730579306, 44.30075226010476], [-115.20003672781523, 44.30082286310642], [-115.20010189683757, 44.30087721810512], [-115.20015877586336, 44.30095988310708], [-115.20021377788531, 44.30102296510752], [-115.20026184690299, 44.30106994010722], [-115.20030904692563, 44.30114534210944], [-115.2003587899466, 44.30120905511039], [-115.20040050696292, 44.3012549531106], [-115.20045877599092, 44.30134856811339], [-115.20052389201358, 44.301404699112275], [-115.20058066303999, 44.301490917114556], [-115.20064493306243, 44.30154717011356], [-115.20068213707943, 44.30160177111488], [-115.20070818110067, 44.301692015120416], [-115.20072036611874, 44.30177930812693], [-115.20071648112626, 44.30182546313135], [-115.20069286113718, 44.3019116531411], [-115.20063113013518, 44.30196610115162], [-115.20052990312506, 44.302018057165576], [-115.20045981511613, 44.302043616174295], [-115.2004122101104, 44.302062420180334], [-115.20036630210446, 44.30207824018605], [-115.20029260309484, 44.302103637195046], [-115.20026298310047, 44.30216672220336], [-115.20024925510583, 44.302210945208536], [-115.20023569111018, 44.302249838213164], [-115.20024433711923, 44.30229085821599], [-115.20025007713026, 44.3023460542203], [-115.20028006314755, 44.30240992422308], [-115.20033582316631, 44.302455045221905], [-115.20039976918879, 44.30251151022093], [-115.20045100320736, 44.302560021220415], [-115.20051444723123, 44.30262497922023], [-115.20057818325297, 44.30267764821895], [-115.20063965127275, 44.30272194021711], [-115.20069446129165, 44.30276837121616], [-115.20075769531273, 44.30281806021462], [-115.20081113533129, 44.302863897213705], [-115.20087867435453, 44.30292096821242], [-115.20092725237365, 44.30297527221267], [-115.20097270339146, 44.303026032212934], [-115.20100856040827, 44.30308112921441], [-115.2010593644274, 44.3031331512143], [-115.20112284144939, 44.30318755821317], [-115.2011763224684, 44.30323583921245], [-115.20122878348838, 44.3032907652124], [-115.20126353050829, 44.303364575215646], [-115.20131434852496, 44.30340270421431], [-115.20138002854029, 44.30341793320953], [-115.20142583355883, 44.30347193420999], [-115.20145162757412, 44.303529368212665], [-115.20149567159045, 44.30357312721242], [-115.20154895660711, 44.30360888621064], [-115.2015917006253, 44.303664353211516], [-115.20162441864063, 44.303714719212884], [-115.20165599265685, 44.30377074821487], [-115.20169545667406, 44.303824361215945], [-115.20172249568972, 44.30388258621853], [-115.20175612470828, 44.303949753221296], [-115.20180337472648, 44.30400053222136], [-115.20184759574263, 44.30404303922098], [-115.2018870597593, 44.304093517221794], [-115.20191739977449, 44.304145391223486], [-115.20197728479596, 44.30420103222282], [-115.20204746281614, 44.30423821821956], [-115.20210153683182, 44.304267686217166], [-115.20215428784707, 44.30429576321471], [-115.20220214486076, 44.30432095621246], [-115.20225448188354, 44.30439162021383], [-115.20230712390438, 44.30445110921419], [-115.20235804992038, 44.30448568521247], [-115.20244367094287, 44.30451902920748], [-115.20253821296802, 44.30455794920213], [-115.20260194198838, 44.304603077200134], [-115.20264194300869, 44.304673244202625], [-115.20271519302877, 44.30470639319872], [-115.20279107804835, 44.30473425119414], [-115.20284986206329, 44.30475473019048], [-115.20293042608544, 44.30479154918617], [-115.20298356810164, 44.304824951184216], [-115.20301275311844, 44.30488713018698], [-115.2030803581388, 44.30492787718429], [-115.20317198916706, 44.30498732918095], [-115.20327169619677, 44.30504578017686], [-115.20337732822182, 44.3050723281694], [-115.20348102724337, 44.3050810701605], [-115.20362017826696, 44.30506370514612], [-115.20371688928456, 44.30505811613664], [-115.20380101230096, 44.30505943912894], [-115.20386243331548, 44.305074626124544], [-115.20390137032693, 44.305096569122895], [-115.20394205533906, 44.30512028812121], [-115.20393653934427, 44.30515538712481], [-115.20392989835482, 44.305221018131164], [-115.20389018936152, 44.305300815141855], [-115.20392314537419, 44.30533613314186], [-115.20393441738263, 44.30537072114387], [-115.20395930339185, 44.305395636143764], [-115.2040369044104, 44.30541550013829], [-115.20410296942835, 44.3054448711347], [-115.20415483144785, 44.3054980591346], [-115.20418292246346, 44.30555435613689], [-115.2042001394706, 44.305575788137226], [-115.20421924048424, 44.3056312871403], [-115.20427983550101, 44.30565959313715], [-115.20437220951662, 44.30564791212757], [-115.20445638653273, 44.30564745911973], [-115.20454739055369, 44.30566666511295], [-115.2046508745764, 44.30568251310473], [-115.20474359560221, 44.305726633100036], [-115.2048820766358, 44.30576563509061], [-115.20494899265664, 44.305809852088245], [-115.20506972468422, 44.30583434907922], [-115.20522514271978, 44.30586588406757], [-115.20532757573847, 44.30586024705756], [-115.2054987967754, 44.30588248704358], [-115.20559404780128, 44.30592486703849], [-115.20567063981687, 44.305929626031784], [-115.20576298184483, 44.30598618102818], [-115.20587710587986, 44.306059077023995], [-115.20596218990539, 44.30611018702061], [-115.20603054792419, 44.306141479016965], [-115.20605695193413, 44.3061685580169], [-115.20608628495263, 44.306240355020506], [-115.2061219049628, 44.306258701018805], [-115.206170855978, 44.306290897017085], [-115.20623700199607, 44.306320729013564], [-115.20632418003004, 44.30641628301385], [-115.20640920905596, 44.30646916901059], [-115.20652178108524, 44.30651182100386], [-115.20668297112918, 44.306583676995245], [-115.20683222416814, 44.30664112598643], [-115.20700121721136, 44.30670066197595], [-115.20715702725678, 44.30678665496906], [-115.20733317330297, 44.30685519095874], [-115.2074668793431, 44.30693550195337], [-115.20754201436705, 44.306988231951], [-115.20760391938312, 44.307011257947295], [-115.20767174440067, 44.30703648494319], [-115.20780008242762, 44.3070491639324], [-115.20793008445969, 44.3070885339238], [-115.20800796348257, 44.307132417920414], [-115.20807831250458, 44.30717973891805], [-115.20813754752045, 44.30720474891474], [-115.20819428254131, 44.30726004191434], [-115.20824985155973, 44.307302955912945], [-115.20829025857687, 44.30735509391377], [-115.20831959059257, 44.30741110191595], [-115.2083722856141, 44.307474397916636], [-115.20843503263555, 44.307526349915356], [-115.20846908665176, 44.30758029691688], [-115.2084845676654, 44.30763965292068], [-115.20850701667993, 44.30769620992354], [-115.20852681169512, 44.307759391927256], [-115.20853806170882, 44.307823486931866], [-115.20855682872418, 44.30788914193584], [-115.2085832037412, 44.30795529893925], [-115.20862372575967, 44.30801463194065], [-115.20867133477877, 44.30807007694111], [-115.20874213580161, 44.30812150793906], [-115.20881455282137, 44.308153781935154], [-115.20887546384124, 44.30819919193345], [-115.20892543786046, 44.30825248793352], [-115.20895596387554, 44.30830381293522], [-115.20901604389611, 44.30835363793397], [-115.20909842092061, 44.30840208993057], [-115.20915857694138, 44.30845322492951], [-115.20921275696212, 44.308510542929525], [-115.20926363098197, 44.30856649592966], [-115.20929793500733, 44.30867070193563], [-115.20934488303148, 44.308754984938695], [-115.20943109606529, 44.30885054793908], [-115.20954120009411, 44.30889315893256], [-115.20962973711458, 44.308912322926005], [-115.20973527014029, 44.308942418918896], [-115.2097896761523, 44.30895140591464], [-115.20982955216118, 44.3089579929115], [-115.20984918817652, 44.30902241791532], [-115.20987090019219, 44.30908595791886], [-115.20988718920594, 44.30914521192256], [-115.20990496621924, 44.30919985692573], [-115.20993487623139, 44.30923548092605], [-115.20998750924949, 44.309279964925075], [-115.21005363027095, 44.30932846492317], [-115.21010533128995, 44.309378978922815], [-115.21015513830731, 44.30942214492198], [-115.21020146332658, 44.30947992792274], [-115.2102390053436, 44.309534083924056], [-115.21026703335964, 44.30959346692665], [-115.21028250137243, 44.30964789392995], [-115.21031544739034, 44.30971245293256], [-115.21035780340986, 44.30977566193419], [-115.21040625642982, 44.30983461293486], [-115.2104568624473, 44.309877699933914], [-115.2104929974699, 44.309964825938245], [-115.21053796249052, 44.31003115693984], [-115.21059127450981, 44.31008158393936], [-115.21065000552855, 44.31012284393751], [-115.21072430754904, 44.310157498933684], [-115.21081338156739, 44.31016436692598], [-115.21087974758561, 44.310194611922476], [-115.21095864760711, 44.310229862918234], [-115.2110192306261, 44.31027070391623], [-115.21107147764397, 44.3103142589152], [-115.21113747566585, 44.31036521291357], [-115.21118610668424, 44.31041563991342], [-115.21123741270266, 44.310462950912815], [-115.2112786037197, 44.31051377791345], [-115.21137297175498, 44.31060878291302], [-115.21142804777654, 44.310670082913305], [-115.2114788777932, 44.31070820891191], [-115.21153911981456, 44.310762478911094], [-115.21157773583492, 44.310834344913815], [-115.21163600585483, 44.310882597912624], [-115.21166954787358, 44.31095116791552], [-115.21171047988827, 44.31098913691505], [-115.2117934789112, 44.31102776591076], [-115.21189901693687, 44.311057859903606], [-115.21197348895697, 44.3110901348995], [-115.2120456949782, 44.31113083889638], [-115.21211242499608, 44.31115881489264], [-115.21225483003079, 44.31119991888303], [-115.21233650505087, 44.311223963877524], [-115.21240558807008, 44.311256938874], [-115.21246853608869, 44.311293201871386], [-115.2125378041079, 44.31132588786782], [-115.21261548712779, 44.31135338486298], [-115.2126824961463, 44.31138490485957], [-115.21275406616661, 44.3114213458561], [-115.21281301718574, 44.31146468485442], [-115.2128749562064, 44.31151339285296], [-115.2129333512266, 44.31156317585191], [-115.21298300924431, 44.3116085178513], [-115.21303412626263, 44.31165552185062], [-115.21308756928245, 44.31170859385033], [-115.21313510430016, 44.31175656985014], [-115.21319413932052, 44.311806269849], [-115.21325776233904, 44.31184137584614], [-115.21330846435684, 44.31188613384538], [-115.21335638837532, 44.311937569845455], [-115.21339464239196, 44.31198918384642], [-115.21345631541197, 44.3120345258447], [-115.21352163443095, 44.31207018984175], [-115.21360265345054, 44.31209262083618], [-115.21367360147251, 44.312138667833665], [-115.21372477449155, 44.3121900648334], [-115.21376465650641, 44.31222998783324], [-115.21380772652589, 44.312292161834684], [-115.21384482154335, 44.31234966783624], [-115.21390606856447, 44.312401484835135], [-115.21397633958613, 44.31244654883251], [-115.21402247660347, 44.312493925832435], [-115.21406537062025, 44.312541160832595], [-115.21409029463574, 44.31260084383548], [-115.21411442165271, 44.31266920383924], [-115.21415482766982, 44.31272118484006], [-115.2142125706887, 44.312764440838514], [-115.21426892670478, 44.312793294835814], [-115.21432027372137, 44.31283073883431], [-115.21439014074315, 44.312877146831894], [-115.21446187276608, 44.312928074829706], [-115.21453927778765, 44.31296511082576], [-115.21460626580699, 44.313001073822704], [-115.21467040382615, 44.313039193820096], [-115.21475323984797, 44.313072039815296], [-115.21486736587444, 44.31309696180685], [-115.21507969191872, 44.313116278788854], [-115.21522230095196, 44.31314872677846], [-115.21532466998119, 44.313201876773604], [-115.2153834669962, 44.31322234876996], [-115.2154984240266, 44.313268584763335], [-115.21559595205423, 44.3133181027586], [-115.21573635208979, 44.31336555874974], [-115.21581697010775, 44.3133796187435], [-115.21597181414381, 44.3134146317322], [-115.21605331316071, 44.31342123772522], [-115.216244486202, 44.31344681870969], [-115.2163318692189, 44.313447090701644], [-115.21641078023836, 44.31347126069639], [-115.21650481225672, 44.31347272968783], [-115.21661105827839, 44.31347972167859], [-115.2166905832954, 44.31348930567204], [-115.2168197813287, 44.31353630866412], [-115.21689773035128, 44.31357840966061], [-115.21697462037666, 44.313637451658614], [-115.21705846939794, 44.31366624265339], [-115.21713722441585, 44.31368169364741], [-115.21721899343119, 44.31367941463963], [-115.21730029844457, 44.31366712863103], [-115.21738301445899, 44.313658866622596], [-115.21748874447935, 44.31365904061281], [-115.21757829149831, 44.313669025605414], [-115.21765079451514, 44.313684992600045], [-115.21772821053453, 44.31371013759505], [-115.21780890055517, 44.31373852059007], [-115.21789159457992, 44.31378767958666], [-115.21798423060629, 44.31383534258229], [-115.21805534862398, 44.31385778257766], [-115.21814152864333, 44.31387334857103], [-115.21822797766119, 44.31388003056358], [-115.21830614368247, 44.31391502455936], [-115.21843685771347, 44.31394760455013], [-115.2185141867317, 44.31396643854459], [-115.21858735574934, 44.31398628653951], [-115.21866495876718, 44.31400238953372], [-115.21873258878288, 44.314017411528766], [-115.2188521148091, 44.31403552851923], [-115.21893834982818, 44.314049316512474], [-115.21904906185355, 44.31407237350418], [-115.21914992787673, 44.3140935004967], [-115.2193196549159, 44.314129920484085], [-115.21943585393917, 44.31413528747381], [-115.21951363994798, 44.314100948463555], [-115.21957399795396, 44.314069893455255], [-115.21964156396268, 44.3140460614469], [-115.21969874797222, 44.314038065440855], [-115.21976798398602, 44.31404092143471], [-115.21984937700351, 44.31405107942807], [-115.21998246803265, 44.31407092941745], [-115.22005912604791, 44.31407390141053], [-115.22014132506071, 44.3140574074015], [-115.22031927608934, 44.314026443382254], [-115.22040239410428, 44.314020591373996], [-115.22051383412372, 44.31400966136274], [-115.220686556157, 44.31401017734675], [-115.22089045819652, 44.314012313327986], [-115.22101399522127, 44.31401767831697], [-115.22118016825138, 44.31400782430069], [-115.22134181827884, 44.313987922283985], [-115.22154737431723, 44.31398154726428], [-115.22172210535705, 44.31401626525116], [-115.22183658338488, 44.31404865024337], [-115.2219133054054, 44.31408093223907], [-115.22199181242704, 44.31411731623498], [-115.22206239144661, 44.31415044723128], [-115.22215617046794, 44.3141689862242], [-115.22223754748539, 44.31417899321754], [-115.22233660650464, 44.31418023220848], [-115.22244048552328, 44.314173068198194], [-115.22253237954192, 44.31417838619011], [-115.22262744756256, 44.31419162318246], [-115.2227184585817, 44.314200671174795], [-115.22280559560194, 44.314220252168404], [-115.2228897066186, 44.31422319416089], [-115.22302042564472, 44.314228453149205], [-115.22312220766263, 44.31421937113894], [-115.22321247267318, 44.31418166912728], [-115.22332032868555, 44.314135353113194], [-115.22347509370769, 44.314093321095136], [-115.22358946272682, 44.314077325083105], [-115.2236743717427, 44.31407501807503], [-115.22375329475608, 44.314065129066826], [-115.22383547276992, 44.31405424605829], [-115.22390399378135, 44.314044681051065], [-115.22406613981042, 44.31403319003498], [-115.22424495484147, 44.31401463901678], [-115.22441698886732, 44.31397465299732], [-115.22457939188968, 44.31392562897791], [-115.22465281589406, 44.31387166496641], [-115.22473441389558, 44.313792942951935], [-115.22479557289691, 44.31373523294118], [-115.2248939029052, 44.31367632492692], [-115.224979699912, 44.31362255291423], [-115.22504075091396, 44.31356839790378], [-115.22508474591099, 44.31350508889417], [-115.22515996991318, 44.31343676388122], [-115.22523131091948, 44.31339557687096], [-115.22530551892527, 44.31334858485993], [-115.22537140993154, 44.313313328850725], [-115.22545006494019, 44.31327717284031], [-115.22553635895027, 44.313241274829124], [-115.22562933596252, 44.31321011081776], [-115.22572256797822, 44.31319794280801], [-115.22582029499766, 44.31320145679928], [-115.2259005090159, 44.31321735479324], [-115.22596221202892, 44.31322364678801], [-115.22605129704624, 44.313225030779904], [-115.22615313006388, 44.313214169769466], [-115.22624791307788, 44.313190755758626], [-115.22636269909549, 44.313166065745826], [-115.22643889811073, 44.31316963073906], [-115.22652482512925, 44.313180493732034], [-115.2266214211455, 44.31316770172193], [-115.22670606515369, 44.313123271710175], [-115.22688621817346, 44.31304068668625], [-115.22698616418718, 44.3130102426743], [-115.22708610920087, 44.312979797662365], [-115.22727871823075, 44.31294019664098], [-115.22735520424436, 44.31293423963338], [-115.22745158126186, 44.31292858862395], [-115.22755826627926, 44.312911189612514], [-115.22777708032096, 44.31290932859199], [-115.22787000133862, 44.31290838658331], [-115.22806761737439, 44.3128960545639], [-115.22815715039181, 44.31289744455566], [-115.22824985541074, 44.31290364854765], [-115.22834602142946, 44.31290514053883], [-115.22843533944815, 44.31291367053129], [-115.22851795046594, 44.31292448152453], [-115.2285772094801, 44.312939691520384], [-115.22866089350202, 44.3129722395155], [-115.22884290254024, 44.312990179500154], [-115.22893193456058, 44.31300823349347], [-115.22904782959138, 44.31305545348685], [-115.22915469961971, 44.313098996480754], [-115.22932930466116, 44.31314302446839], [-115.22939498267785, 44.31316548046427], [-115.2294768806998, 44.31320010045971], [-115.22956922972081, 44.3132182054527], [-115.22964930474166, 44.313248522447914], [-115.2297254087637, 44.313289875444504], [-115.22976897778042, 44.313336049444466], [-115.22984957080254, 44.31337285044024], [-115.22996884582827, 44.31338876143055], [-115.2300944228553, 44.31340499942032], [-115.23021646688488, 44.313438975411955], [-115.230370175928, 44.31351423740428], [-115.23052883497199, 44.31358957739618], [-115.23062906499888, 44.31363201439059], [-115.23073819804836, 44.313790131394306], [-115.23089030610072, 44.313918695391415], [-115.23101923615404, 44.314077120393314], [-115.2311364342012, 44.314214030394474], [-115.23121715523739, 44.31432904539707], [-115.2312720082753, 44.31448098940527], [-115.23133718831268, 44.31461887141127], [-115.23140279334754, 44.31474254041603], [-115.23146177737632, 44.31483944341903], [-115.23152839940532, 44.31492935342077], [-115.23158823642915, 44.3149978284212], [-115.23164412544907, 44.315048783420465], [-115.23169222346827, 44.31510431442085], [-115.23174349148898, 44.315164658421395], [-115.2317989375054, 44.31519648341905], [-115.23184732152293, 44.315242492418555], [-115.23189923353995, 44.31528140741714], [-115.23193774055517, 44.31532488041738], [-115.2319862675719, 44.31536612641651], [-115.23203665959551, 44.31544348641859], [-115.23207570261343, 44.31550131842007], [-115.23210726863078, 44.3155638054226], [-115.23216489765154, 44.315617897421944], [-115.23222443767065, 44.31566004742014], [-115.23232165970273, 44.31573487041768], [-115.23238130872087, 44.315771991415396], [-115.23244423074131, 44.315818179413604], [-115.23251075476286, 44.315867052411676], [-115.23262126980204, 44.315966600410164], [-115.23269010283309, 44.31606543241243], [-115.23275704586018, 44.31614468141316], [-115.23283319787829, 44.31616398540777], [-115.23288421190355, 44.31624963641055], [-115.23291151091806, 44.31630099741248], [-115.23292833493238, 44.316362627416325], [-115.2329546779468, 44.31641450941845], [-115.23299767496523, 44.31647110841942], [-115.23305222898782, 44.316538538420275], [-115.23309511300575, 44.31659222642097], [-115.233135102022, 44.316639910421415], [-115.23315336203929, 44.31671608242642], [-115.23323132706182, 44.31675817242284], [-115.23329869508332, 44.31680582342075], [-115.23335671310177, 44.31684627741894], [-115.23339699311995, 44.31690414942023], [-115.23344818713926, 44.31695706042012], [-115.23348516815831, 44.317023379422544], [-115.23352186117488, 44.317076111423724], [-115.23354204818791, 44.3171266724263], [-115.23357938720369, 44.317174777427006], [-115.2336226702213, 44.317226208427535], [-115.23368083323258, 44.31722670742217], [-115.2337496572534, 44.31726912641947], [-115.23380484827686, 44.31734038042061], [-115.23384292929458, 44.3173981384221], [-115.23388129531064, 44.3174463714228], [-115.23393645932863, 44.3174877174213], [-115.23398167234475, 44.3175289124207], [-115.23403640536532, 44.31758454642052], [-115.23407117238237, 44.31764225242228], [-115.23410615139822, 44.31769281542347], [-115.23414423241591, 44.31775057242504], [-115.23418598743223, 44.31779647642516], [-115.23421772044699, 44.317844608426455], [-115.23425919046495, 44.317900035427414], [-115.2343003284936, 44.318015453433695], [-115.23435836152798, 44.31814433543961], [-115.23444635255245, 44.31818638943513], [-115.23449171056775, 44.318222821434105], [-115.2345630975911, 44.31827632943219], [-115.23459736361107, 44.31835070243553], [-115.23463876162944, 44.318408510436704], [-115.23466711164394, 44.318458971438496], [-115.23467808965987, 44.31853536644417], [-115.2346991636768, 44.31860715144849], [-115.2347867057059, 44.31867520244634], [-115.23487743373703, 44.31875140144457], [-115.23496160476981, 44.31884352744486], [-115.23498749278123, 44.31887931044557], [-115.23501000279906, 44.31895431745007], [-115.23496933482733, 44.3191545534714], [-115.234930127862, 44.319388587495496], [-115.23492192386902, 44.319436378500484], [-115.23480208193729, 44.31994298855592], [-115.2347425959629, 44.3201484195795], [-115.234688834986, 44.32033408060072], [-115.23458557501769, 44.320620073635354], [-115.23455212303357, 44.32074393264934], [-115.23432397110459, 44.32138116972631], [-115.23411468016548, 44.32194247279491], [-115.23399664218825, 44.322194488827925], [-115.233925241202, 44.322346928847935], [-115.2338541522138, 44.322488034866886], [-115.2338318462245, 44.322571234876236], [-115.23386313824068, 44.322627817878306], [-115.23387577825164, 44.32267501388123], [-115.23388940226168, 44.32271610888359], [-115.23392355627456, 44.32275118288348], [-115.23399175628943, 44.32276109587804], [-115.23404488630035, 44.32276496187343], [-115.23411233931422, 44.32276996486764], [-115.23417780832696, 44.322771016861594], [-115.23435888835724, 44.32274600884263], [-115.23452545438367, 44.32271502082445], [-115.2346608234045, 44.322686479809356], [-115.23472037441364, 44.32267392280275], [-115.23476472242059, 44.32266501979783], [-115.23495151644971, 44.32262763177718], [-115.23505523846546, 44.32260442576554], [-115.23520484248822, 44.32257124674873], [-115.23538815451599, 44.322529926728116], [-115.23557954554498, 44.32248678570656], [-115.23582438258163, 44.32242919567874], [-115.23600600660872, 44.322385972658104], [-115.23614845163092, 44.3223574876424], [-115.23645255067602, 44.322283552607644], [-115.23660320769865, 44.3222484795906], [-115.2367349717188, 44.32221982957585], [-115.23702955076305, 44.322151498542496], [-115.23742747982419, 44.322066543498124], [-115.23770884286678, 44.32200323046645], [-115.23792797089872, 44.321946728441134], [-115.23819474293657, 44.32187254340984], [-115.23839079296162, 44.32180271438554], [-115.23854102797964, 44.32174261636633], [-115.23866089999365, 44.32169241135082], [-115.2387772130073, 44.32164434133581], [-115.23884031502605, 44.321681144333176], [-115.23890560004546, 44.32171921933041], [-115.2390034650731, 44.321768364325614], [-115.23910759310641, 44.32184207832245], [-115.23918900313667, 44.321923077321955], [-115.23925450915861, 44.32197524232044], [-115.23930776117632, 44.32201668731915], [-115.23936288219575, 44.32206568331829], [-115.2394482332292, 44.322160365318645], [-115.23951869925918, 44.322251645320094], [-115.23956940627905, 44.32230809632036], [-115.2396158332987, 44.32236749132124], [-115.23967492431869, 44.32241569631997], [-115.23973191033379, 44.32243863431665], [-115.23976058334217, 44.32245440431537], [-115.2398081783552, 44.32247603031287], [-115.23990243537934, 44.32250942530705], [-115.23997450439806, 44.32253669530272], [-115.24006284141886, 44.3225579402964], [-115.24015229244011, 44.32258058729006], [-115.24023814145905, 44.322594017283286], [-115.2403290494787, 44.32260629527592], [-115.24052108951682, 44.32261306925866], [-115.24062283953529, 44.3226071702487], [-115.24068574354673, 44.322603522242524], [-115.24077016056114, 44.32259363723382], [-115.2408670585773, 44.322580137223625], [-115.24096963959465, 44.32256716621296], [-115.24105559261362, 44.32258075920618], [-115.2411410126336, 44.32260051219998], [-115.24122514865257, 44.322616135193556], [-115.24131664567135, 44.32262305818566], [-115.24141283569075, 44.32262811217715], [-115.24148726170681, 44.3226377861711], [-115.2415722947226, 44.32263465716287], [-115.24165613373839, 44.32263317215499], [-115.241745348758, 44.32264696814793], [-115.24183506677893, 44.32266735114136], [-115.24191792779706, 44.322679599134766], [-115.24200802281636, 44.32269086412733], [-115.24210142483693, 44.322705497119976], [-115.24218742585678, 44.322723919113585], [-115.24227924587663, 44.32273616110616], [-115.24236064289262, 44.322738289098794], [-115.24245639891288, 44.32274849009073], [-115.24254499293404, 44.322771343084526], [-115.2426177279525, 44.32279634407995], [-115.2428019599908, 44.322812527064265], [-115.24287795500727, 44.32282322505811], [-115.24295741102365, 44.32282921205127], [-115.24303686903995, 44.32283519704444], [-115.24312310105674, 44.32283652303658], [-115.24321603707448, 44.322835571027795], [-115.24329931108814, 44.32282293001902], [-115.24339238410086, 44.322794270007854], [-115.24346557111593, 44.32279991000154], [-115.24351777412731, 44.32280746499731], [-115.24363298414961, 44.32280850298675], [-115.24371803616769, 44.322818065979696], [-115.24379078718317, 44.32282633097362], [-115.24391365520462, 44.322814323961204], [-115.24400841922008, 44.32279922995102], [-115.24410300423659, 44.3227901529415], [-115.24419160325027, 44.32277180593162], [-115.24426825126162, 44.322752889922846], [-115.24433129727078, 44.32273676091558], [-115.24440903328541, 44.3227349489082], [-115.2444901882974, 44.322715093898914], [-115.24456952631196, 44.322711163891206], [-115.24465099232705, 44.3227082928834], [-115.24478780834907, 44.32268469986866], [-115.24492538337044, 44.322656558853375], [-115.24503277538193, 44.32260584083897], [-115.24513717339164, 44.32254876682428], [-115.24521651040068, 44.3225143338139], [-115.24531678841046, 44.32246157079999], [-115.24539193241782, 44.32242232178956], [-115.24545622142652, 44.32240239478182], [-115.24551117143565, 44.32239450777604], [-115.24557581844688, 44.32238764676947], [-115.24564796145533, 44.32235800976015], [-115.24572226046489, 44.322331773750946], [-115.24581666047725, 44.32229953673936], [-115.2459040624882, 44.322267136728385], [-115.24597000949642, 44.32224266172014], [-115.24603201250127, 44.322203590710934], [-115.24611640851252, 44.32217616070072], [-115.24619474052376, 44.32215480369162], [-115.24627647953778, 44.322145585683195], [-115.24635925055311, 44.32214249067523], [-115.24643111256613, 44.32213835966816], [-115.24649177057857, 44.32214278066294], [-115.24661804660104, 44.32213285365035], [-115.24671304761948, 44.32213363564155], [-115.24680495163526, 44.322123439632136], [-115.2469000106521, 44.32211567062263], [-115.24698944966896, 44.32211388761416], [-115.24707995068405, 44.32210126260464], [-115.24717967870087, 44.32208813759428], [-115.24728059171835, 44.32207765058399], [-115.24732583472854, 44.32208612658053], [-115.24734769473774, 44.322113929580894], [-115.24736624674914, 44.322157203582975], [-115.24736508275593, 44.32219630458653], [-115.24733472475627, 44.322230444592314], [-115.24726010374958, 44.322272931602974], [-115.24720484074896, 44.32232830061295], [-115.247154513749, 44.32238206062229], [-115.24710661274746, 44.32242467463047], [-115.24705478574523, 44.32246740263906], [-115.24699633474161, 44.322509594648146], [-115.24693900873939, 44.322558149657745], [-115.24688433573819, 44.32261000766737], [-115.246820457735, 44.322660201677685], [-115.24675403372919, 44.322698756687245], [-115.24669981472817, 44.32275087369684], [-115.2466526797322, 44.322823311707566], [-115.24662820073605, 44.32287108171402], [-115.24660568374115, 44.32292339672068], [-115.24660224474862, 44.322968480724974], [-115.24659568975697, 44.32302161273018], [-115.24654393474785, 44.32302626473541], [-115.24648848074301, 44.32305851374342], [-115.24642009973782, 44.32310260175361], [-115.24633451073201, 44.323161469766696], [-115.24628088272917, 44.323202775775314], [-115.24623572372741, 44.32324120078288], [-115.24616533772128, 44.32328224879297], [-115.24611024171436, 44.323302466799895], [-115.24607053171248, 44.323334319806364], [-115.24603213471067, 44.32336511881263], [-115.2459633777089, 44.32342869182455], [-115.24592188671153, 44.323487426833594], [-115.2458848837157, 44.3235502698425], [-115.2458366027137, 44.32359034685047], [-115.24579837771289, 44.32362627285719], [-115.24574952972249, 44.32373174887095], [-115.24572736872547, 44.32377203287654], [-115.24569323072792, 44.32382175488405], [-115.2456622017375, 44.32390807989452], [-115.24566484274935, 44.32397118189976], [-115.24565257475784, 44.324031176906175], [-115.2456567527714, 44.324101955911964], [-115.24567059879172, 44.32419996591924], [-115.24569223280591, 44.32425556592215], [-115.24571771482022, 44.32430786592437], [-115.24571890283156, 44.32436950592961], [-115.245746233841, 44.32439294292916], [-115.24579955885234, 44.324399001924725], [-115.24586254785876, 44.32436747591612], [-115.24592174786106, 44.324316976906196], [-115.24598664686422, 44.32426560589565], [-115.24604910086916, 44.32422651188643], [-115.24613346687549, 44.32417168387382], [-115.24617148287548, 44.32413092686671], [-115.246245456884, 44.32409958685712], [-115.24629866988583, 44.32405315184812], [-115.24634085788935, 44.3240274788419], [-115.2463806868926, 44.324003240836106], [-115.24647125790975, 44.32400192982758], [-115.2465489619224, 44.32398950881925], [-115.24662796093438, 44.32397150781034], [-115.24670505894645, 44.32395660880188], [-115.24681583996541, 44.32394338579043], [-115.24693341998544, 44.323929350778286], [-115.24701685999867, 44.32391405376919], [-115.24709405801038, 44.32389648576051], [-115.24716957002181, 44.323879728752004], [-115.24724835803427, 44.323864945743416], [-115.24731766004349, 44.323842353734996], [-115.24745752006413, 44.323807626718946], [-115.24757814008028, 44.32376885370432], [-115.24768168809506, 44.32374035069227], [-115.24774690010611, 44.32373232468546], [-115.24781024111543, 44.32371674567824], [-115.24788755912601, 44.323692903668935], [-115.24796516213789, 44.32367601966026], [-115.2481161111623, 44.32365072264405], [-115.24820918217499, 44.32362205963287], [-115.24827725018204, 44.32358849862361], [-115.24833288218582, 44.323550232615105], [-115.24839243519195, 44.32352105460704], [-115.24847616020114, 44.3234825575959], [-115.24857295821768, 44.32347131258592], [-115.24864976123068, 44.32346173557795], [-115.24874315724611, 44.32344781956804], [-115.2488416542613, 44.32342713755707], [-115.24892973127791, 44.32342547854873], [-115.24902386929708, 44.323431435540556], [-115.24910155231204, 44.32343156653332], [-115.24917996732664, 44.323429246525876], [-115.24927534934552, 44.323432282517224], [-115.24939235237018, 44.32344460750743], [-115.24950690339656, 44.323468932498955], [-115.24959426341738, 44.32349133549282], [-115.24969129344498, 44.32354097048811], [-115.24982058148484, 44.323624484483396], [-115.24990216050325, 44.32363984947718], [-115.2500222355352, 44.323688977470326], [-115.2502286715881, 44.32376254245758], [-115.25030117160742, 44.32379264445352], [-115.25036715462588, 44.323824645450145], [-115.25044233564591, 44.3238557234459], [-115.25050565366331, 44.3238848214426], [-115.25058170868276, 44.323911978437884], [-115.25066308869934, 44.323916961430754], [-115.25071528271059, 44.3239237784265], [-115.25073068271793, 44.32394837942723], [-115.25071792472079, 44.323977557430986], [-115.25070662972324, 44.32400338843426], [-115.25061114971201, 44.32404255044656], [-115.25050528469814, 44.324078543459585], [-115.25037797668313, 44.32413075747598], [-115.25027184267087, 44.32417577248973], [-115.25017774266419, 44.32423902850404], [-115.25011277666152, 44.32429356951484], [-115.25002181465197, 44.32433744652713], [-115.24997644265679, 44.32441239553793], [-115.24992481265433, 44.32445356654633], [-115.24987754165332, 44.324498523554645], [-115.24983669565555, 44.324554345563314], [-115.24980203965995, 44.32461578657193], [-115.2497605556602, 44.324661412579744], [-115.24969084065398, 44.3247012375897], [-115.24961198664779, 44.324750785601346], [-115.24955686764658, 44.32480264861101], [-115.24951055464615, 44.32484961261946], [-115.24945046164031, 44.32488133262781], [-115.24938812863502, 44.32491844063686], [-115.24932088463169, 44.324971524647744], [-115.24924367162345, 44.32500807365809], [-115.24914023861754, 44.325085250674476], [-115.24906563961156, 44.32513171368547], [-115.24900880360833, 44.325174389694524], [-115.24895452860484, 44.325212617702896], [-115.2489043326025, 44.325253269711105], [-115.24884699659907, 44.3252952697201], [-115.2487878415959, 44.325340790729584], [-115.24875329659803, 44.325389106737035], [-115.24872443060207, 44.325442459744394], [-115.2487033946083, 44.32549932875131], [-115.24868413161751, 44.325571025759395], [-115.24865803262327, 44.325630854766985], [-115.24863333462795, 44.3256832317739], [-115.24863116663818, 44.325742026779224], [-115.24865678565342, 44.325799450781886], [-115.24870599866341, 44.32580229677755], [-115.24875427367225, 44.32580002677288], [-115.24882761868348, 44.32578392276465], [-115.24889554168158, 44.3257013867511], [-115.24895758768595, 44.32565935874166], [-115.24902442069211, 44.32562222573222], [-115.2490969156993, 44.32558495472223], [-115.24917285070916, 44.325558945712885], [-115.24926504072349, 44.3255400437027], [-115.24934645173558, 44.32552044869339], [-115.2495081127575, 44.32546988367398], [-115.24958790877017, 44.325455387665286], [-115.24968106678443, 44.32543508265484], [-115.24976628479607, 44.32540906464467], [-115.24987839081405, 44.32538926963251], [-115.24996999182856, 44.32537221262249], [-115.25005074784342, 44.32536859361468], [-115.25021728687628, 44.325373446599635], [-115.2502962318914, 44.325373228592305], [-115.25037684090877, 44.3253837685857], [-115.2504524999265, 44.32540137058023], [-115.25054527994624, 44.32541221457258], [-115.25062138796224, 44.3254201005662], [-115.2507088679828, 44.32544065155986], [-115.25079783600269, 44.32545631255298], [-115.25087513502035, 44.32547198754716], [-115.25095639103849, 44.325485976540854], [-115.25102457405728, 44.3255177165373], [-115.25109638807692, 44.32555006053342], [-115.25126416112262, 44.32562484052442], [-115.25135406714737, 44.32566658751968], [-115.25145850017616, 44.32571508251426], [-115.2516741472317, 44.325793612501094], [-115.25179440726275, 44.32583758249374], [-115.25190044928831, 44.32586628848644], [-115.25200026731247, 44.325894077479596], [-115.25214944634702, 44.325926896468566], [-115.2522473463687, 44.3259428184609], [-115.25232595738855, 44.32596923845589], [-115.25248374942194, 44.32598655444273], [-115.25255297443488, 44.32598460543616], [-115.25262233444704, 44.32597814342917], [-115.25271019046495, 44.325984001421446], [-115.25277451947996, 44.32599855841681], [-115.25285626149696, 44.326005795409806], [-115.2529353745149, 44.32602090140378], [-115.25304064553679, 44.32603045039486], [-115.25312685255508, 44.32604011038767], [-115.25320733257074, 44.326041258380336], [-115.25328535158621, 44.32604402937329], [-115.25337126260276, 44.326044263365354], [-115.25345234061852, 44.32604547235793], [-115.25353808763634, 44.326052824350626], [-115.25361682265263, 44.32605957534389], [-115.2536947216712, 44.32607931733834], [-115.25375210268902, 44.32611724933632], [-115.25380825770903, 44.32616817633558], [-115.25385920472749, 44.32621643333508], [-115.25392083474826, 44.32626605433369], [-115.25402688177888, 44.32632311232882], [-115.2541072488027, 44.32636947832542], [-115.25416470482124, 44.326410980323686], [-115.25423669284339, 44.32645721832111], [-115.25430943986106, 44.326477890316156], [-115.25440113088189, 44.3264958423092], [-115.25448252489963, 44.32650761830263], [-115.25457091691858, 44.32651840829539], [-115.25464713293384, 44.326521955288634], [-115.25472673694932, 44.326523171281316], [-115.25480598796695, 44.3265362932751], [-115.25490139999025, 44.32656395426863], [-115.25496110100188, 44.326564866263205], [-115.25505500702062, 44.3265690282548], [-115.2551478080391, 44.326572828246526], [-115.25524585406028, 44.326585890238555], [-115.25532103407669, 44.32659680223258], [-115.25540310609449, 44.32660809622593], [-115.25548089611154, 44.3266194752197], [-115.25553544112284, 44.32662451521503], [-115.25561510213859, 44.32662686220786], [-115.25570468215606, 44.32662838419965], [-115.25577222516873, 44.326626627193214], [-115.25586435718981, 44.326645775186364], [-115.25592473320138, 44.326645485180734], [-115.2559897832138, 44.326645172174686], [-115.25607351122979, 44.326644770166844], [-115.25614354023804, 44.32661574715779], [-115.25618833824186, 44.326589349151334], [-115.25626661225253, 44.32656496714193], [-115.25633396526369, 44.326555463134845], [-115.256439074282, 44.326545031124155], [-115.25655700830548, 44.32654961911358], [-115.25664179232236, 44.326552867106024], [-115.25669976833365, 44.326553839100725], [-115.25675828035232, 44.32659504209887], [-115.25682175637361, 44.32664566209743], [-115.25687908139292, 44.32669167509608], [-115.25695312241572, 44.32673944709341], [-115.25701375043577, 44.326786118091874], [-115.2570794084623, 44.32686324509251], [-115.25713469947885, 44.32689615209025], [-115.25717430749353, 44.32693540609], [-115.25723050751357, 44.32698664708925], [-115.25727675152962, 44.32702663108847], [-115.25732817454795, 44.32707339508778], [-115.25737603156615, 44.32712328908772], [-115.25742089558487, 44.3271791990884], [-115.25745031160118, 44.3272386490909], [-115.25750261561834, 44.32727799408949], [-115.25755196763656, 44.32732634508912], [-115.25762137566117, 44.32738909208817], [-115.25766697767568, 44.327421012086695], [-115.25773491169356, 44.32744799908276], [-115.25781960771742, 44.327489915078544], [-115.25787769173225, 44.32751036107494], [-115.25792066474685, 44.327545622074034], [-115.25792988276324, 44.327626666080285], [-115.25792990477323, 44.32768216408511], [-115.25793858178548, 44.32774086508946], [-115.25795801779923, 44.32779642709251], [-115.25801687182337, 44.32786747609323], [-115.25807896884709, 44.32793320909325], [-115.25812283386921, 44.328009107095795], [-115.2581520798882, 44.32808327809956], [-115.25819572391164, 44.3281666951028], [-115.25822551993431, 44.328260953108305], [-115.25826779795685, 44.328340585111334], [-115.25831327897535, 44.32839512311187], [-115.25834391399209, 44.3284552021143], [-115.25836545700616, 44.3285102771171], [-115.25838887502137, 44.32856954912011], [-115.25842570404167, 44.32864311012313], [-115.25846775205602, 44.32867788912223], [-115.25848545106653, 44.32871727712405], [-115.25847430806843, 44.32873967612703], [-115.25845854407595, 44.32879826313364], [-115.25844494308215, 44.32884693513914], [-115.25845194609482, 44.32890981014401], [-115.25848738211067, 44.32896006614513], [-115.25852329912675, 44.329011003146235], [-115.25851956613342, 44.32905181415016], [-115.25855457314451, 44.329076053149], [-115.2585747111528, 44.32910080214932], [-115.25854958715148, 44.329120094153346], [-115.25848301814472, 44.329153568162475], [-115.25843621213997, 44.32917692816887], [-115.25839974913804, 44.329204959174696], [-115.25839204014517, 44.32925298817958], [-115.25839885015405, 44.32929488918265], [-115.25839459716603, 44.329365832189225], [-115.25842877018945, 44.329459272194214], [-115.25851419622896, 44.329587363197504], [-115.25859564225917, 44.32966834919702], [-115.25868734329282, 44.32975701319624], [-115.25875211831924, 44.329834734197036], [-115.2588214413444, 44.32990048719635], [-115.25886178636175, 44.32995376319722], [-115.25888530338369, 44.33005050120353], [-115.25892897339956, 44.33009170420309], [-115.25896120441368, 44.33013582920394], [-115.25894997741962, 44.330180616208885], [-115.25890579942133, 44.33023729621795], [-115.25883924641818, 44.33029044522878], [-115.25878985541588, 44.33033031623687], [-115.2587719354214, 44.33038002124285], [-115.25875328543512, 44.330476091253026], [-115.25875736844614, 44.33053275625761], [-115.25879871547095, 44.33062641126195], [-115.25885896849337, 44.3306864512616], [-115.25892967552309, 44.3307763002629], [-115.25900795754649, 44.330822630259654], [-115.25909850057417, 44.33087968025623], [-115.25916367759827, 44.33094386625581], [-115.2592149906148, 44.33098075825425], [-115.25927717863094, 44.33100427525051], [-115.25936080864831, 44.33101156824339], [-115.25946570266791, 44.33100865323341], [-115.25963755470111, 44.33100976821751], [-115.25979050473092, 44.331012099203534], [-115.25990168475174, 44.33100928019298], [-115.25998397676423, 44.33099097418371], [-115.26004085877344, 44.33098130817753], [-115.26012854579243, 44.330993177170484], [-115.26022653081446, 44.3310112201629], [-115.26034689684492, 44.331052173155356], [-115.26043989287095, 44.331097222150646], [-115.26052517389132, 44.33111958514464], [-115.26062561091175, 44.331125629135876], [-115.26071811092784, 44.33111650512646], [-115.26078930394195, 44.33111909512007], [-115.260890947968, 44.331155248113774], [-115.26100070399724, 44.33120055210757], [-115.26108148501864, 44.33123337910291], [-115.26113088103367, 44.33126422210101], [-115.26115861304886, 44.33131881010323], [-115.26116482705912, 44.33136908910704], [-115.26113869706423, 44.3314253321144], [-115.26113669607604, 44.331493008120454], [-115.26118544209352, 44.3315379191199], [-115.2612418601115, 44.3315776961181], [-115.26129875613, 44.33161939511649], [-115.26136358615103, 44.331667055114636], [-115.26142100017022, 44.33171253511326], [-115.26148146818903, 44.3317522961111], [-115.26153228020299, 44.33177564910843], [-115.26159557821644, 44.3317828551032], [-115.26163432523035, 44.33181878110276], [-115.26170125725045, 44.331858885100026], [-115.2617583242695, 44.33190365009864], [-115.26181023028899, 44.33195675409847], [-115.26185728130748, 44.332009042098676], [-115.26189861432566, 44.332065785099765], [-115.26197298834506, 44.332094342095345], [-115.26204247736369, 44.33212367409145], [-115.26211990938428, 44.33215561908703], [-115.26221264440684, 44.33218193308076], [-115.26231366842882, 44.332196199072605], [-115.26243875445199, 44.332191392060594], [-115.26253121246836, 44.3321837720513], [-115.26260084347894, 44.33216828104347], [-115.26271046249622, 44.33214738003148], [-115.26282795451726, 44.33213931901985], [-115.26290790553165, 44.3321338340119], [-115.26299361554926, 44.33214022900451], [-115.26307111256475, 44.33214373599765], [-115.26315107758126, 44.33214997099076], [-115.26324024059878, 44.33215223798265], [-115.26332100061714, 44.33216798797656], [-115.26341221963698, 44.33218099596921], [-115.26349132765229, 44.33218182596191], [-115.2635753616676, 44.33217729595369], [-115.26367205468597, 44.332176290944616], [-115.2637645817062, 44.332189608937185], [-115.26384356172538, 44.33221224693186], [-115.2639323607447, 44.33222464192468], [-115.26403654676851, 44.33224578491683], [-115.26406360478124, 44.33228780991801], [-115.26402768778253, 44.332332916925296], [-115.26396982877914, 44.33237566893443], [-115.26390938677821, 44.33243493394517], [-115.26385362177523, 44.3324777189541], [-115.26385015178292, 44.332524307958515], [-115.26387775379894, 44.33258340696113], [-115.26394342682013, 44.33263104695918], [-115.26399841583593, 44.33266024395663], [-115.2640878138624, 44.33271183395282], [-115.26415415688223, 44.33275102695012], [-115.26422784990159, 44.332779985945756], [-115.26425578491836, 44.332843426948706], [-115.26429801093745, 44.33290425195009], [-115.26435998295497, 44.332935284947084], [-115.26443858197646, 44.33297108494288], [-115.26452842999521, 44.33297920893528], [-115.264618188011, 44.332971294926196], [-115.26470875602988, 44.33297954591852], [-115.26478818504646, 44.33298693091177], [-115.26486722806183, 44.332987980904555], [-115.26495126208039, 44.33300144489793], [-115.26502445209749, 44.33301864189261], [-115.2651138741158, 44.333024766884854], [-115.26519355713087, 44.33302359487736], [-115.26527580914494, 44.33301389886887], [-115.2653657301635, 44.333021282861104], [-115.26544517318007, 44.33302850885439], [-115.2655438301982, 44.33302398884482], [-115.26563644221618, 44.33302504383629], [-115.26573806923639, 44.33302911182722], [-115.26584089725826, 44.333041017818694], [-115.26595393228234, 44.33305410580934], [-115.26606175730515, 44.33306583080032], [-115.2661566273252, 44.33307614679246], [-115.26627381634839, 44.333080113781904], [-115.26635961836539, 44.33308301777417], [-115.26654190840094, 44.33308578475748], [-115.26675190244919, 44.3331299387418], [-115.26685451047257, 44.33315060373409], [-115.26694559849177, 44.3331599917264], [-115.26703009750786, 44.3331593567185], [-115.26712322552537, 44.3331573977097], [-115.26722083354481, 44.33316102870092], [-115.26730423056165, 44.333165804693614], [-115.26739255157887, 44.333167177685496], [-115.26747871059503, 44.33316520567732], [-115.26756900961284, 44.333167803669205], [-115.26765800062996, 44.33316813166095], [-115.26773807164652, 44.333174580654095], [-115.2678157126626, 44.3331809956474], [-115.26789201367772, 44.3331839326406], [-115.26797481169426, 44.33318739363315], [-115.26805621871046, 44.33319075662591], [-115.26814776372895, 44.33319565761783], [-115.2682429307498, 44.33321017161025], [-115.26832623876948, 44.33323063860429], [-115.2683905717863, 44.333255309600474], [-115.26844996880443, 44.33329280859823], [-115.26851968982531, 44.333334011595355], [-115.26858740684382, 44.33336465759172], [-115.26865214786095, 44.333390708588], [-115.26872748488185, 44.33342656258418], [-115.26881061090232, 44.33345146257858], [-115.2689021109274, 44.333493162573724], [-115.26895708194475, 44.33353086757192], [-115.26893429494646, 44.333564422576984], [-115.26893627296039, 44.333639681583364], [-115.26893677497026, 44.33369385458808], [-115.2689601049859, 44.333755895591295], [-115.26897338300022, 44.333820912595755], [-115.268977791011, 44.33387598460016], [-115.26899632202694, 44.33394478360449], [-115.2690020730451, 44.334039393612194], [-115.26903610106152, 44.33409407461379], [-115.26906589307738, 44.33415019561593], [-115.26909136209316, 44.33421076461888], [-115.2691148971047, 44.334249383620076], [-115.2691373131195, 44.334307840623076], [-115.26916422113476, 44.33436378562549], [-115.26919322814955, 44.334414786627235], [-115.26921406615918, 44.33444614262806], [-115.2692333301681, 44.33447514162881], [-115.26928022818646, 44.33452712362899], [-115.26933598120539, 44.33457247562775], [-115.26941088322504, 44.33460182162337], [-115.26948946824253, 44.334615188617235], [-115.26958405126236, 44.33462447760925], [-115.2696631342783, 44.33462867160226], [-115.26974306529476, 44.33463474459538], [-115.2698258043104, 44.334633381587544], [-115.26991461932717, 44.3346321045792], [-115.27008147335874, 44.33462940856344], [-115.27016362137313, 44.33462172655515], [-115.27024879538916, 44.334620139547106], [-115.27033264040573, 44.33462254053953], [-115.2704235774248, 44.334631777531854], [-115.27051049444302, 44.33464000752449], [-115.27060698746318, 44.33464919051636], [-115.27069845748146, 44.334653407508185], [-115.27078935649808, 44.33464892849936], [-115.27091497552507, 44.33466478448908], [-115.27100722554394, 44.33467107648104], [-115.2710919415627, 44.33468492247435], [-115.27113788457554, 44.33470739947208], [-115.27126457360414, 44.334731168462376], [-115.27136279062485, 44.33474168345414], [-115.27150822766079, 44.33478601244456], [-115.27158866568432, 44.334830862441], [-115.27166932470652, 44.334868193436755], [-115.27173895872568, 44.33490021243308], [-115.2718117627457, 44.334933789429265], [-115.27188140576449, 44.33496371542537], [-115.27195230278332, 44.33499271942131], [-115.27202326580102, 44.3350153854167], [-115.27209896582119, 44.33504638241238], [-115.27216415683904, 44.335076208408935], [-115.27224312086054, 44.33511146640465], [-115.27231785788022, 44.335141106400314], [-115.27242565090592, 44.33516851739273], [-115.27250042092429, 44.335191145387704], [-115.2725796239424, 44.33520734638176], [-115.27266721196251, 44.3352254163752], [-115.27276058998437, 44.335247350368455], [-115.27281845300216, 44.33528429336631], [-115.27287785002216, 44.33533183436495], [-115.2729163810375, 44.33537604936524], [-115.27298535305201, 44.335383110359416], [-115.27305633106745, 44.33539321235373], [-115.27313538208635, 44.335413966348185], [-115.27321630610702, 44.33544227234313], [-115.27327778212624, 44.33548348634104], [-115.27334866814732, 44.33552478633803], [-115.27341316216823, 44.335571984336156], [-115.27346953318768, 44.33562008433515], [-115.27349463720311, 44.33567874433791], [-115.27351036221796, 44.33574440034218], [-115.27352535923113, 44.335801486345815], [-115.27355124724787, 44.33586643534906], [-115.27357310226421, 44.33593383335291], [-115.27359456428042, 44.33600104935679], [-115.27361474129462, 44.33605833335995], [-115.2736306823088, 44.33611986436383], [-115.2736457083221, 44.33617780736748], [-115.2736770423378, 44.336231326369266], [-115.27370272735307, 44.33628847737189], [-115.27374114637067, 44.33634525037327], [-115.27378723538834, 44.336394053373276], [-115.27384770541059, 44.33645308137276], [-115.27395087143977, 44.33650521836773], [-115.27404003946745, 44.33656355436455], [-115.27406404448381, 44.336628661368024], [-115.27410427750195, 44.336686443369324], [-115.27414230351923, 44.33674206837066], [-115.27423515455241, 44.33682700136944], [-115.27430708558337, 44.336922147371105], [-115.27435843959918, 44.33695509036915], [-115.27445161463022, 44.33702792136687], [-115.27456222666142, 44.33708304936139], [-115.27465524268737, 44.337128088356735], [-115.274740494708, 44.337151944350865], [-115.27481789372389, 44.337157628344215], [-115.27491276173886, 44.337139501333766], [-115.2750162327541, 44.33711398232191], [-115.27512603277026, 44.33708705430937], [-115.2752237807878, 44.33708011729967], [-115.27538211781524, 44.3370637092835], [-115.27546341282915, 44.33705446127517], [-115.27555100284481, 44.33704791226642], [-115.27563409485909, 44.33703873425791], [-115.27571140087255, 44.33703118125009], [-115.27580124888816, 44.33702202824094], [-115.27588412490383, 44.3370209712331], [-115.27597746591891, 44.33700512322308], [-115.27604906293067, 44.336994167215416], [-115.2761275619417, 44.33697200920621], [-115.27620714695574, 44.336964957198205], [-115.27630207997514, 44.33697174218995], [-115.2763859109918, 44.336974752182414], [-115.27646780200828, 44.33697903117522], [-115.27654759302632, 44.336994015169076], [-115.27663721304515, 44.337003053161574], [-115.27672141006305, 44.33701292815459], [-115.2768430150865, 44.33701367314332], [-115.27693303110479, 44.337019173135474], [-115.27705862612846, 44.33701661512358], [-115.2771515301436, 44.33700177811362], [-115.27727103216736, 44.337006424102945], [-115.27734107418539, 44.33703199609863], [-115.27743719620786, 44.33705423409168], [-115.27749971622072, 44.337058996086284], [-115.27757710723806, 44.33707289408027], [-115.27765876525528, 44.33708140807344], [-115.27772696927003, 44.33709061206794], [-115.27781942928988, 44.33710212706033], [-115.27789895130707, 44.33711303605386], [-115.27797669432314, 44.33711927704723], [-115.2780583213417, 44.33713542604103], [-115.27814072736246, 44.33716294403578], [-115.2782042613804, 44.337194453032645], [-115.27826569839876, 44.3372309940301], [-115.27832360541949, 44.33728426202937], [-115.27837140343615, 44.33732606302858], [-115.27843426845546, 44.33736596302621], [-115.27849727947527, 44.33740881202411], [-115.2785734464947, 44.33743549101935], [-115.27865467251246, 44.33744754501285], [-115.27874116153176, 44.33746244200609], [-115.27882632054866, 44.337465692998464], [-115.278917391567, 44.33747055699044], [-115.27900269258294, 44.3374680889823], [-115.27908416959808, 44.33746521497445], [-115.27917345761634, 44.33747148996673], [-115.27925977163592, 44.33748828296017], [-115.27934074065507, 44.3375083639544], [-115.27941923167471, 44.33753365494929], [-115.27949028669158, 44.33755163794428], [-115.2795816547107, 44.337560234936504], [-115.27967832173127, 44.33757171192857], [-115.27972627774025, 44.337570373924], [-115.27979055375224, 44.33756858191782], [-115.27985869176189, 44.337549631909866], [-115.27996018878605, 44.33757550390267], [-115.28004107580418, 44.337589837896424], [-115.28011128082129, 44.337609872891626], [-115.2801879898386, 44.33762437088575], [-115.28026237285604, 44.33764182788037], [-115.28036337687506, 44.33763998487081], [-115.28050381690214, 44.33764059585783], [-115.28060208392262, 44.33764959784949], [-115.28065032994141, 44.33770236584961], [-115.28066575395587, 44.33776640885378], [-115.28073515398081, 44.33783064585293], [-115.28079242100064, 44.3378796548519], [-115.2808493360226, 44.33794069485194], [-115.28089367804205, 44.33800154585313], [-115.28092798205692, 44.3380471998539], [-115.28099643107454, 44.33807230284976], [-115.28108605209499, 44.33809020284299], [-115.281175572111, 44.338083858834125], [-115.28123522812157, 44.3380789068281], [-115.28130402713715, 44.33809197882286], [-115.28138570715332, 44.33809471281552], [-115.28146773816735, 44.338085415807065], [-115.2815659171823, 44.33806383279609], [-115.28166500919684, 44.338039078784725], [-115.28171653020169, 44.33801131377747], [-115.28179650820982, 44.33797111276653], [-115.28185869621397, 44.337928005756986], [-115.28194124622327, 44.33789171174615], [-115.28202857823393, 44.33785811373508], [-115.28211961824127, 44.337801830721716], [-115.28220034525017, 44.33776543071103], [-115.28227636625789, 44.337727333700606], [-115.28235129626664, 44.33769634069094], [-115.28242999527603, 44.33766446068085], [-115.28250282027858, 44.33760146766855], [-115.28256543428412, 44.33756565765961], [-115.28262935129004, 44.337530193650565], [-115.28268960329443, 44.337490633641515], [-115.28274443829577, 44.33743959763195], [-115.28279038429321, 44.337376696622215], [-115.2828526792954, 44.3373223636117], [-115.28294838030529, 44.337275655598695], [-115.2831052873244, 44.33721482357882], [-115.2831716073289, 44.337169178568665], [-115.28325032433689, 44.337129737557895], [-115.28336226135326, 44.33710132854497], [-115.28347888737837, 44.33711657753546], [-115.28358157039672, 44.337109129525295], [-115.28365615140719, 44.337087691516466], [-115.2837150434173, 44.337081054510456], [-115.2837882094326, 44.33708817250427], [-115.28386001644785, 44.33709628649826], [-115.2839008594549, 44.33709190949409], [-115.28393855846136, 44.33708786449022], [-115.28401665347471, 44.33707889248219], [-115.28409063848699, 44.33706803547434], [-115.28417176550516, 44.33708264146812], [-115.28422081251989, 44.337112054466125], [-115.28426583853847, 44.33716705646674], [-115.28430580455466, 44.337214354467136], [-115.28435736157343, 44.33726357346665], [-115.28442514059046, 44.337285964462325], [-115.28450229061337, 44.337330607459], [-115.28456210763096, 44.33736467545648], [-115.28462577364951, 44.33739979645361], [-115.28469570067135, 44.337446416451165], [-115.28477401669035, 44.33746831944581], [-115.28483771870874, 44.33750259544288], [-115.28487780272495, 44.337549897443274], [-115.28491444474054, 44.337597446444], [-115.28489558574583, 44.33764645745009], [-115.28490020675703, 44.33770370045461], [-115.28494271977452, 44.33775549545523], [-115.28495764178885, 44.337818911459394], [-115.28495807079923, 44.33787609246432], [-115.28497081081368, 44.337942484468954], [-115.28495639582225, 44.33800546147576], [-115.28493629182871, 44.33806255948262], [-115.28490880983435, 44.338123141490485], [-115.28486076383784, 44.338193601501125], [-115.28483535384359, 44.338252298508586], [-115.28479715584534, 44.338302412516505], [-115.2847635938476, 44.338350556523835], [-115.2847737778606, 44.33841198952828], [-115.28477104287099, 44.338472473533784], [-115.28480330489707, 44.3385824245404], [-115.28486978192652, 44.33867520254234], [-115.28496376395975, 44.33875936554095], [-115.28501936798959, 44.33886552154506], [-115.28505716600944, 44.33893529954761], [-115.28509819003585, 44.33903822755283], [-115.28515619806427, 44.33913388655575], [-115.2852476031, 44.33923456155603], [-115.28533927113409, 44.33932621355555], [-115.28542945816416, 44.33939677755333], [-115.28550563418737, 44.339444563550416], [-115.28556735920642, 44.339484608548155], [-115.28562773622063, 44.33949905654381], [-115.2857026502385, 44.33951823653855], [-115.28577271425404, 44.339529777533045], [-115.28584581326965, 44.33953875352704], [-115.28592434928554, 44.33954340052011], [-115.28600419230288, 44.33955449351366], [-115.28608910132125, 44.33956594950674], [-115.28616098033909, 44.339588441502066], [-115.28623334335805, 44.33961664349782], [-115.28629407837613, 44.339652043495256], [-115.28635892539674, 44.33969743849316], [-115.28639725541476, 44.33975638849473], [-115.28642650643086, 44.33981458949709], [-115.28645617445547, 44.339919231503515], [-115.28648362947244, 44.33998434050664], [-115.28649633348674, 44.340049987511186], [-115.2864943764985, 44.34011716851727], [-115.2864779775064, 44.34017834652408], [-115.28650962152425, 44.34024351852683], [-115.28652821054249, 44.34032504453226], [-115.28653672756117, 44.34041925653967], [-115.28652011257816, 44.34053105055098], [-115.28654991860704, 44.34065938655941], [-115.28655620162286, 44.34074032456589], [-115.2865486386322, 44.34080012457185], [-115.28655256064312, 44.340856525576406], [-115.28656405965705, 44.340921426580984], [-115.28658093167155, 44.340983727584856], [-115.28658730268391, 44.34104562858966], [-115.2865926766947, 44.34109951759388], [-115.28659648370613, 44.34115882959874], [-115.28659020071588, 44.341219694604604], [-115.28662797473253, 44.34127162760562], [-115.28664716074162, 44.34130168060645], [-115.2866292067447, 44.34133776061131], [-115.28660840674821, 44.34137956361688], [-115.28658455675404, 44.34143698962412], [-115.28656849876124, 44.34149376963061], [-115.2865530337687, 44.34155152863705], [-115.28654363877878, 44.341617372643675], [-115.28653060178796, 44.34168221065056], [-115.28650438079568, 44.34175267965913], [-115.28649098880503, 44.34181853266615], [-115.28647621981382, 44.34188314967314], [-115.28644767081897, 44.34194220368096], [-115.28642701282514, 44.34199812568776], [-115.28641852483494, 44.34206144669411], [-115.28639496284255, 44.342128752702195], [-115.28635862584683, 44.342191006711005], [-115.28631752584998, 44.342251875720116], [-115.28625033084695, 44.34230691873117], [-115.2861837528422, 44.34235113874122], [-115.28613008284154, 44.34240441575086], [-115.28607248183553, 44.342432310758674], [-115.28600023182877, 44.34247167776881], [-115.2859373848233, 44.342508029777846], [-115.28587437881731, 44.34254203478665], [-115.28579262980708, 44.34257214579688], [-115.28570435379596, 44.342604660807964], [-115.28563444978936, 44.342642200817735], [-115.28557022178478, 44.34268506082746], [-115.28550973678023, 44.34272412583646], [-115.28544675077504, 44.342762196845634], [-115.28537307776685, 44.342795342855396], [-115.2852944847607, 44.34284454386697], [-115.28521655975166, 44.34287739687714], [-115.28515349974661, 44.34291654488641], [-115.28508895174345, 44.34296767889687], [-115.28504403774359, 44.3430161769053], [-115.28500201574465, 44.34306672091358], [-115.28495777874578, 44.343119873922355], [-115.28491626274737, 44.34317272993085], [-115.28487187474624, 44.343213808938536], [-115.28481675974562, 44.34326871494846], [-115.28478189574969, 44.343328459956915], [-115.28474466675362, 44.343389751965724], [-115.28471306775712, 44.343442764973304], [-115.28468969576338, 44.343502365980704], [-115.28466244876829, 44.343558244988124], [-115.28462778577253, 44.343618636996595], [-115.28460810177977, 44.34367963500373], [-115.28458970778658, 44.34373683701048], [-115.28456157879202, 44.34379675301834], [-115.28453252679674, 44.343853767026005], [-115.28449476579998, 44.34391222703462], [-115.28445075280266, 44.34397361504407], [-115.28440845180351, 44.34402331805235], [-115.28435984180294, 44.34407162106106], [-115.28430321280129, 44.344123032070826], [-115.28423344179278, 44.344149801079645], [-115.28415765778173, 44.3441694530884], [-115.28407974377087, 44.34419180009762], [-115.28401031776355, 44.344224857106965], [-115.28395543276073, 44.34426807111585], [-115.28388531075711, 44.34432214112707], [-115.28382928675573, 44.34437395913683], [-115.28378816375856, 44.34443349014584], [-115.28376867976435, 44.3444863781523], [-115.2837444307691, 44.34453836015904], [-115.28371044277226, 44.3445922391669], [-115.28366768177375, 44.344645666175566], [-115.28362052477398, 44.34469706918443], [-115.28358601177766, 44.3447540021926], [-115.2835511607806, 44.34480742520055], [-115.28352399078621, 44.344867305208304], [-115.28348747478887, 44.34492089421637], [-115.2834538557926, 44.3449772492244], [-115.28342098879564, 44.34502917323198], [-115.28336978079565, 44.345083639241544], [-115.2833144147943, 44.34513476125115], [-115.28326132879414, 44.34519053526094], [-115.28321776879534, 44.3452433622696], [-115.28316660679452, 44.34529315027871], [-115.28309238380193, 44.34541307729611], [-115.28303347080492, 44.34549193430848], [-115.2829812818111, 44.34558190132113], [-115.28293066781154, 44.345637837330756], [-115.28287427681217, 44.345701680341605], [-115.28283082581278, 44.34575087334993], [-115.28278314081071, 44.34579025235779], [-115.28272205980767, 44.34583848936765], [-115.28265801680396, 44.34588604637781], [-115.28260402580287, 44.345937121387244], [-115.28252488279774, 44.345992670399475], [-115.28247528779401, 44.34602484440693], [-115.2824345327936, 44.34606577241427], [-115.28239687179573, 44.346117768422324], [-115.28235486179702, 44.34616959243073], [-115.28231232479902, 44.346225895439616], [-115.28225881079715, 44.34627241744864], [-115.28220832779463, 44.34631212045684], [-115.28215896979395, 44.34636048146563], [-115.28211374879439, 44.34641125347427], [-115.2820742667957, 44.3464602924822], [-115.28203578579694, 44.34650803748997], [-115.28201043780263, 44.346566515497415], [-115.281982866806, 44.34661435950421], [-115.28191940280298, 44.3466652985145], [-115.28188228580485, 44.346715117522336], [-115.28186388781147, 44.34677128852892], [-115.28186019482074, 44.34682649953411], [-115.28185377483035, 44.34688642353992], [-115.28185067384335, 44.346961670546825], [-115.28183736785063, 44.34701626555281], [-115.28182798185856, 44.34707008355835], [-115.28182005686712, 44.34712575556398], [-115.28177657386786, 44.34717621057244], [-115.28175477687292, 44.34722721357894], [-115.28167481986814, 44.347286018591504], [-115.28163223587255, 44.347355371601516], [-115.28156825687137, 44.347416817612796], [-115.28147419386445, 44.34747859362693], [-115.28138152486216, 44.347564464643064], [-115.28131269885967, 44.3476236126546], [-115.28127753986284, 44.34767875266272], [-115.28122356086214, 44.34773210467242], [-115.28117132686393, 44.34779751968298], [-115.28109835486033, 44.34785509969477], [-115.28105009186424, 44.347928097705655], [-115.2809829758621, 44.34798766571709], [-115.28093929386328, 44.34804039472575], [-115.28089721686605, 44.34810061373495], [-115.28086366586938, 44.348154842742815], [-115.28083561287357, 44.348207682749994], [-115.28081170887926, 44.34826454375719], [-115.28078588289135, 44.34835894276782], [-115.280780174897, 44.34839627477163], [-115.28077168490617, 44.348455958777656], [-115.28074265391196, 44.348518787785835], [-115.28072978192093, 44.34858229979257], [-115.2807286129315, 44.34864183779785], [-115.28071873694115, 44.348706083804394], [-115.2807093929511, 44.348770860810895], [-115.28070006095928, 44.3488260998166], [-115.28068137596611, 44.34888397882339], [-115.28064428597014, 44.348945583832254], [-115.2806310369767, 44.34899597283786], [-115.28061611398375, 44.34905079584405], [-115.28060791299261, 44.349108588849866], [-115.2805984150001, 44.34916015885524], [-115.28060095701021, 44.34921335885967], [-115.28060721202199, 44.34927198386422], [-115.28062062403477, 44.349328446867865], [-115.28062710504699, 44.34938912487257], [-115.28063191206166, 44.34946549787881], [-115.28065312007725, 44.349529008882385], [-115.28068427909798, 44.34961072588664], [-115.28069821810976, 44.34966112488971], [-115.28070423112112, 44.349717560894106], [-115.28071225313347, 44.3497775628986], [-115.2807142531453, 44.34984094790391], [-115.28070562215353, 44.34989583790952], [-115.28070762716429, 44.34995324191434], [-115.28069437217228, 44.350011457920694], [-115.28069682318323, 44.35006957192549], [-115.28068560819098, 44.35012409193134], [-115.28068803620336, 44.35019001893686], [-115.280681653214, 44.35025579894319], [-115.28067731322365, 44.35031379294864], [-115.28067265923325, 44.35037185795416], [-115.28065650024038, 44.350428870960634], [-115.28064723825094, 44.35049700496746], [-115.2806205052564, 44.350555457975055], [-115.28058070725825, 44.35060786098331], [-115.28054308126171, 44.35066742899199], [-115.2804781242568, 44.35070897200167], [-115.2804220322687, 44.35083451101786], [-115.28039690827659, 44.35090484802634], [-115.2803577762787, 44.35095833003468], [-115.28030867827873, 44.35101047504376], [-115.28025172927768, 44.35106515605383], [-115.28020856728021, 44.351125039063085], [-115.28016945028368, 44.35118581907204], [-115.2801381502869, 44.35123693007942], [-115.28009263528706, 44.351286263087935], [-115.28004412428717, 44.351338386097], [-115.27999703828723, 44.35138855010579], [-115.27993167928607, 44.351451288117325], [-115.27988453728477, 44.351494470125495], [-115.27980255628643, 44.35159064014153], [-115.27974495928723, 44.35165640015261], [-115.27969952828727, 44.35170480016104], [-115.27964851128807, 44.35176337317095], [-115.27957303328554, 44.351829789183746], [-115.27952961828636, 44.351880291192224], [-115.2795030572899, 44.351928037198796], [-115.279472140293, 44.35197800020608], [-115.2794041422879, 44.3520220472162], [-115.27934211728468, 44.352070070226205], [-115.27929341028593, 44.35212884523588], [-115.27924951428572, 44.35217415624392], [-115.27920294828581, 44.35222424325261], [-115.27914529428253, 44.35226735526175], [-115.27909264828023, 44.352310591270374], [-115.27903943427843, 44.35235715527939], [-115.27899054427726, 44.352402467287895], [-115.27893197227345, 44.35244348229694], [-115.27886797526939, 44.352489289306895], [-115.27882266726915, 44.35253594031517], [-115.27875218826337, 44.352578735325466], [-115.27870063026015, 44.352615665333516], [-115.27864821826047, 44.35267318534339], [-115.27861320026217, 44.3527197353507], [-115.278559780263, 44.352781247361044], [-115.27851851126388, 44.35282977536915], [-115.27847740626753, 44.35289388437856], [-115.27845407127302, 44.352948880385554], [-115.27840340127524, 44.353015035396], [-115.27836600227889, 44.353074933404734], [-115.27832252728018, 44.353128262413456], [-115.2782711782796, 44.35317933242268], [-115.27822812427966, 44.3532254794307], [-115.27819525528133, 44.35326974443765], [-115.27816590128785, 44.35333722944626], [-115.27812658729, 44.353390801454616], [-115.27807498728929, 44.353441674463824], [-115.2780230502877, 44.35348793347267], [-115.27800087629106, 44.35353033647844], [-115.2779215852846, 44.353578593490035], [-115.27785652028719, 44.3536620665034], [-115.27778916428876, 44.35374229751663], [-115.27774111229137, 44.35380777352685], [-115.2776751922973, 44.35391059654193], [-115.27760207529448, 44.35397268555419], [-115.27752454629216, 44.35404223056745], [-115.27746453528863, 44.35408646257689], [-115.27740247228446, 44.35412915858643], [-115.2773233002779, 44.35417702559794], [-115.27725062926928, 44.354206515607316], [-115.27719298526472, 44.35424239061578], [-115.27709793125483, 44.35428856362865], [-115.2770376992526, 44.35434031463877], [-115.27701471126062, 44.35440917864693], [-115.27694713226349, 44.354496928660865], [-115.27688899626168, 44.3545487116708], [-115.27683487426177, 44.35460657368088], [-115.27679335226284, 44.35465675868913], [-115.27666771025102, 44.35472479570677], [-115.27659979824566, 44.35476702571675], [-115.27654099624104, 44.35480404972546], [-115.27648043023778, 44.35485019273513], [-115.27641415723097, 44.35488309374417], [-115.27634551622532, 44.35492457675419], [-115.276278583218, 44.35495533776311], [-115.27621043421172, 44.354992811772725], [-115.27614807920682, 44.35503202378194], [-115.27607554820008, 44.355071613792106], [-115.2760273891981, 44.35511195980011], [-115.27597139019646, 44.35516226980973], [-115.27591369319202, 44.3551990128183], [-115.27587220518998, 44.35523188482505], [-115.27582298418353, 44.35524833883106], [-115.27578504117857, 44.35526102483569], [-115.27566625416644, 44.355320185851916], [-115.27559657615946, 44.35535560486147], [-115.27553552715572, 44.35539979787102], [-115.27547912115482, 44.35545475288105], [-115.27540921614978, 44.355500882891576], [-115.27534977614754, 44.355551882901594], [-115.27528946414513, 44.35560275491162], [-115.27521868413902, 44.35564404092182], [-115.27515192913314, 44.355682300931356], [-115.27508679312615, 44.35571264894007], [-115.27501760512024, 44.35575381995012], [-115.27494587911329, 44.35579132596006], [-115.27486696010585, 44.35583393797109], [-115.27480501810517, 44.35589593398226], [-115.27475483210605, 44.35595413199205], [-115.2747009181033, 44.355996028000696], [-115.27465196110232, 44.35604303600939], [-115.27461550610488, 44.356095750017374], [-115.27457342810482, 44.356139923025125], [-115.27453330310637, 44.35619117903335], [-115.27450072111066, 44.356249587041454], [-115.27444596610938, 44.35630087105108], [-115.27439996911019, 44.35635398105993], [-115.27434530410937, 44.356407460069725], [-115.27429998511059, 44.35646252207875], [-115.27426036411235, 44.35651427508693], [-115.27420607711092, 44.356564153096365], [-115.27414740210665, 44.35660280910515], [-115.27404867710173, 44.35668023512112], [-115.27397762609812, 44.356735957132614], [-115.27391788809356, 44.35677410514148], [-115.27385995508637, 44.356795937148796], [-115.27376542808213, 44.356872746164306], [-115.27363762706975, 44.35694002418203], [-115.27359487507073, 44.35699064419045], [-115.2735089870624, 44.35703587720237], [-115.27343420905643, 44.35708222621337], [-115.27337112504995, 44.35711346422199], [-115.2733151350463, 44.35715284923062], [-115.27324402204007, 44.357193913240835], [-115.27317358703162, 44.35722192524987], [-115.27311661302805, 44.35726248425867], [-115.2730148660247, 44.357352189275936], [-115.27292555901762, 44.35740771128913], [-115.27286567201325, 44.35744742929816], [-115.2727743000031, 44.35748817631022], [-115.27270839099597, 44.35751877431905], [-115.27265256399329, 44.35756306732809], [-115.27258188699246, 44.357633513340794], [-115.27248445998524, 44.35769714135546], [-115.27242810898927, 44.357779339367845], [-115.2723773589821, 44.35779361737383], [-115.27226673796703, 44.357827663387106], [-115.27220048195989, 44.357858581395966], [-115.27214212495801, 44.35791023740588], [-115.27209165595808, 44.35796416741532], [-115.27204039095679, 44.358011519424196], [-115.27198895695459, 44.358053895432676], [-115.27193198895318, 44.35810660244258], [-115.27187752594985, 44.35814612845108], [-115.27181127294433, 44.35818587846076], [-115.2717603099428, 44.358231500469444], [-115.27170324493942, 44.35827356747846], [-115.2716462439374, 44.358322683488005], [-115.27158746393522, 44.35837302749792], [-115.27155914393965, 44.35842776650534], [-115.27150334593715, 44.35847314751445], [-115.27144970293551, 44.35852104452362], [-115.27140202493698, 44.35857970953321], [-115.2712961779321, 44.3586651545505], [-115.271226885932, 44.35873826356335], [-115.27115615693192, 44.35881288957646], [-115.27106505793529, 44.358928369594985], [-115.27101356193403, 44.35897584260393], [-115.27093924393488, 44.3590597666182], [-115.27085947093482, 44.35914401163296], [-115.27080721493475, 44.35919919764263], [-115.27075054694461, 44.359314027657916], [-115.27069878394516, 44.359372098667805], [-115.27061011994505, 44.35946532768422], [-115.27050117294444, 44.35957762870415], [-115.2703545809529, 44.35978033773549], [-115.27026190796448, 44.359942882758276], [-115.27023219998135, 44.36006765577197], [-115.27022674000096, 44.360181919782455], [-115.27024250102204, 44.360281881789696], [-115.27025415103759, 44.360355778795046], [-115.27035530908351, 44.360502338798455], [-115.27043889412603, 44.36064863380343], [-115.27053089917241, 44.36080766680882], [-115.27062432921947, 44.36096878681417], [-115.27067376225142, 44.36109297582041], [-115.27071085627543, 44.3611864358251], [-115.27078504332346, 44.361373354834555], [-115.27083381334708, 44.361452444836914], [-115.27088126837015, 44.36152939883923], [-115.27089745238547, 44.361597155843654], [-115.27091212039942, 44.36165856684762], [-115.27094844542127, 44.361741056851464], [-115.27095715243192, 44.361790505854934], [-115.27098312945084, 44.36186754885927], [-115.2709687754681, 44.361978561870295], [-115.27098457748703, 44.3620662648765], [-115.27100848150205, 44.36212412787931], [-115.2710233055169, 44.36219055288373], [-115.2710466035329, 44.36225409788711], [-115.27107703054509, 44.36228916388735], [-115.27113765856056, 44.362310512883575], [-115.27117017157055, 44.36233119788234], [-115.27114421357028, 44.36235716588701], [-115.2710889185645, 44.362384131894515], [-115.27103723356292, 44.362429990903344], [-115.27102096756948, 44.36248390990956], [-115.27102517558309, 44.362554687915335], [-115.27102711259738, 44.36263144992186], [-115.27104795961502, 44.362706994926526], [-115.27105854762932, 44.36277486093146], [-115.2710880016473, 44.36284301293465], [-115.27111348466315, 44.36290358193759], [-115.27112197567702, 44.36297141594273], [-115.27113902869151, 44.363033361946556], [-115.27114098969896, 44.36307238294975], [-115.27109367769084, 44.363077811954625], [-115.2710378736769, 44.36305991295824], [-115.27098712766423, 44.3630436379616], [-115.27092444764538, 44.363006268964135], [-115.27087765962827, 44.36296111496458], [-115.27083272361132, 44.362915084964726], [-115.27079075259498, 44.36286938496466], [-115.2707218255737, 44.36282479796717], [-115.27064837055296, 44.36278805597078], [-115.27058312353356, 44.36275001097354], [-115.27052811851445, 44.36270253197452], [-115.27048560349576, 44.36264446397337], [-115.2704383924805, 44.36261049797479], [-115.27039629846624, 44.3625760929757], [-115.27036077845271, 44.36253882697575], [-115.27032134143687, 44.362493009975424], [-115.27024147740414, 44.36239690997446], [-115.27021205238941, 44.36234681197285], [-115.27018601437466, 44.36229278797055], [-115.27013828335815, 44.36225204697141], [-115.2701127873467, 44.36221592997066], [-115.27006765132973, 44.362169988970834], [-115.27003083831633, 44.362134898971206], [-115.27000089230546, 44.362106458971525], [-115.26995537030166, 44.362133754978125], [-115.2699193063101, 44.36221896898889], [-115.26991272332354, 44.36230011599659], [-115.26990430933493, 44.36237220900369], [-115.26989131234221, 44.36242624100961], [-115.26984220234382, 44.36248712001949], [-115.26978467133829, 44.362517844027565], [-115.26973190833021, 44.362529081033436], [-115.26969554631468, 44.36248188803268], [-115.26962948229556, 44.362446282035755], [-115.26955377726941, 44.362381943037164], [-115.26951710625572, 44.3623452780374], [-115.26948043524207, 44.36230861103758], [-115.26939932122164, 44.362281667042765], [-115.26932123119748, 44.36223097004558], [-115.26922198016976, 44.36218282405065], [-115.26910198614185, 44.36215589805941], [-115.26902268111894, 44.36211360206316], [-115.26893503509942, 44.36209873206999], [-115.2689027040986, 44.36212833307558], [-115.26890953810619, 44.36216285907798], [-115.26891913511673, 44.362211334081294], [-115.268968376135, 44.36226018408097], [-115.26898459215232, 44.36233871108635], [-115.26896922416648, 44.36243326609601], [-115.26902290219485, 44.362533381099766], [-115.269073139218, 44.362607867101616], [-115.2690830152365, 44.36269979610873], [-115.26907719825822, 44.362826091120276], [-115.2690704812724, 44.3629117511284], [-115.2690742892884, 44.362996064135416], [-115.26903385229713, 44.36308723014714], [-115.26897437130322, 44.36318412616112], [-115.26889748529692, 44.363231107172346], [-115.26884165029422, 44.36327539818141], [-115.26880807730073, 44.36334710819078], [-115.26878841531791, 44.36346315220278], [-115.26874766533197, 44.36358395121712], [-115.26872945933835, 44.363638463223545], [-115.2687243163485, 44.36370031722945], [-115.26873202836673, 44.36379281323679], [-115.26874069638579, 44.36388892424438], [-115.2687447243942, 44.36393142624774], [-115.26873875840393, 44.36399151925355], [-115.26872284340845, 44.364033405258645], [-115.26869542441193, 44.36408160326542], [-115.26863148440582, 44.364115966274376], [-115.26857429239548, 44.36411937327999], [-115.26852687238491, 44.36411117528371], [-115.26848871437495, 44.364096676285946], [-115.26830370633279, 44.364060008300015], [-115.2681482972974, 44.36402920731175], [-115.26795742424797, 44.363958606323344], [-115.26785541122393, 44.36393409633068], [-115.26767797018458, 44.36390471534463], [-115.26750664214772, 44.363882558358654], [-115.26733261710541, 44.363833418370575], [-115.26715200706268, 44.36378881338345], [-115.26698455302305, 44.36374745639543], [-115.26683220298699, 44.363709829406325], [-115.2666554939407, 44.363641638416794], [-115.26654810291261, 44.36360019642316], [-115.26635630086874, 44.36356117543758], [-115.26616008482536, 44.36352960945313], [-115.26599228679322, 44.363530070468784], [-115.26585103077063, 44.36355500748408], [-115.26573274475304, 44.36358330349755], [-115.265654182745, 44.363622349508304], [-115.26558587573803, 44.36365630051759], [-115.26555551973811, 44.36368913652329], [-115.2655926197494, 44.36371207252184], [-115.26573232278126, 44.36373977251123], [-115.26582211180087, 44.36375317150408], [-115.26591953282667, 44.363792265498404], [-115.2659959008489, 44.36383404949496], [-115.2660409568642, 44.36387084249399], [-115.26609804887924, 44.36389341149064], [-115.2661971159114, 44.363966068487805], [-115.26634032196682, 44.36412071448798], [-115.26654396304424, 44.36433250448751], [-115.26690964718654, 44.36473144148832], [-115.2671045572711, 44.364992197492946], [-115.26744854744513, 44.36558915751306], [-115.26753094955616, 44.36611594755137], [-115.26749088461062, 44.36645980258516], [-115.26737722366214, 44.36686528163113], [-115.26737311670838, 44.36712545365419], [-115.26732051972601, 44.36727856267251], [-115.26722478072884, 44.367395975691664], [-115.26716291875591, 44.367611328716215], [-115.26713502276033, 44.367665432723555], [-115.26700699775213, 44.36775591974333], [-115.26691110476004, 44.36790163976501], [-115.26685330076484, 44.36798947677803], [-115.26676990878121, 44.36816843580139], [-115.26671072878543, 44.368254802814484], [-115.26666205278376, 44.36829696482269], [-115.26661171478194, 44.36834056583115], [-115.26652662676854, 44.368356692840514], [-115.26638350275537, 44.36843590386071], [-115.26626645574679, 44.36851264387829], [-115.26613863673741, 44.36859644589751], [-115.26603424973756, 44.36870822591698], [-115.26596524273769, 44.368782121929854], [-115.26584575774727, 44.368962002956685], [-115.26581084875446, 44.36903856296663], [-115.26579497375866, 44.369078945971644], [-115.26575500575167, 44.36908285297571], [-115.26574849774362, 44.36904484297296], [-115.26574277273646, 44.36901140497058], [-115.26568652570042, 44.368872025963626], [-115.2656445486736, 44.36876800995848], [-115.26558890161951, 44.36852815094268], [-115.26558361759945, 44.368422750933995], [-115.26553438856654, 44.368293178927274], [-115.26549638451515, 44.36804941990952], [-115.26546257649146, 44.36795420390437], [-115.26542830546744, 44.36785768289914], [-115.26537620342063, 44.36765444988622], [-115.26528853435883, 44.367405692872644], [-115.2652271503239, 44.36727746286718], [-115.26516011928568, 44.367137431861195], [-115.26506419423815, 44.36697648985609], [-115.26498152420196, 44.36686389585391], [-115.26488895717021, 44.3667868098558], [-115.26478352414325, 44.36674957586233], [-115.26473958513124, 44.36672991986476], [-115.26466636511908, 44.366740244872425], [-115.26462716312042, 44.366789300880356], [-115.26451584010783, 44.36683792389498], [-115.26436105909337, 44.36692217291673], [-115.26432620310392, 44.367017636928345], [-115.26430086511643, 44.36711384293906], [-115.26423262211026, 44.367151924948736], [-115.26418131710531, 44.36717913895588], [-115.26415256210987, 44.36723496296345], [-115.26410042511085, 44.3672958579736], [-115.26407364512147, 44.36738288298373], [-115.264078360137, 44.36746386799031], [-115.26406447514606, 44.3675286179973], [-115.26402586314936, 44.36758782600603], [-115.26399167015227, 44.367640257013825], [-115.26389701114532, 44.36770226402805], [-115.26383712714502, 44.36776435803902], [-115.2637785591448, 44.36782508704975], [-115.26371599713721, 44.36784991505773], [-115.26358676813926, 44.367998206082724], [-115.26354926214337, 44.36806082809172], [-115.26349337314092, 44.36810662010091], [-115.26342541813179, 44.36812824710908], [-115.26331978611859, 44.36816738712233], [-115.26323238810916, 44.36820797113405], [-115.26315664410643, 44.36827341014678], [-115.26308096210822, 44.36836364816174], [-115.26297355810898, 44.36848184818203], [-115.2626239040848, 44.368719388235306], [-115.26236264907406, 44.368937452278686], [-115.26223842705788, 44.36897973929391], [-115.2621088920427, 44.369033437310655], [-115.26197064802497, 44.36908217832777], [-115.26190756902122, 44.36912857833766], [-115.26183532602124, 44.369205308351134], [-115.26170455500926, 44.369277914369654], [-115.26160543301121, 44.36939381938896], [-115.26148215001359, 44.36953797441302], [-115.26133214500838, 44.369668469438366], [-115.26122004900448, 44.369765985457306], [-115.26113484600158, 44.36984010547172], [-115.26101458198607, 44.3698824304866], [-115.26092934398733, 44.369979910503055], [-115.26086542098119, 44.37001354151195], [-115.26077495696543, 44.370022696521154], [-115.2606688219479, 44.3700380775324], [-115.2605684349312, 44.37005262554298], [-115.26044494691915, 44.37011697056007], [-115.26032058390297, 44.37015963957543], [-115.26020061689115, 44.37022157159199], [-115.2600752948925, 44.37036227461593], [-115.26001205490383, 44.37049197163312], [-115.25995497991401, 44.37060902564865], [-115.25993188391794, 44.37065531265486], [-115.2599349559292, 44.37071401165967], [-115.25993858094238, 44.37078330366541], [-115.25985485295415, 44.37093714568661], [-115.25980419197776, 44.37112146070744], [-115.2596899359892, 44.37130601473416], [-115.25956114899978, 44.37150132676321], [-115.25946018000512, 44.371638131784586], [-115.25938252101611, 44.37178138680431], [-115.2593334080248, 44.37188144481762], [-115.25932386003633, 44.37195529082493], [-115.25931385604844, 44.37203266783263], [-115.25929380506565, 44.37214930584471], [-115.25925528206811, 44.37220396085303], [-115.25922461707012, 44.372247465859694], [-115.25923066807941, 44.37229233986307], [-115.25923612908778, 44.37233283686608], [-115.25931003910891, 44.372370969862516], [-115.25933673212101, 44.372409563863386], [-115.25936910813566, 44.372456372864484], [-115.25934055714244, 44.37252411687304], [-115.25929853213904, 44.37254986587922], [-115.25928387215122, 44.37263297488784], [-115.2593044301673, 44.3726999468918], [-115.25932342918216, 44.37276183589542], [-115.25933763820674, 44.372882810904635], [-115.25931805421806, 44.372966005913725], [-115.25926179422297, 44.37305286592655], [-115.2592017712282, 44.37314553594024], [-115.25918889624845, 44.37327110595237], [-115.25918043326175, 44.37335365996037], [-115.25917196927504, 44.3734362139684], [-115.259191777286, 44.37347563496999], [-115.25924540030188, 44.37350654396767], [-115.25935557333449, 44.37356985496297], [-115.25939030837344, 44.37374834497531], [-115.25940980841828, 44.37397546699334], [-115.25940570944249, 44.374113825005814], [-115.25944942347255, 44.37423355301216], [-115.25949048251755, 44.37443860002626], [-115.25952872557316, 44.374705492046004], [-115.25958433259845, 44.3747862940479], [-115.25958690561338, 44.374865862054605], [-115.25959989363396, 44.37496599906214], [-115.2598076067167, 44.3752028880635], [-115.25990855177507, 44.37541835507289], [-115.26000248482939, 44.375618855081655], [-115.26003508286833, 44.37579931809437], [-115.26003298589572, 44.37595294210798], [-115.26007624993753, 44.37613802512013], [-115.2601115499716, 44.37628903113004], [-115.26011501001267, 44.37651238614923], [-115.26010063802484, 44.376594812157705], [-115.2600551470337, 44.37669202317045], [-115.25996462903099, 44.376773395185985], [-115.25986281703864, 44.37692345120856], [-115.25976044203453, 44.37700951022561], [-115.2596329340267, 44.377101592245495], [-115.25955868002217, 44.37715521525707], [-115.25942174201371, 44.377254106278436], [-115.25917641299154, 44.37739179631334], [-115.25902129198474, 44.37751869933882], [-115.25889043197822, 44.37762161435998], [-115.2588089349744, 44.377687107373305], [-115.2587165969742, 44.377783889390386], [-115.2586191149731, 44.3778812894079], [-115.2585130119696, 44.377974481425944], [-115.25831898295024, 44.37807361445264], [-115.25814432192841, 44.378138350474565], [-115.25799053390836, 44.37819069149346], [-115.25791921590388, 44.37824158850453], [-115.25784500089797, 44.378287773515446], [-115.25778349189008, 44.37830941552309], [-115.25768951886961, 44.378295933530694], [-115.25761702884974, 44.37826329853456], [-115.2575650428372, 44.37824889753815], [-115.25752348083654, 44.37828969054556], [-115.2574910678361, 44.378321503551376], [-115.25733802880788, 44.37832783156615], [-115.25717229977724, 44.37833468158215], [-115.25711314076848, 44.37834882558892], [-115.2570575627621, 44.378372573596174], [-115.25701115175674, 44.3783924046022], [-115.25697434375664, 44.37843096260901], [-115.25696640076522, 44.3784865096146], [-115.25708521079271, 44.37851239660579], [-115.25717112481719, 44.37855681160165], [-115.25718678183038, 44.37861296860513], [-115.25714796483857, 44.37869911261627], [-115.257158541856, 44.37878453662271], [-115.25714280587472, 44.378904463634655], [-115.25714493788594, 44.378964520639684], [-115.25712692190457, 44.37908627465202], [-115.25708114591903, 44.37921496866752], [-115.25696166294668, 44.379494498703046], [-115.25685757096014, 44.379679475728885], [-115.25680809197095, 44.379791563743275], [-115.25675040197903, 44.37989750775787], [-115.25671478998575, 44.379972231767695], [-115.25668775899081, 44.380028952775206], [-115.25664706798803, 44.38005691878142], [-115.25660441697129, 44.380009626781295], [-115.25659631296043, 44.3799580627775], [-115.25658853494998, 44.379908577773925], [-115.2565188469138, 44.37978263376943], [-115.25647342988776, 44.3796871527653], [-115.25642091985252, 44.37954793075807], [-115.25635446682249, 44.379452481755905], [-115.25632719880753, 44.37939869375374], [-115.25625392678977, 44.37937837375876], [-115.25618978876896, 44.37933174576071], [-115.25611701375749, 44.379345316768614], [-115.25606792474969, 44.379354469774], [-115.25600140573712, 44.37935549978029], [-115.25594165172171, 44.379333818783934], [-115.25583126969178, 44.37928554279002], [-115.25569583965596, 44.37923129079786], [-115.25553700861957, 44.37919898780987], [-115.25541596359598, 44.37919706282097], [-115.25533186657493, 44.3791698408264], [-115.25522735454875, 44.379136010833165], [-115.25507528052105, 44.37914468684808], [-115.25488774148702, 44.37915538786647], [-115.25471920346084, 44.37918980788517], [-115.25461163644664, 44.3792253948983], [-115.25446841542193, 44.37924102491296], [-115.25434086940217, 44.37926707192712], [-115.25426970039365, 44.37929539593624], [-115.25418826137847, 44.379298238944074], [-115.25407651535762, 44.37930146995474], [-115.25397505734276, 44.37932700096642], [-115.2538558413304, 44.37938536098259], [-115.25379144432182, 44.37940614699038], [-115.25372814430206, 44.37936433499268], [-115.25366676528297, 44.37932379099483], [-115.25360198426336, 44.379284155997404], [-115.2535180072379, 44.37923277500074], [-115.25341909321136, 44.37919100500625], [-115.25335419819729, 44.37918209501156], [-115.25331346319476, 44.37921156301789], [-115.25336198521222, 44.37925650901731], [-115.25341412023099, 44.37930480101671], [-115.25349827226128, 44.37938275001568], [-115.25353133429131, 44.379513651024006], [-115.25354132732005, 44.37966190503603], [-115.25354989032854, 44.37969975603854], [-115.25355430633294, 44.37971927803982], [-115.25367816035626, 44.37971665802805], [-115.25378130738147, 44.37974651602105], [-115.25400174143513, 44.379809260006006], [-115.25417472846826, 44.379808505989864], [-115.2543290745028, 44.37983565597786], [-115.25441837252605, 44.379869404972496], [-115.25457189356604, 44.37992742096329], [-115.25466140260453, 44.380044995965214], [-115.25473620663665, 44.380143252966825], [-115.25481409666487, 44.380216643966], [-115.2548599176815, 44.380259818965456], [-115.25490792070505, 44.38033879096793], [-115.25488056871303, 44.38041209597689], [-115.25481903771822, 44.380505942990766], [-115.25481689273087, 44.38057812999726], [-115.25481514974113, 44.38063678200255], [-115.25481371974958, 44.38068490600687], [-115.25478784174891, 44.380708584011394], [-115.25474643773757, 44.3806898960136], [-115.25472109072135, 44.38062721801048], [-115.25468401870604, 44.38058202600998], [-115.25464409568959, 44.38053336100944], [-115.25452032365115, 44.38045234001391], [-115.2543947176183, 44.38040430402142], [-115.25405945955353, 44.38040242105246], [-115.25392372653043, 44.380418533066475], [-115.25384149952393, 44.38046990507865], [-115.25373026450885, 44.38050434509198], [-115.25356895649308, 44.38058877711436], [-115.25336310646395, 44.38064617613854], [-115.2532764134512, 44.380667828148496], [-115.25316442543476, 44.3806957971614], [-115.25302781741155, 44.38071263517554], [-115.25293165238914, 44.38069085418261], [-115.25281708736246, 44.380664905190976], [-115.25264248032045, 44.3806183112032], [-115.2524676152772, 44.38056477021481], [-115.2523595422459, 44.38050665421981], [-115.25226748121928, 44.380457148224], [-115.2522417762166, 44.380469535227505], [-115.25224726222254, 44.38049670122936], [-115.25227197423719, 44.38055128123182], [-115.25227513624976, 44.38061749323734], [-115.25232781227508, 44.38070162423976], [-115.25242152532022, 44.3808512952441], [-115.25255407536957, 44.38098344824327], [-115.25269271942123, 44.381121674242486], [-115.25276480144079, 44.38115309023848], [-115.25285648846216, 44.38117405323176], [-115.25293764948391, 44.381207942227185], [-115.25300736850257, 44.381237055223274], [-115.2532011445503, 44.38129517721028], [-115.25331732358055, 44.3813390822033], [-115.25337377660063, 44.381390053202495], [-115.25342296962184, 44.38145504520355], [-115.25340127664155, 44.38158720121713], [-115.25339506565862, 44.3816878272265], [-115.25338760767701, 44.3817975462368], [-115.25337349068235, 44.38184186124194], [-115.25335483168934, 44.381900441248824], [-115.2533196926815, 44.381894304251546], [-115.25327293666336, 44.38184393825152], [-115.25316150562696, 44.38176100025466], [-115.2530554935963, 44.38170402125954], [-115.25297575357634, 44.38167840326473], [-115.25277474953336, 44.38165432228133], [-115.25256010448531, 44.38161637429801], [-115.25225255442177, 44.381591760324504], [-115.25197540735888, 44.38153850734561], [-115.25172725530258, 44.381490826364534], [-115.25149729625039, 44.381446639382126], [-115.25120119318534, 44.381401274405725], [-115.2510045291411, 44.38136556542088], [-115.25083139910214, 44.38133413043427], [-115.2507455460902, 44.38135946144449], [-115.2506811240813, 44.38137847045213], [-115.2506238970913, 44.3814946204676], [-115.25051967408795, 44.38158663648532], [-115.25043890409152, 44.381692222502075], [-115.25045284812664, 44.38187122551638], [-115.25046166914883, 44.38198445752548], [-115.2504822631806, 44.38213823953699], [-115.25055416221349, 44.38224334053943], [-115.2506384262519, 44.382366516542405], [-115.25074418730024, 44.38252111754601], [-115.25082252537112, 44.38282953456564], [-115.2508151344146, 44.38307767558802], [-115.25080953544752, 44.383265660604934], [-115.25077092647349, 44.38344997962465], [-115.25074105249354, 44.38359260663987], [-115.2506774065111, 44.383757134660144], [-115.2506405825238, 44.3838664046731], [-115.25060057855525, 44.38408244969569], [-115.25051857057073, 44.384254940718385], [-115.25044287258503, 44.38441416073933], [-115.2502921066134, 44.384731271781064], [-115.25008862463552, 44.385069123829496], [-115.24995136364491, 44.385266689859556], [-115.24976402465056, 44.38549658989703], [-115.24961597565017, 44.38565166992437], [-115.24942368064704, 44.38583829795856], [-115.2492976076494, 44.385985316983124], [-115.24921765967163, 44.38619278500867], [-115.24917253268414, 44.386309891023096], [-115.24904993469157, 44.38648103604948], [-115.24892586469494, 44.3866310940741], [-115.24877171869677, 44.38680476510365], [-115.24862246771286, 44.38705219013913], [-115.24848761472744, 44.38727574917122], [-115.24834352073015, 44.38744365619928], [-115.24826370973376, 44.387548222215834], [-115.24818744373718, 44.38764814223164], [-115.24800355476593, 44.388001984279676], [-115.24791709676582, 44.388093105295674], [-115.2478002587864, 44.388330883327335], [-115.24769202980552, 44.38855113735663], [-115.2476003108217, 44.38873779438145], [-115.24752955482757, 44.388845460397455], [-115.2474686768449, 44.389005675417096], [-115.24738895087425, 44.389252157446], [-115.24733168389524, 44.389429204466815], [-115.24721341390823, 44.389626169495], [-115.24715136192357, 44.38977700351397], [-115.24710065893616, 44.38990025052947], [-115.24705831994665, 44.39000316654236], [-115.24703931297068, 44.390155935557466], [-115.24706203499342, 44.39025721256418], [-115.2470766850439, 44.39052061358585], [-115.24705741606876, 44.3906783036014], [-115.24703632109602, 44.390850945618425], [-115.24701134012845, 44.39105671063868], [-115.24696125813641, 44.391153768651876], [-115.24693027914016, 44.39120745665944], [-115.24686587613658, 44.39125611966965], [-115.24678540113837, 44.39135117568546], [-115.24672108813428, 44.39139683069544], [-115.24654353613349, 44.391580669728], [-115.24643860613003, 44.39167303374585], [-115.24634913512713, 44.39175178976104], [-115.24623106312326, 44.39185572078114], [-115.24609476910781, 44.391915179799], [-115.24599296909619, 44.39195888781227], [-115.24589380608676, 44.39201206982617], [-115.2457345340716, 44.392097488848435], [-115.24559205705806, 44.39217389986838], [-115.24550007305103, 44.392232668882095], [-115.24531726004669, 44.39240242591392], [-115.24514269203728, 44.39253561294182], [-115.2450908320397, 44.392604183952606], [-115.24495840602505, 44.392663678970145], [-115.24488171702086, 44.39272169798235], [-115.24475319301371, 44.392818932002825], [-115.2446329010022, 44.39288285601961], [-115.24457216700097, 44.392940480030276], [-115.24447793299431, 44.39300375204459], [-115.24440112198893, 44.39305532605624], [-115.24434293699207, 44.393134474068574], [-115.24429175399482, 44.393204101079384], [-115.24424756799725, 44.39326420608877], [-115.24418675900054, 44.393346925101646], [-115.2441195920142, 44.39349358812071], [-115.24406889701874, 44.39357250413232], [-115.2440089800117, 44.39359707114002], [-115.24394557800419, 44.39362306514819], [-115.24378820897432, 44.39362485816302], [-115.24366470394837, 44.39361272717346], [-115.2435297529234, 44.393618063186516], [-115.243397851899, 44.39362328019922], [-115.2431839488594, 44.393631738219895], [-115.24308184483336, 44.39359623822628], [-115.24294302879596, 44.39353692823404], [-115.24284742876884, 44.39348859523874], [-115.24274045173848, 44.39343451024398], [-115.24263853371345, 44.3934043552508], [-115.24251892468695, 44.393385158260294], [-115.24245098166952, 44.39336084526451], [-115.24244308665163, 44.39327058225735], [-115.24245246063546, 44.39317129224778], [-115.24244949961474, 44.39305990823835], [-115.2424165895917, 44.39296762423335], [-115.24237304058019, 44.39295040323591], [-115.24232074056917, 44.39294508424034], [-115.24222126255526, 44.392973644252066], [-115.24208894553053, 44.39297762626475], [-115.24198576751284, 44.392989578275426], [-115.24188437249751, 44.39301209028681], [-115.24178825147656, 44.39299857429456], [-115.24173033546037, 44.39297060029753], [-115.2416721694394, 44.392916710298245], [-115.24161804141993, 44.3928665602989], [-115.24155126841022, 44.39288374430663], [-115.24149116240149, 44.39289921131355], [-115.24141439439414, 44.392940157324276], [-115.24130454439018, 44.393034757342775], [-115.24120772738598, 44.393114512358764], [-115.24108244538245, 44.39322797338033], [-115.24098556637978, 44.393315711397015], [-115.24089781537327, 44.393373038410175], [-115.24082965436826, 44.39341765142041], [-115.24052853132667, 44.3935074684563], [-115.24033580431384, 44.39364121848596], [-115.24017370429551, 44.39371201750718], [-115.23995332827621, 44.393839057538784], [-115.23984451427175, 44.39393004555687], [-115.23975880027518, 44.39403978357443], [-115.23957726126297, 44.394165151602266], [-115.23951799826075, 44.39421577861223], [-115.23945176025524, 44.39425538162186], [-115.23938430824957, 44.394295710631646], [-115.2392904772417, 44.39435180964529], [-115.23909412521252, 44.39439904166769], [-115.2389251821852, 44.3944274226859], [-115.2387130971548, 44.39448459271067], [-115.23855963814279, 44.39458126873341], [-115.23845559913012, 44.39462179174664], [-115.23825762609647, 44.39464581976714], [-115.23814851407543, 44.39464564077731], [-115.23803010705808, 44.394675408790924], [-115.23794196904115, 44.39467555479913], [-115.23790721502898, 44.39464492579972], [-115.23784154100741, 44.39459576680152], [-115.23775495899406, 44.39461398981115], [-115.2376882219872, 44.394646868820246], [-115.23762457698334, 44.394693224830206], [-115.23751214696907, 44.39473361684423], [-115.23744931195921, 44.39474586385118], [-115.23738338994889, 44.39475871185841], [-115.23732501093374, 44.394737081861976], [-115.23728169792254, 44.39472103286458], [-115.23720659590539, 44.39470633187031], [-115.23716602190188, 44.39472977787611], [-115.23709885788901, 44.3947302468824], [-115.2370408878738, 44.39470762088584], [-115.23680652382414, 44.39468209990544], [-115.23665011778822, 44.39464959391714], [-115.23656270776985, 44.39464089692453], [-115.23648902075436, 44.39463356493076], [-115.23638807173631, 44.39464103294079], [-115.23620870470782, 44.39467437196044], [-115.2360496776872, 44.39472908898002], [-115.23593223367565, 44.39479008599627], [-115.23578184565658, 44.39484400001496], [-115.23568599564653, 44.394890477027964], [-115.23559726963302, 44.39491017003797], [-115.23549247961093, 44.39489913504676], [-115.23526697257464, 44.39493816607114], [-115.23508122154547, 44.39497441409159], [-115.23489654152316, 44.39504691311513], [-115.23483594352223, 44.39510603412593], [-115.23474322251225, 44.39514929213835], [-115.23464865150204, 44.395193412150974], [-115.23456941749639, 44.39524635116299], [-115.23448876448639, 44.3952767001732], [-115.23442111848905, 44.39536311518703], [-115.2343539704887, 44.39543259519933], [-115.23426205948117, 44.39548834721274], [-115.2341763064756, 44.395548708226], [-115.23411754847693, 44.395618515237565], [-115.23409130748426, 44.39568675424598], [-115.2340668394911, 44.39575038925382], [-115.23406155250014, 44.395805719259165], [-115.2340119074989, 44.39585159326775], [-115.2339358154864, 44.395863378275905], [-115.23384917847451, 44.39588969928627], [-115.23368512244525, 44.39590220730263], [-115.2335468684172, 44.395894050314766], [-115.23340175738203, 44.395853799324804], [-115.23315739832462, 44.395796246342485], [-115.23303429230002, 44.3957910223535], [-115.2328813442659, 44.39576489236548], [-115.23274808223275, 44.39572340837424], [-115.23259652419505, 44.395676229384264], [-115.23239032214616, 44.39562489139898], [-115.23228364312709, 44.395632836409604], [-115.23220574311016, 44.39562203341592], [-115.23213337408978, 44.3955863084195], [-115.2319492790383, 44.39549769742893], [-115.23177316799091, 44.39542275143881], [-115.23163542395967, 44.395396586449344], [-115.23151226493415, 44.39538630345991], [-115.23141357991369, 44.39537806446837], [-115.23126366987665, 44.39533273047838], [-115.23108640783711, 44.39530228149222], [-115.23101077981542, 44.395262845495814], [-115.23093072879692, 44.39524570550175], [-115.23082378577563, 44.395241945511415], [-115.23071108375053, 44.39522274252021], [-115.2306666557431, 44.39522901652488], [-115.23062467973614, 44.3952349445293], [-115.23065120473666, 44.395209655524624], [-115.2306743717371, 44.39518756852055], [-115.23069695273094, 44.39512956251337], [-115.23072473172334, 44.395058204504586], [-115.23075286371568, 44.394985936495665], [-115.23067134869311, 44.39494800849991], [-115.23056437666357, 44.39489823350553], [-115.23046183263678, 44.39485928951169], [-115.23040173162072, 44.3948342855151], [-115.2302821666016, 44.394855853528085], [-115.23016221357648, 44.39484411453822], [-115.23003449655019, 44.39483461154927], [-115.22985080251641, 44.39484332156718], [-115.2297020804891, 44.39485037358165], [-115.22955537546221, 44.3948573295959], [-115.22934102142281, 44.39486749261676], [-115.22922721440389, 44.394883782628746], [-115.22906849838141, 44.39492796264741], [-115.22889421835642, 44.39497500466776], [-115.22875749633683, 44.39501190868371], [-115.22858715831885, 44.395093521706684], [-115.22845000629702, 44.395118475721645], [-115.22835654528167, 44.395133014731634], [-115.22827521026834, 44.39514566674026], [-115.22816553224943, 44.39515769475154], [-115.22800603421891, 44.39515822876646], [-115.22774887317634, 44.39519636479374], [-115.22762070115273, 44.395201898806135], [-115.2275290031313, 44.39518091681286], [-115.22743890311317, 44.39517650882081], [-115.22732440508562, 44.39514614482883], [-115.2272154740636, 44.39513993983845], [-115.22715451105249, 44.395143506844455], [-115.22714562205378, 44.39515991884671], [-115.22715110805977, 44.39518723884859], [-115.22713978807391, 44.3952772778575], [-115.2271345150805, 44.395319230861645], [-115.22707822407305, 44.39533777986851], [-115.22698190706024, 44.395369519880234], [-115.2268818730495, 44.395416113893646], [-115.22674490102659, 44.39543505090805], [-115.22660592000861, 44.3954833419252], [-115.22649289399186, 44.39551087793813], [-115.22634757996997, 44.395544240954585], [-115.22626560096474, 44.39560213496727], [-115.22613660994583, 44.39563473698211], [-115.22599132692011, 44.3956468889967], [-115.2258483928948, 44.39565884501104], [-115.22572885987297, 44.39566538302278], [-115.22560321484563, 44.39564751303288], [-115.22547982781931, 44.39563356004315], [-115.22538553180043, 44.395629085051574], [-115.22524190377843, 44.395659953067664], [-115.22514264076308, 44.395680978078715], [-115.22505053774981, 44.395705380089424], [-115.22499244574144, 44.395720772096205], [-115.22492125272443, 44.39570246510122], [-115.22486537871107, 44.39568809710517], [-115.22474671768288, 44.39565827411359], [-115.2246314926596, 44.39565196812377], [-115.22454280064582, 44.39567009013358], [-115.22444140063044, 44.39569264514505], [-115.22432224160575, 44.39568287115525], [-115.2241599295762, 44.395692276171204], [-115.22405017756067, 44.39572267118407], [-115.22390057453556, 44.39574291219978], [-115.22375388750613, 44.395736117212806], [-115.22364527348222, 44.39571938122149], [-115.2235839474732, 44.39573484322853], [-115.22340140443788, 44.395733474245446], [-115.22326096241004, 44.3957287122581], [-115.22316454239085, 44.39572544326679], [-115.22304648937283, 44.395751050280026], [-115.22284135134144, 44.395795641303025], [-115.22274265432232, 44.395794806312104], [-115.22263783030199, 44.395793919321775], [-115.22255130728841, 44.395810686331345], [-115.22243208026407, 44.395802812341735], [-115.22224740922638, 44.39579061535783], [-115.22209948420544, 44.395832239375245], [-115.22189201717643, 44.395892201399825], [-115.22170379314896, 44.39594042442158], [-115.22160995513994, 44.39599011843463], [-115.22150932613245, 44.396055324449705], [-115.22137859612369, 44.39614599846976], [-115.22132144311779, 44.3961740514776], [-115.22126569711203, 44.39620141448513], [-115.22120272110094, 44.39620718649151], [-115.22113943708985, 44.39621298849793], [-115.22105448907956, 44.396246269508715], [-115.22094545105999, 44.39625400251957], [-115.2208708230508, 44.39628252652902], [-115.2205862469912, 44.39625552355313], [-115.22041151694836, 44.39620465456496], [-115.22030390691863, 44.39615483157063], [-115.22019739089515, 44.39613812557909], [-115.2201153608805, 44.39614437058729], [-115.22004352987089, 44.396167580596014], [-115.21993556885445, 44.396191217608084], [-115.2198243058331, 44.396191571618495], [-115.21971232281633, 44.3962178296312], [-115.21962101879645, 44.3962048026386], [-115.21953472077757, 44.39619249064554], [-115.21948045876536, 44.39618261764971], [-115.21944867976183, 44.3961966496539], [-115.21935556674782, 44.39621828366449], [-115.21918165771281, 44.396209554679906], [-115.21908423868766, 44.396173881685854], [-115.21883477763778, 44.3961635757082], [-115.21868026860297, 44.39613553272009], [-115.21853387157519, 44.39613735273391], [-115.21837015954057, 44.39612016274765], [-115.2182772455264, 44.39614054075807], [-115.2181304984971, 44.3961344777712], [-115.21794835246051, 44.3961259487874], [-115.21779312442936, 44.39611867980124], [-115.21757708738457, 44.39610059681979], [-115.21739542434685, 44.396085389835385], [-115.21728261632214, 44.3960685838444], [-115.21717146130028, 44.39606614985452], [-115.21702968926759, 44.39603604786512], [-115.21688920323993, 44.39603234987787], [-115.21678237222164, 44.396044916888904], [-115.21669124720607, 44.396055636898296], [-115.21653646117328, 44.39603887791126], [-115.21628661112669, 44.39604677593525], [-115.21614126710135, 44.39606129095003], [-115.21603023209141, 44.39612425196588], [-115.21589804107839, 44.39619290198419], [-115.21567232405452, 44.3963007120146], [-115.21548648402991, 44.39636183903721], [-115.21544464602947, 44.3964039790448], [-115.21538536802117, 44.396421106051854], [-115.21529434702089, 44.39651597606862], [-115.21521185302136, 44.396606465084204], [-115.21510204501683, 44.39669803210239], [-115.21495593900906, 44.396810094125826], [-115.21481717699642, 44.39688766714553], [-115.21472966998833, 44.39693594915786], [-115.21465634098601, 44.397001004170356], [-115.21452017997086, 44.39706206618841], [-115.214420536964, 44.39712989920361], [-115.21431917095457, 44.397185307217875], [-115.21411873792103, 44.397213003238974], [-115.21391068488622, 44.39724175126085], [-115.21371310886055, 44.39730973428519], [-115.21360727184562, 44.39733967429764], [-115.21346003381932, 44.39735091431232], [-115.21340052581238, 44.39737555832002], [-115.21331429079649, 44.397379660328404], [-115.21316012477304, 44.39741392434578], [-115.21307293576312, 44.39745167835719], [-115.21303148076458, 44.39750368936558], [-115.21301492177253, 44.397565117372466], [-115.21286803875671, 44.39763353339215], [-115.21274008074425, 44.39770074040992], [-115.21259466471996, 44.39772103242526], [-115.21250424070368, 44.397727140434206], [-115.21238636668312, 44.3977388364462], [-115.21222148664516, 44.397704321458555], [-115.21204160260795, 44.397689805474016], [-115.21186007856679, 44.39765536648791], [-115.21170217252931, 44.397615940499165], [-115.21156433649654, 44.39758152550898], [-115.21146469347839, 44.397587242518775], [-115.21138548346366, 44.3975901295264], [-115.21129014545203, 44.397626881538464], [-115.21114157142185, 44.39761816355151], [-115.21094031538098, 44.397606354569234], [-115.21084255735704, 44.397577740575855], [-115.21075902233856, 44.39756439658244], [-115.21068553032619, 44.397574109590124], [-115.21060708331434, 44.39759210659904], [-115.21054758429976, 44.397574594603064], [-115.2104928222863, 44.39755847560675], [-115.21044063927344, 44.397543117610205], [-115.21036382725407, 44.39751757961516], [-115.21028621923897, 44.39751636362229], [-115.21022119622621, 44.39751534462821], [-115.21012629020187, 44.397481364634146], [-115.21001839517594, 44.39745308264169], [-115.20993730715651, 44.39743182764741], [-115.20986130513833, 44.3974119056527], [-115.20982318612388, 44.397372842652864], [-115.20989095812989, 44.39733413364314], [-115.21006658615492, 44.3972856846226], [-115.21018512817177, 44.39725298460869], [-115.21028390218676, 44.39723083359756], [-115.21038011619788, 44.397189840584986], [-115.21047092921329, 44.39717857257558], [-115.21057391223074, 44.397165795564874], [-115.21066739524193, 44.397128141552884], [-115.21072404024045, 44.39705981954165], [-115.21059693621075, 44.397030700550914], [-115.21051653518663, 44.396982843554234], [-115.21038535515527, 44.39694919156351], [-115.21027468613225, 44.39693957357298], [-115.21021189211918, 44.39693411557832], [-115.21015303610696, 44.39692900058334], [-115.2100862400906, 44.39690961658787], [-115.20995048304707, 44.39681330659209], [-115.20985025301485, 44.396742201595245], [-115.20978054799667, 44.39671583259941], [-115.20969258597373, 44.396682556604695], [-115.20957118193617, 44.39660388660913], [-115.20943709289982, 44.39654579361653], [-115.20932263986884, 44.396496207622846], [-115.2092044598376, 44.396449217629765], [-115.20911429782355, 44.396467334639695], [-115.20902790380532, 44.39645848464701], [-115.20894052979648, 44.39650225165895], [-115.20881839377466, 44.3965115466711], [-115.20868717875682, 44.39655244168693], [-115.20860691873749, 44.39653103069249], [-115.20859248472772, 44.396492277690506], [-115.20849878670536, 44.396468239697064], [-115.20842475469368, 44.39648243470521], [-115.20829168566165, 44.39644693471453], [-115.20828636165355, 44.396407931711565], [-115.20828139664606, 44.39637154470889], [-115.2083180696469, 44.3963376277025], [-115.20837150965166, 44.39630675869485], [-115.20841197665558, 44.396285802689235], [-115.20845892966025, 44.396261488682754], [-115.20847275365556, 44.396221082677904], [-115.20839411463771, 44.396206085683914], [-115.20831983662089, 44.396191921689606], [-115.20825038760515, 44.396178677694905], [-115.20811099157845, 44.39617929570795], [-115.20798085655359, 44.39618026372014], [-115.20788183252591, 44.39613263672518], [-115.20780299850387, 44.396094720729195], [-115.20767685746651, 44.39602239473463], [-115.20753526043, 44.39597121974338], [-115.20743643040451, 44.395935500749424], [-115.20748459540194, 44.39587005673925], [-115.20755636840813, 44.39582807572891], [-115.20762988641452, 44.395785072718276], [-115.2077205674306, 44.39577774770918], [-115.20780581343796, 44.395727651696866], [-115.20789874345226, 44.39570804568653], [-115.20801759847183, 44.39568997167386], [-115.20809737348232, 44.395663017664056], [-115.20812560448208, 44.39563186465876], [-115.2081230634718, 44.39557765965423], [-115.20808645645783, 44.39553947165428], [-115.20799941843457, 44.39550350065925], [-115.2078605474014, 44.39546767366906], [-115.2077747763796, 44.395438288674484], [-115.20770742836778, 44.395444753681325], [-115.20763746535019, 44.395421942685836], [-115.2075765293349, 44.39540207568979], [-115.2075026743107, 44.39534675269181], [-115.20743388728225, 44.39526292169089], [-115.20729727424239, 44.395188003697065], [-115.20714457420651, 44.395152016708145], [-115.20698515716909, 44.39511444671969], [-115.20681053111919, 44.395024593728074], [-115.2067121090931, 44.39498528073379], [-115.20659262907287, 44.39500015974621], [-115.20639212102529, 44.39495016276054], [-115.20622784898475, 44.3949009407715], [-115.20611500196026, 44.39488562678066], [-115.20601094094756, 44.39492611979393], [-115.2059179639335, 44.39494722780442], [-115.20582982590884, 44.39490435180888], [-115.20574442488486, 44.39486280781318], [-115.20567200186397, 44.39482450181656], [-115.20548009682031, 44.394786881831145], [-115.20530690278306, 44.394765310845386], [-115.20514466875287, 44.39477083286096], [-115.20501880072942, 44.394775117873095], [-115.20488403269384, 44.39472184388093], [-115.20479372366454, 44.394655727883595], [-115.20471909464129, 44.39460688388627], [-115.20463120161396, 44.39454935688939], [-115.20460890260132, 44.39450308988743], [-115.20458733758909, 44.394458340885535], [-115.20448202755054, 44.394357622886545], [-115.20431868849084, 44.39420140288808], [-115.20420996345518, 44.39411995089105], [-115.20404373641351, 44.39406618190185], [-115.20387207137806, 44.39405294891669], [-115.20367431934304, 44.394069397936505], [-115.20344943730187, 44.39408090495845], [-115.20319044826692, 44.39416318998976], [-115.20303032224535, 44.394214064009155], [-115.20290474422904, 44.39425739502459], [-115.20276918920582, 44.39427338403863], [-115.20271058619825, 44.39429345804579], [-115.20262237918183, 44.394296867054344], [-115.2025446141675, 44.39429987406184], [-115.20240088213652, 44.39428163407365], [-115.20225388111109, 44.39429741408866], [-115.2021283050925, 44.39432799710304], [-115.20203682107889, 44.39435027711348], [-115.2018901970572, 44.39438598513029], [-115.2017456000357, 44.39442119914683], [-115.20160071902079, 44.39449264116653], [-115.20140353999484, 44.3945587451907], [-115.20124295497455, 44.39461732121074], [-115.20107108795281, 44.3946800112322], [-115.20091052092916, 44.39471962625067], [-115.20072731490207, 44.394764824271626], [-115.20063831789058, 44.39479585628266], [-115.20056238688075, 44.39482233329205], [-115.20047680786163, 44.39480744329866], [-115.20030168482116, 44.39477007831173], [-115.20017288978869, 44.39472742532], [-115.20006917176158, 44.39468817532619], [-115.199962157741, 44.39468799333613], [-115.19986065172606, 44.39471347534783], [-115.19975596470455, 44.394705807356914], [-115.19960527367324, 44.394692899369794], [-115.19942955363616, 44.39467508238457], [-115.19919411458096, 44.394620214401755], [-115.19904925455344, 44.394622443415386], [-115.19890439452602, 44.39462467242908], [-115.19880974351118, 44.39464312343952], [-115.1986861474965, 44.394693448455385], [-115.19858636848409, 44.394730993467945], [-115.19845614346009, 44.3947369654806], [-115.19826905942573, 44.39474554649879], [-115.198200374406, 44.39470974850205], [-115.1980921433707, 44.39462991250515], [-115.19796544833859, 44.39458730651319], [-115.19783982231128, 44.39456983152337], [-115.19773351328817, 44.39455504253199], [-115.19752829024623, 44.3945412715499], [-115.19737043121867, 44.39455683356594], [-115.19729207720785, 44.3945802025753], [-115.19721752419993, 44.39461610658533], [-115.19710493018643, 44.394660970599745], [-115.19698706016587, 44.39467265061173], [-115.19687347614561, 44.39468138962309], [-115.19674399111705, 44.39466128963337], [-115.19656972108409, 44.394664555649896], [-115.19637473603322, 44.39459076166158], [-115.19627570400246, 44.394526029665144], [-115.19619782497826, 44.39447512466789], [-115.1961292559472, 44.39437626766569], [-115.19607177892112, 44.39429340066379], [-115.19591582089232, 44.394299999678836], [-115.19575373586238, 44.39430685869453], [-115.19565471384408, 44.39431104870413], [-115.19536766180661, 44.39440909373945], [-115.19511362477346, 44.39449586277068], [-115.19487192574016, 44.394568806799505], [-115.19458589869488, 44.394622673830874], [-115.19429675064904, 44.39467678086248], [-115.19395366958916, 44.39471047389742], [-115.19380657856095, 44.39471117191117], [-115.19365119653585, 44.3947375839279], [-115.19360864653063, 44.394754112933356], [-115.19353751852529, 44.39480018294399], [-115.19332448049593, 44.394864494969404], [-115.19317981748101, 44.39493554498911], [-115.19301726546131, 44.394999580009824], [-115.19293557645572, 44.395055503022306], [-115.19282288144406, 44.39511085103769], [-115.19273907043939, 44.395174207051035], [-115.19264262143402, 44.3952471150664], [-115.19256408243068, 44.39531189807933], [-115.19248953942744, 44.39537338709167], [-115.19230773441129, 44.395477067117646], [-115.19211241638956, 44.39556472914349], [-115.19200075138187, 44.39564098416056], [-115.19184117436407, 44.39571218118166], [-115.19165160733834, 44.395771546204465], [-115.19144351930599, 44.39581421122758], [-115.19132091828895, 44.39585024724214], [-115.19107550525212, 44.39590768327002], [-115.19089155322435, 44.395949718290794], [-115.19073293920042, 44.39598596230874], [-115.1905767531768, 44.39602165132641], [-115.19037088915077, 44.396096625352094], [-115.19019837913149, 44.39617336637491], [-115.18999606210363, 44.39623464739909], [-115.1898041450796, 44.39630580342318], [-115.18967936106004, 44.39633057243695], [-115.18954253003751, 44.396351307451525], [-115.18945311002244, 44.39636301846084], [-115.18933159100193, 44.39637893247356], [-115.18913574796885, 44.39640458049403], [-115.18893203993447, 44.39643125751533], [-115.18876532490408, 44.39644049353163], [-115.18852924286547, 44.39647817055693], [-115.18837631983314, 44.39646204556975], [-115.18825768680591, 44.39643775157866], [-115.18822157579098, 44.396393417578125], [-115.18818692077654, 44.39635086957763], [-115.18812168576149, 44.3963369245825], [-115.18805766874672, 44.39632324058725], [-115.18795905573879, 44.3963845636018], [-115.1878449917297, 44.39645549561862], [-115.18778146672466, 44.396494997627975], [-115.18756754469621, 44.39656521965406], [-115.18724412464772, 44.396641332690805], [-115.18704132761656, 44.39668475371346], [-115.18695132860077, 44.39669317672257], [-115.18681760358103, 44.39672633873794], [-115.18669621055602, 44.39671704974844], [-115.18660147053939, 44.396725915758005], [-115.18646932751219, 44.39671604076945], [-115.18634101848876, 44.39672305878202], [-115.18622261846077, 44.39669432079051], [-115.18611904643292, 44.39665054779629], [-115.18606702742031, 44.39663618079993], [-115.18599748040977, 44.3966520318078], [-115.185912750397, 44.396671342817335], [-115.1857981853822, 44.39671165083152], [-115.18561756635998, 44.39678086285442], [-115.18546264734091, 44.39684022587402], [-115.18535064532395, 44.39686552788664], [-115.1852682393114, 44.39688377789594], [-115.18518327030108, 44.39691703190672], [-115.1850730862861, 44.39695138991998], [-115.18495409227184, 44.39699914893528], [-115.18476463024868, 44.3970727149593], [-115.1845930102277, 44.39713935198115], [-115.18452244522186, 44.39718186199139], [-115.18446217921908, 44.397230555001336], [-115.18433182520398, 44.39728583701824], [-115.18420913618984, 44.397337869034246], [-115.18408142617577, 44.39739602005117], [-115.18394297615814, 44.397445794068474], [-115.18377811113712, 44.397505065089], [-115.18356601311298, 44.3975971611168], [-115.18335253808867, 44.39768985314474], [-115.18317444006507, 44.3977487061665], [-115.18303288304338, 44.39777955318239], [-115.1829377900333, 44.397824604195144], [-115.18279941101387, 44.39786460821155], [-115.18261138699623, 44.39796716223799], [-115.18244293398051, 44.39805904126174], [-115.18232913997795, 44.398165945281676], [-115.18210519296383, 44.3983259903165], [-115.18192685995379, 44.398460066344825], [-115.18178544194359, 44.398554106366255], [-115.18163656593873, 44.39868564239158], [-115.18149701093031, 44.39878723441348], [-115.18132762391876, 44.39890339643939], [-115.18120077890636, 44.39896979145704], [-115.18103751089042, 44.39905525047969], [-115.1808395948817, 44.39921774451232], [-115.18069164787053, 44.399313038534444], [-115.18050724486183, 44.39946103656454], [-115.18032208884895, 44.39958689159281], [-115.18011481583139, 44.399710079622864], [-115.17991540381387, 44.399825188651526], [-115.17980283480394, 44.39989016766763], [-115.17949509277706, 44.400068817711926], [-115.17942071576857, 44.400100808721646], [-115.1793317597558, 44.40012489073203], [-115.1792210727457, 44.40018668274774], [-115.17913518973836, 44.40023760776022], [-115.1790263937195, 44.4002487627713], [-115.17895871170556, 44.40024382177719], [-115.17886567069174, 44.4002664107878], [-115.17877295767607, 44.40027847279748], [-115.17860235065908, 44.40036602482103], [-115.17850944964447, 44.40038410283124], [-115.17841189262994, 44.40040754184239], [-115.17830377861382, 44.40043351685476], [-115.17820517359914, 44.40045720786598], [-115.17810832658319, 44.4004720318763], [-115.1779898935637, 44.40049015988893], [-115.17785050854633, 44.40054241790647], [-115.17777316653479, 44.400560998915296], [-115.17762716751304, 44.40059607493197], [-115.17744218048259, 44.40062435295167], [-115.17733262246915, 44.40066683996556], [-115.17712948944678, 44.40075928599254], [-115.17704003543724, 44.400801490004575], [-115.1768428104112, 44.40086755102868], [-115.17674608140594, 44.400941234044126], [-115.17661951939758, 44.401029487063646], [-115.1765442333938, 44.40108846707581], [-115.17651980639457, 44.40111883608073], [-115.17648889539984, 44.401180866089085], [-115.1764212113899, 44.40119784109686], [-115.17628309636095, 44.40118510210862], [-115.17618854433606, 44.40114772411413], [-115.1761006553128, 44.40111297911928], [-115.17596543227985, 44.40107470912852], [-115.17584991125969, 44.40108605814023], [-115.17572897323855, 44.40109793715253], [-115.17555634421242, 44.40113738317206], [-115.17542549719154, 44.401160870186274], [-115.17537419117954, 44.401149098190025], [-115.17532441716789, 44.40113767719371]]}, "properties": {"objectid": 9579653, "trail_cn": "5225.003191", "trail_name": "IRON-LOLA CREEK", "trail_no": "4024", "trail_type": "TERRA", "trail_class": "3", "gis_miles": 17.888, "trail_surface": "NATIVE MATERIAL", "typical_trail_grade": "TG05 - +12-20%", "typical_tread_width": "TW03 - 18-24 INCHES", "national_trail_designation": 1, "terra_motorized": "Y", "allowed_terra_use": "4321", "bicycle_managed": null, "bicycle_accpt": "01/01-12/31", "bicycle_disc": null, "bicycle_restricted": null, "e_bike_class1_managed": null, "motorcycle_managed": "01/01-12/31", "admin_org": "041306", "managing_org": "041306"}}, {"type": "Feature", "id": 9581245, "geometry": {"type": "LineString", "coordinates": [[-115.21197708833076, 44.35752416496724], [-115.21208956636038, 44.357568782960676], [-115.21223948840097, 44.357633657952434], [-115.2124580104613, 44.35773533694105], [-115.21267144852132, 44.35784050893042], [-115.21277695155099, 44.3578921819251], [-115.21293057659008, 44.35794505191544], [-115.2130923806312, 44.3580007349053], [-115.21338379070164, 44.35808032888519], [-115.2137202187795, 44.35815347886029], [-115.21387952781629, 44.358187478848414], [-115.21413374987274, 44.3582296208285], [-115.21446568994686, 44.35828661980262], [-115.21465403398841, 44.35831636278774], [-115.21481811302597, 44.35834971477535], [-115.21515763310144, 44.358405972748734], [-115.2157546232343, 44.358506081702], [-115.21639249837672, 44.35861579865229], [-115.21679102546489, 44.358679930620816], [-115.21707013752822, 44.35873338859956], [-115.21747479261826, 44.358801399567895], [-115.21790954771481, 44.35887321353377], [-115.21841358982726, 44.358959446494445], [-115.21900317495883, 44.35906049844845], [-115.21961751409613, 44.359166549400605], [-115.22013599021156, 44.35925412736003], [-115.22065122632685, 44.35934416032006], [-115.22121537845256, 44.35943977627591], [-115.22176273857548, 44.35953762623361], [-115.22206498964282, 44.35958878120997], [-115.222323716698, 44.35961898418856], [-115.22264768476967, 44.35967109916301], [-115.22302655585517, 44.3597413101339], [-115.22348004195551, 44.35981446709816], [-115.22387411804237, 44.35987597806685], [-115.22421502511376, 44.35990832303801], [-115.2245549681819, 44.359924083007776], [-115.22493627025334, 44.359913932971445], [-115.2254460733405, 44.359853969918774], [-115.22574880439021, 44.35980686488649], [-115.22608167344411, 44.35975129585069], [-115.22653906251483, 44.35965625679981], [-115.22711287460334, 44.35953580873597], [-115.22773935470278, 44.35941944866754], [-115.2280907627584, 44.35935372762909], [-115.22838259980625, 44.35930805259796], [-115.22862116984531, 44.359270844572535], [-115.22884890288233, 44.35923328754804], [-115.22929240995104, 44.35914190849882], [-115.22962792100452, 44.359081009462294], [-115.22995573605667, 44.35902095842656], [-115.23036408112259, 44.35895165438251], [-115.23080383019274, 44.35887216733468], [-115.23127880926918, 44.358790113283305], [-115.23178244934793, 44.35869025322776], [-115.23234298643138, 44.358556175163955], [-115.23250459045454, 44.35851225514503], [-115.2326891354809, 44.358462098123496], [-115.2329633705158, 44.35836360108938], [-115.23319646354702, 44.35828842106111], [-115.2334497405755, 44.35817669002783], [-115.2337599316119, 44.35804828398771], [-115.23403171564073, 44.3579188099511], [-115.23436117467011, 44.35773102490409], [-115.23470693470959, 44.357581841858874], [-115.23515105676813, 44.35743374980464], [-115.23539954780597, 44.3573785597767], [-115.23572262385792, 44.357322675741784], [-115.23597994790408, 44.35730446671623], [-115.23625543595963, 44.357318824691916], [-115.23661112203543, 44.357360381662446], [-115.23690233310285, 44.35742390964092], [-115.23717270616791, 44.35749633762212], [-115.23748372624254, 44.35757886360038], [-115.23782424732144, 44.357653442575256], [-115.23819869840551, 44.357720386546305], [-115.23857128948569, 44.35776837551584], [-115.2389458355636, 44.35780127948392], [-115.2393045746374, 44.357828072452854], [-115.23967026671465, 44.35786685542229], [-115.24002722179088, 44.357909311392746], [-115.24037500886811, 44.357967048365474], [-115.24067899093956, 44.35803926234353], [-115.24097147801415, 44.3581408733252], [-115.24124087908557, 44.35824996730967], [-115.24145936314636, 44.35835414029846], [-115.24164752119783, 44.3584388372884], [-115.24188615526418, 44.358552460276144], [-115.2420531683101, 44.35862909726727], [-115.24233170838376, 44.35874046725112], [-115.2426700824716, 44.358866838230725], [-115.24303740956383, 44.358986691207015], [-115.24340302265315, 44.35909251218225], [-115.24359696470043, 44.35914778916905], [-115.24365808771488, 44.3591631841647], [-115.24376192273998, 44.359191590157536], [-115.24413248183137, 44.35930329313286], [-115.24459194694279, 44.359431366101305], [-115.2450749720632, 44.35958434306979], [-115.24548044016095, 44.35969432404165], [-115.2455694851821, 44.359716879035346], [-115.2456023871901, 44.35972624003314], [-115.2458240012449, 44.35979385301842], [-115.24611052431122, 44.35985630099723], [-115.24643151238284, 44.3599115849722], [-115.24680462546463, 44.35996741194242], [-115.24713303153592, 44.36001274691581], [-115.24745565660615, 44.36005828288979], [-115.24762198264236, 44.36008192787639], [-115.24788305470041, 44.3601257168559], [-115.24821402977636, 44.36019426783112], [-115.24854418085354, 44.36027046680705], [-115.24894111294624, 44.36036143877809], [-115.24918044400322, 44.36042232376114], [-115.24948393007668, 44.36050629874025], [-115.24980261915442, 44.360597885718654], [-115.25008068022127, 44.36067224669926], [-115.25035611628792, 44.3607484106803], [-115.25058315934248, 44.36080907466448], [-115.25082965640213, 44.360877253647544], [-115.25107536046171, 44.36094574463065], [-115.2513738765332, 44.361024104609704], [-115.25171067161381, 44.36111227458611], [-115.25201996368438, 44.36117419556277], [-115.2522808617429, 44.361220617542514], [-115.25262159981594, 44.361262726514546], [-115.25299815689702, 44.36131091648371], [-115.25340539298499, 44.36136510845055], [-115.25378452306654, 44.361413334419495], [-115.25418164315157, 44.36146183538682], [-115.25459413123991, 44.36151241435288], [-115.25496281632041, 44.361566011323234], [-115.2552342733793, 44.36160336430123], [-115.25547281042876, 44.36162361128081], [-115.25574169648714, 44.36166092425908], [-115.25603377154971, 44.36169674423504], [-115.25636871762562, 44.36176089120948], [-115.2566769807023, 44.361857833189305], [-115.25682927874364, 44.36192472318093], [-115.25702182779817, 44.36202174217151], [-115.25716231584654, 44.3621401041688], [-115.25730455390027, 44.3622861631683], [-115.25743939595216, 44.36243013416834], [-115.25757623600488, 44.36257623916838], [-115.25775347607137, 44.362756036167646], [-115.25793793714233, 44.36295254516762], [-115.25809052719947, 44.363106455166886], [-115.25823505425356, 44.36325223116618], [-115.25840136130627, 44.36336729616073], [-115.25854092334447, 44.3634303001533], [-115.25866588437479, 44.36346541114471], [-115.25880420040447, 44.36348245413335], [-115.2589658914391, 44.36350237812001], [-115.25916578148023, 44.363517305102704], [-115.25933006151354, 44.363527189088295], [-115.25953081755095, 44.363521025069126], [-115.25974282759005, 44.363511851048585], [-115.26005776364528, 44.36348290201675], [-115.26045291771781, 44.363464639978375], [-115.26093014680119, 44.36341874893], [-115.26128845386462, 44.36338915589406], [-115.26157998791474, 44.36335669986413], [-115.26191083996783, 44.36329901582828], [-115.26218498001087, 44.36324600179816], [-115.26243357005008, 44.36319898577093], [-115.26268147408922, 44.363152097743786], [-115.26303829914575, 44.363085582704755], [-115.26353451722568, 44.3630008936512], [-115.26391458328602, 44.36293103860974], [-115.2642046873289, 44.36285981557651], [-115.26449212236776, 44.3627697195419], [-115.26473616239826, 44.3626790505113], [-115.26498849442805, 44.3625759054788], [-115.26525322845823, 44.36246181344421], [-115.26551255549153, 44.36237054841214], [-115.26563849550898, 44.36233321839717], [-115.26579423653702, 44.36232317438176], [-115.26602298958163, 44.362326648360835], [-115.26624551463158, 44.36236692134362], [-115.2664390036806, 44.362432579331326], [-115.26663162673523, 44.36253033232198], [-115.26685007680327, 44.362674407314216], [-115.2671272008973, 44.362900513308205], [-115.26739881198692, 44.363107553301035], [-115.26772128708966, 44.36333381129079], [-115.2679751271745, 44.36353320228453], [-115.26814139822754, 44.36365009527927], [-115.2682796682735, 44.3637573412758], [-115.26844080032554, 44.36387415727101], [-115.26860800838098, 44.36400340226672], [-115.26869542441193, 44.36408160326542], [-115.26878938444678, 44.364174596264796], [-115.26888555449052, 44.36431440826805], [-115.26900152654278, 44.36448034527177], [-115.26911038558997, 44.364625883274314], [-115.26927056466018, 44.36484407827847], [-115.26943590773179, 44.365064538282354], [-115.26957391878881, 44.36523341828425], [-115.26971234184603, 44.36540280328617], [-115.26985887790717, 44.365585460288465], [-115.27003735497715, 44.36578289328912], [-115.27028411606908, 44.36602959628767], [-115.2704339851257, 44.366183718287196], [-115.27062777119642, 44.36636887728534], [-115.27085291927938, 44.366588453283576], [-115.27101767633923, 44.366744587281815], [-115.27126979042995, 44.366978863278824], [-115.2715397525216, 44.367199117272925], [-115.27182798361167, 44.3673910622629], [-115.27212627770302, 44.367579586251544], [-115.27242546678904, 44.36773775123755], [-115.27265635384973, 44.367828018223946], [-115.27296528892711, 44.36792814120392], [-115.27335465602349, 44.36804759617813], [-115.27379278212777, 44.36815921514708], [-115.27422734222473, 44.3682341491132], [-115.27463800131514, 44.368298222080604], [-115.27489094337021, 44.3683343270602], [-115.27523176643818, 44.36834828102971], [-115.27559535050457, 44.368329772994215], [-115.27593537656486, 44.368302172960206], [-115.27627968062811, 44.36828640992676], [-115.27667114669995, 44.36826818188876], [-115.27710100777958, 44.36825226184735], [-115.27748940685554, 44.36825985781186], [-115.27778074592015, 44.36830814678898], [-115.27805067898143, 44.36836045276839], [-115.27837770605792, 44.36843619874457], [-115.27870835213555, 44.36851453272067], [-115.27903765821213, 44.368588760696504], [-115.27936060928774, 44.36866371367296], [-115.27964537435828, 44.36875159765416], [-115.2800818274705, 44.36890914962726], [-115.28033795853752, 44.36900769161206], [-115.28052496258748, 44.36908554060143], [-115.28077554265694, 44.369203649588385], [-115.28104424172739, 44.36930801857253], [-115.2813152247946, 44.36939190755463], [-115.28162148887067, 44.36948793153446], [-115.28188556593635, 44.36957051151711], [-115.28215918201158, 44.36969637150266], [-115.2824084340826, 44.36982445549061], [-115.28255839513686, 44.36996511348893], [-115.28262834417338, 44.37009297549359], [-115.28267583121198, 44.37025591350336], [-115.28273063026339, 44.37048183351795], [-115.28276893734194, 44.37087544054876], [-115.28277936338466, 44.37110080956741], [-115.28278572741077, 44.37123835357886], [-115.28280646847136, 44.37155130260422], [-115.28275812751468, 44.37184177563407], [-115.28270273555395, 44.3721178496633], [-115.28266160060026, 44.37241736369326], [-115.28264345463421, 44.37262426171298], [-115.28263171365617, 44.372758135725796], [-115.28258916871096, 44.37310586476009], [-115.28255325777215, 44.373482275796256], [-115.28252281181598, 44.37375693982306], [-115.28250331485583, 44.37399782384588], [-115.28249454390843, 44.37429782487283], [-115.28252243897238, 44.37462160089849], [-115.28257600303573, 44.3749150009191], [-115.28264346507953, 44.37508541592768], [-115.28270137511713, 44.37523170193507], [-115.2827177281578, 44.375439182951624], [-115.28271865521391, 44.375748261978515], [-115.28275631926554, 44.37599357799642], [-115.28280059629292, 44.376097861001384], [-115.28285239632145, 44.37620047000553], [-115.28300697439644, 44.376451119013005], [-115.28317903547453, 44.376700243018696], [-115.28324981551256, 44.37683529402388], [-115.28330513355084, 44.37698797903203], [-115.28334122959056, 44.3771693630445], [-115.28337680662975, 44.3773481430568], [-115.28341785167652, 44.37756313907174], [-115.28346511273233, 44.37782110608982], [-115.28350096877939, 44.37804317110586], [-115.28356907384888, 44.37835504612674], [-115.28362107089168, 44.37853626413767], [-115.28374282096324, 44.37880249614956], [-115.28389704505018, 44.3791190661628], [-115.28401542811622, 44.379358707172685], [-115.28414003018673, 44.37961596318351], [-115.28429038027843, 44.37996335619984], [-115.28442322235954, 44.380270291214195], [-115.28450969140518, 44.38043083622018], [-115.2846066794564, 44.380610909226824], [-115.2846896405061, 44.38079765023537], [-115.2847632845503, 44.380963415242995], [-115.28484593459824, 44.381140846250766], [-115.28492502864414, 44.38131063825821], [-115.28503845270748, 44.38154018826765], [-115.28510378574397, 44.38167241027314], [-115.28526154383096, 44.38198563028572], [-115.28539490190725, 44.38226579329775], [-115.28550564697066, 44.3824984483077], [-115.28563614104272, 44.38275805731819], [-115.28573637709805, 44.38295746832624], [-115.28589922618536, 44.383267191338106], [-115.28609931229612, 44.38366679735431], [-115.28626365238732, 44.383996309367745], [-115.28638999645744, 44.38424963637806], [-115.28644762748944, 44.384365186382794], [-115.28658875056833, 44.384651357394574], [-115.28670383663376, 44.38489068840471], [-115.28682104970187, 44.38514255641578], [-115.28692591976294, 44.38536849842569], [-115.28701693880696, 44.38551530342999], [-115.28715663786357, 44.38567996743135], [-115.28734089093057, 44.3858542354294], [-115.28750864998841, 44.38599609742612], [-115.2877065470562, 44.38616060042202], [-115.28799038215318, 44.38639528841609], [-115.28825263524514, 44.38662538041171], [-115.28849535833157, 44.38684518540825], [-115.28866893040095, 44.38704430140947], [-115.28876852245136, 44.38721729741526], [-115.28886041649743, 44.387374065420396], [-115.28895871155189, 44.38757072242837], [-115.289060056606, 44.38776210643562], [-115.28917234466682, 44.38797903644404], [-115.28928187272277, 44.38817181845063], [-115.28943070180192, 44.38845104946114], [-115.28961655090038, 44.388797708474], [-115.28971178695345, 44.3889897884819], [-115.28979098799756, 44.389149527488414], [-115.28992247006809, 44.389399321497955], [-115.29004595213429, 44.38963391350692], [-115.29020479621502, 44.3899114125163], [-115.2903866213122, 44.39025535552936], [-115.29050759837335, 44.390464400536274], [-115.29065135045212, 44.3907470325475], [-115.29076340252048, 44.39100596655968], [-115.29081158857099, 44.39123357257499], [-115.29082531962774, 44.39153212259974], [-115.29083471569271, 44.391880784629286], [-115.29084328575195, 44.39219875465615], [-115.29084404082495, 44.39260072769113], [-115.29084173788532, 44.392936554720606], [-115.29084704400839, 44.39361014277879], [-115.2908366510556, 44.39388153480341], [-115.29079678210996, 44.394223944836945], [-115.2907465511581, 44.39454274086944], [-115.29069376220868, 44.394877766903505], [-115.2906653552359, 44.395058057921865], [-115.29061457628364, 44.39537518195428], [-115.29056773232769, 44.395667736984116], [-115.29052693336602, 44.39592252801008], [-115.29047957641053, 44.39621828504027], [-115.2904191594493, 44.39649607407009], [-115.29035858050447, 44.39686497210791], [-115.29031508453905, 44.39710159013257], [-115.29028165256557, 44.39728345215156], [-115.29023844359993, 44.39751850517604], [-115.2902134966197, 44.397654217190166], [-115.29012860166988, 44.39802101923007], [-115.29007716471072, 44.398300840259225], [-115.29004319473775, 44.398485638278494], [-115.29001170576274, 44.39865694029632], [-115.28998582478329, 44.39879773731103], [-115.28992680781356, 44.39902731133654], [-115.28988118084065, 44.39922492835797], [-115.28982853084729, 44.39931703137094], [-115.28976795584798, 44.39938512038248], [-115.28964102084005, 44.39947603240224], [-115.28961081983755, 44.399493895406586], [-115.28939576580693, 44.3995528414318], [-115.28920797277598, 44.39958107545176], [-115.28904358074405, 44.39957888546687], [-115.28889644371546, 44.39957692448039], [-115.28872554467839, 44.399553421494296], [-115.28856903064448, 44.399531896506986], [-115.28830833159138, 44.39951518652982], [-115.288261754583, 44.3995181975344], [-115.28811724756017, 44.39954523955022], [-115.28798841154335, 44.39958888056608], [-115.28783881753576, 44.39970526059011], [-115.28776356353985, 44.39980774960609], [-115.2876612145523, 44.39998486363105], [-115.28758802357501, 44.40018742665553], [-115.28752568259429, 44.400359781676315], [-115.28747075961529, 44.40053403469662], [-115.28737179764694, 44.40081325973016], [-115.28730511666822, 44.40100139875281], [-115.28720576469362, 44.40124644378341], [-115.28710801672477, 44.401521884816475], [-115.28698324975609, 44.40182656385466], [-115.28689281278716, 44.40209364588635], [-115.28683735180616, 44.40225743290581], [-115.28672605184155, 44.40257018494345], [-115.28664863486652, 44.40278993496979], [-115.28659019488533, 44.40295581598966], [-115.28647904691977, 44.40326321102681], [-115.28633275396452, 44.40366476407544], [-115.28625250098962, 44.40388841310236], [-115.28618354901127, 44.40408056412554], [-115.28608584404216, 44.40435421715851], [-115.28598808006954, 44.4046089911898], [-115.28592503209202, 44.404799710212274], [-115.285863395114, 44.40498615623426], [-115.2858137971317, 44.40513619025194], [-115.28577027616147, 44.40534634227433], [-115.28574398419585, 44.405563900295704], [-115.2857426542348, 44.405780045314685], [-115.28577224628883, 44.40604667733512], [-115.2857968233354, 44.40627740535295], [-115.28581722937402, 44.40646896436776], [-115.28584163243454, 44.40677669139224], [-115.2858627604869, 44.40704311241354], [-115.28588451554167, 44.407322131435826], [-115.28591057460157, 44.407624440459664], [-115.28593597964368, 44.407829954475226], [-115.28596165168628, 44.40803762449093], [-115.28598314472195, 44.40821149950409], [-115.2859853497551, 44.40839196751961], [-115.28599704979305, 44.408588657535645], [-115.28602130883277, 44.40878196255019], [-115.28604017887696, 44.409005529567885], [-115.2860564879151, 44.40919874358323], [-115.28608949997951, 44.409519021608055], [-115.28613293405861, 44.40990912763799], [-115.28614665609986, 44.41012192565524], [-115.28613306815072, 44.41041649368212], [-115.28609176219807, 44.41072136371256], [-115.28603416323514, 44.41098668574101], [-115.28598793926572, 44.41120394376424], [-115.28593823230173, 44.41145509379075], [-115.28586272433823, 44.41173622582227], [-115.28579581837067, 44.41198565885025], [-115.28574245139649, 44.41218461487252], [-115.28571839841742, 44.41232538688702], [-115.2857195724413, 44.41245581889827], [-115.28573884446996, 44.41259337490849], [-115.28575669349652, 44.41272077691788], [-115.28577080151288, 44.41279614692313], [-115.28578687553157, 44.41288201392916], [-115.28581271356806, 44.41305582694183], [-115.28583478459922, 44.413204300952714], [-115.28586666265502, 44.41347811197359], [-115.28588770169868, 44.41369637999067], [-115.2858857057262, 44.41384998800423], [-115.28585149075953, 44.41407000302655], [-115.28583376478579, 44.41423360304246], [-115.28580764581245, 44.41440807006011], [-115.28578096284032, 44.41458975707842], [-115.2857602738619, 44.41473063109257], [-115.28570910090669, 44.41503178012363], [-115.28567621493436, 44.41521886814292], [-115.28565251396864, 44.41543289016379], [-115.28565586499492, 44.41557407317577], [-115.28571599803544, 44.4157339741841], [-115.28579876207912, 44.415887068189726], [-115.28592263013857, 44.41608365519527], [-115.2860477501905, 44.41623738519702], [-115.28619363824131, 44.41636284219432], [-115.2863745632979, 44.41648346618797], [-115.28658242636268, 44.41662057118049], [-115.2868006744269, 44.41674354117087], [-115.28702162249033, 44.416859405160345], [-115.28729608157232, 44.41702073214882], [-115.28751931463748, 44.4171437751387], [-115.28777685671292, 44.41728698412719], [-115.28807369079959, 44.41745043211372], [-115.28831452386723, 44.41756837710154], [-115.28861878395564, 44.417733722087576], [-115.28893555504617, 44.417897467072315], [-115.28930604815399, 44.41809953105532], [-115.28959665923823, 44.41825647204189], [-115.28986065131484, 44.418399036029726], [-115.29003935836936, 44.41851068802277], [-115.29023732343188, 44.41864585301609], [-115.29045187050808, 44.41883852401284], [-115.29059136056146, 44.418985227012584], [-115.29074525462615, 44.41917868501508], [-115.29089821269646, 44.419404285020484], [-115.29104359176594, 44.41963334502684], [-115.29124258786035, 44.41994308703528], [-115.29140870593871, 44.42019881704203], [-115.29157472801695, 44.42045440204878], [-115.2917210440859, 44.420679646054744], [-115.29192669317979, 44.42097927906162], [-115.29214454427766, 44.42128802706818], [-115.29230192335247, 44.42153334307486], [-115.2924909694379, 44.42180414308083], [-115.29264897550888, 44.42202803008558], [-115.29279893956628, 44.42218569708533], [-115.29296214262142, 44.422316764081486], [-115.29315317067933, 44.42243395507389], [-115.29335920273988, 44.422549584064726], [-115.29362062580766, 44.4226463870488], [-115.29394216188518, 44.422733371026396], [-115.29420992094575, 44.422783820005755], [-115.29438905098546, 44.42281334399164], [-115.29458534502396, 44.422818010973714], [-115.29481977706831, 44.42281436595155], [-115.29507580611455, 44.42279831092628], [-115.29536029915947, 44.42274505589509], [-115.29560043419399, 44.422681261867176], [-115.29584422322681, 44.42260446283777], [-115.29611733426361, 44.42251842480481], [-115.29637545129638, 44.422425757772665], [-115.29672872434027, 44.42229414072827], [-115.29715820839277, 44.42212943667387], [-115.29800887649706, 44.42180471756631], [-115.29845234955208, 44.42163874051052], [-115.29886504660305, 44.421483312458484], [-115.29930422365751, 44.42131913940327], [-115.29981081972053, 44.42113047733958], [-115.30030379278224, 44.42094948327785], [-115.30081697684618, 44.42075933121349], [-115.30138223691667, 44.420549879142534], [-115.30190702298425, 44.42036749107773], [-115.3024629880559, 44.42017426200908], [-115.30290566910944, 44.42000141295273], [-115.30335359916536, 44.419836011896564], [-115.30375964121387, 44.41967396884461], [-115.30406385624711, 44.4195357178042], [-115.3043231082777, 44.41943001677084], [-115.304645107314, 44.4192895927286], [-115.30500968735625, 44.41913699868134], [-115.30530702239244, 44.419022351643605], [-115.30554149642377, 44.41894683761517], [-115.30578870846101, 44.41889073458728], [-115.30606967350585, 44.418840688556706], [-115.30637762355762, 44.418800357524496], [-115.30666089360628, 44.41876920949537], [-115.30695785765792, 44.41873956346507], [-115.30747706874789, 44.41868654741203], [-115.30787684581885, 44.41865491037202], [-115.30837079790473, 44.41860596832171], [-115.30893731100414, 44.41855482626442], [-115.30948219309971, 44.41850541720931], [-115.30994942718267, 44.418468245162494], [-115.31019269722913, 44.418467142139725], [-115.3104367822835, 44.41850882612058], [-115.3106962893473, 44.41858591110308], [-115.3108397603841, 44.418636951094136], [-115.3109396504097, 44.41867248308789], [-115.31120207947713, 44.418766683071645], [-115.31165920959413, 44.41892796004301], [-115.31221133473387, 44.41911416700773], [-115.31262099784077, 44.41927013498307], [-115.31297887893112, 44.41938963396008], [-115.31312949096649, 44.41942501294913], [-115.3132710429996, 44.41945826393884], [-115.31364193707405, 44.4194762469058], [-115.31401611014513, 44.419472322870554], [-115.31445304722642, 44.4194582488286], [-115.31488713530734, 44.41944548178703], [-115.31539422840264, 44.41943459473875], [-115.31566490445395, 44.41943104871319], [-115.31595823150954, 44.419427204685505], [-115.3161932695551, 44.419430036663826], [-115.31640360559594, 44.41943257064441], [-115.31675634966491, 44.41944001961217], [-115.31696561570591, 44.41944443959307], [-115.31708908273004, 44.41944704658178], [-115.31741716979502, 44.419458351552166], [-115.31782927987585, 44.41946798651453], [-115.31811129693156, 44.419476786489035], [-115.31839274198713, 44.4194855684635], [-115.31898760310295, 44.419495054408856], [-115.31964330723106, 44.419507951348855], [-115.32013684232666, 44.419513025303274], [-115.32035854637013, 44.41951807428301], [-115.32081965545876, 44.41951949524012], [-115.32115617952324, 44.419518831208684], [-115.32152336059355, 44.41951810517439], [-115.32206979869899, 44.4195215411237], [-115.3226562218117, 44.41952310906917], [-115.32312005990124, 44.41952606002615], [-115.32361576399794, 44.4195349939807], [-115.32392797005807, 44.41953650195166]]}, "properties": {"objectid": 9581245, "trail_cn": "4120010540", "trail_name": "STANLEY/ LANDMARK TRAIL, RD #1", "trail_no": "SNO-4422", "trail_type": "SNOW", "trail_class": "1", "gis_miles": 9.432, "trail_surface": "SNOW", "typical_trail_grade": "TG05 - +12-20%", "typical_tread_width": "TW03 - 18-24 INCHES", "national_trail_designation": 1, "terra_motorized": null, "allowed_terra_use": null, "bicycle_managed": null, "bicycle_accpt": null, "bicycle_disc": null, "bicycle_restricted": null, "e_bike_class1_managed": null, "motorcycle_managed": null, "admin_org": "041302", "managing_org": "041302"}}, {"type": "Feature", "id": 9587702, "geometry": {"type": "LineString", "coordinates": [[-115.2124580104613, 44.35773533694105], [-115.21256078447949, 44.35772653393069], [-115.21269830150011, 44.35769443591508], [-115.21276118150703, 44.35766558490675], [-115.21284637851429, 44.35761522889438], [-115.21296033052356, 44.35754523987767], [-115.21303707252996, 44.35749894786651], [-115.21310212753302, 44.35744669185587], [-115.21323417654195, 44.35735544883563], [-115.21330362954797, 44.357315045825615], [-115.21337426555282, 44.35726651581479], [-115.21345844355933, 44.35721336080233], [-115.21351629756495, 44.35718259379424], [-115.2136012785715, 44.35712853278161], [-115.21367351457862, 44.35709101377163], [-115.21374787158527, 44.35704860276101], [-115.21381153758925, 44.35700279875106], [-115.21387953359351, 44.3569542617405], [-115.21393656259836, 44.35692030473224], [-115.21415468165075, 44.35697815171703], [-115.21424544267278, 44.35700376371085], [-115.2143453736934, 44.35701137070219], [-115.21443484971104, 44.35701403069412], [-115.21451859872805, 44.357018985686764], [-115.21461347674803, 44.35702836667875], [-115.2147117907689, 44.35703931367059], [-115.21480705078797, 44.35704370866208], [-115.21490682980956, 44.357056823653956], [-115.21500124483043, 44.35707205564651], [-115.21509424085221, 44.357093745639766], [-115.21518883087313, 44.3571089016323], [-115.21526450888962, 44.3571194796262], [-115.21532702590302, 44.35712712562108], [-115.21541596092403, 44.35714907261473]]}, "properties": {"objectid": 9587702, "trail_cn": "400330010602", "trail_name": "CAPE HORN CR USER 1", "trail_no": "4370", "trail_type": "TERRA", "trail_class": "3", "gis_miles": 0.164, "trail_surface": "NATIVE MATERIAL", "typical_trail_grade": "TG01 - +0-5%", "typical_tread_width": null, "national_trail_designation": 1, "terra_motorized": "Y", "allowed_terra_use": "654321", "bicycle_managed": null, "bicycle_accpt": null, "bicycle_disc": null, "bicycle_restricted": null, "e_bike_class1_managed": null, "motorcycle_managed": null, "admin_org": "041306", "managing_org": "041306"}}, {"type": "Feature", "id": 9589545, "geometry": {"type": "LineString", "coordinates": [[-115.23401132360601, 44.09517148885308], [-115.23326689646753, 44.095195706923754], [-115.23260282933734, 44.0951793709835]]}, "properties": {"objectid": 9589545, "trail_cn": "5109.003221", "trail_name": "TEN MILE RIDGE", "trail_no": "7467", "trail_type": "TERRA", "trail_class": "2", "gis_miles": 0.066, "trail_surface": "NATIVE MATERIAL", "typical_trail_grade": "0-5%", "typical_tread_width": "TW03 - 18-24 INCHES", "national_trail_designation": 1, "terra_motorized": "N", "allowed_terra_use": "21", "bicycle_managed": null, "bicycle_accpt": null, "bicycle_disc": null, "bicycle_restricted": "01/01-12/31", "e_bike_class1_managed": null, "motorcycle_managed": null, "admin_org": "041404", "managing_org": "041404"}}, {"type": "Feature", "id": 9591100, "geometry": {"type": "LineString", "coordinates": [[-115.22755654532247, 44.09491228342469], [-115.22732334726872, 44.09486129944168], [-115.22704944521065, 44.09483003846413], [-115.22690229316608, 44.094737721469535], [-115.22670465711484, 44.09466262748109], [-115.22648204805878, 44.09458714549491], [-115.2262580950104, 44.09455665851284], [-115.22602246195498, 44.09449897952943], [-115.22586067292033, 44.094478459542515], [-115.22557670884594, 44.09436600955875], [-115.22537826779934, 44.09431791057277], [-115.22510517673665, 44.09425964759278], [-115.22485679068039, 44.09421077161135], [-115.2245948406278, 44.09419769663427], [-115.22438256758653, 44.09419439665355], [-115.2242213195488, 44.09415587666503], [-115.22407147951964, 44.094153547678566], [-115.22395910049775, 44.09415179968877], [-115.2238708854854, 44.09417743769918], [-115.2238057584887, 44.094266456713015], [-115.22382884550436, 44.0943298387165], [-115.22383890752069, 44.09441102372275], [-115.22379983052267, 44.094464435731076], [-115.22373685851359, 44.0944814627384], [-115.22362447849177, 44.0944797147486], [-115.22349961146746, 44.09447777275995], [-115.2233763614339, 44.09442183676633], [-115.22321511339617, 44.09438331577775], [-115.22301667434958, 44.094335211791794], [-115.22279164530742, 44.094340713813025], [-115.22252888625945, 44.09435463183844], [-115.22235191623783, 44.094423902860825], [-115.22217521521466, 44.09448417488249], [-115.22197434918195, 44.094517060903875], [-115.2217381811296, 44.0944773719221], [-115.22151423108126, 44.094446874940026], [-115.22127887302426, 44.094380186955796], [-115.22100497596621, 44.09434891197829], [-115.22078075691938, 44.09432741299703], [-115.22053129386926, 44.09431452301888], [-115.2202674548275, 44.09436443204756], [-115.21997945277629, 44.094386953076096], [-115.21971669272835, 44.09440086410151], [-115.21941674367159, 44.09440519112951], [-115.21914068662589, 44.09444590415857], [-115.21886462958015, 44.09448661518759], [-115.21863851854414, 44.09452810521207], [-115.21843738051297, 44.0945699832343], [-115.21826013549287, 44.094648247257524], [-115.21818413348447, 44.09468307526762], [-115.21807175346265, 44.09468132127784], [-115.2179976444434, 44.094653156282156], [-115.21793764441735, 44.0945711902804], [-115.21788007737742, 44.094408234271306], [-115.21784748334233, 44.094245668259944], [-115.21781380831342, 44.09411909725184], [-115.21778175527528, 44.093938533238834], [-115.21764791922854, 44.09381940324063], [-115.2175127301894, 44.09374526724652], [-115.21732840813598, 44.093643355254464], [-115.21717911110372, 44.0936230182664], [-115.21701678707218, 44.09362048428117], [-115.21680289404011, 44.0936711643053], [-115.21656321700787, 44.09374845133422], [-115.21632353797563, 44.09382573736314], [-115.21610910294663, 44.093894414388956], [-115.21596985693071, 44.09395526140716], [-115.21588163991835, 44.093980893417566], [-115.21580753289915, 44.09395272642192], [-115.21574780687155, 44.093861760419344], [-115.21573856785058, 44.09375357841061], [-115.21575565582683, 44.09360079039556], [-115.21582106482201, 44.09350277638084], [-115.21579933979862, 44.09339439837328], [-115.21577815577214, 44.09326802236402], [-115.21575643074877, 44.09315964435644], [-115.21559816869403, 44.09302212435884], [-115.2154765536512, 44.092912185360355], [-115.21534137061211, 44.09283804736623], [-115.21520564557612, 44.092781907373734], [-115.21504494853532, 44.092725376383555], [-115.2148321404971, 44.09274005740444], [-115.21471949347671, 44.092747299415485], [-115.21458295744542, 44.09271815542544], [-115.21446026140877, 44.09264421143023], [-115.21440324736574, 44.092463256419464], [-115.21434542132735, 44.09230929741118], [-115.21432397030246, 44.09219192040274], [-115.21425152226917, 44.092082748399775], [-115.21415512323448, 44.09199120940053], [-115.21399337719502, 44.09194366441125], [-115.21385789516228, 44.09190553242036], [-115.21363290711528, 44.091884007439155], [-115.21337015806736, 44.09189790346457], [-115.21309492201698, 44.09191160449112], [-115.21294373399554, 44.09195425550882], [-115.21281616198667, 44.09204229152837], [-115.21272523498975, 44.092157910546966], [-115.21264838899076, 44.092246739561894], [-115.21262942802059, 44.09243551058035], [-115.2126245480484, 44.09259749259514], [-115.21262021007308, 44.09274147560825], [-115.21254231007546, 44.09283929262407], [-115.21247849007578, 44.09291031963627], [-115.21243889507608, 44.09295471564381], [-115.21234008905049, 44.09291715664963], [-115.21215469300324, 44.092851231660866], [-115.21195789694737, 44.09274911566989], [-115.21174834289063, 44.09265580268096], [-115.2114391718129, 44.092551926700274], [-115.21121631975839, 44.09248541371487], [-115.21099156871463, 44.09248189373524], [-115.21079151867731, 44.09248776275419], [-115.21059092564309, 44.09251162977476], [-115.21039141760261, 44.09249950079209], [-115.2101810535505, 44.09243318180562], [-115.2098724294697, 44.09231130382322], [-115.20968839641473, 44.09220038083033], [-115.20953937738098, 44.0921710348415], [-115.20937760134626, 44.092150491854575], [-115.20922695332173, 44.0921751398706], [-115.20904997530006, 44.09224439089302], [-115.20880866327707, 44.09237565492686], [-115.20864253926705, 44.09249909395307], [-115.20841371224645, 44.09263055398581], [-115.20826007323896, 44.09275418801087], [-115.20810860721902, 44.09280583202939], [-115.20786865118829, 44.09289209905914], [-115.20770687315363, 44.092871554072175], [-115.20743217610011, 44.09286724309711], [-115.20719684104314, 44.09280052611288], [-115.20684940296276, 44.092723046138], [-115.20648975187838, 44.09263637016349], [-115.20617923080844, 44.09257747518686], [-115.20584373673354, 44.09251818621247], [-115.2056450476885, 44.09247905122729], [-115.20545993263968, 44.09240411723773], [-115.20530169658491, 44.09226658324015], [-115.20504438950614, 44.09210048124909], [-115.20481123943678, 44.09196176925833], [-115.20459057536992, 44.0918232522664], [-115.20438130931161, 44.09172092727662], [-115.2041337692507, 44.091645009292634], [-115.20383710317537, 44.091541308310774], [-115.20351410410295, 44.09148220933528], [-115.20331596505478, 44.091425073348525], [-115.20305485099757, 44.091384952368976], [-115.20283037795228, 44.091372417388534], [-115.20265366692905, 44.09143265941016], [-115.20247641090897, 44.0915108984334], [-115.20233579390073, 44.09161672445569], [-115.20216993188917, 44.091731155481064], [-115.20201655488007, 44.09184578250536], [-115.20190172587209, 44.09192500352298], [-115.20175025785218, 44.09197663854147], [-115.20155075381169, 44.091964494558766], [-115.20136455576909, 44.09192554957243], [-115.20116587072403, 44.091886407587275], [-115.20109341069553, 44.09180423658671], [-115.20094712664637, 44.09168489058958], [-115.20081442059339, 44.09152974558808], [-115.20071726255853, 44.09143818358894], [-115.2005432795199, 44.09140843260233], [-115.2003815084852, 44.091387877615354], [-115.20014318544516, 44.091420134640195], [-115.19996619842351, 44.091489371662604], [-115.19973899539363, 44.09156681969041], [-115.1994987583644, 44.09166206772093], [-115.19918333232215, 44.09176513375909], [-115.1989433682914, 44.09185138178883], [-115.19875389326724, 44.091920419812375], [-115.19872989426241, 44.09191902181447]]}, "properties": {"objectid": 9591100, "trail_cn": "5109.003221", "trail_name": "TEN MILE RIDGE", "trail_no": "7467", "trail_type": "TERRA", "trail_class": "2", "gis_miles": 1.7389999999999999, "trail_surface": "NATIVE MATERIAL", "typical_trail_grade": "5-8%", "typical_tread_width": "TW03 - 18-24 INCHES", "national_trail_designation": 1, "terra_motorized": "N", "allowed_terra_use": "21", "bicycle_managed": null, "bicycle_accpt": null, "bicycle_disc": null, "bicycle_restricted": "01/01-12/31", "e_bike_class1_managed": null, "motorcycle_managed": null, "admin_org": "041404", "managing_org": "041404"}}, {"type": "Feature", "id": 9591146, "geometry": {"type": "LineString", "coordinates": [[-115.23260282933734, 44.0951793709835], [-115.23248410231407, 44.0951764499942], [-115.23193118819385, 44.095096428038026], [-115.2309774429628, 44.0948243931018], [-115.23022801279421, 44.09468414915847], [-115.23002145674761, 44.09464443317399], [-115.23000357774208, 44.094632770174584], [-115.22988059070695, 44.09456784118016], [-115.22969543765821, 44.09449294619064], [-115.22949618661625, 44.094471851207096], [-115.22934634658709, 44.0944695282207], [-115.22914548455444, 44.09450242724214], [-115.22895576553192, 44.094580514266475], [-115.22875382850542, 44.094649408291204], [-115.22857605748837, 44.094745687316085], [-115.2284229914778, 44.09485135133951], [-115.22828375546187, 44.0949122143577], [-115.228132301442, 44.09496388437621], [-115.22793224340467, 44.09496978339515], [-115.22763363534024, 44.09492913741909], [-115.22755654532247, 44.09491228342469]]}, "properties": {"objectid": 9591146, "trail_cn": "5109.003221", "trail_name": "TEN MILE RIDGE", "trail_no": "7467", "trail_type": "TERRA", "trail_class": "2", "gis_miles": 0.259, "trail_surface": "NATIVE MATERIAL", "typical_trail_grade": "5-8%", "typical_tread_width": "TW03 - 18-24 INCHES", "national_trail_designation": 1, "terra_motorized": "N", "allowed_terra_use": "21", "bicycle_managed": null, "bicycle_accpt": null, "bicycle_disc": null, "bicycle_restricted": "01/01-12/31", "e_bike_class1_managed": null, "motorcycle_managed": null, "admin_org": "041404", "managing_org": "041404"}}]}