{"type":"FeatureCollection","metadata":{"scope":"Idaho","source":"USFS National Wilderness Areas","source_url":"https://apps.fs.usda.gov/ArcX/rest/services/EDW/EDW_Wilderness_02/MapServer/0","generated_at":"2026-09-01T01:44:50.436369+00:00","feature_count":9,"clip_boundary":"US Census Bureau 2025 Cartographic Boundary Files, States, 1:500,000","method":"authoritative ArcGIS source, then exact local clip to Idaho","map_facing":true,"simplification_tolerance_degrees":8e-05},"features":[{"type":"Feature","properties":{"objectid":72,"wildernessid":"a8a89073-31ab-4d73-a734-c123c3adf388","wildernessname":"Cecil D. Andrus-White Clouds Wilderness","areaid":"468","boundarystatus":"Provisional, Subject to Change","gis_acres":90679.334,"wid":764,"source":"USFS National Wilderness Areas","source_url":"https://apps.fs.usda.gov/ArcX/rest/services/EDW/EDW_Wilderness_02/MapServer/0","scope":"Idaho"},"geometry":{"type":"Polygon","coordinates":[[[-114.78171720567062,44.25997901219587],[-114.77974266512554,44.25907472229731],[-114.77836746480905,44.2587981323995],[-114.77686457449613,44.258680252527654],[-114.77588261431903,44.258756502625076],[-114.7746500341303,44.259040282764126],[-114.77183770379183,44.260203333127535],[-114.77040832350396,44.260146033254316],[-114.76896160324509,44.26027042339892],[-114.76565851252231,44.25981635366313],[-114.76345788209525,44.25981921386642],[-114.7613125417608,44.2602804541056],[-114.76009927161911,44.260806754264564],[-114.7588905214431,44.26113626440556],[-114.75805661134903,44.26151664451649],[-114.75713989128775,44.26217073465954],[-114.75585671113407,44.262706184825824],[-114.75478131105615,44.263439714990604],[-114.75234222071272,44.264170395281006],[-114.7506154702858,44.26365958539461],[-114.74795977972968,44.26343603561968],[-114.74416777905368,44.26377773600014],[-114.74342039883219,44.26335117603087],[-114.74227018853122,44.262918126098306],[-114.74090237821292,44.26262502619826],[-114.73969516796787,44.26256683630444],[-114.73832608772632,44.26270477644307],[-114.73693224753022,44.26312379660917],[-114.73590367743262,44.26369703675534],[-114.73507826740028,44.26441447689569],[-114.73393816702666,44.263563776924755],[-114.73268724666639,44.26290877698152],[-114.73080301617615,44.26221531709331],[-114.72908984576831,44.26179718721391],[-114.7264958052297,44.26160599743607],[-114.72375796477316,44.26203104772671],[-114.7219372443326,44.261546717851296],[-114.71987383391438,44.26145223803313],[-114.71723256324846,44.26060027820049],[-114.71530132263408,44.2592633182589],[-114.71221557184197,44.258189268447296],[-114.70885104112068,44.2578153987241],[-114.7076193108946,44.25789119884446],[-114.70628390068629,44.25817993899344],[-114.70443777010074,44.256911909050075],[-114.70196803945728,44.25599949919605],[-114.70103057911885,44.25512527920421],[-114.69974365874243,44.25441920925956],[-114.69782870828062,44.25391976939135],[-114.6956914378617,44.253902929586886],[-114.69411803741372,44.25310839966072],[-114.69316125717381,44.252807649722],[-114.69151413667056,44.251783689782066],[-114.68949897612825,44.25094231989234],[-114.68893846576425,44.249513499815905],[-114.68775239527842,44.24808436979711],[-114.68606892473562,44.246878159844094],[-114.68437738428652,44.24620646993974],[-114.68459101408004,44.244815289795305],[-114.68455047394569,44.24410606973541],[-114.68419957371492,44.24319509968602],[-114.6837268735118,44.24257189967368],[-114.68285171321567,44.24186643969107],[-114.68204435298564,44.24145779972877],[-114.68114162275863,44.24117021978617],[-114.67984994247571,44.24099350988933],[-114.67821828218041,44.241118830050894],[-114.67601586186932,44.24177899031304],[-114.6739270615247,44.242126820536704],[-114.67182498127134,44.24300180080886],[-114.67017153099253,44.24324365098293],[-114.6684214407368,44.24372047118692],[-114.66596429047027,44.244909401520005],[-114.66441313023968,44.24531040169892],[-114.66134040989225,44.24671801210838],[-114.65976243950412,44.246265152213105],[-114.65625335873126,44.245764092491456],[-114.65331997816054,44.24576793276201],[-114.65055927766463,44.246002763037424],[-114.64868568737653,44.24643403324874],[-114.64756213724627,44.246931623396954],[-114.64655648716277,44.24756206354621],[-114.64317410654598,44.24779923387909],[-114.64159758628324,44.24804859404673],[-114.6397757360074,44.248492704254446],[-114.63790800579409,44.24933794450243],[-114.6370785955015,44.2486033845129],[-114.63592887515583,44.247921354557526],[-114.63451276478582,44.24739380464056],[-114.6332399644954,44.24715621473647],[-114.63206199426065,44.24712732484238],[-114.63054534400405,44.24734618500177],[-114.62909557381178,44.247852945180796],[-114.62771283368967,44.248679825382496],[-114.62608200341202,44.248905705553035],[-114.62412107288233,44.24807892565934],[-114.62299889260548,44.24775307573339],[-114.62184473234585,44.24755887582223],[-114.6205675620917,44.24753008593729],[-114.61831542171386,44.24787389617563],[-114.61649136145927,44.2484407163946],[-114.61512190130077,44.249049326575424],[-114.61303033114532,44.250465306895364],[-114.61161801064026,44.249177026909635],[-114.6102557902368,44.248404336965606],[-114.60847217979249,44.24786276708116],[-114.60634935935651,44.24773956726561],[-114.6042639490149,44.248105127490525],[-114.60284898870856,44.247935147605524],[-114.60140392842932,44.247949817739965],[-114.59944926810944,44.2482940779509],[-114.59801768792548,44.24882896813088],[-114.59673249781736,44.24962903832118],[-114.5958979677813,44.25034005846198],[-114.59528650781795,44.251214978597005],[-114.59248639734395,44.25162080889143],[-114.5906837069131,44.2511766990175],[-114.58897450654175,44.25096440915574],[-114.58658435608787,44.251034609382216],[-114.58445260574014,44.25141757961294],[-114.58320897542426,44.25100721969054],[-114.58625860561501,44.2487381992055],[-114.58835540565734,44.24667975882718],[-114.58943094572388,44.245875508655786],[-114.59023004583595,44.245629498560064],[-114.59077707582746,44.2449828684515],[-114.59163866596974,44.24483778835914],[-114.59222791599916,44.24435768826168],[-114.59281126606311,44.24407783818275],[-114.59336118601075,44.2431819180515],[-114.59382875602982,44.242776927971995],[-114.59441317594657,44.241669597818586],[-114.59647284595599,44.23946679743069],[-114.59788692609592,44.23870389723188],[-114.59856283622145,44.23866824716643],[-114.59922222631015,44.23844416708554],[-114.60108626645594,44.23722134680396],[-114.60209091643873,44.23602441660377],[-114.60265233636109,44.234973456457475],[-114.60409923627066,44.232881046135994],[-114.60528648608194,44.23052021581428],[-114.60587347610681,44.23001692571496],[-114.60688559628127,44.22988842561022],[-114.60737901634211,44.2296895355469],[-114.60768173635411,44.229425305495276],[-114.60784002632164,44.229069285448645],[-114.60866834636624,44.22841268531336],[-114.61025925647263,44.227267525063866],[-114.61122685657139,44.22676263492939],[-114.6117684665826,44.22623211483182],[-114.61271337665723,44.22561632468941],[-114.6129978266478,44.22525180463047],[-114.61316410655719,44.224560334552905],[-114.61468816668147,44.22358903432529],[-114.61758280675352,44.22082273380997],[-114.6166500064869,44.22034604385287],[-114.6118768653139,44.218983134169385],[-114.61302595546664,44.218582184027554],[-114.61358902548373,44.218061293928855],[-114.6156458256939,44.21698876364309],[-114.616043525705,44.21661523357288],[-114.6164312356463,44.21586021346928],[-114.617329595705,44.2152056933277],[-114.61769005564423,44.21446881322818],[-114.61797939565473,44.214210663178335],[-114.6172349053447,44.21328330316336],[-114.61667450516418,44.212882713178814],[-114.61536028463412,44.211342093161036],[-114.61494010450052,44.211051463173526],[-114.59919922143928,44.21109540462514],[-114.59951790134465,44.210213434516405],[-114.59952061114923,44.20911103441681],[-114.60036344100541,44.207377134183105],[-114.60055109087565,44.20644119408154],[-114.60165800064274,44.2039158637522],[-114.60622115052844,44.19826421282341],[-114.60760581041097,44.1960830524996],[-114.61092529024415,44.1914993517814],[-114.61233626008293,44.18904206143028],[-114.61340997006637,44.18776962121687],[-114.61508465990624,44.18502872081595],[-114.6162499499213,44.183833700601156],[-114.61712624986252,44.18253998040405],[-114.617364519799,44.181920080326286],[-114.61718702964473,44.18124563028178],[-114.6172491896117,44.180991280253174],[-114.61780928954661,44.1800091201132],[-114.61783364944499,44.17940955005689],[-114.61839100942021,44.1786577999379],[-114.61860650936335,44.1781004698679],[-114.61900621937205,44.17771038979601],[-114.61987019944769,44.1771878996695],[-114.62051132939305,44.17617538951938],[-114.6212938894005,44.17535779937374],[-114.62216470947183,44.174803189243754],[-114.62300420950012,44.17404051909791],[-114.62429107964273,44.17343080892474],[-114.62537428967094,44.172399738732295],[-114.62676328977517,44.17146159852011],[-114.63057418051368,44.17143968816811],[-114.63053857992558,44.16816190787591],[-114.6239994186581,44.168197818479754],[-114.62250086850064,44.16895649868578],[-114.61996167814554,44.16974421899001],[-114.61943946816461,44.17042571909949],[-114.61777599796453,44.17112529931529],[-114.6173276879895,44.171758759413606],[-114.61622869793473,44.17265766959559],[-114.61600243798162,44.173170869662634],[-114.61410906805044,44.175639730059196],[-114.6131122379258,44.17603204018613],[-114.61271328795712,44.176647360278274],[-114.6124748379352,44.17678556031262],[-114.6099141576413,44.17794228065219],[-114.60922497760478,44.17849365076519],[-114.6087118176425,44.179270300882365],[-114.60827505758627,44.17943336093721],[-114.60804163722425,44.17764865079767],[-114.60825376707214,44.176558080679875],[-114.6089187368295,44.1744590104295],[-114.6090209364725,44.17233318022837],[-114.60888732613947,44.17060151008442],[-114.60858143593978,44.16981136004124],[-114.60822625559332,44.168247559932794],[-114.6077916054299,44.16780338993266],[-114.60719433513995,44.16682427989916],[-114.60695585491256,44.1658030198289],[-114.60668684484116,44.16569625984397],[-114.60628017485716,44.16623394992981],[-114.60619136481526,44.166095349925456],[-114.6064256947675,44.1655679498564],[-114.60648695427184,44.162703289592294],[-114.60699626418855,44.16167262945249],[-114.60769145419242,44.16092983932163],[-114.60764068411507,44.16054918929194],[-114.60732886403454,44.160437529310514],[-114.60778968400766,44.15977874920874],[-114.60739242382134,44.15916408918973],[-114.60725152351371,44.15758243905992],[-114.60698105323166,44.15628732896787],[-114.60624642288958,44.15516414893392],[-114.60580791275683,44.15489691895004],[-114.60574969265774,44.15440162891068],[-114.60537512252087,44.15404065891249],[-114.60595993259277,44.15380324883737],[-114.60647312247936,44.15259786868147],[-114.60626271230893,44.151866598634754],[-114.6056940020901,44.15125678863186],[-114.60589759201685,44.1506189185556],[-114.60619528201886,44.15030236849972],[-114.60598713192506,44.15000161849166],[-114.60615559188909,44.149612988441085],[-114.6056461217148,44.14918904844961],[-114.60591355164453,44.14849808836262],[-114.60624377163396,44.14807446829409],[-114.60620059153212,44.1475465382504],[-114.6064540515094,44.147139448190394],[-114.6064875514506,44.14677002815398],[-114.60662633146528,44.1467002381349],[-114.5941773779223,44.14038814870681],[-114.59502288782907,44.1389294384975],[-114.59566066763082,44.13710574827418],[-114.59616042756484,44.13618146814483],[-114.59735912755816,44.13482273791211],[-114.59765235752035,44.13428550783666],[-114.59818358758552,44.13406844776831],[-114.59830996749623,44.1334241476985],[-114.59917939752333,44.132619087546026],[-114.59938045744777,44.13196972746889],[-114.59986779742493,44.13130363736403],[-114.59882663703056,44.130220367361616],[-114.59783984675332,44.12973974740864],[-114.5971644866059,44.1296504074625],[-114.59429618601413,44.12946533770877],[-114.59250245569145,44.129617527887],[-114.59099207534793,44.12933959800033],[-114.58897920478951,44.128399858099925],[-114.5881800345322,44.12782531812123],[-114.58608898397753,44.126993088237654],[-114.58502160365934,44.126369888279136],[-114.5835655333114,44.126007198379845],[-114.58265647293601,44.12488571836174],[-114.58118638252111,44.12415942843081],[-114.58056136236854,44.12398540847232],[-114.57995955225837,44.124025798531164],[-114.5790213420064,44.12363499858175],[-114.57850942189397,44.12356352862226],[-114.57697319144242,44.122702888685204],[-114.5760228312588,44.1227123687731],[-114.57382643061216,44.12147594886253],[-114.57290169038723,44.12122340892446],[-114.56928431972543,44.12147009927827],[-114.56776972948059,44.12175624944295],[-114.56705993928281,44.1214203394776],[-114.56550575898629,44.12145742962341],[-114.56499158891418,44.121617139684965],[-114.56426455889918,44.122335119816576],[-114.56264551872108,44.12311465003552],[-114.5621728886924,44.12347417011138],[-114.54928120617438,44.12345661129114],[-114.53702807332904,44.12088396218073],[-114.5372219132779,44.12037998211728],[-114.53703209316897,44.11997269209777],[-114.53706076313264,44.11973527207359],[-114.5382974431851,44.11866519186335],[-114.53882413325833,44.11849781179994],[-114.53994193351059,44.118690811715],[-114.5411545936181,44.11795950153767],[-114.54138349358786,44.11753496147825],[-114.54254527378313,44.11735675135567],[-114.54362108399164,44.11734881125642],[-114.54394796401974,44.11714671120813],[-114.54382541394033,44.11683237119089],[-114.5432612638111,44.11672395123272],[-114.54291486369618,44.116455501240125],[-114.54329284378161,44.116521701211546],[-114.54362039381411,44.11634363116541],[-114.54360024357065,44.11498658104424],[-114.5441067336212,44.11471327097309],[-114.54430869356283,44.11415890090437],[-114.5441255434933,44.11396740090376],[-114.54327095327517,44.11367640095566],[-114.54297004316118,44.113362990954826],[-114.54403962327572,44.11282940080853],[-114.54465574324612,44.11198024067514],[-114.54425916302073,44.11114153063545],[-114.5435670128351,44.11085458067285],[-114.54292551269425,44.11076600072358],[-114.54353663278634,44.110611770653605],[-114.54407366275012,44.10981275053202],[-114.54421397269299,44.10933359047574],[-114.54407146259301,44.108924380451704],[-114.54325047234403,44.108421200481274],[-114.54328214227408,44.10798965043922],[-114.54304115217336,44.107685240433746],[-114.5438204123036,44.107561680351175],[-114.54511982245256,44.106968770178426],[-114.54541912250599,44.10694065014847],[-114.54645921278447,44.107369010092064],[-114.54685030285746,44.10735035005454],[-114.54752877293247,44.1070249399629],[-114.54758576287175,44.10661758992077],[-114.54799079291307,44.10640402986437],[-114.54816251288179,44.10603663981533],[-114.5489545029436,44.105511109695165],[-114.54993656308254,44.105212619578154],[-114.55011346308844,44.10505042954729],[-114.55004042302215,44.10475544952726],[-114.5496819029274,44.10461463954733],[-114.54813405264535,44.10472752969927],[-114.54715121250436,44.10501527981533],[-114.54657594236903,44.104884459856166],[-114.5468801823045,44.10418206976462],[-114.54720236235163,44.10409280972704],[-114.54768300251186,44.10446972971721],[-114.54810323257121,44.1043411996671],[-114.54817695249189,44.10380994961219],[-114.54841689249861,44.10358246956958],[-114.54901006239672,44.102348439403436],[-114.54900328234943,44.10208794938042],[-114.54880209227586,44.10189326938121],[-114.54888348224883,44.10164982935166],[-114.54877059218954,44.101438399342854],[-114.54733991180059,44.100815289417355],[-114.54789275187932,44.10065039935178],[-114.54817911186296,44.1002406992884],[-114.54867952191542,44.09998465921942],[-114.54932729210182,44.10032518919093],[-114.55041819231549,44.10033007909152],[-114.55103529239945,44.10012345901632],[-114.55125915240325,44.099897388975336],[-114.55090690218177,44.099030708929035],[-114.55049158205031,44.098744618941076],[-114.54990529195405,44.09884735900406],[-114.54963781188754,44.09876591902118],[-114.54958285177833,44.098207268975564],[-114.54982836179167,44.0980112089353],[-114.55073004197659,44.0980625788574],[-114.55147539207758,44.097810778766345],[-114.55154534205032,44.097578698738914],[-114.55127499189946,44.09702195871321],[-114.55170785190336,44.09656522863217],[-114.55192424180731,44.09578057854122],[-114.55150333158885,44.095006768509606],[-114.5511470214564,44.094649868509876],[-114.55066489135264,44.09459478854897],[-114.5498173612161,44.094758048641374],[-114.55019053116173,44.094036528541785],[-114.55025357109155,44.09356829849359],[-114.54992500090881,44.092895158462625],[-114.551041321189,44.09324958839261],[-114.55263022148017,44.093143128237465],[-114.55297874144654,44.09256651815331],[-114.55231383123258,44.0920880281708],[-114.55312581140737,44.09218139810494],[-114.55403761155618,44.092016758006515],[-114.55586882175983,44.091145427759905],[-114.55671891180192,44.09044350761849],[-114.55699016177849,44.09001014755439],[-114.55686922171165,44.089764887543225],[-114.55651012162723,44.089683057568685],[-114.55576267155337,44.09009129767406],[-114.55507765144061,44.090209527747476],[-114.55428264122408,44.08986056778859],[-114.55386401114565,44.08987889782856],[-114.55350950100957,44.08949907782659],[-114.55293458087546,44.0893740678679],[-114.55239860069815,44.08896099787946],[-114.55330613082462,44.088674457770416],[-114.55385352083428,44.088123127670336],[-114.55468777104097,44.08837272761663],[-114.55500609109858,44.08834745758523],[-114.55520671110799,44.08817855755155],[-114.55518863106577,44.08795907753329],[-114.552822090381,44.08669197763496],[-114.55202985017608,44.08640561768147],[-114.55182821009271,44.08615548767726],[-114.55017764967398,44.08560614777845],[-114.54914542931488,44.084710297791645],[-114.54977448945381,44.08480220774244],[-114.55038965954542,44.08464133767157],[-114.55134959973816,44.084672577586566],[-114.55167081975206,44.08439578753204],[-114.55157089969642,44.08419028752253],[-114.55106204955102,44.083928287545376],[-114.55134693953767,44.083536977483796],[-114.55129420947353,44.08323112746088],[-114.5507076792514,44.08261955745908],[-114.54976258895877,44.08200425748974],[-114.54957991881719,44.08140255745187],[-114.54857337837701,44.08001747741825],[-114.5486524782766,44.079359477351325],[-114.54931060823456,44.07839164720334],[-114.54917048803345,44.077404287126555],[-114.54951958798853,44.07676222703636],[-114.55009312803863,44.076411286952066],[-114.55074821819701,44.076585226907895],[-114.55296445865376,44.07672460671782],[-114.55343110872725,44.07662535666611],[-114.55371470873486,44.076354466615626],[-114.5551992990258,44.07636241648054],[-114.55624369916002,44.07596788634922],[-114.5568813891439,44.075169656218414],[-114.55765435926969,44.075028236134905],[-114.55798713927751,44.07470388607507],[-114.55812486922866,44.074273766023424],[-114.5579806291407,44.07393381600577],[-114.55720762893569,44.07362521604849],[-114.55677099879277,44.07329703605866],[-114.55590681860767,44.073202826129176],[-114.55562545852028,44.07301792613812],[-114.55412256816798,44.072681126245],[-114.55367487800143,44.07223099624512],[-114.55098024721379,44.07074112635637],[-114.55009333699365,44.07047290641314],[-114.5498317768688,44.07005322639898],[-114.54917330671081,44.06988524644399],[-114.54870699654697,44.069470776449016],[-114.54836463645877,44.06934882646926],[-114.5482208063873,44.06910214645998],[-114.54830610632571,44.06865732641183],[-114.54804303620425,44.068258666399664],[-114.54818948618578,44.06799119636201],[-114.54807571610283,44.06764581634107],[-114.54774935600598,44.06745718635383],[-114.54735170594572,44.06755532639906],[-114.54701966580933,44.067148076392435],[-114.54854211596106,44.066322696178304],[-114.54931338596494,44.06548963603218],[-114.54934104593333,44.065279216010524],[-114.54921733588247,44.06512707600806],[-114.54860572574653,44.06503240605539],[-114.54920852580344,44.064687465968966],[-114.5492330657731,44.06448786594857],[-114.54906409571129,44.06432381594916],[-114.54747708531538,44.06383234604961],[-114.54704131523255,44.06384440609056],[-114.54657259518086,44.064070366153956],[-114.54589102504907,44.06407707621688],[-114.54613042500883,44.063582436150064],[-114.5460335249167,44.06316599612113],[-114.54480000458615,44.06265451618747],[-114.54421767446108,44.06258900623476],[-114.54273230419936,44.062748236385005],[-114.54177197407685,44.06311679650623],[-114.54124489409703,44.06381619661797],[-114.54023459394075,44.0640482767314],[-114.53950662389641,44.064603406848384],[-114.53905819382314,44.06468416689671],[-114.53765414376458,44.06590871713626],[-114.53689412364848,44.066091827222394],[-114.53491637343211,44.06705529749071],[-114.5338255331833,44.06685070757185],[-114.53272326298676,44.066955887682184],[-114.5304448026913,44.06780336796747],[-114.52874530241465,44.06811599815125],[-114.52800526226856,44.06810622821806],[-114.52765733223013,44.068274028265094],[-114.52560631186148,44.068453548468945],[-114.52437062176263,44.06926242865536],[-114.52274485149051,44.06951903882732],[-114.52221461144198,44.06983137890418],[-114.52189842146416,44.07030851897648],[-114.52196087158381,44.07091929902626],[-114.52143426164658,44.07186038915987],[-114.52048039156765,44.07246995930246],[-114.51990276144082,44.07238990934806],[-114.51858768123708,44.0726906894956],[-114.51809585123297,44.07321328958806],[-114.51715282112681,44.073656049714515],[-114.51683475113738,44.07406893978111],[-114.51613987107999,44.07451380988504],[-114.51556269109373,44.07523222000308],[-114.51515802120326,44.07630383013745],[-114.51483027120325,44.07666744020045],[-114.5146991712526,44.07709326025117],[-114.5143303012463,44.077466610318794],[-114.51420085128663,44.07783950036448],[-114.51310431122336,44.07869632054263],[-114.51288578125099,44.07909565059889],[-114.51204269115343,44.07947642071057],[-114.51187122119045,44.079876970762655],[-114.51056065110397,44.080839670969986],[-114.50975179111063,44.08177443112886],[-114.50833190096922,44.08254618132887],[-114.5076007509818,44.083428501475915],[-114.50690881089561,44.083706511564436],[-114.50666032089393,44.083972471611325],[-114.5051190207294,44.08474742182269],[-114.50469395070851,44.0851002418936],[-114.50418334064223,44.08529009195759],[-114.50289232037898,44.08522701206993],[-114.50206299027941,44.085581302178],[-114.50176971026872,44.085845982228854],[-114.50099921036991,44.08727523242919],[-114.50039222029628,44.08753037250792],[-114.49937357011551,44.08763348261048],[-114.49858466987007,44.087114642635434],[-114.49786579972744,44.08710205270006],[-114.4970087495894,44.08726861279361],[-114.49666147955827,44.0874772128443],[-114.49504259927758,44.0876786130107],[-114.4946272092434,44.087945313072936],[-114.49357317904548,44.08799070317341],[-114.49291044898717,44.08839470327077],[-114.49172794875325,44.08837775337741],[-114.49095694857564,44.08822434343399],[-114.48987412825397,44.087598843476165],[-114.48776568778982,44.087302023641996],[-114.48725444765293,44.08709164366964],[-114.48693687750529,44.086605423654504],[-114.48645950738462,44.086449703683996],[-114.48346758677157,44.08628749394289],[-114.48213875647693,44.08608877404632],[-114.48172259642095,44.08623258409746],[-114.48104904624029,44.08595375413368],[-114.47991473599505,44.08581965422525],[-114.47940083589693,44.08583256427337],[-114.47908532586979,44.08602864432008],[-114.4787244057655,44.08583678433567],[-114.47526164505133,44.0856234546329],[-114.47472701489068,44.085304314652774],[-114.4740752647387,44.08516460469962],[-114.47291484451144,44.08516151480545],[-114.47028383410301,44.08576252510071],[-114.46940993393832,44.08579710518376],[-114.46820538365216,44.08550888526772],[-114.46716151344053,44.08546551535921],[-114.46558508321377,44.085927895545396],[-114.46462550303714,44.08599016563879],[-114.46419509298367,44.086164245694015],[-114.46365253296206,44.08664430578727],[-114.46251139285692,44.08731408595256],[-114.46121436266252,44.087650046101714],[-114.46058932261728,44.088087466198694],[-114.45962400247114,44.088329246308966],[-114.45780547226849,44.08919755655423],[-114.45660390209726,44.08955952669707],[-114.45531666188386,44.08977701683453],[-114.45477128174643,44.08960188686846],[-114.45429003166221,44.08965793691758],[-114.45449607162325,44.08920791685782],[-114.4545195914201,44.08802742674822],[-114.45510242141147,44.087331046631526],[-114.45514087136402,44.08701850659956],[-114.45494578128046,44.086760646593966],[-114.45415519107357,44.086463396639175],[-114.45338855082714,44.085914746659356],[-114.45597288093636,44.0836640662182],[-114.45691141089098,44.08236292601396],[-114.45864664108475,44.08153621578011],[-114.45980486113767,44.080550175584456],[-114.46068646106406,44.07915184537661],[-114.46094634097646,44.078365155281276],[-114.46195968100669,44.07741100510176],[-114.46251784097096,44.076587424975806],[-114.46275075088208,44.075823314884914],[-114.46342813077575,44.07446570469947],[-114.46360316049962,44.0727008645228],[-114.47301918233589,44.072678903660204],[-114.47299173977892,44.05816043234111],[-114.48075481128926,44.058124801628686],[-114.48075116073714,44.05498565134325],[-114.47068445877728,44.05502405226626],[-114.47068544753886,44.0479692916236],[-114.47108847757693,44.047737781565665],[-114.47176983755145,44.04683393142111],[-114.47220443758826,44.04655990135646],[-114.47341513755302,44.04501140110488],[-114.47380239745584,44.044026750979796],[-114.47352986723736,44.04308523091887],[-114.47386494722653,44.04265045084868],[-114.4739982871648,44.04215020079092],[-114.47685279741587,44.04040305037118],[-114.47991490754079,44.0377059698459],[-114.481260987649,44.03682392964269],[-114.48216549777912,44.03655874953593],[-114.4832691378799,44.03590458937556],[-114.48496149785178,44.033859929034854],[-114.48744789800158,44.03194539863346],[-114.48849459818122,44.031804318525076],[-114.48894635822252,44.03153688845948],[-114.49011314838766,44.031179458320416],[-114.49320494869487,44.029488837884244],[-114.4951500588095,44.027976737568956],[-114.49583586890317,44.02774738748549],[-114.49689091899307,44.027085567328896],[-114.49901061926468,44.026274357061574],[-114.50011132932279,44.02538013687964],[-114.50136513951453,44.02507810673771],[-114.50203218958701,44.02474871664685],[-114.50289865963057,44.024032496502514],[-114.50411810976378,44.023434496336805],[-114.50586238988589,44.02218914606418],[-114.50721333986758,44.02058026579436],[-114.50799452994858,44.02017265568599],[-114.5083458099383,44.01972272561296],[-114.50970244004176,44.018802575405346],[-114.5099879000355,44.0184488953471],[-114.51090859012561,44.0179377252165],[-114.51129303013343,44.01755449514656],[-114.51197925024105,44.01740433507024],[-114.51234996032838,44.01749005504422],[-114.51313012046799,44.01741794496646],[-114.51554848074392,44.01629988464402],[-114.51729910085133,44.014963684362584],[-114.51810418080439,44.01379900418308],[-114.51860988082554,44.013356404096605],[-114.52008384096095,44.01248798388308],[-114.52039972096333,44.01215010382346],[-114.52089604103165,44.011987303763355],[-114.52130490112862,44.012085603734995],[-114.5216800611739,44.01192650368631],[-114.52293601119504,44.010648393455305],[-114.52384892125527,44.00997551331077],[-114.52425211123737,44.00942435322383],[-114.52470596128624,44.00919804316179],[-114.52597370148655,44.00892993302169],[-114.52615667143465,44.00842967295947],[-114.5273726015766,44.00788604279907],[-114.52782752154211,44.007182562693494],[-114.52995614183381,44.0064776624351],[-114.53126041197046,44.005805612254946],[-114.5314446619584,44.005531422213195],[-114.5317138519874,44.0053974021764],[-114.53313625222908,44.005193472028104],[-114.5342347422993,44.004371121853],[-114.53514613239777,44.00391851172867],[-114.53579579242401,44.00334511161721],[-114.53633333239941,44.00260608150086],[-114.53713688245786,44.002044951376476],[-114.5382564226397,44.00183661125541],[-114.53924344276035,44.001426721128055],[-114.53957803270757,44.00075242103613],[-114.53940629261147,44.000394751019265],[-114.53948368256584,44.000047840980606],[-114.54012441266545,43.99990333090902],[-114.54059477271241,43.99964771084284],[-114.54132093267965,43.99865192068594],[-114.54182646275629,43.99852670062847],[-114.54253456291552,43.99864771057487],[-114.5430377730034,43.998589490523656],[-114.54358462307884,43.9984115204576],[-114.54381721307155,43.99811054040896],[-114.5448050532599,43.99808660031668],[-114.54596490342678,43.99774853018012],[-114.54731343370983,43.9978637500676],[-114.54848000381816,43.99718344989927],[-114.55011153412511,43.99712032974473],[-114.55052801416161,43.99686540968357],[-114.55135519432976,43.99690483961173],[-114.5524625444772,43.996514159475154],[-114.55317810464116,43.99665411942264],[-114.55465991487686,43.99635116925985],[-114.55528103484266,43.99546404912252],[-114.55555820486443,43.99527978908045],[-114.55560708477584,43.99471915902497],[-114.55636747478998,43.993953388885934],[-114.55748122494813,43.99361688875373],[-114.55808182501082,43.99330608867064],[-114.55854221502459,43.99287207858917],[-114.5592560351229,43.992639198502864],[-114.55958815509396,43.99210397842385],[-114.55953115501563,43.99172000839415],[-114.55998549502759,43.99128214831288],[-114.5622589553449,43.99056436804021],[-114.56280548536337,43.99006114794454],[-114.56474140569566,43.98980467774464],[-114.56586444573509,43.98877934754896],[-114.56692196588625,43.98846602742399],[-114.56722201590118,43.988217147373966],[-114.56928999632309,43.98832615719531],[-114.57089268656455,43.98792174701237],[-114.57380170711173,43.98781065673694],[-114.57469982722321,43.987448096622074],[-114.57631717748896,43.98716653644893],[-114.5777363377663,43.98717217632006],[-114.57939330803087,43.986839986138676],[-114.5797640380621,43.9866055260836],[-114.5802984281639,43.98659272603366],[-114.58215636840467,43.98590098580132],[-114.58431986872125,43.98530247554954],[-114.58568046899593,43.98535824543055],[-114.58693513928246,43.98559950533805],[-114.58758542938331,43.98545215526532],[-114.58796645947345,43.985543485238914],[-114.59021879989164,43.98542745502291],[-114.59071618003219,43.985677185000256],[-114.59231724028538,43.98534296482384],[-114.592791500328,43.985058714754736],[-114.59315262041684,43.98516461473143],[-114.59383491063898,43.985675274715646],[-114.59537600099267,43.98598176460291],[-114.59578972102237,43.98569126453884],[-114.59667555119766,43.9857077244595],[-114.59735264120197,43.98497889433148],[-114.5978073912609,43.98480999427465],[-114.59819849123568,43.98423066418631],[-114.5991268413448,43.983821304064435],[-114.60070535161896,43.983632483903286],[-114.60176497177883,43.98336736378255],[-114.60510454271085,43.9849796436245],[-114.60536220282371,43.985338253633564],[-114.60539230300706,43.986352553722995],[-114.60582174315903,43.986743203719314],[-114.60638454341805,43.9875975037456],[-114.60688078354043,43.987744893713725],[-114.60823433376879,43.98754480357204],[-114.60850942390785,43.988033213591315],[-114.60834431409839,43.98930573372197],[-114.60807456417123,43.99002157381168],[-114.60906014463431,43.9915713538625],[-114.60897575472006,43.99215522392325],[-114.60982590501774,43.9929103539143],[-114.61003142518763,43.99365223396294],[-114.6100014952831,43.99423111401822],[-114.6104841454318,43.994543654002555],[-114.61090274562024,43.99515462401986],[-114.61111421575191,43.99567143404747],[-114.61101532587453,43.99648162413012],[-114.6111694159789,43.99690664415461],[-114.61083238594316,43.997076814200874],[-114.61058823595167,43.9973966842522],[-114.60995080579946,43.99723601429578],[-114.60968358576598,43.99734164432976],[-114.60963670586366,43.99795167438939],[-114.60993072604484,43.99865936442686],[-114.60892973578932,43.99831283448674],[-114.6085688157335,43.99839529452715],[-114.60838294573398,43.99860445456311],[-114.60841038586227,43.999306424624365],[-114.60905407607278,43.99979318460982],[-114.60950408617038,43.999850244573956],[-114.61047054643954,44.00031287452771],[-114.61071951654591,44.000643654535025],[-114.61003159648895,44.001082884637704],[-114.60970811653584,44.001709714724164],[-114.60907843650563,44.002236974829486],[-114.60747278638028,44.00330522507305],[-114.60685115640302,44.00412573520434],[-114.60658291654114,44.00521175532745],[-114.60597214663285,44.00641380549229],[-114.6060174067393,44.006970805538764],[-114.60664514703224,44.00794525556993],[-114.6068043472478,44.00899815565098],[-114.60673594733468,44.009570035709125],[-114.60587407764305,44.012286236034406],[-114.60581850781179,44.01331051613248],[-114.6061041780651,44.014437886208746],[-114.60562866820122,44.01574210637055],[-114.60630769864069,44.017494326467535],[-114.60634632885859,44.01869431657294],[-114.60593238892376,44.019525216686134],[-114.60779646956226,44.02109652665844],[-114.60832021981749,44.02197007668991],[-114.60858710014489,44.023540336808004],[-114.60869831048902,44.02537814696456],[-114.60966497095377,44.02695419701921],[-114.61062709133907,44.02808257703366],[-114.61172841187339,44.02990555709837],[-114.61397212318191,44.034870977343644],[-114.61477285349666,44.03577587735252],[-114.61679031416445,44.03734190731011],[-114.61770315449755,44.0382271373069],[-114.6181633147024,44.0388831473243],[-114.61797038467792,44.03895774734871],[-114.61820746481797,44.03949243737551],[-114.61818845485375,44.039716817397526],[-114.61734784497301,44.041327307620364],[-114.61724287503694,44.04180730767344],[-114.6162271250911,44.043241087896256],[-114.61557958505004,44.0437248179993],[-114.6151608551092,44.04452495811011],[-114.61551419527065,44.04505245812559],[-114.61665718561352,44.045737308083176],[-114.61713873578711,44.046191988080366],[-114.6185875964784,44.048520368158876],[-114.61986972687097,44.04933398811533],[-114.62062032705255,44.04953572806498],[-114.62132340726966,44.04999224804205],[-114.62226929746676,44.05006633796226],[-114.62295261765819,44.05039861792989],[-114.62390925788472,44.05062802786315],[-114.6248748380828,44.050686047780076],[-114.62683148863613,44.05166722769001],[-114.62777121886624,44.05193559762839],[-114.6284165989934,44.05194464757019],[-114.6296215892725,44.05219812748291],[-114.63076163948865,44.05216563737574],[-114.63256638987441,44.05236246722847],[-114.63422387017431,44.052233897065214],[-114.63749715087123,44.05257482679667],[-114.63838841111473,44.05297355675127],[-114.63988647158128,44.05396914670436],[-114.64232486227885,44.05523808659615],[-114.64461626289078,44.05618278647198],[-114.6484193037329,44.056763956176674],[-114.65014466419247,44.05746883608259],[-114.65228770471161,44.058050305939084],[-114.65255957481965,44.05836360594257],[-114.65311370522981,44.060082066047265],[-114.65362037551238,44.0611277060955],[-114.65408463568917,44.061619156097414],[-114.6544675158976,44.06238050613124],[-114.65640889669066,44.06474080616702],[-114.65650947676701,44.065063266186996],[-114.65638048682143,44.06551489623963],[-114.6565491768621,44.06555939622821],[-114.65670922685104,44.06531988619194],[-114.65717099689753,44.06507378612737],[-114.65776105700147,44.065012406067844],[-114.65840579706843,44.06468060597882],[-114.65910564720821,44.06470123591661],[-114.66014094754091,44.06544767588933],[-114.66207627808173,44.06638138579663],[-114.66381149861095,44.067470535736234],[-114.6642283086741,44.067368985688894],[-114.66598979874736,44.06583986538943],[-114.66658384879713,44.06546635530133],[-114.6683574990473,44.06492839509033],[-114.67028071927787,44.064114204840735],[-114.67232956958456,44.06359356460606],[-114.67365114984221,44.063597664485485],[-114.67524022020459,44.063901334367465],[-114.67646002052301,44.06436319429756],[-114.6770278506386,44.06439260424821],[-114.67849888079188,44.06363902404548],[-114.68063488106112,44.06280989377504],[-114.68250744137586,44.062530423578366],[-114.68405060175631,44.06298802347844],[-114.68504978203896,44.06349027343236],[-114.68656548238694,44.063793323321],[-114.68713367269228,44.06490056336893],[-114.68877576332993,44.06670927338198],[-114.68897810349328,44.067413553427016],[-114.68955956370012,44.067946113421876],[-114.69027291401413,44.068942163446536],[-114.69215224469256,44.070720043434925],[-114.69350112511441,44.07162651339325],[-114.69417104540373,44.07252980341343],[-114.694387155586,44.0733258334655],[-114.69461407567154,44.07356114346595],[-114.69603717603351,44.07404587337935],[-114.69765917652875,44.07506767332304],[-114.6987098768195,44.07555896327109],[-114.69928866701878,44.076051683262556],[-114.6996571072065,44.076710813288315],[-114.70014738739842,44.07725917329287],[-114.70161816786214,44.07826843324918],[-114.70308353825668,44.07889137317116],[-114.70373999846058,44.07932471315011],[-114.70438578861344,44.07948000310495],[-114.70473729873073,44.07975820309781],[-114.70555532894285,44.080059803050055],[-114.70838950959796,44.08065237284389],[-114.70890459978277,44.08113313284007],[-114.70906168993784,44.08183941288934],[-114.7089598100234,44.08243680295255],[-114.70769785026675,44.085206953318014],[-114.7078674304625,44.086129843385656],[-114.70828536066587,44.08682260340987],[-114.70856056088037,44.08773532346693],[-114.70839571095102,44.088317383534516],[-114.70847031109145,44.08903131359207],[-114.70898213133314,44.08983778361787],[-114.70973048160045,44.09052848361154],[-114.71049891216744,44.092895493754476],[-114.71140673267227,44.094756793839004],[-114.71288634333808,44.09690027389657],[-114.71275377350081,44.09796792400492],[-114.7117828334175,44.09856454414772],[-114.71127399341673,44.09912017424446],[-114.7111767135224,44.099825644316965],[-114.71076175355998,44.10049499441528],[-114.71008130352942,44.10107074452962],[-114.70462978300098,44.104076705300365],[-114.70448455328676,44.10585460547389],[-114.70465890335191,44.10603155547387],[-114.70478840347455,44.10658369551172],[-114.70515328360462,44.106918645508465],[-114.71039070489249,44.1084478551659],[-114.7117005952511,44.109036935098814],[-114.71261084554536,44.109701355075146],[-114.71295875571326,44.11026927509443],[-114.71315964593589,44.11130816516953],[-114.71423498655976,44.11365608528237],[-114.71579548734324,44.11637350538392],[-114.71693603800227,44.118847665502],[-114.71893400898952,44.122235605623665],[-114.71926978927505,44.12348129570495],[-114.7195031896386,44.125280085845404],[-114.71890505967048,44.12611730597565],[-114.71826956963282,44.12660232607761],[-114.7172174396579,44.12789959629094],[-114.71627765960811,44.12865024644474],[-114.715864139524,44.12862902648082],[-114.71619723950407,44.12815067640718],[-114.71616492944831,44.12787107638497],[-114.7157360393176,44.127602896400234],[-114.71549222927044,44.12760441642277],[-114.71507907931283,44.128297586523054],[-114.71488434938898,44.128941746598876],[-114.71497578947506,44.12932813662527],[-114.7156368697224,44.129999696625006],[-114.7155393798494,44.130824826708235],[-114.71525893986426,44.13121651676924],[-114.71450257977708,44.131554636869076],[-114.71363824972232,44.13219405700598],[-114.71385136985882,44.132731497034754],[-114.71367932990881,44.133202877092984],[-114.71375446993443,44.133264917091644],[-114.71483565005953,44.13278486694918],[-114.71553018025803,44.13314366691773],[-114.71629783069399,44.13476409699305],[-114.7162584507148,44.134925077011175],[-114.7144149104145,44.135252147209826],[-114.713531880325,44.135716057332665],[-114.71342643033417,44.13588340735743],[-114.71532361073469,44.13606365719943],[-114.71701929129568,44.13737127716135],[-114.71733407145302,44.137914417181356],[-114.71753011163791,44.13874365723793],[-114.71720540160155,44.138894527281344],[-114.7166228914927,44.13891901733702],[-114.71573961140004,44.13936509745822],[-114.71556534141698,44.139651947500035],[-114.7155530814773,44.14000623753305],[-114.71648337178303,44.14071181751109],[-114.71665149197733,44.14162458757776],[-114.71877564265897,44.143142717519254],[-114.71936536288591,44.14377719752212],[-114.72022225310684,44.14408434747107],[-114.719235453113,44.14520173766217],[-114.71864098306014,44.14555515774858],[-114.71843899311071,44.14606237781271],[-114.71771908305784,44.14655359792301],[-114.71762757310648,44.146928517965144],[-114.71737877310714,44.1472053280129],[-114.71727015318048,44.147738388070756],[-114.7176059634351,44.148807068136016],[-114.71733446347179,44.14931164820638],[-114.71735001353576,44.14965584823586],[-114.71668738350351,44.15020066834573],[-114.71659132355505,44.15059674839015],[-114.71695920376463,44.15137593842641],[-114.716824813787,44.15164974846339],[-114.71691418383968,44.151848808473076],[-114.71666608382223,44.15202261851147],[-114.71662081385372,44.15224989853612],[-114.71708998400655,44.152597568524264],[-114.71730978418076,44.15333960857076],[-114.71771226430079,44.15357544855501],[-114.71826831441473,44.15360884850694],[-114.71918256472401,44.15435099848967],[-114.72002373505903,44.15531883849936],[-114.71988096521959,44.156381238607935],[-114.7191316253535,44.157957968818515],[-114.71906837551177,44.15891980891078],[-114.7183810756661,44.16054348911989],[-114.71868290586355,44.16132588916247],[-114.71857778592828,44.16180611921527],[-114.71901992613233,44.162472369234514],[-114.71962351633049,44.162928169219995],[-114.72005671666538,44.164341759307234],[-114.71979548668259,44.16472472936562],[-114.7190072166125,44.16519329948019],[-114.71723676656492,44.16686491979309],[-114.71650792651226,44.16736647990519],[-114.71628964653766,44.16774879995958],[-114.7162698465993,44.16811808999462],[-114.71606532660249,44.168360010035165],[-114.71608239667918,44.168773660070734],[-114.71487990661932,44.169753260269296],[-114.71472681664046,44.170040360309144],[-114.71475130672259,44.17047631034607],[-114.71360342674096,44.17183710057388],[-114.7131529568077,44.17270677069343],[-114.71206615675223,44.17358461087219],[-114.71174242677685,44.17407783094629],[-114.71057848662888,44.17451912109298],[-114.7101748167549,44.17567105123358],[-114.71120169717466,44.17691120125058],[-114.71137796732305,44.17755413129209],[-114.71180356742187,44.17764434126107],[-114.71205949742517,44.17738289121407],[-114.71190317727178,44.17669002116618],[-114.71094904688258,44.17554248115083],[-114.71129062681666,44.17479701105241],[-114.71230600695635,44.17447198092987],[-114.7126749969292,44.17391484084594],[-114.71379061698502,44.173007410661796],[-114.71428486691858,44.17209160053409],[-114.71514965688428,44.17095106035212],[-114.71549043690213,44.170678480296296],[-114.71552092679845,44.17006072023799],[-114.71678217686346,44.169045720030844],[-114.71714174669268,44.16768903987589],[-114.71782559674163,44.16721584977054],[-114.71955328678807,44.165584809465166],[-114.72037895685868,44.16507836934379],[-114.72080595682925,44.16444460924757],[-114.72058949658819,44.16332270916668],[-114.72035118644027,44.16274980913708],[-114.71934093605523,44.16168586913434],[-114.71947139600456,44.16125702908381],[-114.71915091582714,44.160608039054935],[-114.71994652563521,44.158653468806165],[-114.71987829552094,44.15808396876126],[-114.72073150537568,44.156329408525174],[-114.72066128531878,44.15608544850965],[-114.72079500520361,44.155289128425785],[-114.71996588484915,44.154198158403894],[-114.71883659445912,44.153236008421196],[-114.71802981426826,44.15304376847803],[-114.71805464420281,44.15264730844005],[-114.71764674403722,44.1521601884338],[-114.71796111399357,44.15156894835175],[-114.71748897378684,44.15092026833676],[-114.71738186368307,44.15045229830454],[-114.71808869371222,44.149841488184684],[-114.71808511363531,44.14941153814639],[-114.7183588736012,44.1489185180769],[-114.7184138135466,44.148550288038756],[-114.7180425433307,44.147738997999895],[-114.71813597328087,44.14735530795677],[-114.71857488323965,44.146641177852295],[-114.71911888329564,44.146360467777065],[-114.71930124323742,44.14583184771277],[-114.71993386331327,44.145565807630746],[-114.72001060327378,44.14525877759611],[-114.72067941329834,44.14466407748118],[-114.72105985327877,44.144136157398805],[-114.72505093357911,44.14145368679101],[-114.72498535347873,44.1409587967525],[-114.72534353346782,44.140504076678745],[-114.72573351334914,44.13940620654424],[-114.7255879932249,44.13886419650885],[-114.72741581316615,44.13652675613076],[-114.72780314320043,44.13629568607445],[-114.7307507737988,44.136441335816855],[-114.7313190539742,44.13680838579769],[-114.7320104441363,44.13696524574831],[-114.73287429438047,44.137396795707765],[-114.73436740466742,44.137379515569094],[-114.7347886547921,44.137621625552214],[-114.73547811495547,44.13778761550379],[-114.73637009510162,44.137634655408135],[-114.73857043527056,44.13617562507488],[-114.73979591545972,44.135899764937555],[-114.74014669557103,44.13614352492723],[-114.74044930578387,44.13701366497767],[-114.74110546606498,44.13788148499541],[-114.7411477361264,44.13818196501856],[-114.74192610636926,44.13869994499362],[-114.74240960660124,44.13947935501926],[-114.74346071691657,44.140107484979154],[-114.74407108706147,44.14025643493647],[-114.74464652724939,44.14068650492225],[-114.74612602758938,44.14098390481308],[-114.74679208772012,44.1409917747526],[-114.74996563861136,44.14254432460054],[-114.75070291887877,44.143245784595855],[-114.75204676930484,44.144178124556156],[-114.75315662971926,44.145300704555034],[-114.7541108499665,44.14565044449876],[-114.75493619024907,44.14634065448489],[-114.75496020028714,44.146529314499666],[-114.75461205032602,44.14713026458559],[-114.75457693037421,44.14744045461667],[-114.75478947048397,44.147827164631856],[-114.75535510068148,44.14832184462433],[-114.75606275086702,44.14859354458368],[-114.75687386112749,44.1491745145613],[-114.75737863121805,44.14913260451116],[-114.75759128127696,44.14923197450054],[-114.758269161506,44.14978195448762],[-114.7605814820373,44.15024667431688],[-114.76103374220246,44.15068312431449],[-114.76169248239657,44.15105676428747],[-114.76229965278746,44.1525965443699],[-114.76338280307174,44.15301394430781],[-114.76429913341059,44.15392193430505],[-114.76440091350393,44.154337124332976],[-114.76421155359498,44.15505761441502],[-114.76441287373608,44.155633164448176],[-114.76436229377757,44.15592241447875],[-114.76403650378757,44.15633529454576],[-114.76414137390113,44.15686080458334],[-114.76389493395551,44.15743731465768],[-114.76398414406036,44.157930884693776],[-114.76428618421974,44.15849877471698],[-114.76511804450575,44.15920072470349],[-114.76549359459928,44.15931696467935],[-114.76673006498848,44.16015776464118],[-114.76699633509759,44.16048143464572],[-114.76738199519421,44.1606044546213],[-114.76843330558754,44.161670884620285],[-114.769388715886,44.16230785458959],[-114.77055750612948,44.16240174449055],[-114.77144121622828,44.16199178437251],[-114.77258106642773,44.16186920425668],[-114.77399548674896,44.1621325341503],[-114.77455687685527,44.16211741409732],[-114.7765202271103,44.16140733385308],[-114.77720881731145,44.16178818382391],[-114.77751171744114,44.162187793831876],[-114.7781976176399,44.162557603801964],[-114.77892264790125,44.163237513796275],[-114.77977302816745,44.1638077837692],[-114.78073456836597,44.16387462368681],[-114.78164710847537,44.163493343568696],[-114.78269200863818,44.16326851345243],[-114.7831135687276,44.16331140341753],[-114.78413837903062,44.16389848337592],[-114.78455933922622,44.1645401433947],[-114.78511491941208,44.16498011338305],[-114.78588909960811,44.16523829333499],[-114.78696835983094,44.16531393324251],[-114.78834697017177,44.16572720315277],[-114.79117378071314,44.16568737288921],[-114.79177207091213,44.16615437287599],[-114.7931197612344,44.16649694278277],[-114.79481520157557,44.166566322632995],[-114.79594332184439,44.166847802554464],[-114.79804763222597,44.16669785234748],[-114.80042504280625,44.16736906218892],[-114.80150377298419,44.1671931120739],[-114.80200326309489,44.167270632034885],[-114.80302990327557,44.167167001931205],[-114.80466142377941,44.168222631875665],[-114.80593842403829,44.16828586176381],[-114.80732889435673,44.16856054166052],[-114.80801943460357,44.169196651653955],[-114.80869311480274,44.16958222162649],[-114.80805694474438,44.16994839171782],[-114.80621746448512,44.17049702193615],[-114.80520540440351,44.171142802087104],[-114.8042162842802,44.17152851221263],[-114.80314312422689,44.17240035238946],[-114.80262994424164,44.1730436324943],[-114.8013968241506,44.17387763268245],[-114.80118678420901,44.17443586275173],[-114.80144389433912,44.174887542768545],[-114.80137748438675,44.175228172805134],[-114.80158586445796,44.17540132280149],[-114.80217460459912,44.17555349276092],[-114.80140707455205,44.176126182882825],[-114.80034813442684,44.17657769302071],[-114.79947880448552,44.17785699321528],[-114.79918015445537,44.17801324325674],[-114.79865118438423,44.17819057332128],[-114.79795155421488,44.17800118336869],[-114.79755550414689,44.17805072340959],[-114.79645753404598,44.17868195356718],[-114.79540820389644,44.178986133690984],[-114.79426796380136,44.179695823859475],[-114.7919138133899,44.17995043409887],[-114.79108832321273,44.179854814166305],[-114.79027850306952,44.179933264247836],[-114.7893692828673,44.17978790431851],[-114.78899123274863,44.17953283433042],[-114.78868655268181,44.17948955435457],[-114.78606428229361,44.180168464656724],[-114.78415428208986,44.181107434916576],[-114.78369847207719,44.18153406499673],[-114.78265866189079,44.181620595100156],[-114.7821330418749,44.18210549519196],[-114.78119129175992,44.18248677531278],[-114.7804389017708,44.183369675461144],[-114.77947791171574,44.18410929561584],[-114.77852970171664,44.18514982579632],[-114.77812688166202,44.18528260584529],[-114.77764462165301,44.185758365932266],[-114.77591796151346,44.18685900618978],[-114.77413113128927,44.18754899641606],[-114.77324039126705,44.188396686573995],[-114.77164176111259,44.18927357679972],[-114.77127077112543,44.18975092687662],[-114.7701918709746,44.19008046700543],[-114.76728902042314,44.19014874727872],[-114.76554999017236,44.19063756748257],[-114.76413529000598,44.19124677766735],[-114.764238599869,44.190363457578734],[-114.76397828976239,44.19004794757439],[-114.76358512967464,44.18998371760481],[-114.76228953960624,44.191014107816386],[-114.76222921950345,44.19050170777601],[-114.76166592938372,44.19044359782266],[-114.7613289493586,44.19067047787401],[-114.76104217937785,44.191092027938176],[-114.76072409929945,44.1909985479591],[-114.76038958925571,44.191117688000546],[-114.76032875935215,44.1917265180607],[-114.75973540923368,44.19170833811369],[-114.75959983924217,44.19190428814371],[-114.75967453929927,44.192143648158314],[-114.75857325908454,44.19213884825923],[-114.75811609906923,44.19255210833838],[-114.75824154916656,44.19296242836354],[-114.75865089928297,44.19317021834455],[-114.75911571937208,44.193163708301135],[-114.75964341943288,44.19292907823157],[-114.76013175954495,44.19302612819529],[-114.76044406956454,44.19279535814589],[-114.76082206965705,44.19290270812072],[-114.76112958969364,44.19277246808071],[-114.76119127960929,44.19223077802651],[-114.76163387966899,44.192083227972546],[-114.76170932958777,44.19154395791727],[-114.76211021975975,44.19207349792785],[-114.76262791985864,44.19206440787938],[-114.76285413984212,44.19172425782808],[-114.7628568697879,44.19141641780024],[-114.76332081980736,44.19101900772192],[-114.7635047499873,44.191830167777695],[-114.7638056401001,44.1921359777774],[-114.76415052018102,44.192214407752715],[-114.76446346021595,44.19206946771088],[-114.76469625018257,44.19162721764983],[-114.76587723032401,44.19113315749687],[-114.76695410049629,44.190926007379204],[-114.76747405055403,44.190682827309566],[-114.77026591108731,44.19063374704821],[-114.77112040122167,44.19045629695364],[-114.77179683130167,44.19016755686547],[-114.77216918128858,44.18968735678822],[-114.77378075144176,44.188789456559455],[-114.77464951146207,44.18795507640474],[-114.77639171168416,44.18730169618585],[-114.77819261182728,44.18614047591609],[-114.77861919183377,44.18571114583834],[-114.78013323210406,44.18557846568714],[-114.78094254221674,44.18532878559026],[-114.78072363222076,44.18559042563387],[-114.78076085226763,44.185813535650404],[-114.78102796234674,44.185967105639605],[-114.78140562241597,44.18594398560278],[-114.78094739239178,44.186308195677555],[-114.78107609245711,44.18653545568612],[-114.78135213252989,44.186643245670304],[-114.78129991257504,44.18695424570298],[-114.78159912266045,44.18710819568927],[-114.78223501277628,44.18706544562687],[-114.78236244282508,44.187200725627264],[-114.78188907285984,44.187913095734665],[-114.78186901291251,44.18823132576501],[-114.78233221303914,44.18843793574084],[-114.78294405324627,44.18893515572906],[-114.78346965348706,44.18971563575058],[-114.78319536358502,44.190565955852016],[-114.78267400358423,44.19113043595055],[-114.78274219365657,44.19146310597403],[-114.78258863366541,44.19168033600765],[-114.78232140383254,44.192911956142545],[-114.78271765398023,44.19330963614166],[-114.78270747405669,44.19375079618209],[-114.78298024414278,44.193937246173675],[-114.7834898842517,44.19399340613182],[-114.78482684447033,44.19376372598814],[-114.78392051441791,44.19445809613378],[-114.78329348445968,44.19537725627377],[-114.78332134453986,44.1957973663088],[-114.78366912466954,44.1961471763081],[-114.7836483847532,44.196639956354126],[-114.78398686487581,44.1969599063516],[-114.78364353492391,44.19760502644099],[-114.78360073498341,44.19798600647902],[-114.78317652501988,44.1986538165779],[-114.78300026513108,44.19947092666729],[-114.78274945510569,44.19960198670213],[-114.78241161513259,44.20012187677974],[-114.78258056526366,44.200673976813604],[-114.78245174527605,44.200884366844306],[-114.78227931550704,44.20237032699321],[-114.78227499570424,44.203483247093196],[-114.78208606575814,44.20399189715616],[-114.78232054597416,44.20495020722033],[-114.78240279635396,44.206994007395686],[-114.78271410657588,44.20790119744817],[-114.78283425681595,44.209118747546086],[-114.78313047694157,44.209501297553025],[-114.78324656715195,44.21055630763674],[-114.78369416735222,44.21119295765247],[-114.7841636074988,44.21150454763709],[-114.78432934766236,44.21224228768786],[-114.78474775785254,44.21285407770403],[-114.78423521782554,44.21326116778768],[-114.78414378793406,44.213969997859515],[-114.784425668092,44.214549737885406],[-114.78426991814251,44.2150030379403],[-114.78435944821292,44.21530085795872],[-114.7841395682201,44.215580598004],[-114.78401993830197,44.21617070806777],[-114.78431278852104,44.21708103812223],[-114.78419429855167,44.2173822781601],[-114.7844399387619,44.218294618219105],[-114.78437707888826,44.21907236829445],[-114.78488618915483,44.22001395833177],[-114.78526511926,44.22019121831269],[-114.78600809952276,44.220856168303676],[-114.78608833962605,44.22134855834028],[-114.78653073979972,44.221841218343606],[-114.78653451990255,44.22241409839449],[-114.78700648006878,44.22283283838842],[-114.78687261014967,44.223432548454404],[-114.78714962030817,44.22402017848139],[-114.78769344048663,44.22442904846783],[-114.79012078116997,44.22561928835055],[-114.79211278183648,44.22718941830731],[-114.79284611218507,44.22834612834308],[-114.7938351125588,44.22936561834306],[-114.79503363312044,44.23121060839744],[-114.7951363632136,44.23162123842463],[-114.79438599315911,44.23213223853951],[-114.79423557323858,44.23274167860785],[-114.79442513334389,44.23312566862467],[-114.79483897348868,44.233486888618806],[-114.79508166364703,44.234110638652155],[-114.79495456388909,44.2356061687975],[-114.79513402413136,44.23676874888486],[-114.79539677425937,44.2372004788992],[-114.79608184449577,44.23777992888777],[-114.79527246461384,44.23932210910018],[-114.79531005489775,44.240872439235204],[-114.79558554505527,44.24145527926185],[-114.7961714752612,44.24197175925399],[-114.79645642547088,44.24283684930498],[-114.79731802572266,44.243310569267805],[-114.79625380562292,44.243908839419426],[-114.79393965534135,44.24484804971673],[-114.79279680532764,44.24601394992634],[-114.79250146536242,44.24652996999963],[-114.79247728543864,44.24698320004236],[-114.79274889562635,44.247739070084805],[-114.79373305599121,44.24871275008099],[-114.79393663611012,44.249157280101926],[-114.79376756642704,44.25111569029241],[-114.79398789657253,44.25169089032342],[-114.79504507709487,44.25346653038441],[-114.79494859721967,44.25426983046507],[-114.79504935743388,44.25535947055305],[-114.79474312754265,44.25630121066541],[-114.79375965749209,44.2570868408263],[-114.79274730748875,44.25816826101627],[-114.79225132761123,44.259392381171345],[-114.79115409735918,44.259174231253105],[-114.789788587078,44.259084061371034],[-114.7874541566904,44.259451721619364],[-114.78580782648955,44.26011654183066],[-114.78380056636304,44.2615901421475],[-114.78290497604586,44.26078816215852],[-114.78171720567062,44.25997901219587]]]}},{"type":"Feature","properties":{"objectid":138,"wildernessid":"10582010343","wildernessname":"Frank Church-River of No Return Wilderness","areaid":"136","boundarystatus":"Final","gis_acres":2365707.707,"wid":194,"source":"USFS National Wilderness Areas","source_url":"https://apps.fs.usda.gov/ArcX/rest/services/EDW/EDW_Wilderness_02/MapServer/0","scope":"Idaho"},"geometry":{"type":"MultiPolygon","coordinates":[[[[-114.564974,45.557807],[-114.561098,45.559224],[-114.55852651780816,45.558554077216215],[-114.55721776422457,45.55792698676057],[-114.55571051845382,45.55782045279814],[-114.552638,45.55702],[-114.55081070786936,45.55960530556315],[-114.54547998725879,45.56214535055572],[-114.5441317125488,45.56258794841949],[-114.542041,45.563784],[-114.53880695177011,45.56398991905233],[-114.5369386414896,45.56444475927124],[-114.53371696395851,45.56561071196054],[-114.532982,45.565772],[-114.53145991084743,45.566702699992064],[-114.53092494085193,45.56726718009181],[-114.5304191806533,45.568159931268816],[-114.52758072501018,45.57080468927491],[-114.52635072100945,45.57035267956993],[-114.52673340052688,45.56984623071609],[-114.5268230904307,45.56926309065762],[-114.52623182992276,45.56726098054351],[-114.5258361897233,45.56664032052855],[-114.52459849921811,45.565306620533825],[-114.52423028912011,45.565177540558246],[-114.52405819903339,45.56490783055179],[-114.52351790890897,45.56481778059615],[-114.52308052883755,45.56489497064489],[-114.52287761884625,45.56514493068577],[-114.5225167687839,45.56519111072452],[-114.52176351850873,45.56454466074178],[-114.52090647826192,45.56414885079052],[-114.52052802806055,45.563500680771575],[-114.52048183797213,45.56309462074134],[-114.52021958783303,45.56264786072837],[-114.52108600762853,45.56072239048025],[-114.5219559475793,45.55958912029959],[-114.52235009738664,45.55820247014303],[-114.52228052722678,45.55745385008575],[-114.52144540678754,45.556049510046066],[-114.52114927667857,45.55579104005247],[-114.5205811765287,45.55559868009076],[-114.51923635626056,45.55558746021929],[-114.5175992259808,45.55581290039624],[-114.51736433589647,45.555618760402304],[-114.5171685357603,45.55511943037843],[-114.5166639455688,45.55464938038681],[-114.5155337452439,45.55412971045117],[-114.51423621495897,45.55398444056368],[-114.51173257447418,45.55403790080937],[-114.51057351432785,45.55446269095732],[-114.50934017426833,45.55540792115699],[-114.50906230430877,45.55589693122561],[-114.50746233404163,45.556150041401295],[-114.50706711395479,45.55610540143553],[-114.5061921936849,45.55560922147735],[-114.50521812343709,45.555326891546976],[-114.50422774325806,45.555413251649746],[-114.5037701732077,45.5556192717114],[-114.50273770292354,45.555209631775774],[-114.50070246245602,45.554877041943314],[-114.49904130222032,45.55535373214403],[-114.49560447138514,45.55455827240685],[-114.49432049114314,45.55462010253575],[-114.49211130078612,45.55503066278365],[-114.49018644058657,45.55596049304855],[-114.4888799404945,45.556813893247465],[-114.48831182056932,45.55777353338428],[-114.48817132070772,45.5586255734708],[-114.48686802048988,45.55883091361385],[-114.48575427037706,45.559382473768345],[-114.48452202031048,45.5602914639648],[-114.48372669021292,45.56059798406768],[-114.48101285966405,45.56053812432383],[-114.48047045951918,45.56034613435959],[-114.47961132924004,45.55978708439446],[-114.47907972910619,45.55964032443306],[-114.47772928880492,45.559466474548174],[-114.47704520869117,45.55957737462359],[-114.47646039855528,45.559474434671046],[-114.47505019833498,45.55977629483271],[-114.47423597825986,45.560217344948896],[-114.473923808274,45.560606495012266],[-114.47329857813868,45.56054765506742],[-114.47203479792343,45.56072670520442],[-114.47134619766119,45.56008135521542],[-114.47120817745412,45.5591601651498],[-114.47078679725294,45.558556745138674],[-114.4702373070821,45.558238525164306],[-114.46897572680226,45.55808453527256],[-114.46808306655142,45.55770468532595],[-114.4681455865149,45.557454035298456],[-114.46868911648792,45.556763985187],[-114.47046962661992,45.555633284918734],[-114.47083379661287,45.5552272948489],[-114.47095476655653,45.55481591480201],[-114.47089625640955,45.55412151474815],[-114.4702780460229,45.55276661469153],[-114.4699734158946,45.55241781469097],[-114.46934840570319,45.55207090472139],[-114.46776105532761,45.55175666484721],[-114.46729935512717,45.55119733484372],[-114.46687268500398,45.55099884486776],[-114.46671264483297,45.55028418482193],[-114.46575440446532,45.54937178483593],[-114.46501264425736,45.54905826488043],[-114.46396440403998,45.54900797497701],[-114.46371814394806,45.5487864749817],[-114.46465792383637,45.54725912476032],[-114.46480937376529,45.54674040470126],[-114.46442832350925,45.545813804658486],[-114.46442083331824,45.54484149457587],[-114.46420504321148,45.54451265456844],[-114.46333741296924,45.544151324620906],[-114.46213601270291,45.54400545472401],[-114.46187198261039,45.543798864731684],[-114.459867,45.54343],[-114.4592993820258,45.543413174946146],[-114.45668294718291,45.54418664757275],[-114.450344,45.542201],[-114.44993126960894,45.54053098560012],[-114.449526,45.539731],[-114.44891346911886,45.539050045570974],[-114.4473386140219,45.539103815456194],[-114.44049217878634,45.537140751596915],[-114.43985396553275,45.53679552701182],[-114.43916062062482,45.535319020754834],[-114.43957672644338,45.534808486104836],[-114.4398514963523,45.53406097601423],[-114.43953412602055,45.53267983592618],[-114.43966303598071,45.53234404588495],[-114.44047179607787,45.53202013577935],[-114.44097879609112,45.53157243569215],[-114.44114565601281,45.531000085627],[-114.44085045575065,45.529953945565524],[-114.44089504560986,45.52918519549519],[-114.44067373536187,45.52813607542643],[-114.44019438518072,45.52769325543443],[-114.43901355488052,45.527352775518736],[-114.43903620486564,45.52725321550799],[-114.4401441650567,45.52710704538891],[-114.44093705510862,45.52656673526632],[-114.44160590489899,45.52480845505095],[-114.44240471487156,45.5238542148922],[-114.44278517479793,45.523088614789884],[-114.44308267504333,45.524046854843576],[-114.44277005509183,45.524614644922394],[-114.44292725531537,45.52560318499217],[-114.44371303578093,45.52719602505342],[-114.44431422601303,45.52777657504551],[-114.44466672610888,45.52791048502311],[-114.445588666292,45.5279131149347],[-114.446089066332,45.52760926486044],[-114.44645280632675,45.52721234479144],[-114.44658192607261,45.525775014655544],[-114.44715708602618,45.52495075452951],[-114.4472070959312,45.52441178447842],[-114.4469356657782,45.52390163446072],[-114.44756016569444,45.522835444309095],[-114.44774582559367,45.52212848423053],[-114.44742933540523,45.52148230420547],[-114.4466799751205,45.52078144421732],[-114.4469604650162,45.51995959411975],[-114.44690413494087,45.519629664096804],[-114.44665824476941,45.51899868406626],[-114.44602950454065,45.518462534080626],[-114.44634029436723,45.51725430394698],[-114.44662111437154,45.516990543897336],[-114.44764077448339,45.516527273759515],[-114.44787611445395,45.51613647370334],[-114.44825884448066,45.515883993644835],[-114.44936703444938,45.51459456342757],[-114.45036146455435,45.51412170329139],[-114.45123608460007,45.513466133151006],[-114.45372056453753,45.51061413266723],[-114.4550343745426,45.5093022224283],[-114.45601505464829,45.50884701229498],[-114.4569662747095,45.50819310214735],[-114.4579910149098,45.508179922047745],[-114.45857583498781,45.507985921974914],[-114.45899253498465,45.507545121896975],[-114.45908320488755,45.50695305183742],[-114.46229070527038,45.50565619141777],[-114.46312685525233,45.504711631256306],[-114.46421997534308,45.50406532109578],[-114.4654645456254,45.50425048099207],[-114.46636860576977,45.504072520889906],[-114.4682783561927,45.50430393072629],[-114.47144853667277,45.50354607035654],[-114.47243684685688,45.5034869502565],[-114.4748529371267,45.50241524993235],[-114.47589181715657,45.501511079754856],[-114.47626828720819,45.50139338970856],[-114.47880907768335,45.50125150945222],[-114.4798820978495,45.50101415932876],[-114.48403518825515,45.49887343874591],[-114.48534832842613,45.49841630858045],[-114.48656151862232,45.498190988444556],[-114.48897347907474,45.498064048201854],[-114.48936388912388,45.49791961815198],[-114.49116126928772,45.49693298789457],[-114.49206832930658,45.4961067877365],[-114.49508955990122,45.496092117444945],[-114.49775350030822,45.49547544713604],[-114.5029351108355,45.492915536418465],[-114.50565357095613,45.49076966597307],[-114.50897726129162,45.48911400551167],[-114.51195896165594,45.48795486512575],[-114.51319174182441,45.48756767497406],[-114.51617629228883,45.4869215746319],[-114.51842915256181,45.4860344443393],[-114.52189440320177,45.48580369398654],[-114.52622252387425,45.48486244348999],[-114.52886319437559,45.48475763322728],[-114.53023800467922,45.48492241310929],[-114.53133766495706,45.48523425303036],[-114.53310924545255,45.4859836629244],[-114.53415196585877,45.487014352912546],[-114.53596806667801,45.489384922941206],[-114.5469610783917,45.487029361682865],[-114.54718549880594,45.48893346182443],[-114.55405549994288,45.48780272106721],[-114.55185531807093,45.48040145064454],[-114.54951825758924,45.480297290860165],[-114.54846073713131,45.479014390851844],[-114.5465944265261,45.47779510092665],[-114.54643108642324,45.477431540911184],[-114.54647717622635,45.476370370815786],[-114.54630262611428,45.47597056079829],[-114.54542554580114,45.47524959082073],[-114.54399193534958,45.474381620884024],[-114.5434960251238,45.473722850875205],[-114.54147269433321,45.471707980896745],[-114.54019952394022,45.47097844095646],[-114.53907598353726,45.470045080984356],[-114.5383475132192,45.469147240977314],[-114.53796052287224,45.46775268089485],[-114.53735245261169,45.46702845089112],[-114.5389904528757,45.466721740707484],[-114.53946111292343,45.46648885064229],[-114.5398118029121,45.466073350573005],[-114.54125584308986,45.46551938038682],[-114.54063719287427,45.465037980404894],[-114.54028526243502,45.46313110027512],[-114.54192923221669,45.460331089877],[-114.54123682191653,45.459488049871204],[-114.54024255160174,45.45887703991421],[-114.53992650145508,45.458442659907305],[-114.53966123119918,45.45739277984265],[-114.5396458110548,45.45666333978154],[-114.54105258133318,45.45666664964676],[-114.54184351138449,45.45612560952436],[-114.54262148114881,45.454117049277336],[-114.54405560108209,45.45231163898475],[-114.54212022043379,45.450937769052615],[-114.54237977024022,45.44967416891922],[-114.54288205009557,45.44841578876297],[-114.54281731974422,45.44666812861919],[-114.54307607972491,45.44630463856316],[-114.54411621979683,45.44561591840418],[-114.54436101977996,45.44527912835178],[-114.54449435972491,45.444858938302914],[-114.5445284395226,45.443779498207014],[-114.54539863952022,45.4428800780463],[-114.54618991945485,45.4417359178721],[-114.54697278931107,45.440195507664704],[-114.54708833921762,45.43959489760205],[-114.54708540911597,45.43907274755752],[-114.54688315895145,45.438429307521716],[-114.54519415782516,45.43433335733201],[-114.54243936673862,45.43152863735534],[-114.54016521571418,45.42855418731799],[-114.53994170541316,45.427226157225306],[-114.5418978653426,45.424864926834786],[-114.54158364508602,45.42385900677852],[-114.53901247390459,45.42037404672553],[-114.53913601372066,45.419296536621104],[-114.54039366360526,45.417415346338835],[-114.54243045387307,45.41672111608385],[-114.54302614389918,45.41624786598608],[-114.54429547384706,45.414681925729745],[-114.54517019365281,45.41278344548274],[-114.54592273358,45.41163844531217],[-114.54711245358148,45.4104308250943],[-114.5475146635199,45.40970135499304],[-114.54756863340381,45.409045404931476],[-114.54671055295789,45.40761373489063],[-114.54512889246183,45.40666157496039],[-114.54454621215316,45.405658884930006],[-114.54411648159196,45.40319224475904],[-114.54430906145518,45.40228724466279],[-114.54477828133592,45.401190164523506],[-114.54482925117588,45.400309114442805],[-114.54470676107124,45.399892414418694],[-114.54438734095126,45.39959749442394],[-114.54363507073884,45.39926625446756],[-114.5432623705612,45.39872714445688],[-114.54322340049949,45.39844726443654],[-114.54333186043623,45.398008524388395],[-114.54368052043174,45.39762896432234],[-114.54441679048453,45.39714973421059],[-114.54537725043652,45.39591919401273],[-114.54559248037388,45.395374733945246],[-114.54692434056575,45.39500730378605],[-114.5479654206296,45.394273553623194],[-114.54954233097332,45.39444245348663],[-114.55066104110487,45.39398038333969],[-114.55234168140515,45.39381841316476],[-114.55387691164141,45.39347327298794],[-114.55431981169066,45.39327573292854],[-114.55648292181365,45.391701802585935],[-114.55772838197416,45.39126038242863],[-114.5583008020981,45.391317642378716],[-114.55883530227001,45.39166213235717],[-114.5592239724369,45.392129522360094],[-114.55955500267902,45.39304574240719],[-114.56021598293897,45.39371698240153],[-114.56201377336703,45.394097462261975],[-114.56299468363054,45.39446046219919],[-114.56399919385021,45.39457192211253],[-114.56583801415962,45.39429611191262],[-114.5681935444879,45.393590201626196],[-114.56913847467641,45.39360133153662],[-114.56996309480766,45.39343887144363],[-114.57122743494408,45.39285368127218],[-114.57404079537132,45.39219341094583],[-114.57473190544445,45.39186604085148],[-114.57608928552479,45.39089571063804],[-114.57692850593868,45.3921827406682],[-114.57788787623772,45.392752200625196],[-114.58105431698623,45.39339545037701],[-114.5831629275148,45.39398021022519],[-114.58598054798094,45.39351775991537],[-114.58675840814095,45.39355221984379],[-114.5877773784137,45.39392481977817],[-114.58937905870816,45.393814639615165],[-114.59042697879734,45.39320665946251],[-114.59148778894647,45.39289599933415],[-114.59262624893219,45.3916598191189],[-114.59360279909903,45.39152738901391],[-114.59794977994041,45.39144793859047],[-114.5996689103626,45.39188017846283],[-114.60337027157455,45.39437935832255],[-114.604646031951,45.39502723825589],[-114.6069500825603,45.39583169810404],[-114.60798755286979,45.396375538051224],[-114.6094666532332,45.396748577941445],[-114.61157406365172,45.396765697740854],[-114.61347582397667,45.3965084375365],[-114.61614375451295,45.3965641972855],[-114.6177853647491,45.39611239708934],[-114.61924399502661,45.39606181694515],[-114.61984501520129,45.3963534069125],[-114.62028030545918,45.39724462694723],[-114.6203507755603,45.39769616697917],[-114.62068448567783,45.39796416697015],[-114.62204323598395,45.39816350685697],[-114.6259435067956,45.39838873650229],[-114.62700603705431,45.39864487642235],[-114.63272277874565,45.40157204612505],[-114.63707245987352,45.4029764058282],[-114.63872434041939,45.404117765767566],[-114.64025833083714,45.404716585671736],[-114.64177962131157,45.4056211756033],[-114.64933624319474,45.4076673750536],[-114.6502665334494,45.408037584996066],[-114.6524352441321,45.409360424901266],[-114.6536055744472,45.40979855482644],[-114.65555443492032,45.41026167467908],[-114.65714420526912,45.41044734454243],[-114.65965989571322,45.410183914278456],[-114.6614311259661,45.409689134066156],[-114.66463807624073,45.40784649360067],[-114.66636902649414,45.40739582339604],[-114.6661345362467,45.406354893329464],[-114.6662319361581,45.4057976132724],[-114.66735812615934,45.40465839306682],[-114.66978902634843,45.40316301270558],[-114.67007544634139,45.40283508265006],[-114.67079014621281,45.40144274246233],[-114.67120362621637,45.40104046238823],[-114.67141322614695,45.40046799231911],[-114.67247185623134,45.39982726216265],[-114.67326521626009,45.39916874203024],[-114.67665153663373,45.397656021575834],[-114.67700048663617,45.39731357151305],[-114.67780155658409,45.39622880134338],[-114.67813870646428,45.39526567122859],[-114.67852421641832,45.39463559113767],[-114.67886646621676,45.39324437098582],[-114.68159482620125,45.390387340479535],[-114.68191645621883,45.390150680428434],[-114.682394486298,45.390074010376026],[-114.68389738640697,45.389108300149196],[-114.686424816723,45.388171979826645],[-114.68703068675585,45.387725179730275],[-114.68755856671909,45.386997759617415],[-114.68773044666489,45.38654216956194],[-114.68850749628349,45.38377644925067],[-114.68927935622789,45.382702909084756],[-114.69012865622635,45.38183013892859],[-114.69087293613202,45.38058380875053],[-114.69101930601188,45.37981263867047],[-114.69086285563296,45.37800917853113],[-114.69112077555084,45.37732127844751],[-114.69197198549736,45.3761773082679],[-114.69396735557248,45.37453435793597],[-114.6941920953986,45.37340471781765],[-114.6940886752024,45.37249347774956],[-114.69385504505311,45.37195766772611],[-114.69296040468807,45.37097732772792],[-114.69229994449125,45.3706300177615],[-114.69081073411455,45.370194837866975],[-114.69038702392253,45.36963116785937],[-114.68899486370911,45.36994336801954],[-114.68754172331452,45.36937877811048],[-114.686448632947,45.36858740814746],[-114.68520652244439,45.36724783815173],[-114.68506553202982,45.36524198799341],[-114.68397564172358,45.36476511805701],[-114.68281534150961,45.36483854817448],[-114.6828151714337,45.364444938140764],[-114.68146375122112,45.36472024829389],[-114.67902852090742,45.365576198600614],[-114.67684818046709,45.365515878804416],[-114.67514523996402,45.36464379889284],[-114.67493475974699,45.36373301883498],[-114.67513699956658,45.36259107871768],[-114.67767884897592,45.35693458798927],[-114.67767867889168,45.35649789795184],[-114.67787115892953,45.35649789793339],[-114.67771111874082,45.35568175787878],[-114.67782669869557,45.35532908783744],[-114.67769551853894,45.354650397791836],[-114.67741708838861,45.354154257775974],[-114.67744530830436,45.3536881977333],[-114.6769186180599,45.35295675772105],[-114.67670274787805,45.35223334767967],[-114.67589296752817,45.35124389767243],[-114.67572809735336,45.35050462762483],[-114.67510187707165,45.34968145761417],[-114.67474899679455,45.34860301755551],[-114.67256560588292,45.346098877549764],[-114.67256514592597,45.34632255756903],[-114.6715986955386,45.34529787757367],[-114.67139821535797,45.34456465752996],[-114.67027087489707,45.34332194753129],[-114.66962058465747,45.34274157754375],[-114.6688271044177,45.34230679758242],[-114.66316324285891,45.339994587926235],[-114.66288989267329,45.33930937789362],[-114.66292185258614,45.338823947848866],[-114.66349282253516,45.33797599772145],[-114.66361965248178,45.337569017674376],[-114.66352614233739,45.33691449762713],[-114.66319290219265,45.336502607623665],[-114.66162466169794,45.33553431769064],[-114.65818718085598,45.33467170794558],[-114.65701790048806,45.333954587995926],[-114.6565271502995,45.33347642800184],[-114.65560414983986,45.33203072796603],[-114.65452290940654,45.33088331797091],[-114.65397349910845,45.329895357938646],[-114.65172557827829,45.32787778798041],[-114.65089775800404,45.327298158009796],[-114.64767958714683,45.32613205821753],[-114.64630308656895,45.324534808212],[-114.64590278619998,45.32302513812051],[-114.6433677852604,45.32073091816578],[-114.64165983474463,45.319795518248725],[-114.64127241459735,45.319425578253984],[-114.6401792743129,45.31906454832749],[-114.63737140359862,45.318221948523586],[-114.63495466310134,45.31810835874495],[-114.63246190245673,45.31730593891437],[-114.6312390320099,45.316232508938946],[-114.6302101114348,45.31429286887049],[-114.62860710064149,45.31180453880966],[-114.62601227964171,45.30925705883853],[-114.6250434093102,45.30852342886802],[-114.62053065797156,45.30617630909731],[-114.61705533673164,45.303279809180104],[-114.6155543962563,45.30234195924278],[-114.60910597436244,45.29908651957854],[-114.60834361416329,45.29883067962937],[-114.60550032325642,45.29702077974507],[-114.60499451303332,45.296376689737905],[-114.60424553280266,45.295942689772026],[-114.60221854242573,45.29605809997566],[-114.60042188215827,45.29650768018607],[-114.59812089196772,45.29787641052386],[-114.59582792166465,45.29865003080965],[-114.59492797143139,45.29835754087042],[-114.59428263129192,45.29829294092647],[-114.59330919095663,45.297544220954926],[-114.59306608081647,45.2970632209367],[-114.59114755035503,45.296626861082316],[-114.58658547941928,45.296432381501354],[-114.58542211920312,45.296500081618355],[-114.5808288186229,45.29819210220303],[-114.5799704986305,45.29911310236449],[-114.57968029874267,45.29999602246839],[-114.57991580898468,45.30101596253387],[-114.5788267389948,45.302186992738875],[-114.5770845587697,45.302802722958454],[-114.57588741853519,45.302809613073386],[-114.57318963772056,45.30133365320379],[-114.56896145652505,45.299444063444696],[-114.56739918610896,45.29887931354517],[-114.56606964585113,45.29890118367407],[-114.56425463560245,45.29946930389643],[-114.56110363500937,45.29961481420998],[-114.55901546457207,45.29948060439784],[-114.5550271438664,45.29989972481495],[-114.55360310370747,45.300534815005804],[-114.55180275339788,45.30077099519814],[-114.55010785327914,45.301894245456985],[-114.54874691322905,45.30303188568522],[-114.54747741310669,45.30369875586404],[-114.54492907269905,45.30419301615008],[-114.54286734227468,45.30409990633901],[-114.54109352187184,45.303822996484485],[-114.54019432159382,45.30329811652502],[-114.53909918132833,45.303039596607306],[-114.53783950090659,45.30213581664956],[-114.53604761019227,45.30025324665804],[-114.53405521962199,45.29932806676839],[-114.53305318937102,45.29904970683997],[-114.53196773915897,45.299060406944555],[-114.53066987901283,45.29963312711794],[-114.52912700888207,45.30053852734354],[-114.52783788862166,45.30050619746383],[-114.52686694838746,45.30028351753731],[-114.52494847771632,45.29875666758851],[-114.52307791728262,45.29841902773794],[-114.52203348708085,45.298441367839565],[-114.52127842696416,45.298609497926215],[-114.51983502687094,45.29960881815035],[-114.51899241693931,45.30083272833664],[-114.51856321718508,45.302556198526595],[-114.51766150721397,45.30363477870595],[-114.51707484713978,45.30385155878073],[-114.51633329691012,45.303416848813924],[-114.51552356677028,45.30352073890022],[-114.51419727686377,45.305373189187],[-114.51289386683676,45.306573509415216],[-114.51156109671236,45.30729607960497],[-114.50947247647012,45.308182179881015],[-114.50877395634315,45.308238949952646],[-114.5081750861871,45.30804133999277],[-114.50714095586123,45.30740665003662],[-114.50672707564405,45.30669999001504],[-114.50501107512558,45.30576233009785],[-114.50377600480931,45.30538426018307],[-114.50231062448546,45.30520367030734],[-114.50130429429123,45.305226650405395],[-114.49890741389954,45.305651230670975],[-114.49398715333903,45.307793701326126],[-114.49327155327242,45.308183061428096],[-114.49270192325513,45.3086791415254],[-114.49085154308655,45.30970516179082],[-114.48958247285562,45.30980778192089],[-114.48809994263347,45.31017573209427],[-114.48753858252284,45.31017687214796],[-114.48692528235088,45.30991167218356],[-114.48612726206129,45.309223142200196],[-114.48369268130617,45.30779225230885],[-114.48303954112956,45.307543812349685],[-114.48240254100706,45.30756127241198],[-114.48159586095741,45.30813307253853],[-114.48049286084105,45.30866233268959],[-114.47811987069032,45.31032022305966],[-114.47710527082913,45.312089103309624],[-114.476153820859,45.31322477349873],[-114.47503535097088,45.31495984375569],[-114.47462842097423,45.315396413832296],[-114.47432907093712,45.31551131387085],[-114.47379236082793,45.31549493392071],[-114.47258516052396,45.31515315400636],[-114.47229499047661,45.31520523403855],[-114.47079203030974,45.31588306424077],[-114.47023304032642,45.31654579435149],[-114.46985314029911,45.3167945344093],[-114.46881752012966,45.316977994524095],[-114.46592024951383,45.316751674781116],[-114.46170046840916,45.31533918506174],[-114.46082465820989,45.31520268513353],[-114.45984125801311,45.315189805226325],[-114.45796230771147,45.315553035437176],[-114.45584541725472,45.31535284562189],[-114.45382205699299,45.31607285587743],[-114.45265010680811,45.31631675601046],[-114.45083536639765,45.316046696160306],[-114.44984374621379,45.31611006626047],[-114.44881185609519,45.31655508639756],[-114.4481623360503,45.316990636497266],[-114.44760747612389,45.317945896632985],[-114.44684821599127,45.31803693671332],[-114.44640273594965,45.31827901677685],[-114.446193795973,45.31861639682605],[-114.44605342610524,45.319450406911685],[-114.44571252613137,45.319937856986435],[-114.44197226562709,45.32116381744973],[-114.44078387542679,45.321344217578805],[-114.44026029536245,45.3215485076465],[-114.43842874518236,45.322497587903555],[-114.43736043514271,45.323391768083084],[-114.43380180480882,45.32531915858984],[-114.43177919451068,45.32584975882892],[-114.43086290433585,45.325883148919296],[-114.4294470740195,45.32569373903806],[-114.42849746377317,45.32538879910231],[-114.42731448342872,45.324813049165385],[-114.42589363305177,45.324312929257665],[-114.4250621427611,45.32365506928004],[-114.42417614252506,45.32333801933717],[-114.42315723216713,45.32252288936375],[-114.42267227203112,45.32231389939195],[-114.42252495177861,45.32114937930511],[-114.41964690118562,45.32102583956911],[-114.41629013068055,45.32185454996134],[-114.41575903030639,45.32045178989043],[-114.41556503001691,45.31914216979535],[-114.41501742970597,45.31808558975598],[-114.41277295898209,45.31662598984364],[-114.41024298826603,45.315501929987555],[-114.40907170796017,45.31511528006579],[-114.40504690648994,45.311599540144776],[-114.40506281596541,45.30884579990427],[-114.40268688533038,45.307984950056245],[-114.40119602496155,45.30759995016505],[-114.4003941746451,45.30677605017001],[-114.39943601432797,45.3061106102036],[-114.39867696395116,45.30492761017333],[-114.39794549367139,45.30422231018186],[-114.3974020434994,45.30388586020446],[-114.39681958319278,45.30288691017329],[-114.39629925297551,45.30228994017106],[-114.39488719250373,45.3012855402185],[-114.39307524202174,45.30064107033533],[-114.39112291158888,45.300398420500414],[-114.38917162124497,45.300619350705695],[-114.38706017096861,45.301358670971254],[-114.3864574506769,45.30045821095054],[-114.38598457049763,45.300010800956755],[-114.38463070005827,45.29911564100805],[-114.38403852988415,45.29881851103873],[-114.38193547934922,45.2981986911854],[-114.38066725908135,45.29811108129865],[-114.37909266858529,45.29714777136509],[-114.37812642832168,45.296770021424386],[-114.37523450763652,45.29618145164895],[-114.37241888704679,45.29601315190269],[-114.37184726690094,45.29584246194234],[-114.36970192642795,45.295590502124995],[-114.36852008620592,45.29565327224312],[-114.36740258591857,45.29530794231959],[-114.36414330516745,45.29475563258225],[-114.36205045437687,45.292789942610725],[-114.36401613448292,45.29130959229462],[-114.36454986441882,45.290421762166496],[-114.36423059402534,45.28869508204672],[-114.3635415738445,45.28846313209221],[-114.36274228365946,45.28832314215623],[-114.36180225360941,45.28903504230775],[-114.35593620294252,45.2916222730919],[-114.35375193237358,45.29091003323805],[-114.35451171242501,45.29039205312057],[-114.35529551243484,45.28963158297972],[-114.35708537263629,45.2888313927395],[-114.35818735262616,45.2876371925306],[-114.35823953259886,45.28744036250851],[-114.35768459238496,45.28689642251406],[-114.35891616256887,45.28658287236937],[-114.35958768256543,45.28586928224331],[-114.36042071249659,45.28464633205752],[-114.36065852240446,45.283918201971474],[-114.36059182221629,45.283002991898215],[-114.36101635222909,45.28263024182533],[-114.36133515204583,45.28134138168275],[-114.36153595203315,45.28106697163976],[-114.36157971193703,45.2805188915879],[-114.36126860173555,45.27978707155384],[-114.36142438161052,45.278971521468],[-114.36180398155315,45.27827817137147],[-114.36180422138806,45.277414021296245],[-114.36235020132483,45.27651748116622],[-114.36308347136747,45.275980831049644],[-114.36362515133095,45.275228200932524],[-114.36359781127722,45.274975530913174],[-114.36429880100295,45.27281333065814],[-114.36423083085243,45.27209613060217],[-114.36451443062953,45.270635420448],[-114.36463301037762,45.2691933903112],[-114.36453346016059,45.26816041023074],[-114.36437685007556,45.267877740220996],[-114.3633045697348,45.26720486026455],[-114.36290243950987,45.26644393023658],[-114.36308005913158,45.26427865003113],[-114.36278867895483,45.263655300004565],[-114.36353757884692,45.26231335981641],[-114.36368673869838,45.26138063972094],[-114.3642060485028,45.25981734953535],[-114.36478751843747,45.258872099397635],[-114.36526277805007,45.256349109132636],[-114.36551382800724,45.255864319066546],[-114.36588400771026,45.25392400886227],[-114.36624839756075,45.25276220872633],[-114.36619770751011,45.25254949871266],[-114.3656576773047,45.25203293871906],[-114.36577479729489,45.25186010869286],[-114.36737613751505,45.25135245849618],[-114.36795590748554,45.25059619837512],[-114.36914545753059,45.24959801817498],[-114.3702582574767,45.24816089794381],[-114.36966801705931,45.24658495786272],[-114.36979054694591,45.24586315778816],[-114.37017927687778,45.24510247768485],[-114.3701614067758,45.24458624764161],[-114.37008198658606,45.243673487569644],[-114.36966763619583,45.242057157468224],[-114.36945462587907,45.24061649736292],[-114.36964465582913,45.240157297304805],[-114.37018389590907,45.24001669724124],[-114.37025970588064,45.23978890721416],[-114.37009850574162,45.239227087180566],[-114.37094091595152,45.23945353712016],[-114.3712207559661,45.239239437074886],[-114.37139782591443,45.238784437018346],[-114.37256157587015,45.237343976782114],[-114.37251818576443,45.23683438674179],[-114.37219305555631,45.23607977670694],[-114.3724850554867,45.23541137662091],[-114.3723627953985,45.23507550660332],[-114.3725840252914,45.23428395651323],[-114.37247315515839,45.23370080647295],[-114.37274296489306,45.232028216301494],[-114.37288220487493,45.23178838626734],[-114.37267608462318,45.2306809461904],[-114.37291270461012,45.23036683614055],[-114.37374571466886,45.22980990601273],[-114.37427442454948,45.22863385585995],[-114.37403437442462,45.22822776584738],[-114.37403204437783,45.22798466582636],[-114.37436098435353,45.227515155754176],[-114.37459102427748,45.226876825676634],[-114.37440996415081,45.22640008565229],[-114.37443328402614,45.225720995590855],[-114.37591463420829,45.2251384553992],[-114.37759476445379,45.22468198519959],[-114.3781284345154,45.224451205128744],[-114.37835650451609,45.2242178950867],[-114.37833157439022,45.223582715033686],[-114.37808490416289,45.222645384975415],[-114.37997325397575,45.219700214539074],[-114.38024587400177,45.21955344450035],[-114.38177109437608,45.219935004388574],[-114.38245813442931,45.21950068428536],[-114.38477859489504,45.21953587406778],[-114.38694897542206,45.22004916390615],[-114.38721405546794,45.22001472387795],[-114.38782723551216,45.21961018378435],[-114.38771304528602,45.21854088370201],[-114.38781767527549,45.21837674367777],[-114.38851969533857,45.2179787335763],[-114.38876042534179,45.21774570353309],[-114.389107215256,45.2169344934294],[-114.3896503953092,45.21664986335293],[-114.39142722539509,45.21525472306237],[-114.39181278536077,45.21467393297505],[-114.39162540508991,45.21344543288581],[-114.39243781475476,45.21084002258142],[-114.3930335746191,45.20950789240866],[-114.39309419458084,45.20924373237984],[-114.39283351438857,45.20850414234012],[-114.39330767437052,45.20791636224379],[-114.39463011450074,45.207226432057965],[-114.39474161447276,45.2069634220244],[-114.39468601432539,45.20624653196721],[-114.39454502425498,45.20602277196106],[-114.39455943414146,45.20541099190635],[-114.39546073414894,45.204513391742445],[-114.39641308424548,45.204031031609816],[-114.39755621430096,45.20313443142301],[-114.39887400441911,45.20238583123248],[-114.40084054482412,45.20247114105302],[-114.40298208513437,45.20187627079755],[-114.40399426531484,45.20177327069241],[-114.40425186533349,45.201603600653115],[-114.4049136152994,45.20073649051463],[-114.40627130535111,45.19959713028622],[-114.40723442544723,45.199101420151464],[-114.40877787543715,45.1974441598603],[-114.41311210622771,45.197096899418064],[-114.41680081702816,45.19747298910028],[-114.41840201745762,45.19806731899982],[-114.41865620750632,45.198059568975026],[-114.41944430753367,45.197384258841254],[-114.42076367749962,45.1958342985808],[-114.42121766753397,45.19554299851225],[-114.42256627771721,45.19510537834591],[-114.42341570779284,45.1946204582229],[-114.42540411807182,45.19402170798175],[-114.42754649842637,45.19366043774665],[-114.42966541886169,45.19374867755296],[-114.43064145912287,45.194108217491475],[-114.43243435942905,45.193856007299104],[-114.4329569895362,45.193876767251226],[-114.43375166974792,45.19416468720077],[-114.43502780997036,45.19400883706589],[-114.43844776034894,45.192447336604815],[-114.43934042041094,45.191846256467585],[-114.44158092069178,45.190996326180574],[-114.44315145097525,45.1908559860191],[-114.4454933912774,45.19001275572301],[-114.44664538148493,45.189908015604416],[-114.4478171415176,45.18886301540205],[-114.44912683137836,45.186769915095276],[-114.45030278137818,45.18554744487708],[-114.45159523149596,45.184824674691264],[-114.45349768180944,45.18449806448201],[-114.4547715020637,45.184512974362235],[-114.45505932206362,45.184213334308815],[-114.45618939223758,45.18395497417888],[-114.46078198313776,45.18392220373958],[-114.4644390835534,45.18231118325169],[-114.46587636367455,45.18145643304072],[-114.46704878370907,45.18042026283906],[-114.46830336382335,45.17971896265877],[-114.46942393400471,45.17950976253408],[-114.47141456425281,45.178748232278586],[-114.47186696432598,45.17866373222828],[-114.47347030465686,45.1787400820825],[-114.47395352446766,45.17724265190628],[-114.47397462432654,45.17647798183771],[-114.47368701408392,45.17549943177983],[-114.47287418364316,45.174023161728606],[-114.47152727336835,45.17397533185241],[-114.46962418291302,45.17355509199668],[-114.46858446263684,45.17318097206289],[-114.46715306178086,45.17016066193588],[-114.46589797118615,45.168332461895915],[-114.46362929059055,45.1675529420435],[-114.46314548044172,45.16727214206501],[-114.4616677101029,45.16702324218373],[-114.45918085958114,45.16685989240569],[-114.45623368892387,45.166461192650885],[-114.45494052870244,45.166639402789265],[-114.45324348833304,45.16645753293457],[-114.44905432751746,45.16651701333766],[-114.447051567035,45.16605816348792],[-114.44587416677712,45.165923803588015],[-114.44455162640452,45.1653360936624],[-114.44298165584532,45.16402270369698],[-114.44156797540992,45.1631988737594],[-114.44024066494921,45.16215192379415],[-114.4397145147936,45.16187907382027],[-114.43140495285111,45.16028812447052],[-114.43208028287293,45.15970020435512],[-114.4327312028318,45.15880567421531],[-114.43428673301754,45.15816552401174],[-114.43596126315387,45.15714095376341],[-114.43624633313455,45.15674228370153],[-114.43666493289977,45.15506836351579],[-114.437107952943,45.15483526345339],[-114.43770345290952,45.15403848332734],[-114.43871088293686,45.15313391315278],[-114.44119080305302,45.15116415274553],[-114.4420607430424,45.15020246257905],[-114.44341895309007,45.149039472348726],[-114.44390550313622,45.148776512279554],[-114.44514540308595,45.14721996202611],[-114.44562122315801,45.14710459197087],[-114.44668967315334,45.14596727177025],[-114.44795217322702,45.14504132156962],[-114.44837166309496,45.14390748143089],[-114.44850881291816,45.14283157132401],[-114.44873657285977,45.14228633125486],[-114.44898455266586,45.14100463111946],[-114.44958349256319,45.139838780960936],[-114.44963255231048,45.13845361083537],[-114.44943459203188,45.1371889507438],[-114.44865780161271,45.13578532069504],[-114.44838912151255,45.13553627069882],[-114.44773395108727,45.13397333062453],[-114.44744819067854,45.13211258048923],[-114.4469111403692,45.13103837044639],[-114.44673305011855,45.12990017036397],[-114.4470072397649,45.12774588014987],[-114.44782389959046,45.1259727999176],[-114.44776921938012,45.12491836983075],[-114.4485490393005,45.12368455964903],[-114.44936667933757,45.12302769951415],[-114.45041358931006,45.121790849306855],[-114.45111862942491,45.12166255922878],[-114.45240036968833,45.1217181791121],[-114.45337854983096,45.121451948996054],[-114.45405987987965,45.12099905889194],[-114.455134170011,45.12057292875286],[-114.45693951009711,45.119145868457046],[-114.45715402003817,45.118610548389974],[-114.45772888008587,45.11826327830513],[-114.458251000077,45.11767178820401],[-114.45823862985651,45.116519288104556],[-114.45763968947368,45.11511967803912],[-114.45834862957223,45.11490142795287],[-114.45904397972592,45.11498891789458],[-114.46030576996138,45.114917977768734],[-114.46419051091416,45.11590451748649],[-114.46524989110544,45.11581101737786],[-114.46605289120079,45.11547777727266],[-114.46651455122054,45.11510094719594],[-114.46769123104212,45.112930626894915],[-114.46767462094685,45.11244416685403],[-114.46796082092104,45.11200942678894],[-114.4679498107486,45.11110900671139],[-114.46806016073339,45.11091341668387],[-114.4729675321353,45.113209586418954],[-114.47511277279031,45.11443628632257],[-114.47565098293273,45.11462821628832],[-114.47734459330947,45.11485469614744],[-114.47837811344264,45.11448145601689],[-114.47886310347559,45.11415009594195],[-114.47980524343711,45.11296466574915],[-114.48079856346169,45.11205940557601],[-114.48121041335736,45.111078305451365],[-114.48127978323686,45.11036869538286],[-114.48111975307354,45.10967202533722],[-114.48148121301185,45.108968865241586],[-114.48150139292906,45.108510215199665],[-114.48122502264198,45.10727987511849],[-114.48092534250503,45.106868185110976],[-114.48199046267182,45.10663963499006],[-114.48281904277049,45.10629783488167],[-114.48332894281015,45.10597601480522],[-114.48422327282387,45.10511614464541],[-114.48479906290015,45.10491919457364],[-114.48523669290827,45.104505754496024],[-114.48546679289328,45.104186764446396],[-114.48550601284164,45.10387256441528],[-114.48549405278138,45.10356624438968],[-114.48519041266067,45.10324442439036],[-114.485510002497,45.10204529425545],[-114.4852308022214,45.10087791418001],[-114.48703425219988,45.09888322383495],[-114.4871968121339,45.09836469377431],[-114.48714825200507,45.097733503723795],[-114.48757391200736,45.097301783645776],[-114.48802534201315,45.096861623564585],[-114.48882881215953,45.09679829348291],[-114.49017604226054,45.09592773327922],[-114.49108392247044,45.096091723207465],[-114.49216435268274,45.096088453104784],[-114.49367904286164,45.09545559290598],[-114.49524334327499,45.09601202280622],[-114.49732291370525,45.09612064261862],[-114.49919731397534,45.09559561239512],[-114.50044121406229,45.0947586822042],[-114.5026933247566,45.09608523210644],[-114.50445639524817,45.09684871200589],[-114.50637596559169,45.09666534180791],[-114.50791324581405,45.09623982162504],[-114.5094528961611,45.09647146149931],[-114.50986354641128,45.0973671015385],[-114.51079826685186,45.09872425156822],[-114.51198409725195,45.0996052715326],[-114.51254081747282,45.10019352153109],[-114.51327637796358,45.10202341162089],[-114.51411383828005,45.10282481161135],[-114.51496938865635,45.103923651626],[-114.51563383903165,45.10521637167565],[-114.51732796961315,45.10652698162922],[-114.52038834036125,45.107295641405955],[-114.52203898068825,45.107306041250304],[-114.52324446088669,45.10710005111803],[-114.53035627184133,45.104743540238125],[-114.53078217196693,45.104964450216976],[-114.53132121232211,45.106281370280605],[-114.53207091266266,45.10730128029827],[-114.53253297292808,45.108223410334745],[-114.53270953283784,45.10756263026048],[-114.53358485269361,45.10588921003167],[-114.53402625269122,45.10541714994868],[-114.53490686275832,45.104855559816286],[-114.53598136287381,45.10434764967011],[-114.53954646336027,45.10320930923278],[-114.5425189738238,45.10256670889488],[-114.5434644139465,45.102231488775985],[-114.54372606386708,45.10153947869096],[-114.54455613392575,45.10098571856399],[-114.54671022390228,45.098619558153615],[-114.54753334394081,45.09796660801869],[-114.54781929386037,45.0972436079286],[-114.54776239371448,45.09653113787195],[-114.5480580834353,45.09474622768843],[-114.54831719334526,45.09400014759888],[-114.54878207330248,45.093289987492966],[-114.55013472335463,45.09215778726605],[-114.55060869334346,45.09160534717302],[-114.55128996315199,45.08988261695838],[-114.55257525314046,45.08848338671464],[-114.55427441330812,45.08760161647669],[-114.55578087335543,45.086283616219085],[-114.55673378331124,45.0850572660219],[-114.55713612314545,45.08376060587085],[-114.55695586298685,45.083108615831144],[-114.55650579284465,45.08282442584906],[-114.55457616238047,45.08237669599294],[-114.55274262198029,45.08216769614859],[-114.54850100080306,45.080352836392485],[-114.54570541008636,45.079470196580544],[-114.54456097963939,45.07829526658662],[-114.54415663944383,45.07768110657142],[-114.54365305912583,45.07652143651806],[-114.54345471889528,45.075506726448396],[-114.54366830867157,45.074099096305424],[-114.54443889864463,45.07315305614995],[-114.54483564866797,45.072863136087065],[-114.54543073874696,45.07266095601304],[-114.54648359896126,45.072699105916605],[-114.55031105986389,45.07349178562297],[-114.5530756304682,45.073812135388955],[-114.5549217108135,45.07371763520575],[-114.55718763119796,45.07339338496275],[-114.55784378129677,45.07323316488661],[-114.55849227135735,45.072878394794245],[-114.56060560139936,45.070898564421405],[-114.56279522154773,45.06940320408362],[-114.56227643120455,45.06812528402141],[-114.56119090090026,45.06764399408237],[-114.56148624077527,45.066673603969775],[-114.56192507076739,45.066174373884685],[-114.56415260110398,45.06563680362678],[-114.56439522111785,45.06545744358815],[-114.56623612070439,45.061346853055504],[-114.56728405062435,45.05982987282399],[-114.56832219047273,45.05794359256125],[-114.56862196039879,45.05723883247145],[-114.56877896025036,45.05628798237366],[-114.56898575022565,45.05594131232387],[-114.57128530037379,45.05432941196553],[-114.57336503058053,45.05325741167514],[-114.57518824080792,45.052562491441876],[-114.57564011084253,45.052275031374045],[-114.57570401077896,45.05187130133278],[-114.57541625050492,45.05071745125944],[-114.57552090041987,45.0501570612007],[-114.57697748027341,45.0478610008626],[-114.57686784022543,45.047720460860724],[-114.57635591013523,45.047775840914014],[-114.57421371992936,45.04891776121645],[-114.57305721993593,45.05015872143419],[-114.57247283001296,45.051177011578304],[-114.57151763996818,45.05193535173487],[-114.57117900990934,45.05197661177053],[-114.56914450942627,45.0515355319248],[-114.56716455908017,45.051764712132254],[-114.56609458881108,45.0514528722064],[-114.56534543866108,45.05143867227612],[-114.56426006852627,45.05185560241529],[-114.56348947854804,45.05277493256842],[-114.56265699831607,45.05241265261569],[-114.56152022811087,45.052509902731835],[-114.55921293786085,45.05359033304457],[-114.557961197787,45.05450425324278],[-114.55738114780209,45.05518949335753],[-114.55536864765696,45.056519193664094],[-114.55118096711598,45.05801826419142],[-114.54916747689337,45.05893825446238],[-114.5487161368206,45.05902308451257],[-114.5477127365921,45.058858084593176],[-114.54698711650857,45.059172184689324],[-114.54659037653916,45.059748204777144],[-114.54640727691674,45.06194165498579],[-114.54664381710356,45.06268552502826],[-114.54713934730319,45.06322691502855],[-114.54724651737754,45.06350950504304],[-114.54713970748318,45.064180885111675],[-114.54721598771907,45.06535199520661],[-114.54654463769349,45.06591657531943],[-114.54426343750163,45.06727842565428],[-114.54095225743598,45.07038358623882],[-114.5403876975675,45.071669136404445],[-114.53930787761782,45.07306158662814],[-114.53932881780204,45.07401623670938],[-114.53963519801992,45.07485100675316],[-114.54149101881407,45.077123446775396],[-114.54203955916387,45.0784045168351],[-114.5421266892519,45.07877996685959],[-114.54198317948479,45.080163166993735],[-114.53700255877676,45.08160411759144],[-114.5362169486861,45.081943027695424],[-114.53570210873902,45.082759787815434],[-114.53542124871748,45.08293826785761],[-114.53389478849073,45.08332838803634],[-114.53249316812412,45.0828480081273],[-114.52977463751333,45.082447138349956],[-114.52871159735835,45.082734688475796],[-114.52719172722891,45.08363346869822],[-114.52575728698909,45.08385893885386],[-114.52529442699809,45.08438900894392],[-114.52430961724468,45.0867214592407],[-114.52344906722844,45.087532339392936],[-114.52301556702672,45.08691648938036],[-114.52195384673736,45.086491139443886],[-114.52169569652122,45.08561567939199],[-114.52125317636207,45.08523420940067],[-114.52016215608381,45.084898509474804],[-114.51893172583488,45.08486301958832],[-114.51750405561845,45.085205549753496],[-114.51656438551368,45.08563069987966],[-114.51590218511612,45.084215789819],[-114.51563482501065,45.083936139819905],[-114.51453178468265,45.08334950987326],[-114.51370973449364,45.083205579938635],[-114.51259688429283,45.083302860052555],[-114.5117940242037,45.08366794016049],[-114.51144728423577,45.08419970023973],[-114.50957256391712,45.0844674504408],[-114.5074668636638,45.085321940714906],[-114.50678185355197,45.08544446079051],[-114.50463474328592,45.08627521106644],[-114.50430549322651,45.08630402110017],[-114.50269086282603,45.0858674512151],[-114.50219495265489,45.08547835122813],[-114.50146253233923,45.084570451218276],[-114.50068309211456,45.084193891259254],[-114.49876936175463,45.0842843514485],[-114.49840313170913,45.08442549149552],[-114.49768597171193,45.085188431630094],[-114.49760205174364,45.08544401166033],[-114.49775452187745,45.085993671693856],[-114.49766306191121,45.086267991726494],[-114.49746471196865,45.08677916178989],[-114.49702985199464,45.08737044188273],[-114.49685435211063,45.08816771196893],[-114.4963508321267,45.08877806206998],[-114.4962592622801,45.089685962157844],[-114.49653084257828,45.09098126224521],[-114.49602177264588,45.09187027237103],[-114.49536663239388,45.09121947237629],[-114.4946006621917,45.09094791242521],[-114.49400435207004,45.090925822479775],[-114.49292524191357,45.091223282608006],[-114.49223096175082,45.09108595266185],[-114.49100263154702,45.091288132795874],[-114.49040754138,45.091024922829284],[-114.48916394112273,45.090960072941485],[-114.48791537076842,45.090386923009795],[-114.48677032049382,45.090127673095665],[-114.48529012022826,45.090266103248],[-114.48437217992854,45.0896371432801],[-114.48204572900458,45.087172073285245],[-114.48065717852566,45.086084883321824],[-114.4795127582396,45.08576445340227],[-114.47845991803496,45.08577971350336],[-114.47737653789493,45.08616881363998],[-114.4765628578412,45.08673386376648],[-114.47634861779528,45.08671431378502],[-114.47560095757302,45.08631758382121],[-114.47546591747933,45.08596245380299],[-114.47516877738722,45.08578485381566],[-114.4749275371212,45.08462728373733],[-114.47415791678276,45.08363806372381],[-114.47261955632018,45.0827938537958],[-114.47116164597031,45.08246281390498],[-114.46936715562295,45.08249676407791],[-114.46855549556486,45.08303687420197],[-114.46828993560685,45.08353667427081],[-114.46820598567815,45.08400206431942],[-114.46861034610708,45.08585219444284],[-114.46903047634356,45.08666613447416],[-114.46955927652309,45.08706493445888],[-114.46969651661531,45.087410044476044],[-114.47018930678774,45.08780874446418],[-114.46992260678853,45.08809141451416],[-114.46752697626364,45.08781294471678],[-114.46667340612052,45.08794630480932],[-114.4657022460082,45.088365644937966],[-114.46456920579364,45.0884125050494],[-114.46341952553836,45.08826093514505],[-114.46214707535093,45.088597145294976],[-114.46247518509838,45.08691668511704],[-114.4621927848294,45.08578658504501],[-114.46189647468469,45.085329575033136],[-114.46101908440654,45.08477263506761],[-114.46026377412873,45.08408980507942],[-114.45893056347732,45.08203088502569],[-114.4582670532503,45.08152101504396],[-114.45748963305293,45.0812876550972],[-114.45670384288958,45.081243145167726],[-114.45522838264701,45.08149962532986],[-114.45371012221875,45.08081679541398],[-114.45134503148314,45.07939009551314],[-114.45031505102382,45.07803206549189],[-114.44936138035654,45.07549147535996],[-114.44931167023577,45.07490298531315],[-114.44988782009928,45.07357649514254],[-114.44984963994425,45.072794485077765],[-114.4491858995983,45.07165388504081],[-114.44901806941846,45.070875694988615],[-114.44844584904169,45.06947569492022],[-114.44882732884511,45.068033744757976],[-114.44933845888407,45.06770568468086],[-114.45065834905304,45.06722121451352],[-114.45129162907803,45.066690964407194],[-114.4515891589569,45.06573729429555],[-114.45131450866336,45.06446699421039],[-114.45031518806563,45.062340864118866],[-114.45000224781303,45.061327504059776],[-114.44917062746214,45.060335684051694],[-114.44856792714423,45.05927901401619],[-114.44802622672626,45.0576272439228],[-114.44761658653687,45.057050503911086],[-114.44709970636492,45.0566788739275],[-114.44734723632271,45.0561955038617],[-114.44723171615547,45.055428363805476],[-114.44695368604053,45.05510928380383],[-114.44651922591233,45.05488352382519],[-114.44517259560384,45.054655523932645],[-114.44293697504843,45.05404719409084],[-114.44183158483251,45.05405843419639],[-114.44083200451252,45.05340590423383],[-114.44012853434882,45.05327350428873],[-114.43959575408378,45.052424004264765],[-114.43922750378589,45.05122748419477],[-114.43942029338587,45.04890033397268],[-114.43897778309012,45.04779295391749],[-114.43853084289155,45.0472060439083],[-114.43814923276553,45.04693642392079],[-114.43558847208192,45.045987754079825],[-114.43478072181105,45.04539495410428],[-114.43485026173188,45.04490141405446],[-114.43522409163263,45.04398207393853],[-114.43633799185235,45.0439820738332],[-114.436930891934,45.04379444376065],[-114.43733744195184,45.043463273693206],[-114.43756632188145,45.04284910361773],[-114.43748030175254,45.04225401357372],[-114.43709330154843,45.04157500355079],[-114.43527476098897,45.040507583629164],[-114.43520549094625,45.0403529936222],[-114.43524332042053,45.03751826337011],[-114.43572680029779,45.036358563222706],[-114.43564345015464,45.035684803171534],[-114.43530803001394,45.03528838316847],[-114.43542245997769,45.03497560313023],[-114.43660970028269,45.03535250305103],[-114.43798711052803,45.03521238290855],[-114.43792440067281,45.03604814298772],[-114.43707515071337,45.037154313165],[-114.4367537007739,45.03781323325318],[-114.43686109093095,45.03853579330635],[-114.43773634121392,45.03912256327503],[-114.43849496137689,45.03919359320953],[-114.44161752188903,45.03864248286599],[-114.4421059219603,45.03850940280812],[-114.44334615206108,45.037745022623845],[-114.44531777236736,45.03730635239898],[-114.44591286255788,45.037695452376816],[-114.44691647302226,45.03911218240607],[-114.44776847329206,45.039653342372944],[-114.4487003035085,45.03982720230002],[-114.44978096366177,45.03950927216997],[-114.45007160367119,45.03925471212022],[-114.45040661355941,45.03830962200571],[-114.44986517309913,45.03642978189219],[-114.4492011527786,45.03542189186666],[-114.448445842502,45.03474287187857],[-114.44677084199917,45.03382484195649],[-114.4468058519116,45.03332273190917],[-114.4469486017658,45.0323975218146],[-114.44904092197231,45.031302021520744],[-114.4500563619026,45.02986640129893],[-114.45049052181776,45.02895979117841],[-114.45061250147751,45.02702167099701],[-114.45016912118233,45.025916130942036],[-114.44967207093165,45.02510386091779],[-114.4483237804593,45.02400450094882],[-114.4484153104221,45.02371077091448],[-114.44928507046527,45.02302794077237],[-114.44970469043474,45.02242522067986],[-114.45031391027602,45.02094133049221],[-114.45063011012827,45.019823160364254],[-114.45065962000925,45.01915841030317],[-114.45118480003057,45.01872114021523],[-114.45168832000084,45.01803450010741],[-114.454206020194,45.01642087972802],[-114.4576295503519,45.01366891916324],[-114.45830931024022,45.012360778984295],[-114.45974734017062,45.0104810286836],[-114.46173911035004,45.009346078395915],[-114.46333980044224,45.008157398140476],[-114.46464886042176,45.00667415788672],[-114.46655559072933,45.006311397674814],[-114.46721917079013,45.00593903757945],[-114.4680321007847,45.00505687742536],[-114.46931324098497,45.00477921727993],[-114.47113510120445,45.00403641704274],[-114.47539235190702,45.00331146657701],[-114.47715971214537,45.002726796358786],[-114.47790596255953,45.00415018641306],[-114.4783029827306,45.00464505641893],[-114.47838584282671,45.00506997644835],[-114.47872224297376,45.0055004964543],[-114.47940566317037,45.00583065641864],[-114.48007732332351,45.00594190636492],[-114.4806189734123,45.005846536305384],[-114.48100046344732,45.00563291625066],[-114.48144295344925,45.005178966169055],[-114.48143534335321,45.00467542612564],[-114.4811225531198,45.00375989607497],[-114.48010784260987,45.00210813602604],[-114.47990947230953,45.00071576592274],[-114.48021464222072,44.99992231582436],[-114.48144295214979,44.99825528556224],[-114.4823051021528,44.99736646540288],[-114.4859575023606,44.994640524818934],[-114.4862979923446,44.99419792474799],[-114.48796337248774,44.99321285450436],[-114.48896154251446,44.99230760433071],[-114.48919498253521,44.9921732142969],[-114.48966825272065,44.992665224295294],[-114.49004588278389,44.99260601425448],[-114.49959554352208,44.98651866281903],[-114.50187801357812,44.9844216524197],[-114.50326664367482,44.98347981220603],[-114.50393933377114,44.98328748212564],[-114.50461421399419,44.98376864210409],[-114.50629267472242,44.98589097213159],[-114.50679613496537,44.986658132151256],[-114.5070296551431,44.987360892190736],[-114.50702300527684,44.98808090225447],[-114.50648596539179,44.98925743240827],[-114.50578948576691,44.99198782271326],[-114.50722221643645,44.99405356275885],[-114.50818273696383,44.99585692282605],[-114.50831797709492,44.99641350286205],[-114.50830146723517,44.997178312930544],[-114.50881425750885,44.998098702962736],[-114.50922160804154,45.000509773135356],[-114.51010660866044,45.002878703259135],[-114.51004555917201,45.00566724350898],[-114.51056438944035,45.00655225353749],[-114.51204448986417,45.00725797345936],[-114.51293543007024,45.0074219133895],[-114.51654226066678,45.006818902995775],[-114.52044445137736,45.006514102600306],[-114.52237793184896,45.00699971246005],[-114.52389237216819,45.00711298232679],[-114.52665376268897,45.00699341205532],[-114.52794504301164,45.007358951965266],[-114.52839521319504,45.00786380196683],[-114.52866029343683,45.0088732520301],[-114.53130558412943,45.00979017186022],[-114.53218184442035,45.01042125183251],[-114.53253971457677,45.01087908183874],[-114.53311987494955,45.01225541190426],[-114.53334362521183,45.01341699198464],[-114.53355861556291,45.015059982107964],[-114.53348586594676,45.017178362300044],[-114.53360066608488,45.01779297234293],[-114.53492255677757,45.020094502419106],[-114.53595227741089,45.02238521252188],[-114.53713263787638,45.023625932518655],[-114.5381534383251,45.024944222537314],[-114.53934955876336,45.02602323251846],[-114.542796809772,45.02778084234585],[-114.54371144014783,45.028822242350294],[-114.54424054026484,45.02889112230626],[-114.54556804039314,45.02818540211898],[-114.54856641050341,45.02563718161275],[-114.54894789048375,45.025133641532676],[-114.55054658023607,45.02214566112045],[-114.55219285039456,45.021267280888026],[-114.55374582059616,45.02071544069292],[-114.55555745086566,45.020254640481305],[-114.55801274113395,45.01911443014944],[-114.5600714912778,45.017727149833526],[-114.56140485123466,45.01610378956565],[-114.56199259124848,45.015562719462814],[-114.56289239130459,45.01492028932161],[-114.56415946143262,45.01427668914558],[-114.56533415149478,45.013379048956075],[-114.56578393136839,45.012236398813734],[-114.5664224113145,45.011282298670004],[-114.56664654119115,45.010391388571],[-114.56824287107646,45.008111908220975],[-114.56866745090873,45.006775158064066],[-114.56945588087655,45.00577922790252],[-114.57033443067299,45.00377699764456],[-114.57204270076521,45.002481047369855],[-114.57388437094245,45.00149847710986],[-114.57418059085305,45.0007122770132],[-114.57404161064429,44.999746446942],[-114.5714635596693,44.99725209696781],[-114.56971215894039,44.99520287695434],[-114.56896337856212,44.993971666917496],[-114.56862642820728,44.99243415681498],[-114.56821793800457,44.9917818067966],[-114.56827752792778,44.99131047674972],[-114.56885795776371,44.98982850656536],[-114.56812763706148,44.98685128637415],[-114.56825444685802,44.98563421625577],[-114.56908164679756,44.98444556607368],[-114.56970944682631,44.98394131597026],[-114.5700989067752,44.98326095587399],[-114.57006912671854,44.98299025585316],[-114.56980328659009,44.98258400584274],[-114.56906787629322,44.98177167584124],[-114.56856135589116,44.98015852574802],[-114.5683046552953,44.97724991551796],[-114.56999446506177,44.97423420509461],[-114.5716820850516,44.97241119477575],[-114.57311254498138,44.97053768447679],[-114.57389297504075,44.97003665435926],[-114.57454610503497,44.969321364235],[-114.57509549484983,44.96775767404639],[-114.57524479452552,44.965870423867194],[-114.57606422448224,44.96478057369451],[-114.57606673426012,44.96359235359031],[-114.57649850419403,44.96278683347906],[-114.57755809429408,44.96221020332861],[-114.57884259447367,44.961822323173394],[-114.57989605470866,44.961972203087],[-114.58193382505792,44.96170031287083],[-114.58211277494532,44.96091192278496],[-114.582192184667,44.959342742640224],[-114.58258292450671,44.958077222492626],[-114.58226829433916,44.95751244247294],[-114.58168624415259,44.95712652249411],[-114.58158100404297,44.956651692462515],[-114.58239522394308,44.95526461226427],[-114.58320517394607,44.95443106211491],[-114.58289588383353,44.954154462119895],[-114.58466869389792,44.952639121820006],[-114.58564525387753,44.95150616162869],[-114.58600383384297,44.95094540154581],[-114.5866523235704,44.948809171297675],[-114.58700329353792,44.94826748121712],[-114.58721688355843,44.948153041187],[-114.58794171368004,44.948042411108844],[-114.58878093387548,44.948206451044],[-114.58905557395225,44.948328521028785],[-114.58972698422114,44.949060941029465],[-114.58993299457792,44.95075085115788],[-114.59106975520174,44.95289089123772],[-114.59338910607062,44.95509960121192],[-114.59341196624017,44.95598080128684],[-114.59352641628834,44.956118131288015],[-114.59541087689331,44.957373161219785],[-114.59550235696787,44.957675081237596],[-114.59536268720542,44.95908977137445],[-114.59711068792227,44.96108451138374],[-114.59776335822244,44.96200295140241],[-114.5988627386543,44.96315584139937],[-114.59943264902901,44.964558641468116],[-114.59983370920718,44.965089191476615],[-114.60160845985695,44.96669734144948],[-114.60299123043583,44.96833774146218],[-114.60391814073365,44.96895583142861],[-114.60465006088565,44.96900036136337],[-114.6052528109675,44.96880581128943],[-114.60619882106087,44.96831372115711],[-114.60650618106284,44.968002371100866],[-114.60736359120908,44.96788483100958],[-114.60788290127084,44.967670660941806],[-114.6085074712896,44.96711662083442],[-114.60862345120394,44.96653841077295],[-114.60756200077886,44.96538192077216],[-114.60741193059326,44.96454863071358],[-114.60788496075898,44.964937710702884],[-114.60890553099344,44.96511974062234],[-114.61039578143068,44.965892560549094],[-114.61060685172333,44.96723259064619],[-114.61098949191722,44.96786624066539],[-114.61129182201063,44.96804810065271],[-114.61208508218456,44.96814572058631],[-114.61475905265279,44.967844510307394],[-114.61492688282662,44.96859600035714],[-114.6155677630432,44.969080470338916],[-114.61630340319002,44.96909356027053],[-114.61727774333691,44.96885734015787],[-114.61791091338259,44.96843845006147],[-114.61846133335607,44.967720769946766],[-114.61863027332402,44.96737320990049],[-114.61846986311814,44.966442659834364],[-114.61810093293832,44.965869609819165],[-114.61757946277272,44.96553207983898],[-114.61644154254023,44.965483009942204],[-114.6160255124222,44.96528865996452],[-114.61581189232018,44.96496822995673],[-114.61568981216396,44.96426250990664],[-114.61498082186165,44.96339171989754],[-114.61520153188228,44.963270689866114],[-114.61706003226736,44.963379549700065],[-114.61862711252577,44.96311809952916],[-114.62027074293377,44.96357424941379],[-114.62152194313823,44.96335555927651],[-114.62219767327205,44.96336223921319],[-114.62366289362818,44.963728719106804],[-114.62474204392001,44.96415625904215],[-114.62590352417097,44.96427943894319],[-114.6283472849425,44.965838068848406],[-114.62898318509583,44.96599080880162],[-114.63034586538024,44.96608211868087],[-114.63152019555763,44.965799588545266],[-114.63296682586045,44.96590167841746],[-114.6351905565586,44.967299008329285],[-114.6371207871181,44.96826411823112],[-114.63743526724208,44.96859638823041],[-114.63844169749746,44.9689056681623],[-114.63680524725943,44.96934774835548],[-114.63648742727369,44.96975621842119],[-114.63647229733999,44.9701256984548],[-114.63657910744183,44.97055675848237],[-114.63716404773321,44.971498618509216],[-114.63781601795307,44.97198921849045],[-114.63883546824644,44.972487418437524],[-114.63969857841231,44.97246924835439],[-114.64079788858821,44.97225791823203],[-114.6417580487107,44.971906978110646],[-114.64307516882752,44.9711526879204],[-114.64336378895614,44.9715367379266],[-114.64413133919233,44.971993677893956],[-114.64508587936973,44.97194148779917],[-114.64726424971788,44.97152046755651],[-114.64996565031902,44.97190166733448],[-114.651117900536,44.97185399722139],[-114.65238431072292,44.97152714707316],[-114.65411909090027,44.970659746833554],[-114.65656814106694,44.96898891645644],[-114.65841445111049,44.96729137613391],[-114.6588721910228,44.96634532600817],[-114.65879592093985,44.96598293598377],[-114.65825806071663,44.96535480597984],[-114.65865875053936,44.963990225822954],[-114.65862792038574,44.96320325575725],[-114.65791333995257,44.961639985688436],[-114.65745348978534,44.961228485696],[-114.65690788964486,44.961049565731955],[-114.65615183949086,44.96101858580068],[-114.65526126937047,44.96130766591006],[-114.65447442920919,44.961269945981094],[-114.65393582904706,44.960968086005686],[-114.6533936587853,44.960138885984584],[-114.65096634817478,44.95941990615119],[-114.65005432789583,44.95888570619076],[-114.64923210754627,44.957880436180716],[-114.64907827729049,44.95667643609023],[-114.64882935713955,44.95613142606613],[-114.64736644667991,44.95520882612385],[-114.6463400064358,44.95497989620085],[-114.6434735756318,44.95368791635882],[-114.6428160853789,44.953026196363176],[-114.64264325520777,44.95229345631553],[-114.64271310502393,44.95123912621686],[-114.64239327485261,44.950658926196404],[-114.64156874456316,44.94997646621476],[-114.63961467402902,44.949170186328885],[-114.63812071366962,44.94881521643893],[-114.6362398933222,44.94892932662653],[-114.63502270304457,44.9487214267233],[-114.63334755270674,44.94867136687714],[-114.63258384261358,44.948973776975684],[-114.63219221264595,44.9495568470636],[-114.63161156259386,44.94988666714723],[-114.63057340244355,44.95017111727008],[-114.62978587229446,44.950199857346966],[-114.62594374143845,44.94965221766196],[-114.6239066608874,44.94884349778365],[-114.62251050056068,44.9485612078908],[-114.62158735038322,44.948580287979645],[-114.62040242011746,44.94840230807598],[-114.61751068939567,44.94757682827685],[-114.61554504900653,44.94755830846078],[-114.61379646870594,44.94778480864568],[-114.6121955583486,44.94755412877669],[-114.61063913797972,44.947214618893945],[-114.60994485776853,44.94681408892442],[-114.60910561756171,44.94658900898403],[-114.60825878717134,44.945391198959236],[-114.60765608696668,44.94492961897574],[-114.60452035613007,44.94374705916835],[-114.60400922600763,44.94362880920623],[-114.60294060580082,44.943644039308424],[-114.60211453559504,44.94341064936596],[-114.60114816542193,44.94349910946494],[-114.5997841951041,44.94323114957021],[-114.59704827465077,44.943677719867495],[-114.595471194287,44.94338795999101],[-114.57984846016403,44.93774246097112],[-114.57807687993966,44.9384026711961],[-114.57622529961749,44.938624021390176],[-114.57519049939081,44.9384985214768],[-114.57257168873022,44.93771576165533],[-114.57041694833917,44.93788761187367],[-114.5675917177606,44.93776076212908],[-114.56682915741338,44.93670477210851],[-114.56408934656308,44.935034982220664],[-114.56209832586278,44.933381112263504],[-114.5614251154191,44.93171485218101],[-114.56084765516961,44.9309868621717],[-114.56022761497384,44.930591022195465],[-114.55904829466176,44.93016072226895],[-114.55739948429512,44.92993191240438],[-114.55529835377726,44.92936932255318],[-114.54661650156666,44.92666702313489],[-114.5467076714765,44.9260883430755],[-114.54724373147802,44.92553273297624],[-114.5493036416741,44.924415692684065],[-114.55093542190956,44.923960092490255],[-114.55175681198676,44.92350960237333],[-114.55449958200862,44.920741731872006],[-114.55802851226116,44.91838219133244],[-114.56034430217312,44.915474510859184],[-114.56168430215928,44.91399078060275],[-114.56240874219351,44.91341211048374],[-114.56368293231354,44.91271463030244],[-114.56595310238446,44.91070606991236],[-114.56643144243239,44.91045970984567],[-114.5676219326255,44.910242019714374],[-114.56874979277164,44.90983843957268],[-114.57294091305592,44.90695240892461],[-114.57340062296487,44.90598094879615],[-114.57325583261677,44.90426746865949],[-114.57333486252763,44.90370651860289],[-114.57374330250279,44.903143558515],[-114.57510692264236,44.902456858326275],[-114.57881253320136,44.90155426789801],[-114.57979729338427,44.90149862780031],[-114.5811721136763,44.901617777681196],[-114.58186276379278,44.901515377607126],[-114.58453495397345,44.89967248719378],[-114.58776399430334,44.898043846746745],[-114.58863672435633,44.89740962660886],[-114.58879276432292,44.897066346564095],[-114.58874980350346,44.89271740618684],[-114.58896913230735,44.88606945558317],[-114.58799683208674,44.88590939566072],[-114.58659651163703,44.88497058571028],[-114.58504972132565,44.88492853585222],[-114.58312173069872,44.88359430591672],[-114.58233678047034,44.88319509595566],[-114.58090389015788,44.88302718607585],[-114.57851096946246,44.88181519619482],[-114.57859160942623,44.88153563616266],[-114.57779435914718,44.88087752618003],[-114.57571915867739,44.88054183634589],[-114.57492378844243,44.88011867638369],[-114.57392624807468,44.87919524639654],[-114.57152387748586,44.87856556656742],[-114.56944979685849,44.877382666658804],[-114.56741338615984,44.875777426709554],[-114.56516007527226,44.87338545671163],[-114.56413788495671,44.8727683967536],[-114.56331332463488,44.87190907675576],[-114.56172869416592,44.871060576830345],[-114.55947749340984,44.869372996893915],[-114.55892504325502,44.869123726924016],[-114.55873702318553,44.86894866692633],[-114.55844719299404,44.86822535689003],[-114.55811051285814,44.86785033688879],[-114.55422301174114,44.86594887708745],[-114.55083085069231,44.86389118722572],[-114.54998142040664,44.86325181724943],[-114.54956114021446,44.8626624072371],[-114.54778285958614,44.86116150727242],[-114.54616035916474,44.86060864737645],[-114.54091821788506,44.85926310775115],[-114.54632178813895,44.854920766860964],[-114.53713221525449,44.849110077213844],[-114.53149806490977,44.853210438104476],[-114.52906365418671,44.851892978217414],[-114.5279215737596,44.850801498228684],[-114.52776152339632,44.84901560808649],[-114.52665910279157,44.84692572800615],[-114.52583428254344,44.846462258042884],[-114.52350800204778,44.846253898243184],[-114.5222742016366,44.84534530827909],[-114.52119209134273,44.84490772834228],[-114.52012679108903,44.84466853842133],[-114.51913061076895,44.843998748456],[-114.51860075049386,44.84307800842467],[-114.51753869017227,44.84246978847089],[-114.51707080996978,44.84187446846242],[-114.5167914897967,44.841237838432605],[-114.5167134196606,44.840587328382604],[-114.51594162921619,44.83901001831613],[-114.51520261896758,44.83845305833652],[-114.50843859641267,44.831847168389714],[-114.50888772650106,44.83184790834761],[-114.50888207582844,44.828227828028915],[-114.51396670682874,44.82823456755193],[-114.51396280615626,44.824612657232954],[-114.51820988699141,44.82461679683444],[-114.51820924678441,44.82350111673614],[-114.51865388684051,44.82333285667953],[-114.51908772685825,44.822968686606664],[-114.52038849707144,44.82274038646436],[-114.52204262727199,44.822069616249884],[-114.52292870733025,44.82144518611165],[-114.52499866772507,44.821382035911675],[-114.52643008789765,44.82079640572564],[-114.52732781803418,44.820581785622394],[-114.53163125881146,44.82021577518597],[-114.5322946688826,44.81989703509556],[-114.53241969882424,44.819449625044385],[-114.53242677846517,44.81750530487234],[-114.53199576837798,44.817491484911606],[-114.52734424762687,44.818367595425656],[-114.52527768732119,44.818907975667365],[-114.52485050728316,44.81915528572931],[-114.5231059569435,44.81917146589454],[-114.52193886674299,44.819326186017804],[-114.51820771628716,44.820820976499974],[-114.51820781631906,44.820992836515096],[-114.50887334448385,44.82098561739101],[-114.50887643515603,44.82460775771019],[-114.50042832349433,44.82459959850285],[-114.50018807317765,44.823146148397186],[-114.49964508296195,44.8225584783963],[-114.49787551240117,44.82140928846109],[-114.49658423179177,44.81949078841297],[-114.4963492116308,44.81887151838045],[-114.49538443125024,44.81784128838006],[-114.49415399069966,44.81617492834849],[-114.49321389034546,44.815260718356065],[-114.48877691883402,44.8118095384678],[-114.48727066837843,44.81094819853306],[-114.48672671815424,44.81031507852822],[-114.48521942764104,44.80914380856625],[-114.48444408730569,44.80815613855173],[-114.48378395706804,44.807573338562186],[-114.48045301614442,44.80612165874648],[-114.47686397520657,44.804867268972394],[-114.47607522492073,44.80416116898398],[-114.47556856470077,44.803510808974025],[-114.4752098144742,44.80266765893318],[-114.4744998042361,44.8021357089528],[-114.4740637040396,44.80153719894078],[-114.47395161388106,44.800799438886095],[-114.472741083461,44.79981586891266],[-114.4723543831652,44.79862801884399],[-114.47274026283644,44.7964408886144],[-114.47254411238558,44.79421211843574],[-114.47226028211631,44.79305805836033],[-114.4723201320018,44.7923752082943],[-114.47265190192022,44.79158135819302],[-114.47388313186681,44.78998369793626],[-114.47512214164442,44.787463467597185],[-114.47526152143939,44.78620623747298],[-114.47575587130643,44.78496134731652],[-114.47667797125271,44.78368990711763],[-114.47831825092642,44.78017978665335],[-114.47857027081092,44.77928657655077],[-114.47844987065116,44.77855023649691],[-114.47853561061928,44.77828656646551],[-114.4794684006273,44.77733743629415],[-114.4798783105673,44.7765767861884],[-114.48093093051403,44.775168655965224],[-114.48142412038239,44.773931325809514],[-114.48217791035763,44.772995105656065],[-114.48355122038369,44.771675045410575],[-114.48617763054307,44.76974339499352],[-114.48665470051245,44.76906972488926],[-114.48784887057238,44.76812375469363],[-114.488182760538,44.76758196461443],[-114.48849732028609,44.76588294443464],[-114.48850300991657,44.76387556425651],[-114.48896586948932,44.76106803396473],[-114.48883424937154,44.76057001393298],[-114.48893123930041,44.76008152388066],[-114.48969677920394,44.758743513690575],[-114.48975571893084,44.75720091354854],[-114.48994083887497,44.75670085348696],[-114.49096850886009,44.7555261432867],[-114.49129810861727,44.7538589531083],[-114.49171234853509,44.752972322990985],[-114.49093977822326,44.752104642986566],[-114.49066195805382,44.75148187295746],[-114.49069133799496,44.7511314329237],[-114.4909491779462,44.750592462851856],[-114.49210912804926,44.749915762683294],[-114.49211194794356,44.74933967263207],[-114.4917226876821,44.748336372579715],[-114.49176833759745,44.747828742530494],[-114.49267786742956,44.745949232278946],[-114.49291468723388,44.74463558214044],[-114.4922328768698,44.74338730209379],[-114.49124409650895,44.74248335210631],[-114.49214677662766,44.7421655919937],[-114.49592252591347,44.73426538094065],[-114.49104785475099,44.73315262129835],[-114.48627224469583,44.73794486216983],[-114.47591535233894,44.73619736298444],[-114.4755772126054,44.7380042931762],[-114.47537151262895,44.738351433226185],[-114.47409799254126,44.7392336134236],[-114.47021950204933,44.74070065391665],[-114.46848654185597,44.74149945414964],[-114.46668685160101,44.7420356943656],[-114.46443162121325,44.74233672460337],[-114.46393634114699,44.742505774664735],[-114.46330242101565,44.742469184720846],[-114.46270836093713,44.74267654479482],[-114.46091595097809,44.7448107651518],[-114.45933295041813,44.7434612151803],[-114.458612650082,44.742405415154174],[-114.45786555981344,44.741745115165564],[-114.45599738929167,44.74090680526608],[-114.45395165865878,44.73965489534652],[-114.45240393833322,44.739539355481085],[-114.45193982821188,44.73937596551008],[-114.45154277807744,44.739070025520085],[-114.4505378176253,44.737688235491575],[-114.45043316755371,44.73741132547678],[-114.45057734748069,44.736860905414495],[-114.44962780709191,44.735763925406054],[-114.44663594623349,44.73429719555586],[-114.4448188558828,44.734333065729025],[-114.44396730561901,44.7338098757623],[-114.44353184551582,44.73371460579455],[-114.44258889534223,44.733779015888494],[-114.43964928465581,44.73319099611131],[-114.43854826443227,44.73315280621094],[-114.43739925424794,44.73337908633848],[-114.43627574402812,44.7333853764442],[-114.43468193358706,44.73269240653175],[-114.4338283733974,44.7325741966011],[-114.43231277309964,44.73257613674307],[-114.4311725629427,44.73294209688223],[-114.42895799276806,44.73435962721519],[-114.42555836213148,44.73453509754884],[-114.42417096182459,44.734350767662235],[-114.42217417123119,44.733261427752254],[-114.421077410981,44.73307462783827],[-114.42017112081301,44.733130667928016],[-114.41760758050667,44.73420701826339],[-114.41670732035728,44.734357698360974],[-114.41605458028076,44.734639998447136],[-114.41252088927814,44.7329710686294],[-114.40969895870353,44.732866568884035],[-114.40888684858703,44.73310219898092],[-114.40895021842792,44.73216990889213],[-114.40873645827145,44.73154839885694],[-114.40773540786395,44.73040487884891],[-114.40714764768869,44.7300809588751],[-114.40620297746979,44.72990195894754],[-114.4036659369747,44.72992531918686],[-114.40396115688992,44.72914882909022],[-114.4040642167591,44.728327459007595],[-114.40353979643666,44.727136228950734],[-114.40288903612864,44.726158178924614],[-114.40281975605593,44.72583701890254],[-114.40320502583612,44.72422985872365],[-114.40385595566973,44.72262873852049],[-114.40592603559992,44.72003359809625],[-114.4065830956136,44.719404857978915],[-114.40624270550879,44.71919906799245],[-114.40530651512115,44.718093017981644],[-114.40407134476527,44.7174797880425],[-114.40247021425893,44.71643960809969],[-114.40148951380277,44.715008428064074],[-114.40109077366058,44.71466175807051],[-114.40032469344453,44.714306738110494],[-114.39947282329807,44.71442236820043],[-114.39912566328788,44.71473854826098],[-114.3982339033651,44.71611359846659],[-114.39673170314914,44.71654747864559],[-114.39647554312661,44.71669917868304],[-114.3961490831487,44.71716885875535],[-114.39338564232995,44.715674428880654],[-114.3899963114085,44.71429165907439],[-114.38604656063578,44.71431833944581],[-114.38393691001623,44.713207739544075],[-114.38294338963443,44.712194719546794],[-114.38161497920433,44.711277529589275],[-114.38164228913705,44.7108820495515],[-114.38112197898774,44.71062704957737],[-114.3782469983532,44.71025498981289],[-114.37773736822379,44.71009692984643],[-114.37592111768605,44.7091167799288],[-114.37513361751523,44.70903115999474],[-114.37311858721402,44.70955196022936],[-114.37312957717162,44.70930915020673],[-114.37399183719457,44.70850977005496],[-114.37500835701543,44.70644459977611],[-114.3753414670163,44.70609215971364],[-114.37635660711469,44.70553933956953],[-114.37664329711868,44.70525334951734],[-114.3768705770445,44.704605899438405],[-114.37687231697042,44.704200829402176],[-114.37633189667163,44.70315313935933],[-114.37642325630236,44.70104417916298],[-114.37702448624731,44.70009923902264],[-114.37896603626348,44.69810478866369],[-114.38113343623249,44.69561089823918],[-114.3816675760806,44.69421022806453],[-114.38171450599835,44.6937116680157],[-114.38143421573876,44.69259794794268],[-114.38235003546295,44.69011177763568],[-114.383175485325,44.68847425741278],[-114.38392178527856,44.68742007724911],[-114.38440432514605,44.68617979709357],[-114.38507351511879,44.68531289695385],[-114.38613502517369,44.684472966779964],[-114.38686686511859,44.68338692661485],[-114.38724203498433,44.68225220647874],[-114.38712952484532,44.68161496643248],[-114.38613812439017,44.680196896398634],[-114.38578308415701,44.6793065363524],[-114.38605772392425,44.67774190618737],[-114.3859686338263,44.67730324615659],[-114.38599798352607,44.67563396600503],[-114.38613834344132,44.67502051593725],[-114.38605361315615,44.67355568581461],[-114.38647972303308,44.672426635674235],[-114.38677675283547,44.67102905552193],[-114.38828530295807,44.67007780529637],[-114.3884604529471,44.669829745257935],[-114.38854355286895,44.66931400520417],[-114.38888083284604,44.66882659512925],[-114.3889789127355,44.66811764505692],[-114.39011582300438,44.66836419497281],[-114.39207913341629,44.66850358480208],[-114.39372561380083,44.66883375467787],[-114.3945403639439,44.668739814593486],[-114.39681186423627,44.667895884306375],[-114.39714074422325,44.667471274237805],[-114.39868394434197,44.666462154003895],[-114.39911825432783,44.66591840391495],[-114.39973268439607,44.665630813831974],[-114.40111332476415,44.666157383750125],[-114.40149042483414,44.6661344537129],[-114.40240920492965,44.66566917358572],[-114.40579435545139,44.66488196319972],[-114.40556594536348,44.66464721320012],[-114.40561322532432,44.66438271317212],[-114.4063572252322,44.66308076298673],[-114.40584397498566,44.66228589296372],[-114.40580879478982,44.66125431287512],[-114.40650602470237,44.66002781270075],[-114.40679382459365,44.659125102593464],[-114.40803959459498,44.65779402235862],[-114.40824518448711,44.65698397226726],[-114.40866907447746,44.65647595218246],[-114.4106433347281,44.65572403193128],[-114.41392619522917,44.6549341915547],[-114.41705873581942,44.65479354125],[-114.41797644603172,44.65496734117986],[-114.41885527627001,44.65532480112977],[-114.42029068674117,44.65635651108774],[-114.42187547688212,44.65542455085688],[-114.4233295971007,44.65505676068848],[-114.42364568712708,44.65486134064158],[-114.42505800720704,44.65378140041369],[-114.42544031713877,44.652997800308185],[-114.4256571471485,44.65281814027195],[-114.42659303726302,44.65243863015089],[-114.42715894725052,44.65176270003788],[-114.42797476732282,44.65128143991891],[-114.42874078746091,44.6512131698414],[-114.42949058762707,44.65131557978058],[-114.4329997982481,44.65093989941975],[-114.43459590858487,44.65106579928209],[-114.43519054874619,44.651308719248256],[-114.43639658846253,44.64846402888246],[-114.43642528812644,44.646596658713456],[-114.43657625803645,44.64594286864112],[-114.43780981792155,44.64399001835212],[-114.43904151795782,44.64286533813711],[-114.43942111780092,44.64160000798898],[-114.43983089774399,44.64084848788382],[-114.4397761975642,44.63992450780663],[-114.43991769744602,44.639126457722334],[-114.44027128743792,44.6387022676516],[-114.44142735753726,44.63800348748156],[-114.44163623752237,44.637697577434814],[-114.44189962739496,44.63671801732298],[-114.44255505723085,44.63511644711918],[-114.44409314726116,44.633629476843296],[-114.44696743751173,44.63191128642229],[-114.44847416771186,44.63138681623509],[-114.44845511761012,44.630850746189104],[-114.44862007752965,44.630233256118736],[-114.44920876740164,44.62890054594509],[-114.44959080721411,44.62746417578155],[-114.45008773709573,44.62628245562989],[-114.44972889669802,44.62449194550384],[-114.4497041465368,44.623636155429885],[-114.44907827623446,44.62265440540073],[-114.4488111559424,44.62134308530875],[-114.44889991588204,44.62091744526254],[-114.44943613581442,44.6199706651282],[-114.45091796581633,44.61838780484906],[-114.45112101578466,44.617996234795214],[-114.45106442505318,44.614051874448926],[-114.45065386479581,44.61308394440089],[-114.45081519474263,44.61261942434447],[-114.4517734847778,44.61178107418049],[-114.45244511484178,44.61140895408473],[-114.45439605510053,44.61072776384223],[-114.4554115452466,44.61043531372154],[-114.45717184557974,44.610366493551446],[-114.45837261574808,44.60999712340664],[-114.45977248598919,44.60981221325974],[-114.46047544607833,44.60954436317038],[-114.46290518647154,44.609085142903105],[-114.46477229668795,44.608262372655815],[-114.46574176675978,44.60761321250763],[-114.46628944673066,44.60686465238993],[-114.46620920658557,44.60615617233425],[-114.46828766699055,44.60613926213912],[-114.4691291271082,44.605878832037554],[-114.47014893711369,44.60481213184746],[-114.47065552714285,44.60442724176601],[-114.47126152722731,44.60423811169269],[-114.47192127725515,44.603681061581604],[-114.4722318171859,44.6029677314891],[-114.47218398695367,44.60174684138476],[-114.47257191683454,44.60067657125323],[-114.47309039710359,44.60159333128663],[-114.47377050739101,44.60243661129845],[-114.47432567753998,44.602655951266286],[-114.47488801763701,44.602582861207374],[-114.47530650776439,44.60283068119045],[-114.47423579771174,44.60369375136711],[-114.47352249773976,44.604614231515576],[-114.47328095780068,44.60520755159095],[-114.47332613787133,44.60554615161694],[-114.47390410809474,44.60614860161674],[-114.47381091829304,44.607334871731105],[-114.47413540850266,44.60813426177208],[-114.4741828086938,44.60913009185641],[-114.47445619881346,44.60949173186314],[-114.47448312890111,44.609942451900785],[-114.47468295901098,44.61032948191659],[-114.47525951919391,44.61071133189688],[-114.47515774932393,44.61153281197953],[-114.47527289946537,44.612183542026784],[-114.47584758967915,44.6127363920225],[-114.4763391198154,44.61295431199604],[-114.47725895003336,44.61315919192859],[-114.4781513402023,44.613124891842396],[-114.47963163066156,44.61404882178673],[-114.48064152086636,44.61408461169576],[-114.48084952092691,44.61419273168598],[-114.4807778509627,44.614465721717025],[-114.48109059128686,44.6159040218159],[-114.48181272159266,44.616802191828576],[-114.48411106221171,44.61772159169618],[-114.48596766258682,44.61778049152836],[-114.48772073304977,44.618431241422925],[-114.48825119327279,44.6190820914314],[-114.48931764354312,44.61941613136169],[-114.49017977380463,44.619921221326244],[-114.49168221414575,44.62017479120874],[-114.49286741445712,44.62060593113665],[-114.49429392478139,44.620848801025254],[-114.49485055493564,44.621095080995254],[-114.49527061510778,44.62158593099977],[-114.49511325528691,44.622734791116635],[-114.49540401542411,44.62317329112851],[-114.49575957553974,44.62342416111768],[-114.49628147565741,44.6235076210765],[-114.49720641581544,44.623379360978845],[-114.49895278602516,44.62265241075134],[-114.50004579622838,44.62259082064392],[-114.50051852634108,44.622700200609614],[-114.50091427647138,44.62298794059827],[-114.50169735682313,44.62407187062164],[-114.50174268689067,44.62439244064598],[-114.5025551572977,44.62574708069068],[-114.50280897746788,44.62640531072554],[-114.50336225768648,44.627007070727444],[-114.5039039978311,44.6272169706956],[-114.50454468794948,44.627176950632254],[-114.50525476802409,44.626823360534615],[-114.50778773794588,44.62367828001874],[-114.50917451779634,44.621372389684396],[-114.51097956781614,44.61954372935347],[-114.51153949805814,44.6202671293656],[-114.51226047824277,44.62050338931939],[-114.51246044843086,44.62131796937317],[-114.51240754856593,44.622113539448826],[-114.51191529865754,44.62314259958622],[-114.51173627884226,44.6243450397098],[-114.51180654910824,44.625723949825876],[-114.51199411929309,44.6265337498803],[-114.51253136961463,44.62771577993528],[-114.51338521988428,44.62827451990533],[-114.51508236035565,44.629031659814345],[-114.51837970098575,44.62894130949869],[-114.51934932121108,44.62913341942532],[-114.52151015191757,44.63067923936116],[-114.52252576213726,44.63079129927636],[-114.5226595521879,44.630924739275684],[-114.52254996229196,44.63161104934693],[-114.52345326291167,44.63402979947753],[-114.52364004297867,44.63419588947485],[-114.52430447313881,44.63435883942734],[-114.52512518330131,44.63436761935151],[-114.52631212350254,44.634195279225466],[-114.52658608358455,44.63434975921361],[-114.52682599397278,44.6362139593568],[-114.5271799141605,44.63686079938121],[-114.52715899420575,44.63713041940715],[-114.5266051141782,44.637573049498094],[-114.52639954423925,44.63812674956647],[-114.5265918344771,44.639220219645615],[-114.52662781482134,44.64106199980581],[-114.52744347512049,44.64182235979721],[-114.5274429451567,44.64202039981484],[-114.52792741534428,44.642526029814526],[-114.52860340553883,44.64286474978152],[-114.52940488571649,44.642976609716655],[-114.53033099583988,44.64265905960198],[-114.5306777958499,44.64234245954155],[-114.53142083599279,44.64232700947079],[-114.53215661618943,44.64261298942751],[-114.53327350654388,44.64335280938897],[-114.5343740368093,44.64362413931032],[-114.53517241693848,44.64347482922254],[-114.5363658670453,44.6427803790495],[-114.53685535705912,44.642331818964],[-114.53715485710745,44.64227525893101],[-114.53800132743007,44.64313073892795],[-114.53859009757257,44.64327845888609],[-114.53952224786529,44.64387920885237],[-114.54064347815797,44.64427695878299],[-114.54130467845505,44.64519143880243],[-114.54141592862327,44.64599054886294],[-114.54260015904144,44.647006308842556],[-114.54319823932676,44.64792391886809],[-114.54398877954671,44.64827851882572],[-114.5447306399103,44.64946928886208],[-114.54395638008455,44.651248629092244],[-114.5437874501894,44.65200119917476],[-114.54222316003163,44.6528137793929],[-114.54147344009702,44.65397245956568],[-114.54149766017446,44.654369089598624],[-114.54190841042906,44.65531868964448],[-114.541781770591,44.65633773974666],[-114.54073168056668,44.657327909932555],[-114.54008385065079,44.65847977009522],[-114.54008376068877,44.658686830113574],[-114.54061490102605,44.65995861017676],[-114.54084426111565,44.660202110176954],[-114.542827621741,44.66149163010605],[-114.54375452197834,44.66179515004637],[-114.54421977206559,44.661773650001],[-114.54484320216798,44.66166551993316],[-114.54512291218924,44.66148247989079],[-114.54536228215872,44.66106000983099],[-114.54619487240035,44.66148750979112],[-114.54654811246931,44.66148609975801],[-114.54704711266318,44.662009949757824],[-114.54712449272239,44.662250179771924],[-114.54680081270885,44.662522299826264],[-114.54668295278684,44.66307341988614],[-114.54718090312915,44.66440746995784],[-114.54690359345433,44.6664765801672],[-114.54705800364623,44.667357630230846],[-114.54905935432888,44.66894001018407],[-114.54929261443004,44.66924210018905],[-114.5508199348081,44.66967097008435],[-114.55091194487522,44.6699385100995],[-114.55060910492948,44.670557690182655],[-114.55058991498183,44.670863360211534],[-114.55072494511045,44.671419900248225],[-114.55107768529166,44.67203063026937],[-114.55152685543932,44.672355340256146],[-114.5531157357884,44.67256044012584],[-114.55294817578131,44.672700890153926],[-114.55270101586164,44.6734022802392],[-114.55273079595763,44.67389355027994],[-114.55302110616526,44.67471449032552],[-114.55289066624077,44.675265350386475],[-114.55301208655342,44.676838870514544],[-114.55386345677657,44.677145190462085],[-114.55493734695325,44.67696113034542],[-114.55584071703885,44.67646282021685],[-114.55722337706734,44.67514203997061],[-114.55876029739943,44.675309939841846],[-114.56012392782081,44.67614929978872],[-114.56115223804288,44.67626127970255],[-114.56173469812376,44.67608016963206],[-114.5620065580847,44.675577329562145],[-114.56227228810232,44.67538944952061],[-114.56266442825753,44.67581643952182],[-114.56331762845343,44.67618596949348],[-114.56574645909838,44.67710649934793],[-114.5667017893877,44.677662499307864],[-114.56914355999967,44.678389669143975],[-114.56907691012691,44.67915345921782],[-114.5684437899954,44.67911297927338],[-114.56801011993434,44.679243279325476],[-114.56769477991017,44.67944811937306],[-114.56753539993122,44.67973280941316],[-114.567613260027,44.68017107944471],[-114.56845486040933,44.68135480947078],[-114.56852947049447,44.681738999497846],[-114.56913277072007,44.68232349949317],[-114.56978951088772,44.68253552945053],[-114.57025289093153,44.682279819384554],[-114.57051801098285,44.68227644935946],[-114.57097005117825,44.682857719368634],[-114.5717730414354,44.68340143934166],[-114.57364076176236,44.68318906914825],[-114.57622630226747,44.68318094890579],[-114.57672430264485,44.68470391899397],[-114.57671020278754,44.68549582906534],[-114.57692679306412,44.686769769157735],[-114.57754968346151,44.688268379232056],[-114.5775718837191,44.689646219351886],[-114.57823213401156,44.690533449368594],[-114.57845472415534,44.69107830939596],[-114.57847662429953,44.69183947946125],[-114.5788631445108,44.6925768694903],[-114.57880281454592,44.6928321595185],[-114.5753026442611,44.695013010038785],[-114.57476627432605,44.69593787017077],[-114.57457401446804,44.69691504027516],[-114.57363494483418,44.69990640062756],[-114.57334851505264,44.70139921078636],[-114.57404218537506,44.70241321081111],[-114.57398101544484,44.702857530856114],[-114.57371280549638,44.70342348093125],[-114.57254946548912,44.70462309114618],[-114.57243010556051,44.70513819120287],[-114.57249803600395,44.707475751403166],[-114.57275136624423,44.70851191147107],[-114.57430811690006,44.710417481493835],[-114.57459843699534,44.71062619148509],[-114.57587900726374,44.710720901373584],[-114.57645362731976,44.71041351129264],[-114.57727746745296,44.710259941201954],[-114.57948521788178,44.71023924099348],[-114.5811834782725,44.71055429086241],[-114.58274651853348,44.710308310694344],[-114.58528535910872,44.710731110494066],[-114.58625338924998,44.71046800038021],[-114.58741425932612,44.70964630019895],[-114.58905859969362,44.709892580066786],[-114.59022253989299,44.709737099944114],[-114.59064145001727,44.709966499925194],[-114.59092889025455,44.71094931998509],[-114.59124108037987,44.71129798998664],[-114.591555440475,44.71148016997327],[-114.59251325069451,44.71165339989896],[-114.59497702110873,44.71128219963549],[-114.59634050126341,44.71067172945398],[-114.59711756132499,44.710179449337744],[-114.59879896162269,44.71000775916519],[-114.59972938171988,44.70954568903725],[-114.60050796189773,44.70968357897655],[-114.60190777212924,44.70945190882506],[-114.6039479025897,44.70978280866326],[-114.60436966268797,44.70986816863133],[-114.60458561277005,44.71008425863018],[-114.60462960290977,44.710796368688925],[-114.6056035134797,44.71285582877954],[-114.60698662395899,44.71398760874998],[-114.60776581428613,44.7149356787607],[-114.6107120650651,44.716032618581586],[-114.61113550516701,44.71613600855104],[-114.61157348524205,44.7160776485049],[-114.6128469254109,44.71564064834707],[-114.61553107595918,44.715764238106644],[-114.61651912608843,44.71541575798335],[-114.61951948662512,44.715140747678106],[-114.61982632669631,44.715201157654704],[-114.62035629709567,44.71680561774664],[-114.6204659973688,44.718171767856816],[-114.62213585792601,44.71942185781067],[-114.62273573809964,44.71972692778141],[-114.6237358183051,44.71977924769238],[-114.62538887873615,44.720362767588995],[-114.62650019899193,44.7205704175032],[-114.62787518940569,44.7213551874436],[-114.62856300970559,44.72225169745817],[-114.62886872003452,44.72371192755828],[-114.62969457050801,44.72540350763002],[-114.63120607101708,44.726560167590335],[-114.6325034613714,44.7271046975168],[-114.63500660186999,44.72715205728642],[-114.63620773199845,44.72657376712289],[-114.63780451225313,44.726260206945646],[-114.63871869244878,44.72635113686798],[-114.63925779268996,44.72708696688231],[-114.63972713282593,44.72732622685941],[-114.6406710230001,44.72726920676595],[-114.6410155530406,44.727123286720854],[-114.6413870730176,44.72660431664026],[-114.64111547276096,44.72550042656844],[-114.63929288228034,44.72482809667997],[-114.63974907233735,44.72465297662182],[-114.64235570282655,44.724540276367655],[-114.6437719729979,44.7239663361844],[-114.64511057333459,44.724372046094715],[-114.64758380403448,44.72554380596616],[-114.64910117441183,44.72598015586242],[-114.65118962490962,44.72646423570933],[-114.65191487503019,44.7263486156312],[-114.65226780505903,44.72613081557892],[-114.65257413512927,44.726186625555115],[-114.6527212351818,44.726315675552705],[-114.6527505352375,44.72658635557382],[-114.65259791538881,44.72756897567464],[-114.6521426453711,44.72795571575136],[-114.64848023498605,44.72975286625288],[-114.64735557491284,44.730548916428425],[-114.64564410485545,44.73205305672132],[-114.64538834487001,44.73240337677614],[-114.64537806491116,44.73263722679767],[-114.64566367506445,44.73316524681739],[-114.64557551515726,44.73376208687823],[-114.64601026533285,44.7342526768807],[-114.64603009543315,44.734775226924846],[-114.64491363542055,44.73589100712777],[-114.64391515533597,44.736491577274286],[-114.64324079533773,44.73721585740128],[-114.64226394524496,44.73774933753983],[-114.641742795244,44.738296727636886],[-114.64143779528948,44.73886657771564],[-114.64133933542686,44.739715267799625],[-114.64210157569936,44.74038367778702],[-114.64239963585602,44.74091646780602],[-114.64342638625199,44.741972917802734],[-114.64404351666424,44.74355205788388],[-114.64522455713585,44.74485474788787],[-114.64568903725426,44.745003857857434],[-114.64833415782431,44.74528791763441],[-114.65075707843887,44.74604895747417],[-114.65244477890356,44.74677684737995],[-114.65343953919916,44.747323917334796],[-114.65488587979605,44.74902355734865],[-114.6555414100315,44.749604167338305],[-114.6579328906947,44.750661497206984],[-114.6582377909451,44.75169401726923],[-114.65853488106005,44.752001687268404],[-114.6597167214221,44.75271008721986],[-114.66030734163886,44.753257827212636],[-114.66138847205569,44.75436924720893],[-114.66305901279641,44.75660901724916],[-114.66357301295879,44.756943617230334],[-114.6643022232772,44.75789477724556],[-114.66536323363103,44.75868616721558],[-114.6675962842427,44.7596320270892],[-114.66959156473946,44.760208396952656],[-114.67058287495041,44.76030063686768],[-114.67354438547088,44.75998289656184],[-114.67459148563215,44.7597476564429],[-114.67561241575245,44.759318316309376],[-114.67858509593889,44.75718220584273],[-114.6799849359475,44.75574776558528],[-114.68022892582393,44.75482098548096],[-114.68018585572631,44.754338485442624],[-114.67948467542517,44.753451005430406],[-114.67879427526597,44.75331994548367],[-114.67818648517895,44.753492145555825],[-114.67774697517538,44.75393782563622],[-114.67774531535389,44.75490554572144],[-114.6772846453927,44.7556028658259],[-114.67603602537511,44.75682878605085],[-114.67410344522035,44.75803627633833],[-114.671611764836,44.75859316662108],[-114.66926322430788,44.75822117680874],[-114.66764728388425,44.7576390469092],[-114.66629194346092,44.75678314696115],[-114.66471076288867,44.75535996698435],[-114.663626372388,44.753798386948795],[-114.66273044203054,44.752812306946126],[-114.66145103155006,44.75156629695656],[-114.66065803129133,44.75100541698159],[-114.66050252121374,44.75075016697376],[-114.66041955099183,44.74963667688359],[-114.66016119088795,44.74934780688239],[-114.65956287071963,44.749069986914115],[-114.65841763047209,44.74894298701035],[-114.65784833032114,44.748728757044915],[-114.65640072983047,44.747605277081796],[-114.65492287920904,44.74580598706213],[-114.65018667791543,44.74381814733132],[-114.64708500725018,44.743502227594355],[-114.64647382708092,44.74323306762794],[-114.64621344696826,44.742899117623],[-114.64590700675099,44.74204658757664],[-114.64518276637386,44.74077132753227],[-114.64443700607973,44.739968247531515],[-114.64422207592384,44.739351647497365],[-114.64427328586262,44.738965607458546],[-114.64470242587264,44.73856484738304],[-114.64655428603439,44.73747772711368],[-114.64848186602762,44.73539737674983],[-114.64878780598488,44.73484102667215],[-114.64890379586764,44.73408271659452],[-114.64873200577524,44.73376409658255],[-114.64812986555636,44.733216056590706],[-114.64805831544405,44.732683446550524],[-114.64820884543512,44.73247499651805],[-114.64970287555201,44.73152448629431],[-114.6499931255344,44.73112085623157],[-114.65060973557516,44.73068792613567],[-114.65430237597943,44.72896335563768],[-114.6548888960001,44.728453255537794],[-114.65527684565986,44.72619712530278],[-114.65508447553852,44.72574305528078],[-114.65388157510942,44.72469208530095],[-114.65253707475507,44.724196335383304],[-114.65146099461101,44.72455681551588],[-114.6507925344802,44.724556575578475],[-114.6474794736344,44.72348461579452],[-114.64629837327273,44.72277610584278],[-114.6442966927499,44.72206415596762],[-114.64342234257134,44.72202361604593],[-114.64262151243568,44.72213760613105],[-114.64165354236957,44.72280632628063],[-114.64105738228298,44.72296955635087],[-114.63881435185546,44.723031236566456],[-114.6379019717058,44.723187916665765],[-114.63534497137323,44.724098256985606],[-114.63353693119757,44.72506457724015],[-114.63260400101888,44.725085757329396],[-114.63194051079523,44.72457686734672],[-114.63161390062386,44.72399394732592],[-114.63125087033899,44.722834117257705],[-114.6307328000896,44.722031157235456],[-114.63060844992124,44.72124987717821],[-114.6296192895298,44.72017607717625],[-114.62862087922105,44.71956119721555],[-114.6273029888743,44.71907920729645],[-114.62628885866198,44.71900411738484],[-114.62450413811585,44.717936237457835],[-114.62313749780166,44.717682747563515],[-114.6228083076207,44.71705022753852],[-114.6227587674292,44.71606343745612],[-114.62216979699244,44.71431821735736],[-114.6218404468123,44.71369019733279],[-114.62134899664454,44.71330186734458],[-114.6207685964939,44.71310072738119],[-114.62011192636614,44.71310504744303],[-114.61799228603013,44.71353348767933],[-114.61605752564063,44.71347511785535],[-114.61429388538055,44.71393792806134],[-114.61234825495981,44.713721718224434],[-114.61112450475859,44.71393018835743],[-114.6096191643818,44.71348458845908],[-114.60789418375887,44.71193606848391],[-114.60764310363994,44.71155721847395],[-114.60696145301988,44.70891423830444],[-114.60674799290598,44.70852266828988],[-114.6061812427257,44.7081461883097],[-114.60314255206507,44.70778988856268],[-114.60198039176005,44.707369388634376],[-114.60060872154253,44.70764665878722],[-114.59924010125924,44.70756387890807],[-114.59773613107073,44.70813991909973],[-114.59656692085544,44.70821434921574],[-114.59514995071899,44.70898106941609],[-114.59363875054562,44.70964708961636],[-114.5932876604838,44.709684699652534],[-114.59237313006328,44.708373579622354],[-114.59155805980932,44.707861269653364],[-114.59015894953974,44.70788576978648],[-114.58938705942121,44.70806302987444],[-114.5876288590293,44.707805350016244],[-114.58620700876513,44.70788334015618],[-114.5856014786831,44.708082090230455],[-114.58517751869198,44.708581770314254],[-114.58490680866025,44.708697570349806],[-114.58317544827702,44.708458400490755],[-114.58087647786071,44.70864379072231],[-114.57982209759615,44.70832887079318],[-114.57839005733646,44.70844255093721],[-114.57573608680853,44.7083997511818],[-114.57525675660172,44.707786421172486],[-114.57516213652734,44.70748283115451],[-114.57502519613055,44.70547239098956],[-114.57543414607399,44.70472938088567],[-114.57648841607435,44.7036084506879],[-114.5766173160322,44.703242090643464],[-114.57653114587002,44.7024525505817],[-114.57667948573904,44.701582470490926],[-114.5761402155311,44.70102638049218],[-114.5761414154982,44.70084636047615],[-114.57734638496083,44.69664079999154],[-114.57752041491288,44.69619436993583],[-114.57828882494474,44.695548989806845],[-114.58052686517014,44.694390099495],[-114.58154385516643,44.69328633930229],[-114.58164038513526,44.69301380926913],[-114.58151638500368,44.69243052922917],[-114.58088867462595,44.691044369165304],[-114.58085412447922,44.6902829391012],[-114.58022498421201,44.689499899090805],[-114.58006626408435,44.68897439905919],[-114.58005703386576,44.68779488895569],[-114.57943790344177,44.68614782886792],[-114.57936655310249,44.68437734871796],[-114.57924525298061,44.683843638682085],[-114.57863847263364,44.682601938629],[-114.57857075245306,44.68169125855474],[-114.57843855237373,44.68140037854136],[-114.57758454214363,44.68105818859095],[-114.57460858160435,44.681296608890314],[-114.57355085136322,44.681112098972896],[-114.5731561812389,44.68085614898708],[-114.57190968066409,44.67905617894435],[-114.57205568033862,44.67712825876005],[-114.57195984018313,44.676383528703134],[-114.57181647010236,44.67609689869117],[-114.57162030004584,44.67599820870075],[-114.57100690990093,44.67586362874616],[-114.5692821296505,44.676340068949564],[-114.56852928947771,44.67620251900778],[-114.56748388916463,44.67561309905328],[-114.56472510844631,44.67464506922548],[-114.56382801811746,44.6738112192355],[-114.5629506078479,44.673279359270374],[-114.56222568768975,44.673191869330374],[-114.56152413756854,44.67328041940378],[-114.56043074743921,44.67374319954698],[-114.55743165674961,44.67318846977811],[-114.55645584658429,44.6733296398818],[-114.5555934064763,44.67366227999187],[-114.55541006642143,44.673559329999925],[-114.55613196634438,44.67236844982694],[-114.55617498621662,44.67162666975722],[-114.55564937601245,44.67107527975748],[-114.55497737583349,44.670817829797485],[-114.55347228552759,44.670758589932895],[-114.5537377054675,44.67014760985393],[-114.55366462534553,44.66956088980877],[-114.5533440151542,44.668860829776705],[-114.55301683501776,44.66846671977236],[-114.5525123948426,44.66805079978268],[-114.55114525452298,44.667769429885446],[-114.54951841397886,44.666541709928666],[-114.54950186388636,44.66605522988709],[-114.54976060369287,44.66472391974491],[-114.5497318535996,44.66424616970522],[-114.54950944345688,44.66370574967812],[-114.55000220351906,44.66351826961551],[-114.55013016347446,44.663138409569875],[-114.55004433335081,44.66255591952626],[-114.54890986267573,44.66008740941338],[-114.54862683256552,44.659788759413345],[-114.54781684232267,44.659330249448374],[-114.54779581225577,44.65898770941995],[-114.54803966220297,44.65843928934859],[-114.54788600193955,44.65716664925007],[-114.54767589187277,44.65702709925735],[-114.54710704175658,44.657001379308184],[-114.54613572160443,44.657210079417396],[-114.54595782160271,44.65739080945005],[-114.54563661171257,44.658333659563645],[-114.54512218173353,44.65899778967059],[-114.5441797115574,44.65904504976278],[-114.54353652150967,44.65947232986075],[-114.54325909145501,44.659470869886576],[-114.54312055138938,44.659260829880864],[-114.54287026119486,44.65846772983391],[-114.54360106125932,44.658037829727505],[-114.54435689121657,44.656996299564604],[-114.54455894102922,44.65575830943595],[-114.54447811088517,44.65505887938142],[-114.54424560074709,44.654554239358404],[-114.54428213067436,44.654118409316325],[-114.5456840908788,44.65373442915136],[-114.54641117093095,44.65324141903975],[-114.54652485091825,44.653050309012166],[-114.54654802068855,44.65177245889669],[-114.54727659055628,44.650271188695484],[-114.5473563503965,44.649314148603224],[-114.5472668602986,44.64887560857266],[-114.54670767006394,44.6481929085643],[-114.54598425967852,44.6468630085139],[-114.54504222939202,44.64630711855249],[-114.54486720928614,44.64591624853415],[-114.54395369897729,44.645207928556594],[-114.54378852882718,44.644565198515004],[-114.54252199822363,44.642624928461046],[-114.54212911810055,44.64237340847545],[-114.54133508794672,44.64238332855041],[-114.53986497752332,44.641644978622104],[-114.53962901741022,44.64127979861178],[-114.53854300704056,44.64042366863711],[-114.53717395663658,44.63968295869913],[-114.53449461643447,44.64144814910589],[-114.53419148637389,44.64144160913358],[-114.53222509580172,44.640422369226684],[-114.53109892556738,44.64034851932519],[-114.53038732544813,44.64045916940144],[-114.52953987535116,44.64083694951407],[-114.52920563522824,44.64052362951741],[-114.52917286512529,44.63999627947367],[-114.52897839503201,44.639694989465106],[-114.52922434498477,44.63917366939584],[-114.52911208481483,44.638365519334535],[-114.53001444489973,44.63786288920574],[-114.53024110490472,44.63764723916542],[-114.53032114485728,44.63730236912733],[-114.52961255452189,44.63622925909817],[-114.52899767376375,44.632745498846155],[-114.52809320348075,44.63216777887921],[-114.52722051330126,44.632121878956575],[-114.52583673307795,44.63238448910899],[-114.5255558130111,44.632319889129434],[-114.5252404227602,44.63128677906712],[-114.52525443265186,44.630679409011826],[-114.52502393236772,44.62937355891733],[-114.5248175522762,44.62909450891178],[-114.52445605217753,44.62894263893204],[-114.52305847190947,44.62897534906528],[-114.5226715918066,44.62882741908827],[-114.52121618131534,44.62770203912402],[-114.51998442097013,44.62713515918851],[-114.51887112073828,44.627061459285834],[-114.51744683049861,44.62727807943794],[-114.51694725037724,44.62715018947319],[-114.51589015017565,44.62718121957448],[-114.51514506998787,44.62695344962375],[-114.51460444977097,44.62634751962031],[-114.51435153937388,44.62444699947496],[-114.51438803926177,44.623795109413635],[-114.51488678907931,44.62226203923085],[-114.5147619689416,44.62164264918737],[-114.51484001881158,44.62084762910942],[-114.51553581869075,44.61944037891943],[-114.51514433845861,44.61859012888035],[-114.51545467842854,44.61809273880724],[-114.51587515844768,44.617746288737166],[-114.51789677874518,44.61720507850055],[-114.51903946880515,44.61630714831417],[-114.52087445915005,44.61622545813587],[-114.5217235992524,44.61587478802549],[-114.52212676921708,44.61524885793229],[-114.52186292886407,44.613600177810305],[-114.52275250890875,44.612890277664235],[-114.52505203933829,44.61277358743947],[-114.52542133949932,44.61325871744818],[-114.52600126969016,44.61368089743162],[-114.52696387992957,44.613958317366574],[-114.52765257005001,44.61387869729528],[-114.5286162401054,44.613147847140425],[-114.52982822008293,44.61172465690097],[-114.52999588001445,44.611170136836],[-114.53103813005512,44.61027441665926],[-114.53131405999268,44.60963669657688],[-114.53122162984674,44.608937006523256],[-114.53152551987297,44.60875452647872],[-114.53303887005961,44.608152546284146],[-114.53681209058625,44.60698713582881],[-114.53923626103797,44.60685933559143],[-114.53976834111307,44.60669975552764],[-114.54126755129272,44.60607485533236],[-114.54219820135705,44.6054286951882],[-114.54327945155921,44.60537543508265],[-114.54430474207821,44.60711696514184],[-114.54553564234396,44.607251455039034],[-114.54584055244767,44.60749207503197],[-114.54580225251406,44.607896365071475],[-114.54476425241269,44.60845471521785],[-114.54442580242727,44.60889756528878],[-114.54440061264755,44.610130365400614],[-114.54385235274856,44.61127089555305],[-114.5439095228192,44.61159621557662],[-114.54425580298053,44.61210780558982],[-114.5443798931123,44.61269563563045],[-114.54495098330953,44.613162535618656],[-114.54566740348235,44.613339975567634],[-114.54682091384372,44.61408045552583],[-114.54741203399229,44.61425970548666],[-114.54789132408811,44.61426999544285],[-114.54944741433323,44.613943285268746],[-114.54994896450096,44.61432315525567],[-114.55174846488279,44.614483275102124],[-114.55415125548969,44.615227944944124],[-114.5554016957058,44.6150701648135],[-114.55600306577408,44.614799454733365],[-114.55647815578098,44.61432798464722],[-114.55657792572276,44.61390250460015],[-114.55577609535274,44.61273752457148],[-114.55564395523338,44.61222605453833],[-114.55564073518502,44.61196491451549],[-114.55596595512905,44.61131019442703],[-114.55643591515717,44.61096014435209],[-114.55753437530177,44.6105740242154],[-114.56031367571715,44.60986821389356],[-114.56086868575156,44.60946145380565],[-114.56366370580159,44.60673933330334],[-114.56434110577567,44.605871533163125],[-114.5641465556447,44.60536324313611],[-114.56203014496953,44.60393620320669],[-114.56203866492025,44.60365730318112],[-114.56247381487643,44.60295089307785],[-114.56348457485636,44.60175712287762],[-114.5636132947768,44.601183702814666],[-114.56472938482958,44.600275742629975],[-114.56534437490554,44.60003228255105],[-114.56817852538195,44.59960202224859],[-114.56861440541392,44.599309722181985],[-114.56960627537197,44.59801646197472],[-114.57103986538205,44.59653453170947],[-114.57119563520274,44.595385521592895],[-114.57027258459851,44.59306574147291],[-114.5704947444416,44.59196766135465],[-114.57085519438535,44.59127313125939],[-114.57091866432332,44.590864861217185],[-114.54883348992024,44.59043805323734],[-114.54866415990776,44.59055145326318],[-114.54867530224708,44.60335327439994],[-114.548405432217,44.60347802443617],[-114.54771384208533,44.603499184502546],[-114.54674838187185,44.60336592458073],[-114.54574954159165,44.602903334632686],[-114.54443145115806,44.601943244670245],[-114.54296777075376,44.6012995947495],[-114.54178261051767,44.60127859485807],[-114.54113528041461,44.60140870492997],[-114.53991315029036,44.602039575099965],[-114.53780992018305,44.60370922544441],[-114.53623068001372,44.60447639565984],[-114.5350257499438,44.605386655853025],[-114.52921842919046,44.60749379658171],[-114.52873080918339,44.60797838667021],[-114.52864776940932,44.60930445679586],[-114.52786285939627,44.61007518693755],[-114.52682551944703,44.61146612715793],[-114.52649132936213,44.61135986717964],[-114.52609131921878,44.61100459718536],[-114.52570916913083,44.610933307214644],[-114.52325246868966,44.611154637463336],[-114.52191143841156,44.61107152758097],[-114.52110207828174,44.611229517670445],[-114.52074818824715,44.61141988772035],[-114.52032641826064,44.61194637780652],[-114.51933800812708,44.61227601792793],[-114.51888021810207,44.612630678002176],[-114.51873064819063,44.61327560807343],[-114.51943517851663,44.614303688099184],[-114.5194358185546,44.614510758117525],[-114.51855061837337,44.61446902819638],[-114.5177606182688,44.6147444382945],[-114.51641275819816,44.61580425851441],[-114.51404557789158,44.61666668881179],[-114.51299697787175,44.61768364899999],[-114.51280947780135,44.617499519001065],[-114.51295692774201,44.61701658894439],[-114.51288994767845,44.61674055892609],[-114.51196261720747,44.61515842887187],[-114.51145593706168,44.61490431889649],[-114.51083235692124,44.61480520894581],[-114.51004970680327,44.614999709036084],[-114.50964699680246,44.61542754911167],[-114.50968458688487,44.61583797914466],[-114.50992505701196,44.61627534916112],[-114.50984392709358,44.616809229216194],[-114.5093932370898,44.61727202929936],[-114.50895155723093,44.61851823945134],[-114.50845309730391,44.61945262958092],[-114.50730038725014,44.62039524977226],[-114.50612885732997,44.622089140032095],[-114.50431215739016,44.62436760040411],[-114.50406167734414,44.62438463042904],[-114.5038330172564,44.62415007042948],[-114.50329016695518,44.62308492038538],[-114.50260421665162,44.62216067036711],[-114.50146634626506,44.62126704039374],[-114.5004901460203,44.62097560045886],[-114.49979394587265,44.620915350518366],[-114.49781923553745,44.62120068072785],[-114.497509435454,44.621076860745724],[-114.49654698505977,44.619952960735475],[-114.49581829484642,44.61956788076917],[-114.49494069461392,44.61923805082162],[-114.4931288741911,44.61886969095777],[-114.49228848396196,44.618518151004835],[-114.49116822370885,44.61833600109306],[-114.49052912351755,44.61797536112055],[-114.48998190339564,44.617895811164466],[-114.4893032931504,44.61728222117312],[-114.48842882288889,44.61679036121083],[-114.48685962248418,44.61626070130996],[-114.48603905228204,44.61603558136638],[-114.48485681205597,44.616068061479474],[-114.4840542818344,44.61571729152303],[-114.48339237168537,44.61561268157543],[-114.48306956136825,44.61422368148189],[-114.4827303411507,44.61339697143989],[-114.48226097093497,44.61272044142339],[-114.48162952076656,44.61247695146053],[-114.4807227805924,44.61249746154687],[-114.47922891012459,44.611541741601],[-114.47877892000734,44.61138326162878],[-114.4775785298014,44.61154580175513],[-114.47755566953461,44.61010940162935],[-114.47675129922804,44.60929491163171],[-114.47673002895833,44.60784053150418],[-114.47647329890778,44.60783962152802],[-114.47618404873225,44.60718929149705],[-114.47622583852122,44.605988381386155],[-114.47566123830373,44.60540424138671],[-114.47569989827454,44.60520254136515],[-114.47626456826278,44.60453083125272],[-114.47717368833064,44.60392525111405],[-114.47741962832157,44.60361109106313],[-114.4776089682445,44.602985100989706],[-114.47754355810893,44.60231297093592],[-114.47729417799248,44.60194286092622],[-114.47651359772358,44.60130894094243],[-114.47532892741565,44.60089564101596],[-114.47449299708393,44.59997690101199],[-114.47401965685198,44.5992147209881],[-114.47363580672165,44.59891365099706],[-114.47332257665119,44.598864231021835],[-114.47420125658245,44.59754229082216],[-114.47663252667358,44.59542644040716],[-114.47719648665766,44.594732210292754],[-114.47726577661489,44.59442315025875],[-114.47716151650614,44.593939210225344],[-114.47648541623279,44.5931680602196],[-114.47669951615914,44.5925336101431],[-114.47723064615546,44.591942180040945],[-114.4786080162458,44.59095531982472],[-114.47883773622202,44.5905777897697],[-114.47910926610321,44.58963400966028],[-114.47974210608218,44.58883775953037],[-114.48014233596047,44.58773927939519],[-114.48074303591252,44.58682977925815],[-114.48127729561,44.58459539900924],[-114.48189199564526,44.5841273489103],[-114.48616409622004,44.58268204838374],[-114.48818958638185,44.58138974807999],[-114.49314699714442,44.58023833751589],[-114.49565533748896,44.57942913721027],[-114.49611755756914,44.57937175716208],[-114.49661588768693,44.5794817071255],[-114.4967781176751,44.579242197089094],[-114.49653666758333,44.57899833708983],[-114.49652858744223,44.578232947022336],[-114.49672337742216,44.577913126975695],[-114.49678900729012,44.57711783689872],[-114.49664554709572,44.576205436830755],[-114.4961354067853,44.575050926775354],[-114.49621196672601,44.57464299673187],[-114.49725621681199,44.573990696576516],[-114.49880486681023,44.57231414628294],[-114.49947096685993,44.57186960618132],[-114.50023834685355,44.57100865603317],[-114.50145544696427,44.570306085857275],[-114.50333376703345,44.5686636855361],[-114.50432970700315,44.567425095333],[-114.50487687693557,44.5664647751965],[-114.50732524697374,44.56403802475238],[-114.5075562468798,44.56327335466271],[-114.50758516670855,44.5623017045734],[-114.50788707672879,44.562087734526244],[-114.5084028568287,44.56208097447764],[-114.51467431809604,44.562289633912656],[-114.51721377865876,44.562646453708155],[-114.51764906872698,44.562552383659295],[-114.52201812905227,44.559635912992846],[-114.5253791292522,44.557116032455575],[-114.52607627925066,44.556356912323075],[-114.52639605917693,44.555607622226574],[-114.52760746908154,44.553779321950955],[-114.52775661902784,44.55332341189643],[-114.52794065886147,44.55221108178019],[-114.5275147282924,44.54954160158197],[-114.52784199820464,44.548706941477136],[-114.52935790802618,44.54609298110314],[-114.52996531804031,44.54551645099528],[-114.53069353809987,44.54505956088682],[-114.53206627825796,44.54445005070481],[-114.53335548845088,44.54412229055569],[-114.53566647888891,44.54404164033358],[-114.53799962939519,44.54431252014065],[-114.5412264000398,44.544382029846716],[-114.54151956007136,44.544239789806774],[-114.54206419992228,44.54283360963087],[-114.54227442991515,44.542568049587665],[-114.54388342003602,44.541499839342805],[-114.54519447018573,44.54091134916846],[-114.54922912080741,44.53998519871068],[-114.54961802080402,44.53954791863552],[-114.5506353905456,44.53703099831668],[-114.55067927045945,44.53650978826618],[-114.55018677020733,44.5356533182357],[-114.55014121013927,44.535327918210946],[-114.55016316009622,44.535067308185695],[-114.5504019001038,44.53485186814426],[-114.55433594093186,44.53517023780677],[-114.55929345189871,44.53515023734391],[-114.55997934205035,44.53524591728866],[-114.56254659277727,44.536480067159815],[-114.56688841384931,44.537702466864815],[-114.56947931442694,44.53809072665834],[-114.57289078509628,44.538100246341834],[-114.57351077518973,44.537946876270546],[-114.57396266512522,44.537105726153605],[-114.57539121519824,44.53597021591966],[-114.5759422652502,44.53566297584107],[-114.57753046546713,44.53514685564742],[-114.58021249569695,44.53352471525357],[-114.58397269597569,44.53101156468012],[-114.58713213629738,44.529381354241195],[-114.59107792660649,44.526835873647656],[-114.59206449673943,44.526505573526535],[-114.59269056688964,44.52665830348186],[-114.59308351701296,44.526914163468135],[-114.59380095715275,44.52691127340112],[-114.59453195740893,44.52753434338858],[-114.59465410738665,44.5272803433546],[-114.59426271712132,44.52624129329857],[-114.59432510705602,44.5258149832548],[-114.59460987706291,44.52554640320441],[-114.5953191871397,44.525205733108166],[-114.59820333748813,44.5240195527344],[-114.59980804741461,44.521888152395476],[-114.60050120742284,44.52118743226867],[-114.60145775748099,44.52047788211662],[-114.60312884768977,44.51982876190343],[-114.60426414792013,44.51987508180199],[-114.60694950853382,44.520363501595746],[-114.60909961891242,44.520133941375384],[-114.60956600896856,44.519941141314845],[-114.6095493588786,44.519463651273924],[-114.60912285868812,44.51887406126113],[-114.60799817838135,44.518395881323165],[-114.60758934824511,44.51808573133356],[-114.60696059793909,44.51707777130237],[-114.60610422769483,44.51665470134434],[-114.60615879757164,44.515917631273744],[-114.60652415742126,44.51469643113108],[-114.60733372740685,44.51374560097123],[-114.60830483745733,44.51297821081263],[-114.60903317741035,44.51193565065211],[-114.60949051736502,44.51119350054361],[-114.60956317718582,44.51012821044201],[-114.60994014707296,44.50910079031559],[-114.61130231698156,44.507130690013575],[-114.61204805687768,44.50575537982191],[-114.61448898698569,44.503722259414076],[-114.61732140695608,44.50050890886484],[-114.61800186698215,44.499919928749215],[-114.62192454733963,44.49766545818399],[-114.62298998753629,44.49760210807933],[-114.62410412781284,44.49792686800469],[-114.62500426808357,44.49844973796754],[-114.6267140185237,44.49903443786066],[-114.62850505903472,44.499922397773204],[-114.62954291936713,44.500637137740334],[-114.63099094991114,44.502076097733706],[-114.63139743000104,44.50213403770111],[-114.63454231021296,44.49991703721157],[-114.63543484020283,44.498900197038196],[-114.63680705025385,44.497704226804245],[-114.63797446036531,44.497062176638636],[-114.63852279045646,44.49697447657987],[-114.64008190079538,44.49716424645185],[-114.64181694103657,44.49662586624269],[-114.64303848124369,44.49645303611376],[-114.6434408812838,44.49624076605753],[-114.6441661412321,44.495175405895345],[-114.644949881286,44.49462889577391],[-114.64674713126719,44.492590805425635],[-114.64950555151277,44.49097562502566],[-114.65063344164815,44.49050817487923],[-114.6520410317747,44.48969086467574],[-114.65264134173661,44.488834434543804],[-114.65277557163924,44.48815299447075],[-114.65271829149964,44.48744510441313],[-114.65248415135753,44.48691363438762],[-114.6513812708623,44.485369504352754],[-114.65125153078748,44.48509675434059],[-114.65137624077398,44.48488775431043],[-114.65383111136923,44.48552787413921],[-114.65532406168744,44.48567556401362],[-114.65636146183336,44.48536375388953],[-114.65796990199989,44.48455048366771],[-114.66103981242107,44.48356907329518],[-114.66156413251228,44.483507783241045],[-114.66253480274453,44.48374371317179],[-114.66445032313197,44.48381890300051],[-114.66503173328924,44.48406036296793],[-114.66625812380244,44.485570872988234],[-114.67010760510254,44.48859783289949],[-114.67232776537247,44.487697812613206],[-114.67415964564525,44.48723097240146],[-114.67548205580117,44.4866682122285],[-114.67717522604468,44.48618950202862],[-114.67933519642261,44.48594981180656],[-114.68374666712953,44.485103061321325],[-114.68706058776031,44.485017161005686],[-114.68777810786452,44.48482012092145],[-114.68902621783009,44.48328791066936],[-114.68946252772334,44.48222992053485],[-114.69027503765132,44.480958960346435],[-114.69065953749427,44.47967934019704],[-114.69147970741166,44.478341380001964],[-114.69264127736159,44.47681600975851],[-114.69312310739366,44.47647462968346],[-114.69422029754553,44.476132179551065],[-114.69681083798018,44.47574329927579],[-114.69766881815546,44.47578760919997],[-114.69966470864327,44.476331969062834],[-114.70107747907562,44.477197659008425],[-114.70152536918503,44.477319208977605],[-114.70237462937,44.477426318908186],[-114.70422233965692,44.4770223287006],[-114.70533440992428,44.47730124862204],[-114.70646982026645,44.47796774857567],[-114.70694926036327,44.47798637853275],[-114.70842937053392,44.477336368337475],[-114.71185833104825,44.47648682794337],[-114.71854454220089,44.4756572672483],[-114.71913441224044,44.4752414171566],[-114.71956715223084,44.474723397070385],[-114.71988412219262,44.47417154699193],[-114.72014119208121,44.47328090688903],[-114.72014450187628,44.472146636788025],[-114.71869231132287,44.47065469679057],[-114.71854331119374,44.47010255675542],[-114.71930530089718,44.46764652646656],[-114.71962525068825,44.466149456303896],[-114.72042623061967,44.46490955611942],[-114.72060436041039,44.46356270598331],[-114.72107232029455,44.462419685838306],[-114.72118466020676,44.46181424577415],[-114.72069947001917,44.461300405773606],[-114.72091539999599,44.460940105721534],[-114.72150700007829,44.46075834565042],[-114.72852284137905,44.460393914966296],[-114.7290658314917,44.460431714919245],[-114.7302830917935,44.46078901483783],[-114.73131607210931,44.46142171479805],[-114.7318619923375,44.462094254807006],[-114.73300589270387,44.46288669477106],[-114.73408994309428,44.4638765147582],[-114.73331455294293,44.463874724830085],[-114.73348067310795,44.464606634879566],[-114.73406989332595,44.465176494875415],[-114.73414436344433,44.46574964491933],[-114.73537475385722,44.46670582488984],[-114.7346707538636,44.467497615025515],[-114.7343607540297,44.46874734516519],[-114.73414696405823,44.469134725219426],[-114.73391002401777,44.469166035244236],[-114.73344390374747,44.46817549519969],[-114.73188330318663,44.46675809521891],[-114.73159742310465,44.46661288523261],[-114.72986168273007,44.46641184537607],[-114.72919363263017,44.46657862545293],[-114.72870860262124,44.467050635539906],[-114.72829632269037,44.46787518565139],[-114.72830077298978,44.46952277579721],[-114.72838888332954,44.47130256594694],[-114.72911563382056,44.47323009605042],[-114.72940923417664,44.474878926169374],[-114.73010482464606,44.47672030626809],[-114.73056674483239,44.4772516362723],[-114.73065759496554,44.47788813632029],[-114.73042888534381,44.480219796548404],[-114.73074043564573,44.481549386637305],[-114.73058557578483,44.4824825867345],[-114.7309118660243,44.48345235679015],[-114.73090633632866,44.485135756939954],[-114.7312616265854,44.48616912699853],[-114.73120511677268,44.4872618271007],[-114.73149276693184,44.487830207124354],[-114.73130320724881,44.489780037314866],[-114.73190725758192,44.490966877363896],[-114.7317998677216,44.49185151745228],[-114.73232555799419,44.49278922748654],[-114.73180268826474,44.494840467717005],[-114.73184268835034,44.49526888775125],[-114.73227046857663,44.49605611778121],[-114.73311452892644,44.49707666779315],[-114.73352909918279,44.49804367784029],[-114.7335818593069,44.49867040789089],[-114.73392816950152,44.49937048792071],[-114.73582503018534,44.501100607897584],[-114.73976353134951,44.50328521772462],[-114.74218529194611,44.50397229756015],[-114.74374971237017,44.504628897472664],[-114.74441926257991,44.50506523744902],[-114.745329982808,44.50534429738895],[-114.7471452132441,44.50579872726031],[-114.75057937394742,44.50598793695742],[-114.7527539043648,44.505954226752046],[-114.75382767462354,44.506227416676275],[-114.75471373498988,44.507293656688184],[-114.75647109553313,44.508399506622474],[-114.75663865561381,44.50866387663031],[-114.7567572357568,44.509323406677645],[-114.75708145591928,44.509869926695835],[-114.75750300605688,44.51017529668359],[-114.75879382636194,44.51047071658955],[-114.75953946669642,44.511511646612234],[-114.76044837702315,44.51233521660051],[-114.76148945736058,44.5130758365691],[-114.76404404810611,44.51444027645198],[-114.76524073848586,44.51524692641186],[-114.76679269887211,44.51570941630828],[-114.76882552942907,44.51659539619735],[-114.77026037988631,44.5175731961502],[-114.77095138016087,44.5183429061539],[-114.77165201039146,44.51886073613447],[-114.77420313101999,44.519585675960954],[-114.77540569123869,44.51950107584144],[-114.77566710138962,44.52005082586571],[-114.77678868178803,44.521040455848706],[-114.77752332201715,44.521513885822124],[-114.77887781237412,44.52202638574126],[-114.78064544273504,44.52211926558484],[-114.78121959283168,44.52203589552394],[-114.78493218394503,44.52418307536785],[-114.78587963417618,44.52444001530233],[-114.78653237436784,44.524794765272844],[-114.78746798466875,44.52544758524331],[-114.78827604500998,44.526458025257305],[-114.78919213532178,44.52719147523673],[-114.79000634564618,44.52810299524137],[-114.79076190604096,44.52946351529117],[-114.79173136644374,44.53063910530465],[-114.79287668680675,44.53140846526586],[-114.79534036752521,44.53272092515215],[-114.79560196763852,44.53306357515801],[-114.79808595919106,44.538931705444504],[-114.798457069386,44.53960505546932],[-114.79881357950418,44.539873005459704],[-114.80057472994744,44.540424585344226],[-114.80220684028954,44.54055953520393],[-114.80753303126073,44.540202774675905],[-114.80897558156204,44.54031597455137],[-114.81001462188753,44.540993104514214],[-114.81196416229739,44.54116100434725],[-114.8157615532364,44.542259994090095],[-114.81814555378385,44.54271968390834],[-114.82167883467123,44.54381793367566],[-114.82369160512717,44.5441714035191],[-114.8277444858103,44.54359586309039],[-114.83017737618587,44.54306144281644],[-114.83224562656567,44.542938672612706],[-114.833617386865,44.543117742500556],[-114.83517933710182,44.54275124232259],[-114.83720190744948,44.542501482111895],[-114.83982823794771,44.54243415186105],[-114.84202571839391,44.54253871166531],[-114.84345909873902,44.542903391563705],[-114.84479209902811,44.5430680914539],[-114.845182329139,44.54326001143438],[-114.84594390947764,44.54430518145539],[-114.84723511992273,44.54536933142871],[-114.84765213011273,44.54596686144245],[-114.84783947024998,44.54651955147364],[-114.8452641897652,44.54660603172151],[-114.84442417131905,44.55601594262853],[-114.84451479200506,44.55967722294241],[-114.84516542271248,44.562858423161686],[-114.84740132313176,44.56277455294564],[-114.84731623326374,44.56358768302512],[-114.84748015339972,44.56415794306003],[-114.84827707370458,44.56497869305787],[-114.84865249387502,44.56551242306976],[-114.84873928395716,44.56586965309312],[-114.84862081402584,44.56637157314832],[-114.84792311398152,44.56687157325744],[-114.84738038401066,44.567608563372964],[-114.84701290417648,44.568907013521574],[-114.84647575422562,44.56974763364564],[-114.84596413434815,44.57096234380029],[-114.84525554435308,44.571743173935154],[-114.84282671419827,44.57347983431476],[-114.84261709420531,44.57374145435736],[-114.8424388044448,44.57524152450602],[-114.84220887446268,44.57558377455755],[-114.84099982431852,44.576081154714245],[-114.83935592416881,44.577010764949556],[-114.83873341420606,44.5778767450839],[-114.83755869406208,44.578338675234214],[-114.83700513402493,44.57872431531983],[-114.83664720404707,44.57922617539747],[-114.83402482391317,44.581283075823315],[-114.83363954392499,44.58175740590107],[-114.83159543369156,44.582654886170936],[-114.83096310366595,44.5831875362769],[-114.83027191378262,44.58456080646228],[-114.82831170358968,44.58559035673596],[-114.82741769369584,44.58712179695421],[-114.8260452235723,44.5879059071514],[-114.8258782536018,44.58824482719681],[-114.82592958368447,44.588641917227],[-114.82543474371738,44.58934820733534],[-114.82419382356466,44.589833217493926],[-114.82373926354303,44.5901981575685],[-114.82347006358279,44.59070167763794],[-114.82311753355168,44.590906517688936],[-114.82133976330505,44.5914487779027],[-114.81872746313768,44.593311958310686],[-114.81741693298761,44.593885588483595],[-114.81682122296594,44.59440085858459],[-114.81365949266996,44.59614538903351],[-114.81229874261619,44.59729865926216],[-114.81052664249495,44.5985205595352],[-114.80946519253875,44.5998885697548],[-114.80893126249225,44.60020241983232],[-114.80799467236007,44.60047601994391],[-114.80670312226462,44.60132801013958],[-114.80636883225114,44.60160967019559],[-114.80625876230928,44.6020441802441],[-114.80625337236505,44.60235466027193],[-114.80662986253772,44.602897550284546],[-114.80707816264716,44.60301869025329],[-114.80793378277387,44.60280105015423],[-114.8097568829068,44.601589179877216],[-114.81142252313136,44.601044949673685],[-114.81214818311616,44.60019048953066],[-114.81378459322114,44.599024099275134],[-114.81502569323223,44.5977649890484],[-114.81758094351102,44.59657149870466],[-114.81951059361153,44.59506891839212],[-114.82011982370831,44.59495000832474],[-114.82093399378223,44.59448840820806],[-114.82226409399048,44.59421219805951],[-114.82374746409482,44.59320517783235],[-114.82931981462744,44.5901918370466],[-114.8304221945089,44.58837175678355],[-114.8313803245216,44.5874221766105],[-114.83212261462822,44.58721570652298],[-114.8341667751761,44.58803771640432],[-114.83626446577749,44.58909476630137],[-114.8371080460449,44.58965990627226],[-114.83871408647896,44.59032499618069],[-114.84042706705516,44.59165376613748],[-114.84254066780798,44.59352124610424],[-114.84339590814527,44.59445565610643],[-114.8443389284629,44.59518916608283],[-114.84406035850907,44.59573756615708],[-114.8442691886386,44.59622314618022],[-114.84487481883015,44.596626196159036],[-114.84684514929505,44.597072976014175],[-114.84660192951637,44.59854030616589],[-114.84683528968539,44.59921539620338],[-114.8478796600948,44.60034240620481],[-114.84898629040693,44.600871896147936],[-114.84848035037275,44.60122246622604],[-114.84794216041797,44.602040566348236],[-114.84784072053799,44.60280387642476],[-114.84803646062869,44.60309113643169],[-114.84864332078755,44.60331413639457],[-114.8491201808745,44.60328260634722],[-114.85224837134021,44.60250464598646],[-114.85256122143589,44.60269510597394],[-114.85255475146681,44.602870775989956],[-114.85243019145025,44.6029123860053],[-114.85072263115615,44.60311921618305],[-114.85046109121899,44.60373997626204],[-114.85097650156005,44.60505504632943],[-114.85049436173675,44.60653139650416],[-114.85039572186321,44.60732626658321],[-114.85055433215848,44.60876966669519],[-114.85087100236467,44.609558846734934],[-114.85115629247805,44.609874796735966],[-114.85242855282627,44.610425386665334],[-114.8528137029561,44.61072520665567],[-114.85295923304024,44.61102952666879],[-114.85241761310951,44.611982616803125],[-114.85160355307055,44.61263349693644],[-114.85108413317073,44.61373103708139],[-114.85063010318564,44.61429415717335],[-114.85052371323563,44.6146796172171],[-114.85088546341849,44.615293747237224],[-114.85171242363495,44.61559738718653],[-114.85356189395229,44.615366586993304],[-114.85572305419218,44.614382886704796],[-114.85619453433249,44.614648286684],[-114.8570559746861,44.6156637366926],[-114.85714685478085,44.616084056720986],[-114.85664414500155,44.61782111692054],[-114.85626007498004,44.618110996981876],[-114.8550888348259,44.61851212712665],[-114.85409761474776,44.619137187274234],[-114.85386553479512,44.619641467340244],[-114.85383089486665,44.62006843738094],[-114.85393054495074,44.6204214074026],[-114.8543000551048,44.62086947740735],[-114.85489270525424,44.621056157368336],[-114.85575423539998,44.620937297277315],[-114.85625548552389,44.62108174724312],[-114.85649308563451,44.62143280725166],[-114.85791658608458,44.62237777720147],[-114.85894669648327,44.623459397199994],[-114.85917473667124,44.624242387247385],[-114.8593121269362,44.62554132734853],[-114.85883775699757,44.626378677466384],[-114.85875164709205,44.62698472752759],[-114.85929967745983,44.62840840760127],[-114.85944705772026,44.62967151769826],[-114.85938201777266,44.63002589773547],[-114.8588286877722,44.6306096978385],[-114.85732677768482,44.631724848076836],[-114.85338320730921,44.633856408632916],[-114.85152260717147,44.63507726891415],[-114.85092675715018,44.63559270901515],[-114.85072397717865,44.63596249906656],[-114.85021647714261,44.63630403914404],[-114.84919375700959,44.63666288927124],[-114.84853792698466,44.637222199381675],[-114.84652003666122,44.637598279603544],[-114.84596731662953,44.638010969691514],[-114.84509743653004,44.63839066980623],[-114.84490980656805,44.63879673985943],[-114.84492412664446,44.63919762989327],[-114.8434872566121,44.640543390145815],[-114.84271705667032,44.64167666031738],[-114.84250138693926,44.64336956048607],[-114.841645356988,44.644541710669046],[-114.84004903693649,44.64595193094224],[-114.83844352696333,44.64779857125455],[-114.8382063169949,44.648221701313894],[-114.83776865712902,44.649415251459565],[-114.83776806723309,44.649982401509384],[-114.838023657574,44.65156717162451],[-114.83855533796385,44.65312567171143],[-114.83852377804367,44.65359320175538],[-114.83752983810326,44.65496977196924],[-114.83685965825016,44.656478502164305],[-114.83677241837603,44.657255562240636],[-114.83639803838463,44.65769859231454],[-114.83574376833111,44.65810031241108],[-114.8353799484064,44.65889463251482],[-114.83410803826943,44.6594961926867],[-114.83360848825656,44.65995484277371],[-114.83339261827999,44.66031085282515],[-114.83336977835324,44.66073353286435],[-114.83350581847867,44.66127176289884],[-114.83391204863447,44.661689082897404],[-114.83476482889114,44.66218238286076],[-114.83564666909567,44.662361152793856],[-114.83624199928889,44.66278204277501],[-114.8360589294099,44.66363381286684],[-114.83634185955123,44.66410280288148],[-114.83723448982161,44.66462835284396],[-114.83821985015831,44.665416722820744],[-114.83903042035861,44.66564812276511],[-114.83960642067146,44.66673931280683],[-114.84051471091843,44.66712109275521],[-114.8407362710161,44.667417862760445],[-114.84060100110527,44.66804548282812],[-114.84086503132896,44.66898223288555],[-114.84129964149872,44.66944507288535],[-114.84220096172444,44.66971867282491],[-114.84272481202035,44.6707728628682],[-114.84273795205941,44.670971162884385],[-114.84236366202636,44.671187472938385],[-114.84134604183471,44.67122197303681],[-114.84032002151882,44.67059040307757],[-114.83970906138376,44.67050232312709],[-114.83874815124015,44.67073818323776],[-114.83809408117564,44.67107941332896],[-114.83785143118969,44.67141242338091],[-114.83788216131668,44.67207019343566],[-114.83745417137688,44.672849803544096],[-114.83745520144994,44.67324593357874],[-114.83766163157289,44.67369546359882],[-114.83785904163737,44.673836983592714],[-114.83868800182091,44.6739579635256],[-114.83945315195677,44.67388691344771],[-114.84046382208817,44.67353243332194],[-114.84304468247953,44.67292980302728],[-114.8448108426021,44.67172853275651],[-114.84520640248083,44.67065120262503],[-114.84507358236675,44.670171562595456],[-114.84386628186259,44.66870838258031],[-114.84290996154316,44.66798362260643],[-114.84288231145986,44.667559992571874],[-114.84316478142388,44.66706568250206],[-114.84302847129916,44.66653196246809],[-114.84116699067133,44.66508790251584],[-114.84046495037255,44.66420588250428],[-114.8389414999408,44.66347037258253],[-114.83857998977894,44.66297289257272],[-114.83860821968767,44.662446782523986],[-114.83801300938855,44.6614497424923],[-114.83747036921403,44.66107487251022],[-114.83606528889096,44.66080518261819],[-114.83588876882129,44.66061278261783],[-114.83604724880134,44.66033676257879],[-114.83761735894846,44.65947521235619],[-114.83820656894855,44.65885169224631],[-114.83893233889613,44.65779863208598],[-114.84001343860554,44.65507332174575],[-114.84106558854583,44.653634821521074],[-114.84122862846895,44.65304373145395],[-114.84113429836337,44.65256932142115],[-114.84039408795051,44.65110592136208],[-114.84027348783728,44.65061751133055],[-114.84034824763786,44.64945310122139],[-114.84082131753803,44.64840875108544],[-114.84188950752629,44.647213600880654],[-114.84326617762362,44.64628535067032],[-114.84357184762129,44.64594902061217],[-114.8440090875549,44.64512455049891],[-114.84461624753871,44.644393300377914],[-114.84503992732581,44.642785350197194],[-114.84541531725297,44.641991210092385],[-114.84590703720814,44.64122626997924],[-114.84768886721464,44.63937383964995],[-114.84939613745509,44.63887484944639],[-114.85042877754874,44.638291129298516],[-114.85092561762394,44.63817443924175],[-114.85192548772514,44.637666609103604],[-114.85332520775344,44.63633804885607],[-114.8546914478553,44.635445468649905],[-114.85664876804967,44.63443088837771],[-114.85783525814401,44.63368793820148],[-114.85829796815457,44.63325548812023],[-114.86143600844838,44.63153179767534],[-114.86206005837687,44.630481187524786],[-114.86123471764364,44.62735985732819],[-114.861704217393,44.62549611712076],[-114.86179398724147,44.62457503703151],[-114.8613728268667,44.62297820693084],[-114.86100247667697,44.62233658690916],[-114.85969707619499,44.62109228692209],[-114.85800754562129,44.619755236962774],[-114.8587413255973,44.61884623681436],[-114.85929797550276,44.617740356665216],[-114.85952453530079,44.61639872652625],[-114.85925881493215,44.61466975639933],[-114.85870436468633,44.61391664638507],[-114.85781781443333,44.61347690642937],[-114.85681889409052,44.61266593645156],[-114.85559891378972,44.612318946535204],[-114.8548467236549,44.61238133661101],[-114.85470652358839,44.612167146605316],[-114.85561954353805,44.610923936410785],[-114.8557291135119,44.6106649163778],[-114.8556714034469,44.610371246357374],[-114.85340697270435,44.60872175642428],[-114.85315609258708,44.60834793641485],[-114.85320635256238,44.60815982639369],[-114.8541937026621,44.60765623625714],[-114.85465331266316,44.60717422617179],[-114.85485607249707,44.60605271605438],[-114.85597773247167,44.604723395832735],[-114.85606996239507,44.60420747577878],[-114.85597819229693,44.60376912574883],[-114.85568308215613,44.6033134657364],[-114.85477677184572,44.602580735756774],[-114.85437377166048,44.60199699574321],[-114.85345400134412,44.60124600576318],[-114.85340413130045,44.601060515751556],[-114.85506762141526,44.59992143549596],[-114.85518099140224,44.59973001546858],[-114.85508368132282,44.59939958544863],[-114.85446249105236,44.598582195434865],[-114.85413681095991,44.598423025451304],[-114.85335871081669,44.598466925527916],[-114.85015271035375,44.59934288590452],[-114.84944067019636,44.59923944596203],[-114.8492430601342,44.5991096959691],[-114.84892829982958,44.59778038588167],[-114.84907587963798,44.5965768257621],[-114.84897533948048,44.59582321570526],[-114.84928017951196,44.595671405663445],[-114.84944181946814,44.59526033561222],[-114.84944567934035,44.59455820555011],[-114.84924048922069,44.59412221553101],[-114.84893049913956,44.59400834554994],[-114.84757845889999,44.59413591568753],[-114.84661235868826,44.59400517576629],[-114.84579939847713,44.59371526581678],[-114.84527374831458,44.5933857558369],[-114.84208492713248,44.59031418586482],[-114.84104021679225,44.58956522589655],[-114.83967866638443,44.588783265954994],[-114.83565290526727,44.58695603617036],[-114.83420228483936,44.58615881623577],[-114.83357205461003,44.58557519624324],[-114.83530427477805,44.58465180600024],[-114.83690370484273,44.58330470573229],[-114.83814827497298,44.582693595562326],[-114.83955187498243,44.58125273530447],[-114.84070491508389,44.58058133513773],[-114.84096528505394,44.58014063507464],[-114.84146297485447,44.57852057488564],[-114.84376736502163,44.576984144535224],[-114.8445728150025,44.576022564375435],[-114.84495721488516,44.57497201424712],[-114.84679276484935,44.57282350388672],[-114.84811968459775,44.570035203517484],[-114.84946523443624,44.56771986318813],[-114.85041113437917,44.566400782983735],[-114.85024046408388,44.564966152873474],[-114.84936138378008,44.56423839289149],[-114.84935933370407,44.56382423285525],[-114.84959949364882,44.563266092783685],[-114.84986209369339,44.56323052275603],[-114.85092835406539,44.56413285273592],[-114.85135459424757,44.56467653274394],[-114.85145906431178,44.5649170627554],[-114.85141549456631,44.566356662886086],[-114.85196983484863,44.56731236291844],[-114.85229595508258,44.56824577297014],[-114.85406355569492,44.56971688293446],[-114.85586412646154,44.571996852966905],[-114.85573947647393,44.572197062996146],[-114.85431057621679,44.57230977313949],[-114.85344819610216,44.57259965324555],[-114.85326905609305,44.57274033327461],[-114.85322153616345,44.57317606331736],[-114.85357353636796,44.57392089335003],[-114.85512439677841,44.57451719325763],[-114.85525809720806,44.57672534343933],[-114.85539740734093,44.57730412347722],[-114.85596136768788,44.57860208353867],[-114.85658035798733,44.57958148356697],[-114.85953929901132,44.58203617350634],[-114.86095665968604,44.58421885356582],[-114.86391416063653,44.58627278346998],[-114.86527293103539,44.58700939340774],[-114.86781520173082,44.58811019326693],[-114.86950885231613,44.58951019323163],[-114.87184943321473,44.59193501322586],[-114.87272020359786,44.59310357324711],[-114.87334609381807,44.593642273235965],[-114.87937209584554,44.59832077308339],[-114.88037416609392,44.598613953015466],[-114.87836643707654,44.60610733386082],[-114.88200699854117,44.61023956388294],[-114.89187496049416,44.610435652977124],[-114.88808795894545,44.60599943294223],[-114.89113899823141,44.59886726203122],[-114.8913715981875,44.59838091196677],[-114.89290260836466,44.59772497176608],[-114.89348180840742,44.59734405167851],[-114.89666097856686,44.5948433711619],[-114.8989257488128,44.59378478085728],[-114.90180600904874,44.59201921043309],[-114.90324837910536,44.59079884019118],[-114.9039880990669,44.589804120034785],[-114.90488226918367,44.58949389992395],[-114.90512041919202,44.58928670988354],[-114.90538113916189,44.58884585982047],[-114.90564424900374,44.58770284969565],[-114.90547960876363,44.58656550961124],[-114.90470910819542,44.58427821948255],[-114.90382841792264,44.58372189951604],[-114.90271107771846,44.58379140962658],[-114.90190781759836,44.58398764971885],[-114.90086587750108,44.5845612798666],[-114.90045051749073,44.58494525993909],[-114.90012644743824,44.58500231997442],[-114.89998974734614,44.58464419995578],[-114.90006468718795,44.583700309865904],[-114.90123402713397,44.58216434962186],[-114.90182104706129,44.58114433947743],[-114.9021710369509,44.58016947935918],[-114.90252353698429,44.579977899309455],[-114.90372876717456,44.57973894917586],[-114.90482059727077,44.57910629901833],[-114.90512177732695,44.57909381898906],[-114.90584190753998,44.579494138956896],[-114.9063929876389,44.57945022890155],[-114.90747340780696,44.57922245878054],[-114.90877373796414,44.578701608613336],[-114.90904571793465,44.57825195854846],[-114.90894688785338,44.57791254852793],[-114.9086176077142,44.57750140852263],[-114.90775375742346,44.576828388544264],[-114.90769005737467,44.576629168532726],[-114.90787127738903,44.57651547850583],[-114.91063181772499,44.575422658152],[-114.91129521784279,44.57536276808476],[-114.9117186779453,44.57547404805495],[-114.91240648816834,44.5759637580336],[-114.91339736865959,44.57759783808443],[-114.91466346895649,44.57787753799066],[-114.91571530928105,44.57853591795014],[-114.91665270944388,44.57843148785335],[-114.91709760947323,44.578120007784456],[-114.91732677942048,44.5775885377164],[-114.91781097946173,44.57730027764588],[-114.91843852961114,44.57745125760049],[-114.91892235978733,44.577901197594706],[-114.91947873993665,44.57812739756258],[-114.92049400011892,44.57804685746063],[-114.92195040018325,44.5768535172198],[-114.9222779700766,44.575923207107586],[-114.92270766002723,44.57519730700378],[-114.92338243004019,44.57455238688416],[-114.92428539993182,44.57300234666381],[-114.92521722959962,44.57019694633065],[-114.92529418941314,44.56909552622683],[-114.925421399407,44.56892678620014],[-114.9273130398823,44.56951929607538],[-114.92790832000878,44.56957960602503],[-114.92875450014448,44.56942390593232],[-114.92937047019278,44.56903446584061],[-114.93031707004128,44.56720157559138],[-114.93136063010232,44.56642825542603],[-114.93206254019474,44.5661888853395],[-114.93239589037901,44.566843115365685],[-114.93455191100757,44.5679939452652],[-114.93571833142533,44.56904133524808],[-114.93617902177385,44.57045857532935],[-114.93622134206784,44.572021295462406],[-114.93636863222207,44.57270815550882],[-114.9372327026148,44.573939125536],[-114.93875430307305,44.574830845472],[-114.94135286379316,44.57601204533268],[-114.94167500390773,44.57629693532754],[-114.94276095443489,44.57802699537766],[-114.94325124462881,44.57856698537915],[-114.94492275507871,44.57925426528315],[-114.94596954545483,44.58020036526816],[-114.94628044554011,44.58033648525099],[-114.94711007573007,44.58049543518737],[-114.94764818579168,44.580262045116605],[-114.94829709579773,44.57960751499864],[-114.94831457564464,44.57875257492209],[-114.94807787550323,44.578230674898464],[-114.94756106533544,44.577861284914405],[-114.94664678510242,44.5775567649732],[-114.94612313487892,44.576890154963735],[-114.94551395471508,44.5766406349988],[-114.9446865145305,44.57650871506458],[-114.94289085382303,44.57454531506037],[-114.93924420279177,44.57277358524584],[-114.93862558242687,44.571434535186235],[-114.9382068017919,44.568406584959874],[-114.937830281586,44.56767958493132],[-114.93733333140564,44.56722047493748],[-114.93496592070983,44.56592632504519],[-114.93449800051143,44.5653371950372],[-114.93449574046981,44.565112085017695],[-114.93494271040245,44.56426942490201],[-114.93543812020403,44.562657904714335],[-114.93551253007797,44.56188952464003],[-114.93597072004414,44.561218104538334],[-114.9365222597696,44.559130454303656],[-114.93910102975349,44.556305173814884],[-114.94123446963721,44.553404283361154],[-114.94243493971277,44.552543653173544],[-114.9435610698773,44.55224885304251],[-114.94571596009743,44.551166782746336],[-114.94699734030323,44.55093325260618],[-114.94876191054912,44.55040679239521],[-114.94928129059232,44.550092022319085],[-114.95007849058675,44.54921506216769],[-114.95125026068209,44.54849337199498],[-114.95330375074488,44.5466576316422],[-114.95712312122562,44.54523607116082],[-114.95753375119062,44.54460872106744],[-114.95771982094949,44.543090600916955],[-114.95868034084053,44.5414737806854],[-114.95886244072196,44.540630790594484],[-114.95906340072621,44.54044082055904],[-114.96032452087609,44.53992319039591],[-114.9611877507915,44.53854318019422],[-114.96221197080109,44.53750815000783],[-114.9631916908824,44.53691343986416],[-114.96368915089498,44.53645416977748],[-114.96390355076967,44.53553971967721],[-114.96473461079704,44.53480730953542],[-114.96516034077169,44.534216209443805],[-114.96548117071494,44.53356472935673],[-114.9655230705984,44.53288126929285],[-114.9654044504592,44.53224446924807],[-114.96459961003626,44.53078069919473],[-114.96328481956131,44.52957340921154],[-114.96304203943875,44.52915945919787],[-114.96342458925632,44.52775284903874],[-114.96343786909067,44.52683030895653],[-114.96452720905077,44.525454308734126],[-114.96471846899243,44.52493105867033],[-114.96471147887124,44.524273738613324],[-114.96442147861221,44.52316123854273],[-114.9640150283885,44.52236625851091],[-114.96267309793626,44.52131151854352],[-114.96267385790357,44.52113145852765],[-114.96448297814594,44.5205380483068],[-114.96598609825082,44.51951600807684],[-114.96843878858704,44.518753917781076],[-114.96878801861313,44.518526057728494],[-114.96947584856647,44.517538987577694],[-114.9705863487565,44.51740117746198],[-114.97211703893979,44.516780167264685],[-114.9727861589419,44.5160808271409],[-114.97356564888953,44.5149648169702],[-114.97410066867333,44.51320977676627],[-114.97583820861034,44.511016906411726],[-114.97740583832777,44.50779919598308],[-114.97847927831114,44.50656681577475],[-114.9792175084198,44.506378265689385],[-114.97976242840424,44.50571371558022],[-114.98064567850152,44.505308745462266],[-114.98204982876155,44.50524353532558],[-114.98311032890959,44.504929155199115],[-114.98347872899113,44.50498517516966],[-114.98350063908724,44.5054897152119],[-114.98378831930536,44.506381565263304],[-114.98461589952569,44.506711265215046],[-114.9854853596815,44.50664260512791],[-114.9856867198539,44.50737516517343],[-114.9862830401256,44.50823288519307],[-114.98688699031109,44.50860911516977],[-114.987628460474,44.508715515109934],[-114.98818408055726,44.5085820350464],[-114.98857889058057,44.508290524983984],[-114.98875618054156,44.50788779493209],[-114.98865687044487,44.50746258490405],[-114.98907559043944,44.50698792482333],[-114.99147624086598,44.506778084581015],[-114.99364044132052,44.50697367439627],[-114.99604389178687,44.50697985417263],[-114.99731561206906,44.507177704071346],[-114.9978303321326,44.50697966400597],[-114.99954551220767,44.50556928372223],[-115.00090940218409,44.503990673456585],[-115.00174113224928,44.50346506333289],[-115.00403789247892,44.502285343015174],[-115.00588786280748,44.50212410282847],[-115.00744006301849,44.50163353264066],[-115.00817256306914,44.50113315252844],[-115.00909919323739,44.50107278243675],[-115.01025383338663,44.5006652722933],[-115.0120479434894,44.4993235920083],[-115.0126502034875,44.49867345189511],[-115.01379013370784,44.49867218178863],[-115.01458031396795,44.499261561766616],[-115.01616573432936,44.49956173164505],[-115.01795165484113,44.500475001558534],[-115.0210934356088,44.50135323134245],[-115.02250381598361,44.50191332125995],[-115.02317077611552,44.50192936119917],[-115.02364461617287,44.50174129113845],[-115.02400682613758,44.50116255105396],[-115.02389246604542,44.500777961030906],[-115.02216378546457,44.499424631073516],[-115.02134661527441,44.499248431134305],[-115.0201870650752,44.499385891254526],[-115.01926056484302,44.49909524131546],[-115.0165993940748,44.49770316144167],[-115.01603317389876,44.49733772146245],[-115.01589976378725,44.496867261433614],[-115.01554549364546,44.49646498143138],[-115.01448473336156,44.4960324214924],[-115.01346017318139,44.49613164159663],[-115.01245493312473,44.496888391756755],[-115.01057175285733,44.49742082197909],[-115.00998286284889,44.49800024208485],[-115.00966066289948,44.49862032216925],[-115.00830316267347,44.49882172231351],[-115.00857460254407,44.49782265220059],[-115.00870791232363,44.49647006206951],[-115.00859045215549,44.49567128201044],[-115.00873326179357,44.49353111180937],[-115.00857892168948,44.49312330178796],[-115.00849901149596,44.4921451117096],[-115.00769770101483,44.49035310162713],[-115.00763150086013,44.489573211564874],[-115.00795318077432,44.488759571463504],[-115.00858478073879,44.48789281132856],[-115.0117966808077,44.48485633076269],[-115.01169957066504,44.48417493071193],[-115.01108250024319,44.482512180623566],[-115.0111601202298,44.4823559906026],[-115.01423134059779,44.481113030207275],[-115.01545280070692,44.48041404003203],[-115.01828049091654,44.478559049605714],[-115.01954310094285,44.477361079382895],[-115.02053624083608,44.47571727914609],[-115.02137752066263,44.473868288905436],[-115.02191066064547,44.4732068187977],[-115.02230277042962,44.47160211862036],[-115.02281012040658,44.47093568851457],[-115.02459644048842,44.469485648220854],[-115.02548967049712,44.468582808058414],[-115.02608414042328,44.467544257911904],[-115.02717977047254,44.466649407731275],[-115.02878950045431,44.46483613742215],[-115.03081003057075,44.46332701710147],[-115.03146292046347,44.46204186692787],[-115.0322198104511,44.461168136780636],[-115.0344096705501,44.459382786419965],[-115.03652859035073,44.45602968592827],[-115.03744820033431,44.4549606557488],[-115.03958491048343,44.453507395422236],[-115.04147187071993,44.452801535184534],[-115.04220581078086,44.45235591507708],[-115.04320453091955,44.45205699495777],[-115.04423810096232,44.451192424785674],[-115.04576921095409,44.44951710449604],[-115.04647729090514,44.448493894340324],[-115.04733827072454,44.44658202409234],[-115.04800861066826,44.44555816394002],[-115.0484303005705,44.44457055381409],[-115.05051806094353,44.444403653605015],[-115.05164540108719,44.44399525346422],[-115.05357928119398,44.44252476315506],[-115.05443445119681,44.441630042996955],[-115.05554366125526,44.44077116281827],[-115.05720766145768,44.44011527260577],[-115.05851228154137,44.43918765240292],[-115.05927687168236,44.439151132328476],[-115.06185785232597,44.43995119215837],[-115.06379336276694,44.44032163201061],[-115.06779584382001,44.441865871773324],[-115.07111986464281,44.442862841551204],[-115.07445135561727,44.44468810140099],[-115.07544497597391,44.44559612138804],[-115.07653985632022,44.446339291351165],[-115.079442206976,44.44686528112694],[-115.08299791769365,44.4470375508108],[-115.08677014836294,44.44671368043094],[-115.08773949848842,44.44637430031095],[-115.08894966853522,44.44534573010806],[-115.0895607785892,44.444993270020255],[-115.09164275897938,44.444929069820674],[-115.09359056929006,44.444569979607735],[-115.09463562949813,44.444605419513465],[-115.09706079993259,44.44442077927136],[-115.09831258025882,44.444887269195604],[-115.09859098035014,44.44509446918781],[-115.09798734036339,44.44580913930668],[-115.09739825048256,44.447091229473834],[-115.09729591065293,44.44813834957509],[-115.09748303081544,44.448834679618685],[-115.09794221105096,44.44964356964673],[-115.09794014117644,44.4503367497076],[-115.09763333123405,44.45097983979256],[-115.09671295121306,44.45184227995386],[-115.09661649123748,44.45207923998359],[-115.09657134130552,44.452501620024755],[-115.096836971589,44.45377994011198],[-115.09596133188839,44.45635814041933],[-115.0962553120891,44.45715078046136],[-115.09740584255512,44.458493360471664],[-115.09772751296254,44.46039380060804],[-115.09818077318225,44.46112156062953],[-115.09867913352784,44.462493780703184],[-115.09935459387951,44.46371139074676],[-115.09815998371245,44.464060620888745],[-115.09767882374007,44.46472331099163],[-115.09692984416367,44.46784829133497],[-115.09592124435397,44.46996513161425],[-115.09477561465089,44.47281340197038],[-115.09433522462922,44.47316166204187],[-115.09321797445197,44.47337259216456],[-115.09274255439968,44.4735897222279],[-115.09237534441773,44.47407874230493],[-115.09229118467394,44.47557629244383],[-115.09209206473804,44.47614013251172],[-115.0910578747269,44.47717617269889],[-115.09013595463703,44.47766042282724],[-115.08912217474787,44.479344983069204],[-115.0888619649696,44.48083958322426],[-115.08846801494724,44.48113458328682],[-115.08787875487185,44.481345283360184],[-115.08696006488665,44.4824012235383],[-115.08621997484718,44.48296950365703],[-115.08603617488976,44.48339855371177],[-115.0860748749662,44.4837773237413],[-115.08675385539102,44.485391183819125],[-115.08670975569379,44.48710095397282],[-115.08689785592574,44.488175434049275],[-115.08679186598776,44.48862829409883],[-115.08602285606396,44.48986228427854],[-115.08527382603259,44.49048442440281],[-115.08336551580257,44.491244664647404],[-115.0822385456971,44.4918604348064],[-115.08158230569623,44.49255163492812],[-115.07865274539536,44.494005845328715],[-115.07589582485443,44.493959445581865],[-115.07419977459872,44.49435398577466],[-115.07172456435816,44.49565813611976],[-115.07063726433093,44.49666158630902],[-115.07036966436775,44.497147716376524],[-115.06993864450702,44.498369296523656],[-115.06934114499913,44.50170371687115],[-115.06908607503848,44.5021900569375],[-115.06941110535988,44.503608987031306],[-115.06879135542775,44.50463832717921],[-115.06844123569539,44.506477967372845],[-115.06848891586226,44.507343037444045],[-115.06659867631193,44.51181243801145],[-115.06687669650194,44.51255986805092],[-115.06698565674166,44.513759078145604],[-115.06727206692184,44.514443628178746],[-115.0667999071099,44.515975108356756],[-115.06686498729265,44.51690798843224],[-115.06612771742547,44.518416968633026],[-115.06571745772192,44.52047614885141],[-115.0658270679972,44.52186892896295],[-115.06629127838077,44.523479279060396],[-115.06583395851115,44.52467789920789],[-115.0649335786482,44.52638216944097],[-115.06465688892746,44.52820502962618],[-115.0641301490278,44.529312439772205],[-115.06402343912276,44.52994532983745],[-115.06341443922263,44.53113686999855],[-115.06344817935089,44.531803640053624],[-115.0632188096297,44.533573280229746],[-115.06363359983855,44.534278030252594],[-115.0636516798898,44.534539410273744],[-115.06349496997741,44.535184950344785],[-115.06318407002654,44.5357828604261],[-115.06331843014003,44.536262280455475],[-115.0629404401341,44.536629480522855],[-115.06260514007892,44.53668231055882],[-115.0592432594269,44.536670250871886],[-115.05871846946859,44.53745357098936],[-115.05856313949226,44.53774802102964],[-115.05853793965181,44.538647871110626],[-115.05788907974143,44.53982519127417],[-115.05791355987539,44.5405323213337],[-115.05771304000459,44.54145169143274],[-115.05764297020302,44.5426118415407],[-115.05748392025072,44.5430412715931],[-115.0575328107868,44.54592296184031],[-115.05593119030272,44.544968431906604],[-115.05205180924945,44.54330886212411],[-115.05041293876053,44.54236713219499],[-115.04944719851571,44.54204905225743],[-115.04748152806452,44.54165986240707],[-115.04422745741851,44.54156818270315],[-115.04115024694042,44.54220865304665],[-115.03746893628025,44.54249206341542],[-115.03506407598022,44.54339600371919],[-115.03394735574018,44.543264253812026],[-115.03329131564244,44.543424013887275],[-115.03173828532896,44.54335224402613],[-115.02992722501646,44.54355959421348],[-115.02945099496395,44.54377644427695],[-115.02916800499307,44.544235204343536],[-115.0288588549764,44.544471534393104],[-115.0275880147585,44.54462459452526],[-115.0254152644953,44.54548477480348],[-115.02472202445935,44.54602195491528],[-115.02267077416451,44.54658064515582],[-115.0201399337408,44.54694191542388],[-115.01867355354047,44.54739813560083],[-115.01792311357629,44.54838891575762],[-115.01784479361847,44.54870264579242],[-115.017992724007,44.55067230595092],[-115.01775219412423,44.551568396051806],[-115.01813195466957,44.55414974624215],[-115.0180875348789,44.55534183635056],[-115.01854132516732,44.55643902640411],[-115.01929531541028,44.55696975638008],[-115.01893462545206,44.55758018646718],[-115.01863727544051,44.557831606516956],[-115.01810043528222,44.55753420654108],[-115.01720856508126,44.55737918661094],[-115.01680086501824,44.557466146656616],[-115.01630289499661,44.557874656738896],[-115.01585572509298,44.55887518686822],[-115.01523469506222,44.559364046969044],[-115.01501513523961,44.560566587094755],[-115.01460903533211,44.56150226721456],[-115.01469909548737,44.56225554727199],[-115.01404149572191,44.56423370750648],[-115.01418393582567,44.5646503075296],[-115.0145511759704,44.56505280753046],[-115.01397259592653,44.56542535761716],[-115.01257180571352,44.56574309777592],[-115.01201678567021,44.56609353785844],[-115.01190162567885,44.566262587884005],[-115.01199992579123,44.566772947919404],[-115.01191774589121,44.56740620798251],[-115.01164517598336,44.56819819807722],[-115.00995133577355,44.56884389829209],[-115.00904494583249,44.57012447848883],[-115.00854511601416,44.571646218668626],[-115.00867271617764,44.572404658723045],[-115.00911738640774,44.57319113875022],[-115.00872397649098,44.574062038863175],[-115.00878387656124,44.57438267888558],[-115.0093400967762,44.57496854888479],[-115.01015428698747,44.57526181883428],[-115.01022885703266,44.575429658841976],[-115.01001215721995,44.5766817589717],[-115.00970478728058,44.577338089057854],[-115.00975688736172,44.577726119086925],[-115.01014216755704,44.5783855191085],[-115.00969838763042,44.5792555392261],[-115.01011045783517,44.579937919247186],[-115.01028748800519,44.580679219295384],[-115.0098704580204,44.58120310938021],[-115.00969690812802,44.58197430946389],[-115.0093471281375,44.58239583953343],[-115.00780408792284,44.58285507971793],[-115.00713777789642,44.58341511982918],[-115.0070998782905,44.585606600024306],[-115.00772639870414,44.58720199010509],[-115.00794738900163,44.588592250205906],[-115.0075576690948,44.58951272032286],[-115.00748367921966,44.59027215039609],[-115.00629016923219,44.59160172062396],[-115.00572488936267,44.592910730791225],[-115.00466842926188,44.593477450939666],[-115.00396700934,44.594644541107265],[-115.00320327933895,44.59544592124873],[-115.00231298927844,44.59605604138541],[-115.00151028913274,44.59610951146521],[-115.00031155898384,44.59656371161708],[-114.99914059896292,44.59768653182475],[-114.99921113902877,44.597971351843086],[-114.99954021916454,44.59836423184661],[-115.00030625933931,44.59850818178748],[-115.00904029113804,44.59909289102107],[-115.00982130162438,44.60092053110758],[-115.01040279187505,44.601673381118914],[-115.0109806321828,44.60274125115808],[-115.01099371232242,44.60348869122212],[-115.0174286039911,44.60579271082081],[-115.01729505401438,44.606060470856676],[-115.01731710414177,44.6067315409132],[-115.01787393445781,44.607866530960166],[-115.01849229501481,44.61024945111024],[-115.01881921520969,44.61096632114216],[-115.01939169547026,44.611781981159716],[-115.01935639583677,44.613815961340556],[-115.02036612638376,44.615730471413016],[-115.02154105675382,44.6165070413707],[-115.0228701270914,44.61694418128437],[-115.02461743748486,44.617244491146884],[-115.02601204791134,44.61809684109058],[-115.03000040943272,44.6221763610727],[-115.03247858029988,44.62428517102433],[-115.03408135081449,44.62539758097114],[-115.03456695106138,44.62622967099813],[-115.0346968211945,44.62681707103717],[-115.0349286312856,44.62706863103737],[-115.03564161147548,44.62735098099519],[-115.03736018182016,44.62741653083982],[-115.03987406218803,44.62677101054798],[-115.04090367227647,44.626167500398864],[-115.04143897236104,44.62606414033966],[-115.04192333246874,44.6261399703009],[-115.04447371313908,44.62710193014567],[-115.0458513334166,44.62716152002178],[-115.04925767418241,44.62774189975303],[-115.05267937485851,44.62781829943897],[-115.05360405508247,44.62806362937365],[-115.05556104550114,44.628281509209216],[-115.05582655562203,44.628659639217254],[-115.05706046559155,44.627195208974044],[-115.05886613591592,44.627059368792935],[-115.06018101604528,44.62637948861045],[-115.0626307464656,44.62608798835545],[-115.06308704652714,44.62594268830003],[-115.06429228661344,44.62514388811751],[-115.06607380687007,44.62466541790885],[-115.06802604724378,44.62464444772405],[-115.07131650797888,44.625181697462345],[-115.07343142838198,44.62514987726129],[-115.07449321856247,44.625014737150025],[-115.0754966186752,44.624572517017484],[-115.07657233889483,44.62463564692216],[-115.07696818895188,44.62452977687579],[-115.07793001901587,44.62386627672792],[-115.078254159068,44.62380871669251],[-115.080310899472,44.62384330650268],[-115.08257184995414,44.62408833631209],[-115.08547245048575,44.623929936026336],[-115.08614187058578,44.62377010594969],[-115.08958221095193,44.622144225485705],[-115.09192100102564,44.62008571508739],[-115.09290783093071,44.61853124485961],[-115.09541137107402,44.61667797446374],[-115.09601186104716,44.615900254339756],[-115.09676981106446,44.61519718420756],[-115.09726284100084,44.61433214408609],[-115.1017805913625,44.611548993420556],[-115.10287257149665,44.61113051328179],[-115.10544631193392,44.61080412301219],[-115.10868700243421,44.61011962264888],[-115.11015490273293,44.61020243251854],[-115.1102782727183,44.60999291248876],[-115.10987724254784,44.60948663248228],[-115.10977619246273,44.60912935246068],[-115.10981875241734,44.60883747243128],[-115.11036043235825,44.60794618230302],[-115.11126513245891,44.60754252218311],[-115.11237985262385,44.607268362054796],[-115.11330946271988,44.60681363192813],[-115.11590000291149,44.605132391539144],[-115.116237912905,44.6047418514735],[-115.11720420278792,44.60308780123907],[-115.11766653267118,44.601965591098136],[-115.11778882261754,44.60154448105006],[-115.11751892232246,44.60022115096025],[-115.11805645218665,44.59891562079637],[-115.11866202211125,44.597867790648486],[-115.12076143227513,44.59655196033731],[-115.12314475267473,44.59622204008531],[-115.12880965378804,44.59632848956383],[-115.12982811394718,44.59612459945067],[-115.1302169040821,44.596450559442566],[-115.13089977438449,44.59738000945941],[-115.13442624548483,44.59966580932765],[-115.1357773560455,44.60129933934301],[-115.13621531618841,44.60161707932961],[-115.13758777658141,44.602314659261616],[-115.13925978699012,44.602783039145635],[-115.13963743712864,44.603140299141266],[-115.13989462728894,44.6037431591695],[-115.14151015770402,44.60430510906694],[-115.14346405840854,44.60608789903866],[-115.14411298861592,44.60653506901671],[-115.14551443895752,44.60692243891897],[-115.14713497941813,44.60772746883698],[-115.14881160997079,44.608974508788094],[-115.15014161063503,44.61119269885604],[-115.14993258070572,44.61179698892813],[-115.14907418066653,44.61248528906836],[-115.14877152076856,44.61335813917254],[-115.14879748106985,44.614970019310036],[-115.1492891214558,44.61655344940141],[-115.14931189151982,44.61687790942745],[-115.14913689155503,44.617253179476435],[-115.14908413189555,44.61916087964702],[-115.1493626221794,44.62041224972954],[-115.14959921228284,44.620726679734645],[-115.15300465327051,44.62252379957119],[-115.15428906367707,44.62338630952554],[-115.15592294427205,44.624907129504244],[-115.1569071545618,44.625449669458945],[-115.15744550459107,44.62504422937332],[-115.15780392464224,44.624946489331215],[-115.15897021491625,44.62521285924486],[-115.1651355661091,44.62523104866799],[-115.16568923618034,44.625037388599274],[-115.16654165623466,44.62443888846736],[-115.16746670632973,44.623985598341264],[-115.16967061639374,44.62202236796423],[-115.17032605645583,44.6216727578724],[-115.17054966645823,44.621451277832236],[-115.17074707635534,44.62068471774723],[-115.1710736263514,44.620320837685036],[-115.17206018645268,44.61983698755055],[-115.17296986660183,44.619693997452764],[-115.17372949669182,44.619386547354885],[-115.17493511671931,44.61827149714505],[-115.17527637669173,44.61776379706901],[-115.1752883664342,44.61635057694534],[-115.1755488063106,44.61540496683887],[-115.17625613629014,44.61455200669855],[-115.17758656633876,44.613420906475646],[-115.1781464462349,44.61226850632316],[-115.18035332624497,44.610008015920144],[-115.18076469618401,44.609244845815326],[-115.18105755590503,44.60741942562954],[-115.18093914566394,44.60623173553762],[-115.18102833555483,44.60554445546962],[-115.18075423531681,44.604536295407875],[-115.18114170493284,44.60203973515494],[-115.18173658489299,44.601198465026144],[-115.18184438483556,44.60077255497911],[-115.18195950469932,44.59991013489349],[-115.18169034444247,44.59879402482184],[-115.18176133434889,44.59820997476452],[-115.18132944416102,44.59764043475556],[-115.18071248394686,44.597121964768434],[-115.17974144372295,44.59692193484213],[-115.17793027315605,44.59573622490898],[-115.17512483253003,44.59527281513171],[-115.17195194189154,44.59512754541647],[-115.16947493123226,44.59413809556276],[-115.1690108810521,44.59364451556338],[-115.16811263044998,44.591307435444584],[-115.16748893992553,44.58910528531176],[-115.16706517969303,44.588283745280165],[-115.16601574931994,44.587353125297646],[-115.16229149832229,44.58583034551427],[-115.16092630770356,44.583892755473784],[-115.16009146727426,44.58242988542491],[-115.15958930708511,44.58192664542823],[-115.15841862673116,44.58122807547717],[-115.1583408266788,44.58102426546674],[-115.15934408640891,44.578497185153104],[-115.15939489609617,44.576737974995446],[-115.15899438583043,44.57570972494353],[-115.15896496574875,44.57529512491024],[-115.15922356559065,44.57416045478739],[-115.15940308527759,44.572263784605674],[-115.1598931449809,44.5701290443742],[-115.16051382491518,44.56911723422808],[-115.16180295491773,44.567774083990635],[-115.16315603506385,44.567147653809464],[-115.16581386548108,44.566627693515386],[-115.16577068532997,44.5658482734517],[-115.16662213516018,44.56402539321347],[-115.16689044502886,44.56302590310143],[-115.16661944434514,44.559578022827026],[-115.16522203368912,44.55746696277423],[-115.1652204135883,44.5569177727266],[-115.16493617345192,44.55647207271442],[-115.14673756609413,44.53543406258564],[-115.13037347040071,44.52154626290475],[-115.13102774042865,44.52100780279667],[-115.13267244057414,44.52006690256087],[-115.13409722066174,44.51904136233828],[-115.13763829103573,44.51734811185977],[-115.14052401144147,44.51652186151807],[-115.14227169161445,44.51562301127634],[-115.14419922192697,44.51529874106798],[-115.14863208282281,44.51552371067337],[-115.14935458300863,44.5157784906281],[-115.15154704347232,44.51600305044279],[-115.15339181378334,44.51575830024903],[-115.15421570389366,44.515492530148876],[-115.15500738394756,44.51495165002778],[-115.1551443939366,44.51474679999714],[-115.15512197387552,44.5144358499721],[-115.15435526356848,44.51356369996772],[-115.15276436305335,44.512421640016804],[-115.15175028277432,44.511964100071694],[-115.15071316252862,44.5117132501467],[-115.14795699196114,44.51151555038697],[-115.14778976182328,44.510936660352144],[-115.14561402105076,44.50900178038671],[-115.14500071077875,44.508159060370474],[-115.14355924035277,44.50734790043436],[-115.14328925028433,44.507257990451755],[-115.1426142501653,44.50731904052012],[-115.14236634009623,44.50720247053311],[-115.14178202983979,44.506414230518914],[-115.14118071963256,44.50591380053144],[-115.14082740939922,44.5050077704854],[-115.14081670930516,44.50450344044244],[-115.14017423875825,44.50218377030002],[-115.14000716865162,44.50177593028007],[-115.13973764855376,44.50152396028323],[-115.13841376819438,44.50095322035707],[-115.13709423774806,44.49990090038846],[-115.13484290721775,44.499373510552665],[-115.1332799367459,44.49843871061697],[-115.1336251367626,44.49816527056086],[-115.13446174664915,44.49665748035119],[-115.1350981966614,44.49605119023883],[-115.13606441674395,44.495481780098885],[-115.13618594672428,44.495245190066896],[-115.13688712678771,44.49485150996706],[-115.1391077871356,44.49441055972125],[-115.13940115713727,44.49410924966757],[-115.12446025143798,44.478636829710666],[-115.12352629105432,44.4775186597001],[-115.11918490946096,44.473364519741935],[-115.11865660929364,44.47300470975979],[-115.11730842896067,44.47260437985054],[-115.11499757832705,44.47157146997572],[-115.11254232742104,44.469194719996864],[-115.1116828372101,44.4689464400553],[-115.10935948670331,44.46862442024379],[-115.10768220623628,44.467835910331225],[-115.10473182564418,44.4677104705954],[-115.10385285538028,44.46719173063196],[-115.1036188152886,44.46693577063137],[-115.1037117552806,44.46679327061027],[-115.10431387536015,44.46659170053646],[-115.10453824536565,44.466383860497395],[-115.10403863498617,44.46482709040771],[-115.10207182432985,44.463304480457836],[-115.1017793341997,44.46289899044964],[-115.10118932389182,44.46183136041117],[-115.10075196355496,44.460442170330346],[-115.10021515329836,44.4596004903067],[-115.10001190302462,44.45830971021267],[-115.09970141281163,44.457467290167884],[-115.09874396239248,44.4561774701442],[-115.09879855231736,44.45570573009778],[-115.09910616229504,44.45525621002973],[-115.09947618215082,44.45406949989138],[-115.09939266178854,44.45216402973231],[-115.10007335179446,44.45147313960834],[-115.10034506173731,44.45086996953022],[-115.10033714145456,44.44932135939536],[-115.10001469098104,44.447056299227015],[-115.10063319094446,44.44619781909422],[-115.10104746085979,44.445290928976185],[-115.1022503509533,44.44452767879723],[-115.10274252092223,44.443833638690585],[-115.10423574101132,44.44273757845547],[-115.10560150103706,44.44142782821356],[-115.10667002094988,44.43981154797245],[-115.10691990096203,44.43961312793178],[-115.10766022107114,44.43942732784655],[-115.11100271164987,44.43906402750336],[-115.11329428184469,44.437701967170575],[-115.11764118206627,44.43430311646802],[-115.11930205193823,44.431832206096935],[-115.12224622199784,44.42903125557743],[-115.12617741249561,44.42759685508571],[-115.12926575269766,44.42542829460818],[-115.1313657630107,44.42492249436833],[-115.13336532324126,44.42406842410735],[-115.13469552342971,44.42369402395069],[-115.13546228348106,44.42316189383268],[-115.1392809739271,44.42156313333712],[-115.13992966397484,44.421137063239414],[-115.14027607396424,44.42071057316983],[-115.14485985471576,44.41998386267937],[-115.14559692475062,44.41939264255894],[-115.14592973473408,44.41894791248907],[-115.14673763480401,44.41847487237237],[-115.14709414472358,44.41765239226726],[-115.14726660452399,44.416367792138715],[-115.14772059455157,44.41603755206756],[-115.1488960946999,44.415606471920384],[-115.14926483471815,44.415315351860514],[-115.15001826467058,44.4142517216973],[-115.15024522455585,44.41337762159961],[-115.15398749530812,44.41355070126635],[-115.15451343537343,44.4133521412],[-115.15490637539234,44.41303889113601],[-115.15509752537265,44.41272687109089],[-115.15528230523908,44.41179357099202],[-115.1556089152067,44.41126768091557],[-115.15621479520198,44.410597750800505],[-115.1567423552399,44.41024615072063],[-115.1567424351127,44.40954393065916],[-115.15686327510706,44.409384640633974],[-115.1573254651084,44.40890063054854],[-115.1581341351817,44.40844553043347],[-115.1594770852461,44.40737334021461],[-115.1607671351974,44.405733099950915],[-115.16090982510786,44.4050871898811],[-115.16116991511554,44.404852809836385],[-115.1642916454477,44.40336803941585],[-115.16914450604565,44.401510328801514],[-115.17018736647121,44.402751428813076],[-115.17175121691626,44.40354620873709],[-115.17200788701123,44.403797898735185],[-115.17237851725979,44.404776128786246],[-115.17316088761247,44.40589148881102],[-115.17394944788482,44.4065568087958],[-115.17497548816849,44.40703234874186],[-115.17534242834213,44.40760088875746],[-115.17590037852962,44.40804262874411],[-115.17654823870174,44.40830435870672],[-115.17798711899675,44.408403848581415],[-115.17905068925673,44.40870889850907],[-115.18137207966545,44.4084983082745],[-115.1817374697703,44.4086886782571],[-115.18217512017999,44.4104846583734],[-115.18233105047807,44.41196359848823],[-115.18378108099552,44.41327856846815],[-115.18382479105139,44.41354034848694],[-115.1835857310675,44.41388314853921],[-115.18285994099915,44.414276728641205],[-115.1826236910224,44.414655588696355],[-115.18265416113934,44.41526826874703],[-115.1832427014379,44.41629044878158],[-115.18331813158085,44.41699836883645],[-115.18316591167515,44.41768015891021],[-115.18327099180175,44.418267008951716],[-115.18422477214241,44.41913293893858],[-115.18497525237471,44.419617518911025],[-115.18739304250586,44.41777432852471],[-115.18720053229924,44.416839478460915],[-115.18732052214801,44.41587808836574],[-115.18768864197514,44.414533508213886],[-115.18765847179624,44.41357872813329],[-115.18746893172492,44.413386668134116],[-115.18738740153356,44.41241756805704],[-115.18690805114942,44.410807467960865],[-115.18714274112102,44.41040155790355],[-115.19995533240652,44.40389065614132],[-115.20376695276069,44.401798585603565],[-115.20461697286557,44.40147474549608],[-115.20557253293741,44.400857025353154],[-115.20600834300205,44.40075112530332],[-115.20687296317415,44.400782915225584],[-115.20834066351692,44.40111654511807],[-115.2103224039216,44.401246644944905],[-115.21202283431428,44.40160892481819],[-115.21361873450945,44.40099215461574],[-115.21458279465597,44.4007776545072],[-115.21579187486748,44.40066150438447],[-115.2189060355281,44.40100270412434],[-115.22219370599657,44.40009962373929],[-115.22505699648498,44.39975703344272],[-115.2294771073969,44.40010022306103],[-115.23319654808802,44.3999687527032],[-115.23481571842747,44.400124332566],[-115.23674227878024,44.40002805237814],[-115.23740195892358,44.40011926232466],[-115.23921099939948,44.400826872217934],[-115.24068762982853,44.40162837215037],[-115.24085767990765,44.40188451215686],[-115.2409797200583,44.40258647220678],[-115.24089578022883,44.40361643230445],[-115.24101773043138,44.404604782379366],[-115.24084251049852,44.40516094244423],[-115.23898084041814,44.40669107275119],[-115.23885120046992,44.407114322800176],[-115.239008150603,44.40768193283509],[-115.23958511083708,44.408361532840665],[-115.23969978111492,44.40977223295307],[-115.24049977144048,44.41071950296118],[-115.24261246207753,44.41199341287547],[-115.24368057245646,44.412950902859414],[-115.24467239294873,44.41461411291208],[-115.24555740354923,44.41698685303652],[-115.24647293397436,44.41836014307094],[-115.2464424140052,44.41856232309146],[-115.24570236396467,44.41912308320932],[-115.2449317940056,44.42016450337192],[-115.24436722419892,44.42182770356961],[-115.24416885451181,44.42376176375673],[-115.24429092489677,44.42575303391893],[-115.24417648510675,44.427030954041],[-115.24422989548067,44.4290336742106],[-115.24494705581242,44.43010178423685],[-115.245244606065,44.43117753430285],[-115.24722061679878,44.43312684428845],[-115.24993668775323,44.4355072142426],[-115.25066147809764,44.436636364273376],[-115.2507606582477,44.43735734432692],[-115.25092087830346,44.437494674323965],[-115.25167618844513,44.43747559425185],[-115.25340042891926,44.43826142415944],[-115.2538810789985,44.43818894410831],[-115.25424728897045,44.43764725402697],[-115.25472794904061,44.437525183971516],[-115.25569687921086,44.43743745387348],[-115.25655899942575,44.4377082938167],[-115.25755081960521,44.43764725371883],[-115.25861893961776,44.436586773526855],[-115.25890884964298,44.43641892348522],[-115.26040421987274,44.43610230331814],[-115.26087723988601,44.43567506323683],[-115.26218186009787,44.435461433096535],[-115.26321946030347,44.43549576300275],[-115.26386796039549,44.435316472926644],[-115.26405107037246,44.43499604288167],[-115.26392900029145,44.43467942286545],[-115.26328050005874,44.43408433287412],[-115.2632804999839,44.433672342838264],[-115.26378404002726,44.433378612765715],[-115.2654396202878,44.433061992583696],[-115.26584397028307,44.4326080425065],[-115.2660270802191,44.43206254244188],[-115.2662407002366,44.43193284241064],[-115.26933061066727,44.431036382044425],[-115.27055894077364,44.430323041867766],[-115.2710014407755,44.42986527178667],[-115.27074204069241,44.429682171794894],[-115.27078782067764,44.42955247177933],[-115.2710395907281,44.42956391175682],[-115.27110063055552,44.42854920166279],[-115.27133714049769,44.427980811591226],[-115.27274858052634,44.426645671343344],[-115.27355729061033,44.42625275123369],[-115.27413713069744,44.42611924116805],[-115.27499925087753,44.42619935109464],[-115.27564775106514,44.42654648106434],[-115.27633439122192,44.426683811012296],[-115.27821885160736,44.426813510847865],[-115.27898179174072,44.426741030770366],[-115.28208695239097,44.42703858050671],[-115.28436814303687,44.42818299039356],[-115.28576432351764,44.429354100365224],[-115.28692399380408,44.42970505028766],[-115.2874427939085,44.42973176024157],[-115.2887779341226,44.42949906009676],[-115.29154740444426,44.42834320973789],[-115.29443894483028,44.42741241938722],[-115.29681932503841,44.426042939045985],[-115.29739915511789,44.42586746897666],[-115.2992988754617,44.425753028789515],[-115.30041276581821,44.426538858754014],[-115.30139695602372,44.42663040867015],[-115.30203782610373,44.426393898589836],[-115.30241929611323,44.42604293852367],[-115.302465076007,44.42540969846436],[-115.30265580600478,44.42519607842797],[-115.30348741609716,44.424826058318246],[-115.30382310617824,44.42491760829487],[-115.30415116637764,44.425669098329664],[-115.30460893653618,44.426058198320746],[-115.30578385679489,44.42624130822711],[-115.30608903684029,44.42616882819237],[-115.30643235687293,44.42598571814439],[-115.30674516685745,44.425569918079056],[-115.306684126651,44.42449798799151],[-115.30685198656755,44.42386092792047],[-115.3073784066235,44.423612977849785],[-115.30769120668214,44.423605347819915],[-115.31024705723839,44.42396774761307],[-115.31090318741967,44.424272927578414],[-115.31136857762954,44.42493667759273],[-115.31128465783239,44.426142127705354],[-115.31145249793735,44.42654266772452],[-115.31148386806166,44.427193727778175],[-115.31157456812845,44.4274658277934],[-115.3120704882812,44.42778244777471],[-115.31282579842193,44.42775955770221],[-115.3131309684458,44.42756881765719],[-115.31333695835296,44.42684021757461],[-115.31384049839482,44.42653885750147],[-115.31423722849033,44.42664566747371],[-115.31454240870278,44.42749252751889],[-115.31480180877674,44.42762603750626],[-115.31525956888885,44.42775955747517],[-115.31624375907003,44.42771759737974],[-115.31675492910782,44.42738571730315],[-115.31736527902189,44.42626800714904],[-115.31722795891027,44.42579879712112],[-115.31756364892473,44.42552414706588],[-115.31792222899355,44.42552414703242],[-115.31869279923282,44.42602768700432],[-115.31912767933221,44.4261154169714],[-115.3197761694351,44.4259971669006],[-115.32058488951265,44.42556991678804],[-115.32094346958836,44.42560806675789],[-115.32156907974648,44.425817876717765],[-115.32182847986968,44.426222236728705],[-115.32163012014281,44.427935026896066],[-115.32198870030238,44.428434756906064],[-115.32298815062441,44.42915191687516],[-115.32319414066743,44.42917099685754],[-115.32318651064307,44.42904510684732],[-115.32269060045854,44.42855301685088],[-115.32346880054266,44.428194426747076],[-115.32369768053314,44.427900696700185],[-115.32429278061956,44.42774810663145],[-115.32478869074869,44.42793502660139],[-115.32557451102764,44.428640746589394],[-115.32687151137276,44.42917099651443],[-115.32796251174558,44.430071266490906],[-115.32819140185397,44.43042602650038],[-115.32822275192383,44.43077754652797],[-115.32719040218453,44.43330121684354],[-115.32679491237192,44.43474937700626],[-115.32662220313094,44.439106137400834],[-115.32635259309572,44.43919671743387],[-115.32419093264825,44.43901647761998],[-115.32306550244739,44.43909899773217],[-115.31960799190087,44.439741408110706],[-115.31826849165671,44.439811718241835],[-115.31719243143101,44.4397058483331],[-115.31578666107158,44.43921248842143],[-115.3153839409932,44.4392065484585],[-115.3146932309227,44.43954746855257],[-115.31451487094367,44.43985092859559],[-115.31459502100341,44.44009518860932],[-115.31572977141573,44.44116524859641],[-115.31697168176215,44.441759728532084],[-115.3176843919016,44.441774728466896],[-115.31905392210092,44.441425768308754],[-115.32206287266246,44.44133946802037],[-115.32508024315192,44.44084807769605],[-115.32531200321095,44.440927997681385],[-115.32542614329616,44.441276277700965],[-115.32381166337433,44.44340876803688],[-115.32258450352042,44.44550639833359],[-115.32211969352502,44.446021738421784],[-115.32060285373859,44.44879479880421],[-115.31972739379759,44.45004230899427],[-115.3172999343191,44.45546674969199],[-115.31729742437433,44.45577279971881],[-115.31793186460268,44.45635831971041],[-115.31797383465343,44.45659300972682],[-115.31754531487736,44.45827471991287],[-115.31749648505802,44.45931831000803],[-115.31767620516351,44.45970808002511],[-115.32034406593093,44.461111249897705],[-115.32339135707517,44.464183479879686],[-115.32413726739371,44.46514615989352],[-115.32423614753347,44.465809309941804],[-115.32390568789322,44.46813167017423],[-115.3247490583386,44.469688010230435],[-115.32484702847417,44.47032864027687],[-115.32435755892824,44.47333542058343],[-115.32412986897336,44.473822730647],[-115.32271219896865,44.47528932090667],[-115.3225325190174,44.47574582096309],[-115.32194348900207,44.4762818310646],[-115.3209835390853,44.47774867128159],[-115.32035908903586,44.47813482137343],[-115.318783318839,44.47871366157092],[-115.31796495877335,44.47921477169084],[-115.31753547887281,44.48021225181753],[-115.31749211904695,44.48121286190839],[-115.31729769915113,44.48198873199383],[-115.31591388941217,44.48487621237367],[-115.3157154695657,44.485926602483296],[-115.31542853964041,44.48663808257184],[-115.31513259018891,44.48995571288719],[-115.31487773035042,44.491108793010994],[-115.31399685045824,44.49262625322495],[-115.31362677056038,44.49357507334184],[-115.3125024406743,44.4953815136036],[-115.31228385080675,44.49633707370692],[-115.31258517111193,44.49769192379619],[-115.31243780115558,44.49808586384409],[-115.31157823107209,44.498532303963216],[-115.31095679106659,44.499155884075414],[-115.31053819102868,44.499388414134735],[-115.308779410773,44.49983743433813],[-115.30846449080033,44.500318284409296],[-115.30854823086844,44.50060311442615],[-115.30899388102918,44.50101483442016],[-115.31030857135993,44.50144392433441],[-115.31144309167698,44.501987364275394],[-115.31288535200629,44.50227425416534],[-115.31314607220253,44.50307485421035],[-115.31375042241476,44.50360143419943],[-115.31369548245338,44.50387071422791],[-115.31288590241087,44.50448895435728],[-115.31220584228015,44.50448791442078],[-115.31183543222446,44.50457246446274],[-115.31129534218505,44.5049245945438],[-115.31051414203301,44.50491304461586],[-115.30943831190244,44.50532926475257],[-115.30800734166738,44.50554664490531],[-115.30622174151291,44.50657801516171],[-115.30612340163339,44.50734076523706],[-115.30499222159749,44.508333325428914],[-115.30515713181876,44.50937109550343],[-115.30549991204838,44.51026745554905],[-115.30579534215114,44.51051941554327],[-115.30677629240134,44.510858065480846],[-115.30875630276142,44.51074785528604],[-115.30818804280466,44.511581195411416],[-115.30767787293888,44.51285203556928],[-115.30745546293507,44.513064805608565],[-115.30641271276855,44.513249475722084],[-115.30565279267528,44.51353773581823],[-115.3049369627276,44.51457594597516],[-115.3040613726657,44.515157136107455],[-115.30357175276286,44.516203186243956],[-115.30377873303438,44.517471156334416],[-115.30401841320531,44.518154426371225],[-115.3038885332326,44.518439856408136],[-115.30314601314122,44.51872019650186],[-115.30212127311776,44.51966826667992],[-115.30114796301291,44.520117436809954],[-115.30068221304813,44.52079922691261],[-115.29970114295574,44.52132478704999],[-115.29620426253709,44.52270862749716],[-115.29363172209187,44.52297631776118],[-115.2923666119252,44.52339408791574],[-115.29216164200211,44.524030177990056],[-115.29224821207744,44.524351068009786],[-115.29267911222975,44.524731128002394],[-115.2926576022667,44.52495587802391],[-115.29218008225433,44.5253898781062],[-115.29221108235173,44.52588998814666],[-115.29201067241064,44.52642265821157],[-115.2917303823902,44.52660496825362],[-115.28976600210372,44.52710223848056],[-115.28867466212238,44.52835077869093],[-115.28834220207652,44.52844932873062],[-115.28803507200516,44.52838170875345],[-115.28723152176042,44.5278880187859],[-115.28485157117474,44.527186098947844],[-115.2836482509762,44.52736482907593],[-115.2833075110041,44.52787550915213],[-115.2835162510492,44.52790283913494],[-115.28440777135418,44.52863346911484],[-115.28580137177154,44.52945100905527],[-115.28657470193924,44.52955566899192],[-115.29133033319236,44.53141003870743],[-115.2944435338991,44.532003778467406],[-115.30089984513927,44.532002797862866],[-115.30090061451682,44.52860020756806],[-115.30143614456489,44.528300747491976],[-115.30191755452073,44.52755361738222],[-115.30208103436479,44.526529727278216],[-115.30178134421836,44.52604362726416],[-115.30176206416766,44.52578676724368],[-115.30263685400793,44.52399470700654],[-115.30247277388045,44.52347010697643],[-115.30211702377409,44.523262256991735],[-115.30090338350792,44.523081437089694],[-115.30090374338785,44.52242448703273],[-115.30255877364282,44.522080456848],[-115.30285526365533,44.52183728679915],[-115.3030323736289,44.52150681675395],[-115.30303445357168,44.52119174672647],[-115.30322101357177,44.5209964566921],[-115.30398127365781,44.52066819659251],[-115.30444870365663,44.520170986505704],[-115.30534744378237,44.519914366399334],[-115.30592251382765,44.51955811631466],[-115.3063281537926,44.51894042622318],[-115.30640891369558,44.518324936162266],[-115.30589226331355,44.51677779607658],[-115.30592082325987,44.51645426604588],[-115.30673675329287,44.51577750591085],[-115.30748743327038,44.51486584576161],[-115.30857146342144,44.514553295633114],[-115.30950686350697,44.51403853550099],[-115.31032675335811,44.51236264527905],[-115.31089972333066,44.51161037516023],[-115.31129454305501,44.50968706495663],[-115.31090308282005,44.50881250491747],[-115.31091689276516,44.50849761488884],[-115.31066282264744,44.50812023487995],[-115.31004381246026,44.50774646490545],[-115.30926560231454,44.50776646498],[-115.30824871224975,44.508480635137005],[-115.30773983218273,44.50864865519917],[-115.30816805212795,44.50789875509416],[-115.30882184212699,44.50720622497293],[-115.31080266239668,44.50660083473518],[-115.31275913269617,44.506184114516046],[-115.3140048729683,44.50636455441509],[-115.31435328302467,44.50630667437751],[-115.31484202305069,44.50593577429962],[-115.31519235299062,44.50523871420644],[-115.31613262313175,44.50502301409978],[-115.31645314311521,44.50459560403279],[-115.31680854297389,44.50344848390014],[-115.3163917227949,44.502906673892156],[-115.31581724260337,44.50246156390734],[-115.31543608236473,44.50155566386445],[-115.31488235219533,44.501209893886326],[-115.31301956171018,44.50051168400002],[-115.31303704166262,44.50023285397421],[-115.31316466163074,44.499924143935495],[-115.3136494016462,44.499499173853344],[-115.3153009618798,44.499041903659204],[-115.31567015189988,44.4987641036006],[-115.31588523185133,44.498271783537824],[-115.31578651177543,44.49795973352002],[-115.31477952136242,44.49675653350987],[-115.31474120125448,44.49620566346571],[-115.31637954099229,44.493046473038596],[-115.3170027809593,44.49220998290781],[-115.31721597090869,44.49170848284435],[-115.31744951076554,44.49067856273326],[-115.31753776044185,44.488811802563106],[-115.3177657703655,44.48815346248473],[-115.31786893017451,44.48699814237489],[-115.31855784986517,44.48457755210059],[-115.3200208196597,44.48191177173263],[-115.31993964935083,44.48030360160073],[-115.32290270959828,44.478542091171],[-115.32361803960941,44.47785038104413],[-115.3241005095572,44.47705622093016],[-115.32472133962628,44.47678174084837],[-115.32503850962195,44.47642434078774],[-115.32539843955576,44.47568239068972],[-115.32627118954998,44.47473189052574],[-115.32663415945973,44.473854940415734],[-115.32741637893588,44.470157280021915],[-115.32742111885642,44.46971620998318],[-115.32720092867497,44.46895225993751],[-115.32645666831971,44.467786449905894],[-115.3267813281184,44.466339819750075],[-115.32678139796259,44.465484569675844],[-115.32656042772813,44.46442995960499],[-115.3251593672301,44.46317154962669],[-115.32456129691121,44.46205093958534],[-115.32301110632439,44.460461719592196],[-115.32135319579281,44.45928951964532],[-115.32027307549498,44.45879199970301],[-115.32001851533443,44.45817862967355],[-115.32032415512344,44.45669766951645],[-115.32024819502463,44.456234859483374],[-115.31987263480322,44.4554145894472],[-115.31989854474851,44.45508636941626],[-115.32094760449861,44.45260802910313],[-115.32216542429644,44.45021318878146],[-115.32277194429732,44.449578398669715],[-115.32334991418941,44.44837600851133],[-115.32406107415899,44.44745915836537],[-115.32529719399531,44.44525616805867],[-115.32718216389192,44.44269998766072],[-115.32874400370773,44.44004002728389],[-115.32904486345433,44.43832939710726],[-115.32899993305602,44.4361860869253],[-115.32915536300607,44.435747216872684],[-115.32925356267903,44.43384456669822],[-115.32976662252513,44.432456636529736],[-115.33070097239995,44.43078214629711],[-115.33233416282594,44.431402586198594],[-115.33260882287446,44.43137970617099],[-115.33291399290107,44.4312042261273],[-115.33327257284506,44.43051757603415],[-115.33280718266776,44.4300331160355],[-115.33272326260868,44.429796606022826],[-115.33292852261214,44.42959886598643],[-115.3336235226981,44.429338835899],[-115.33494341291798,44.42915573575992],[-115.33555376307108,44.4293540957202],[-115.33546221299108,44.42901077569892],[-115.33681261317727,44.42861023553815],[-115.33743822328333,44.42853393547314],[-115.34002459393665,44.429399875306984],[-115.34065783404073,44.42930450523962],[-115.34108507414409,44.42942276521003],[-115.34111559412915,44.42930832519725],[-115.34190055426929,44.42925117511904],[-115.34198534426399,44.42913284510084],[-115.3409019740022,44.42883529517607],[-115.34093248394157,44.428469085141444],[-115.34129107390629,44.427896885058274],[-115.34080278367892,44.427160645039905],[-115.34072649362611,44.426950835028805],[-115.34081804361945,44.426817325008656],[-115.34150469370739,44.42657699492372],[-115.34210741383266,44.42663040487213],[-115.34220659390022,44.42689743488604],[-115.34161913387422,44.42737426498229],[-115.34155047393521,44.42778244502418],[-115.34180987404316,44.42810287502778],[-115.34239733416692,44.428163914978256],[-115.34269487420453,44.42805709494123],[-115.34309160420366,44.42763366486743],[-115.34369433425124,44.42725982477871],[-115.34482348445523,44.42719116466738],[-115.34544909454193,44.427008054593124],[-115.34719622464324,44.42572250431843],[-115.34696734457235,44.42557373432685],[-115.34673845456587,44.42577972436614],[-115.34662401453632,44.425737764373146],[-115.34673082446666,44.425241854320134],[-115.34689867446768,44.425070194289596],[-115.34738695449681,44.42471542421322],[-115.34901964469819,44.42410125400754],[-115.34962999471884,44.42357101390449],[-115.35025560465715,44.42257156375935],[-115.3504616046807,44.42248382373253],[-115.35107195482054,44.42260971368652],[-115.3514534248736,44.42249908364131],[-115.35209429486058,44.421751403516566],[-115.35300982500969,44.42160644341856],[-115.35347521511488,44.4216941833828],[-115.35442125540982,44.42231979334882],[-115.35490191550262,44.42232360330432],[-115.35582506555757,44.42165222315986],[-115.35709154580168,44.421659853042385],[-115.3600670162145,44.42079391268959],[-115.36054003625735,44.4205307026226],[-115.3611046062131,44.41969146249707],[-115.36134112623066,44.41953888246173],[-115.3617988863288,44.41959610242403],[-115.3622108764791,44.419989012419634],[-115.36246264653707,44.42004242240081],[-115.3632332066611,44.41991272231765],[-115.36375200667462,44.41943969222815],[-115.3633629064871,44.41881790221052],[-115.36319506633643,44.41816558216953],[-115.36287462626602,44.418115992195105],[-115.36250078614934,44.41786804220852],[-115.36167681581412,44.41689148220059],[-115.36187517577594,44.416471862145634],[-115.36226427582761,44.41634597209842],[-115.3628898859634,44.41643371204769],[-115.3636833461002,44.41634979196636],[-115.36437761616256,44.41596069186784],[-115.36446917613921,44.41573562183974],[-115.36436998604889,44.415342711814866],[-115.3636070557988,44.41477050183639],[-115.36344683571892,44.414499661827776],[-115.36346972565401,44.41411819179255],[-115.36366045563933,44.41383590175028],[-115.3671776061303,44.41282882133472],[-115.36798632615914,44.41213455119902],[-115.36868822628873,44.41210785113124],[-115.36968004658127,44.41267242108771],[-115.37011492668118,44.41276397105508],[-115.37201464701737,44.4126113908646],[-115.37240374701777,44.41220321079289],[-115.37231981688532,44.41156234074505],[-115.37276232695417,44.41147461069622],[-115.37375414716837,44.411608120615284],[-115.37433397724202,44.41140213054328],[-115.37468493722338,44.4109291004695],[-115.37616503728178,44.409689330223785],[-115.37689745740475,44.4095939601472],[-115.3776882175781,44.40971484008392],[-115.37893868804964,44.410992980078184],[-115.38013210836952,44.41149606001051],[-115.38050605849604,44.41179845000187],[-115.38060401862947,44.41243004004753],[-115.38041197882845,44.413728220178086],[-115.38053481893733,44.41419811020744],[-115.38280457957731,44.41532860009371],[-115.38285491961734,44.41549587010354],[-115.38013231943724,44.41737490052059],[-115.37916019942277,44.4183199106933],[-115.37847027947527,44.41933644084584],[-115.37812828946451,44.419637680903875],[-115.37667620924191,44.419943231065886],[-115.37560808902691,44.41988601116065],[-115.37339556872092,44.42053451142338],[-115.37343371902699,44.42217865156246],[-115.37362444911132,44.42244186156746],[-115.37534868961912,44.42341842149128],[-115.37727130007535,44.42390289135386],[-115.37789691025762,44.42424621132527],[-115.37989581090739,44.42571487126609],[-115.38447345224311,44.42824020105774],[-115.38591540270654,44.42927017101241],[-115.38618243282494,44.429640191019615],[-115.38626636300957,44.4305671710921],[-115.38584674314421,44.43174972123381],[-115.38516009324167,44.43300857140703],[-115.384923583392,44.43408432152235],[-115.38585437381867,44.43544998155382],[-115.38697589419996,44.43636551152844],[-115.38747943444211,44.43716659155082],[-115.38816608470961,44.437914271551506],[-115.38863147496676,44.438837431588055],[-115.38860095521837,44.44025268171351],[-115.38889850546072,44.44127121177398],[-115.38871539567691,44.44265213191069],[-115.38846362568772,44.44297638196233],[-115.38838733578216,44.443575282021314],[-115.38854755597042,44.444441222081416],[-115.38911975624245,44.445333862105244],[-115.38960040671788,44.447439572242764],[-115.39030231725233,44.44963684236751],[-115.39019550727774,44.449888612399285],[-115.38960040721865,44.450189972480956],[-115.38811267702677,44.45070114266428],[-115.38687671690253,44.451319122833226],[-115.38606079691425,44.45224158298938],[-115.38614454695207,44.45236111299192],[-115.38800586732167,44.452433012824194],[-115.38881457759882,44.4531044028068],[-115.38976062785233,44.45350113275275],[-115.38972247791027,44.45385971278736],[-115.38882220788726,44.454679872942506],[-115.38870776796055,44.45520248299847],[-115.38918079823036,44.45618667303948],[-115.39019550856516,44.45695724301136],[-115.39012683863537,44.457415013057435],[-115.38860095848973,44.45821991326972],[-115.38705218825768,44.45857467344518],[-115.38631976817652,44.45889892354171],[-115.3856560181988,44.459719083674734],[-115.38268054784427,44.460901644055234],[-115.38333667771629,44.45950927387332],[-115.38311542745635,44.458315273790596],[-115.38325275740137,44.457868953739144],[-115.38313831732872,44.45759048372571],[-115.38281024719494,44.45720138372267],[-115.38232959707858,44.457067873755996],[-115.3812614769643,44.4575637838988],[-115.38120807699713,44.45780029392426],[-115.38140643704698,44.45786514391135],[-115.38215411716519,44.457727813829564],[-115.3824287772345,44.45781936381185],[-115.3822990773667,44.45868148389858],[-115.38250507753473,44.4593872039405],[-115.38236774759461,44.45986023399426],[-115.3820167876184,44.46035995407034],[-115.3804832876242,44.462004094356026],[-115.38044513763779,44.46211853436951],[-115.38069635775388,44.46249165437833],[-115.38108600785438,44.46263351435418],[-115.3817726479526,44.46245041427421],[-115.38302386803517,44.46158828408258],[-115.3835731881091,44.46141662401639],[-115.3845192381909,44.460871123880764],[-115.38564075835016,44.460565943749515],[-115.38693774843948,44.459692383552664],[-115.38734210840775,44.459093473463014],[-115.38927997870528,44.458689113246876],[-115.39018024879228,44.458219913122136],[-115.39089740879754,44.45749511299235],[-115.39114917871026,44.45675125290441],[-115.3910499986461,44.4565032928922],[-115.39016498838768,44.45601501293267],[-115.38995898830369,44.45577087293078],[-115.38986743822223,44.45541992290891],[-115.38999713814911,44.45488205285026],[-115.39091266824452,44.4544433627267],[-115.3939262787015,44.453783412387956],[-115.39449084873597,44.45337906230019],[-115.3949867586788,44.45254364218156],[-115.39536060869966,44.452265162122494],[-115.39793170913987,44.45197906185748],[-115.39888538927313,44.45170822174487],[-115.39916003925416,44.45131530168521],[-115.39939654906745,44.45004120155284],[-115.39960254904577,44.44970550150449],[-115.39982379906864,44.44959869147458],[-115.40012134914161,44.449686431454396],[-115.40101398954731,44.4509758014826],[-115.40160144976609,44.45155944147823],[-115.40324940025809,44.45252838140807],[-115.4073082411213,44.45300140106972],[-115.40983357176663,44.45389022091061],[-115.41129078204212,44.45387115077276],[-115.4129311023839,44.4540237406327],[-115.41636433319735,44.454882050386075],[-115.41737141355483,44.45578613037014],[-115.41788258367698,44.45591964033386],[-115.42005696404802,44.45567169010921],[-115.42173542424341,44.454981229892624],[-115.42243733435546,44.45485915981642],[-115.42344441447591,44.45446242968801],[-115.42385639449911,44.45415724962311],[-115.4241920944591,44.45358504954222],[-115.42443623421462,44.451986689381165],[-115.42481007422641,44.45165862931785],[-115.42579426432371,44.45115889918265],[-115.42752613456268,44.45065154897692],[-115.43019642507012,44.45063246872571],[-115.43244709524983,44.44925536839626],[-115.43280567525174,44.44888915833108],[-115.43296589520733,44.44847716828046],[-115.43287434515581,44.448290248272876],[-115.43232502508268,44.448465728339386],[-115.43176045491701,44.44814910836481],[-115.43135609456729,44.44665373827329],[-115.43181385436242,44.4450477580916],[-115.43308796432412,44.44349898783859],[-115.43300404408309,44.44226302773949],[-115.4332329239803,44.44145812764853],[-115.43375935392062,44.440576927523125],[-115.43413319392687,44.44021834745718],[-115.43512501403599,44.439775837326266],[-115.43727650441004,44.43956984710738],[-115.43838276455217,44.43918837697107],[-115.43935932463621,44.438623806831],[-115.44017567465414,44.437864676689074],[-115.44120564477265,44.43743361655557],[-115.44280781512975,44.437712086429904],[-115.44489826547814,44.43742980621023],[-115.4450661154762,44.43724288617836],[-115.44515003532698,44.43633498609205],[-115.44502033510018,44.43522490600818],[-115.44646229503924,44.433374775713446],[-115.44762959510484,44.43250884552954],[-115.44987263539149,44.43172682525234],[-115.4519936054999,44.43009413491303],[-115.45322193562228,44.42947615474488],[-115.45517506590542,44.42898024451953],[-115.45789875625674,44.42804946418464],[-115.4592491664684,44.42779387403642],[-115.46144642674476,44.42700423376291],[-115.46483387730191,44.42650832340356],[-115.46627583746434,44.425886523215134],[-115.469402577642,44.42357817272354],[-115.49834387318552,44.4236630200272],[-115.49833917543086,44.43600480109295],[-115.50156179581809,44.43475188068359],[-115.50245443596631,44.434629810589605],[-115.50305715609181,44.434687030538235],[-115.50407186633002,44.434931170464445],[-115.50453725646261,44.43517150044168],[-115.50488057660945,44.43561781044806],[-115.5052773069012,44.43680419051336],[-115.5057808470717,44.43721236050146],[-115.50640645722864,44.43741835046079],[-115.50742116755296,44.438135520427764],[-115.50864187774577,44.43791426029456],[-115.50991597802373,44.4381050001919],[-115.51148763833139,44.438146960048556],[-115.51374593888406,44.43881452989502],[-115.51470723918221,44.43944395985941],[-115.51523366942999,44.440252669879925],[-115.51775137012669,44.44143903974682],[-115.51823965033876,44.44209135975738],[-115.51916281066788,44.442930589743376],[-115.51933066074645,44.44318616974971],[-115.51933066079579,44.44345701977304],[-115.51891867080477,44.443937669853035],[-115.51896445084479,44.44410932986354],[-115.51985709109928,44.44457090981982],[-115.5201775212216,44.444906599818836],[-115.52135245174756,44.446562179851604],[-115.52228323223328,44.448252089910156],[-115.52252737240914,44.44896162994846],[-115.5230995826547,44.44970930995937],[-115.52406088294454,44.45029295991974],[-115.52486197315449,44.450605759871785],[-115.52714316361276,44.450731649669216],[-115.52911154404408,44.45103681951137],[-115.53201071498266,44.45315015942215],[-115.53243033508917,44.453295119395364],[-115.53373495535824,44.45340574928284],[-115.53693167625136,44.45495832911742],[-115.53734366640583,44.45537412911467],[-115.53791586669867,44.45638120914786],[-115.53901449710104,44.45743787913596],[-115.53936545720768,44.45765531912187],[-115.5406624474976,44.457888019020494],[-115.54155508776115,44.458399188981005],[-115.54256979821503,44.45982587900879],[-115.54287497842986,44.4606841890541],[-115.54298941866888,44.4618743791458],[-115.54318014877975,44.46228254916309],[-115.54622427975036,44.46441877906196],[-115.54705589006362,44.46526563905693],[-115.54808585053372,44.466764819089526],[-115.54897849083915,44.46750486906962],[-115.54916923128715,44.46975935924566],[-115.54914634176274,44.472387679473805],[-115.54896324184071,44.47300565954411],[-115.5481926718351,44.47378004968286],[-115.5485054719826,44.47426069969489],[-115.54852836208312,44.47478712973799],[-115.5462853220127,44.47674407011633],[-115.54417960161578,44.47677077031585],[-115.54327171148158,44.476984390419204],[-115.5421501913631,44.4775070105692],[-115.54137199122991,44.477590930649306],[-115.54059379105352,44.477438340709035],[-115.54009788097981,44.47755278076533],[-115.53851859081851,44.47831954097921],[-115.53741996077545,44.47923125116048],[-115.53482597045877,44.48020781148742],[-115.53420799043776,44.4807380515909],[-115.53396385055076,44.481611621688906],[-115.5340630306896,44.482267751736025],[-115.53394096093326,44.48372878187316],[-115.5328881011179,44.48583830215318],[-115.53281181132432,44.48704756226431],[-115.53095023144324,44.48964156266175],[-115.52746360156236,44.49393309335745],[-115.52746360199143,44.496279133559185],[-115.52811210248638,44.49830855367289],[-115.52730338250929,44.49927748383198],[-115.5270592426253,44.50016631393128],[-115.52641075263477,44.50089491405469],[-115.52358787252297,44.50322951451993],[-115.51981895192053,44.50387038492829],[-115.51788108155601,44.50390090511253],[-115.51617210129109,44.50423659530152],[-115.5151573911657,44.50461043542877],[-115.5133034510036,44.50565947569273],[-115.51228874088451,44.50606764582296],[-115.51196067081412,44.50602568585006],[-115.51065605034503,44.50482405586901],[-115.510091470173,44.504473105891684],[-115.50825278967312,44.50366057599414],[-115.50606314927225,44.50375594620753],[-115.50479666898079,44.50348509630291],[-115.50343863872273,44.50349272643078],[-115.5023934084756,44.5032333265064],[-115.49995199797564,44.503050226719445],[-115.49873892778015,44.50324858685013],[-115.49779288759453,44.5032218869365],[-115.49643484748577,44.504045857134656],[-115.49580160754134,44.50501097727703],[-115.49582449762602,44.505449667312654],[-115.4966561078177,44.50562895725015],[-115.49696127793533,44.50595320724947],[-115.49677817794715,44.50620879728862],[-115.49561087785183,44.506906887458086],[-115.49537436787084,44.50725783751044],[-115.49552695797328,44.507658377530596],[-115.49632803828345,44.5085166875294],[-115.49630514831816,44.508730307549925],[-115.49430624805487,44.50937880779307],[-115.49139181754188,44.50961913808687],[-115.49081198752113,44.51011122818351],[-115.49035422756774,44.51084364828946],[-115.49030081765316,44.511366268339415],[-115.4905296979029,44.51249159841484],[-115.49051443800822,44.51308287846713],[-115.49009482807955,44.5139106685777],[-115.48972098825323,44.51524962872794],[-115.49123923862653,44.5157035786247],[-115.4908653987751,44.51690520876309],[-115.4908119888934,44.51760710882852],[-115.49055258894579,44.518164058900716],[-115.49020163892065,44.51839293895331],[-115.48885886869401,44.5185569690933],[-115.48829428865318,44.51892317917772],[-115.48770682866457,44.51959838929088],[-115.48784415878788,44.52012862932368],[-115.48814932887767,44.52030028930981],[-115.48950735916169,44.520433799193995],[-115.49027792929567,44.52036131911549],[-115.49182669979295,44.5214599590648],[-115.49258200999604,44.52178038902153],[-115.49419181037568,44.52217330890443],[-115.49458854049203,44.52239455888625],[-115.49476402057654,44.522673028893735],[-115.49476402063523,44.5229934689213],[-115.49436729070479,44.52378691902675],[-115.49465721090979,44.52460326906972],[-115.49461906096748,44.52495802910381],[-115.49423759103159,44.5257057192039],[-115.4943901811719,44.52631224924172],[-115.49490898141221,44.52708281925936],[-115.49670188197646,44.52829207919519],[-115.5012566330217,44.52924574885002],[-115.50391929368571,44.53009261867305],[-115.50684135697051,44.54495848967605],[-115.50703208782812,44.54943313004242],[-115.50645225848768,44.55362930045712],[-115.50301902853342,44.55745163110754],[-115.50152366834429,44.557978051293176],[-115.49926536817186,44.55938949162633],[-115.49244468684196,44.55924835225459],[-115.49075096655805,44.55946579243223],[-115.48859947624406,44.5599960326798],[-115.48711173589027,44.55961837278701],[-115.48599021565826,44.5595230128841],[-115.485578235604,44.55965652293424],[-115.48559348571695,44.56025543298429],[-115.48527305602417,44.562261963186664],[-115.48541038623054,44.563242343258025],[-115.48530357634465,44.56397476333094],[-115.48461692640187,44.56500091348356],[-115.48428886652904,44.566034693603136],[-115.48315208651843,44.567160033806516],[-115.48354118679893,44.568281553866264],[-115.48359458702781,44.5694717439635],[-115.48672263792055,44.57107391380727],[-115.48701255804049,44.57142486381022],[-115.4870125581667,44.572111513869146],[-115.48671501814275,44.572290803912466],[-115.4858300079819,44.572336573999515],[-115.48518913790492,44.572584534081024],[-115.48494499791224,44.57287826412917],[-115.48504417802238,44.57337417416241],[-115.48547904817917,44.57377472415595],[-115.48626487840939,44.57420959411949],[-115.48736280867752,44.57452594404351],[-115.48792045884731,44.57486953402062],[-115.48878257905568,44.57510605395998],[-115.4895302592716,44.575502773923766],[-115.46944206583376,44.5777038559996],[-115.47302787840297,44.587942506541864],[-115.47925347092104,44.59515228657559],[-115.47070854958808,44.59679260751944],[-115.46705407036391,44.604803468550394],[-115.46599358017994,44.60490646865889],[-115.46439903981575,44.604586038781314],[-115.46213310943187,44.60485687901755],[-115.461187059196,44.60455932908098],[-115.45912711876159,44.60434188925591],[-115.45725028832999,44.60394897939867],[-115.45454948765693,44.60310211957981],[-115.45397727747782,44.602724459601205],[-115.45362632728559,44.6020454495759],[-115.45309226688623,44.60043182948755],[-115.45229118659029,44.59965744949635],[-115.45201652651522,44.599535379511636],[-115.45023887619102,44.599623109686256],[-115.4482552357403,44.599237829839616],[-115.44650810544088,44.59942856002016],[-115.44481437520082,44.59988633021861],[-115.44315879486557,44.59978715036567],[-115.4426399947444,44.5996688904043],[-115.441693954375,44.59864655040535],[-115.44196098472602,44.60027543052021],[-115.4418007647986,44.60083619058347],[-115.4413658848593,44.60161820069146],[-115.43976371494297,44.60373917102426],[-115.43815391497608,44.6055931213348],[-115.43635337480471,44.606535351584924],[-115.43503349459755,44.6067833017303],[-115.43408744441636,44.60678330181923],[-115.43241660401337,44.60633317193759],[-115.43169944387174,44.606310282003015],[-115.42913596346284,44.60675660228234],[-115.42812888337463,44.60732499242582],[-115.42696159312148,44.60716477252172],[-115.42645042313313,44.607759862620945],[-115.42582481308699,44.60816041271414],[-115.42361991269686,44.60833588293644],[-115.42219322239114,44.608160413055465],[-115.42146079211594,44.60742798306133],[-115.42103355201438,44.60732117309233],[-115.41805045152843,44.607786573412675],[-115.41695182131295,44.60775986351364],[-115.41662376120165,44.60749665352184],[-115.41612785090008,44.60637513347201],[-115.41567008069013,44.605711373458],[-115.4148461104191,44.605097203482636],[-115.41416709022931,44.60477296351856],[-115.41373222016699,44.60488740356926],[-115.413205790208,44.60565797368497],[-115.41338127061742,44.6076988338439],[-115.41313712073924,44.6086143639456],[-115.41187827078669,44.61018220419865],[-115.41151206088865,44.611116804313454],[-115.40931480108445,44.61446610480787],[-115.40749137097247,44.6157554750901],[-115.40491345047528,44.61573907533101],[-115.4028492999332,44.61494500545676],[-115.4008353594606,44.61447569560567],[-115.39992886919543,44.613979845648245],[-115.39814709878054,44.61358207578147],[-115.39478883817542,44.61379302611524],[-115.3936707879468,44.6137158862137],[-115.39121120759246,44.61435290649964],[-115.39016671751689,44.61503013665607],[-115.38899457735,44.61534427679323],[-115.38869990733998,44.61559682684264],[-115.38682702714091,44.61646632709346],[-115.38393007666583,44.616903667403385],[-115.38166621634865,44.61753940767079],[-115.38131129632168,44.617762677723405],[-115.37957644620526,44.61893717798749],[-115.37881375618792,44.619637258119404],[-115.37748331631774,44.62172705842425],[-115.37683551663119,44.62410255868954],[-115.37660094663818,44.6243843387358],[-115.37642365671759,44.62499989880546],[-115.37544573672433,44.626054318988096],[-115.3753784068423,44.62676460905551],[-115.37509909692481,44.62750298914532],[-115.37464433694821,44.628103079239686],[-115.3743968770523,44.628925309333695],[-115.3740265770828,44.62947625941592],[-115.37367282735264,44.6313077596067],[-115.372502207256,44.63200228977654],[-115.37135729710386,44.632368579915685],[-115.36890813671788,44.63282427018514],[-115.36800330655093,44.632860860273375],[-115.36501689592089,44.63255257052762],[-115.36178764541441,44.633167430884114],[-115.35907200479309,44.63262485109275],[-115.35719072445512,44.63275085128046],[-115.35542289401562,44.632207761399904],[-115.3547352138668,44.63211683145671],[-115.35318569357185,44.63213051160358],[-115.3522779634283,44.63229747170326],[-115.3511680331517,44.63195285177793],[-115.34919562275856,44.63187484195662],[-115.34810164246342,44.631413402019746],[-115.3475462323561,44.63140986207163],[-115.34608666214417,44.631780352240746],[-115.34523624196697,44.63170501231419],[-115.343633911718,44.63202388249226],[-115.34001728102783,44.63204790283429],[-115.33881035086581,44.63242646298035],[-115.33854716088806,44.632821303039094],[-115.33872741104965,44.633510073081496],[-115.33913755117685,44.63377261306554],[-115.34081043154913,44.63404900293205],[-115.34187378182754,44.634451562866815],[-115.3399757214463,44.634360973037424],[-115.33858206113091,44.634102133146115],[-115.33750196093214,44.63414943325173],[-115.33611171072977,44.634500243412624],[-115.3357777007741,44.635088753494706],[-115.33422854050207,44.635227063652245],[-115.33158025017951,44.636237213988224],[-115.32941915978175,44.6363316541995],[-115.32857607966686,44.63658684430069],[-115.32814601964367,44.63690914436894],[-115.3279148397123,44.6375224344435],[-115.32739119968997,44.63794689452926],[-115.32708655972026,44.638428574599395],[-115.32728856985341,44.638940184624474],[-115.32791989007025,44.63945807460977],[-115.32862169028827,44.639909474582645],[-115.32922846044058,44.640102904542296],[-115.33322714130512,44.640624974211306],[-115.33336349135658,44.64076200421031],[-115.33318427141049,44.64124102426842],[-115.33337787152043,44.641635464284164],[-115.3340636917271,44.64204158425463],[-115.3348127618838,44.642111024190186],[-115.33553782196493,44.64179555409488],[-115.33576049196425,44.641560234053664],[-115.33607075185785,44.64065998394695],[-115.33584374168744,44.639972483909126],[-115.33509592141142,44.63925487391765],[-115.33424398119729,44.63898137397414],[-115.33005009030971,44.63853752433022],[-115.33000026027099,44.63837924432123],[-115.33061427028683,44.63782555421585],[-115.33187657062659,44.63835265414258],[-115.33249664075149,44.63838421408699],[-115.3339273507903,44.637104213842235],[-115.33543010102326,44.63680203367493],[-115.33657287123172,44.636742163562374],[-115.33701846127657,44.636521033501445],[-115.33763414126612,44.63582329338345],[-115.33997582176872,44.63610942318797],[-115.34216314220548,44.63619971299012],[-115.3432803023757,44.635959352864376],[-115.3437165124158,44.63572260280298],[-115.34424334241713,44.63518108270687],[-115.34451929237208,44.634649432635136],[-115.34431677217495,44.633791242580294],[-115.34460710219051,44.63357294253418],[-115.34519053228004,44.633450862468834],[-115.34972072315955,44.63350291204742],[-115.35202326368336,44.633945771869115],[-115.35401682404073,44.63380797166982],[-115.35672375465674,44.63433029146031],[-115.3577831848784,44.63442936136921],[-115.35943000518479,44.634376511209844],[-115.36068912548382,44.63468717111817],[-115.36245073584485,44.63481147096327],[-115.36540225632042,44.63431810064329],[-115.36770130680515,44.634553540447364],[-115.36927502710138,44.63452201029668],[-115.37152261744814,44.634063430045906],[-115.37329787769056,44.633530569833134],[-115.37386404779654,44.633516129778684],[-115.3732173179414,44.634974339964934],[-115.37273264798905,44.63573716007609],[-115.37070984780311,44.636833650360636],[-115.37023586778726,44.63724101044023],[-115.36821087796704,44.64032250089569],[-115.36692247793154,44.641469921115544],[-115.36418812772,44.64316830151878],[-115.36293625753369,44.6434609516617],[-115.3616381272852,44.64346484178413],[-115.36050268714018,44.643860111924944],[-115.35997601710747,44.64423066200631],[-115.35952946719497,44.64516952212909],[-115.35913038753264,44.64741444235973],[-115.35870109754133,44.64790791244254],[-115.35758274742913,44.64846350259555],[-115.35635807725471,44.648792482739054],[-115.3542362967752,44.64840182290504],[-115.35331439665802,44.64872613301964],[-115.35313263667248,44.648993593059735],[-115.35311304677585,44.649573973111465],[-115.35461978729855,44.650838053078466],[-115.3544392273465,44.651285583133976],[-115.3541144776955,44.653513543356134],[-115.35402624770907,44.65367882337867],[-115.35173272755428,44.65522569372745],[-115.34937005727625,44.656177354031605],[-115.34875203718832,44.6563439741041],[-115.34713193689358,44.65643306426419],[-115.34619115675608,44.65666702437283],[-115.34290487617008,44.656911964703106],[-115.33953730546179,44.656579474991304],[-115.33774402511163,44.65654888515738],[-115.33675808485468,44.656183425218664],[-115.33413163427822,44.65579404543222],[-115.33280524392508,44.65526154551114],[-115.32862979299591,44.654574825844804],[-115.32721149270961,44.65450004597174],[-115.32490068228836,44.65462372619975],[-115.32434617221438,44.65480013626708],[-115.32394848224658,44.65538847635519],[-115.32216282216697,44.65681617664601],[-115.32081036218258,44.65830872690178],[-115.31983863215028,44.65914517706523],[-115.31979528222246,44.6595811671068],[-115.31998139234354,44.660043037129086],[-115.31985733235673,44.660243767158],[-115.31826363225971,44.661377147405524],[-115.3179929722244,44.6614676874388],[-115.3170311419995,44.66125095751059],[-115.31259325108778,44.66093339790073],[-115.31149326080762,44.660561537972214],[-115.31061877053568,44.65999944800604],[-115.31022064037907,44.65956592800615],[-115.30931685983718,44.657571987919425],[-115.30880381959251,44.65678116789954],[-115.3078169492073,44.655722247901124],[-115.30628618871269,44.65463724795162],[-115.30345476786894,44.65301526807807],[-115.30339002782225,44.65282975806819],[-115.30356572782162,44.65264330803558],[-115.30414122751274,44.65036970778556],[-115.30398862729191,44.64933213771043],[-115.30365325714517,44.64888602770354],[-115.30237130681624,44.64843935778559],[-115.29965549628244,44.6483764480355],[-115.29877398616745,44.648671948143836],[-115.29807564614747,44.6492917382629],[-115.29778742609543,44.649309948291574],[-115.29670850580777,44.648875238355544],[-115.29581095553465,44.64833069839296],[-115.29472296512895,44.6472656584034],[-115.29383518485115,44.64668522843685],[-115.29357236474343,44.6463752184348],[-115.29359542464745,44.64583090838569],[-115.29280689429025,44.64471629836366],[-115.29232349415443,44.644484008389114],[-115.29182877405295,44.64444959843262],[-115.29145117399294,44.64451792847404],[-115.29104605397448,44.64484045853994],[-115.29027570407575,44.646192818729],[-115.2903503141808,44.646684578764365],[-115.29023828419463,44.64687642879141],[-115.2889302940755,44.64759446897634],[-115.28548508362924,44.64876775940138],[-115.28508638366021,44.64935143948919],[-115.2851016837006,44.64955422950524],[-115.28556703388189,44.65005185950441],[-115.2861466640556,44.65038914947899],[-115.28782319450153,44.65105798937906],[-115.28802149462575,44.65152458940071],[-115.28833747475136,44.65187592940126],[-115.28938671502166,44.65224724933462],[-115.28939815511531,44.652742569376294],[-115.28987268535488,44.65354639940096],[-115.29003009552521,44.65430497945159],[-115.29037508569715,44.6548772994685],[-115.29075888581605,44.655121619453446],[-115.29215742611387,44.65527757933537],[-115.2924101861939,44.6554479093263],[-115.29277776639688,44.65616460935351],[-115.2930632165008,44.65642994934954],[-115.29394487673262,44.65676721929575],[-115.29433704693459,44.65745276931791],[-115.29471652707508,44.65781853931378],[-115.29467810716068,44.65832210936078],[-115.2951372873558,44.65890062936748],[-115.2947546273983,44.65952959945766],[-115.29469180744923,44.65987075949297],[-115.29386090738846,44.66040749961736],[-115.2934868073886,44.6607980296862],[-115.29259353728662,44.661176289802796],[-115.29209700727459,44.66162798988848],[-115.2888787065876,44.661260220159434],[-115.28691000611114,44.66073107029898],[-115.28111427460114,44.65859139065951],[-115.27986494434778,44.65852112077095],[-115.27775742381178,44.65781416090815],[-115.27701372367079,44.65782545097902],[-115.2742440932132,44.65823375127465],[-115.2730897630709,44.658666431420535],[-115.27276126306991,44.659003561480496],[-115.27255049316337,44.659729581562935],[-115.2722862031774,44.66008119161811],[-115.27161059306214,44.660160991688564],[-115.26965802278806,44.66071208191968],[-115.26859854271078,44.661398232078476],[-115.26839237278608,44.66202078215156],[-115.26402794194622,44.66202204256211],[-115.2640797220552,44.66255847260347],[-115.2644862923299,44.66362246265706],[-115.26497692254954,44.66430060266942],[-115.26553177275018,44.66480867266104],[-115.26698166318545,44.66565442259768],[-115.2683094435137,44.66604817250677],[-115.26945392375546,44.666164542409184],[-115.27070864399151,44.66613483228858],[-115.27214182421298,44.66584064212844],[-115.27354020436756,44.6652202119434],[-115.27446218441618,44.66452279179656],[-115.27522455438636,44.66356653164238],[-115.27556495426164,44.66253638152158],[-115.27560419417706,44.662037331474814],[-115.2743674039381,44.66203215159066],[-115.27449173383108,44.66132283151779],[-115.27495566384933,44.66093822144103],[-115.27520394382381,44.66054136138342],[-115.27506714367745,44.65989111134025],[-115.27527091368988,44.65974564130852],[-115.27753301410318,44.65962674108553],[-115.27807219423168,44.65976091104642],[-115.27844389434998,44.66001408103333],[-115.28000955468546,44.660199720902085],[-115.2878217066747,44.66283333039443],[-115.29105831737942,44.66327793012836],[-115.29260285769078,44.66335504998974],[-115.2933503378092,44.663217679907596],[-115.29413073783097,44.66252263977426],[-115.29530784797251,44.66206307962395],[-115.29583038795971,44.66144969952197],[-115.29696900806302,44.66082299936087],[-115.29727717800841,44.66020641927877],[-115.29834416810687,44.65962814912858],[-115.29847317804396,44.65915293907544],[-115.29840634799015,44.65893137906264],[-115.29796003773609,44.658019969026114],[-115.29754310759074,44.65766715903488],[-115.29747865751256,44.65731058901026],[-115.29718858739199,44.65695966900728],[-115.2963794071693,44.656596499052064],[-115.29617665709654,44.65641341905534],[-115.29605287698347,44.655929939025306],[-115.29564857684066,44.65557730903292],[-115.29476377660322,44.65521299908477],[-115.29455259641335,44.65440410903486],[-115.29434645633154,44.65417596903459],[-115.29236157581146,44.65342609915659],[-115.29161880545217,44.652253659125336],[-115.2913001552239,44.65134862907726],[-115.29097577509707,44.6509992890776],[-115.29039331492825,44.65069137910587],[-115.28967392463008,44.64982535909878],[-115.28900825444539,44.649518299134925],[-115.2903582046005,44.648951398959106],[-115.29206014473819,44.647923568710475],[-115.29234047479872,44.647959268687224],[-115.29462871559967,44.649915508640746],[-115.29722775629105,44.65095357848588],[-115.29835979653265,44.65108298839059],[-115.29916080667056,44.650995888307804],[-115.29956566671488,44.65081405825402],[-115.30006663668449,44.650127138147745],[-115.30026294670698,44.65004451812218],[-115.30150566696263,44.65013502801314],[-115.3017082770362,44.650322598010234],[-115.30171037707319,44.65052068802714],[-115.30100133743247,44.65320641832528],[-115.30122206755442,44.65363731834165],[-115.30241521795993,44.65459132831163],[-115.30579721899257,44.656662638172094],[-115.30680297939642,44.65780287817571],[-115.3081855801531,44.66046111827466],[-115.30932172056089,44.6614862382561],[-115.31078977098261,44.66224166818304],[-115.31266614142831,44.66270152804615],[-115.31309142165836,44.663504538075266],[-115.31515129222132,44.66440819795929],[-115.31541783230735,44.66459668795047],[-115.31544572235104,44.664804157965676],[-115.31479473255092,44.66656355817842],[-115.31332362253355,44.66800025844052],[-115.31198349232959,44.66829103859166],[-115.30969742207263,44.6692790188918],[-115.3072143119768,44.67134433930327],[-115.30487313169736,44.67226837960315],[-115.30428162164932,44.67262419968943],[-115.3040544916059,44.672625329710876],[-115.30406605157485,44.67244544969434],[-115.30498858159758,44.67160840953546],[-115.30574057157374,44.6706967993862],[-115.30595501153267,44.670251459327666],[-115.30612015145982,44.66968513926336],[-115.30595588130548,44.66902097922163],[-115.3051792110409,44.66839731924102],[-115.3030862604514,44.66738495935075],[-115.30288674035843,44.66708940934404],[-115.30164525997823,44.66632373939492],[-115.30077524976068,44.666051679453325],[-115.29923321947615,44.66611679960399],[-115.29864650939116,44.66626754967216],[-115.2984343394504,44.66680903973877],[-115.29842826949738,44.66707002976184],[-115.2986010995843,44.667360689770625],[-115.29931994978358,44.66769097973141],[-115.30046466002935,44.66782955963567],[-115.30117773033894,44.668762929648956],[-115.30171353048674,44.66900505961941],[-115.30280058073448,44.669214689535195],[-115.30360907098785,44.66974434950473],[-115.3034383110327,44.670164929557046],[-115.30182534103999,44.67188294985676],[-115.30164167120878,44.672987529969156],[-115.30095117130372,44.67421961014021],[-115.30065296132203,44.67462929020355],[-115.2998546112853,44.67526109033311],[-115.29991724138988,44.67576167037031],[-115.30024380151185,44.67608162036712],[-115.30147078178778,44.67629793027028],[-115.30346195207055,44.675755870036234],[-115.30402433210287,44.67534559994794],[-115.30440739206277,44.67473010985894],[-115.3050458120775,44.674145419748534],[-115.30846614247467,44.67273577930529],[-115.30945747255899,44.67216078916248],[-115.30916111273663,44.673430259299664],[-115.30914572294662,44.6745823594003],[-115.3086983429725,44.67518790949452],[-115.30769540288925,44.67578071963993],[-115.30649684284856,44.6768072498411],[-115.30617107288653,44.67735157991865],[-115.3059234830388,44.67843271003499],[-115.30602583312452,44.67878983005608],[-115.30584927315502,44.67913831010272],[-115.30379981302985,44.680593310420896],[-115.3033306629642,44.68072588047646],[-115.3033317128728,44.680230750433694],[-115.30270583267081,44.679789330454646],[-115.30209007252657,44.67964964050054],[-115.30153933243244,44.67971347055787],[-115.29971980232796,44.681041280843466],[-115.29916729235418,44.681757750957125],[-115.29885275232776,44.68194212100262],[-115.29864933237799,44.682425231063355],[-115.29867006243532,44.68271362108622],[-115.29906484258312,44.68310211108252],[-115.29991252278181,44.68329478101931],[-115.300896372916,44.68299720090109],[-115.302917473251,44.682706750685824],[-115.30465751348889,44.682183440476976],[-115.30696570367854,44.68080878014143],[-115.30748567369176,44.68033936005211],[-115.30810387365088,44.67947526991954],[-115.30822852360944,44.679121519877306],[-115.30814873348986,44.678557669836295],[-115.30883520341403,44.67743351967492],[-115.31019113353199,44.67666136948087],[-115.31077081354766,44.67614329938171],[-115.31137591350672,44.67529249925156],[-115.31257380351566,44.6740948590357],[-115.3133340834501,44.67294926886558],[-115.31355708347162,44.67283357883461],[-115.31424931360016,44.67280920876735],[-115.31608353378823,44.671918538518106],[-115.31647649380659,44.67160923845453],[-115.31694341373958,44.67076087833755],[-115.31707008307642,44.667040188005345],[-115.31789305280275,44.6647026377267],[-115.31787223274544,44.66441424770383],[-115.31733366249665,44.663627587686776],[-115.31757121250551,44.663428537647285],[-115.31891581273904,44.66329334750918],[-115.32125393292996,44.66189377716868],[-115.32202680290015,44.66092835701286],[-115.32201834272061,44.65996495693073],[-115.32215459270729,44.65975089689951],[-115.32438565272652,44.65753300649871],[-115.32618263283653,44.65625848621991],[-115.32868895331083,44.656218665980745],[-115.33097837386084,44.65681481581667],[-115.33163659399241,44.656842435757156],[-115.33294233432241,44.657271115671186],[-115.33593775497508,44.65768841542535],[-115.33717465530911,44.65821057535393],[-115.34359443660534,44.65855143477925],[-115.34744907727041,44.6581436443815],[-115.3492475876032,44.658075134206385],[-115.35084037782441,44.65761650401704],[-115.35349142809204,44.656308873655185],[-115.35585053825935,44.654761813300176],[-115.35625958826523,44.65436817322786],[-115.35650617817441,44.653620013140326],[-115.35660708791563,44.652113523001276],[-115.35728957776925,44.650610902807834],[-115.35784165780609,44.65023623272364],[-115.36015575804961,44.64914866241244],[-115.36072955808243,44.648729282322414],[-115.36120029802694,44.64793930221015],[-115.36155853786073,44.64666607206697],[-115.36166442767778,44.64556477196228],[-115.36181417767035,44.64536886193135],[-115.36232538771138,44.64505916185662],[-115.36381316799842,44.64506698171736],[-115.36588827828845,44.64448001147172],[-115.36724019833885,44.64334701124709],[-115.36783430840417,44.643082871168524],[-115.36971494852503,44.64178184087973],[-115.37115292846012,44.63993432058561],[-115.37217046833754,44.638211320341746],[-115.37451780854508,44.63689436000778],[-115.37544740847018,44.635521179802225],[-115.37591961838768,44.63458261967716],[-115.37650537845256,44.63432483959988],[-115.37680625834739,44.63344152949561],[-115.37652468808588,44.6323164394253],[-115.37647654783991,44.63103282931945],[-115.37629695776918,44.63083628931946],[-115.37733656755908,44.62861473903062],[-115.37753429747826,44.62797025895657],[-115.37763720726412,44.62670179883781],[-115.3784430972363,44.625711888676875],[-115.37924208714563,44.62438839848792],[-115.37935113700763,44.623526008403466],[-115.38038993680819,44.62136242811969],[-115.38129692679186,44.62032941794556],[-115.38193862684588,44.61995437785299],[-115.38253567685541,44.61938481774789],[-115.38309253691459,44.6191261476733],[-115.38471904715573,44.618741477487326],[-115.38619009744974,44.61880567735458],[-115.38845539773904,44.618017597073866],[-115.39002646786923,44.61708879684632],[-115.39089612798058,44.61678788673868],[-115.39220310809868,44.61606823655399],[-115.39440558841858,44.615511806299125],[-115.39600685875222,44.615656176161025],[-115.39700648890862,44.6154645260506],[-115.39748227895878,44.6152416959867],[-115.39862892922629,44.61550018590116],[-115.40022440967502,44.616275305817844],[-115.40070467983826,44.61666156580591],[-115.4022633602104,44.6170594656936],[-115.40421543080562,44.6182583556132],[-115.40595722126146,44.61892004550635],[-115.40692363165596,44.62005542551308],[-115.40871753281849,44.62449643572607],[-115.40932844315735,44.625698825771934],[-115.41139003391321,44.6276547957461],[-115.41368777468713,44.62946293568538],[-115.4165974055401,44.63106361554916],[-115.41713218582576,44.6320563355841],[-115.41722326609823,44.633438575694235],[-115.4171478762919,44.63456679579819],[-115.41728353653858,44.63576263588814],[-115.41788863690131,44.637099875946035],[-115.41893397724772,44.63789098591557],[-115.42332422813296,44.63812785552289],[-115.42380331827563,44.63840352550142],[-115.42514939854443,44.638462425379885],[-115.4263830788231,44.638691195283414],[-115.42664259885237,44.63857991524946],[-115.42785613908835,44.638598515136856],[-115.42950586934356,44.638268504953324],[-115.43081050942462,44.637353104752044],[-115.43167757954755,44.63711886465036],[-115.43294152988676,44.63764468457656],[-115.43398085023524,44.63845379454817],[-115.4353466306301,44.63917503448153],[-115.43747773109357,44.63947377430664],[-115.43924213140932,44.63935303413024],[-115.44011949151677,44.63902446401948],[-115.44103611192875,44.64030501404304],[-115.44104599199356,44.64064568407134],[-115.44156509229484,44.64173884411621],[-115.44190128243133,44.642129364118055],[-115.4426964426502,44.642489634074096],[-115.44303310269312,44.64237273403243],[-115.44334919276824,44.64245160400942],[-115.44404240296355,44.64279039397323],[-115.44490862327233,44.64356364395802],[-115.44550950356916,44.644547823985825],[-115.44589673371541,44.64493819398283],[-115.44609018382467,44.645329093998164],[-115.44611023390351,44.64573497403109],[-115.44589571393345,44.64611975408424],[-115.44483458381238,44.64656485422227],[-115.44327248383797,44.64832335452006],[-115.44176449411461,44.65138459492447],[-115.44208001431288,44.65213036495869],[-115.44222197450745,44.65303607502298],[-115.44316790494472,44.65442166505266],[-115.44377012528282,44.655626915099255],[-115.44574732604381,44.657694645090295],[-115.44463403610716,44.65919095532334],[-115.44375533621799,44.66070111553549],[-115.44269308626428,44.66205228575129],[-115.44244777630854,44.66254587581668],[-115.44252838652498,44.663632975902246],[-115.44228312656575,44.66410751596597],[-115.44038398647581,44.66558871627174],[-115.43966866655224,44.66674320643808],[-115.43959679662429,44.6672073264846],[-115.43973926672125,44.66758387650345],[-115.44150221748595,44.66989146653504],[-115.44191962774813,44.67087616658006],[-115.44199150786388,44.67142716662046],[-115.44147916781101,44.67167221668971],[-115.440702147801,44.67242280682725],[-115.44042748791709,44.67333451693118],[-115.439710327942,44.674211897073924],[-115.43852013827166,44.677225507444156],[-115.43830651829424,44.6775688274937],[-115.4378182382748,44.67796937757401],[-115.43456047791449,44.67939606800319],[-115.43129509738253,44.67990342835433],[-115.43082970734481,44.68018189842205],[-115.43058556735873,44.68050996847317],[-115.43057793750069,44.68128434854022],[-115.43110436768701,44.68174592853013],[-115.43124932776284,44.68200532853869],[-115.43121880781138,44.682299058566734],[-115.43080681784966,44.682932298659736],[-115.43037194783197,44.68328705873115],[-115.4301049178599,44.6837143087929],[-115.43009728792131,44.6840538188227],[-115.43172997856209,44.685823838820376],[-115.4331871892872,44.68823090888915],[-115.4330880095155,44.689566059012854],[-115.43282097968554,44.69076005914026],[-115.43287438989582,44.691839619227636],[-115.43242425004769,44.6931251693801],[-115.43199701010855,44.693895739486315],[-115.43108910996416,44.69405595958564],[-115.42949456986558,44.69517365983167],[-115.42764061965434,44.69595186007307],[-115.42387932908724,44.69678346049888],[-115.42315453899705,44.69704668058978],[-115.4218804288517,44.69758074075564],[-115.42097252882319,44.698366560908504],[-115.41988152867835,44.698713701041115],[-115.41837090858866,44.699793261275985],[-115.41833275860684,44.6999305912913],[-115.41884392889791,44.70097200133231],[-115.41919487917735,44.7021164113972],[-115.41818016952804,44.7050575417447],[-115.41775292950618,44.70538179181277],[-115.41722649956368,44.70623628193555],[-115.41721123968101,44.70688478199252],[-115.41782159001669,44.70806352203587],[-115.4177838501682,44.708919402112656],[-115.41641015022708,44.71065752239101],[-115.41567010031441,44.711893482566595],[-115.41560907037133,44.71226351260401],[-115.41571588046756,44.712671682628894],[-115.416082090668,44.71337358265445],[-115.41612024075178,44.71378557268609],[-115.41601343077728,44.71403352271741],[-115.41545648080633,44.71476595283259],[-115.41385431071062,44.715906543081395],[-115.41361780075728,44.71640245314614],[-115.41367120090055,44.71711961320249],[-115.41432733105763,44.71728746315494],[-115.41423578113702,44.717810083208306],[-115.41445703136074,44.71878664327099],[-115.41475458149353,44.71919481327786],[-115.41603631192,44.72016756324017],[-115.41733329246122,44.72174302325254],[-115.41816492291538,44.72332994330988],[-115.41829462313788,44.724394243388666],[-115.41818017315344,44.72459642341674],[-115.41640253305253,44.72588960369511],[-115.41534204305806,44.727014943891525],[-115.41466301311199,44.72800676404043],[-115.41407556331382,44.729700494240745],[-115.41318292327651,44.730421464386694],[-115.41301507328396,44.73063509442077],[-115.41306848334028,44.73088304443696],[-115.41337366344561,44.73113481442966],[-115.41449518369689,44.73132936434045],[-115.41496057386198,44.73173753433145],[-115.41563959403622,44.73197405428756],[-115.41764612474225,44.733702104245936],[-115.41843194496312,44.73407976420407],[-115.41967554536687,44.73496858416269],[-115.42002649552143,44.73543779416967],[-115.42053003563002,44.73550264412767],[-115.4228798863247,44.73681490401797],[-115.42461938678737,44.73750917391309],[-115.4252984070247,44.73808519389825],[-115.4258248672625,44.73882138391145],[-115.42750329773902,44.739653033824055],[-115.42748804786234,44.740332053883456],[-115.42817468818768,44.74137346390764],[-115.42822046824752,44.741648123926794],[-115.42885370845833,44.742128773908064],[-115.42980737883136,44.743151113905355],[-115.43028802910723,44.74413912394438],[-115.43094415934371,44.74473421393325],[-115.43113489952218,44.74549715398036],[-115.43041009962155,44.74677889415833],[-115.43024988969937,44.747362534223335],[-115.4303109198182,44.747938554266746],[-115.43091364014809,44.74909059430825],[-115.43079157041426,44.75064699445268],[-115.4310204605305,44.75103609446429],[-115.43183680082481,44.751776144450425],[-115.43235560134096,44.75401537459262],[-115.4319665014317,44.75490419470528],[-115.43105097140946,44.755728174862156],[-115.43032618149762,44.75694887503484],[-115.4301430716265,44.757830065127415],[-115.43008204195209,44.759642055287856],[-115.4307839423871,44.76125566535928],[-115.43358393362388,44.76501314541538],[-115.43366786381542,44.765955375487884],[-115.43461390444949,44.768385335605856],[-115.43441559454497,44.76910221568576],[-115.4257790633934,44.771814746733675],[-115.42373438371682,44.775656147254814],[-115.42401667430136,44.77850191747099],[-115.42009516356515,44.778589657849245],[-115.41602870275983,44.77845613822235],[-115.4161431427313,44.77818529818839],[-115.41559382249152,44.77746431817878],[-115.41497584231601,44.77715914821117],[-115.41435023217532,44.77704850826086],[-115.41381616197043,44.77649920826448],[-115.41110774145129,44.776503018520856],[-115.4090020206782,44.774523188550816],[-115.40861292035835,44.77320711847523],[-115.4081856801626,44.772596768463494],[-115.40778131984835,44.77132646839318],[-115.40673608951911,44.77063600843301],[-115.40620202922833,44.76962511839715],[-115.40582186913831,44.769533698425285],[-115.40455408891336,44.76963274855353],[-115.40253229867157,44.770418578811764],[-115.40004498853067,44.77222603920122],[-115.3989243283358,44.772334799316475],[-115.398222658181,44.77222714937356],[-115.39700271785412,44.77172986944639],[-115.39629125763692,44.77129708947661],[-115.39459349719147,44.77065575958231],[-115.39298699681197,44.770274429701495],[-115.39194961661026,44.770260989798395],[-115.39009809632361,44.770631270004976],[-115.38936980624814,44.77097689010336],[-115.38822925623516,44.77208341030573],[-115.38791328627003,44.77259669037947],[-115.38774030624761,44.77265465040076],[-115.38188229505882,44.77231320092515],[-115.38047360487492,44.772778731098064],[-115.37924270466556,44.77292430122685],[-115.37731039427047,44.77279590139847],[-115.37423845371703,44.77299354170561],[-115.37235639340552,44.773262401906436],[-115.37159383322684,44.77308961196375],[-115.37097387305265,44.77279387199703],[-115.37025190289518,44.77269329205665],[-115.36988554284771,44.77281641210176],[-115.36952905283712,44.77312736216207],[-115.36936696299291,44.77413124226324],[-115.36198573157418,44.774130052960594],[-115.36201496428265,44.78863650419856],[-115.36349083507929,44.79138767429425],[-115.36486100570752,44.793344664331975],[-115.36576318625006,44.79532364441581],[-115.36640417637717,44.79534484435701],[-115.36812465660387,44.79478722414666],[-115.36951546672309,44.793993283947316],[-115.37180057698235,44.793028683648764],[-115.37453990722138,44.791487543258086],[-115.37658167746827,44.79070742299835],[-115.3808363880358,44.78936715248154],[-115.38412437842183,44.78804926205806],[-115.38639242895279,44.78856017188725],[-115.38770914922532,44.78866545177176],[-115.39021683969912,44.78862293153099],[-115.39135523014885,44.78986209152919],[-115.39217158072817,44.792128021645496],[-115.39257594109972,44.793703491741766],[-115.39315576145302,44.795000461797656],[-115.39381953179615,44.796156341833544],[-115.39497920228652,44.7975906618463],[-115.39506312234961,44.7978424318599],[-115.39494105235538,44.79799884188478],[-115.39307948210813,44.79859012211132],[-115.39176722201051,44.79941790230612],[-115.39083643198622,44.80024569246484],[-115.38953181201538,44.801744872716235],[-115.38800593199066,44.803183012983354],[-115.3878991220328,44.8035186930221],[-115.38793723221386,44.804449523097965],[-115.38755579231716,44.80539553321481],[-115.38728114230571,44.80561679325967],[-115.38460322203333,44.80691378362378],[-115.38363429189343,44.80716174373658],[-115.38305445184972,44.80752414382241],[-115.38240595187536,44.80832904395247],[-115.38104029174117,44.80901568414027],[-115.37863703144959,44.80992739444551],[-115.37759181139897,44.81073230461315],[-115.3772027114653,44.811487614714416],[-115.37717982157345,44.81209033476806],[-115.37729426166096,44.812441284787184],[-115.3781792619956,44.81332251477865],[-115.37997217253182,44.814348624696564],[-115.38032313268546,44.81481021470273],[-115.38008662295572,44.81650012486941],[-115.38049098322942,44.81754916492065],[-115.37986536361595,44.82026141521131],[-115.37987299377706,44.8211159052835],[-115.38010188395438,44.82182925532271],[-115.3808114142561,44.82271426533106],[-115.38104029439424,44.82321780535236],[-115.38150568454925,44.82356875533823],[-115.38205500480956,44.82439655535682],[-115.3825661751509,44.825697355419415],[-115.38259669524521,44.8261703854569],[-115.3825280253597,44.826853215521595],[-115.38183375547518,44.82818454570092],[-115.38171168559576,44.82895510577818],[-115.38187190589971,44.83041613588765],[-115.38234492624962,44.83180087596095],[-115.3823372964279,44.83276217604363],[-115.38142176673287,44.83533328634961],[-115.38107844677535,44.83591311643156],[-115.37968226675036,44.83721392667474],[-115.37976618683003,44.8375534366957],[-115.38026972694749,44.83766406665749],[-115.38092585714996,44.8380722366301],[-115.38115473725034,44.838373596634156],[-115.38132257753594,44.83972779673369],[-115.3810479276338,44.84053271682836],[-115.38038416777896,44.84198993701547],[-115.37999506776768,44.842329437081276],[-115.37911768782533,44.84353869726747],[-115.37803431774844,44.84424060742991],[-115.37596674744378,44.84473651766804],[-115.3754937274136,44.84506076774052],[-115.37545557746905,44.845396457772786],[-115.37564631758784,44.84583514779206],[-115.37601252769036,44.84600680777205],[-115.37659998798829,44.84699482780059],[-115.37695094832497,44.84843295788992],[-115.37690241848678,44.84934715797245],[-115.3762788583659,44.84934142803106],[-115.37575671829376,44.84949249809341],[-115.37346066821725,44.851441378477084],[-115.37248321801545,44.85136724856341],[-115.3714202178978,44.851830608703594],[-115.37027939784656,44.85272813888824],[-115.36909697776517,44.853507799066726],[-115.36845898769404,44.85378319915067],[-115.36790261768097,44.85428451924608],[-115.36658393746067,44.85446232938623],[-115.36395084683842,44.85384370958296],[-115.36270976664576,44.85408929972153],[-115.35857867582611,44.85395533010155],[-115.35801874575084,44.854128620169334],[-115.3549883954705,44.85574442059429],[-115.3521588851168,44.8567620809492],[-115.35068014482334,44.856714051085206],[-115.34827568438592,44.85684868132451],[-115.34642453413309,44.85740038154697],[-115.34492346400029,44.85823349176024],[-115.3438794440081,44.85934784195426],[-115.34307155388534,44.859522172045686],[-115.34054937343649,44.859717382301326],[-115.338547662976,44.8593155424567],[-115.33537863242695,44.859640582784714],[-115.33348280200254,44.8593228429372],[-115.33116660155673,44.85932299315666],[-115.32866286108379,44.85937085339796],[-115.32611320069213,44.85990070368471],[-115.3230671000838,44.8597836939633],[-115.3209003694979,44.858882594091654],[-115.31947677901948,44.85779157413336],[-115.31888726884748,44.85747928416252],[-115.31816481868698,44.857364964221176],[-115.31671372843374,44.85750469437056],[-115.31571582823211,44.857454254460784],[-115.31156930727234,44.856592914779995],[-115.31043700705375,44.856590264887004],[-115.30980316697641,44.85682918496742],[-115.30938210697038,44.85722993504157],[-115.30924323704075,44.85774867509902],[-115.30949178729672,44.85886018517041],[-115.30837440725284,44.85977500535445],[-115.30682971713293,44.86072359558176],[-115.30577121710316,44.8616533257615],[-115.3040218669046,44.86239251599036],[-115.30162325669467,44.86373867633256],[-115.30120752668634,44.86412160640466],[-115.30061227677439,44.865204086553575],[-115.29922382656615,44.86552055671212],[-115.29753032646784,44.86673750697654],[-115.29676255636303,44.86696753706895],[-115.29555438624885,44.8676005472375],[-115.2938613359113,44.86754035739276],[-115.2928307156552,44.86723334746413],[-115.29169951543932,44.867244557572285],[-115.29062161529521,44.86758409770337],[-115.2897939652453,44.86816885783179],[-115.28854112497443,44.868011787937064],[-115.28791883479255,44.86768117796771],[-115.28688479454401,44.867418228043206],[-115.28554374426719,44.86732012816188],[-115.28455881411637,44.867528538273014],[-115.28360410402377,44.868016318405104],[-115.28246277376768,44.86782360849678],[-115.28163118362984,44.86794357858577],[-115.28056284354214,44.86857477874098],[-115.27771837314772,44.869396439080674],[-115.27683931293271,44.869153219143136],[-115.27559459269047,44.86914096925999],[-115.27418338245403,44.869331099409955],[-115.27360132237926,44.8695310994822],[-115.27242177228146,44.87022272965307],[-115.27169048230336,44.871092429796676],[-115.27060984226848,44.87201845997825],[-115.26928540230442,44.87357342023671],[-115.26845320221236,44.873938410346746],[-115.26763618217137,44.87456050047731],[-115.26735479226645,44.87535744057217],[-115.26759012259048,44.876844160676995],[-115.26642387237868,44.87691403079347],[-115.26564542228492,44.877214700892935],[-115.26532204228775,44.877562760953296],[-115.26482258239446,44.87864601109328],[-115.2642221123676,44.87912045119074],[-115.26386604231956,44.87923062123387],[-115.26257216206791,44.87921933135554],[-115.2608360818127,44.87964410155633],[-115.25940653165156,44.88025545174405],[-115.2573675615751,44.88194571208183],[-115.2534066909192,44.88252281250648],[-115.2516994906993,44.88310657271816],[-115.25095794068716,44.88380500284816],[-115.25066380063994,44.883855902880406],[-115.2502800907827,44.885012103015626],[-115.2497841808064,44.88564916311715],[-115.24953241090162,44.886415913206555],[-115.24960870106224,44.887194113265885],[-115.24916620111927,44.88795323337275],[-115.24937219159467,44.89027638355189],[-115.24990625181219,44.89088673355345],[-115.24923486172843,44.89113088363799],[-115.24865510160939,44.89109276368967],[-115.246923161389,44.89169927390571],[-115.24451227116919,44.8930077142461],[-115.24402051100947,44.892662124263154],[-115.24413563110066,44.89302996428368],[-115.2441180514406,44.894859904441844],[-115.24468348213779,44.89799410465628],[-115.24454450235406,44.89928980478026],[-115.24412545248173,44.90040091491494],[-115.24368608250812,44.90099329500724],[-115.2431659425215,44.901599415108414],[-115.24209061248321,44.90250104528744],[-115.2415332924541,44.90291918537605],[-115.23841062215782,44.904551675811646],[-115.23572816186325,44.90574095616767],[-115.23294348160186,44.9072121165575],[-115.23074622147678,44.90880532690208],[-115.22765461114876,44.91023753731773],[-115.22653443107164,44.91097855748728],[-115.22468107089104,44.91192253774381],[-115.22389366087377,44.912640297879854],[-115.22138873065812,44.91406790823947],[-115.21729325018683,44.91577000877343],[-115.21453480979889,44.916541329100994],[-115.21251790965323,44.917839929403335],[-115.21148243962264,44.918741769578666],[-115.21108056963705,44.9192317596587],[-115.21074998970765,44.919947689751304],[-115.21042362969698,44.92022627980608],[-115.20982994980066,44.921388729961784],[-115.20867539990476,44.92312990022024],[-115.20760143984633,44.92392313038995],[-115.20719286996412,44.924969870518225],[-115.20615983008977,44.926700300764224],[-115.20510424005118,44.92758020093965],[-115.20482125007163,44.92798007100066],[-115.20451951025396,44.92926027113876],[-115.20460240053721,44.930681361252454],[-115.20450728062654,44.93125444131053],[-115.20391784060065,44.93172242140647],[-115.20310393062708,44.93269939156719],[-115.20272389076746,44.93383662170054],[-115.20050445045139,44.93443679196243],[-115.19966745035488,44.93478368207151],[-115.19908858031827,44.93518416216068],[-115.19795631012063,44.93529682227776],[-115.19620313996872,44.936290892529115],[-115.19326942964686,44.93759484291902],[-115.17768571776406,44.9436037149117],[-115.17659992759903,44.94384294503525],[-115.1751776073163,44.943802215166706],[-115.1723932766585,44.9431680353766],[-115.17068234622757,44.94263651549347],[-115.16956291590347,44.94206494555078],[-115.16692566496293,44.93977658560506],[-115.16610760458809,44.938624675584066],[-115.15779712130943,44.92973626561098],[-115.15413854108213,44.93229325617697],[-115.15056737058819,44.93334179660547],[-115.148711500396,44.934229946857606],[-115.1435798799506,44.93714435759399],[-115.13791616889114,44.9373401981479],[-115.13645359859592,44.93727582828114],[-115.13623024859854,44.93751974832322],[-115.136236718714,44.938127498374676],[-115.13475104885171,44.94038978870953],[-115.13436055884937,44.94077950877996],[-115.13155986867179,44.94271868921178],[-115.12973749816011,44.94187415931221],[-115.12922241797413,44.9414156093218],[-115.12877774785281,44.94122827934789],[-115.12596116719972,44.940655459565896],[-115.12435972674588,44.939890989652234],[-115.12401540667307,44.9398583196821],[-115.12388362666744,44.939964179703615],[-115.12388559670671,44.940171269721205],[-115.1245659070589,44.94134371975724],[-115.12464371714613,44.94172758978278],[-115.12391632715709,44.94253483992095],[-115.12369483723114,44.94315684999534],[-115.12338967720493,44.943331880039274],[-115.1233201772725,44.943762850082834],[-115.12368996745028,44.944327060096136],[-115.12453967774945,44.94504319007693],[-115.12482524792162,44.94566453010307],[-115.12458403794103,44.9460161501561],[-115.12291268782128,44.94710045040758],[-115.12274779789043,44.94763787046929],[-115.1228423779573,44.94789599048247],[-115.12359883819161,44.94836303045075],[-115.1242942684555,44.94904962044368],[-115.12436627855688,44.94951442047666],[-115.12377706852814,44.94996835057146],[-115.12338343858362,44.950668550668816],[-115.1225565884811,44.950974530773486],[-115.12213417845471,44.951269160838855],[-115.12078268828087,44.9517367310071],[-115.12116711839309,44.95193742098788],[-115.12166663850152,44.951999650945794],[-115.12331646882451,44.95201777079081],[-115.12343214885153,44.952042180781966],[-115.12340319887126,44.95217674079625],[-115.11856987968719,44.9614864420527],[-115.11832110965689,44.96158137208448],[-115.11479312956497,44.964723432688515],[-115.1162150900763,44.96597570266087],[-115.11656868008485,44.96565745260009],[-115.12849765400219,44.97418509219807],[-115.1401784762706,44.9742184210918],[-115.13985952610437,44.97366409107463],[-115.13960940576766,44.97213416096745],[-115.13988761552125,44.97054081080464],[-115.14020679545513,44.96986185071626],[-115.14067729548324,44.96952743064296],[-115.141333485569,44.969308560561906],[-115.14254526585488,44.96958034047012],[-115.14330768600736,44.96960624039997],[-115.14404777609612,44.96931670030494],[-115.14505210616474,44.96864886015242],[-115.14675736637625,44.96801939993663],[-115.14737373648306,44.96795287987244],[-115.15058741705472,44.96768539954439],[-115.15341360762993,44.96783466928883],[-115.15497282796277,44.967999409154885],[-115.1579514186687,44.96868665893085],[-115.16059965917484,44.968652828676476],[-115.1619805394734,44.96881910855961],[-115.16871095102945,44.97016504803552],[-115.16867233108636,44.97050650806839],[-115.16831828115251,44.97122099816312],[-115.16712004126657,44.97305620843384],[-115.16664131124884,44.97345361851329],[-115.16673009133162,44.973801628534595],[-115.16864860266766,44.978918628789735],[-115.17145256298355,44.977716768420684],[-115.1707137927654,44.97731784845676],[-115.16996177247756,44.97656311846371],[-115.16992537237623,44.97606291842438],[-115.17031244220534,44.9747593082762],[-115.17097045209702,44.97350954810687],[-115.17151839214527,44.97320324802866],[-115.17265083230923,44.9729108078961],[-115.17333632234384,44.97239064778651],[-115.17347862231239,44.972077857746264],[-115.17030186088998,44.967791477681516],[-115.1708965607074,44.966212127490024],[-115.17101231056986,44.965363277406425],[-115.17154164059755,44.96496665732224],[-115.17195067052101,44.96414050721275],[-115.17193637048089,44.96394223719715],[-115.17155597030866,44.96341851718849],[-115.17156318026258,44.96316657716626],[-115.17236251028734,44.96247720703144],[-115.17271989009818,44.96110559688017],[-115.17416357007738,44.95951279660693],[-115.17647480994228,44.95642148612313],[-115.17825559995994,44.95468548580563],[-115.17881330978554,44.953186515624495],[-115.18185653037474,44.953190015335906],[-115.18205269039635,44.95310310530987],[-115.18282891012765,44.95087842504589],[-115.183640080087,44.94982907487919],[-115.18611504031118,44.948477584528725],[-115.18872395064558,44.94757376420379],[-115.18979851068116,44.94665908402359],[-115.19157985084793,44.94571507377379],[-115.19257698083356,44.944614593585065],[-115.19268858075132,44.944062723527296],[-115.19368678070671,44.94280021332459],[-115.19502135051485,44.9404087229934],[-115.1958530705333,44.93965218284978],[-115.19723299066693,44.93894480265837],[-115.19907900091239,44.93835278243255],[-115.19961914087445,44.937596112316605],[-115.19987244089114,44.93742456227791],[-115.20068425104878,44.937428352201195],[-115.20175558114386,44.936833082048615],[-115.20409915149366,44.936284821779395],[-115.20479987157358,44.93598977168764],[-115.20621249166787,44.935039731472415],[-115.20668944161586,44.93427303136154],[-115.20717726161504,44.933767571272064],[-115.20746231139012,44.93227839111772],[-115.20808482132246,44.931278960973174],[-115.2082947711264,44.930020500845664],[-115.20935795091991,44.92782930055739],[-115.2103123309346,44.926926440389664],[-115.21147643084264,44.92524088013508],[-115.21185761087119,44.92500078007841],[-115.21248332085413,44.9242666799563],[-115.21293595071643,44.92306877981089],[-115.2139445606636,44.92175086960251],[-115.21612372063862,44.919377439192864],[-115.21845034082182,44.91796057885102],[-115.21913587091225,44.91773721876691],[-115.2205626911548,44.917561408616564],[-115.22286381165196,44.917841958422336],[-115.22641122233358,44.917823448084285],[-115.22971512284256,44.91713692771224],[-115.23405449343602,44.91583618718945],[-115.2361211036193,44.91468771689528],[-115.23852546375342,44.9129309865171],[-115.23927244382392,44.912538506412695],[-115.24060518400283,44.91212125625062],[-115.24348901413681,44.909870935784824],[-115.2440869941553,44.90935474568402],[-115.24427715412611,44.909004055636025],[-115.24486320417702,44.90867273555208],[-115.24512523415385,44.908279915493644],[-115.24668650435629,44.907753535300614],[-115.24748266442484,44.907300385186396],[-115.2480401344526,44.906875015097214],[-115.2489202943796,44.9055818149032],[-115.24947818440334,44.90513482481211],[-115.24992855446023,44.9049747147557],[-115.25262551456895,44.902781804312596],[-115.25330881464049,44.90246079422038],[-115.2546108449147,44.902583084107334],[-115.25737839533937,44.9020009137952],[-115.25782730548188,44.90229870377808],[-115.2585354056472,44.902451573723965],[-115.26006979594136,44.902441723577645],[-115.26072253604441,44.90232009350534],[-115.26286174659327,44.903045423364475],[-115.26408074697773,44.90384056331678],[-115.26544068735424,44.90444872323975],[-115.26624973763381,44.90510659321923],[-115.26730714792545,44.9055735431588],[-115.26903690845273,44.90660459308278],[-115.26752231836765,44.90770703332059],[-115.26694890829769,44.907923343393485],[-115.26614841812247,44.907812623459954],[-115.26570852806503,44.90795852351414],[-115.26473416786669,44.90790329360179],[-115.26414173778349,44.90806883367215],[-115.26364411784773,44.9089219037922],[-115.26326388802354,44.91024852394154],[-115.26250148816031,44.91175945414288],[-115.2622247683161,44.91287286426423],[-115.26220733866043,44.91472344442389],[-115.26238104887325,44.9156776744889],[-115.26279967931112,44.917577834611464],[-115.26339126959319,44.91847139463156],[-115.26357180973032,44.91901593466094],[-115.26489717024337,44.92038495465208],[-115.26582954054189,44.92101609461747],[-115.26622194074855,44.921712634639654],[-115.26785644126952,44.9228063345779],[-115.26863472155414,44.923522014565116],[-115.26920070169312,44.923680284524885],[-115.26948690179512,44.92392897451897],[-115.2715641929886,44.92814449468148],[-115.2722053533128,44.92921065471156],[-115.27317188362292,44.92986792467586],[-115.27446061427165,44.93199485473496],[-115.27525640475446,44.93374489480866],[-115.27521141490402,44.93458592488465],[-115.27490120495682,44.93518438496512],[-115.2710883553914,44.94140125585726],[-115.26935236585244,44.945628496382525],[-115.26909994609461,44.94717304653818],[-115.26916970615744,44.94743516655389],[-115.26964220632117,44.947820426541895],[-115.27015529643688,44.94790921650067],[-115.2709564265658,44.94777281641298],[-115.27123086660681,44.94770944638149],[-115.2719054866151,44.9470625062623],[-115.27292549673001,44.94662782612835],[-115.27577849718514,44.946121805814236],[-115.27665405735823,44.946144015732976],[-115.27672158750961,44.9468787157892],[-115.27609604801967,44.950227096133936],[-115.27614498811997,44.9507094461704],[-115.27586576816284,44.95122285624069],[-115.27402394818391,44.95322052658588],[-115.27318262823462,44.9543510867621],[-115.27291999835538,44.95526083686459],[-115.2728388886152,44.956722456996836],[-115.27266247874356,44.957583997087],[-115.27194293877399,44.95848233723189],[-115.2701149286095,44.959480907490715],[-115.26612087793421,44.95998746791336],[-115.26548693787628,44.9603289280027],[-115.2647603478544,44.96095704812526],[-115.26385429792391,44.9622530883218],[-115.26285587789886,44.96314261849246],[-115.2625296979725,44.963866838585176],[-115.26180593786381,44.96403136866798],[-115.26059259763971,44.96408490878787],[-115.25918518743191,44.964423548950464],[-115.25734070725557,44.96537664920697],[-115.25616375719643,44.96626789939477],[-115.25549166713093,44.96660871948772],[-115.25427448712165,44.967805419705336],[-115.2528703273117,44.97025053004717],[-115.25168911737057,44.97177182028911],[-115.2515876574789,44.97244993035651],[-115.2520980578778,44.97404212044372],[-115.25223284814963,44.97534500054189],[-115.25252205839318,44.97633966059915],[-115.2532304187188,44.97734073061709],[-115.25371128887258,44.977663160598865],[-115.25596206980802,44.980317180610925],[-115.2565767001026,44.98124929063187],[-115.256955870431,44.98260090071098],[-115.2574346906123,44.983071810705525],[-115.25944854108852,44.98353463055346],[-115.2610983715401,44.98423942045656],[-115.2615422516262,44.98424168041457],[-115.26591023196436,44.981566939771426],[-115.26677955186106,44.980130789566545],[-115.2677962619005,44.97930001939908],[-115.2708807325352,44.9795087991236],[-115.27249916283436,44.979438768963725],[-115.27473825321844,44.979184548729194],[-115.27711917354026,44.97845531844072],[-115.28006618405527,44.97817115813627],[-115.28184997445294,44.978454567990774],[-115.28382065503841,44.979541957895904],[-115.28561276552094,44.98026653778711],[-115.29141562693641,44.98183435736856],[-115.29318584733811,44.982153397227336],[-115.29497546768582,44.98216662705822],[-115.29649959792118,44.98185628688686],[-115.29934962830292,44.98096704654017],[-115.30036232846027,44.98076606642676],[-115.30170751872005,44.980768076298986],[-115.30219922877801,44.980572846235575],[-115.30290313873641,44.97963357608875],[-115.30393137855343,44.977614375819336],[-115.3040182684047,44.97673795573649],[-115.30472892822429,44.975056105525944],[-115.30601189828576,44.97407139532019],[-115.30690851841696,44.97385064521616],[-115.30910975879488,44.973604184985845],[-115.31151723909412,44.97273059468264],[-115.31532944965696,44.971819164242575],[-115.31592904974958,44.9716974741752],[-115.31708692998363,44.971755054070016],[-115.31933613058739,44.97265688393272],[-115.32257296163317,44.97489199381482],[-115.32356768206134,44.97614439382661],[-115.32540747222556,44.975136143565955],[-115.32663762243202,44.97497412343517],[-115.32861646268707,44.97430544319015],[-115.32908232276796,44.97425824314179],[-115.33101321318104,44.974475522976576],[-115.33198368331976,44.97421963286253],[-115.3337182034871,44.97333574262244],[-115.33514194357917,44.972370772405064],[-115.33609218360257,44.971524912242856],[-115.33786770353494,44.96935424188955],[-115.33885615362607,44.96882850175088],[-115.34099286402228,44.968747031540715],[-115.34306783447357,44.96902021136658],[-115.34464948476982,44.968975631212345],[-115.34633899503953,44.968680531026564],[-115.34763000531463,44.96882075091573],[-115.35193340583658,44.96719503036836],[-115.35429887624666,44.9669545701229],[-115.35751101668703,44.96601057973723],[-115.35947360699458,44.965638189518955],[-115.36234458740222,44.9648692091806],[-115.364221217732,44.96470254898796],[-115.36854848857415,44.96475094858044],[-115.36975187877164,44.96457008845061],[-115.37242393918177,44.964018558149625],[-115.37435521943719,44.963402407913684],[-115.37595622969101,44.963114617736935],[-115.377330719842,44.962513007555145],[-115.38307849064483,44.96090661687212],[-115.38641304103622,44.95958095644246],[-115.38714913121036,44.959753386387106],[-115.38778214142388,44.96023944636812],[-115.38861190175392,44.96114236636574],[-115.38922705191888,44.96138960632822],[-115.39067985218615,44.96132456618445],[-115.39195231234679,44.96087887602562],[-115.39261096247267,44.96087464596259],[-115.39273793252802,44.96103846596443],[-115.39250928261,44.961705916042746],[-115.39247735271249,44.962281606094606],[-115.39276444300725,44.96355044617488],[-115.39281531323553,44.96470793626815],[-115.39269283353624,44.96642562642544],[-115.3923975838144,44.96819939660389],[-115.39241615411551,44.96977503673568],[-115.39226663418663,44.970304056794745],[-115.39250937486393,44.97364276705465],[-115.39236166500346,44.974531897144004],[-115.39156872517961,44.97627164736692],[-115.39153251524054,44.976631227400844],[-115.3917880555447,44.97798064749087],[-115.39291673632538,44.98096273763609],[-115.39296980652882,44.98198521771766],[-115.39208597658867,44.98320156790483],[-115.3906199265384,44.984427718148275],[-115.38935208654718,44.985764658382216],[-115.38892744657583,44.98634830847211],[-115.38851910671147,44.987481318606974],[-115.38669516658794,44.98868435888256],[-115.38675041670169,44.98922976892352],[-115.3871408968971,44.98986542894019],[-115.3870760469423,44.990170588972205],[-115.38731194710239,44.99077705900114],[-115.38727648716359,44.991136649034935],[-115.38764586739568,44.99198805907186],[-115.38795466752741,44.99237050907487],[-115.38808497765757,44.99292597910951],[-115.3881281077707,44.99348020915231],[-115.38790791784439,44.994093749225264],[-115.38780007802687,44.99516797932653],[-115.38799441854502,44.997709319523224],[-115.38792037869327,44.99856796960297],[-115.38812501892482,44.99958359966945],[-115.3878877290463,45.000466959766854],[-115.38608397950965,45.00474897030119],[-115.38609977958257,45.00511828033096],[-115.38572786953218,45.00523005037591],[-115.3823212188315,45.00499280068038],[-115.38070294853357,45.00506439084055],[-115.37824600816734,45.0056281711224],[-115.3759684479034,45.00655002141746],[-115.37154741751068,45.008971632043725],[-115.37051912750074,45.00996520222583],[-115.36996211755397,45.010812442350634],[-115.36912521755245,45.0116556925018],[-115.36828300760112,45.01276892267632],[-115.36727830752766,45.01340271282572],[-115.36644186752798,45.01425494297761],[-115.36615691749024,45.014345393012434],[-115.3653383573167,45.014261663083325],[-115.36395544695797,45.013773753173766],[-115.36307586677765,45.01371613325268],[-115.36266564665748,45.01349870327339],[-115.36189444635772,45.01269997327916],[-115.36161865612401,45.0117462932247],[-115.3611375259397,45.011262283229506],[-115.35856113512455,45.00957791333228],[-115.35655899462013,45.00895048346982],[-115.35573117448573,45.00908259355985],[-115.35494202448577,45.0098859137031],[-115.35474112476865,45.0115844138662],[-115.35484529517507,45.01362487402917],[-115.35358375479305,45.01289103408717],[-115.35304724468146,45.012847294134616],[-115.35257305464162,45.013119514202835],[-115.35223502471368,45.01384380429643],[-115.3529784150967,45.01511031433291],[-115.35425947553195,45.01610550429513],[-115.35471749565468,45.01628764426692],[-115.35581235587458,45.01633491416663],[-115.35610545599665,45.01668121416804],[-115.35672446618746,45.017059204141084],[-115.35707747626577,45.017113794112056],[-115.35787243637587,45.016886674017094],[-115.35813843636222,45.01654392396269],[-115.35791930599548,45.0148303838384],[-115.35752245559489,45.013118783731244],[-115.35752820545284,45.012362693666574],[-115.35728252526765,45.01163449362833],[-115.35730174522286,45.01137821360475],[-115.35750710526808,45.011408173587725],[-115.35905282575067,45.012384613523245],[-115.35944528604294,45.01352901358279],[-115.36083313657491,45.01492625356887],[-115.3612229667687,45.01555298358484],[-115.36170878693348,45.015929043570395],[-115.36241490734248,45.01737049362523],[-115.36269468742955,45.01754554361337],[-115.36333207756,45.01758618355609],[-115.36381908763295,45.017476143500325],[-115.36497679773716,45.01684907333689],[-115.36613700800466,45.017081723246065],[-115.36655284807819,45.0170471632035],[-115.36693193811473,45.016854543151055],[-115.36883126809171,45.014802212796305],[-115.37049011814969,45.0134215725213],[-115.37120411807433,45.012297502358045],[-115.372834568056,45.010542832054156],[-115.37458336816478,45.00933896178553],[-115.379534888718,45.0072263211349],[-115.38187140904456,45.00657529085719],[-115.38321282929526,45.006535780726],[-115.3887823605832,45.00767673029199],[-115.3894544007749,45.0080057802558],[-115.39020688117824,45.0093712002996],[-115.39133691149334,45.00988674023558],[-115.39171562162265,45.01018464022468],[-115.3916511816706,45.010503310257796],[-115.39141593167157,45.010747550300906],[-115.3912584026964,45.016317600787154],[-115.3914938929785,45.01756770087045],[-115.39184140318454,45.01830176089943],[-115.39194869331119,45.01886140093655],[-115.3925846735317,45.01937897091972],[-115.39107476339915,45.02021290113419],[-115.39052288318395,45.019638001138155],[-115.38666701279396,45.02149652166299],[-115.38470308210957,45.01987990171338],[-115.38305991149629,45.018312801737416],[-115.37996732128836,45.02035745220522],[-115.38052372148397,45.0208244421917],[-115.3787748013746,45.022023912459886],[-115.3825902928531,45.02594888242823],[-115.39278008631432,45.03385699212534],[-115.39382929691266,45.03594671220191],[-115.3958298370973,45.03489009192175],[-115.39735620771108,45.036576891918735],[-115.40385840855953,45.034453461119114],[-115.40041202709916,45.03025080109262],[-115.40219894727957,45.029389120849416],[-115.40295472750303,45.02980028081209],[-115.40563889850131,45.03234035077075],[-115.40702564908945,45.03403407078156],[-115.40732660926516,45.034654910805266],[-115.4074145093429,45.034975710824014],[-115.40730398951862,45.03601390092226],[-115.40747167961965,45.03637632093686],[-115.40791059978473,45.036801030930874],[-115.40866867998297,45.037077160881914],[-115.4086900200093,45.03719448088975],[-115.40789011994815,45.03768295100731],[-115.4074092399534,45.03819836109677],[-115.40682399999558,45.039013881221486],[-115.40611603018037,45.040705381431906],[-115.40586208038118,45.04202063156722],[-115.40591461055291,45.04287206163407],[-115.40535361072116,45.044327051810505],[-115.40522708091613,45.04548204192014],[-115.4054253210693,45.046087951952394],[-115.40542396128443,45.04722218204828],[-115.40572913143798,45.04772155206133],[-115.40587322157124,45.048277182094516],[-115.40559708187037,45.05013224227746],[-115.405662852014,45.05082181232943],[-115.40626690233623,45.05190598236331],[-115.40719156263374,45.052535522328185],[-115.40805290295057,45.05333071231311],[-115.4096141034364,45.05430667224648],[-115.41061441396508,45.0560759823003],[-115.40759180398103,45.059220582854245],[-115.4094254144705,45.059939292739834],[-115.40937235448666,45.0600780827566],[-115.40728376422634,45.06082314301892],[-115.40450724398835,45.06238224341554],[-115.40176814403733,45.06541361393292],[-115.40164020407319,45.065731393971944],[-115.40170406414812,45.06606086399366],[-115.4019872942744,45.06643840399846],[-115.40237874437646,45.06657891397294],[-115.40323541452486,45.066491873883805],[-115.40776432497466,45.06427310326411],[-115.41094057542837,45.0634441528909],[-115.41406168598243,45.0631994725722],[-115.41538618636062,45.063848002500464],[-115.41496350635258,45.06423372257334],[-115.41368650620278,45.06473810273785],[-115.41284885621141,45.06563116289318],[-115.41256121626142,45.066185282967375],[-115.41084716608962,45.06701663320121],[-115.40866288595363,45.06851205353593],[-115.40598083596537,45.07128776402626],[-115.40564203594207,45.071508084077195],[-115.4046302058525,45.07206108422051],[-115.40233835558762,45.072987754517534],[-115.39906230505436,45.073499994873686],[-115.39702770478394,45.074137595121805],[-115.39506173435133,45.07385343528558],[-115.39255059356407,45.07225627539065],[-115.39104776313877,45.07154195547382],[-115.3873816922253,45.0704505157318],[-115.38596467193489,45.07035848585934],[-115.3843086614164,45.06930884592889],[-115.38324620115925,45.069032746007004],[-115.38150118077998,45.068805486154396],[-115.37932679013535,45.06761789626174],[-115.37808533987324,45.06749674637005],[-115.37706329969416,45.06759025647552],[-115.37597550943208,45.06731373655601],[-115.37316860889743,45.06734590682671],[-115.3731596982668,45.06403709654798],[-115.35269201431538,45.06399705849821],[-115.35271242592523,45.07244552921049],[-115.35082305560024,45.0726515194083],[-115.34933827544518,45.07334121960838],[-115.34807841510127,45.07280988968373],[-115.34755351499007,45.07275728972938],[-115.34619762480024,45.07313374989064],[-115.34143606404886,45.07400989041927],[-115.33997899387256,45.074560350604926],[-115.33949541388618,45.075122390698596],[-115.3391344038599,45.07535008075233],[-115.3375147636551,45.07591530095475],[-115.33719662365444,45.076234741012144],[-115.33681776384228,45.07760652116431],[-115.33590612377093,45.07815586129775],[-115.33545270378755,45.07870287138736],[-115.33538167391661,45.07945350145758],[-115.33551356414446,45.08051765153496],[-115.33517370415157,45.08089978159971],[-115.33390861407965,45.081804031796985],[-115.33317824427496,45.08357126201614],[-115.33261085427189,45.08413010211758],[-115.33213059450506,45.085842452308256],[-115.33093106442108,45.08661710248827],[-115.33018548444736,45.08751089263507],[-115.32956699467854,45.08935269284982],[-115.32719282422053,45.089352503076555],[-115.32719688491021,45.09297148338215],[-115.31931657338956,45.092970024134644],[-115.30431989324897,45.107430606790025],[-115.30447878534831,45.11828439769247],[-115.31891602882226,45.121887066616864],[-115.31816650881301,45.12259693674846],[-115.31743611875496,45.12303177685503],[-115.31723225884211,45.123694906930545],[-115.31621622896044,45.125343327166924],[-115.31596003896951,45.125650117217276],[-115.31477558889728,45.12646981739979],[-115.31415077893209,45.12728426752831],[-115.3136402288922,45.127591797603095],[-115.31308725899518,45.1286908577488],[-115.31308048907371,45.1291093477848],[-115.31356295922834,45.12943153776591],[-115.31360305930579,45.12979670779286],[-115.31302292939918,45.130872857939245],[-115.31299284951092,45.13148904799417],[-115.31312893962348,45.131941148019294],[-115.31246496968245,45.132921548165584],[-115.31223265978812,45.13371027825442],[-115.3124200900414,45.13484727833252],[-115.31225971044134,45.13710437853846],[-115.31268222068994,45.13797929857192],[-115.31193295090328,45.139854118801836],[-115.31213080109885,45.14067815885247],[-115.31121453100496,45.14111275897681],[-115.31151098123236,45.1420038190237],[-115.31148843133037,45.14253980907109],[-115.30960534112725,45.143379919322165],[-115.30931234113521,45.14371764937873],[-115.3094087913011,45.144488739434586],[-115.30931698134243,45.144797939469406],[-115.30818218134107,45.14593786967424],[-115.30708184127252,45.14669121984313],[-115.30520840103098,45.14732056007548],[-115.30433360096617,45.14786569020518],[-115.30325708096336,45.1489389203988],[-115.30253377102197,45.149976890555614],[-115.30193003101975,45.15057553066393],[-115.30092856090093,45.150965720792655],[-115.29983522072104,45.151129480911116],[-115.2992940606657,45.15138698098466],[-115.29891723066926,45.15178645105442],[-115.29714007046454,45.1525116112857],[-115.30054867208935,45.15756741138628],[-115.30045568215806,45.15802062143341],[-115.29993498228664,45.15921911158443],[-115.29897786241659,45.16086570181495],[-115.29878622250725,45.16153348188966],[-115.29803284264449,45.16301205208656],[-115.29719769268823,45.164084322257004],[-115.29581026264776,45.16527437249022],[-115.2948263526727,45.16639841267924],[-115.29450580283033,45.16754585280676],[-115.29449229295507,45.16821178286428],[-115.29388506346211,45.171474873197695],[-115.29332968362623,45.17289336337054],[-115.292828673646,45.17350249346996],[-115.29287757371418,45.173809283491124],[-115.2931317138269,45.17414165349485],[-115.29506794439865,45.17517428339656],[-115.29556545459441,45.175694813392845],[-115.29714122508773,45.17668151332518],[-115.29994406612239,45.17925728327393],[-115.30056368640366,45.18010112328576],[-115.30095400662933,45.1808855833145],[-115.30107636680239,45.181666063368574],[-115.30191196704898,45.18211057332605],[-115.30248514725962,45.182632203315094],[-115.30335991767677,45.18392796334053],[-115.30374796796315,45.18503194339641],[-115.305827608827,45.187443793400504],[-115.30743308927103,45.18814273330559],[-115.30966754997809,45.18958011321258],[-115.31080161061786,45.19177532328889],[-115.31563219177983,45.19296995292657],[-115.3195063726676,45.19369767261658],[-115.32562063421062,45.19558785218973],[-115.3268471645545,45.196145932119116],[-115.33061231585143,45.199117622008345],[-115.33391987673836,45.200412671800166],[-115.33478944701226,45.20096546176333],[-115.3351584171795,45.20146594177003],[-115.33511672764455,45.20393182198151],[-115.33561975791923,45.20485733201113],[-115.33564625824741,45.20654104215017],[-115.33504018846298,45.20827405235405],[-115.33375838854793,45.21000619262266],[-115.33377328858886,45.21020445263789],[-115.33453650883081,45.21069718260614],[-115.33509878907313,45.211394012610796],[-115.33610102938609,45.21201624256704],[-115.33672298962978,45.2126599225615],[-115.33699851982888,45.21342009259896],[-115.33684762996523,45.21428206268593],[-115.33700530007393,45.21468943270506],[-115.33895989065812,45.215766592608155],[-115.339816020831,45.21580604252932],[-115.34076472109372,45.216220412473106],[-115.34133113128416,45.21664272245431],[-115.3423588717292,45.217926892463595],[-115.34267267180964,45.21803046244223],[-115.34364617192188,45.21763601231571],[-115.34690998221278,45.21587040185418],[-115.34770188232685,45.21566838176122],[-115.3485000023787,45.215136111639914],[-115.353516293125,45.21398097106164],[-115.35506924339272,45.213814310898655],[-115.35645622372127,45.21413134079219],[-115.35813684404332,45.214119510629956],[-115.36367452484963,45.212754219984014],[-115.36488251507909,45.212735519866555],[-115.36594645533395,45.212993799786155],[-115.36713380556975,45.213028789675185],[-115.36738762557887,45.21282118963339],[-115.36738467524597,45.21109054948832],[-115.36867565549512,45.21109099936452],[-115.36933298546207,45.21025871923153],[-115.37049619550734,45.20932563904162],[-115.3714169655034,45.20838008887383],[-115.37221976559569,45.20805396876947],[-115.37430998603476,45.20824127858469],[-115.37570043637245,45.208603138481664],[-115.37736521668425,45.20855478831784],[-115.3788816070128,45.208742858188195],[-115.38061331747163,45.209393058076635],[-115.381617107788,45.21003290803402],[-115.38189476784768,45.21006470801009],[-115.38211611777713,45.209475007939325],[-115.38413027778098,45.20747229757795],[-115.3855493378225,45.2062630373403],[-115.3885095480168,45.20430227689175],[-115.38886049782963,45.20297476674663],[-115.38931825774732,45.202085936628094],[-115.39021852770121,45.200941526445675],[-115.39136293771685,45.19987341624621],[-115.3934381376448,45.197412935840596],[-115.39536836766696,45.195589505502376],[-115.39535311742105,45.19432302539754],[-115.39503267711197,45.19303366532003],[-115.39450624685833,45.1922402053039],[-115.3932931764094,45.19111868532601],[-115.39314821627097,45.19054266529157],[-115.39355257621358,45.18983694519355],[-115.39554384628644,45.18821569486643],[-115.39607027627603,45.18763205476694],[-115.39668062619397,45.18659063462098],[-115.39682558611365,45.18602606455965],[-115.39673403599437,45.185495814523925],[-115.39640596583897,45.18501516451502],[-115.39632204574455,45.18460699448877],[-115.39671506568345,45.18389317439115],[-115.39687197556573,45.18312122431128],[-115.39681453547423,45.18270183428152],[-115.39611075507618,45.18133268423403],[-115.39572663468108,45.17965745413008],[-115.39522917442433,45.17881779410722],[-115.39544801437913,45.17836177404793],[-115.3958669244239,45.178174123992015],[-115.39736572467362,45.17797012383123],[-115.39971168501042,45.177368393555824],[-115.40480307583515,45.176552952999316],[-115.40661850601387,45.1756601127503],[-115.408596966377,45.17556618255278],[-115.40906915640976,45.175262202481974],[-115.409871396375,45.17427417232206],[-115.41139521656564,45.17373726213092],[-115.41183298659855,45.17346880206643],[-115.41470888712678,45.17333456177949],[-115.416608607625,45.17402502165533],[-115.41759279779333,45.17391439155172],[-115.41865328786461,45.17322012139177],[-115.41931703785866,45.17252203126954],[-115.42003420773658,45.17116400108683],[-115.42052248771373,45.170553650988744],[-115.42235353782006,45.16926809070533],[-115.4226663478277,45.16899343065228],[-115.423070707747,45.168165640544004],[-115.4237878677982,45.16771170043717],[-115.42589608814752,45.167416260210295],[-115.42892035878181,45.16768744994323],[-115.4317519494361,45.168257479719664],[-115.43236516959283,45.16845943967782],[-115.43421980022293,45.16988466961962],[-115.4350992104885,45.170387329577494],[-115.43619898074623,45.17062743949228],[-115.43889096131116,45.170871309254636],[-115.44352943222128,45.17096163881755],[-115.4469189330722,45.1719979885795],[-115.44723049317868,45.17224076857],[-115.44775655344606,45.1731075985922],[-115.44812585354913,45.1732746485708],[-115.44899665366718,45.17301642846567],[-115.44977050371551,45.172491328347455],[-115.45053022382139,45.17228108825698],[-115.45089804388968,45.1722680782206],[-115.45231573426715,45.172813908130436],[-115.45359946454245,45.172961828019766],[-115.45525950478255,45.17254770782586],[-115.45742573529813,45.17306308766137],[-115.45932459563903,45.17293569746857],[-115.46130046605786,45.17313786729607],[-115.46370268670049,45.17407939714458],[-115.46587416723169,45.17467120698592],[-115.4701489180183,45.17448550656042],[-115.4722441385345,45.175076166408964],[-115.47307708880216,45.17563642637599],[-115.47444446941898,45.17748206639941],[-115.47511607966642,45.178098656386624],[-115.47550824979895,45.178396456373946],[-115.47647521001583,45.17855788629476],[-115.47638670015482,45.17937137637138],[-115.47597092036473,45.180882636537774],[-115.47526738050043,45.18229552672362],[-115.47502335063504,45.183241956826265],[-115.4748670607505,45.18400052690474],[-115.4748868311153,45.18588216706041],[-115.47464991126856,45.1869187171699],[-115.47464543138,45.18750376721935],[-115.47532383176957,45.188854097267274],[-115.47549535209673,45.19038669737914],[-115.47552978296564,45.19487905775179],[-115.4758912333256,45.19639167784371],[-115.47543621352902,45.197906908014176],[-115.47532822367822,45.19879214809862],[-115.47571343413537,45.20078667822852],[-115.47588447424305,45.20117603824466],[-115.47735246472199,45.202199328189316],[-115.47759218488716,45.20281913821819],[-115.47778187529421,45.20474805836128],[-115.47792089538012,45.2050559683737],[-115.48026639620913,45.207022588313],[-115.48050758631842,45.20734986831724],[-115.48074216668674,45.209031818435335],[-115.48116620690175,45.20972608845267],[-115.48172146711983,45.21030508844778],[-115.48224627741418,45.21131125848147],[-115.48337090782631,45.212329908458614],[-115.4853311884809,45.21377369839103],[-115.4851225185224,45.21419851844663],[-115.48427373849373,45.21489838858665],[-115.48383198851232,45.21543713867409],[-115.48335216858582,45.21629943879225],[-115.48328453868777,45.21689714884872],[-115.48336760887449,45.217784928914924],[-115.48368765909697,45.218621848954164],[-115.48468531960997,45.22029140899784],[-115.48561719001064,45.22144249900452],[-115.48678366062587,45.22347435906221],[-115.48753121113354,45.225365619148356],[-115.48768114187129,45.22904932944168],[-115.48668508217096,45.231601629750585],[-115.48647932246877,45.23335423991671],[-115.50007941894778,45.25340495028243],[-115.50289785965055,45.25423855008085],[-115.50429323021231,45.255760080073465],[-115.50545249052672,45.25623433000145],[-115.50648103086944,45.256985899965194],[-115.50743142113356,45.25740788990894],[-115.50770602123484,45.25765901990343],[-115.50873270169701,45.25903164991905],[-115.50905897205581,45.260566170015565],[-115.50963661230121,45.261262330018035],[-115.50976532251642,45.26224967008793],[-115.50997815263864,45.26267102010256],[-115.51214946359406,45.26545828012584],[-115.51414668437315,45.267505110104125],[-115.51441198454215,45.268116170129474],[-115.51443435464029,45.26860254016786],[-115.51607456527607,45.27026213014819],[-115.51616123547112,45.27118591021677],[-115.51675518575975,45.27208927023483],[-115.51941124692985,45.27550379026347],[-115.52083891748435,45.276953510246685],[-115.52120663773592,45.27788993028924],[-115.5212701779631,45.279002440375706],[-115.52117454811665,45.279892350459015],[-115.52127596819379,45.28019072047408],[-115.51989128809713,45.28106844068049],[-115.51943536801612,45.28110304072726],[-115.51839118791192,45.28160260086938],[-115.5180440979608,45.28220120095268],[-115.5170431779398,45.28308837112292],[-115.51694999797466,45.28336171115462],[-115.51663943796636,45.2836277212067],[-115.51621844791651,45.28378879126063],[-115.51400041749136,45.28379597147485],[-115.51321808742158,45.28421337158495],[-115.51287372747977,45.28485700167166],[-115.51302377784303,45.28658724180126],[-115.51249345793805,45.28760652193716],[-115.51246153807362,45.288339722001275],[-115.51272050819453,45.28870765200694],[-115.51328983835509,45.2889716019741],[-115.51400144851635,45.289097881916035],[-115.5154017987796,45.289066571778534],[-115.5164391688338,45.28831491161606],[-115.51654343873666,45.287708661555605],[-115.51664248874815,45.287669441542775],[-115.51765088897591,45.2878445514602],[-115.51910037939831,45.288587961382504],[-115.51989310958842,45.28878276132231],[-115.521135629934,45.28933444124852],[-115.52260576040918,45.290330111189746],[-115.52377495087188,45.29156042117943],[-115.52557262149442,45.29299236112539],[-115.52663726180799,45.293555181069614],[-115.5286757025967,45.29560678104383],[-115.52892129274468,45.2961275310635],[-115.53115949338415,45.2972089309377],[-115.53207037369096,45.29788942090647],[-115.53227303378918,45.29819602091248],[-115.53309188444241,45.30075839104654],[-115.53417422501725,45.302653581099776],[-115.53417325532371,45.30423783123155],[-115.5349081856994,45.305448951261354],[-115.5347736557499,45.305843291307035],[-115.53486134585673,45.30630799133723],[-115.53371870605154,45.308449191625336],[-115.53331587601754,45.30867356168277],[-115.53283218592857,45.308694361731135],[-115.53057978575923,45.310056152061414],[-115.53047458577447,45.3102393320868],[-115.53382230658676,45.31111046183645],[-115.53693857722502,45.31131241155277],[-115.53897203775173,45.312013541414935],[-115.54084416833413,45.31316263132988],[-115.5421471686497,45.31349881123213],[-115.54406557906071,45.313716801065254],[-115.54581905956599,45.31458526096827],[-115.54748353996148,45.31497548084015],[-115.55033205051853,45.31502514056955],[-115.55124239064082,45.31475314045919],[-115.55225189081027,45.31462641035133],[-115.55320721092644,45.314278450230326],[-115.55437360113338,45.31418969011049],[-115.55642213154427,45.31427858992028],[-115.55719598174456,45.31454489986771],[-115.56012465241733,45.31511291963241],[-115.56058891254777,45.31532579960528],[-115.56240579318643,45.31682039955406],[-115.5651949439253,45.31786810937196],[-115.56699682424883,45.317751189188456],[-115.5683918146493,45.31843477911059],[-115.57340420557628,45.31824990861171],[-115.57430585570805,45.318036118506974],[-115.57697122640172,45.31897397832763],[-115.57781635657132,45.31901149824918],[-115.57899745675387,45.31878314811631],[-115.57930248677829,45.3186069080723],[-115.57976348687232,45.318635148030154],[-115.58020222699865,45.31885212800577],[-115.58069203728928,45.31986637804263],[-115.58123225749554,45.32039516803432],[-115.58191771767942,45.32066471799055],[-115.58399594816466,45.321109047826866],[-115.58439881832153,45.32151909782194],[-115.58560291890123,45.323316287854695],[-115.58603461916228,45.324235277889194],[-115.5862977092632,45.32449507788537],[-115.58654527944486,45.32518674791878],[-115.58731004977248,45.326118847922196],[-115.58755997993018,45.32668452794498],[-115.58745825009463,45.32763291803332],[-115.58754643017025,45.32793555804991],[-115.58804982043398,45.32879690807266],[-115.58882589070097,45.32940508804817],[-115.58913626089054,45.330075028073686],[-115.58935823109958,45.33093290812332],[-115.58935545121433,45.33152696817282],[-115.58872563126569,45.332414828307144],[-115.59043547183913,45.3336781282467],[-115.59076869199826,45.33416830825512],[-115.5905451322753,45.33581731841325],[-115.59089361247408,45.33649671843589],[-115.59112677267927,45.33732322848179],[-115.59216078303234,45.338119088447904],[-115.59336133332515,45.338439918358496],[-115.59424578359669,45.3389638783165],[-115.59448691382268,45.33988948836986],[-115.59507029407673,45.34062126837407],[-115.59330759407406,45.34235036868746],[-115.59049516379906,45.34371544907202],[-115.5898354638342,45.344548939204714],[-115.59008771414986,45.345924769294264],[-115.58963685423876,45.34682834941262],[-115.59086863451937,45.347055069312404],[-115.59211448502387,45.34842062930511],[-115.59227709547517,45.35058296946834],[-115.59218468566273,45.35163949956472],[-115.5924140558289,45.35226791959455],[-115.59241015594002,45.352843959642605],[-115.59313358646902,45.35485117973878],[-115.59314302658457,45.35543637978626],[-115.59346414692519,45.356871559873966],[-115.59403078732142,45.35835024994155],[-115.59578501800726,45.36014508992049],[-115.60979401070227,45.36017228856896],[-115.61613265180968,45.359610097909936],[-115.61842825245604,45.360668517775515],[-115.62085536304663,45.36130991759394],[-115.62500891400481,45.362138567260935],[-115.62598666433219,45.36285693722578],[-115.62642880467986,45.36420794729457],[-115.62810337518542,45.36515519721093],[-115.62846066534591,45.365627557215426],[-115.63155371600615,45.36597067694474],[-115.63098817610123,45.36701705708582],[-115.63048453608225,45.36741608716744],[-115.63021424620841,45.36833098726911],[-115.63199569662707,45.36872587712946],[-115.63348315701748,45.36926574703022],[-115.63372738712889,45.36959721703394],[-115.63612785761778,45.369742896813875],[-115.63811257846656,45.37214741682042],[-115.63817206855872,45.372562186848874],[-115.638752258865,45.37356374687542],[-115.63872608894928,45.374022506915836],[-115.63845049900179,45.3745638069871],[-115.63851660908038,45.374902147008676],[-115.64160299020716,45.377648266936696],[-115.64195814036029,45.37808454693831],[-115.64214266053108,45.37877984697783],[-115.64303395093907,45.37999660699201],[-115.64339377104221,45.38017190697162],[-115.64417229137219,45.3810992769728],[-115.64497543164296,45.3816983869445],[-115.64525299184153,45.38244428697919],[-115.64592661208279,45.383019346961404],[-115.64621475239916,45.384359457044035],[-115.64840682286676,45.38460142685193],[-115.64874545297633,45.38483046683802],[-115.64887734307213,45.3851920768551],[-115.64928543324079,45.38565596685385],[-115.64963232334316,45.385840096835445],[-115.65017329345609,45.385886986786986],[-115.65035160352109,45.38604491678275],[-115.65022655368395,45.38700377687386],[-115.65035596380162,45.38748008690061],[-115.65036262422987,45.38967081708053],[-115.64995030436981,45.39079457721311],[-115.64999788464314,45.39214983732014],[-115.65107713501584,45.39299970728577],[-115.65240163583456,45.3958957473962],[-115.65357496611591,45.3961841073064],[-115.65631687708347,45.3984486972275],[-115.65648673721647,45.39896376725349],[-115.65706006750423,45.39987513727305],[-115.65735231788933,45.40156180738367],[-115.65778720809404,45.402183507392735],[-115.6582750484056,45.40330089743757],[-115.65906992865473,45.40379628740138],[-115.66030806888975,45.40378379728044],[-115.66173487906038,45.40325592709883],[-115.66302958916852,45.40253746691433],[-115.6688904400405,45.40124665624057],[-115.67194612129556,45.404675686226916],[-115.67147145143973,45.40588084637204],[-115.67172863161525,45.406527426400324],[-115.67183393182275,45.407487286469134],[-115.6716889521777,45.40944788664453],[-115.67124074223922,45.41020328675009],[-115.67101561248111,45.41166337689201],[-115.67008050265913,45.41349326713314],[-115.66998311283271,45.41447777722359],[-115.69401839908168,45.4228784855853],[-115.69575781929753,45.422277255367284],[-115.69789061940229,45.42072183503281],[-115.70026849967677,45.41979475472618],[-115.70271805013662,45.41974606448481],[-115.70395566033783,45.419562064349705],[-115.70604584084404,45.42010331419161],[-115.7076991810809,45.41969445399777],[-115.70828470118647,45.41966056393826],[-115.71000315158983,45.420040013802826],[-115.71258782206071,45.41991612354212],[-115.71501299236785,45.41911078324094],[-115.72409418459851,45.421624812567046],[-115.72535483524915,45.42371816261662],[-115.72586307542853,45.424137882601755],[-115.72657792562244,45.42442938255636],[-115.73152304674463,45.42532597215046],[-115.7331304671641,45.42589736204148],[-115.73698641792038,45.425989531675086],[-115.7386136983314,45.42649806155899],[-115.74106950880243,45.42650262132124],[-115.74405730954533,45.42737709110319],[-115.74623220996718,45.42740545089457],[-115.74751089015214,45.427099920745526],[-115.74900859053353,45.42758438063997],[-115.75204699116465,45.42783811036609],[-115.7541027216998,45.42856262022606],[-115.754343651742,45.4285427402011],[-115.75469926177382,45.42835759015145],[-115.75515161172403,45.42766042005043],[-115.75609946176037,45.42691912989773],[-115.75823823191271,45.42560567958268],[-115.75898017193566,45.42499714946089],[-115.7590882419117,45.42476878943167],[-115.76120800260782,45.42625447934783],[-115.76204810285044,45.426673129300625],[-115.76367015321613,45.42695621916652],[-115.76614535397579,45.42841864904621],[-115.76673033407926,45.42837544898588],[-115.76798817436035,45.428582528880824],[-115.76917347472695,45.4292973888244],[-115.77037334515977,45.43033643879312],[-115.77221959564456,45.43100886866906],[-115.77328785598186,45.43168835862103],[-115.77407173646776,45.4334050686855],[-115.78112879861642,45.437486038334725],[-115.78125470866541,45.43761339833289],[-115.78122120876026,45.438130618378466],[-115.78149990895339,45.43884467840984],[-115.7822278291805,45.43929349837594],[-115.78283679949301,45.440294608398744],[-115.78440095009597,45.44184595837383],[-115.78530801038593,45.442440678334414],[-115.7865309006399,45.44254366822416],[-115.78840281112697,45.44320259809632],[-115.78935292131675,45.4432441680075],[-115.79078130152148,45.44289472784024],[-115.79146919164732,45.442865987771114],[-115.79301567182455,45.442261237571564],[-115.79488335194567,45.44105676729178],[-115.79512888193939,45.4407848172457],[-115.79569842200618,45.44057028717287],[-115.79784208237547,45.4403633069479],[-115.7992217325768,45.4400447567879],[-115.80006561273811,45.44004460670597],[-115.80066140286996,45.440136366655665],[-115.80133209307004,45.44050344662055],[-115.80223859329982,45.440791986556135],[-115.80477024378364,45.44079146631037],[-115.80586412406812,45.44117643623561],[-115.80693936424758,45.441043646120356],[-115.80810178449505,45.44117277601808],[-115.80905556466608,45.44111520592081],[-115.80956261478163,45.441210495879346],[-115.81040602502915,45.441651325833504],[-115.81209004540116,45.44190736569093],[-115.81186650558016,45.443039195805085],[-115.81189296579342,45.44410161588935],[-115.81225230592452,45.44442038588049],[-115.82008098706787,45.44262132497339],[-115.83355950963859,45.44260088366292],[-115.83619161029381,45.44337930347086],[-115.83739117072112,45.444390633436896],[-115.8376435909383,45.445252813482746],[-115.83958452144955,45.445970123352744],[-115.84188813233075,45.44822126331268],[-115.84354631269566,45.448467573171726],[-115.84636112314958,45.44804143286355],[-115.84772448328022,45.447380082677185],[-115.84884842334614,45.446621802506144],[-115.85008812355085,45.44645875237241],[-115.85103711379834,45.4467968323078],[-115.85156209389956,45.44680210225727],[-115.85920885521273,45.44605501145355],[-115.86050705518512,45.44465026121289],[-115.8623255353028,45.44348020094087],[-115.86329993531038,45.44257003077201],[-115.89971007224366,45.442509867229845],[-115.89970488981726,45.43013451622257],[-115.90072185010608,45.430619366163306],[-115.90149439029449,45.43082931610536],[-115.90433459087029,45.43100507584383],[-115.90694305159727,45.43217768568595],[-115.90758122174567,45.432314295635074],[-115.9098074720295,45.43159743536048],[-115.9108106621185,45.43107591522057],[-115.91122829210276,45.43058932514036],[-115.91161882193454,45.429350875001624],[-115.91207005231591,45.43085837508053],[-115.9129542526342,45.43162288505683],[-115.91345894288831,45.43242878507346],[-115.914172823135,45.432993635050074],[-115.91502211351015,45.43408184505612],[-115.91570285387753,45.43529445508866],[-115.91616534405736,45.43576240508183],[-115.91698824428096,45.43610324502959],[-115.91752968439575,45.43616237498182],[-115.9183263944979,45.43590887488379],[-115.91873687463595,45.43621429486879],[-115.91993346496677,45.436738664795186],[-115.92045303517085,45.4372746447883],[-115.92132284542286,45.437714904739614],[-115.9211607956617,45.43909056486728],[-115.92122153578015,45.43963570490571],[-115.92238178616662,45.440479254861586],[-115.92307000655147,45.44177290489991],[-115.92396579689593,45.44265895488495],[-115.92462855707723,45.44293971484332],[-115.9258535873032,45.44290172472122],[-115.9269188676882,45.443829844693134],[-115.92835539799894,45.44401882456889],[-115.92936994828763,45.44450539450981],[-115.93037099863115,45.44528435447589],[-115.93081607888277,45.446134634501696],[-115.93129944908434,45.446692714500124],[-115.93245549945858,45.44747761445152],[-115.9334579897467,45.44797302439437],[-115.9342938900903,45.44891244438941],[-115.93482286025915,45.449259414366196],[-115.93576626046085,45.44937170428361],[-115.93632733053433,45.449201404215245],[-115.9369433105707,45.4487885741218],[-115.93764701087642,45.44966372412451],[-115.93788569094174,45.44976495410952],[-115.94135761164559,45.44998165378958],[-115.9468680130257,45.45166653339071],[-115.94543019280485,45.45193652355243],[-115.94408297265366,45.452473163727035],[-115.94220340238414,45.45292386394639],[-115.94122752230125,45.453448624083876],[-115.94082885222538,45.45344873412268],[-115.94082922229659,45.45381115415207],[-115.94000305230735,45.45466772430199],[-115.93829158221682,45.45586701456583],[-115.93766637215754,45.456171754651436],[-115.93583477186185,45.45644276485151],[-115.93173058134106,45.45777269535868],[-115.92845605086139,45.45850716573682],[-115.92510412019091,45.458345206049586],[-115.923474219781,45.457839316166954],[-115.92129649936017,45.45780980637633],[-115.91932085891372,45.457453616539404],[-115.91767368860472,45.457478546701665],[-115.91445555791641,45.45709700698349],[-115.91247799752252,45.457010717168735],[-115.90881550687145,45.457250377544334],[-115.9061694164583,45.457715667839395],[-115.90398106603786,45.45769922805085],[-115.90139964558057,45.45787698831625],[-115.89886335508776,45.45783010855901],[-115.89626335470098,45.45838561885697],[-115.89440227438762,45.458597179055076],[-115.89157741382316,45.45846632931903],[-115.89056369371092,45.458879559451255],[-115.89042478373456,45.45913502948551],[-115.88834967327155,45.458792489659395],[-115.88513901269968,45.458999229988336],[-115.88313737243507,45.45959636023147],[-115.88120152207362,45.45963641042292],[-115.88121921217811,45.46015161046313],[-115.88014878196844,45.460123950564935],[-115.87857344159396,45.45974727068741],[-115.87766023131016,45.45918881073072],[-115.87592564094837,45.45903169088655],[-115.8733300904493,45.45901262113727],[-115.87270300036104,45.459172381211204],[-115.87154943014005,45.45916815132298],[-115.86824922957612,45.45950352167107],[-115.86654297931808,45.459848131864995],[-115.8655878891096,45.459714731946924],[-115.8645676289932,45.4601134620786],[-115.8636085787775,45.45994713215825],[-115.85979969831173,45.4612783526369],[-115.85808887799512,45.46132938280734],[-115.85679836769734,45.4610673229114],[-115.85462089739937,45.46166726317194],[-115.85206845694645,45.46184240343424],[-115.84936868655257,45.46246192374716],[-115.84509786582115,45.46289073419714],[-115.84438880571658,45.463047664278854],[-115.84317772560712,45.46366851444718],[-115.84161169539874,45.46413056463705],[-115.83951643519595,45.46513606492262],[-115.83866710507526,45.46534792502246],[-115.83809074502663,45.46566104510401],[-115.83654808483293,45.46617512529588],[-115.83501285459694,45.466467015468844],[-115.83292400423753,45.4666687956883],[-115.83184038402202,45.46662571579017],[-115.83001592362639,45.46638568594784],[-115.8286790933803,45.46643325608164],[-115.82566949271693,45.46598280633741],[-115.823479512373,45.46636275658119],[-115.82170615204458,45.46641601675788],[-115.81856044139651,45.466176647044044],[-115.8164440309944,45.46618890725072],[-115.81562168084704,45.466238757334686],[-115.81317885055267,45.467117817643775],[-115.80960179006154,45.46809891807144],[-115.80834287983448,45.46816815819942],[-115.80716149954195,45.46782868828649],[-115.8033883587979,45.46771263864365],[-115.80269868871564,45.46796528873129],[-115.80184125856792,45.46804797882134],[-115.79995067817056,45.4678650889901],[-115.79745531751226,45.46694192915721],[-115.79625486729142,45.46698631927743],[-115.79401267660991,45.4656981993901],[-115.79200111612474,45.46518610954365],[-115.79073790577728,45.464646289622294],[-115.78843396519584,45.46392854978743],[-115.78532738451416,45.463482550052746],[-115.78443842423825,45.462942540094964],[-115.78416929412008,45.46260253009337],[-115.78302723386027,45.46239170018705],[-115.7788598126443,45.46025637041729],[-115.77564634158163,45.45797184054256],[-115.77463098122105,45.457123610571784],[-115.77278752049541,45.45522118059524],[-115.77121325997392,45.4540971306561],[-115.7697828995667,45.45341567073929],[-115.7683596290973,45.45241022079519],[-115.76766366889744,45.45206967083491],[-115.76130041728707,45.45006567128865],[-115.76064228709981,45.44975250132686],[-115.76030536696055,45.44937080132834],[-115.75983908658108,45.44788954125236],[-115.7593415063614,45.447254061248614],[-115.75805209598144,45.44657398131809],[-115.75653787562494,45.44623348143717],[-115.7550845051938,45.44545256151428],[-115.753989124832,45.44467553155696],[-115.75048388406192,45.444169221855674],[-115.74570794320451,45.44445899234286],[-115.7446936230469,45.4446458824566],[-115.73874269195119,45.444868443052286],[-115.73739743160434,45.44441254314544],[-115.73587857128904,45.4442877432826],[-115.7316409202992,45.443376703619094],[-115.73013440987874,45.442702893710056],[-115.72878320958357,45.44251686382589],[-115.72646112920604,45.44286007407929],[-115.72413313898943,45.444031284401156],[-115.72265387878215,45.444419824576556],[-115.72161938868398,45.44493034471875],[-115.7209905385833,45.44503132478806],[-115.71902324818979,45.444946294971956],[-115.71782971788802,45.444572865057104],[-115.71177922663794,45.44410881560601],[-115.71043051632198,45.44381457571267],[-115.70787298583326,45.44382170596138],[-115.70729193566075,45.443509095992106],[-115.70634965544636,45.44333642606931],[-115.70396575503715,45.443579466320536],[-115.70254638476548,45.44358137645834],[-115.6990181839722,45.442983206751485],[-115.69742580372512,45.44328012693029],[-115.69542275330325,45.443086267108626],[-115.69254942250471,45.44182027728341],[-115.69147783217001,45.44115992733313],[-115.69034765188745,45.440822947415015],[-115.68815591108017,45.438844557465124],[-115.68545852023641,45.437175347589594],[-115.68226281940346,45.43604941780695],[-115.68119187917284,45.43592004790012],[-115.6805113189598,45.435498147931455],[-115.67795441836162,45.43494653813401],[-115.67499482773987,45.43466924839816],[-115.67127619690564,45.43405001870778],[-115.67071297680337,45.43407946876479],[-115.6700665267395,45.434386998852716],[-115.66857819649819,45.434612709015546],[-115.66744552623787,45.43439248910724],[-115.66654032593722,45.43374284914156],[-115.66623245578064,45.433244189130406],[-115.66607917553794,45.43215324905557],[-115.66564260525784,45.431149009015336],[-115.66187232431486,45.430024799288304],[-115.66076319397114,45.42935471934067],[-115.6595414236917,45.42912437944015],[-115.65771817319701,45.42838287955585],[-115.65701509295671,45.42784354957962],[-115.65610007273682,45.427616769649596],[-115.65218120153502,45.42531416983992],[-115.6511001011398,45.42435331986559],[-115.6502367908684,45.423812139904655],[-115.64991406070465,45.42329088989305],[-115.64845511025403,45.42241745996252],[-115.64826097015197,45.422085419954],[-115.6476617599758,45.42177222998623],[-115.64738583985798,45.42144011998563],[-115.64600048947186,45.42082453006917],[-115.64519920921295,45.420286250102464],[-115.64470096908991,45.420145920139156],[-115.64422295889149,45.41959969014048],[-115.64357682873103,45.41941260018767],[-115.64229329831628,45.41855021024104],[-115.64141128794115,45.41749620023967],[-115.64062561769006,45.41698259027347],[-115.63966651731802,45.41601984028701],[-115.63822638687842,45.41518384035765],[-115.63741675668807,45.41500479042132],[-115.6368412564961,45.41458734044269],[-115.63644819639651,45.414463530470556],[-115.63499784577228,45.412691920465],[-115.6314281444599,45.409478510545874],[-115.63108266433929,45.40920006055636],[-115.62888762371205,45.40814497068197],[-115.62826890345494,45.407436100683384],[-115.62782427318878,45.40650921065007],[-115.6273505429811,45.4059108106466],[-115.62648787266389,45.40513371066604],[-115.62478174222646,45.404570300784705],[-115.62302024181571,45.404198070924544],[-115.62050833111185,45.403061931074014],[-115.61916703069403,45.402240361136066],[-115.61852648041584,45.40144426113239],[-115.61806997008529,45.400198561073864],[-115.61689675958088,45.3987672210693],[-115.61616236930377,45.39806917108273],[-115.6149623689743,45.39756096115696],[-115.61320711852571,45.39698887127962],[-115.6111794581152,45.3968800614668],[-115.60988368782114,45.39664811157305],[-115.60430954641947,45.39494898197212],[-115.60289700610772,45.39474148209167],[-115.60118702585854,45.39514795229069],[-115.60055535581455,45.39554483238456],[-115.59968116580839,45.396374732537645],[-115.59883541571949,45.396752112650645],[-115.59726755562964,45.39783615289182],[-115.59671212557741,45.398115462968626],[-115.5959556554359,45.39813496304343],[-115.59499385520832,45.39791540311835],[-115.59321689471626,45.39714230322643],[-115.59284012458497,45.39684010323797],[-115.5923788243588,45.39613460322429],[-115.59163285411323,45.3956097232531],[-115.58948527361453,45.39516792342439],[-115.58601695293808,45.39511642375566],[-115.58473690264687,45.394884203860315],[-115.58429047247867,45.39446119386854],[-115.5831398721482,45.39390002393344],[-115.57902074114759,45.39282708424323],[-115.57771080077524,45.39220802431875],[-115.57631789046704,45.392000234436296],[-115.5751907801411,45.39143902449892],[-115.57437361996666,45.39135001457059],[-115.57128962920203,45.39046761479591],[-115.56969211875455,45.389746534890776],[-115.56818928825041,45.38864161494469],[-115.56664148787178,45.3882250150599],[-115.56527770746445,45.38747956513017],[-115.56364078704775,45.38695581524511],[-115.56065625620013,45.385549435417325],[-115.55948872596944,45.38551733552755],[-115.5580500056144,45.38511451563329],[-115.55675015535815,45.38508216575631],[-115.55610484518955,45.38485344579977],[-115.55433851481249,45.38466120595457],[-115.55254325452437,45.3849543561524],[-115.54485656303703,45.384907996891634],[-115.54216670254277,45.38502659716148],[-115.54144141247563,45.38539828726236],[-115.54066734230241,45.38527345732685],[-115.53846807189139,45.385335267544576],[-115.53608653141106,45.3852211477653],[-115.53254042074994,45.38532969811704],[-115.53188723058935,45.385150188165305],[-115.52877902993583,45.384865398442166],[-115.5274134996206,45.384595818551794],[-115.52516365900803,45.383672638692794],[-115.52111246802245,45.38261419899659],[-115.5183146572753,45.381541679178014],[-115.51633541681349,45.38112626933488],[-115.51468969628961,45.38006148940559],[-115.5137393258834,45.37891388940231],[-115.51371747571783,45.3780843493356],[-115.5130623251473,45.37579942920948],[-115.51298507479093,45.37404332907128],[-115.51448101468057,45.37199488875688],[-115.5177610653523,45.37220302845733],[-115.51856683548051,45.372064958368],[-115.52273592585742,45.36987756778395],[-115.52288785579516,45.36940695773019],[-115.51870615399942,45.36430822771127],[-115.51986223422172,45.364307497599555],[-115.52104609432024,45.363642227430105],[-115.52189583431867,45.362792787277556],[-115.52191002408307,45.36156629717443],[-115.52116993365631,45.36010262712453],[-115.52016463334182,45.35947965716991],[-115.52040349336995,45.35938777713922],[-115.52369210398992,45.35932228681623],[-115.5242061440342,45.35904087674324],[-115.52440027392072,45.35826475666011],[-115.52457062345557,45.35570155643103],[-115.52445591335457,45.35529501640843],[-115.52420493325586,45.35503523641108],[-115.52323281296934,45.35452309646244],[-115.52336916248983,45.351918956233234],[-115.52223411199509,45.35049556622468],[-115.5211978216341,45.34966303625561],[-115.52072251128546,45.3483381761916],[-115.52161024122606,45.34715247600747],[-115.52174619074414,45.34453481577709],[-115.52231170077052,45.34411006568722],[-115.52249993070583,45.34359041562592],[-115.5209080898489,45.34075237554397],[-115.51982358818222,45.333235645024416],[-115.51945388779944,45.33162859492661],[-115.51889742761334,45.33122082494643],[-115.51836579749053,45.33111491498891],[-115.51105250610262,45.33121341570258],[-115.5105418860764,45.33158482578265],[-115.51044967614479,45.332029195828504],[-115.51615613967468,45.34456590631916],[-115.5164167702068,45.34704917650014],[-115.51725086048907,45.34767659647173],[-115.5186544215237,45.351614916663166],[-115.51923184167822,45.351838426625974],[-115.51989764192246,45.3524366466113],[-115.51969851190238,45.35253051663834],[-115.51959965210862,45.35369042674414],[-115.5194791421332,45.35393639677616],[-115.51893128208195,45.354215406852205],[-115.51731741185215,45.35463105704253],[-115.5161656317609,45.355302157209394],[-115.51589886179154,45.355724317270216],[-115.51549774198516,45.35711882742461],[-115.51560953205943,45.3573903274364],[-115.5155833721776,45.358024587491514],[-115.51636252254461,45.35914186750902],[-115.5172804328442,45.359774877472915],[-115.51780068296839,45.35989864743289],[-115.51951245351717,45.361027997361326],[-115.51928504363372,45.36185317745174],[-115.51926647380417,45.3627485775278],[-115.51911093379745,45.36286808755273],[-115.51684604319584,45.362015087700684],[-115.51583745297128,45.361857977785064],[-115.51296034253184,45.36244618811169],[-115.51191707243338,45.362972688256086],[-115.51137116242921,45.363492168351954],[-115.51098769266585,45.365089418521485],[-115.51097251301191,45.36688499867193],[-115.51143109328589,45.36784061870694],[-115.51148595351091,45.36894399879313],[-115.51165940362527,45.36936032881092],[-115.51158084366593,45.36964734884235],[-115.51092765367855,45.37035894896446],[-115.5109891037614,45.370724308988805],[-115.51006013375347,45.37160332915147],[-115.50880876350315,45.371554599268286],[-115.5067713332027,45.372026479504186],[-115.50567952306426,45.37239564964028],[-115.50427353292496,45.37307115983214],[-115.50307961284632,45.37384878001197],[-115.50202707292318,45.375286200232914],[-115.50182285302441,45.37600883031257],[-115.50176001335907,45.377791860466566],[-115.50153992349004,45.378683170561736],[-115.50131191350314,45.37897633060812],[-115.50010174342873,45.37979160079268],[-115.4997398333715,45.379855700832934],[-115.49904442288569,45.37804640075003],[-115.49811450261002,45.37754959079863],[-115.49709540220071,45.376454060806175],[-115.49545069174722,45.37575059090667],[-115.49514638171395,45.3758808209469],[-115.49394894147345,45.375829861058314],[-115.4938852514859,45.37595725107502],[-115.4940381115624,45.37619929108033],[-115.49480243179882,45.376657881044615],[-115.49494256189762,45.37702730106171],[-115.49473874196984,45.37760054112895],[-115.49491708208599,45.37802092114665],[-115.49434384214153,45.3788744212728],[-115.49475148231424,45.379358491273614],[-115.49498078246,45.37988077129477],[-115.49498078252442,45.38021198132226],[-115.49519733260577,45.38041580131828],[-115.49528650268483,45.38073427133605],[-115.49524829273446,45.381027261364046],[-115.49571962286495,45.381231081335436],[-115.4957833129342,45.381524071353574],[-115.49518459291552,45.38202088145266],[-115.49717988381366,45.38466210147896],[-115.49812655428886,45.38616726151235],[-115.49694324423392,45.38705602170036],[-115.49594991424662,45.38810427188334],[-115.4956306943564,45.38898397198713],[-115.49562111443244,45.389384382021255],[-115.49578655454825,45.38981535204098],[-115.49626367471238,45.39018667202565],[-115.49688229484406,45.39025113197126],[-115.49727587490081,45.39015326192511],[-115.49792331496919,45.389863961838536],[-115.49961070503646,45.388540211565726],[-115.49978202506688,45.388526871548045],[-115.50032354532243,45.38930424156015],[-115.50147839559818,45.38957827147129],[-115.50048430552222,45.3901714116165],[-115.50012950552656,45.39054481168177],[-115.49985814559099,45.39114433175772],[-115.49977714570142,45.3917913718192],[-115.49987774584349,45.3924217018617],[-115.50057126612204,45.39316649185641],[-115.50138633638505,45.39371131182283],[-115.50052018630548,45.39415923194369],[-115.4994888562672,45.39498253211159],[-115.49937168643365,45.395953182203385],[-115.49949912650314,45.39618385221021],[-115.4999841966651,45.3965359821925],[-115.50068847681595,45.39661431213093],[-115.50246581706072,45.39611350191761],[-115.50473605746569,45.395948321684465],[-115.50502447750536,45.395866651649825],[-115.50559104751905,45.395376921554444],[-115.50599638757483,45.395262591505805],[-115.50654827772144,45.395469461469595],[-115.50700128791995,45.39604090147315],[-115.50772895807364,45.396111001408634],[-115.50773629809537,45.39621524141654],[-115.5071156180536,45.39661436150962],[-115.5071127581834,45.39728357156538],[-115.50830676864244,45.39845996154741],[-115.50916964887146,45.39878266149072],[-115.50985135916217,45.39960141149263],[-115.50977585921817,45.399963291529936],[-115.51006941956066,45.40143124162318],[-115.50991937962841,45.401927351678744],[-115.51016182980555,45.4025970817108],[-115.51074050998247,45.402932891682646],[-115.51155037013599,45.402920861603356],[-115.51216281019856,45.402636891520615],[-115.5125044401288,45.40194095142998],[-115.51265656014476,45.40187270140957],[-115.51292088021553,45.40197472139245],[-115.5132578503618,45.402392311394514],[-115.5131762005229,45.403299971477566],[-115.51350164065995,45.40368187147771],[-115.51448812096466,45.40427083143111],[-115.51480418117585,45.40504217146439],[-115.51514110132584,45.40547895146803],[-115.51517729146221,45.406142751519475],[-115.51549487160312,45.40655206152267],[-115.51659738196973,45.40734420148163],[-115.51691517210165,45.407706881480934],[-115.5166437621797,45.40837554156251],[-115.51657103229077,45.409017181622694],[-115.51699848278393,45.411124431755816],[-115.5177424331018,45.41202005175798],[-115.51818218338504,45.41303847179972],[-115.51814152345955,45.413460761838635],[-115.51732140359921,45.41498678204426],[-115.51739724371124,45.41548610207827],[-115.51794658399002,45.416373102098575],[-115.51768963412285,45.41730783220077],[-115.5185784244377,45.41804466217575],[-115.51901186465187,45.41871475218925],[-115.52002572497106,45.41935034214374],[-115.52022977512382,45.41993219217215],[-115.52002143517677,45.42040900223176],[-115.51905892520512,45.42150415241553],[-115.5179972153,45.423037912645164],[-115.51526146540321,45.426265983177025],[-115.51350552521589,45.42703856341086],[-115.51228500504567,45.427370653556444],[-115.50845256483231,45.43005871414979],[-115.50099428335199,45.42983436485303],[-115.48842092091063,45.42973772606171],[-115.48820798361429,45.44379343724603],[-115.4880432136302,45.444037157282146],[-115.4484065817264,45.4733929635506],[-115.44532725154711,45.475513104024415],[-115.42504036014569,45.48835870705372],[-115.4081820964404,45.48606607849718],[-115.40118813606207,45.49103487958656],[-115.39547780543626,45.493474020342006],[-115.39501439548923,45.49420181044727],[-115.39454800547189,45.4945733605232],[-115.39239174516717,45.49514533077955],[-115.39156641508453,45.4955376908921],[-115.39087261505956,45.4960950210055],[-115.38989264514466,45.497496171216596],[-115.38950827513725,45.49783779128215],[-115.38736754495153,45.499002131586124],[-115.38608694474671,45.499220221728315],[-115.3853477646667,45.49954150182657],[-115.38490485464804,45.49988291189782],[-115.38491194478917,45.50059603195625],[-115.38468419479172,45.50083391199803],[-115.3829217646729,45.50196647226269],[-115.38230156467246,45.50257609237337],[-115.381718014749,45.50354237251003],[-115.37989007482285,45.505722362867914],[-115.37975497487079,45.50610041291233],[-115.37980008493011,45.50635836292934],[-115.37942108499678,45.50707239302524],[-115.37599991468848,45.50887472350629],[-115.37295046407253,45.50874129379078],[-115.37166980386108,45.50892631393026],[-115.37146195385357,45.509092923964225],[-115.37099429397843,45.510191184100606],[-115.37056461402628,45.51085896419756],[-115.37008266422261,45.512335654366716],[-115.36898199436715,45.514158594624575],[-115.36819266436564,45.514929384764976],[-115.36584811424885,45.51664666513466],[-115.34330651148746,45.52480764799671],[-115.32263706964953,45.53583726091589],[-115.32139709958396,45.53672672110993],[-115.32099474951592,45.53677732115316],[-115.32071092943328,45.53663638116898],[-115.31890894870438,45.53470181118316],[-115.31610092775162,45.53261953128254],[-115.31467071734443,45.531956541366185],[-115.31338055705638,45.531762381475126],[-115.31062407636303,45.530950971674976],[-115.30822109568244,45.52985563181695],[-115.3062713650766,45.52869342190938],[-115.3056325549249,45.52855107195951],[-115.30446843473176,45.52871658208607],[-115.30427804477168,45.529108042137054],[-115.30265092474461,45.530577232416825],[-115.30142357465374,45.531326652598025],[-115.29973672444932,45.53195083281337],[-115.29854523434554,45.5325988929827],[-115.29643780451244,45.53553067343053],[-115.2964269145857,45.53591459346352],[-115.29604301454648,45.536094083515636],[-115.29618249450314,45.53573535347229],[-115.29579167444108,45.53580511351595],[-115.29552771445051,45.53611398356723],[-115.29515292438134,45.53613169360506],[-115.29218367369683,45.535576803846794],[-115.29064715337297,45.5354444739847],[-115.2869997923502,45.53383629420466],[-115.28529037193074,45.533387804333024],[-115.28192686126933,45.53334117465517],[-115.27581483016542,45.53375594528206],[-115.27594178026371,45.5341310953009],[-115.27683376056711,45.53479576526976],[-115.27742146090063,45.535914455305786],[-115.27811225115562,45.53653137529009],[-115.27973713168258,45.53761072522231],[-115.28241002248845,45.53907528508489],[-115.28362687302153,45.54058869509274],[-115.28405742316833,45.54091134507779],[-115.28552776357151,45.54151247498519],[-115.28632752382792,45.542028594950516],[-115.28811163453716,45.543878864931266],[-115.2908147252918,45.545052634766655],[-115.29129571545764,45.545422074750654],[-115.29194461574878,45.546263924757696],[-115.29330083615773,45.547007124687866],[-115.29350104626349,45.547348004696765],[-115.29489977659719,45.54766624458751],[-115.29639653703457,45.54841544450457],[-115.2976077374325,45.54924577445604],[-115.29853636781368,45.55026970445099],[-115.29940281808094,45.55077502440889],[-115.30204404872647,45.55145460420911],[-115.30296518910137,45.552453784202676],[-115.30406836945085,45.553143744152926],[-115.30452114963705,45.55364467415053],[-115.30493903990758,45.55460896419004],[-115.30576754024078,45.55548708418249],[-115.306147850566,45.55676662425173],[-115.30673011076236,45.55719125423047],[-115.30865683128069,45.55792824410467],[-115.30862947137406,45.558430034149005],[-115.30833089146104,45.559166654239064],[-115.30851213165053,45.55995174428655],[-115.30884882179048,45.56033152428542],[-115.3086005018507,45.56088269435519],[-115.30873205202168,45.56162273440385],[-115.30958527246071,45.563013914436404],[-115.30995032258085,45.56326490442178],[-115.31091271281825,45.56352366434985],[-115.31192965326643,45.564800144357],[-115.31154306338975,45.56580794447805],[-115.31171987359359,45.5666698145324],[-115.31206755375567,45.56715110453853],[-115.31329047407293,45.56755894445362],[-115.31585184457289,45.567576924206506],[-115.31760294515148,45.56879263413729],[-115.31995325565802,45.56905224393066],[-115.32026480581558,45.56954633394137],[-115.32089444601365,45.56993266391229],[-115.32014181594229,45.5703110640167],[-115.31934718573748,45.57005301407245],[-115.31879685562394,45.57001802412293],[-115.31452281494734,45.57078897460175],[-115.31364809487698,45.571293024728455],[-115.31338351490055,45.571673244785664],[-115.31257699479703,45.57194168488622],[-115.31226555481092,45.57231897494769],[-115.31218696490683,45.57288365500214],[-115.31152956481347,45.57305666508027],[-115.30971671448387,45.5731676352655],[-115.30878053437404,45.57353154538651],[-115.30791640433164,45.57416723552313],[-115.30675678410107,45.574138065633264],[-115.30607947401246,45.574354855716955],[-115.30552817401957,45.574934145818524],[-115.30540442406242,45.57527375585872],[-115.30552132418885,45.575800795891006],[-115.30589695434134,45.57620541588811],[-115.30669855456915,45.57657329584079],[-115.30705226477731,45.57728225586522],[-115.30802914514939,45.57821030584725],[-115.30799929520677,45.57853107587676],[-115.30754089525202,45.579212215977705],[-115.30706950522881,45.579558706052225],[-115.30665776528801,45.58026470615068],[-115.30617124524893,45.580545316221205],[-115.30580077526055,45.58096897629224],[-115.30547265510053,45.58047951628355],[-115.30547915493982,45.57965675621474],[-115.30496844472053,45.57904590621369],[-115.30477680459302,45.578587146194266],[-115.30498293445984,45.577707566101346],[-115.30493058439187,45.57741389608212],[-115.30475740429443,45.57708959607201],[-115.30360809390551,45.57624587611366],[-115.30329619354144,45.57470330601609],[-115.30314197346227,45.57445312601029],[-115.30155229296716,45.57350343608585],[-115.30026067278857,45.573868626241534],[-115.30027634240574,45.571907706077404],[-115.30005134222918,45.57123213604324],[-115.2996875720774,45.570819306044285],[-115.29873514188336,45.57077167613279],[-115.29754489172937,45.57116191628068],[-115.29742810169802,45.57111756628836],[-115.29735660161818,45.57078268626748],[-115.29681564146867,45.5705556463012],[-115.29730433145372,45.56999808620751],[-115.29835924155451,45.569470766061386],[-115.29838102150036,45.56917404603467],[-115.2972086811961,45.56878272611597],[-115.29492912073282,45.568674946328265],[-115.29480353062907,45.56827127630693],[-115.2949943602983,45.566401566133315],[-115.2948915901186,45.565589336075895],[-115.29510305004972,45.56503067600906],[-115.29679922024455,45.5643490057879],[-115.29800028032359,45.56356662560642],[-115.29778391022586,45.56328327560395],[-115.29731616011597,45.56318543564119],[-115.29680729985778,45.562374345623255],[-115.29581117967683,45.56243621572508],[-115.29549173959737,45.56234718574864],[-115.29369252904164,45.561295075835915],[-115.2919562286194,45.56086009596833],[-115.2917240485843,45.56091062599499],[-115.2911721985659,45.56136143608595],[-115.290760158499,45.561427286131405],[-115.2904838384092,45.561243126142934],[-115.29036510832529,45.56093344612875],[-115.28941730802478,45.56033996617143],[-115.2867401173854,45.5597285163804],[-115.28504577705488,45.559718906544006],[-115.28457771704622,45.56013662662409],[-115.28390818696167,45.56036701670816],[-115.2835614067852,45.559811596695674],[-115.28291719656814,45.55934271671928],[-115.28236923640209,45.55903878674717],[-115.28173746626288,45.5589539268014],[-115.28027162602046,45.559167326961315],[-115.27975268591238,45.55912953700856],[-115.27915669585671,45.55943426709166],[-115.27886785598268,45.56036009719652],[-115.27885266624497,45.56170940731006],[-115.27860162631525,45.56231449738468],[-115.27720325633241,45.56378152764211],[-115.2763528461495,45.56369023771703],[-115.2754573860069,45.56384834781706],[-115.27465827591215,45.56415494792003],[-115.27425334589798,45.56448237798655],[-115.27303080548934,45.56361061803271],[-115.27326475545134,45.563186477974824],[-115.27331014540357,45.562898697946544],[-115.27319124533079,45.56264587793705],[-115.27174019537861,45.56432105821695],[-115.27080436552902,45.56600933844793],[-115.2699875255684,45.56701520861069],[-115.26719406551052,45.56947730908618],[-115.26582239544715,45.57050822930489],[-115.26361224555052,45.57321404974406],[-115.26324324561129,45.57388716983575],[-115.26311465566877,45.57430624988305],[-115.2629828764197,45.5782523302235],[-115.265047897646,45.58244635037122],[-115.26155435789381,45.58714880110063],[-115.25272803701753,45.59140025231045],[-115.25160353696081,45.592220882487766],[-115.25093467684981,45.59231670256061],[-115.24801099657668,45.593812342968654],[-115.24665614646909,45.594601743165725],[-115.2444098563745,45.59633613352783],[-115.24180985633905,45.59871891397811],[-115.24126434637151,45.59942134408938],[-115.24080254680887,45.60209607435629],[-115.24083677700585,45.60306163443313],[-115.24053867705796,45.60361979450838],[-115.23732982704702,45.60672654507791],[-115.23340341685764,45.6096352357007],[-115.23111264668145,45.6109989160364],[-115.22936924652016,45.61189878628047],[-115.22833398639537,45.61228626641315],[-115.22595935607025,45.612977506701235],[-115.22163424537337,45.613706327181866],[-115.2202633152544,45.61445419737712],[-115.21673634509624,45.61712829794174],[-115.21534779509282,45.61847940818884],[-115.21425682521571,45.62017745843579],[-115.2129200352809,45.621824978702456],[-115.21093582518928,45.623315839019014],[-115.20768964491873,45.62514351948618],[-115.20635662490132,45.62636861971742],[-115.20611730495253,45.62686388978179],[-115.20597830512945,45.6278971898811],[-115.20421027544498,45.63123748033024],[-115.2043000257836,45.63286427045657],[-115.2039153958189,45.63342193054027],[-115.20319714581609,45.63411511066761],[-115.2025801859192,45.63524486082138],[-115.2019909559405,45.63593317093577],[-115.20136886590828,45.63638271103359],[-115.19831201554095,45.637533601426185],[-115.19654162541806,45.6386549916914],[-115.1955308852622,45.63886128180674],[-115.19468946519302,45.63933989192821],[-115.19394252520733,45.64014807206796],[-115.19188061514443,45.64186041241052],[-115.19159108517071,45.64227857247337],[-115.19127696536884,45.643590742612844],[-115.19065850541698,45.6444434127438],[-115.18910968530793,45.64541695297518],[-115.18996822555673,45.64583052292606],[-115.19104538596244,45.64682313290371],[-115.19220442654515,45.64863068294111],[-115.192148686943,45.65069832311816],[-115.19255849719443,45.65156698315039],[-115.19233791726082,45.65211991321775],[-115.19185161727147,45.652652343309185],[-115.19181021746456,45.65366964339764],[-115.1921377177037,45.654557103439444],[-115.19299572807377,45.65558427344129],[-115.193779488585,45.65739820351556],[-115.19355373875345,45.65847220362664],[-115.19357198886115,45.65899886366854],[-115.19414680905331,45.65940482364634],[-115.19566807943104,45.65981811353266],[-115.19719432986727,45.66052212344261],[-115.19780788015434,45.66136981345325],[-115.19843706036633,45.661822633429615],[-115.19962037071218,45.66240702336295],[-115.200021520904,45.66298215337165],[-115.20042116120516,45.66411128342639],[-115.20055473145649,45.665250093507815],[-115.20044252156806,45.66592423357462],[-115.1999425416934,45.66704903371656],[-115.19992369191228,45.668173403811615],[-115.20007568211138,45.669029823867845],[-115.19976902231954,45.670383184009864],[-115.19983999240131,45.67072634403141],[-115.20013301254487,45.67116382403919],[-115.2012128129113,45.671953393999566],[-115.2012218429679,45.67223044402168],[-115.199587182796,45.67296856424191],[-115.19849250272638,45.67369281440844],[-115.1981445827322,45.674064124473134],[-115.19777385279872,45.6747644345672],[-115.19739999277012,45.6749875246221],[-115.19547111247603,45.675397794843775],[-115.19429716233114,45.67581993499302],[-115.19116437201333,45.67729388542006],[-115.1911436221885,45.67819883549711],[-115.19174488256411,45.67950449554686],[-115.19187005282272,45.6806871656327],[-115.192726143239,45.681947435653846],[-115.19282826332903,45.6823017356733],[-115.19245413338248,45.68293892576254],[-115.19173434339491,45.68370882589637],[-115.19163313344244,45.68404840593438],[-115.19160313356646,45.684703735991626],[-115.19223149403284,45.686440116074316],[-115.19213823415751,45.687160956143195],[-115.19222770426362,45.68760843617155],[-115.19220872432625,45.68794293620111],[-115.19160792440651,45.68893829634208],[-115.19142279455025,45.68984518643526],[-115.19139241475959,45.690931096528175],[-115.19153419492481,45.69162566657192],[-115.1896284546298,45.69200852678919],[-115.18765422443703,45.692975187061506],[-115.18671241453607,45.69439942727123],[-115.18649833462572,45.69506207734696],[-115.18605754458845,45.69530673741012],[-115.18581934453151,45.695253447428904],[-115.18540863437015,45.69484277743486],[-115.1843626041111,45.69456334751357],[-115.18208058367435,45.6946013977389],[-115.18026111338946,45.694951617945065],[-115.17947108337786,45.69566897808143],[-115.17916578347142,45.69644085817512],[-115.17910966363887,45.697340138255115],[-115.17886058363904,45.69758572829976],[-115.17869669352157,45.69715432827993],[-115.1780674732293,45.696298238270266],[-115.17722247298178,45.69587987831785],[-115.17604124273811,45.695810868427124],[-115.17345182235685,45.69643136873069],[-115.17349726201778,45.69467635858077],[-115.1731584118449,45.69413709856906],[-115.17253691163403,45.693684178591965],[-115.1723987415548,45.69342019858354],[-115.17285517137022,45.692040248424675],[-115.17283884122949,45.69134628836875],[-115.1721456308791,45.69025946834609],[-115.17121310049438,45.68923450835187],[-115.17060887025706,45.688630828360644],[-115.16987701004155,45.68826234840129],[-115.16873112980527,45.68819618850732],[-115.16736597960372,45.68852109866713],[-115.1668423295626,45.688828338743576],[-115.16629607957472,45.68942616884633],[-115.16401105934627,45.69051973915947],[-115.16127581888405,45.69087592945522],[-115.16004594873836,45.69134953961424],[-115.15928218860178,45.69141140969367],[-115.1582810884666,45.6917133998162],[-115.15768564843532,45.69214089990962],[-115.15742453851081,45.69277856998793],[-115.15633263844535,45.69352162015584],[-115.15416494816102,45.69421793042456],[-115.15255699791068,45.69453590060746],[-115.15132492787541,45.69556889081311],[-115.15021457771057,45.6958291009428],[-115.1484666376318,45.697150061222516],[-115.14816257769455,45.697765541303234],[-115.14822797808957,45.69969391145683],[-115.14750777809418,45.70042512158763],[-115.14686378822364,45.70171073175695],[-115.14674925836432,45.702532901836285],[-115.14563935847642,45.70418903208176],[-115.14514722872043,45.705903282271905],[-115.14517170892269,45.706898962352085],[-115.14467128902922,45.70792752248613],[-115.14422274934284,45.70994915269749],[-115.14373213941431,45.71079126281511],[-115.14235954947777,45.71245968308716],[-115.14198759962201,45.713551993213976],[-115.14075372960765,45.71469181342869],[-115.13977631967731,45.71600302363263],[-115.1371012094594,45.71753277402001],[-115.13654535949085,45.718237374132606],[-115.13582885942223,45.718595544232116],[-115.13476215938732,45.7194674244083],[-115.13379452942033,45.72058392459518],[-115.13262832925264,45.72088479473372],[-115.12852613885165,45.72289480529997],[-115.12810860888469,45.72347121538848],[-115.12815263908614,45.724442315464735],[-115.12672949883968,45.724599115616336],[-115.126040968764,45.72489429570793],[-115.12510298861869,45.725083895815],[-115.12402137828404,45.72446090586867],[-115.12208296783902,45.72412390602951],[-115.12046842733936,45.72319352610958],[-115.1195583071227,45.72299652618185],[-115.11863434694038,45.722985946270995],[-115.11729341677912,45.72349138644351],[-115.11445390657977,45.7252774968683],[-115.1130888964225,45.72582663704686],[-115.11171131620829,45.72610142720384],[-115.1106341960029,45.72612557731075],[-115.10877011557392,45.725796997465004],[-115.10664231518523,45.72593039768334],[-115.10608021511244,45.72611646775352],[-115.10259316480216,45.72798090824794],[-115.10012326450304,45.728902098564966],[-115.09780881418642,45.729582778846854],[-115.0972320442262,45.73035014896676],[-115.09679364420393,45.730668519035895],[-115.09474384383194,45.73081036924735],[-115.09078602323392,45.731689919705836],[-115.09006543309353,45.73169123977616],[-115.0881409726132,45.731164509919864],[-115.08749947247522,45.73110045997698],[-115.08390065183592,45.731419620353975],[-115.081820131186,45.73019252045468],[-115.08050420086595,45.729874910556475],[-115.07980142062881,45.72937165058308],[-115.07942302046573,45.72892239058262],[-115.07968936032202,45.72793663047473],[-115.07951699015963,45.727288380437656],[-115.07895467995883,45.72682981045434],[-115.07793830966662,45.72635760051407],[-115.07749759935682,45.72523056046329],[-115.07704353920069,45.72489055047922],[-115.07669823901584,45.72429887046373],[-115.07598028876917,45.723762580489016],[-115.07625959860852,45.72267817037169],[-115.07567993830419,45.72171486034807],[-115.07602420824716,45.72108884026248],[-115.07600845818097,45.72077061023755],[-115.0753028676696,45.718887800149744],[-115.07502116754678,45.71854605014873],[-115.07422275732137,45.718195770197354],[-115.07372406705478,45.71734263017496],[-115.07333352689805,45.716937160179235],[-115.0721735665608,45.71637903024578],[-115.07151769640203,45.71622430029672],[-115.07050218622808,45.71634717040577],[-115.06849836608028,45.71757487070291],[-115.06690177575507,45.71750775085275],[-115.06613723562333,45.7175964209345],[-115.06518261548906,45.717859481049295],[-115.06458740543786,45.71818776113457],[-115.0643230554191,45.718353471174055],[-115.06386905545445,45.718978791270224],[-115.06362799585331,45.721226651480656],[-115.0630269058026,45.72156271156712],[-115.0622592057834,45.72222179169665],[-115.0607250055988,45.722802201894254],[-115.05985222561124,45.72372392205589],[-115.05811341533852,45.72406171225324],[-115.05683025519455,45.72459970242289],[-115.05629824514487,45.724873482497514],[-115.0560331551369,45.725094012541625],[-115.05581601518561,45.72555344260097],[-115.05541010514774,45.72576216265783],[-115.05384329478693,45.725486592787426],[-115.05279484450398,45.72509350285681],[-115.05180874411366,45.724097422869946],[-115.05140411399329,45.723889252892],[-115.04936785359725,45.723898733091],[-115.0463174428793,45.723284853336835],[-115.04583457268096,45.722760793340186],[-115.04508493243891,45.722278963373086],[-115.04466057225588,45.721774463372384],[-115.04425262212612,45.721522363391095],[-115.042891691834,45.721390543512584],[-115.0425180217262,45.72121544353439],[-115.04153377118826,45.719473303485124],[-115.04088953097292,45.71902227351032],[-115.04042175084935,45.718860303542314],[-115.03945062066161,45.718870723637714],[-115.03794046047062,45.71939612382837],[-115.03650765043137,45.720610374068926],[-115.03543032029064,45.72096291420312],[-115.0344787202286,45.721587754347745],[-115.03321149995914,45.72147833446195],[-115.03230242973132,45.72122579452936],[-115.03184760947047,45.72035905450145],[-115.03151180932988,45.719981214502674],[-115.03036415899156,45.719406274566474],[-115.02967566872661,45.718749204578714],[-115.02878520833714,45.71766301457491],[-115.02728475757911,45.715319604525654],[-115.02607883716516,45.714420644568115],[-115.02661101715405,45.71383984446793],[-115.02791279725317,45.71305574427598],[-115.03227279810547,45.71305544385181],[-115.032272806939,45.70716991336148],[-115.03258813693967,45.70686203330518],[-115.03266392687196,45.70644564326312],[-115.03249480660882,45.705284473182836],[-115.03272566653416,45.70467981310996],[-115.03360507660503,45.704169722981966],[-115.03383953659628,45.70389419293619],[-115.03382417652801,45.703564992910245],[-115.03358749638859,45.70309453289403],[-115.0329141161985,45.70279959293498],[-115.03179701597676,45.702782423042166],[-115.03041523579301,45.703218323212894],[-115.02997071575557,45.70346807327695],[-115.0291192458269,45.70466834345976],[-115.02869463581287,45.70501639353007],[-115.02729588554384,45.70503879366797],[-115.02540804510592,45.70469136382262],[-115.02471540497355,45.70470681389123],[-115.02396006486862,45.70492249398267],[-115.0236160848448,45.705141664034436],[-115.0233158048791,45.70561132410275],[-115.02315118513702,45.70707536424081],[-115.02100772468827,45.706925914436795],[-115.01872480432382,45.70733943469327],[-115.0179641741679,45.70730321476425],[-115.01678908399269,45.70757864490148],[-115.01400237348673,45.70777576518894],[-115.01185662324436,45.70867039547221],[-115.00895585279167,45.7092494658026],[-115.00867394277421,45.70943940584584],[-115.00846964284445,45.709995675912104],[-115.0089210331508,45.711095985959986],[-115.00935564333624,45.71160279595995],[-115.00942491339923,45.71185239597399],[-115.00874828335007,45.71227224607482],[-115.00706550309329,45.712637426268955],[-115.00557101275425,45.71240187639465],[-115.00474810252054,45.71203470644406],[-115.00321313199012,45.71087339649652],[-115.00313094171062,45.70954406639366],[-115.00284956155234,45.709022866377516],[-115.00333457153148,45.70843874628165],[-115.00383694159771,45.70827709621931],[-115.0042155815818,45.707822726144606],[-115.0054233616759,45.70710521596729],[-115.00631071170955,45.70639894582213],[-115.00831880200634,45.70591432558644],[-115.0098628421371,45.705049915364185],[-115.01007662198847,45.70408825526322],[-115.00999574185555,45.70349699522175],[-115.00947531162905,45.702867195219824],[-115.00829119135577,45.702656775317415],[-115.00761066115253,45.70230262535403],[-115.00722934098252,45.70182094535092],[-115.00606885060144,45.70104257539883],[-115.0048320500651,45.69955576539502],[-115.00341406959625,45.698588385452105],[-115.00261376928661,45.69781534546544],[-115.00164566901313,45.69739024552405],[-115.00165459893279,45.69697586548861],[-115.00214979894248,45.69653542540374],[-115.00267561872275,45.6949057152166],[-115.00225654847628,45.69407428518791],[-115.00127888813856,45.693334455221205],[-115.00096496806155,45.69325545524516],[-114.99982077769248,45.692521465295066],[-114.99882203739894,45.692025395350726],[-114.99761127708143,45.691617755434365],[-114.99505478572462,45.687287615321196],[-114.99404725529772,45.68612570532205],[-114.99397488522533,45.68583119530448],[-114.9935489550648,45.6854410453133],[-114.99309426474763,45.684286775261086],[-114.99220019437239,45.68327389526333],[-114.99204458426645,45.682892285246595],[-114.99212341417989,45.68237644519584],[-114.99267686418469,45.681852985098345],[-114.99401947407496,45.67996968481057],[-114.99487710412822,45.67939056467887],[-114.99736406438926,45.67825026434205],[-114.99878457440458,45.676922274093144],[-114.9989779843379,45.67639340403014],[-114.99896324422298,45.675826833984225],[-114.99864815407108,45.675369803976665],[-114.99805768388492,45.67501243400419],[-114.99734298372161,45.67489346406367],[-114.99493301351065,45.67621109440785],[-114.99449238344886,45.67633454446095],[-114.9936815932852,45.67630892453753],[-114.9926389331454,45.67663347466595],[-114.99137086290614,45.676677854792835],[-114.9888360423601,45.676424465017845],[-114.98592284165197,45.675725175242356],[-114.98108167038235,45.67409394557614],[-114.9793797898512,45.67309116565756],[-114.9776009194122,45.672631125791824],[-114.97448993847097,45.67094827595316],[-114.9734488481926,45.67057047602267],[-114.97219250791625,45.670416206131755],[-114.97010166751251,45.67044398633707],[-114.96927932738568,45.67061662643137],[-114.96691254712537,45.67164411674705],[-114.96471325675618,45.671954616986596],[-114.96217041640035,45.67267307729361],[-114.96182498640798,45.673054127359016],[-114.96184643650807,45.67353946739757],[-114.96319066697544,45.6745729473535],[-114.96143224695624,45.67621827766184],[-114.95874750642767,45.676203467921326],[-114.95721456622171,45.67667972811004],[-114.95577923612832,45.677629658328875],[-114.95500081620538,45.67879082850161],[-114.95319262603802,45.679735648756214],[-114.95125470591373,45.6810269890525],[-114.94978341578512,45.6818340692629],[-114.94869339568403,45.682402889416366],[-114.94842310562944,45.682394239441855],[-114.94825530545,45.68165292939615],[-114.94821799519393,45.68039401929437],[-114.94801081507649,45.680005129281994],[-114.94664932462881,45.67908908933754],[-114.94643568452796,45.67879042933327],[-114.94675057450033,45.67833846926485],[-114.94747220454069,45.67782741915202],[-114.94828192452121,45.676926248997965],[-114.94836622444996,45.6764822589526],[-114.94823909421254,45.67540648887489],[-114.94848216404154,45.674299898758655],[-114.94850668386302,45.6733718986786],[-114.94818332364903,45.67260896864613],[-114.94804576345236,45.671749588587595],[-114.94737043311848,45.67072879856764],[-114.94662869287343,45.67022337859735],[-114.94554161260035,45.669918928677326],[-114.94513652246519,45.669635888692945],[-114.94600342240152,45.668453718509824],[-114.94610180233657,45.668027248464576],[-114.9476092420705,45.66518463808021],[-114.9475095417354,45.66358582795601],[-114.94725075157096,45.663009687932885],[-114.94814613155722,45.66205154776571],[-114.94888211149733,45.661017907607715],[-114.94940827134803,45.659739487449635],[-114.94953207117958,45.65876304735579],[-114.94981301112257,45.658195227281006],[-114.94975405098174,45.65754016723181],[-114.94989095088862,45.656932327167624],[-114.95067031070732,45.65524006695029],[-114.95088688056536,45.65430540685094],[-114.95080119038046,45.653453236787875],[-114.95058921021257,45.65281247675476],[-114.95017095003764,45.65234088675581],[-114.94939671980258,45.65191761679545],[-114.94865046961539,45.65170941685042],[-114.9480921595241,45.65180075691222],[-114.94510673938602,45.654064397391544],[-114.94394929940522,45.655310617608244],[-114.94349256936685,45.655569447674246],[-114.9404264983026,45.65321800777466],[-114.93973903814779,45.653115727832756],[-114.93890530802213,45.653306547929624],[-114.9382619378916,45.653283757990124],[-114.93746637770039,45.653104188052225],[-114.9367896174695,45.652605458076074],[-114.93614329718572,45.65180863807197],[-114.93562082687754,45.65076448803513],[-114.93518674658249,45.64969928798791],[-114.9351048864445,45.64908100794404],[-114.93516805627362,45.648151677859964],[-114.93555633617848,45.6472831477495],[-114.93606484579547,45.6448352074949],[-114.93582136535201,45.64282727735013],[-114.93544506515852,45.64221915733563],[-114.93497244499994,45.641884407353416],[-114.93423540480386,45.64162177740285],[-114.93332018461305,45.64156332748665],[-114.93296006450419,45.64136870750524],[-114.93137654389088,45.639830037529755],[-114.93123932380281,45.639519717517],[-114.93133170368377,45.6388234174496],[-114.93131479291097,45.63491735712357],[-114.93086603264352,45.63400567709058],[-114.93031608246858,45.63366456711523],[-114.92952545225529,45.63336774716701],[-114.92845426202793,45.633278627263316],[-114.92779369191723,45.63337338733533],[-114.9269337318202,45.633736047449126],[-114.92640256181019,45.63421340754068],[-114.92556567171042,45.6345392576491],[-114.92385357139557,45.6346431778238],[-114.92196953110482,45.63504102803982],[-114.92021007086427,45.63556958825476],[-114.919267320771,45.63603404838511],[-114.91812063060557,45.63633448852148],[-114.9138449399049,45.637030358994366],[-114.91275872970472,45.637094639105044],[-114.91180985948442,45.63692013918236],[-114.91269425950989,45.63616971903359],[-114.91348596958166,45.63574646892133],[-114.91367979955096,45.63539776887326],[-114.91327164936915,45.63488067886943],[-114.91282015923765,45.634662128894846],[-114.91160097899815,45.6346589290127],[-114.91176918849112,45.63191671876617],[-114.91161765828699,45.63103075870644],[-114.91124579814219,45.6306654587118],[-114.91024675787881,45.63032163877972],[-114.9084754476021,45.63067939898141],[-114.90787129726273,45.62955690894567],[-114.90743171709454,45.62913989895326],[-114.9068900769442,45.62891540898689],[-114.9060933967846,45.62889768906258],[-114.90383540645122,45.62945205932791],[-114.90335621634458,45.62938744936894],[-114.90088434590864,45.62963402962918],[-114.8969370951474,45.62969694001692],[-114.89523979476762,45.62945786016126],[-114.89471092469233,45.62960194022464],[-114.89294373457392,45.630760440493226],[-114.89140268434069,45.63111007067192],[-114.89013378420499,45.63168444084313],[-114.88981840419486,45.63194724089581],[-114.88890854387377,45.63122214092301],[-114.88762776351965,45.630698701003105],[-114.88712480323127,45.62973468097076],[-114.8861776128694,45.628839800987315],[-114.88291169184353,45.62688068113893],[-114.88038466134898,45.626885651384164],[-114.87803300065742,45.62571442151343],[-114.87595127009308,45.62492103164831],[-114.87477541983851,45.62479895175195],[-114.87375708966154,45.62491455186032],[-114.8722804595146,45.625639802064384],[-114.87152034946622,45.62615168218103],[-114.86969930925758,45.62690658242093],[-114.86919974908852,45.62654547243889],[-114.86880366879569,45.62545172238525],[-114.86824055857917,45.62491272239442],[-114.8673562582983,45.62436661243416],[-114.86608836801909,45.62421156254389],[-114.86395299765698,45.62449994277493],[-114.86280462741277,45.62440381287808],[-114.86186485710897,45.623796532918],[-114.86108470681593,45.623084822933606],[-114.86040988651457,45.62222551292662],[-114.85955021627194,45.621849532978196],[-114.85836350602047,45.62175466308511],[-114.85613010565207,45.62210922333124],[-114.85446440547793,45.62288564355793],[-114.85204331527031,45.624245633906845],[-114.8510280151026,45.62440593401867],[-114.8467154641398,45.623813314386325],[-114.84616783393324,45.623309694396966],[-114.84589921373541,45.62257163436081],[-114.84566503364319,45.62233648436363],[-114.84445056326956,45.62164830442326],[-114.84376251314791,45.62171649449565],[-114.8432234531519,45.62227474459486],[-114.84211702307304,45.62297812476124],[-114.84181199313198,45.6235824948417],[-114.84175669318347,45.62389941487373],[-114.84189174334006,45.62456097491634],[-114.84210831345196,45.6249137349251],[-114.84281565370652,45.625502014906196],[-114.84286081373457,45.62559950491],[-114.84266524372403,45.62574111494089],[-114.83860093289653,45.625589905321675],[-114.8356790323688,45.62582320562423],[-114.83487150224926,45.62602138571911],[-114.83439876227287,45.62661337581477],[-114.82808456176721,45.630345006740576],[-114.82676332173072,45.631478516964016],[-114.82618870177404,45.63227191708653],[-114.82604390195728,45.63334794719117],[-114.8257910219925,45.633779497252],[-114.82469887199605,45.634887287451164],[-114.82260089189901,45.63648785778919],[-114.82220302204314,45.637617367922886],[-114.82114500218955,45.639417098176935],[-114.81965276218271,45.64087129844399],[-114.81804345225997,45.6428694887682],[-114.8180569123387,45.6432560987995],[-114.81861980262991,45.64417340882221],[-114.81855350283351,45.64527380892138],[-114.81706183312644,45.64824919931647],[-114.81666005314766,45.64875771939827],[-114.81573641330205,45.65046287963135],[-114.81476704357549,45.652817679923615],[-114.81437929375195,45.654099840069144],[-114.81448729390013,45.65474434011297],[-114.8157005246413,45.65729618021027],[-114.8154597047517,45.65809636030096],[-114.8147078548804,45.65949872049195],[-114.81382421493609,45.66066244067554],[-114.81301059476212,45.66059063074839],[-114.81242875467292,45.66071809081549],[-114.81209820465448,45.660954170867385],[-114.8105881047066,45.66272390116272],[-114.80875526457854,45.66390128143952],[-114.80834538457519,45.664293021512215],[-114.8078378846421,45.66513809163259],[-114.80764266485701,45.66642281175969],[-114.80737791493097,45.667061751839135],[-114.80637568491812,45.667995342014876],[-114.80492562497105,45.669708972299745],[-114.80344379492566,45.670955572548344],[-114.80180989504314,45.67317938289395],[-114.80167988512494,45.673723792952416],[-114.80185607533603,45.67461806301062],[-114.80348704636693,45.678218273155466],[-114.80381951650297,45.678576253153416],[-114.80540754702669,45.67964846308961],[-114.8057619972308,45.68032975311263],[-114.80651180750472,45.680970843093846],[-114.808137797922,45.681465662977764],[-114.80828239799744,45.68170387298381],[-114.80796878799467,45.682002383039325],[-114.80714875791354,45.68240781315298],[-114.8039619573561,45.682757153491444],[-114.80205945708876,45.683297653721425],[-114.80053516698753,45.684302593953795],[-114.79774400672547,45.68575475434674],[-114.7948036165985,45.68803994482419],[-114.79446631640998,45.687421064804816],[-114.79412126608491,45.686118334728675],[-114.79337829575714,45.68519789472323],[-114.7933442056885,45.68488397470012],[-114.79401810561397,45.68383540454647],[-114.79422082553347,45.68322557447553],[-114.79503993546174,45.68204614429678],[-114.79509631526282,45.68098210420177],[-114.79568418510809,45.679612334029464],[-114.79513607467534,45.67796530394393],[-114.7948238145272,45.677525623937186],[-114.79399482426842,45.677040113976645],[-114.79336587410803,45.67685399402199],[-114.79209203384991,45.6768153341422],[-114.79123175371839,45.67700595424166],[-114.79043485363441,45.67737448434996],[-114.78955123358013,45.677979934486636],[-114.78848708345069,45.67838433462386],[-114.78723047309633,45.677840964699904],[-114.78400272233537,45.67720095495893],[-114.78361359220986,45.67695281497575],[-114.78399136222487,45.676652244913775],[-114.78416743209853,45.67583627482801],[-114.78331604180705,45.67520740485756],[-114.7825837115116,45.67443956486386],[-114.78174560129897,45.67419731492466],[-114.78106072107643,45.67375193495356],[-114.77975960077046,45.673498005058285],[-114.77824898029856,45.672611895130025],[-114.77674280999089,45.67255375527109],[-114.77518706952819,45.67175911535492],[-114.77457743927737,45.67109517535806],[-114.77414549920586,45.67116347540563],[-114.7739200992535,45.671630005466824],[-114.77397352934533,45.6720423054964],[-114.7734139492886,45.672312855573416],[-114.77291708927753,45.67275235565864],[-114.77271355935596,45.673353175729],[-114.77287490948432,45.67384291575461],[-114.77270557955686,45.67437959581629],[-114.7730248997276,45.67492712583144],[-114.77290850985287,45.67567809590601],[-114.7729740303589,45.67817831611037],[-114.77253429041377,45.67889496621339],[-114.77263414050029,45.67923372623224],[-114.77342757076127,45.67976556620015],[-114.77352890115353,45.681652516349345],[-114.77320773135355,45.6829863364928],[-114.77281680141067,45.683665376587925],[-114.77269508148161,45.68414647664027],[-114.77248583180602,45.68599867681655],[-114.77194194194956,45.68726785697622],[-114.77238732225106,45.6883513070243],[-114.77234344241509,45.68922588710224],[-114.77206985242525,45.68954998715608],[-114.77108513235697,45.69018563730509],[-114.77100751237776,45.69036822732801],[-114.77133562268897,45.691617577401374],[-114.77188306297086,45.6924996174226],[-114.7719245431761,45.69349739750258],[-114.77154356315158,45.69375303756108],[-114.77024888297994,45.6941738877221],[-114.76960902293646,45.69459108781926],[-114.7695270429813,45.69489984785321],[-114.76955302306271,45.695286047883265],[-114.76990364321826,45.695724527886185],[-114.77081216346225,45.69605455782583],[-114.77116474358621,45.69633095781489],[-114.77136654369039,45.696657337822835],[-114.7713729537858,45.697134197862354],[-114.77118541380176,45.697401437903004],[-114.76869102349254,45.6983209882224],[-114.76823175348697,45.69875022830311],[-114.76708034334968,45.69920230845287],[-114.7663439033056,45.69971269856727],[-114.76592306330733,45.70014065864415],[-114.76584272339518,45.700665388696116],[-114.76602746348368,45.70092932870045],[-114.76637280358494,45.70109795868111],[-114.76728636380679,45.701310838610404],[-114.76692235379801,45.701628898672546],[-114.76585456365886,45.70198819880633],[-114.76539631369441,45.70262441890441],[-114.76552092385862,45.703331418951834],[-114.76594244400995,45.70367755894005],[-114.76701409427437,45.70394822885892],[-114.7691442447241,45.70410290866525],[-114.76951343482459,45.70424373864131],[-114.76938656495525,45.70503104871992],[-114.77042909535459,45.70601375870143],[-114.77047504549856,45.70669633875448],[-114.76932193528098,45.70674344887029],[-114.76789573507543,45.70712360904071],[-114.76692663498179,45.70761467917606],[-114.76660588499549,45.7080033292399],[-114.76690771514899,45.70847943925067],[-114.7671914252457,45.70868609924052],[-114.76882093567316,45.709226379127884],[-114.7698874960345,45.70999225908887],[-114.77094078635415,45.71056053903446],[-114.77170213666446,45.71137250902894],[-114.77176769679444,45.71196442907235],[-114.77162765684612,45.71236511911966],[-114.77163890695682,45.712913829164776],[-114.77199125719298,45.713757309201576],[-114.77198194723927,45.714000659222904],[-114.77122214719793,45.7145478493427],[-114.77093803721333,45.714908299400605],[-114.77083825727799,45.71533465944619],[-114.77059090725763,45.715477859482206],[-114.76817570678388,45.7154856397173],[-114.76776844671525,45.71554409976174],[-114.76717176665687,45.71584284984478],[-114.76712928675029,45.71635732989221],[-114.76726521683666,45.71665887990435],[-114.76804910717996,45.71761414990866],[-114.76858758747116,45.7185505099352],[-114.76840623762007,45.71948364003127],[-114.76856551785518,45.720513530102494],[-114.76818336794092,45.721327280208016],[-114.76831448801218,45.72155698021464],[-114.76874475815279,45.72183982019663],[-114.76840683852848,45.72407431041742],[-114.76887570882792,45.72512099045995],[-114.76817246881343,45.725747310580886],[-114.76817957906246,45.72699826068539],[-114.768078679086,45.72721763071365],[-114.7654762390469,45.72960790116734],[-114.76558312923117,45.73043249122637],[-114.76214726907266,45.73304822177998],[-114.76173098908968,45.73354802186244],[-114.76151070915469,45.73409536192984],[-114.76147057925577,45.73464577198004],[-114.76030903901328,45.73457604208695],[-114.75838371841508,45.73346930218082],[-114.75708144807092,45.733026122270005],[-114.7560531778306,45.73283495235377],[-114.75378128739266,45.73288271257835],[-114.75147477703545,45.73337264284355],[-114.75115112696496,45.73333827287209],[-114.75037794669296,45.732733592896295],[-114.74882684624784,45.73202845298753],[-114.74630209577239,45.7321383732419],[-114.74503481531008,45.73106381327448],[-114.74379282492744,45.73036645333635],[-114.74266244470678,45.730376533446986],[-114.74071137452049,45.73137665372054],[-114.73959451407609,45.73024308373355],[-114.73688450350993,45.730079823982855],[-114.73655221325957,45.7291455639365],[-114.73609063305766,45.728584593934016],[-114.73566046291688,45.72830163395196],[-114.73521758265979,45.72744300392265],[-114.73491268253397,45.727110923924265],[-114.73434266237015,45.726850543957674],[-114.73316308210798,45.72670011405947],[-114.73238729190321,45.72643744411267],[-114.73152643161986,45.72586251414777],[-114.72967789091857,45.72415868418366],[-114.72769686029356,45.72297222427597],[-114.72685397999054,45.72227965429938],[-114.72451516922432,45.72073576439623],[-114.72343493877993,45.71956484440239],[-114.72330607867706,45.71917298438188],[-114.72339304849427,45.71816199428824],[-114.72374206826356,45.7166473741267],[-114.72337330778221,45.71458009398821],[-114.72367258766137,45.71367019388248],[-114.72371841750103,45.71281357380584],[-114.72350575732354,45.71212740376861],[-114.72266664695545,45.71110162376352],[-114.72254019686021,45.710745693745764],[-114.7226898367998,45.71029074369293],[-114.72365635680785,45.70936807352138],[-114.72382564673343,45.708822463458944],[-114.72363984656462,45.708153423420555],[-114.7224931462145,45.70752473347877],[-114.72040735571382,45.70707068364275],[-114.72054864562689,45.70648998358007],[-114.71957165524157,45.70551368359248],[-114.71890741481617,45.704023103531185],[-114.71844950458669,45.70331792351609],[-114.71853208450463,45.70282015346611],[-114.71926572442403,45.701680073298846],[-114.71929732437137,45.70138199327057],[-114.71904273417535,45.70064318323298],[-114.71869396398618,45.70003345321534],[-114.71820687381695,45.699662263231225],[-114.7173143735846,45.699376293293646],[-114.71610023336385,45.69946985341925],[-114.71476708326257,45.700287373617485],[-114.71450592327504,45.70061092367011],[-114.71420028341407,45.70162003378487],[-114.71343522351,45.70286911396449],[-114.71371234385441,45.70433632406138],[-114.71452018420042,45.705282174062816],[-114.71476486448,45.7064533941379],[-114.71528836468823,45.706985434132015],[-114.71608108494789,45.7075087040993],[-114.71612877502275,45.70784020412258],[-114.71443289484174,45.70861552435246],[-114.71279643500291,45.7110631447176],[-114.7109508949979,45.712878445049746],[-114.71012281493255,45.71337344517181],[-114.7092446847847,45.71350101526771],[-114.7080991445146,45.71327720535999],[-114.7072944442936,45.712961295411326],[-114.70472897380081,45.71302661566569],[-114.7027824632446,45.712153655780845],[-114.70173289304975,45.712214715887725],[-114.7005932228751,45.712467706019645],[-114.69680847203041,45.711969296344584],[-114.69601074179286,45.71156306638772],[-114.69419434115113,45.71012766644266],[-114.69359095099507,45.70994016648535],[-114.69232228075482,45.70999022661264],[-114.69154416069534,45.71046546672816],[-114.6911362606246,45.710514666771886],[-114.69086029039765,45.70964145672494],[-114.69059949983405,45.70704849653129],[-114.69032494965009,45.70639127650243],[-114.68985059944406,45.705821526500316],[-114.68792785876964,45.704326446560486],[-114.68721153859923,45.7041785766174],[-114.68585469815366,45.703277266672856],[-114.68469474772083,45.70224356669799],[-114.68399760753448,45.70199602674462],[-114.6833694674146,45.70201630680724],[-114.68310185732977,45.70185391681944],[-114.68234940700493,45.700960066816904],[-114.68221606673251,45.699713176724494],[-114.67989664590601,45.6978437067913],[-114.67916568568835,45.69747121683072],[-114.6784011555176,45.6973698368962],[-114.67512144489689,45.697502517225274],[-114.67361096453752,45.697191107345354],[-114.67115981390617,45.69644186751953],[-114.67055227365877,45.695795307523746],[-114.66960761341268,45.6954926375897],[-114.66728216291364,45.69528835779777],[-114.66655518282452,45.69556375789145],[-114.6661103028284,45.69602811797385],[-114.66595589279714,45.696024077988454],[-114.66583010258661,45.69508296792109],[-114.66559740245874,45.6946673779085],[-114.66497702216977,45.6938231778972],[-114.66345621158283,45.69236877792157],[-114.66169869108737,45.69161506802811],[-114.65935063055376,45.69125832822539],[-114.65638299004375,45.691641498545316],[-114.65576958997096,45.691886188625425],[-114.65353397979966,45.693253978957706],[-114.65291137981384,45.69394901907681],[-114.65194313968576,45.694268049197625],[-114.65068374962979,45.69524448940223],[-114.64776134918867,45.695932039743525],[-114.64743278917913,45.696212579799095],[-114.64718118922347,45.69668869986373],[-114.64596596919372,45.69775369007161],[-114.64450829912117,45.69884441030509],[-114.64372464904424,45.69923849041434],[-114.64143765870843,45.69982457068552],[-114.6400822583428,45.699327730774804],[-114.63893027812796,45.69939148089177],[-114.63843208807711,45.69963240096044],[-114.63700628806923,45.70101905121595],[-114.63614738802232,45.70164051135175],[-114.63213537717898,45.70138122171848],[-114.62898414634915,45.70032930193472],[-114.62795740614928,45.700343952035446],[-114.62698483600771,45.70059990215133],[-114.62634553596892,45.70104328225078],[-114.62390435568149,45.70202997257086],[-114.62076618520743,45.702768682937375],[-114.61661003479794,45.704853773516604],[-114.61516114459896,45.70529574369438],[-114.6131707043656,45.70610589395582],[-114.61304309402855,45.704525693834334],[-114.60782531314923,45.705293864404894],[-114.60665165290331,45.70522294451257],[-114.6072137528865,45.704575084403245],[-114.60796690294185,45.70410120429012],[-114.60835469290771,45.703539864205034],[-114.60848296265698,45.702140594074095],[-114.60806295227114,45.70060564398473],[-114.60804926214774,45.69999398393423],[-114.6087589822978,45.700043553869676],[-114.60913721235059,45.699932573823645],[-114.6096764823384,45.6993304337204],[-114.6108269424697,45.69884396356776],[-114.61105902243953,45.69845856351266],[-114.60974725197907,45.69743791355319],[-114.60945411169223,45.69627700348327],[-114.60937716144139,45.695082253389465],[-114.60781983084877,45.69363727341786],[-114.60748020052823,45.69235181334177],[-114.60698290032305,45.69180945334397],[-114.60668203012884,45.69112585331517],[-114.60639378001514,45.69083792331864],[-114.60477592946071,45.68964685337432],[-114.60395120921062,45.68920482341671],[-114.60305652896845,45.68887302347524],[-114.60216623881934,45.68900914357295],[-114.60208148870022,45.688489743537104],[-114.60154062847076,45.687867713536725],[-114.59978678802338,45.68735596366313],[-114.5997501979827,45.6871860936523],[-114.60037559801545,45.68672530355264],[-114.60063172794558,45.68611412347607],[-114.60108343796284,45.68574882340137],[-114.60143157791775,45.68517074331861],[-114.60225380800236,45.68477573320557],[-114.60313443804144,45.68409083306223],[-114.60363230801255,45.68344501295928],[-114.60357549790587,45.6829607329237],[-114.60250185731564,45.68104133286482],[-114.60256802701977,45.679473012725424],[-114.60289949707786,45.679435542690165],[-114.60418367741049,45.679836052599846],[-114.60456639747841,45.679796962559465],[-114.60517355753069,45.679453732471615],[-114.60574950748135,45.67862541234563],[-114.60609157749538,45.67835356228947],[-114.60636068754684,45.67834506226267],[-114.60665936765542,45.67859666225511],[-114.60805705804341,45.67916457216803],[-114.60878279820706,45.679267642106495],[-114.60962810832801,45.679033872004894],[-114.61299056855457,45.676812141491034],[-114.61374083868031,45.67669837140877],[-114.61378398866376,45.676570981393816],[-114.61325751852048,45.676371621427855],[-114.61291814835808,45.67588729141963],[-114.61195038803469,45.675215811456354],[-114.60956801738577,45.67431005161007],[-114.6088038972148,45.67420819167542],[-114.60721486694979,45.67445647185025],[-114.60191874588507,45.674362712354764],[-114.6016951358246,45.674279762369395],[-114.60174120581745,45.674197292357945],[-114.60229590585625,45.67383773227377],[-114.60275225584961,45.673346252187926],[-114.60276518581313,45.67314781216982],[-114.60256905572419,45.672892962167204],[-114.60182944555429,45.67277229222852],[-114.60072503537485,45.67296917235206],[-114.59974785513825,45.672747962427856],[-114.59871739480641,45.672096352472295],[-114.59746882435302,45.67104655250399],[-114.59738157430446,45.670887282498924],[-114.59748940430205,45.6707668624783],[-114.59889008458251,45.67078571234433],[-114.59944349465651,45.67060623227556],[-114.5999801746759,45.670166232186325],[-114.60039416460988,45.66941506208255],[-114.60045560453479,45.66897205203899],[-114.60154197449818,45.66769558182557],[-114.60213394434396,45.66631768165134],[-114.60246893417776,45.6651369315188],[-114.60287408412245,45.66444903142122],[-114.60324678419731,45.66445527138564],[-114.60583341496319,45.66575078124537],[-114.60649433511263,45.66584691118956],[-114.60692531518093,45.6657612811406],[-114.60752779517927,45.66514814103032],[-114.60754302515028,45.66498563101505],[-114.60712448500469,45.6646658110284],[-114.60483912443465,45.664062921198344],[-114.60353465399555,45.66314098124627],[-114.60251241369016,45.66261516130052],[-114.60173046349986,45.66243282136069],[-114.60118176344089,45.66268417143511],[-114.6007488034448,45.66313890151557],[-114.60017734339043,45.66343597159605],[-114.59927538335951,45.66418454174688],[-114.59838073323431,45.66444679185567],[-114.59721326296665,45.66425856195263],[-114.59651710274134,45.6638124319821],[-114.5962323625204,45.66297527193858],[-114.59618328239944,45.66240973189528],[-114.59636551212797,45.66084675174494],[-114.5961770920246,45.660510631734645],[-114.59571792186414,45.66015605174899],[-114.59529647159053,45.659188171707555],[-114.5953697514753,45.65852876164445],[-114.59517891124585,45.657553621580114],[-114.59580692113057,45.656336651416076],[-114.59594741095924,45.655324061316485],[-114.59714893094491,45.654044001091584],[-114.59925720085987,45.65149314067113],[-114.59934412082873,45.65124736064184],[-114.59924724070936,45.65073733060787],[-114.59849222037022,45.64977099059878],[-114.59729498004386,45.6493136606757],[-114.59710068996066,45.649085750675134],[-114.59759677004499,45.649016100621246],[-114.59866432030232,45.64925248053811],[-114.59890467037835,45.64939793052722],[-114.59928953061123,45.65019592055781],[-114.60055705100945,45.650948050499146],[-114.60089180107883,45.65096449046815],[-114.60122983104084,45.65043175039024],[-114.60040972064688,45.649251440369305],[-114.60157547098844,45.649817740304684],[-114.60222338113542,45.64991431025021],[-114.60235217112286,45.64972122022138],[-114.6023339709849,45.6490376801651],[-114.60391782119589,45.648519599967955],[-114.60426791119741,45.648175489904865],[-114.60452512109272,45.64738423981283],[-114.60419490088093,45.646638559781415],[-114.6056808312837,45.64719470968501],[-114.60606299146828,45.64774971969516],[-114.60677529170714,45.64824928966869],[-114.60641968180543,45.64910665977588],[-114.60821378222994,45.649464009632766],[-114.60899912239256,45.64950218956006],[-114.61134486280756,45.649256949312445],[-114.61221938294653,45.649085249213286],[-114.61303282304368,45.648762449107245],[-114.61300903300551,45.64859217909508],[-114.61341302310402,45.648687399064094],[-114.61434164326211,45.64855897896338],[-114.61644851368449,45.648591238762414],[-114.61883201410483,45.64833564851025],[-114.61982819424746,45.64806100839063],[-114.62053274430433,45.647642598286964],[-114.62298069438658,45.6456025978771],[-114.62354895443154,45.645260497793174],[-114.62692309501637,45.644847257431856],[-114.62796506526861,45.64508417735116],[-114.62848595551144,45.64579672736125],[-114.6289318855896,45.64574654731391],[-114.62907627558889,45.64559792728734],[-114.62910311551968,45.64521901725259],[-114.62880977538933,45.64485028724963],[-114.62778007509877,45.644405947311476],[-114.62700121491807,45.644268687375174],[-114.62425470441434,45.64446396765733],[-114.62300652423586,45.64480964780736],[-114.62219899415759,45.64522234792044],[-114.6207852041067,45.646383388155684],[-114.61998098411745,45.647246038306655],[-114.61919900404402,45.64765789841726],[-114.61750889376162,45.64791852860277],[-114.61323801296612,45.64816185903643],[-114.61292533292938,45.64828877907742],[-114.61145568250146,45.64758817916007],[-114.61094808237962,45.6474782291998],[-114.60884026211092,45.648229009467315],[-114.60788323189955,45.648115249550216],[-114.60755553181393,45.648008589572804],[-114.6062335213169,45.646808189598744],[-114.60429611073934,45.645816229701786],[-114.6025360902682,45.64518769981858],[-114.60049803003042,45.64602615008685],[-114.60036291002227,45.646120420107884],[-114.60029457007462,45.64645563014295],[-114.60043936015364,45.64671210015075],[-114.60066343021597,45.64680405013691],[-114.60269537055163,45.64646986991207],[-114.60327563071394,45.646712589876586],[-114.6038050009461,45.64736197988054],[-114.60383395100115,45.64761310989909],[-114.60348086102917,45.648110329975474],[-114.60216496082694,45.64840392012758],[-114.60167281079472,45.64873450020325],[-114.60140300081923,45.649130080262914],[-114.60104130062258,45.64849339024386],[-114.60061992050662,45.64832666027044],[-114.59978264037122,45.6484791003643],[-114.59940921037229,45.64885993043279],[-114.5975453799166,45.648414630575154],[-114.5957146596477,45.648886390792185],[-114.59541343964845,45.64919293084734],[-114.59539284969935,45.649472620873105],[-114.5956041197592,45.649564980860525],[-114.5973010301423,45.64980855071717],[-114.59794707032255,45.65007623067742],[-114.59812855040327,45.650304540679265],[-114.59817015049968,45.65075330071335],[-114.59840619064042,45.6512319307312],[-114.59687820073027,45.65322441104817],[-114.59662748077788,45.65371839111436],[-114.59503028079968,45.655433971414496],[-114.59425354109885,45.65773580168511],[-114.59443052144076,45.65929646180051],[-114.5950439717901,45.66045632183963],[-114.59553970199116,45.66098079183623],[-114.5955523720326,45.661178421851794],[-114.5953319820612,45.66154542190426],[-114.59525855221538,45.662402861984155],[-114.59531469232,45.66287817201908],[-114.59579086261473,45.663898332059624],[-114.59595137270568,45.66419932206962],[-114.59665559295738,45.66477121205006],[-114.59800762327627,45.66503464194164],[-114.59856962337852,45.664989921883475],[-114.59958779351314,45.66465176175627],[-114.60178941365278,45.66315107141593],[-114.60229841373958,45.66308099136075],[-114.60307424402792,45.663767611343985],[-114.60248709396163,45.66402018142222],[-114.60178080397878,45.66481660155816],[-114.60119237430195,45.66704951180455],[-114.59997903431781,45.668347992032125],[-114.5996691444481,45.669320912144705],[-114.59904136448566,45.67014184227507],[-114.59866734444594,45.670315662326004],[-114.59780309426287,45.67025289240429],[-114.59580092367241,45.669262842513994],[-114.5956087336356,45.66926889253313],[-114.59536442366506,45.66966365259022],[-114.59551616376673,45.6700279326065],[-114.59861794491498,45.67274759253714],[-114.60030999539822,45.67350434243762],[-114.6013391456076,45.67353488234063],[-114.60061241559791,45.67421491246866],[-114.60062510563932,45.674412542484205],[-114.60106469577484,45.674659712462656],[-114.60176934594867,45.67483550240934],[-114.6034444262975,45.67492664225496],[-114.60753317712238,45.675013491866665],[-114.6090505473896,45.67484849170586],[-114.61085068783143,45.675286621568794],[-114.6119122681462,45.675820111511264],[-114.61236464832315,45.676264861505224],[-114.61237506835701,45.67642656151791],[-114.61208950836975,45.67677765157529],[-114.60933248815084,45.67843113198236],[-114.60881805808611,45.67861842204801],[-114.60778188785426,45.678480162136616],[-114.6060383173611,45.67772515224135],[-114.60572199731298,45.67779815227816],[-114.60518413728985,45.67822021236601],[-114.6042911473282,45.679310582544865],[-114.60279847694508,45.678862642651346],[-114.6021973268336,45.67889962271266],[-114.60195140681842,45.6790694127509],[-114.60172371694154,45.67992272284527],[-114.60169805713343,45.68092268293256],[-114.602036557372,45.68179414297369],[-114.60272386772519,45.682897613000776],[-114.60264950783689,45.68353906306237],[-114.60133056778493,45.68459784327981],[-114.60056030767296,45.68480218337169],[-114.60033999766277,45.684971153407346],[-114.60012404774557,45.685608063482285],[-114.59888049778255,45.687042503724264],[-114.59892099787544,45.68747329375693],[-114.59915042795483,45.68764608374933],[-114.60047726830808,45.688108303660115],[-114.60109570851515,45.688538853636715],[-114.60122582866421,45.6891648436772],[-114.60152801878415,45.68947035367382],[-114.60232315897711,45.68965229361226],[-114.60330259914151,45.68950435350491],[-114.6055465498885,45.691044723418216],[-114.60598966007441,45.691543793417594],[-114.60624745024623,45.69215674344459],[-114.606852390527,45.69297475345534],[-114.60696157068632,45.693673403503986],[-114.60848852129797,45.69524538348938],[-114.60874349169649,45.69701058361423],[-114.60919816195924,45.69788734364445],[-114.60982257218525,45.69840767362808],[-114.60916570212879,45.69877950372321],[-114.6086462821271,45.69929100381688],[-114.60767661195575,45.69939367391949],[-114.60725106194536,45.699767183992314],[-114.60710570202225,45.70030285405181],[-114.60740933230413,45.70142743411763],[-114.60754101257614,45.70267445421052],[-114.6074356527443,45.70363193430183],[-114.60722050275106,45.703881764343876],[-114.60661898267858,45.70411681442208],[-114.6057620026389,45.70477398456072],[-114.60524963258173,45.704997204629265],[-114.6035794322514,45.70499595479098],[-114.60306475218668,45.705183234856676],[-114.60237647226457,45.70626712501518],[-114.60222261223512,45.7062719750305],[-114.60144375197768,45.70574747506151],[-114.60044104169876,45.70533805512392],[-114.5990582114003,45.70521064524707],[-114.59555166055148,45.704421045519865],[-114.5914355297617,45.70454165592875],[-114.59043333952363,45.704339156008665],[-114.58913239917683,45.703885006096165],[-114.58556412848118,45.70393416644592],[-114.58349494802982,45.70372012662818],[-114.58237528772308,45.70328720669986],[-114.58137352740694,45.70268855674613],[-114.57933157688618,45.70209551689358],[-114.57697628616877,45.7008191670134],[-114.57452462549142,45.699842827167984],[-114.57204865469406,45.69828210727527],[-114.57081185419976,45.69701561728757],[-114.56777400326102,45.69530135743615],[-114.56485472251356,45.69443844764553],[-114.56198706173693,45.69337580783292],[-114.56095469151776,45.69330001792638],[-114.56026897128703,45.692817337951766],[-114.5594693310788,45.69256323800758],[-114.55881842096288,45.69262853807615],[-114.55856349095838,45.69286152812064],[-114.55852707107735,45.6935017581785],[-114.55836898107368,45.69364170820569],[-114.55746453091807,45.69375991830324],[-114.55627236076937,45.69420213845622],[-114.55486766063672,45.69493900865471],[-114.55339768056781,45.696064948892605],[-114.55297862049989,45.696141008939655],[-114.55060300995218,45.6957468791361],[-114.54903616964289,45.69575060928808],[-114.54736815935854,45.695982489469216],[-114.54419186887898,45.69673827984081],[-114.54298540860329,45.69655070994166],[-114.54176580836409,45.696561560060644],[-114.53938661776408,45.69590626023524],[-114.53817587751409,45.69585379034793],[-114.53447982679273,45.69590537071],[-114.53062594614917,45.69651074113442],[-114.52866745570245,45.696211261298465],[-114.52747235546424,45.696203201413454],[-114.52454822514083,45.69749972180661],[-114.5212588546479,45.69830331219323],[-114.5184432644428,45.70009149261769],[-114.51796221445339,45.70062831270994],[-114.51756438457745,45.701657732835955],[-114.51732640515468,45.70482453312813],[-114.51675482546555,45.70697546336632],[-114.51685319555193,45.70731448338556],[-114.51722253569558,45.70767216338025],[-114.51979345653169,45.709330153272234],[-114.52180205714447,45.710420363170456],[-114.52293684754343,45.71130347313562],[-114.52411145799435,45.71241037311589],[-114.52528352855849,45.71409343314539],[-114.52398135812568,45.71320651319617],[-114.52142489741834,45.712187253357065],[-114.52001515694889,45.71122260341157],[-114.51924993673454,45.71090414345864],[-114.51804549646602,45.7107522535623],[-114.51749972637901,45.710859093624215],[-114.51697354631706,45.71107333369334],[-114.51636451630132,45.711605183797516],[-114.51586158635749,45.71239478391333],[-114.5153227063339,45.71281644400129],[-114.5156210266043,45.71388742406343],[-114.51465865662023,45.71493421424558],[-114.51462919688274,45.716294364363975],[-114.51439565686987,45.71646358440095],[-114.51374652672038,45.7163575544548],[-114.5124378064673,45.71638883458415],[-114.51189757639908,45.71658548465317],[-114.51122606641754,45.717353254783426],[-114.51093108656342,45.71838847489996],[-114.51123768698288,45.72020630502472],[-114.51114768704552,45.72061413506811],[-114.50925320665333,45.72052838524428],[-114.50880192651871,45.7202992252685],[-114.50759598596201,45.718689055248454],[-114.50643164558564,45.71795071529844],[-114.50556094534203,45.71759040535211],[-114.504067104874,45.716718135422596],[-114.50209485439899,45.716291155577245],[-114.50089446391557,45.71504640558764],[-114.50039592364863,45.71419392556343],[-114.49846109426757,45.71200849714297],[-114.498229,45.711692],[-114.4975487463469,45.70962612419061],[-114.49752397192132,45.70832080534202],[-114.49698321346526,45.70790864616719],[-114.49618654787568,45.70548923663935],[-114.49625937101133,45.70497618517991],[-114.4959397438614,45.704739712633916],[-114.495385,45.703055],[-114.4964509702252,45.70079492480566],[-114.496811,45.699306],[-114.50052663027523,45.69695083408426],[-114.50116075007465,45.695294903882036],[-114.5013015598886,45.69420895377602],[-114.5025435688086,45.69304037394564],[-114.50833888183648,45.68970794885279],[-114.50951481055709,45.68934334256752],[-114.50969741051341,45.68893777251535],[-114.5102537081157,45.68838946349222],[-114.51516891080688,45.68492551164473],[-114.513841,45.683797],[-114.50614217831371,45.68290329645469],[-114.5045199582128,45.682460932464906],[-114.50276997784272,45.68234162262399],[-114.50208379055614,45.682432185981554],[-114.500902,45.682295],[-114.49908370563983,45.678720223843634],[-114.501455,45.677369],[-114.50159745005676,45.676386271722116],[-114.50183136639963,45.67595292217083],[-114.50223094613162,45.674188441981954],[-114.50203468594586,45.67344157193734],[-114.49979397798825,45.66995042611482],[-114.49964240048108,45.66951444437172],[-114.50251868735823,45.665635139971485],[-114.50329946456452,45.66514324110829],[-114.50493410445021,45.662915240760526],[-114.50680546449264,45.661245870437455],[-114.50693812809489,45.65967455376137],[-114.50765197423407,45.65907711017088],[-114.50761590069409,45.65876042859281],[-114.50903080089418,45.65685212500331],[-114.51183884453354,45.656382599536734],[-114.512726,45.656043],[-114.5141784446751,45.654745899171274],[-114.515295,45.65297],[-114.523058,45.649352],[-114.52859923703731,45.65224156756454],[-114.52962634727852,45.65243488748175],[-114.53176586757564,45.651792567220326],[-114.5325840330224,45.65137491673086],[-114.53838136207905,45.65065329890756],[-114.53902092879781,45.650706966426824],[-114.54017591897635,45.65045284629361],[-114.54102289893176,45.649372966119806],[-114.54136752879982,45.64835412599976],[-114.54094861260813,45.64804182427056],[-114.53990010539766,45.64643086003842],[-114.53984823806411,45.64613875595799],[-114.54073643800493,45.64494274577035],[-114.54171192784406,45.64314104552272],[-114.54174674051026,45.6428584675739],[-114.542323,45.641961],[-114.54492547841637,45.64281866518479],[-114.545991,45.642988],[-114.54840309104628,45.642564507141394],[-114.55057193949328,45.64261582462201],[-114.55440319003723,45.64152789415922],[-114.55797154064733,45.6410416737731],[-114.5606118710311,45.640337533458094],[-114.56136159111087,45.639989003356],[-114.5620087611125,45.6393457032387],[-114.5633032511865,45.63841920303481],[-114.563987,45.637621],[-114.5641014010092,45.63671253281249],[-114.563990990554,45.634504892635306],[-114.56374303018595,45.63287947252089],[-114.56333258988316,45.63175008246448],[-114.56276530966447,45.63120702247299],[-114.56146902749884,45.63032657042147],[-114.55943205620972,45.628318994058574],[-114.55848005574529,45.62684948799322],[-114.55853626771935,45.62555385240022],[-114.55833854758143,45.6250500923764],[-114.55664125580277,45.62401111997822],[-114.5548066754481,45.62117926531083],[-114.55466362587659,45.62006128230637],[-114.55427255566876,45.61939582228738],[-114.55317453532358,45.61874222233775],[-114.55078541815386,45.61834074051907],[-114.5449289995273,45.61702251013539],[-114.54379447272196,45.614931442918454],[-114.54263940218793,45.613371852897004],[-114.54229614197307,45.61262187286623],[-114.54212063175865,45.61170448280499],[-114.5406834411509,45.61005328280289],[-114.53951471060809,45.608461922779945],[-114.53852485546219,45.60748053600113],[-114.53848700284533,45.606274058943136],[-114.53882659991729,45.60562974260484],[-114.5406817699341,45.60384246227343],[-114.54224360003533,45.60278261203232],[-114.54219291220807,45.602372889259705],[-114.54288598498076,45.60174141640599],[-114.54753443051854,45.599907851276704],[-114.54791508047117,45.599281481186594],[-114.5486697802508,45.5973939109528],[-114.54887858231226,45.59626762851527],[-114.54925798580354,45.59537111492356],[-114.55265984018862,45.59304650019716],[-114.55362669021555,45.59220762003234],[-114.55409329017674,45.59153800993019],[-114.554133,45.591244],[-114.55392821963531,45.588937589724345],[-114.55450965090644,45.588144148438325],[-114.55615,45.587426],[-114.55834794962396,45.5844145989123],[-114.558325,45.584278],[-114.55763177934473,45.58371070892132],[-114.55531867217015,45.58242371935421],[-114.55471856267893,45.58168122936864],[-114.55341768464149,45.57793318844295],[-114.55316291653088,45.57639728868495],[-114.55616606812049,45.57341162939462],[-114.55688504709283,45.57294738807492],[-114.55685631699644,45.5724832380381],[-114.55768285682466,45.57076818781203],[-114.55721667495833,45.57019102750856],[-114.55850050850538,45.56611719631823],[-114.56086912811713,45.565386225106415],[-114.56129477648585,45.56538161700415],[-114.562931,45.564804],[-114.56421194677188,45.56389570659617],[-114.565491,45.562601],[-114.56555587673706,45.56235817633542],[-114.56525938825364,45.56045332744283],[-114.56546859620177,45.55970544611737],[-114.56538786606949,45.5591096360743],[-114.56503121077196,45.558337499885454],[-114.564974,45.557807]],[[-114.79945268968015,45.3921309293172],[-114.79968936974595,45.39223106930304],[-114.79945214968001,45.39213062931723],[-114.79945268968015,45.3921309293172]],[[-114.77334117280749,45.4347202054536],[-114.77335243281011,45.4347224154527],[-114.77357497286233,45.434766535435045],[-114.77334117280749,45.4347202054536]],[[-114.78849553589757,45.43531996404752],[-114.78873825594815,45.43533508402547],[-114.7883473358665,45.43530966406091],[-114.78849553589757,45.43531996404752]],[[-114.69097909753903,45.49091999816334],[-114.6912588176029,45.490965458140344],[-114.69097875753893,45.49091985816338],[-114.69097909753903,45.49091999816334]],[[-114.67198842032566,45.47304353846631],[-114.67198842032569,45.47304360846631],[-114.67199165032639,45.473043948466],[-114.67198842032566,45.47304353846631]]],[[[-114.88104418574495,44.59599763272314],[-114.88069378578781,44.59660331280912],[-114.8778383448648,44.59459222289942],[-114.87645379435538,44.593279122913614],[-114.87484665381767,44.59204738295562],[-114.87286558304125,44.58990839295293],[-114.87217451273985,44.58899526293728],[-114.86932156178864,44.58682646301337],[-114.86581238080728,44.58518998319748],[-114.86479999046055,44.58436983322001],[-114.86370182013628,44.58376412326938],[-114.8628525398169,44.582919993274515],[-114.86124371909777,44.5806977432295],[-114.85900622832598,44.57885530327652],[-114.85813606794648,44.577704653256625],[-114.85777772765424,44.576487083183046],[-114.8577403375431,44.57591922313663],[-114.85782296719493,44.573926692953684],[-114.85861258726972,44.57349587284205],[-114.85890779727212,44.573195312788066],[-114.85897963724187,44.572953592760086],[-114.85885153707095,44.57215446270182],[-114.85767868656096,44.57061102267556],[-114.85711718625741,44.56954718263446],[-114.85634427602471,44.56909605266689],[-114.85588160580491,44.568385162647566],[-114.85519053560411,44.56802108268007],[-114.85509450549544,44.567528642645755],[-114.85442691529597,44.56714699267451],[-114.85391434496269,44.56586799260983],[-114.85402510487201,44.565253392545415],[-114.85386103466601,44.56430053247691],[-114.85354252448957,44.563673362451425],[-114.85153739370821,44.56152905244991],[-114.85142588362287,44.56118035242967],[-114.85143943345294,44.56023533234521],[-114.85130069328657,44.559472002290995],[-114.85216785334636,44.55887613215758],[-114.85250729327042,44.55809928205755],[-114.85249143315474,44.557482312004716],[-114.85205800298769,44.55702852200524],[-114.85227455300168,44.55687505197154],[-114.85436959350352,44.557393531821624],[-114.8554968734845,44.55608935160158],[-114.8560793735734,44.55595625153554],[-114.86015074434235,44.55583455114485],[-114.86424837532671,44.55686553085308],[-114.86462456501482,44.5547569406325],[-114.86488509491595,44.553938070536134],[-114.86479930487187,44.553787920530915],[-114.86079698376658,44.55199262074647],[-114.86035757321132,44.54941785056084],[-114.86135413317213,44.54814182035555],[-114.86479349343148,44.545901499837456],[-114.8674478031474,44.541517289203924],[-114.86368255216834,44.54015953943562],[-114.86321572200464,44.53975918944391],[-114.86269718175934,44.53896625942251],[-114.8625104815558,44.538048989359154],[-114.86174162119616,44.53689575932931],[-114.86144957099155,44.53608455928513],[-114.861466130834,44.53520260920591],[-114.8612230106029,44.53419425913979],[-114.86118270044727,44.53338325907211],[-114.86064923015638,44.53235596903143],[-114.86063774994899,44.5312304189333],[-114.86116646974183,44.52952981873422],[-114.8611945596506,44.52899918868484],[-114.85566657856843,44.52895404919631],[-114.85558790906472,44.53176139945097],[-114.85609394993523,44.53599764977697],[-114.8556773101614,44.5376823299642],[-114.85539440061268,44.54045884023509],[-114.85547139090949,44.54200424036401],[-114.85533353105545,44.54295143046031],[-114.85496290114389,44.543831230572366],[-114.85425433113348,44.54452913069988],[-114.8526243009056,44.54501615089482],[-114.85151664065457,44.544819770980894],[-114.85072846041079,44.54432329101072],[-114.84872622960432,44.542034930995904],[-114.84795439935111,44.54146870101802],[-114.84726719926606,44.54173483110556],[-114.84552869885326,44.54132393123156],[-114.84408694855576,44.54122921135763],[-114.84310112828278,44.54078297141029],[-114.84246403813871,44.54067191145993],[-114.8396802875913,44.540637291716514],[-114.83604345692187,44.5408430220738],[-114.83334557645615,44.541165482353854],[-114.83105515601194,44.54117152256799],[-114.82934786572665,44.54142717274973],[-114.82807766555484,44.541839652904514],[-114.82717209537896,44.541840432989034],[-114.82457873497974,44.542416753281735],[-114.82316657466242,44.542182783392796],[-114.82009818390078,44.54127800359916],[-114.81600248295044,44.540434533906684],[-114.81392643237368,44.5394855440165],[-114.8109278817463,44.539243554274734],[-114.80912320127656,44.538592274385515],[-114.80698901084163,44.53848379457493],[-114.80215932994827,44.538737555047604],[-114.80077949962245,44.53842290514846],[-114.80011312935588,44.53767185514427],[-114.79875630860411,44.53499443503442],[-114.79832117825379,44.5335366149463],[-114.79740992774367,44.53170951486992],[-114.7963280373941,44.530945924903364],[-114.79504410703892,44.530367474971925],[-114.79400922672241,44.52973531501258],[-114.79321091644542,44.529067195027956],[-114.79265419618834,44.5282507050077],[-114.79261480610516,44.527835814974715],[-114.79129716561461,44.52654997498396],[-114.78952748485752,44.524283074948585],[-114.78747677424802,44.523127035037504],[-114.78632808398112,44.52288871512347],[-114.78502759353746,44.5218416951521],[-114.78332284308333,44.52116943525145],[-114.78259816284962,44.520660215274006],[-114.78164867261313,44.52037620533731],[-114.77984948226558,44.520390755506185],[-114.77882218200628,44.520064685573075],[-114.77784718169511,44.51939752560489],[-114.77730963142308,44.518477805573696],[-114.77620311103104,44.51750647559086],[-114.77555518088951,44.517421835643695],[-114.77459714075572,44.51771162575856],[-114.7742761506741,44.51760651577916],[-114.77273334024547,44.51690123586051],[-114.77186295992882,44.51609202587],[-114.76998475941076,44.515254125970785],[-114.76877463902842,44.5144472660121],[-114.76643117841896,44.51360471615578],[-114.76356002761922,44.51228112630603],[-114.76216170712756,44.51107438632946],[-114.7613555367549,44.50988823629954],[-114.76068612651005,44.50925842630609],[-114.76030774639985,44.50905745632357],[-114.75903258610195,44.50878486641813],[-114.758763486002,44.50852300642005],[-114.75817041566754,44.50731851636864],[-114.75488474455784,44.504733226445595],[-114.7540070443249,44.50439186649708],[-114.75292355407318,44.50416799657809],[-114.74864356323089,44.50411972697216],[-114.74652402276543,44.50383036714376],[-114.74526929245768,44.50348151722967],[-114.74368846201894,44.50276159731304],[-114.74303028180988,44.50231646733484],[-114.741755371512,44.502043697429286],[-114.73853366059559,44.50045401758824],[-114.73602434980332,44.49878382767374],[-114.73553851939877,44.497077197567705],[-114.73470690905555,44.496079417556615],[-114.7342577587629,44.49494966749832],[-114.73450707855659,44.493545697350676],[-114.73406686829024,44.492551167303446],[-114.73409014825563,44.492335567282176],[-114.73458726819247,44.49145415715779],[-114.73472954808749,44.490723257079814],[-114.73390078768044,44.48936991703689],[-114.73376879756599,44.488881157005835],[-114.73416894749263,44.48804733689473],[-114.733681837231,44.48712840685856],[-114.7337887570896,44.486234756769356],[-114.73356736684639,44.48513203669215],[-114.73370009667755,44.48405884658468],[-114.73336186640302,44.48290878651415],[-114.73353336610063,44.48105763633405],[-114.73289192572592,44.47968099627162],[-114.73310440552613,44.47835123613389],[-114.73301920527815,44.47707526602865],[-114.73291980519068,44.47669967600459],[-114.73224321492255,44.475948026000836],[-114.7316659644922,44.47419453589894],[-114.73159953435984,44.47353602584665],[-114.7313288641838,44.47285544581144],[-114.7309494537821,44.47104735568628],[-114.73060204326282,44.468555705497515],[-114.73066443323872,44.468355735473935],[-114.73092264328275,44.46832097544685],[-114.73111083335428,44.46851376544649],[-114.73167489367431,44.46967281549693],[-114.73228432395265,44.47055367551844],[-114.73278439425827,44.47170244557388],[-114.73318156442599,44.47220097558121],[-114.73472739493995,44.473374985541675],[-114.73525925505528,44.473439555497954],[-114.7362443352229,44.473306025394514],[-114.737079315542,44.47416882539342],[-114.73745579561506,44.47416728535833],[-114.73786860565369,44.473936885299494],[-114.73866125563218,44.472966785139825],[-114.73834163534026,44.47170007505713],[-114.73794305520083,44.47135907506395],[-114.73686564493248,44.47103614513546],[-114.73674913486283,44.47077726512334],[-114.73701806475218,44.46987781501853],[-114.73735627438525,44.46748978477523],[-114.73752337435639,44.46715099472964],[-114.73809539437927,44.46666267463317],[-114.73796834431656,44.4664530946264],[-114.73616823374496,44.46523357468547],[-114.73601876367088,44.46498556467735],[-114.74245240516635,44.4663237541982],[-114.74587842578049,44.466031303853846],[-114.7473116659888,44.46564094368604],[-114.7481478461693,44.46573845361697],[-114.7490732564058,44.466049283558526],[-114.75119429705803,44.467369443478496],[-114.75226554755845,44.468979513521646],[-114.75346899792433,44.469705403474144],[-114.75458366834359,44.47082115346943],[-114.7556662086635,44.471423113422155],[-114.75674278893244,44.471750353351084],[-114.75789083930854,44.472592143319],[-114.75923445984998,44.474135473330854],[-114.76217994021748,44.473000362956405],[-114.7647746107007,44.472880112704516],[-114.76626236089595,44.47236005252011],[-114.76774185103159,44.47152022230814],[-114.76827810112322,44.47144967225205],[-114.77074895190583,44.473113922169745],[-114.77321954251049,44.473796802000514],[-114.77382657263809,44.473849151948734],[-114.77474239266851,44.47303424179136],[-114.77628621278659,44.472029001558795],[-114.77960110320822,44.47079710114147],[-114.78067985341124,44.47075955103785],[-114.7843365943992,44.47228448083281],[-114.78594823489395,44.47328353077142],[-114.78786517542383,44.47414893066978],[-114.79070968630313,44.47594601056432],[-114.79338832696585,44.476727020384274],[-114.79570937761241,44.47780265026355],[-114.79987746907322,44.48138507019276],[-114.80178424964112,44.4824706001114],[-114.80278643005583,44.48368158012525],[-114.80567692006764,44.48065037958822],[-114.8069739798007,44.477789919214594],[-114.80776556977845,44.476819319055075],[-114.81087331021301,44.475884128683276],[-114.81188297038337,44.475741428576754],[-114.81259466047354,44.47547596848704],[-114.81371663055916,44.4747457283181],[-114.81505067071694,44.474186078144484],[-114.8183385811649,44.47313258774551],[-114.82078086157867,44.47279659748858],[-114.82146690166209,44.47252159740047],[-114.82173860166603,44.47225219735139],[-114.82198861164117,44.47184733729233],[-114.82251669132593,44.469543707039485],[-114.82270494129125,44.46915116698731],[-114.82312340127854,44.468632486902486],[-114.82556375140848,44.46673437650767],[-114.82619358139424,44.46598113638248],[-114.82641498128463,44.46513909628744],[-114.82640597104779,44.463843076173674],[-114.82631556071068,44.46208076602621],[-114.8259347103824,44.460678095937574],[-114.82603042031725,44.46021627588782],[-114.82701678017698,44.45838497563415],[-114.86524060770262,44.45894822212924],[-114.86725971787531,44.457739061834594],[-114.86892066789156,44.456050531531005],[-114.86975251778323,44.45456259132223],[-114.86982571765573,44.45378071124632],[-114.86970930734796,44.45220756111819],[-114.87055690728525,44.45095397092865],[-114.87086748716385,44.44995145081122],[-114.87081009705145,44.44939259076718],[-114.87019133673013,44.448282330726606],[-114.8686627161363,44.44664232072388],[-114.86841283584963,44.44532776063095],[-114.86851203583255,44.44512704060397],[-114.870995966027,44.44353937023278],[-114.87311817626251,44.442566089949494],[-114.87382848638322,44.44247127987508],[-114.8742010264111,44.442226139818786],[-114.87441319637716,44.44181144976239],[-114.87444111621959,44.44091168968033],[-114.87524298578273,44.437640599316765],[-114.87326840522424,44.436672059414676],[-114.87164659473375,44.4357010594796],[-114.87063015447112,44.43534000954217],[-114.8699535842088,44.43461616954109],[-114.86957561409753,44.43440655955767],[-114.8694408040114,44.43407544954095],[-114.86888202261473,44.42695730896351],[-114.86995175275838,44.42660364883287],[-114.87153942287468,44.42554389859163],[-114.87461931285884,44.4221531780057],[-114.87537270290088,44.42157750788482],[-114.87758045311355,44.42038512757428],[-114.87944869339917,44.41996071736321],[-114.88088228347694,44.418852967132075],[-114.88487948381382,44.41642877654643],[-114.88500400380019,44.41621950651639],[-114.88504015370064,44.41563049646096],[-114.88479355342496,44.414370036372404],[-114.88506564332965,44.41355131627475],[-114.88513831309743,44.41218873614749],[-114.88553832306654,44.411588446057294],[-114.88772115327825,44.41041795575108],[-114.88875463345282,44.41027500564245],[-114.89017848377684,44.410539885533616],[-114.89142606402945,44.41059893542297],[-114.89215522424242,44.41099501539024],[-114.8939226646423,44.41131120525407],[-114.89572088513445,44.41210508515722],[-114.89622900524769,44.4121864651172],[-114.89666044530918,44.412063875066295],[-114.89814857534141,44.41064630480278],[-114.8985014353801,44.41048174475544],[-114.89896151548872,44.41058924472222],[-114.89994064581607,44.41134998469853],[-114.90094427621096,44.4124577747032],[-114.90139983644482,44.41326289473201],[-114.90149741659344,44.41398040478638],[-114.90220000693226,44.41510066482007],[-114.9050092077377,44.41654315468653],[-114.90537945785876,44.416815524676196],[-114.90630532826766,44.418083894702214],[-114.90680762843346,44.41846221468894],[-114.90785780869017,44.41875604461733],[-114.9091218489231,44.41868915449395],[-114.91010983906902,44.4184371543799],[-114.91294586940583,44.41726012401243],[-114.91358586946112,44.416880193919404],[-114.91529549969387,44.41633522371245],[-114.91769646996194,44.41524465339304],[-114.9195062202795,44.415061563208695],[-114.9206270504377,44.41473536307581],[-114.92390380106876,44.41471394276946],[-114.92492059143355,44.41564170275685],[-114.92568132163314,44.41593010271161],[-114.92678683188272,44.41612573262615],[-114.92739390201129,44.41618626257513],[-114.92868906219886,44.415836142423856],[-114.93056516260755,44.41608621227159],[-114.93137082273454,44.41592524218248],[-114.93185718278636,44.41569097211666],[-114.93284570283211,44.414885111953666],[-114.93408206295108,44.414218761779935],[-114.9352162331476,44.414090721663264],[-114.93695569350892,44.4142255015135],[-114.93774401364546,44.414136381432385],[-114.94021391387624,44.41276750108206],[-114.94180243416541,44.4126655909255],[-114.94793047541606,44.4130189203872],[-114.94786785601202,44.41638035068949],[-114.94830420615412,44.41669879067704],[-114.94885559629208,44.416870740640924],[-114.95014465656214,44.416983910531115],[-114.95149599691204,44.41747180044852],[-114.95290716719559,44.41752860032234],[-114.95624658803949,44.41861922010809],[-114.95706826831447,44.4192596200882],[-114.95721798855445,44.42042562017707],[-114.95766324879125,44.42125734020899],[-114.96037657938237,44.42162091998879],[-114.96168274970213,44.42199084989993],[-114.96342074001565,44.42186429972719],[-114.96458856034249,44.42242077966765],[-114.96555013071426,44.42344621966864],[-114.96478719064315,44.42386926977686],[-114.9631215103675,44.42412766995451],[-114.96197846024769,44.42468797011013],[-114.96123788034238,44.42600267029486],[-114.96043192034756,44.426893060448265],[-114.96030704039309,44.427277960493754],[-114.9606211705886,44.42802180053015],[-114.9604597907639,44.42916227064564],[-114.9593973507749,44.43035868084984],[-114.95849367073808,44.43112127100109],[-114.95804499079568,44.43191901111311],[-114.95732114080162,44.43272532125145],[-114.95692609077845,44.43301985131417],[-114.95475707050558,44.433831801587466],[-114.95296736037913,44.43504663186093],[-114.95095354035288,44.43705416222517],[-114.94968373027326,44.43797217242412],[-114.94915261033026,44.43885391255125],[-114.94583889023802,44.441886833126745],[-114.94703800058518,44.44252058307106],[-114.94754075078374,44.44307878307345],[-114.94752174103294,44.44447388319813],[-114.94766323123876,44.445457723271645],[-114.94759940135759,44.446181303341305],[-114.94779576168843,44.447796333465355],[-114.94781193193735,44.44915154358321],[-114.94846037228463,44.450374063630534],[-114.94935587256796,44.45097982360056],[-114.9495896326679,44.451281113605305],[-114.94928674264008,44.45145123364849],[-114.94803415266651,44.45293474389573],[-114.94718841259466,44.45344170401908],[-114.94660310263205,44.45427294414679],[-114.9465215227336,44.45491968421132],[-114.94691445332549,44.457762614425086],[-114.94715778345108,44.45819462444048],[-114.94855919380875,44.45866994435189],[-114.950225764387,44.460077284320676],[-114.95371762546115,44.46226904418849],[-114.9542232756343,44.46268322417788],[-114.95469689584932,44.46336241419359],[-114.95470113593028,44.463803624232],[-114.95441498605123,44.464775304344165],[-114.954280986454,44.46713656456442],[-114.95415497649651,44.46750494460858],[-114.95350553648302,44.468123504723515],[-114.952684446381,44.46843739482762],[-114.95096860610022,44.468721725012415],[-114.94944209595815,44.46956759522898],[-114.94581885547878,44.47079323567422],[-114.94468702539055,44.471514795843184],[-114.94446184545085,44.472086925914475],[-114.94493702594269,44.474287646063914],[-114.94493756617993,44.47559305617873],[-114.94470199624722,44.476214506255346],[-114.94412945628488,44.47703245638064],[-114.94393242642845,44.478032716487036],[-114.94401084655432,44.47864180653333],[-114.94428939671228,44.479213996557746],[-114.94546189722065,44.480761056584655],[-114.9455224274968,44.482216086707005],[-114.9451554475881,44.48310976681981],[-114.94534178775413,44.4838243268653],[-114.94601937801532,44.48453872686501],[-114.94754617852887,44.48573652682812],[-114.94786027872581,44.486484896864674],[-114.94818652885395,44.486841866865646],[-114.94852035893608,44.486937886842995],[-114.94963596937933,44.488186796848886],[-114.95110190005535,44.490342246901854],[-114.9519617806063,44.49245530700749],[-114.9540503517229,44.49636840715678],[-114.95433662183906,44.49670213715945],[-114.95577466229683,44.49768666711191],[-114.95715934271075,44.49848711705315],[-114.9571594927474,44.498688237070795],[-114.95762134283686,44.498688097027745],[-114.95863936309172,44.49900474696065],[-114.95997927337035,44.499109706845],[-114.96041113360045,44.4999141568754],[-114.96063749387856,44.501201086967356],[-114.9627635945276,44.50250391688356],[-114.96348291477415,44.50309291686822],[-114.96708015614486,44.506794096857845],[-114.97028176742145,44.510398106875684],[-114.97088360770148,44.511295566898355],[-114.97111893790694,44.5121730169534],[-114.97150727807771,44.512697566963226],[-114.9715384581347,44.51297720698485],[-114.97109326837099,44.51474733718175],[-114.97038251838525,44.51558096732122],[-114.96887238816008,44.51595023749454],[-114.96793291798897,44.51601005758744],[-114.96748296797662,44.51642067766548],[-114.96700716806176,44.517393497795275],[-114.96418089769455,44.5183829781458],[-114.96252294755095,44.51935721838599],[-114.9611171973544,44.51977326855365],[-114.9596465272091,44.520539238758126],[-114.95934157721057,44.520871398815714],[-114.95931784727642,44.52125808885191],[-114.95960866740344,44.52164589885882],[-114.96102916791229,44.52292713883872],[-114.96192525819549,44.52352830880791],[-114.96223025832944,44.52393887881547],[-114.96228028843942,44.5244889288591],[-114.96216256850568,44.524977478912966],[-114.96098217855548,44.526504879157145],[-114.96043736891279,44.529042909430736],[-114.96007327901432,44.52998619954749],[-114.96035219913986,44.53037828955585],[-114.96201973961541,44.53121379947353],[-114.96284144992015,44.53201168946684],[-114.96301489001348,44.53233887947937],[-114.96305644013331,44.532951809529244],[-114.96290964021853,44.53357487959764],[-114.96170438019548,44.53472821981131],[-114.961539170328,44.535630049905876],[-114.96115601034035,44.53610484998331],[-114.95946950021836,44.53722708023918],[-114.95780980027332,44.5392905405752],[-114.95717626020515,44.539589800660565],[-114.95640368017861,44.54026468079192],[-114.95614054036746,44.54157887093179],[-114.9552968303738,44.54250905109213],[-114.95511921057212,44.54378425122058],[-114.9549237205854,44.54406433126343],[-114.95286121032679,44.54483762152385],[-114.95148938012873,44.54520915168453],[-114.95098139008611,44.54551513175882],[-114.94971330012135,44.54705433201224],[-114.94832621001561,44.547947702220156],[-114.94715716999634,44.549083532428995],[-114.94374623947351,44.549841422814],[-114.94317008940345,44.5500696228878],[-114.94249947936822,44.55058869299595],[-114.94062112909816,44.5511039932166],[-114.93978552902544,44.55159308333752],[-114.93817073904243,44.55340049364695],[-114.93731612915347,44.554915513859704],[-114.93630029913892,44.55591446404221],[-114.9353973692133,44.55728004424638],[-114.9341561391889,44.55846395446615],[-114.93375403945588,44.56035174466935],[-114.93291123960061,44.56203799489605],[-114.93225003979761,44.56381754511392],[-114.93184949979265,44.56421541518622],[-114.92889187949794,44.56574178559646],[-114.927471469537,44.56746252588012],[-114.92676942937622,44.567328255933944],[-114.92291419834972,44.565804276160385],[-114.9216873680944,44.56570986626672],[-114.9212602780505,44.56592273632529],[-114.92117812808445,44.566195816356945],[-114.92126492820115,44.56674205639677],[-114.92266041880735,44.56857697642737],[-114.92291567896886,44.56918929645725],[-114.92300272915311,44.57010464652945],[-114.92285328916392,44.57032249656254],[-114.92217573897096,44.56998607659632],[-114.92125806865897,44.569253666617804],[-114.92103020854404,44.56886690660513],[-114.9199821681611,44.56788454661689],[-114.91933843803159,44.56785931667479],[-114.91808434786027,44.56825311682649],[-114.9163436674578,44.56789924695803],[-114.91529874728008,44.56803652706774],[-114.9148821472965,44.5685683171533],[-114.91488168733096,44.568757357169936],[-114.91604620774433,44.569782407151116],[-114.91682330795452,44.57010717710699],[-114.9178303481121,44.569900476994775],[-114.91812495818432,44.569982366974436],[-114.91840954836225,44.57065374700678],[-114.91896076856492,44.57117694700117],[-114.91919542863015,44.571284746988724],[-114.91992309876554,44.57125298691794],[-114.92037607905743,44.572368556973515],[-114.92099584925302,44.57278046695172],[-114.92089649933959,44.5733593270118],[-114.92104268949028,44.574028177056825],[-114.9203687693214,44.573819817101466],[-114.91956020915853,44.57378702717418],[-114.91925444912371,44.573921057214534],[-114.91868453914215,44.57462637732962],[-114.91767892888433,44.57428395739357],[-114.91702690876306,44.57431257745703],[-114.91659243873082,44.574597237522575],[-114.91614988877306,44.57529796762541],[-114.91474876845216,44.5750297577328],[-114.91361184808362,44.57422126776811],[-114.91229532774139,44.573747077849525],[-114.91127796751749,44.573602437931854],[-114.91025702735129,44.573777318042616],[-114.90649515683738,44.57495978849786],[-114.90569861675623,44.575361268607566],[-114.90488627671841,44.57601706874103],[-114.90472722680394,44.57665333881172],[-114.904849006921,44.577164218845155],[-114.90458122689364,44.57729884888204],[-114.90328513667971,44.5775046290212],[-114.90212351644452,44.57745178912508],[-114.90136304634439,44.577711369218946],[-114.90056085629939,44.578316869347006],[-114.89942918636159,44.57985800958805],[-114.89916219657812,44.581325029741784],[-114.8981922565257,44.582067899897645],[-114.89749344654831,44.582932790038875],[-114.89682711679971,44.58501363028375],[-114.89713918699067,44.58572608031716],[-114.89695274723718,44.58727110047016],[-114.89724830734505,44.58754662046671],[-114.90012930782436,44.587108990159],[-114.90223379803517,44.586028409867474],[-114.90277260813836,44.58602068981644],[-114.90334171853009,44.58755707989807],[-114.90321384853083,44.58769694992228],[-114.90263674841685,44.5876862099753],[-114.9021929683572,44.5878311000295],[-114.90012734810773,44.58865936029525],[-114.89958977808227,44.589090600383344],[-114.89951383813734,44.58947181042389],[-114.89975328825138,44.589840820433885],[-114.9006071884794,44.59018061038386],[-114.90059580851502,44.59038746040306],[-114.89936007840858,44.59111646058258],[-114.89739060829066,44.5925611408934],[-114.8961380281701,44.59323128106933],[-114.89415867791998,44.593964521318675],[-114.89278047787069,44.5951569815522],[-114.89189333761296,44.59469048159419],[-114.89054145754862,44.59577284181553],[-114.88888895732508,44.59630496201674],[-114.88810463726821,44.59682612213579],[-114.88556857676534,44.59677019236801],[-114.88443980649197,44.59647470244757],[-114.88253561608263,44.59625936260674],[-114.88126527577296,44.59591621269531],[-114.88104418574495,44.59599763272314]]]]}},{"type":"Feature","properties":{"objectid":162,"wildernessid":"10519010343","wildernessname":"Hells Canyon Wilderness","areaid":"092","boundarystatus":"Final","gis_acres":218097.089,"wid":239,"source":"USFS National Wilderness Areas","source_url":"https://apps.fs.usda.gov/ArcX/rest/services/EDW/EDW_Wilderness_02/MapServer/0","scope":"Idaho"},"geometry":{"type":"Polygon","coordinates":[[[-116.5362307390657,45.27153312159896],[-116.52422918481636,45.261248771942526],[-116.52373616458621,45.260540431933734],[-116.52340517433002,45.25954269188607],[-116.52343568418203,45.25875322181993],[-116.52479507392353,45.256117361477166],[-116.52619004377823,45.25402859117467],[-116.52631208367107,45.253361021109455],[-116.52576079336217,45.25230348107833],[-116.52460280289706,45.25102696108864],[-116.52314549235919,45.249664031121014],[-116.52230246210269,45.24915663116223],[-116.52155843182638,45.248452081178094],[-116.52134509161067,45.247548201126456],[-116.52142128153054,45.247062901080255],[-116.52245067152613,45.24604928089919],[-116.52352694147069,45.24472830068904],[-116.52361564136409,45.24409462062976],[-116.523245001067,45.24292357057195],[-116.52319950090579,45.242138340513556],[-116.52496123058889,45.23881185007635],[-116.5264031605299,45.23712003980103],[-116.52886031061345,45.23518394940766],[-116.53015156071766,45.23447669922577],[-116.53040105069131,45.23410089917153],[-116.53038623046393,45.232944869080434],[-116.53003985018428,45.2318391990255],[-116.52923411982813,45.23078187901905],[-116.5283130393214,45.22906058897055],[-116.52590640827925,45.226013448959975],[-116.52532015795158,45.22489104892694],[-116.52460523745957,45.223046328848504],[-116.52458788688375,45.22009704861394],[-116.5247249565648,45.2183214784584],[-116.52658654533494,45.210188247626235],[-116.52724352512891,45.20849247742663],[-116.52820419499197,45.20685971720273],[-116.53024102504571,45.20517191687004],[-116.53183556495712,45.20317683655559],[-116.53301812498526,45.20218119636122],[-116.53480340507808,45.20093760608855],[-116.53713036525595,45.19961008575666],[-116.53987695558844,45.19867548541562],[-116.54158593588805,45.198572495241805],[-116.54605676701766,45.2000869249299],[-116.54691888728753,45.20064768489124],[-116.54744531752063,45.20134196489585],[-116.5476665675716,45.20139155487839],[-116.55985070938111,45.19897684350418],[-116.56022454941771,45.198805183454176],[-116.56092645936255,45.197843883309204],[-116.56161309938658,45.19730601319959],[-116.56244470922326,45.195661872987344],[-116.56291772921035,45.19513926289965],[-116.56426049928162,45.19421229269534],[-116.56516076939955,45.19395289258733],[-116.56650353962388,45.19381556244618],[-116.56805993978386,45.19314036224133],[-116.56947137982354,45.19198450201203],[-116.57095910974297,45.190134381719716],[-116.57267571984714,45.18901667146394],[-116.57291985980478,45.188562721403926],[-116.57285119974095,45.18829951138951],[-116.56943322840398,45.184694621431994],[-116.56865502805832,45.18366084142459],[-116.56694604744271,45.18213114146761],[-116.56549645707874,45.18165049156954],[-116.5650081769181,45.18129191158809],[-116.5650158068604,45.18098673156291],[-116.56564904672904,45.17969736139828],[-116.5656643066498,45.17927338136286],[-116.56595835670467,45.17927320133433],[-116.56565667654955,45.17876276132269],[-116.56552697639381,45.178083751280845],[-116.56538201600044,45.176191661143264],[-116.56773950621636,45.175031990822056],[-116.56954766628095,45.173620550533826],[-116.569669736227,45.17322382049024],[-116.5685634757006,45.17157206046501],[-116.56815148537856,45.17030558040343],[-116.56742669509555,45.169542640412445],[-116.56699181473972,45.16812357034083],[-116.56646539449521,45.167368260331294],[-116.56557275415503,45.1664718103458],[-116.56354333352493,45.165174810438344],[-116.56271935320649,45.164324130449856],[-116.56212426277798,45.16268381037597],[-116.56170464257787,45.162054390366116],[-116.55952264179624,45.160120340422225],[-116.55848504108016,45.157419530306],[-116.5585460705444,45.15458903007301],[-116.5592403502428,45.15235742982683],[-116.55956841017364,45.15168222974087],[-116.56075860010482,45.15017541950486],[-116.56183433994532,45.14831003925109],[-116.56339836983439,45.14622339893239],[-116.5653743799132,45.14472040862063],[-116.5666942701118,45.14447244847301],[-116.57253321114706,45.14418630788517],[-116.57498743176673,45.145021677714745],[-116.57695326222309,45.1454835175616],[-116.5794340630662,45.14744968747924],[-116.58015567325465,45.1477274374317],[-116.58107344354191,45.14832730739096],[-116.58195082390155,45.14934059738728],[-116.5836391347807,45.1522582474578],[-116.58872435596162,45.153456027061594],[-116.59037612630858,45.15365581691774],[-116.5934659868386,45.15341395659929],[-116.59567817743427,45.15435907646084],[-116.59746402780274,45.15454087630257],[-116.59908106819283,45.15499717618257],[-116.59995744837377,45.15508728610498],[-116.60165994859476,45.15458675590007],[-116.60415085906351,45.15460712566059],[-116.60683979951294,45.15433629537857],[-116.6079234196656,45.15408033525317],[-116.60854968972647,45.153790585169354],[-116.60924580975315,45.15325680505922],[-116.61073899971507,45.15161910478357],[-116.61130322979419,45.15148381471811],[-116.61167685989507,45.15164508469489],[-116.61232499012443,45.15220589467701],[-116.61520202082285,45.153042154465474],[-116.61696346130964,45.153860384360435],[-116.6170648294212,45.195648867691915],[-116.61807642960996,45.19564890759389],[-116.61808608026851,45.199034687863374],[-116.61920728068529,45.2001045278401],[-116.62005379113056,45.20158545787629],[-116.61974925122212,45.20235019796686],[-116.61857696117825,45.20325161815257],[-116.61729255103972,45.203772888318746],[-116.61503593071198,45.204254338576035],[-116.6143015906298,45.20453696866985],[-116.61302003073567,45.20631524893614],[-116.613126350804,45.20656489894577],[-116.61344725090298,45.206766568930725],[-116.61488710124121,45.20712448881965],[-116.61569528149124,45.207635358782085],[-116.61691880179119,45.208004138692836],[-116.61775795212236,45.208903438683265],[-116.61781886236913,45.21011605877416],[-116.6181203324254,45.210116158744945],[-116.61865325267001,45.210863778752895],[-116.62231272351595,45.2117031584649],[-116.6249754243894,45.213642578361394],[-116.62597475467635,45.214159908305696],[-116.62742082501931,45.2145364981954],[-116.6291713455533,45.21560424811074],[-116.62971261579426,45.21632459811568],[-116.6300107060044,45.217120058150215],[-116.63101820647051,45.21855197816669],[-116.63315380732487,45.220898438146584],[-116.6331539473593,45.22107538816064],[-116.63338192740181,45.221075388138516],[-116.63390948756881,45.22142815811546],[-116.63435698776956,45.2220316981202],[-116.63487073831446,45.224342228254535],[-116.6354732488113,45.22631983835369],[-116.63543387897191,45.227184028426414],[-116.6343367391255,45.22902715867985],[-116.63434404931758,45.230008008757295],[-116.63544253991975,45.23205070881344],[-116.63587775026745,45.233420988880404],[-116.63645147050124,45.23407271887664],[-116.63741121077153,45.234541678820804],[-116.63752540082503,45.2347070688229],[-116.63738801150309,45.23832458912451],[-116.63763806181329,45.23967897920807],[-116.6373960819081,45.24039819928889],[-116.63542004513047,45.258842370949644],[-116.63665589527986,45.25842524079633],[-116.63778521535873,45.25774820063271],[-116.63969516567035,45.257518150428766],[-116.64067915579724,45.25722730030997],[-116.64224807608002,45.25717600015344],[-116.64316362621305,45.256982100049036],[-116.64369906627357,45.25677973998088],[-116.64523458635999,45.25575265974997],[-116.64583255644018,45.25559159967905],[-116.64725316669103,45.25551893953523],[-116.64870995707768,45.25610850944054],[-116.65047273741051,45.25612902927084],[-116.65199864764702,45.25588191910289],[-116.65408917787651,45.25505819883416],[-116.65826483859415,45.254744128403374],[-116.65942181882741,45.25483373829809],[-116.66074139913482,45.255148668194884],[-116.66309368976435,45.256128038044146],[-116.66399479994631,45.256199667962285],[-116.66524325014336,45.256016237826316],[-116.6665392002694,45.255422897653204],[-116.66746649029004,45.2546411175009],[-116.66849118042947,45.25437620738024],[-116.66925641049315,45.253970817273625],[-116.67086025074332,45.253719817097796],[-116.67159847089832,45.253809157033174],[-116.67242440112155,45.25416453698114],[-116.67322405126095,45.254114956899464],[-116.67401221132255,45.253676896788015],[-116.67522928148088,45.25332498664175],[-116.67664170160626,45.252617076448225],[-116.67893782189532,45.25190392616835],[-116.68052482205466,45.25120334595843],[-116.68289437241604,45.25079130569535],[-116.68439590256874,45.25013851549753],[-116.68876894312423,45.248807014966715],[-116.69233866349173,45.24727848449836],[-116.69514066382281,45.24629814414813],[-116.69628020399817,45.246108544022306],[-116.69652764404798,45.24612754399979],[-116.69662572409582,45.24627919400231],[-116.69532008420418,45.24808474427263],[-116.69445651422491,45.249016984430625],[-116.69464061449247,45.25021437450785],[-116.69429955454696,45.250819974589085],[-116.69425831463943,45.251334284633984],[-116.69351710460046,45.25184307474641],[-116.69342095473428,45.25262178481763],[-116.69256593478241,45.25368660498534],[-116.69297328497166,45.25426837499195],[-116.69324265517916,45.25507548502985],[-116.69322209522946,45.25535326505395],[-116.69291573532581,45.256140305146204],[-116.69239639536409,45.25683348525174],[-116.69096247518594,45.25729042542744],[-116.69155180544158,45.258038455429556],[-116.69160170552134,45.25839990545342],[-116.69071529550224,45.25914956559914],[-116.69071751559292,45.2596125256357],[-116.69046550571746,45.26049215573004],[-116.68988326569915,45.26095511582346],[-116.6896198857547,45.26149165589166],[-116.6887341057546,45.262337856045],[-116.68708641554147,45.262819786243476],[-116.68682161560702,45.26340882631603],[-116.68638040561525,45.263873056395774],[-116.68614081574192,45.26475141648882],[-116.6845735956922,45.26599459673997],[-116.68369396557672,45.266243146845234],[-116.68193470524074,45.26620187701304],[-116.68063840515414,45.26699679720221],[-116.6796198849919,45.2671385273125],[-116.67898702493503,45.267451887398956],[-116.67852142493557,45.26789956747981],[-116.67767041487524,45.26840379760262],[-116.67688786493798,45.269473637763724],[-116.67568470489378,45.27039700795401],[-116.6740302047032,45.271001418162996],[-116.67402824484932,45.27175236822282],[-116.67323236481636,45.272344008347204],[-116.67269572486079,45.27308474845821],[-116.67085809466262,45.2738254886958],[-116.6710190148552,45.274658828746325],[-116.6705884049368,45.275488448854105],[-116.67029840493102,45.27573594890195],[-116.6701669953877,45.27820188911063],[-116.67033160551296,45.27868660913309],[-116.67012923568306,45.27975141923735],[-116.66976048573176,45.280353269321026],[-116.66976680584132,45.28090882936454],[-116.66960611587467,45.281232899405886],[-116.6687351558649,45.28201483955274],[-116.66888043599236,45.28252919957946],[-116.66881494604895,45.2828816596138],[-116.6682335460615,45.2835014197196],[-116.66841211624849,45.2842884597647],[-116.66817009633888,45.2849828998434],[-116.66893441660801,45.285631049820466],[-116.66878322668828,45.2861866098793],[-116.6690382768262,45.286649569891225],[-116.66904908697902,45.287421359951495],[-116.66881275699723,45.28774057999982],[-116.66806820695705,45.288246030112404],[-116.66808376707314,45.288825490156874],[-116.66720696711751,45.28989031032674],[-116.66812090742364,45.29058475029294],[-116.66838500754527,45.29095512029664],[-116.66833065760747,45.29132549033131],[-116.66767378759349,45.29188105043934],[-116.66750223766095,45.292390310496465],[-116.66833751796143,45.293131050474],[-116.66837356806765,45.29364031051092],[-116.6686179582127,45.294149570527544],[-116.66833630829588,45.29484401061004],[-116.66853730846,45.29549216064195],[-116.66788280851884,45.29641809077912],[-116.66834533869557,45.29688105077084],[-116.6686341290118,45.29822364084931],[-116.66774849916327,45.29984401106406],[-116.66790692922409,45.30000397106135],[-116.66883284944527,45.300252170990895],[-116.66908131954429,45.300521470988095],[-116.66905601969671,45.30132549105432],[-116.66887792976303,45.30183475111207],[-116.66897621990812,45.30248290115395],[-116.66836674004843,45.30378235131636],[-116.66858500010981,45.30388816130355],[-116.66971248029732,45.30377126118447],[-116.67006797041334,45.304025561170036],[-116.67024122074145,45.3055384612732],[-116.67004714110352,45.307575491453676],[-116.67027818133678,45.30854772150831],[-116.67068471150846,45.309037651507595],[-116.67105859177207,45.310029201549796],[-116.67096211188083,45.310677351610614],[-116.67132260211106,45.311510681641586],[-116.67114963215128,45.31188105168777],[-116.6703057621116,45.31248290181769],[-116.67039614219398,45.31281776183545],[-116.67078573237325,45.31336253184069],[-116.67057123243283,45.31387179190195],[-116.67053878258075,45.31465883196757],[-116.67114467293838,45.315908832007636],[-116.67090533302054,45.31655698208236],[-116.67053672304236,45.31701994215496],[-116.6705921131529,45.317531912190155],[-116.6703580831993,45.317992162249446],[-116.67042018339208,45.318918092316785],[-116.66987726338142,45.31938105240642],[-116.66974461347445,45.31998290246701],[-116.6692774134779,45.320445862549214],[-116.66956541371286,45.32137179259461],[-116.66953236375203,45.321603272616166],[-116.66858444370204,45.32225142275989],[-116.66850327387723,45.323223642844866],[-116.66799952387692,45.323702132931864],[-116.66761105393734,45.32438105302358],[-116.66472773372868,45.32606296343781],[-116.66450822378444,45.32655698349833],[-116.66395519377774,45.32704968359126],[-116.66391091386336,45.327529203633596],[-116.66360447396028,45.32831623372585],[-116.66324202399238,45.32882549380154],[-116.66313960408208,45.32938105385556],[-116.66239211408765,45.3301217939871],[-116.66210311417882,45.330862534073994],[-116.66153772415488,45.33127920416211],[-116.66106592421193,45.33201994426676],[-116.65935682413782,45.333269944532425],[-116.65911127430061,45.334334754640764],[-116.65765534445515,45.33651068495515],[-116.65778632464284,45.3373440150084],[-116.65760105477162,45.3381773550925],[-116.65703748488414,45.339288465235484],[-116.65633745485327,45.33979772534409],[-116.65678631512756,45.340769945377374],[-116.6567198852422,45.34141809543523],[-116.65619397527315,45.342077015538685],[-116.65540693522723,45.342592045656254],[-116.6551678353064,45.343223645729566],[-116.65475878529496,45.3435549857957],[-116.65387915508244,45.343308405861904],[-116.65342821493626,45.34299216588085],[-116.65333610485558,45.3426680958641],[-116.65339518471232,45.341881055795994],[-116.6529532243837,45.340625125739514],[-116.65211647415673,45.34026411579245],[-116.65114767380547,45.339394655817976],[-116.65035701363782,45.33929207588692],[-116.64991548346391,45.33882549589294],[-116.64971529326326,45.33799216584641],[-116.64922634303593,45.33729772583898],[-116.64937737283736,45.33614031573247],[-116.64869710239297,45.334519945670266],[-116.64869582223852,45.333732905607995],[-116.64774991174814,45.33213066557309],[-116.6473546213988,45.33072364550003],[-116.64699793124726,45.33029004550038],[-116.64681216111299,45.329781375478134],[-116.6459161907537,45.328800675487635],[-116.64557008066241,45.32866458551054],[-116.64551351070422,45.328932085537296],[-116.64576523107482,45.33058475564386],[-116.6455622811639,45.331232905715055],[-116.64614703159039,45.33285327578662],[-116.64584908183402,45.33438105593681],[-116.64650222221297,45.335693175977184],[-116.64645523247903,45.33709602609303],[-116.64629136249798,45.337348826129066],[-116.64601236247289,45.33748648616719],[-116.64480508222397,45.33736662627529],[-116.6441106321589,45.33769627636913],[-116.64295323196129,45.33779055648937],[-116.64291230197497,45.33789957650202],[-116.64319671208251,45.338177356496324],[-116.64454102245145,45.33877920641306],[-116.64702109307775,45.3396125362374],[-116.6475556132411,45.339936616211034],[-116.64766112332428,45.34026068622643],[-116.64749805335734,45.34058475626804],[-116.64614767331513,45.34165598648457],[-116.646659803418,45.34169299643756],[-116.6486939637424,45.34141043621693],[-116.64907013382324,45.34146438618453],[-116.64932774390765,45.34164957617408],[-116.64930763398552,45.34206624620904],[-116.64853375403158,45.34303846636162],[-116.64896797421248,45.34354772635965],[-116.64916417434893,45.34405697638088],[-116.6497115345421,45.344520896364266],[-116.65002280473884,45.34522814638998],[-116.65131961508716,45.34576994630651],[-116.6512865652194,45.34647593636569],[-116.65067471523,45.34711253647581],[-116.6512742554714,45.347772996469665],[-116.65153253562609,45.34831623648753],[-116.65121775585784,45.349797726635614],[-116.65102594585836,45.349982906669],[-116.65036063576471,45.35013870674623],[-116.65018715592872,45.35114031684251],[-116.64985137593914,45.35151301690474],[-116.6492032358453,45.35165174697893],[-116.64813683561853,45.35151068707176],[-116.64804113575504,45.35229772714342],[-116.64785396579273,45.352668097191],[-116.64786053596647,45.35354772726012],[-116.64739767601428,45.35423199735943],[-116.64656049590532,45.354473647460225],[-116.64652367606195,45.35530698752983],[-116.64638895610037,45.35563105756867],[-116.6456465960344,45.35600142767039],[-116.645350276088,45.356556987743325],[-116.6440643460427,45.35755000794742],[-116.64378656600053,45.35759940797838],[-116.643138415841,45.357403278026034],[-116.64290875587767,45.35780879808059],[-116.64253656586195,45.35808295813861],[-116.6425864859534,45.35850142816689],[-116.6430403261835,45.359242168181304],[-116.64299499629313,45.35984401823341],[-116.64252063630134,45.360337358318745],[-116.64118331608896,45.36052780846431],[-116.64089971622887,45.36151068856983],[-116.6402332261884,45.36193882866874],[-116.63987593625141,45.362600058755966],[-116.6391507661838,45.36294586885409],[-116.63868463624081,45.36367985895774],[-116.63868586662737,45.36564808911354],[-116.63829584658208,45.36578847916271],[-116.63651804626946,45.365887739344],[-116.63590696612489,45.3657328693913],[-116.63518993590114,45.365275169424955],[-116.63516253596585,45.36563105945586],[-116.63616220630425,45.366403569419546],[-116.63663511654997,45.36720512943695],[-116.63668745669608,45.36789957948682],[-116.63629181678579,45.36873290959145],[-116.63553031678592,45.36945814972318],[-116.63502579684923,45.37026068983601],[-116.6349170069289,45.37076994988696],[-116.63410091699272,45.3718713300538],[-116.6335369169711,45.37229773014258],[-116.63299952700586,45.37298632024958],[-116.63213981690097,45.373269950355926],[-116.63200084701143,45.37396439042447],[-116.63133285712269,45.375166420584875],[-116.6309000470876,45.37539958064557],[-116.63049952712169,45.37595423072859],[-116.62979148707781,45.37640450083333],[-116.62900133715698,45.377558801001854],[-116.6285362971151,45.37778820106544],[-116.62739386694098,45.37798836119272],[-116.62779509714402,45.37864032120527],[-116.6278015172271,45.37905699123763],[-116.62730807727189,45.37975443134102],[-116.62679582722646,45.380010301411275],[-116.62606831733073,45.38123291157912],[-116.62547048745552,45.38243662173276],[-116.6254068976147,45.383307301807996],[-116.6237701673093,45.38330956196787],[-116.62337344747297,45.384519952102444],[-116.62332360759261,45.38517596215927],[-116.62261829777559,45.38677761235496],[-116.62250721793895,45.38771439244001],[-116.62165693799884,45.388827582611185],[-116.6208607478933,45.38904784270632],[-116.62060414800186,45.389844022794435],[-116.61994397796538,45.39028615289391],[-116.61982316817443,45.391464392999005],[-116.61857662814593,45.39250445320304],[-116.61826103818878,45.393022203274825],[-116.61723457815486,45.39382550343866],[-116.61671416826694,45.39489032357382],[-116.61667906839693,45.3955847636322],[-116.61637679841326,45.39595513369106],[-116.61553653840191,45.39669587383173],[-116.61429582828843,45.39729857400059],[-116.61420512837182,45.39780887404988],[-116.61397174838686,45.39810703409628],[-116.61340403816037,45.39749506410322],[-116.61114767753077,45.396439034239854],[-116.60971248733334,45.396799764408506],[-116.6088751572466,45.39715484451839],[-116.60795323705014,45.39703240459872],[-116.60721248693983,45.39717589468236],[-116.60633308676293,45.397112774763215],[-116.6057689066831,45.397243034828605],[-116.60489767660577,45.39767845494817],[-116.6034624863267,45.39762419508397],[-116.60258285606558,45.39713294513093],[-116.60137039575453,45.39670463521532],[-116.60039963563501,45.39701995533504],[-116.60041253566474,45.39715884534479],[-116.60154224599874,45.39778279528398],[-116.60222441629266,45.3986283952844],[-116.60452730698036,45.39993493516306],[-116.60688841752332,45.40045059497342],[-116.60836924783644,45.400634434843376],[-116.60837077835032,45.40324496505],[-116.60817448834382,45.40339861508135],[-116.60799952840229,45.40386195513508],[-116.60737585833316,45.40410328521508],[-116.6070087983793,45.404686635297125],[-116.60628656830657,45.405003625392794],[-116.6054995282818,45.40562569551887],[-116.60467444816659,45.40582450561521],[-116.60390595812672,45.40635230573204],[-116.60341118814642,45.40692235582553],[-116.60327934825942,45.40762180589373],[-116.6029927082682,45.4079390659469],[-116.60225878820337,45.40830729604772],[-116.6000365678653,45.40870141629594],[-116.59969184783438,45.40887180634309],[-116.5995756278673,45.40914958637642],[-116.59936939785234,45.4092694564061],[-116.59761351757008,45.409504316596156],[-116.59679582756216,45.410241236734386],[-116.59623255749707,45.41044587680559],[-116.59620507770148,45.41151069689262],[-116.59553828774993,45.41239032702742],[-116.59478124774503,45.41308476715636],[-116.59420323783608,45.41409669729296],[-116.59387578796756,45.415075507402456],[-116.5939608882387,45.41637180749679],[-116.59374302838084,45.41730048759162],[-116.59315766836195,45.41776069768521],[-116.59310423849779,45.41850143774912],[-116.5925128585193,45.41917217785998],[-116.59217666864544,45.4201322779689],[-116.5916051187371,45.42114032810454],[-116.59133285873023,45.421364198148844],[-116.59050120863081,45.42164958825273],[-116.59115078883444,45.42206625822223],[-116.59130456895089,45.42251120824244],[-116.59127831908631,45.42322365830145],[-116.58992316934327,45.425814898638976],[-116.58909558003519,45.430111939060076],[-116.58864768003049,45.43051358913559],[-116.58795322994071,45.43071724921959],[-116.58754283000201,45.43141810931517],[-116.58769704015864,45.432066259351416],[-116.58766551032613,45.43294587942411],[-116.5872107605236,45.43437932958206],[-116.58664346047252,45.43465884965961],[-116.58694783060909,45.43506239966178],[-116.5869857606735,45.435353289681096],[-116.58667211085219,45.43655698980705],[-116.5861525909649,45.43762180994212],[-116.58648401116389,45.43831624996469],[-116.5864799212727,45.43887181000901],[-116.58597734158037,45.440908850219365],[-116.58534598167847,45.44200529036786],[-116.58363174173172,45.443902160685525],[-116.5827263916019,45.44410329078996],[-116.58272589166575,45.44442737081564],[-116.58235511173407,45.44512553090715],[-116.58156435174101,45.4459110110466],[-116.58123881185323,45.4467884811479],[-116.58074120184426,45.44721533123032],[-116.58036064188242,45.44776984131138],[-116.57989768176388,45.44760833134386],[-116.57924953172895,45.4480464314419],[-116.57809212158618,45.44842114158471],[-116.57748625148784,45.44849742164997],[-116.57661064138718,45.448818361761035],[-116.57355509092174,45.44935924210251],[-116.57249441081962,45.44984817224492],[-116.57060790055996,45.45032277246694],[-116.57039670057009,45.450574532507495],[-116.56975879046988,45.450671982577575],[-116.5691569404513,45.45114900267418],[-116.56819405029667,45.451279222778645],[-116.56789140030082,45.45158775283264],[-116.5667837701787,45.452019962975136],[-116.56620899016534,45.45249794306918],[-116.56540694006456,45.45274845316744],[-116.56503657010187,45.45328899324641],[-116.56461990008918,45.453620083313396],[-116.56334123992113,45.45398204346704],[-116.5626754599627,45.454824553598876],[-116.56238729004961,45.45553848368351],[-116.56182485011455,45.45640083380681],[-116.5612865700765,45.45671907388464],[-116.56112830011537,45.457066263927565],[-116.56068472012086,45.45751489400647],[-116.55985138006419,45.458018464127846],[-116.55924952992358,45.457877464175546],[-116.5585550898831,45.458331554279354],[-116.55792584979334,45.4584740543522],[-116.55778730987335,45.459010704408186],[-116.55748927987217,45.45928749445929],[-116.55651804968929,45.45928314455386],[-116.55618695982032,45.460260704663675],[-116.55539675977992,45.46080607478411],[-116.55438841964488,45.46107904490435],[-116.55374738961915,45.461556995004884],[-116.55290693980784,45.46331008522582],[-116.55181268987833,45.4647051454433],[-116.55179593994836,45.46507562547427],[-116.55214546022415,45.466140335524344],[-116.55190715034786,45.466992395615094],[-116.55152919033038,45.4672625856735],[-116.5511476802715,45.467326355715876],[-116.55096249021508,45.46721670572528],[-116.55026804983511,45.465951775693064],[-116.54957280963247,45.46558556573204],[-116.54879277935689,45.46493041575645],[-116.54822576913402,45.46434001576518],[-116.54781434891493,45.46362128574849],[-116.54718747867322,45.462992185760015],[-116.545499528243,45.462415555879396],[-116.54388761797075,45.46256705604902],[-116.54221248759953,45.46227688618981],[-116.54028492701958,45.46116974629061],[-116.53969228676553,45.460445886291204],[-116.53883285649779,45.45990562633238],[-116.53683698610236,45.45979774651901],[-116.53880413662301,45.46056720638765],[-116.53943397689078,45.461325516386125],[-116.54048254722784,45.462036946339985],[-116.5422587878899,45.46370375629829],[-116.54305164809804,45.46400487624462],[-116.54332597819584,45.464239816236386],[-116.54443471839578,45.464199906124804],[-116.54531935862381,45.46451494606329],[-116.54563445877531,45.46498292606952],[-116.5455216988778,45.465608906130115],[-116.54600228904671,45.46600795611471],[-116.54631907926942,45.46683477614919],[-116.54665693933524,45.46684732611715],[-116.54716003934352,45.46641195603348],[-116.54777273952261,45.466737505999276],[-116.54829553974957,45.46739033599986],[-116.54848292994018,45.46817737604384],[-116.54949150029178,45.46900022601035],[-116.54985138051393,45.469783446037155],[-116.55114768068563,45.46942267588176],[-116.55262916093507,45.46927986572556],[-116.55309212105223,45.46943374569248],[-116.55363283128948,45.47012181569401],[-116.5536333113719,45.47053848572699],[-116.55342384144245,45.47109403579144],[-116.5534559615765,45.47174218583956],[-116.55329440163771,45.472205145892],[-116.55336840180702,45.472991635947004],[-116.55290630192458,45.47402458607397],[-116.55321959211778,45.47470514609714],[-116.55402705236982,45.475214406058456],[-116.55408878254607,45.47604774611837],[-116.55460336270983,45.47638835609496],[-116.55489768287059,45.47692267610842],[-116.55570841313329,45.47748292607345],[-116.55607783335813,45.47826996609955],[-116.55628755366287,45.479612556185266],[-116.55660759388763,45.48044588621985],[-116.55628032393616,45.481001446295814],[-116.55619708401206,45.481464406340585],[-116.55531673405767,45.482529226510955],[-116.55479975419884,45.48373292665672],[-116.55511013444928,45.48470514670328],[-116.55498003454395,45.485306996763576],[-116.55534351474948,45.48600144678294],[-116.55526121481645,45.48641811682394],[-116.5545784748625,45.487297746960316],[-116.55376715478374,45.48766811706905],[-116.55393260505286,45.48887181714801],[-116.55379360516417,45.489566257216545],[-116.55273694521651,45.49083144741998],[-116.5521199051717,45.49118957750876],[-116.55202400525391,45.49169588755818],[-116.55170560529503,45.49220514762961],[-116.5513632852831,45.49246925768399],[-116.55109388548199,45.49372941781002],[-116.52980336228549,45.4977500202122],[-116.51696812882508,45.492430781047396],[-116.49773160637567,45.49829796339467],[-116.48658214347466,45.49421589416215],[-116.48126968305277,45.49712636491267],[-116.47661518317881,45.50218183576897],[-116.47399333291196,45.50332195611596],[-116.47196986282388,45.504797806431014],[-116.47043815244383,45.504331676543934],[-116.46778861194184,45.50431037680152],[-116.46680246203529,45.505718957009776],[-116.46441877191126,45.507355007372794],[-116.46183034121219,45.506280737540905],[-116.45802002040526,45.505821697877344],[-116.45452396898962,45.50198863791529],[-116.45362965826332,45.499167017778824],[-116.45263264804825,45.499027237865285],[-116.45109101787456,45.49961393806265],[-116.44875244683988,45.49660525805257],[-116.44689282553271,45.49176258784987],[-116.4467961753988,45.49117702781282],[-116.4470999352658,45.490215357706745],[-116.44765714523047,45.48950694759598],[-116.44806202514147,45.48867177749002],[-116.44809227505291,45.48819485744921],[-116.44792086486396,45.487401917402984],[-116.44643302387848,45.483830207264695],[-116.44534075325063,45.48169160720152],[-116.44421112285409,45.48075898723789],[-116.44376924265141,45.480153747232976],[-116.44211046173533,45.47709422715197],[-116.44155972113172,45.47456216700451],[-116.44139628053217,45.47168093679137],[-116.44154855032994,45.47051150668349],[-116.44199273022909,45.46957753656582],[-116.4431027902398,45.468574796377624],[-116.4438099803006,45.46820917627948],[-116.44583674056972,45.46764292603639],[-116.44924647081051,45.46561608554206],[-116.45020748095827,45.46544967543492],[-116.45308517150883,45.46549947515767],[-116.45417400168249,45.46534264503883],[-116.46030130230476,45.46266229422706],[-116.4612333822498,45.461496514043304],[-116.46204163208624,45.45989807383727],[-116.46322150197692,45.458220353588615],[-116.46415890180943,45.456478483358595],[-116.46593878183283,45.454902563059434],[-116.46782672175425,45.45270602270041],[-116.46805030166686,45.45204996262643],[-116.468134991516,45.451204222550935],[-116.4681141514127,45.450700052512914],[-116.46761796099786,45.449068492431635],[-116.46781739087572,45.44825929234783],[-116.46799913085324,45.44797209230724],[-116.4719832809113,45.44447100163978],[-116.47409135080345,45.44191531123071],[-116.47413213075966,45.44165445120596],[-116.47213693958521,45.43759464107796],[-116.47062251888279,45.43547232105701],[-116.47104726890267,45.435168230991366],[-116.47452307932082,45.43397805055738],[-116.47588462944113,45.43329119036979],[-116.47701761948467,45.4324322301909],[-116.47722647943188,45.431965110133376],[-116.47711227911964,45.43048836002706],[-116.4778529787294,45.42780031974096],[-116.47814266833039,45.42549726952946],[-116.47979492774915,45.420968069007884],[-116.47984691746665,45.41948306888466],[-116.48005884734725,45.41867390879959],[-116.48207182703973,45.41519046832601],[-116.48214206691664,45.414497678264006],[-116.48191002664093,45.41331743819274],[-116.4814329763669,45.412379128164574],[-116.4801003059191,45.41137392821464],[-116.47981704563733,45.410211458149746],[-116.4802015954107,45.408691957991245],[-116.4802379949115,45.406117707782755],[-116.48124547459541,45.403547857479914],[-116.48119353432905,45.402242407381024],[-116.48011221375019,45.400329197334145],[-116.48013151361413,45.399618167275634],[-116.48163368346579,45.39742861695483],[-116.48223396330842,45.39605410678681],[-116.48231777317035,45.395271356716265],[-116.48211117262927,45.392714006532756],[-116.48218977232764,45.391103096396776],[-116.48166961187782,45.38930945630459],[-116.48188190174821,45.38844626621511],[-116.48220446174007,45.38809666615581],[-116.48284652178866,45.387730506064045],[-116.4842379017964,45.386440565825666],[-116.48460473166769,45.38543405570976],[-116.48471575149779,45.38446239562151],[-116.48533851140667,45.383403015476404],[-116.48946315137137,45.37928078474595],[-116.49094761130847,45.377541104462665],[-116.49129947122108,45.37675953436614],[-116.49121564108344,45.37613805432476],[-116.4915523810445,45.37561746425047],[-116.4928903310829,45.374534214033744],[-116.493794821022,45.373359013852],[-116.49552824114198,45.37231348359978],[-116.49627693110651,45.37141662345536],[-116.49679573102767,45.37051875333324],[-116.49767846115866,45.37034260323325],[-116.49811463119667,45.37011947317296],[-116.49829715114807,45.36969720312154],[-116.49848179076982,45.36759165293577],[-116.49862552072452,45.36722322289237],[-116.49974479075003,45.366282952708396],[-116.50033907070838,45.3655024125883],[-116.50146117038507,45.36277984226203],[-116.50349330015197,45.359647141814435],[-116.50382076002842,45.35870340170732],[-116.50459552997856,45.35770758155252],[-116.50750459999182,45.35499267105279],[-116.5089877899307,45.35326175077039],[-116.51237788011753,45.35097185025775],[-116.51507814047238,45.3502001899333],[-116.51676815078653,45.35018714976766],[-116.51782359094693,45.349996259649664],[-116.51907337108554,45.34950848948909],[-116.5196614610381,45.34870375936767],[-116.51987865095589,45.34807614929655],[-116.52008703069158,45.34652713915278],[-116.51990178039732,45.34520194906524],[-116.51943814018651,45.344568769059904],[-116.51801135970356,45.34346756911108],[-116.50586655747452,45.34370667031259],[-116.50403735721815,45.34414883052591],[-116.50304127704122,45.344198520626875],[-116.5016651167292,45.34392249073882],[-116.5007895464498,45.343333570777055],[-116.4997075361809,45.34299579085545],[-116.50262040638404,45.3412441804322],[-116.50340464640482,45.340599470304404],[-116.503639036345,45.34006940023935],[-116.50326023618209,45.33959967023873],[-116.50178713573915,45.338747120314125],[-116.50109007549862,45.33818599033721],[-116.50039128529659,45.33782288037623],[-116.49980538515987,45.337685300422265],[-116.49913261495216,45.337268290454496],[-116.4951679841052,45.336737800798026],[-116.49517054404929,45.336449760774805],[-116.49541639402163,45.33607278072079],[-116.49656397397887,45.33475460050392],[-116.49721085390696,45.333767260362166],[-116.49783143356431,45.33142057011445],[-116.49769464345934,45.33101490009543],[-116.49741580336453,45.330797640105224],[-116.49687704276141,45.328229829952676],[-116.49610097228256,45.32652511989207],[-116.49621877223966,45.326192579854066],[-116.49661800223389,45.325780259782306],[-116.49696332228133,45.32569175974163],[-116.50035687293436,45.325778609418414],[-116.50086791301649,45.325708829363144],[-116.5011119330272,45.32552985932513],[-116.50159874279156,45.32385768914429],[-116.50152214249385,45.322408099036025],[-116.50129501239473,45.322119049034995],[-116.49997509198968,45.32131215909901],[-116.49982729184396,45.3207084090652],[-116.50082447198773,45.32048770895059],[-116.501277281934,45.31977855884987],[-116.50226790193753,45.31884670867914],[-116.50269562186851,45.31808343857659],[-116.50313311186822,45.31766225850044],[-116.50368423191563,45.31737659842398],[-116.50561549217193,45.31683586819295],[-116.50679743220968,45.31589580800295],[-116.50770023215978,45.31477448782564],[-116.50889314223828,45.31403248765036],[-116.51109454249078,45.31321376737091],[-116.51221733269855,45.31320056726064],[-116.51304925279356,45.31288904715485],[-116.51326921276458,45.312529927104784],[-116.51363851255805,45.311118246956205],[-116.51342858236025,45.31030720691189],[-116.51349069211878,45.30901123680239],[-116.51386471209598,45.30853574672801],[-116.51619714233875,45.30754184642188],[-116.52119785313991,45.30684790588016],[-116.52446158372639,45.306721495552694],[-116.5247902237633,45.30659515551064],[-116.52481803366555,45.306067965465914],[-116.52376444324963,45.30494858547898],[-116.5244845833369,45.30470495538951],[-116.52547560331537,45.30364403520846],[-116.52564523325827,45.30318891515562],[-116.5256493331632,45.30269805511609],[-116.52599041304167,45.3017483050071],[-116.52430116248605,45.300522825073514],[-116.52120455184169,45.30019236534821],[-116.52005071151952,45.29964885541698],[-116.51969643138524,45.29930097542366],[-116.51989471136771,45.299020925381996],[-116.52116473148526,45.29840457520935],[-116.52295200153522,45.29694564491908],[-116.52518872142761,45.294247944486244],[-116.52706573155795,45.29311476421329],[-116.52752358163401,45.29306537416484],[-116.52935632214354,45.293918224054764],[-116.53281388303483,45.29516834381845],[-116.53325496314523,45.29531072378694],[-116.53431218334597,45.295325553685345],[-116.53576286352308,45.294841393505685],[-116.53598822340008,45.293995063416226],[-116.53703619335934,45.29278098321743],[-116.53709233328473,45.29234442317716],[-116.5368759330797,45.291501343130875],[-116.5369298030213,45.291150473097645],[-116.53721255302176,45.29088157304872],[-116.53806907313184,45.290624012944875],[-116.54036119352664,45.29044856270803],[-116.54099793358394,45.29013144262086],[-116.54106394354109,45.28984849259187],[-116.54070920329482,45.28892655255276],[-116.54079779324601,45.288591272517365],[-116.54151860324514,45.28789508239177],[-116.54158949321706,45.28768337236795],[-116.54105070297085,45.28693822236084],[-116.54042481276737,45.28649540238633],[-116.53975059260144,45.286291592435575],[-116.53884644240935,45.2861744425141],[-116.53648015200764,45.286385582760964],[-116.53615244192754,45.28628913278512],[-116.53602935186719,45.286098002781806],[-116.54051325240991,45.28457756222467],[-116.54154365243926,45.28373934205761],[-116.54212323232926,45.28261899191184],[-116.54207828228773,45.28244924190267],[-116.53622183052556,45.279032592198895],[-116.5362307390657,45.27153312159896]]]}},{"type":"Feature","properties":{"objectid":164,"wildernessid":"46c4e6f9-dcef-4fe7-ab7d-cfe4cf239be5","wildernessname":"Hemingway-Boulders Wilderness","areaid":"467","boundarystatus":"Final","gis_acres":67911.867,"wid":763,"source":"USFS National Wilderness Areas","source_url":"https://apps.fs.usda.gov/ArcX/rest/services/EDW/EDW_Wilderness_02/MapServer/0","scope":"Idaho"},"geometry":{"type":"MultiPolygon","coordinates":[[[[-114.4600704122364,44.02956371091481],[-114.45849649207227,44.030381881133025],[-114.45793262196632,44.03040602118668],[-114.45738280192458,44.03078087127105],[-114.45710582186615,44.030756051294034],[-114.45662659168086,44.030233611290114],[-114.45644565157434,44.02982729126959],[-114.45668659141285,44.028637511139074],[-114.45663949133396,44.028239931107095],[-114.45604314114355,44.02781833112307],[-114.45523220093766,44.027547681172344],[-114.45494365081733,44.02718284116541],[-114.45482219065248,44.02637751110298],[-114.45491156061615,44.02607059106687],[-114.45540117064812,44.02570706098903],[-114.45641423080234,44.02545741087383],[-114.45708058085586,44.02501970077307],[-114.4573446908295,44.024574860708405],[-114.45705534062247,44.023716010656464],[-114.45706636056597,44.023381300624905],[-114.45827455071611,44.02289073046993],[-114.45862987072232,44.02252970040463],[-114.45870329067257,44.022163960364544],[-114.4585110805372,44.02160579033118],[-114.45843302033023,44.02051119023838],[-114.45824771023099,44.02015135022248],[-114.4575984600231,44.01968892023952],[-114.4576773599571,44.019224120189904],[-114.45758196989155,44.01895602017416],[-114.45914499006504,44.01820290996289],[-114.45971259007196,44.01760918985689],[-114.4598067100237,44.01722867981364],[-114.45953355990702,44.016867209805525],[-114.45867953966341,44.01642910984344],[-114.45828936952682,44.01608448984762],[-114.45823256946957,44.01582073982868],[-114.45842959941805,44.01530692976387],[-114.45832292933187,44.0149335397395],[-114.45733630911012,44.01476803981433],[-114.4562692688111,44.01425100986449],[-114.45540411864043,44.01424148994252],[-114.45498656853354,44.014097119967374],[-114.45260276780242,44.012581580046444],[-114.45152519751542,44.012145030104826],[-114.4505726671352,44.01103632009047],[-114.45014789689361,44.01013027004646],[-114.45047256683175,44.00941437995151],[-114.45069619670441,44.00843679984187],[-114.45065294663627,44.00809591981469],[-114.45022874648829,44.007723949819386],[-114.44928756629044,44.007644279897924],[-114.44888243615137,44.00730184990354],[-114.44892773613165,44.00713888988456],[-114.44953866618322,44.00675095979341],[-114.4500190761765,44.006176349697135],[-114.4503114761098,44.005468699605885],[-114.45045217598712,44.00461028951469],[-114.45041288572862,44.00317663938732],[-114.4508904056152,44.00199493923586],[-114.45067030531973,44.000551549124125],[-114.45041849518744,44.000076439103644],[-114.44976496497416,43.99958741911856],[-114.44953322476714,43.99866250905516],[-114.44847164443128,43.99792820908485],[-114.44787945427512,43.9976967091177],[-114.44548937373509,43.9972791992973],[-114.44384803341181,43.99726469944557],[-114.44317087322577,43.99695760947919],[-114.44293278309722,43.99648872945807],[-114.44292508303488,43.99614067942696],[-114.44305715300192,43.99580442938421],[-114.44369000300323,43.99510464926255],[-114.44373744295217,43.99475953922674],[-114.44303460263744,43.99374513919804],[-114.44173108231247,43.993343139280064],[-114.44137685217439,43.99294934927637],[-114.4414372221219,43.99258149923723],[-114.44203530206724,43.99160014909309],[-114.44206622197052,43.991012099036496],[-114.43460266049522,43.990916839707715],[-114.43355559025744,43.990727239785755],[-114.43052052970597,43.9909664200841],[-114.43000165958745,43.990868610122405],[-114.42774301896618,43.98984016023405],[-114.4264430184855,43.9885433802339],[-114.42622862838212,43.98819151022123],[-114.42617377828354,43.98768887018025],[-114.42630663817387,43.98691245009712],[-114.42622148804507,43.98627055004615],[-114.42566545775976,43.98525945000434],[-114.42583834761824,43.98425589989679],[-114.42571436750171,43.98372749985973],[-114.42581552743104,43.98320941980312],[-114.42567688736169,43.98296782979367],[-114.42482387712491,43.982566659834625],[-114.42223854662946,43.982623960075294],[-114.42107053638213,43.98251509017167],[-114.42039051619496,43.9822046402052],[-114.42007933607042,43.98183970020015],[-114.41906710582322,43.98155746026644],[-114.41848231565318,43.981238540290505],[-114.41697103511062,43.97982340029858],[-114.41591045468499,43.97857334028076],[-114.41494126435119,43.97774701029331],[-114.41450827414211,43.97703415026751],[-114.41308144374733,43.97637089033666],[-114.41204125333304,43.97516259032076],[-114.41049675283182,43.97402128035679],[-114.40969989247819,43.972887620325515],[-114.40910106225233,43.972264380322954],[-114.40721902166112,43.97098531037709],[-114.40603489123384,43.96986363038213],[-114.40487291091111,43.96931638043773],[-114.40471568069704,43.968265490355776],[-114.4039927603407,43.967033040308635],[-114.40353608016963,43.96656440030724],[-114.40194668967528,43.96551217035546],[-114.40041345914348,43.96418214037307],[-114.40001345889702,43.96321756032105],[-114.39899941848456,43.961989320300745],[-114.39887614837268,43.961485910265864],[-114.3983372481132,43.960602020233864],[-114.39828196801629,43.96010837019364],[-114.39864842787036,43.95886001004591],[-114.39919781780497,43.95786841990504],[-114.39938574740323,43.95535224965727],[-114.39969731727554,43.954270109529745],[-114.39941675715905,43.953916259522806],[-114.39770508671089,43.95326550961883],[-114.39672725636679,43.952388359627314],[-114.39663525617175,43.9513720795425],[-114.39675038583479,43.94930841934284],[-114.39613388557686,43.94851995932657],[-114.3958349353816,43.94773461928173],[-114.39564200507826,43.946209449159426],[-114.39590998504391,43.94571133908934],[-114.39570116476504,43.94434441898296],[-114.39539581463855,43.94396101897556],[-114.39487858448904,43.943683068997096],[-114.39280319400727,43.94324742914576],[-114.39119120357866,43.94259659923259],[-114.39075183342638,43.942215449237544],[-114.39038259320085,43.941334809190316],[-114.39018241295112,43.94012531909753],[-114.39050777300534,43.940071089063004],[-114.39146152304087,43.93920347889672],[-114.39200774309408,43.93889547881879],[-114.39283650309581,43.93797426865894],[-114.39378585301607,43.93644938843278],[-114.39374033279259,43.93521605832375],[-114.3938630827679,43.93493651828696],[-114.39459381279603,43.934276738159966],[-114.39477551269515,43.933492798071555],[-114.39579853260477,43.93182358782544],[-114.39672536258811,43.930685917636794],[-114.39708024248968,43.92972129751603],[-114.39715882227945,43.92842450738992],[-114.39749881211556,43.92709978723743],[-114.39738472204164,43.926803067220575],[-114.39749396198775,43.92637051717092],[-114.39895542205187,43.92509591692119],[-114.40047075223295,43.92443334672276],[-114.40156150226618,43.923398066528655],[-114.40194474230414,43.92318567647434],[-114.40215383227599,43.92278877641893],[-114.40235830212802,43.921707626301135],[-114.40280108206869,43.9208687261839],[-114.40290893198015,43.920238096116236],[-114.40340211194636,43.91948905600267],[-114.4035116019004,43.91910150595719],[-114.40680614238434,43.918180465573386],[-114.40914623280113,43.917947015339415],[-114.41040118296897,43.91750133518454],[-114.41330189349966,43.91729280490194],[-114.41479258369142,43.91672017471402],[-114.41472799362093,43.9163872746893],[-114.41494812356208,43.915801234615564],[-114.4151142333879,43.91461215449136],[-114.41553342336314,43.91399838439699],[-114.41612786339441,43.91351002429817],[-114.41637004326952,43.9125187441852],[-114.41721359335088,43.912038474064516],[-114.4173916631681,43.91078631393346],[-114.41717749306538,43.91043595392073],[-114.41714812294859,43.90979680386475],[-114.41666960272399,43.90904224383898],[-114.41629474261973,43.90886353385663],[-114.41609373253677,43.908612163851814],[-114.41620061242774,43.90786447377345],[-114.41612300234068,43.907450593742524],[-114.41624490229871,43.907071993696725],[-114.41554151201157,43.906210203681454],[-114.41553543185871,43.90533687360184],[-114.41394633135842,43.904244193645816],[-114.41379471127416,43.90392961363069],[-114.41310671106194,43.903481923652066],[-114.41178372072761,43.90304551373207],[-114.41108386052717,43.90267888376198],[-114.4099496602797,43.90252990385125],[-114.40924644007858,43.90216318388141],[-114.40910277001639,43.90196669387642],[-114.40898312989596,43.90140790383596],[-114.40925460988636,43.90104678377817],[-114.40933911983555,43.9006593237349],[-114.40926581954147,43.89904793359357],[-114.40933738947571,43.89858849354491],[-114.40963362946778,43.898209273483175],[-114.40986549939416,43.89752416339921],[-114.41000206909571,43.89565091321476],[-114.40810249850787,43.89440266327249],[-114.40701834821914,43.893959783330196],[-114.40613346793047,43.89329281334923],[-114.40525201772968,43.89312840341409],[-114.40432000741052,43.89233872342614],[-114.40370270730187,43.89240792348849],[-114.40275866706753,43.892120863547795],[-114.4011881265967,43.89117623360348],[-114.4006957164921,43.891128063643734],[-114.39967702634982,43.891455763766274],[-114.39803514601175,43.89135679390613],[-114.39753107581294,43.89077895389875],[-114.3960629953266,43.88962974392634],[-114.39436348485641,43.888834174007414],[-114.39318363457213,43.88852508408599],[-114.39178488418241,43.88785461415126],[-114.39125047392359,43.88696455411795],[-114.39118326382363,43.886463884078],[-114.39079893372863,43.88634960410238],[-114.39012714347524,43.88564538409851],[-114.38933958323426,43.885143864123826],[-114.38845006290946,43.884273534124475],[-114.38732948268482,43.88424132422319],[-114.38530470235457,43.884619794441626],[-114.38454023211922,43.88412469446539],[-114.38280535165768,43.88341923455791],[-114.38139071131751,43.8830523046524],[-114.38090945117423,43.88276878466998],[-114.37952592086695,43.88255679477592],[-114.37725652031835,43.88195206492611],[-114.37470304980914,43.881895375152446],[-114.37284759940191,43.88163943529716],[-114.37231709926634,43.88145599532838],[-114.37129335879189,43.87987374527559],[-114.3705299885291,43.879218945284514],[-114.36944035819788,43.878537185320546],[-114.36747048765312,43.877617165414485],[-114.36678618752747,43.87766437548085],[-114.36628565735495,43.87723381548662],[-114.36584918724647,43.87710014551384],[-114.3638378966451,43.87590008558572],[-114.36285234638889,43.87553405564136],[-114.36124537603642,43.875314055766765],[-114.36095990592553,43.87499629576339],[-114.35929309545757,43.874176985839036],[-114.35801565519854,43.874124445949974],[-114.35767684503574,43.87356737592936],[-114.35488576421541,43.871983756036435],[-114.35354039371062,43.87058854602984],[-114.35092253289987,43.86886427610826],[-114.34980260249442,43.86778821611058],[-114.34966961241228,43.867464026092755],[-114.34991716226537,43.8663356859663],[-114.34983765214196,43.865712445916095],[-114.3509055722879,43.86534865578583],[-114.35416205287443,43.865056255463834],[-114.3553009130289,43.86466127532425],[-114.3561413830861,43.864041655191016],[-114.35622819302192,43.863572895139946],[-114.35590745278039,43.862539915073846],[-114.35585771233747,43.86003677484762],[-114.35728334214389,43.85730583446683],[-114.35783827196386,43.85563787426288],[-114.35825788174269,43.853884484063244],[-114.35825875166474,43.85343318402155],[-114.3598382719659,43.853387993874364],[-114.36283065247609,43.85295372356334],[-114.36371456265609,43.852995103487046],[-114.36371746251436,43.85217226341096],[-114.364097632544,43.85191386335271],[-114.36578103245886,43.8495175429794],[-114.36671048249679,43.848685832818575],[-114.36940967268052,43.846695802390755],[-114.37107141273113,43.84510915209406],[-114.37216808269797,43.84367673186274],[-114.37563545281407,43.840426661249275],[-114.37600454261002,43.83882815106854],[-114.37654106253204,43.83777004092248],[-114.37718733256526,43.837231120814295],[-114.37743128249497,43.83654821072925],[-114.37812887256175,43.83614570062899],[-114.38008001300742,43.83651760048662],[-114.38101645318456,43.83648352039872],[-114.38212286333771,43.83611813026487],[-114.38259556335909,43.83570715018424],[-114.38283645327905,43.8349714700946],[-114.38253335271958,43.83207584985516],[-114.38198445245266,43.83115169981967],[-114.3825234123973,43.830221129685135],[-114.38417937268544,43.83001563951632],[-114.38583490292442,43.82952590932132],[-114.38636773296388,43.82915155923863],[-114.38743367291507,43.8276626490049],[-114.38807403292843,43.82701529888725],[-114.38865577300528,43.82680211881495],[-114.38898151301888,43.82651226875877],[-114.39077052330623,43.82615161856366],[-114.39195700347229,43.82577066842115],[-114.39278206348402,43.8249053182667],[-114.39294496340369,43.824255598192124],[-114.39286913332495,43.82388538816485],[-114.39377616334686,43.82298570799988],[-114.3942281832158,43.82171487784183],[-114.39410734310461,43.82120762780601],[-114.39439404309026,43.82080010774251],[-114.3959176733336,43.820485247575604],[-114.39651127336039,43.81996862747429],[-114.39876227363078,43.818987367180156],[-114.4000736437422,43.81814878698422],[-114.40102108390069,43.81799469688426],[-114.40158337394455,43.81761240679814],[-114.3999411834584,43.81665401685843],[-114.39846921305383,43.815976146929124],[-114.39753871268509,43.81489244691345],[-114.39652342236181,43.81416826693854],[-114.3957680420692,43.81332785692943],[-114.39398773121698,43.810403666820854],[-114.39052976045164,43.809883277085675],[-114.38745976969548,43.80897701727976],[-114.3865018695506,43.80922218738904],[-114.38310235894407,43.809557227727396],[-114.38133800855266,43.80928656786198],[-114.38072432844054,43.809331937921684],[-114.38141955816782,43.80696247764019],[-114.38162030794413,43.805437687481415],[-114.38250966762641,43.80258651713789],[-114.38245292750366,43.80193895708325],[-114.38345550742646,43.8003543168464],[-114.38432377724925,43.79834146658214],[-114.38457360694333,43.79628306636963],[-114.3842519467182,43.795341096311745],[-114.38465405664716,43.79447290619526],[-114.38534329622192,43.791222295832995],[-114.38506593578231,43.78898467565149],[-114.38554663572013,43.78807810552438],[-114.38604401575633,43.78772397544673],[-114.38666004582382,43.787417065362725],[-114.38789399601,43.7870985352218],[-114.38862754607908,43.786667385115706],[-114.38928569587758,43.784750464879295],[-114.39126869620144,43.78438171466605],[-114.39167436622962,43.78408502460199],[-114.39190847620799,43.78369366454471],[-114.39184947602756,43.78271271445949],[-114.39223636590451,43.781558764318014],[-114.39304763596081,43.78096538418995],[-114.39350123587698,43.779963614056456],[-114.39304886564788,43.77914595402187],[-114.39296711555656,43.7787080439888],[-114.39307913541282,43.777745553889815],[-114.39367062518046,43.77572405364978],[-114.39492595524952,43.774700463441825],[-114.3960869251854,43.77301003318087],[-114.39607230480158,43.770795332977755],[-114.39816799527023,43.7711405128203],[-114.40010569561629,43.77095275262793],[-114.40040839571309,43.771172062620806],[-114.4006664158068,43.77142359262074],[-114.40049724581806,43.7716813826598],[-114.40055760586097,43.7718621626711],[-114.4010622160903,43.77262245269564],[-114.40105422622148,43.77339407276764],[-114.40046953628467,43.77442491291561],[-114.40047084631854,43.77462018293351],[-114.40179931659598,43.77472507282318],[-114.4016584666653,43.775287582887835],[-114.40177339676963,43.77576347292133],[-114.40249130694625,43.77597527287607],[-114.40265081702238,43.77623667288578],[-114.4025810472424,43.77759434301739],[-114.40306034732178,43.77751168296642],[-114.40362337737321,43.77717153288416],[-114.40413585746721,43.77713638283464],[-114.40446538755347,43.777263812816585],[-114.40473745767201,43.777643882827086],[-114.40552811787346,43.77791732278089],[-114.40587875799905,43.778249482779856],[-114.40582217805364,43.778630712820124],[-114.40502520802558,43.77937179296053],[-114.40497467806821,43.77967679299327],[-114.40517996814668,43.779899922995305],[-114.40607609837524,43.780211092943006],[-114.40617050845431,43.780563212966975],[-114.40593231853586,43.781307073057135],[-114.40640706866513,43.781519713033894],[-114.40661486884751,43.78234310309106],[-114.40733418905802,43.78275015306358],[-114.40710324912929,43.78342588314681],[-114.40811018935395,43.78358899307087],[-114.40820967939548,43.7837172330737],[-114.40712206944376,43.78523095331163],[-114.40651284954745,43.78652386348599],[-114.40625107952684,43.786701023526],[-114.40643818964038,43.787148063550305],[-114.40643458971515,43.78758626359107],[-114.40667809976911,43.78762350357249],[-114.40703187980682,43.78744125352369],[-114.40958114993141,43.78527455309341],[-114.4102504000289,43.78508164301511],[-114.41070636017665,43.785422933005364],[-114.41242514091394,43.78775532306512],[-114.41248617097257,43.78802658308466],[-114.41219514103655,43.78872777317561],[-114.41339087124871,43.788604383056125],[-114.4148845315706,43.788779962937305],[-114.41534883176267,43.789368872949616],[-114.41658938211647,43.79001687289724],[-114.41699338226812,43.79043929289964],[-114.4173265224421,43.79107154292779],[-114.4171660426702,43.792577203081144],[-114.41759373292412,43.79356631313363],[-114.41770414307446,43.79431368319254],[-114.41752261307835,43.79454166322999],[-114.41648719288456,43.79459007332806],[-114.41696487308336,43.79520274334136],[-114.41764214326841,43.79550908330836],[-114.41811832365298,43.79720113342124],[-114.4182009840868,43.7996239436371],[-114.41852832441937,43.80118259375114],[-114.418431064536,43.801968813832396],[-114.41749106435253,43.801969213917424],[-114.41734221450525,43.80302354402805],[-114.41668405452486,43.803882544166726],[-114.41540709441024,43.80466353435421],[-114.41462011431133,43.80498074445464],[-114.41296940421086,43.80626738472257],[-114.41453025476478,43.8077117647144],[-114.41568755494099,43.807423274583144],[-114.4165674151184,43.80745579450658],[-114.41900793577102,43.80847684437984],[-114.42034684620721,43.80948998435203],[-114.4207974164582,43.81043494439833],[-114.42116125681504,43.81209156451801],[-114.42180196709542,43.81299128454292],[-114.42242914747636,43.81448927462408],[-114.42274366758897,43.81478578462292],[-114.42324587790452,43.81604608469355],[-114.42349904801198,43.81638226470162],[-114.4233655982526,43.81792733485592],[-114.42399955852972,43.81881555488038],[-114.42445173880627,43.819905944939784],[-114.4239605191291,43.82233102520755],[-114.42257191921132,43.82437693552158],[-114.42131893896794,43.82438427563571],[-114.42097222894814,43.82466179569265],[-114.42003378898353,43.825927405894134],[-114.4190321289087,43.826626456049155],[-114.41818910904651,43.828377516286686],[-114.4175150790042,43.82889436639529],[-114.41730022901831,43.829219026444605],[-114.41683050918854,43.83073532662673],[-114.4169406094063,43.83187102672132],[-114.41537141910146,43.83188032686425],[-114.41545803930924,43.83298499695812],[-114.41525177970371,43.835500527208296],[-114.41559047001164,43.83689956730645],[-114.41545358018091,43.83803362742318],[-114.4147000102763,43.839436637620544],[-114.41358002018836,43.84019322779165],[-114.41246426004275,43.840611627931224],[-114.41202535000669,43.840898977997355],[-114.41374781058433,43.84229401796978],[-114.41711361118216,43.84194947763317],[-114.41989060156294,43.84101531729571],[-114.42089066175431,43.84099258720299],[-114.42129957185693,43.841124437178095],[-114.42170889196957,43.8413134471584],[-114.4226158322795,43.8420816771469],[-114.4242090529298,43.844042827182996],[-114.42532793331229,43.8449912371689],[-114.42727894392756,43.846346127116696],[-114.42929397451009,43.84743878703465],[-114.42987174474852,43.84816532704907],[-114.43093529505192,43.84871857700356],[-114.43119148524848,43.84956539705825],[-114.43205219553957,43.850276567045626],[-114.43322093585932,43.85080557698832],[-114.43458458646998,43.852796027047695],[-114.4352666267308,43.85353343705366],[-114.43555078678605,43.8535323570278],[-114.43567151687301,43.85389861705053],[-114.43600339698763,43.854186277046864],[-114.43665862714403,43.85435082700263],[-114.43732613724984,43.854209386929114],[-114.43773120726838,43.85385968686026],[-114.43779303718931,43.853333106806275],[-114.43966790770111,43.85417544671376],[-114.44022400779548,43.85409328665578],[-114.44099638798376,43.85430995660566],[-114.4417714980958,43.85408353651462],[-114.44268739836203,43.85458827647797],[-114.44392275856107,43.8543454763437],[-114.44513499885937,43.85470168626656],[-114.44608316903785,43.854663446177064],[-114.44692590922692,43.85480556611374],[-114.44962652993704,43.85586287596608],[-114.45001573006627,43.85617070595907],[-114.45096356029904,43.85644673589845],[-114.45146912047356,43.85688449589283],[-114.45328211090983,43.857360965772244],[-114.45341849096495,43.85752567577497],[-114.4545068912458,43.857920795712594],[-114.45472545131632,43.85808174570757],[-114.4550064314621,43.8586070857303],[-114.4552682615278,43.85869150571432],[-114.45574283152673,43.858150605621645],[-114.45582286147986,43.8577894955812],[-114.45515895125342,43.857230105590055],[-114.45625649150912,43.85746995551256],[-114.45479783107568,43.856610715565914],[-114.4546270710034,43.856385505560716],[-114.45480524102926,43.85633410553982],[-114.45620951138822,43.85682456545758],[-114.45440943086436,43.85582767552923],[-114.45457101088311,43.85575398550778],[-114.45682618142001,43.856313215354724],[-114.45600124118299,43.85587414538916],[-114.45519130099376,43.85569410544607],[-114.45465920082823,43.85533763546159],[-114.45483264084726,43.855251925438],[-114.45530691097345,43.85544638541284],[-114.45594753110446,43.855480965357906],[-114.45700990128783,43.85534275524891],[-114.45710344107341,43.853999085117046],[-114.45761068095075,43.852718894953505],[-114.45731164056585,43.85083202480729],[-114.45757479032065,43.84911883462611],[-114.45730182986854,43.84681373443911],[-114.45776774976515,43.84569123429375],[-114.45785963967387,43.845059754227364],[-114.45782177956299,43.844461734175894],[-114.45749188929776,43.84330058409912],[-114.45751745911252,43.8422010939958],[-114.45781673897122,43.84104624386253],[-114.45879363897015,43.83993813367225],[-114.45995269871197,43.837137933309904],[-114.46016475844613,43.835361063127394],[-114.46053967822394,43.83365278293644],[-114.46059659804496,43.83255345283027],[-114.461811418228,43.832241242691524],[-114.4627445483387,43.83182896256914],[-114.46305645836009,43.831600632519866],[-114.46337314833383,43.831091162444366],[-114.46421683844322,43.83077190233863],[-114.46496535850403,43.83027911222553],[-114.46608933875268,43.83044933213934],[-114.46905701928983,43.830208481848416],[-114.47154180962573,43.82934834154426],[-114.47228288969956,43.82893923143958],[-114.47369693008389,43.829567571369196],[-114.4742490702784,43.830069791365304],[-114.47514466036544,43.829562851237625],[-114.47533892043484,43.82974524123675],[-114.47631803068985,43.83011631118217],[-114.47774403121906,43.83156897118639],[-114.47823522134173,43.8317245611562],[-114.47840069142045,43.83199316116585],[-114.47987493180221,43.83253870108242],[-114.48160329220848,43.83293924096259],[-114.48302262287851,43.83521384104286],[-114.48313477304774,43.83606592111094],[-114.48360444313558,43.83604449106641],[-114.48344214330496,43.837206771187795],[-114.48360897341236,43.8376395612124],[-114.48356502348703,43.83812069126057],[-114.48490812386108,43.838769301198404],[-114.48580845421701,43.839812351212565],[-114.4870804646014,43.84060083116963],[-114.48813880501379,43.84179152118296],[-114.48901081527215,43.842302501150826],[-114.49042147581034,43.84382315116255],[-114.49082529601706,43.8445629711938],[-114.4928194565161,43.8451999610715],[-114.4935767667813,43.84587939106517],[-114.49501165716222,43.846464190988755],[-114.49563088737605,43.847002390981984],[-114.49632543766653,43.847897951001165],[-114.49868570832717,43.84905669089343],[-114.49956042863744,43.849864210888136],[-114.50040344878455,43.849764560802576],[-114.50146575902245,43.84994311072262],[-114.50195011916185,43.850202690702524],[-114.50306004939542,43.850302490611],[-114.50449225962666,43.85002575045575],[-114.50543337982747,43.85012629037964],[-114.50618320002287,43.85041085033773],[-114.50705157020049,43.850459350263435],[-114.50844105053514,43.85082829017124],[-114.50873146061416,43.8509578701568],[-114.50906052075058,43.8513751601652],[-114.50965402092315,43.851704030141555],[-114.51088167112218,43.85147172000891],[-114.51215994137932,43.85151832989722],[-114.51288510155783,43.85173315985114],[-114.51441077198989,43.85251148978411],[-114.5165848526869,43.854089939731594],[-114.51856393296859,43.85349026949714],[-114.51959653313995,43.85331803938767],[-114.52122373328154,43.85230543914732],[-114.5217108832426,43.85153256903227],[-114.52184481316993,43.850962348967876],[-114.5228708832235,43.8501177187974],[-114.52341206320534,43.849403938682975],[-114.52367536310146,43.84850799857696],[-114.52623127341079,43.847419178245396],[-114.52809507348394,43.84574490792298],[-114.52851709354707,43.84563488787462],[-114.53122474409685,43.84576459764095],[-114.53310764444049,43.84563157745797],[-114.5355636750197,43.846214347288615],[-114.53643494519801,43.8462642672142],[-114.53768908539577,43.84599590707587],[-114.53830238547017,43.8457359669964],[-114.53831777540721,43.845355046960115],[-114.53867998551964,43.84559709694943],[-114.5395682656993,43.84563574687244],[-114.54086230601996,43.846032346791375],[-114.54189669630505,43.84651584674187],[-114.54547867694525,43.846185446386734],[-114.54769516741543,43.84640893620613],[-114.54851514763082,43.84673096616125],[-114.54917925777329,43.84680699610792],[-114.5497372678471,43.846606236038944],[-114.55026838787833,43.84618950595263],[-114.55091578801314,43.84624040589858],[-114.55158563810713,43.84603008581856],[-114.55222907816639,43.84564879572528],[-114.55360755838987,43.845390055576566],[-114.55457846858899,43.845448375493824],[-114.55656460892266,43.845142955285695],[-114.55766041889302,43.843740405057936],[-114.55909017895978,43.842518894816386],[-114.56045343888005,43.84052612451036],[-114.56174501892251,43.83931954428274],[-114.5619573288746,43.838804114216295],[-114.56128216866962,43.8383787742386],[-114.56070102839625,43.837452874206576],[-114.55956294793585,43.83607246418337],[-114.55545399670946,43.83360630433013],[-114.55475642644821,43.83288098432694],[-114.55464780624177,43.83180987423868],[-114.55474173617097,43.831295024183014],[-114.55425759572199,43.82924411403905],[-114.5543584456591,43.82876734398622],[-114.55600373574394,43.82740669371245],[-114.55786158590954,43.82627361344025],[-114.55872371596122,43.82560260330061],[-114.559815715929,43.824187453072],[-114.56255513602818,43.82167827259386],[-114.56361671591762,43.81984410232964],[-114.56409159592297,43.81934093224049],[-114.56455484606415,43.819636332225606],[-114.5650891363458,43.82066410227134],[-114.56607309660718,43.82106883221922],[-114.566391366715,43.82133398221463],[-114.56664240690357,43.82214242226594],[-114.56658661707561,43.823200052367845],[-114.56802243726638,43.8226880621908],[-114.5685499073908,43.82281403215452],[-114.56882356763572,43.82392241223122],[-114.56945719779713,43.824143112193994],[-114.56981726795499,43.82465094220785],[-114.57014948819892,43.82568759227266],[-114.57016635826976,43.82607805230689],[-114.56992880833002,43.82669365238478],[-114.5701546984141,43.8269259023856],[-114.57030608844512,43.82693467237263],[-114.57126713852243,43.82630117222751],[-114.57166945849987,43.82571810213765],[-114.5721184383784,43.824510851986425],[-114.57258992843099,43.82428463192297],[-114.57453068881013,43.82429394174787],[-114.57642560930223,43.8250083616415],[-114.57709519952499,43.825543181629754],[-114.57799256974732,43.82581965157371],[-114.57838390988078,43.826151071568574],[-114.57892422011882,43.82691992158993],[-114.5789172302279,43.827558171649],[-114.57919197037091,43.82807593167145],[-114.57918866042877,43.82841411170275],[-114.57774207039753,43.82985981196619],[-114.57748650048404,43.83064697206142],[-114.57757519055808,43.830975162083426],[-114.57854345064828,43.83040825194371],[-114.57942207076569,43.83009897183579],[-114.5796528408194,43.83015020181954],[-114.57963577086389,43.83042653184635],[-114.57875568083776,43.83126448200283],[-114.5789340908863,43.831344551994],[-114.58053925107758,43.83064579178448],[-114.58086764113126,43.83058697174932],[-114.58168477131333,43.83072094168752],[-114.58260142141253,43.83026380156252],[-114.58312666149526,43.83015157150466],[-114.58354859159262,43.83023992147449],[-114.58389334170629,43.83050964146791],[-114.5843766419705,43.83149307151403],[-114.58659711269212,43.83316774146587],[-114.58707717301337,43.83448459154281],[-114.58792395325891,43.83495175150871],[-114.58931464357096,43.835192261404586],[-114.59099022385735,43.83496452123176],[-114.59267563420256,43.8350653310881],[-114.593066554326,43.83533955107771],[-114.59335484447581,43.83588102110111],[-114.59468252470882,43.83573599096743],[-114.59694179518975,43.83597665078447],[-114.59814435551066,43.83647998072141],[-114.59848175572195,43.83732124076773],[-114.5996867859716,43.8374101806665],[-114.60083249627625,43.837883300605846],[-114.60256793661327,43.837881230448225],[-114.60201552661255,43.83849723055463],[-114.60105894647738,43.83879053066823],[-114.60049432647212,43.83939400077461],[-114.60041093651053,43.83970939081104],[-114.60050064658243,43.84002388083163],[-114.60112045677948,43.84046603081578],[-114.6016305568887,43.84052424077484],[-114.60213875696728,43.840407440718046],[-114.6025627769992,43.84011556065288],[-114.60339663710913,43.83981436054974],[-114.60415606713825,43.83913024041829],[-114.60473107722034,43.83895861035041],[-114.60537395727125,43.83853111025301],[-114.60475975726544,43.83918695036872],[-114.6044683074297,43.84046255051174],[-114.60598000769325,43.840287850358614],[-114.60743895802916,43.84058969025382],[-114.60806780821476,43.84095546023017],[-114.60835568827041,43.84095393020388],[-114.60989743849129,43.84049920002245],[-114.61214980888174,43.84022580979311],[-114.6117429988605,43.840559979860544],[-114.61159625889658,43.84093274990793],[-114.61075949876391,43.84110563999965],[-114.6101891387165,43.84147213008492],[-114.60909200889667,43.84374317039195],[-114.60821114879187,43.844126590506924],[-114.60793433879023,43.84442771055957],[-114.60784173882652,43.84474088059656],[-114.60791466899504,43.84563177067134],[-114.60819059910341,43.84594771067515],[-114.60856131920607,43.84612414065763],[-114.60943163937442,43.846119500578254],[-114.6100454394227,43.84570971048512],[-114.61101374960957,43.84570199039649],[-114.61165808978063,43.845966450362205],[-114.61121633980785,43.84661909046191],[-114.61141776991491,43.8470109404794],[-114.61160596012962,43.8480387105562],[-114.61101096013581,43.84874202067445],[-114.61021751008633,43.8493463808017],[-114.61035479026523,43.850224390869435],[-114.60984259035311,43.851305901014726],[-114.60992659045479,43.85179841105203],[-114.60984422054909,43.85243468111767],[-114.60997715065285,43.85288406114661],[-114.6105802208787,43.85351077114909],[-114.61035178090488,43.85391792120702],[-114.61030090097242,43.8543644012524],[-114.60989690100935,43.855030531349925],[-114.61001601110488,43.855447731377225],[-114.6103797812289,43.855755421372294],[-114.61000675122192,43.856133201440684],[-114.60834880091873,43.856243621601294],[-114.6070178308316,43.85723315181247],[-114.60645692086122,43.85803282193642],[-114.60518466071254,43.858601742103914],[-114.60443231058176,43.85869119218041],[-114.60386718052285,43.85898495225852],[-114.60173118044577,43.860935082630576],[-114.60064518032185,43.861438132775106],[-114.59947615013313,43.8616608429016],[-114.59907744009097,43.8618643629564],[-114.59908833025209,43.86278100303916],[-114.5981811806849,43.86629311344224],[-114.60041653117203,43.86659532326688],[-114.60284106165952,43.86668786305509],[-114.61472715301677,43.86119195147393],[-114.61738015352995,43.86117764123172],[-114.61752841598323,43.87514739249302],[-114.6105315657298,43.88152005371012],[-114.60757719576625,43.8850364342994],[-114.60915916618586,43.885681444214484],[-114.6135036072242,43.88679580392122],[-114.61492156768426,43.887856793889114],[-114.61307396730953,43.887767474048914],[-114.61286284755317,43.88940560421748],[-114.61627898824604,43.88957073392201],[-114.61710081838446,43.8894478938361],[-114.61863684888658,43.890618633803165],[-114.62281335921317,43.887826833169],[-114.6259357693078,43.88487944261643],[-114.62644125947125,43.885254412604674],[-114.62710827963252,43.88543650256063],[-114.62774137977068,43.885523512511035],[-114.62893183997771,43.88538361239006],[-114.63047521031757,43.88561325227065],[-114.63072026038813,43.88574525226043],[-114.63116523064468,43.886723932309174],[-114.63128734105243,43.88893319249945],[-114.63127060109883,43.889219052526975],[-114.63072337109071,43.88978408262823],[-114.63067370113085,43.89007013265883],[-114.63145515135396,43.89048017262517],[-114.63191061145942,43.89057767259262],[-114.63318869171482,43.890618232480115],[-114.6345952919429,43.89035800232852],[-114.63715887225392,43.889281631997335],[-114.63788069224448,43.88842030185322],[-114.63839641216369,43.8873791317115],[-114.638599032178,43.887235121679915],[-114.63896850226104,43.887299731652256],[-114.6399399125788,43.88804205163153],[-114.64001342429978,43.89785672251888],[-114.63882418418663,43.89853453268873],[-114.6378848341529,43.89938993285211],[-114.63502436383722,43.90077040323804],[-114.63316225375753,43.90239256355511],[-114.63358290389247,43.902698123544695],[-114.63452600438525,43.90447693362092],[-114.63452108439982,43.90456599362946],[-114.63317975415148,43.90463703375799],[-114.63351907479124,43.90793376402731],[-114.63474594501837,43.90786878390978],[-114.63618966544627,43.90871523385548],[-114.63710630574738,43.90942140383636],[-114.63776863591305,43.90963380379543],[-114.63900072611453,43.90941578366345],[-114.63968925629013,43.909655813622685],[-114.64088984664505,43.91035463357702],[-114.64201811698396,43.911041583536864],[-114.64249617715474,43.91148908353409],[-114.64315579747674,43.91260182357532],[-114.6437666576958,43.913178383572216],[-114.64452384805884,43.91441810361612],[-114.6450818481815,43.91449972357277],[-114.64537199829714,43.914840233577344],[-114.64607389850498,43.91525042355076],[-114.64803655900201,43.91591458343258],[-114.64903311919778,43.91592694334297],[-114.64979489937795,43.916111693290446],[-114.65101062958298,43.915932583163524],[-114.6508584495813,43.91609272319194],[-114.65112482967548,43.916336353189855],[-114.65097193971994,43.91676198324247],[-114.65053528970392,43.917157023318154],[-114.65046527973263,43.91739975334657],[-114.65098829990741,43.91781986333717],[-114.65111561998941,43.91814848335549],[-114.65072406997022,43.91847526342088],[-114.65037458000907,43.919087983508426],[-114.65093722026606,43.919935443534264],[-114.65099577032808,43.92022615355539],[-114.65056313026254,43.92033225360446],[-114.64973208022506,43.9210438237448],[-114.64974599026415,43.921252593762574],[-114.64936190020963,43.921368023808014],[-114.64939037032333,43.92198861386186],[-114.64860375023231,43.922343643965746],[-114.64841235031864,43.92305238404768],[-114.64801036023862,43.92304146408326],[-114.64768497020665,43.9232208041292],[-114.6459969898974,43.92332830429265],[-114.6451061996696,43.923014294345194],[-114.64382650942993,43.92306588446639],[-114.6420736789883,43.92248652457325],[-114.64137133884084,43.922423504631475],[-114.63961605854655,43.92269230481575],[-114.63844825830424,43.922604214914024],[-114.63678857804463,43.92296554509797],[-114.6347793476584,43.92299018528318],[-114.6342926975825,43.923097635337236],[-114.63305321728303,43.922761635419484],[-114.63194619709094,43.922894055532296],[-114.63019627667447,43.92245627565178],[-114.62913705650875,43.922686845769185],[-114.62782731623581,43.92258146587882],[-114.62639932599306,43.92278174602699],[-114.62543732576385,43.922539686092584],[-114.6243951755632,43.92255091618844],[-114.62342425532758,43.922281896252294],[-114.62043613468292,43.921916356491046],[-114.61990936461713,43.92212677655814],[-114.61904131445779,43.92218113664206],[-114.61852201438674,43.922352976704985],[-114.61736827415419,43.92230551680571],[-114.61684445407454,43.92243300686494],[-114.61632430394417,43.92226523689706],[-114.61580535384968,43.92230221694766],[-114.61480380375035,43.92285015708871],[-114.61424735365188,43.92290594714442],[-114.61320368351666,43.92329484727484],[-114.61219788334128,43.923411027376964],[-114.61130912324518,43.923851277497974],[-114.60978144298805,43.924081147657944],[-114.60839874281747,43.92464538783514],[-114.60792263271604,43.92459473787388],[-114.60703408260997,43.924978037989675],[-114.60577633239181,43.925130158118016],[-114.60420576218566,43.92570037831289],[-114.60208732185758,43.92618257854965],[-114.60115931175893,43.92665244867693],[-114.60062284175763,43.927243908779595],[-114.60009548165546,43.927246488827834],[-114.59962359149921,43.92687642883709],[-114.59923907141086,43.92679905886506],[-114.59879171127213,43.926502198878694],[-114.59806174111688,43.926426428938264],[-114.5973890310212,43.926628049017836],[-114.59658921095618,43.92714838913803],[-114.59592897086134,43.92734090921569],[-114.59366191046573,43.927602179445856],[-114.59205116021462,43.92795984962501],[-114.59131980006597,43.92792365968829],[-114.59055278994504,43.92808620977293],[-114.58947709981747,43.92855535991355],[-114.58778631951047,43.92868179007896],[-114.58696660938745,43.92889141017271],[-114.58647006927745,43.928814560210874],[-114.58491834904358,43.92920561038775],[-114.58402603885861,43.929140590463014],[-114.58268627851706,43.928676920542706],[-114.58189559835441,43.928626840610114],[-114.5810949182323,43.928820490700595],[-114.57949147793477,43.92890403085413],[-114.57764035765453,43.92936352106451],[-114.5770248374938,43.929128761099115],[-114.57610840730752,43.929083561178395],[-114.574851167015,43.92880921126782],[-114.57302922664101,43.92869850142352],[-114.57232846653221,43.928857231501794],[-114.57123239627616,43.92861212157913],[-114.57028202609908,43.92865777166978],[-114.56827485578951,43.92912409189494],[-114.56489203511165,43.92901416219279],[-114.56270119472701,43.929255142414135],[-114.56090756438498,43.92929647258111],[-114.56000909424253,43.92948340267989],[-114.55630391352862,43.92952760302105],[-114.55456324343103,43.93091342330587],[-114.55371626333846,43.93132910342087],[-114.55290334329513,43.93198912355508],[-114.55233110323346,43.93227491363324],[-114.55157243310262,43.93237199371112],[-114.55091988305132,43.93280696381021],[-114.54998558293866,43.93320523393156],[-114.5494590629008,43.933576564013364],[-114.54889457291573,43.93429323413011],[-114.54820323281035,43.93446135420837],[-114.54722514274106,43.93515709436083],[-114.5465393328131,43.936337134530916],[-114.54654427290977,43.936886344580614],[-114.5459422729297,43.937673684707235],[-114.54553288300916,43.93858727482783],[-114.54513991295094,43.9386926648732],[-114.54454468292955,43.93923516497692],[-114.54398597286014,43.939461515048414],[-114.54344636285977,43.94006248515235],[-114.5432118628978,43.940542895217504],[-114.54236927287354,43.94134547536745],[-114.54201106289759,43.94188386544915],[-114.54144860285315,43.94225740553443],[-114.54132105288508,43.94258305557579],[-114.54012226278029,43.94332173575229],[-114.5400623129811,43.94454073586896],[-114.53936315302433,43.94556996602654],[-114.53818053298751,43.94668024623546],[-114.53776514288471,43.94655489626182],[-114.53693117274727,43.94669895635091],[-114.53588576254312,43.94669663644584],[-114.53462167239931,43.947284486614585],[-114.53420913240393,43.94777214669663],[-114.5341579224933,43.9483420467533],[-114.53379716247056,43.94861478681099],[-114.53258377262736,43.950869447127175],[-114.53227249261418,43.95114170718039],[-114.52973027242292,43.95288610757101],[-114.52786674220793,43.95373596781818],[-114.52725877219707,43.95435317792988],[-114.52667035213254,43.95464075800973],[-114.5242990516592,43.95457745821983],[-114.52203344143383,43.95581744853926],[-114.52131569142517,43.956569958673256],[-114.52135604154478,43.95721034872803],[-114.52047106145997,43.95771311885452],[-114.5196216714698,43.95871877902362],[-114.51863306135006,43.959137089151845],[-114.51701117124769,43.96036283941139],[-114.51554732103017,43.96075211958019],[-114.51504350098493,43.961055959653834],[-114.51357705105976,43.96312286997599],[-114.5115136609925,43.965043270339116],[-114.51105913100676,43.96563249043433],[-114.50922470073947,43.96615106064872],[-114.50868572073067,43.96670282074811],[-114.50709202059011,43.96767830098232],[-114.50669496058073,43.96806817105406],[-114.50523322041205,43.96873502124806],[-114.50409413036353,43.96972995144261],[-114.50034256998259,43.971739771967755],[-114.49992780000937,43.9723563520618],[-114.49778373941679,43.971358812166024],[-114.49686802955077,43.97314879241283],[-114.49636340971311,43.974642102595105],[-114.49581349969728,43.97516588269299],[-114.49553076979772,43.97605672280006],[-114.49395242969261,43.97721791304982],[-114.49246597968654,43.97884374333366],[-114.49103103957833,43.97982741355417],[-114.49060489945991,43.979625583574574],[-114.49010212936305,43.979632713621],[-114.48953471928418,43.97981522368936],[-114.48885271922687,43.980248923791116],[-114.48676890891866,43.98081272403242],[-114.48581254874792,43.98090395412783],[-114.48413860825005,43.97992451419094],[-114.48357196811827,43.97980326423147],[-114.48316698795824,43.97933964422603],[-114.48184009766672,43.97915374432997],[-114.48221072772351,43.979064644288044],[-114.48239141772521,43.97887259425404],[-114.48236944768206,43.97864991423573],[-114.48212801759969,43.97844827423932],[-114.48050904719435,43.97793691434007],[-114.4798194370638,43.977960184405],[-114.4789514768068,43.9774589244383],[-114.47673945622786,43.976616684562885],[-114.47502859583616,43.976286454688506],[-114.47433668571635,43.97637389475953],[-114.47117114506277,43.97617048502925],[-114.47074532493137,43.97589442504279],[-114.46968619467567,43.97561438511367],[-114.4690136644788,43.97523871514059],[-114.46757299414384,43.974931655243736],[-114.46669052391104,43.974585515292496],[-114.46570110360882,43.9739611353255],[-114.46342871303742,43.97322986546565],[-114.46290549284232,43.97269768546466],[-114.46202563258251,43.972193715498705],[-114.46051620201712,43.970643605494466],[-114.45964739175753,43.970128655526466],[-114.45737185100946,43.968388745574536],[-114.45705272086559,43.96792177556091],[-114.4560577405303,43.9671138455776],[-114.4548507000239,43.96556279554566],[-114.45380146945669,43.96348635545128],[-114.45344663915057,43.96212908535946],[-114.45230187869751,43.960813515343276],[-114.4513363183651,43.95998891535573],[-114.4506343880012,43.95868847530062],[-114.45030509772647,43.957482075220206],[-114.44940729732271,43.95617202518206],[-114.44949366700926,43.95427776500084],[-114.44914868681474,43.95354810496548],[-114.44897300665008,43.9528007749131],[-114.4490011165608,43.95225693486074],[-114.44925895653812,43.95183781479892],[-114.44902615645488,43.95162108480029],[-114.44864995638788,43.95165836483796],[-114.44826950639195,43.95210823491369],[-114.44821075650276,43.95280967498322],[-114.44841645669732,43.95369522504556],[-114.44873519686746,43.954313975073184],[-114.44867971720836,43.95633126526285],[-114.44958886761847,43.957664875302115],[-114.44990680788658,43.95884613538126],[-114.45065034827223,43.96022471543971],[-114.45168562863323,43.96113509542876],[-114.45275052905303,43.96234921544294],[-114.4530699893397,43.96363462553142],[-114.45415905992849,43.96579024562943],[-114.45542424045942,43.96741675566299],[-114.45643989080253,43.968246115646366],[-114.45695709101622,43.96889174565832],[-114.45839935146918,43.969873165616704],[-114.45911651172263,43.970522675610816],[-114.45994204196799,43.9710046855797],[-114.46140706251799,43.97251625558452],[-114.46234981279932,43.97307313554955],[-114.4629481430181,43.97365706554844],[-114.46531571361623,43.974434365403866],[-114.46631215392058,43.975063065370556],[-114.46732658418678,43.975453085313816],[-114.46869194450304,43.9757375452155],[-114.46926130467246,43.97607084519406],[-114.47024370490789,43.97632047512745],[-114.47093757510864,43.9766944850984],[-114.47431378580771,43.97692280481176],[-114.47492683591194,43.97683417474786],[-114.47598021616744,43.97711967467794],[-114.47646340626326,43.977128124634696],[-114.47856583681435,43.97793347451676],[-114.47948523708466,43.978453014480486],[-114.48027644724073,43.978462364409246],[-114.48082975737623,43.9786197743732],[-114.48101541743041,43.978722524365715],[-114.48071787739491,43.97885192440464],[-114.48061464741329,43.979072414434164],[-114.48081813751287,43.97941504444691],[-114.48193379779306,43.979771974377876],[-114.48276177796025,43.97980393430536],[-114.4830131480773,43.98019299431796],[-114.48373028825132,43.98038808427047],[-114.48414108837869,43.98065775425766],[-114.4841416484407,43.98101216428994],[-114.48208081803602,43.980998484476444],[-114.48110355782183,43.98086448455322],[-114.48038252763581,43.98060556459532],[-114.48052337771401,43.98089550460891],[-114.48273810825705,43.981529134465035],[-114.48381311846445,43.9815150643658],[-114.48426990873136,43.982532344417045],[-114.4847027889046,43.98304012442398],[-114.48516029904515,43.98333347440906],[-114.48598555922227,43.98342521434227],[-114.48625176932482,43.983714614344414],[-114.48621871945822,43.98451488442046],[-114.48604901947013,43.984772714459496],[-114.48562576941508,43.98493030451239],[-114.4854275195762,43.98607342463478],[-114.48562318964859,43.98626924463488],[-114.4813663194919,43.99012655537485],[-114.48135785015835,43.99394749572429],[-114.4808437503188,43.99543866590724],[-114.48066683053456,43.99686973605398],[-114.48065748092347,43.99910369625863],[-114.4808523411041,43.99991844631522],[-114.47781115148199,44.00547144709913],[-114.47785556161628,44.00618933716054],[-114.4786796619489,44.00717038717491],[-114.47791610204209,44.00855441737078],[-114.47733423230889,44.010727637622075],[-114.47651669239556,44.01213452782497],[-114.4759230323941,44.012788227938714],[-114.47513384248386,44.01418080813772],[-114.47492626260424,44.01509976824045],[-114.47441634256647,44.01545283831917],[-114.47375987256883,44.01619811844701],[-114.47313171263251,44.01726217860133],[-114.47130892253573,44.018742308902596],[-114.46954958255188,44.020795999250396],[-114.468602282604,44.02214970946027],[-114.46744588256492,44.023216069663],[-114.46695110262861,44.024131219791606],[-114.46699741275594,44.02480609984891],[-114.46594150283707,44.02644637009481],[-114.46523338282407,44.02716123022464],[-114.46384726271802,44.028101290436815],[-114.46337965276237,44.028875450550075],[-114.46287675273145,44.02925969063103],[-114.46118451274663,44.031232570965344],[-114.46072123257909,44.03079339096755],[-114.46078269247971,44.030157680904],[-114.46068076239513,44.02978886087965],[-114.46039704230158,44.02957131088569],[-114.4600704122364,44.02956371091481]]],[[[-114.45056381540553,44.05821585439476],[-114.45061267160254,44.0364905024096],[-114.45183211178089,44.0361484022671],[-114.4526735119362,44.03609636218556],[-114.45310565203371,44.03617081215291],[-114.45328792215383,44.03665241218021],[-114.45370029228339,44.03693168216805],[-114.45394548234151,44.03699004215097],[-114.45462715243141,44.03674288206627],[-114.45527812249544,44.03638267197401],[-114.45557804247433,44.035927881905124],[-114.45603786253109,44.03573905184597],[-114.45618469248394,44.03530684179312],[-114.45647754249438,44.03503971174204],[-114.45702906255131,44.03474984166532],[-114.45795504268845,44.03450016155802],[-114.45895651278656,44.03394351141583],[-114.45957936281157,44.033391881308745],[-114.46041818288617,44.03288251118571],[-114.46090892288736,44.0323424710917],[-114.46121472303587,44.032848811109986],[-114.46176003319735,44.03316213108878],[-114.46160689334373,44.034167701194455],[-114.4606072931485,44.03416821128574],[-114.46061903347213,44.03600046145172],[-114.45936194322593,44.035997401566135],[-114.45940706403266,44.040546761976806],[-114.45561836329466,44.04056038232387],[-114.45566488458182,44.04784442298366],[-114.46242308590107,44.047836042365844],[-114.46283953627282,44.04949040247861],[-114.46388933667949,44.050638292487314],[-114.464021806947,44.05201468260064],[-114.46314740699081,44.053237352791896],[-114.46215540691298,44.05389818294265],[-114.46107049691699,44.055128503153874],[-114.4598975972262,44.05819429354029],[-114.45792796684216,44.05819967372068],[-114.4579605693987,44.072711945039444],[-114.45282842839784,44.07272570550968],[-114.45289462586081,44.05821382418166],[-114.45056381540553,44.05821585439476]]]]}},{"type":"Feature","properties":{"objectid":178,"wildernessid":"10524010343","wildernessname":"Gospel-Hump Wilderness","areaid":"122","boundarystatus":"Final","gis_acres":205656.748,"wid":212,"source":"USFS National Wilderness Areas","source_url":"https://apps.fs.usda.gov/ArcX/rest/services/EDW/EDW_Wilderness_02/MapServer/0","scope":"Idaho"},"geometry":{"type":"Polygon","coordinates":[[[-115.89327150299633,45.705209249126256],[-115.89225592266224,45.704508449169396],[-115.89140957243058,45.704158479224155],[-115.89098579226697,45.70374489923241],[-115.8893993915568,45.70170644922377],[-115.8891629813852,45.70107321919594],[-115.88900612133114,45.70095273920158],[-115.88671882076741,45.70031928937473],[-115.88613988068316,45.70045162944217],[-115.8858437907383,45.70101146951628],[-115.8850463406687,45.701426549627854],[-115.88471857068932,45.70184380969359],[-115.88397144058389,45.7020311897819],[-115.88187280012177,45.701726519963046],[-115.88075968977788,45.70106962001921],[-115.88038379969292,45.701004240050814],[-115.87524379862363,45.70057130051964],[-115.8748831985082,45.700338590536184],[-115.87443167829502,45.699702830529226],[-115.87402444819972,45.69961552056208],[-115.87350836815092,45.6998656606328],[-115.87338053824695,45.70046916069397],[-115.8731776482651,45.70075460073683],[-115.8707958279732,45.70157447103634],[-115.87024802788335,45.70164911109604],[-115.86966844774412,45.701507121141404],[-115.86902969754927,45.70114304117465],[-115.86806113719344,45.70028840120067],[-115.86682388691275,45.70006756130405],[-115.86599706666011,45.699593971346935],[-115.86369599624774,45.699733461583634],[-115.86235203584155,45.69898611165506],[-115.86188216572982,45.69887688169228],[-115.86094291555638,45.69890798178681],[-115.85959707535116,45.69916985193982],[-115.858908125208,45.69911293200271],[-115.85737640476805,45.698376682093425],[-115.85679984452817,45.69772726209752],[-115.85573472426334,45.69742111217716],[-115.85540911411955,45.69701278217615],[-115.85464154392027,45.696750222230165],[-115.85335555384681,45.6976153124259],[-115.85149017365111,45.69842333267385],[-115.84957558363857,45.70019673300448],[-115.8483712535391,45.70085326317544],[-115.84623956329462,45.70167239345035],[-115.84567600319342,45.701705793508275],[-115.84507764313535,45.70198878358973],[-115.84387217291086,45.70201997371032],[-115.8434028228605,45.70221783377227],[-115.84146143248601,45.702202993961265],[-115.84008411227457,45.70246465411736],[-115.8378933219924,45.70315204438745],[-115.83568236163623,45.703488364631184],[-115.83439657160129,45.70454663484254],[-115.83361660136039,45.70408780488197],[-115.83167528100377,45.70416330507823],[-115.83053200073851,45.703931025171514],[-115.82741729028106,45.704627105532786],[-115.82582019996175,45.70455965568384],[-115.8235189195619,45.70476415592579],[-115.82301773944133,45.704641075964915],[-115.8223947992324,45.704191705989714],[-115.82178399908649,45.704046756037826],[-115.8200147887473,45.704045156211],[-115.81723769854248,45.70568416661541],[-115.8159668685198,45.70679017682922],[-115.81483943828812,45.70671130693327],[-115.81424468821362,45.70690911700754],[-115.81236608790765,45.70717897721337],[-115.81132071766537,45.70696838729878],[-115.80967364751587,45.707800277527284],[-115.80860585747284,45.708609897697265],[-115.80725973730377,45.70905490786512],[-115.80675521729691,45.70950493795085],[-115.8063013372516,45.70971360801217],[-115.80612958731449,45.710193638067786],[-115.80543692722786,45.710424358154256],[-115.80460707707934,45.7104768882398],[-115.80331082672329,45.70993724832319],[-115.8019954064467,45.70981447844219],[-115.79952194609447,45.71042446873376],[-115.79858222586792,45.71019177880699],[-115.7974392756747,45.710321188929406],[-115.79509399511926,45.70979013911622],[-115.79160248452747,45.710178239489615],[-115.7905533143106,45.71009910958596],[-115.78959795407229,45.709822469657205],[-115.78911610387705,45.70930704966274],[-115.78847383367298,45.70890138969284],[-115.78675506325064,45.70843576982355],[-115.78491436261278,45.70700753988836],[-115.78406885245018,45.707005069971],[-115.78289481231658,45.70746344012303],[-115.7820650121789,45.707570650212986],[-115.78160714213271,45.707779220274666],[-115.78073070210425,45.7084788204171],[-115.77908286184918,45.70878371060314],[-115.77740424180868,45.71019382088158],[-115.77621043164055,45.71049855102312],[-115.7728440210773,45.710910731386186],[-115.77129396085175,45.71127033156703],[-115.7638883601919,45.71508100260063],[-115.76320308993999,45.714477742618946],[-115.76172283926371,45.712511552604816],[-115.76011755871392,45.711299552664],[-115.75843019821677,45.71043034275888],[-115.7578977980884,45.710298752800334],[-115.75500488749897,45.71012620306966],[-115.75383050728405,45.71017838318889],[-115.7529692870838,45.71000291325902],[-115.75270308699498,45.70981369326977],[-115.75219023672149,45.70893610324894],[-115.75195144663853,45.7087496232572],[-115.75118811646193,45.70859881331975],[-115.7484088059188,45.70854950358789],[-115.74728925573736,45.708716793711076],[-115.74653764565765,45.70904040381081],[-115.74464297536463,45.70939416402497],[-115.74272485496478,45.7092350241999],[-115.73947602406605,45.707855354406206],[-115.73890853384611,45.7072985744167],[-115.73824723349112,45.70615489438873],[-115.73756629321055,45.70540338439454],[-115.73663870295539,45.70501660445402],[-115.73396140239822,45.704799654698526],[-115.73358562233642,45.7048517147395],[-115.73208234217907,45.70550972493997],[-115.7307357119834,45.70582492509732],[-115.7301642218748,45.70583032515371],[-115.72882562156418,45.705561345262964],[-115.72798097097547,45.70342203517222],[-115.72764059083471,45.70304350517487],[-115.72717483073541,45.702994055216436],[-115.72623925060164,45.70322425532664],[-115.72183882013279,45.705110205910245],[-115.71995968987846,45.70564455613743],[-115.71767396935634,45.70522711632733],[-115.71613568905094,45.705177336473845],[-115.714914868677,45.70447765653657],[-115.71445683861094,45.704587226590306],[-115.71270647848459,45.705639836846956],[-115.7120366784882,45.70630331696633],[-115.71074432841657,45.707188747164594],[-115.70993717847963,45.70828274733234],[-115.70909517842396,45.70881451745789],[-115.70790091828084,45.70924742760987],[-115.70458069780959,45.710082698002616],[-115.70374653773405,45.71050746811871],[-115.70370316780007,45.71088043815321],[-115.70439909815207,45.71197496817386],[-115.70454724832933,45.71272099821987],[-115.70444117840086,45.71318169826758],[-115.70377470850251,45.71433330842625],[-115.7033711585021,45.714719848497104],[-115.70126779833521,45.71590926879942],[-115.6995994681338,45.71650644901116],[-115.69792745787039,45.71679644919837],[-115.69656534753791,45.71644205930298],[-115.69595461741613,45.71641983936096],[-115.69472094726535,45.71685259951685],[-115.6935222271755,45.717556869691286],[-115.69302105708405,45.717581309742336],[-115.69223826688815,45.71735330980048],[-115.69027403629164,45.71625532990367],[-115.6882545057889,45.71568111005479],[-115.68567787538912,45.7161596803458],[-115.68548983537482,45.716269280373076],[-115.68539944541651,45.716565420406006],[-115.68472584532255,45.71674332048635],[-115.68395004527675,45.71726123060431],[-115.68283814506395,45.71726609071352],[-115.68135085470455,45.71689774082923],[-115.67985100447402,45.71718757099954],[-115.67914979440314,45.71750802109418],[-115.67808782435038,45.718267061259716],[-115.67715822443247,45.71957468145688],[-115.6763785343662,45.71999380156717],[-115.67432219466936,45.723494702052626],[-115.67312614470238,45.724813082276754],[-115.6726664948329,45.725909792410704],[-115.66746479458396,45.72967448322556],[-115.66649712445296,45.72995080334274],[-115.66198089372105,45.730635873840505],[-115.66194592367927,45.73046033382967],[-115.66231874364975,45.729953243752036],[-115.66233175349075,45.72914421368504],[-115.66270079344137,45.72854113359995],[-115.66263831340746,45.72843138359717],[-115.66224679332335,45.72838721363195],[-115.66174236313482,45.727928833644064],[-115.66242529306486,45.72692009349533],[-115.66217511296193,45.72664565349755],[-115.66148574285388,45.726768553575006],[-115.66090953281793,45.727143843661864],[-115.66022008271861,45.72731061374291],[-115.65707879221014,45.72779085408942],[-115.65651831216404,45.728100314169396],[-115.65630224220568,45.72851700422439],[-115.65672217264449,45.73031094432899],[-115.65650596270143,45.73080442439019],[-115.65577623272137,45.73160740452684],[-115.65579490283221,45.73214494456864],[-115.65613916294178,45.73236188455258],[-115.65618584298798,45.732548414563155],[-115.65567215296844,45.73294566464571],[-115.65514347286664,45.73294524469744],[-115.65508008293988,45.73337302473836],[-115.65446950278124,45.733166834781386],[-115.6542695127734,45.73332025481343],[-115.65389360269496,45.73328978484774],[-115.65347016267037,45.73357465491236],[-115.65290689248359,45.733182004935585],[-115.65285937253576,45.73348913496519],[-115.6514403124191,45.73427230516776],[-115.6512523623785,45.73425020518434],[-115.6502476819824,45.733234625200225],[-115.64903833166734,45.73282222528511],[-115.64880329162868,45.73285492531081],[-115.64858724165985,45.73321949536155],[-115.64823064161529,45.733339855406285],[-115.64683658133254,45.73326732553686],[-115.64384879031302,45.73104046564847],[-115.64260566984525,45.72989569567716],[-115.64208658956414,45.728987445654155],[-115.64070510921151,45.72855284575408],[-115.63953044897316,45.72849140586403],[-115.6353276582646,45.72899471631635],[-115.629426057517,45.73094144705219],[-115.62740810723476,45.73147413729301],[-115.62689140711545,45.73137485733548],[-115.62595295680705,45.73073485737533],[-115.62409473627919,45.72988268748788],[-115.6200590353562,45.729151477823414],[-115.61926563507133,45.72848964784724],[-115.6169661443714,45.72720079796745],[-115.6160680939827,45.72611920796733],[-115.61580221389912,45.72595709798015],[-115.61505808376714,45.726013828057624],[-115.61353338359513,45.72662363825637],[-115.61171528334029,45.72710142847314],[-115.61057569312813,45.72713845858769],[-115.60960530288249,45.72684384865865],[-115.60815629261673,45.72691064880587],[-115.60799227255062,45.726737668807864],[-115.6079540424699,45.72637012878168],[-115.60804860244217,45.72613986875373],[-115.60906873247755,45.72533206858816],[-115.60920853228629,45.72423796848545],[-115.60895572210185,45.72355750845481],[-115.60903169199239,45.72293504839675],[-115.6086728118165,45.72239981838826],[-115.60826529145353,45.72097320831201],[-115.60812569101164,45.718891458156236],[-115.60819240070413,45.717284418018934],[-115.60746863003841,45.71464416787479],[-115.60726061990559,45.71417873785724],[-115.6052201789738,45.71147481783662],[-115.60379475843494,45.71014838786799],[-115.60209331770466,45.708127727869815],[-115.6017468473525,45.70669498778695],[-115.60124934718124,45.706316277804724],[-115.60116707710425,45.70600923778777],[-115.60138002704375,45.7054994677254],[-115.60255262710113,45.704653517541864],[-115.60286306706874,45.70419041747378],[-115.60367420715579,45.70384314736618],[-115.60455687717413,45.703081827217886],[-115.60537347714101,45.70212569706015],[-115.60594564719622,45.701849416981716],[-115.6065327873067,45.70183642692324],[-115.60668974730531,45.70167755689495],[-115.6073639070553,45.699769576673624],[-115.60674584660467,45.69810409659836],[-115.60682101655637,45.69778879656533],[-115.60768558644519,45.696393906367184],[-115.61069216663896,45.694458575915654],[-115.61143256672166,45.69415777581873],[-115.61142521668208,45.69396579580385],[-115.61086697646306,45.69340564581277],[-115.61067693628834,45.69271155577476],[-115.61027463614913,45.6924011657888],[-115.61002184597378,45.69176459576166],[-115.61060112576348,45.69014718557319],[-115.61079975556386,45.6889516754564],[-115.61122557538897,45.68766044530953],[-115.6109962952166,45.68701567527943],[-115.61101670515286,45.6866756252497],[-115.61128671488906,45.685088015093925],[-115.6116286648311,45.68446586500981],[-115.61237369484547,45.68381676488408],[-115.61339218494633,45.68333802474555],[-115.6146520148723,45.68174607449273],[-115.6160232549855,45.68098797429699],[-115.61777283526656,45.68070749410315],[-115.61942378559779,45.68077518394736],[-115.62109544583322,45.68034098374867],[-115.62286411615602,45.68025242356866],[-115.62499321650517,45.67994756333575],[-115.62545171652702,45.67961347326377],[-115.62636971648024,45.6784900030825],[-115.62681427634341,45.67737151294793],[-115.62717122632714,45.676944052878255],[-115.62854234642442,45.676106272676044],[-115.62944414641444,45.67518297251271],[-115.62998841647507,45.67496138244144],[-115.63102152664523,45.67481709232879],[-115.63142491668144,45.674609072272425],[-115.63325902672617,45.6730586319669],[-115.63358832672364,45.672727121907755],[-115.63372603667383,45.67234330186301],[-115.63488976671644,45.67143118167499],[-115.63656144691085,45.67079106145953],[-115.63721190692873,45.670251411352076],[-115.63988085733202,45.669697231046136],[-115.6426971578939,45.6697985807793],[-115.64376067814987,45.67005735069651],[-115.64416985839382,45.67088872072428],[-115.64438937838815,45.67064757068316],[-115.64471752849873,45.67088647067057],[-115.64485847851277,45.670820780651454],[-115.64491848838263,45.670107770587485],[-115.64428614811533,45.66937494058956],[-115.644173528007,45.668938770565035],[-115.64418995792732,45.66852192052951],[-115.6443741679257,45.668335590496326],[-115.64515353797492,45.66782892037893],[-115.64913043844781,45.66635965987075],[-115.65090139845628,45.66468822956164],[-115.65278108856627,45.66342274927494],[-115.65303832826926,45.66167869910781],[-115.65351428804925,45.660110348933564],[-115.65410569761022,45.65732713864907],[-115.65426227716817,45.65494946844008],[-115.65535082721806,45.65414678826841],[-115.65734615702591,45.65124675783733],[-115.65960689691973,45.648522417394574],[-115.66026564682059,45.64738476723759],[-115.66227364644816,45.64356315673019],[-115.66308217620922,45.64157539648926],[-115.66327861612508,45.64096121642003],[-115.66323472572766,45.639000246264544],[-115.66470447604627,45.63918233613593],[-115.66578359624619,45.63914471602752],[-115.67057404701178,45.63836368549625],[-115.67238092726619,45.637895915281774],[-115.67543578763161,45.63677892489264],[-115.67867710990384,45.6450927052533],[-115.67984550016187,45.645261635152934],[-115.68128908036753,45.64490054498263],[-115.6822866101719,45.642949104726334],[-115.68481121002678,45.639773874221284],[-115.6880129100012,45.63654485364582],[-115.69003644995482,45.634351843269734],[-115.69121471988315,45.6328495130324],[-115.6930963499912,45.63157239274473],[-115.69513955984534,45.6288582123243],[-115.69525421960202,45.627519892204134],[-115.69494419899719,45.62476895201035],[-115.6950807882711,45.62097330168783],[-115.69581388795167,45.618650681427155],[-115.69612492753653,45.6162538112015],[-115.6962712072169,45.614498631044256],[-115.6962348766374,45.611607940812235],[-115.69658513618874,45.609002650565806],[-115.6965355559251,45.60771910046599],[-115.69772975563646,45.60510321013637],[-115.69879028547969,45.60328259988453],[-115.70199292547369,45.60014641931657],[-115.70531590559126,45.59751757877828],[-115.70819713562621,45.59489944828399],[-115.70910483542396,45.59299640804037],[-115.70766607442957,45.58936472788457],[-115.70743583432734,45.58907118788312],[-115.70186179233119,45.584384738044264],[-115.70168798184683,45.58210282787503],[-115.7007095312346,45.5799549777952],[-115.70037957071636,45.5776527876395],[-115.69952609015449,45.57563785755826],[-115.69915233983167,45.57436678749092],[-115.69944262787473,45.56417402663066],[-115.69877673736153,45.5622211665361],[-115.69410071541711,45.556914166557995],[-115.68854597353862,45.55279504676224],[-115.68608812281359,45.55151026689643],[-115.68058737122998,45.548833177213034],[-115.67658807020935,45.547549917497285],[-115.6738917795616,45.54688991770572],[-115.67028964879067,45.5464870080233],[-115.65457009592038,45.547239999614426],[-115.65742635892671,45.55970494035642],[-115.6602795995601,45.5601377601141],[-115.6746983339671,45.56843880938882],[-115.6712718941415,45.57265467006698],[-115.67029315430003,45.57440927030564],[-115.66840476477023,45.57862608083408],[-115.66835159508724,45.5802825709746],[-115.6675460550673,45.58096491110884],[-115.6669589951181,45.58179276123366],[-115.66584221487098,45.58162741132893],[-115.66474418473088,45.58198589146517],[-115.66407400490063,45.58349657165389],[-115.66310954493098,45.58458759183697],[-115.66298157503851,45.585256501904084],[-115.65994106611508,45.59365749288654],[-115.67068618006107,45.603171062615814],[-115.6695148702609,45.60531770290515],[-115.6682314802584,45.60655098313092],[-115.6675355301843,45.60685217322337],[-115.66674612004664,45.60692292330608],[-115.66538102996931,45.607857163515476],[-115.66448515056291,45.611725473918426],[-115.66378680055955,45.61238626404043],[-115.6630239806248,45.61345578420213],[-115.65948526068397,45.61718849485174],[-115.65717625062658,45.619139395236175],[-115.65449981048282,45.621010415649835],[-115.65270272049732,45.62282725597336],[-115.65003789033292,45.624582996376574],[-115.64958734036307,45.625172266468574],[-115.64792754031866,45.626558566743654],[-115.6455483201478,45.62800453709369],[-115.63907530928407,45.62992658788202],[-115.6296558377169,45.631159608901534],[-115.6249464170649,45.632440909465565],[-115.62337984701816,45.63372547972327],[-115.62117546689258,45.63523147006127],[-115.62021797701748,45.636790930282025],[-115.61944628699881,45.63744554041078],[-115.61810832681662,45.63782524057231],[-115.61689464672635,45.63854789074973],[-115.61629997664603,45.63871999082179],[-115.61417229630517,45.63906583105762],[-115.61363334615403,45.638826591090634],[-115.61303912603577,45.63880670114702],[-115.61200241588926,45.63907424126997],[-115.61077355575092,45.63956918143031],[-115.60924955570518,45.64081795168097],[-115.60746840553433,45.64168517192556],[-115.6073366751098,45.63967196177401],[-115.6077179247195,45.637333021545764],[-115.60750220442675,45.63606569146325],[-115.60702112404648,45.63461428139167],[-115.60698342362666,45.6325326212252],[-115.60647289340604,45.631914911224555],[-115.60519104313181,45.631776191338254],[-115.6054778530909,45.63129121127064],[-115.60526428301363,45.63110859127651],[-115.55552283258697,45.62683255577653],[-115.5565434125369,45.625586395575],[-115.55787072266226,45.62492764539167],[-115.55990754303154,45.62481034518354],[-115.56179523340671,45.624868285004325],[-115.56288498342971,45.62392386482078],[-115.56438892353803,45.62300752459916],[-115.5674683939211,45.62194556421206],[-115.57105792427227,45.62022609372142],[-115.57456766444989,45.617708303173224],[-115.57832998449558,45.61427749252571],[-115.57996237462811,45.61335839229144],[-115.580464994566,45.61255555217673],[-115.58050488452055,45.61228684215082],[-115.580833914533,45.6120295220977],[-115.58092514446162,45.61157987205201],[-115.58141974441047,45.61084009194323],[-115.58146744436601,45.61056865191636],[-115.5839505744645,45.60864968151735],[-115.5842683244428,45.60823052145204],[-115.58429650439231,45.60794808142619],[-115.5846567144135,45.60770450137114],[-115.58490441435825,45.607183771304356],[-115.5855697544138,45.60681721120956],[-115.5857010542791,45.60600833113052],[-115.58543280413576,45.605544451118696],[-115.58559798409495,45.6051771810725],[-115.5858295140723,45.60483743102216],[-115.58689073411635,45.60402712085242],[-115.58611360393893,45.603886150916615],[-115.58534506371099,45.603481900958364],[-115.58484132359489,45.60338519099954],[-115.58404589333254,45.6028328010318],[-115.58349496296711,45.60152105097805],[-115.58221368244573,45.60013144098905],[-115.58183087210902,45.59880073091736],[-115.58271891194201,45.59709064069078],[-115.5822922516554,45.59605607064758],[-115.58160417129832,45.59491964062148],[-115.58086365078545,45.59304537054006],[-115.57919081026618,45.592047340621185],[-115.57782439994959,45.59177654073203],[-115.57685692967964,45.59135274079154],[-115.57657149939104,45.59017025072241],[-115.5765810392824,45.58961078067564],[-115.57604394905317,45.58897369067573],[-115.57609639895658,45.58843348062635],[-115.57554778871376,45.58773877062282],[-115.57557767855704,45.58691604055244],[-115.57599897842377,45.585830610422455],[-115.57607136830451,45.585156040360104],[-115.57527679800943,45.58443628037847],[-115.57520338794434,45.58417836036445],[-115.57458067768346,45.583464340366554],[-115.57465657759145,45.58292417031487],[-115.57451688750659,45.58263050030443],[-115.57281736696713,45.58155555038168],[-115.57237876671145,45.58068821035324],[-115.57042914613896,45.57968963046112],[-115.56954269596206,45.5796580805448],[-115.56895511571665,45.578987970547026],[-115.56796748549856,45.57884654063156],[-115.56758255532039,45.57831936062578],[-115.56628327499564,45.57794156072121],[-115.56532565462426,45.57699384073666],[-115.5643270941264,45.575445410706834],[-115.56357897388202,45.57493682073786],[-115.56275504371928,45.57491629081638],[-115.56096111322924,45.574183830930835],[-115.55955882297928,45.57428575107561],[-115.55921324302463,45.574852901155786],[-115.55894748298583,45.5749155411868],[-115.55810452279071,45.5747495812552],[-115.55784050265102,45.57429936124393],[-115.55699045241454,45.57393043129638],[-115.5561339623218,45.57429650140974],[-115.55499796208044,45.57418214151088],[-115.55421011187265,45.57389832156426],[-115.55268394131741,45.572573781604014],[-115.5506641307616,45.57172833173112],[-115.54882552037215,45.57154961189533],[-115.54607866972083,45.57093045211172],[-115.54529118949797,45.570569772158656],[-115.54489806935341,45.570220762168255],[-115.54427826917592,45.569926202204314],[-115.54397526903257,45.56949507219839],[-115.54359165879895,45.56868531216921],[-115.54355787871891,45.56831226214185],[-115.54316612850272,45.56759848212131],[-115.54275338836088,45.567282342135506],[-115.54223265812733,45.56660672213066],[-115.54175686800521,45.56645227216423],[-115.54165621793923,45.56621623215461],[-115.54146522788459,45.56612538216572],[-115.54113689763253,45.56516761211895],[-115.5406893574677,45.564769122129796],[-115.53997584707052,45.563451372090846],[-115.53941778694873,45.56337905213922],[-115.53870468673756,45.56300475217777],[-115.53766306649268,45.56278068226066],[-115.53608831605356,45.56209212235725],[-115.5356331058835,45.56167439236714],[-115.5352118857795,45.561558422398605],[-115.53542136568804,45.56088961232321],[-115.53533976565178,45.56078524232261],[-115.5344445755373,45.56107977243387],[-115.53488316555388,45.560735022362884],[-115.53404052535718,45.56056066243046],[-115.53454555538336,45.56019958235167],[-115.53338198516518,45.56023032246733],[-115.53364845516634,45.55997575242053],[-115.53362940513836,45.55985230241223],[-115.53267087485712,45.55936231246516],[-115.53152697443798,45.55835361249344],[-115.52960288364396,45.55620522250384],[-115.52964010354577,45.555670482456236],[-115.52909081338193,45.55537597248541],[-115.52861335328448,45.55534854252958],[-115.52861240320145,45.5549280124951],[-115.52845366310494,45.55459310248299],[-115.52746097277547,45.55389182252183],[-115.52677362246345,45.552979942513595],[-115.52675691212704,45.55128772237603],[-115.52548259138955,45.548789462294394],[-115.5254836713363,45.548517942271936],[-115.52578248128759,45.5479782321985],[-115.52614332127148,45.5475428521276],[-115.52690922137616,45.54732493203523],[-115.52715626136775,45.54704017198779],[-115.52799973151166,45.54694581189806],[-115.52861183147003,45.546135171771894],[-115.5298403115615,45.54539702159177],[-115.53051879152892,45.54456730145762],[-115.53101959156464,45.54425834138349],[-115.53086596140868,45.543616271345634],[-115.53167268142728,45.54292118121003],[-115.53147179128382,45.542388731185774],[-115.53178375115942,45.54145134107834],[-115.531381420901,45.54053180104173],[-115.53174009079163,45.539624680932285],[-115.53204999077052,45.53921387086838],[-115.53251914081893,45.539000830805236],[-115.53355333101968,45.539008260705344],[-115.53405472102153,45.53852650061703],[-115.53505144113406,45.53812246048691],[-115.53685436148687,45.53815049031405],[-115.53814563155748,45.53724506011411],[-115.53820882153033,45.53704497009149],[-115.53807339144376,45.53673754007941],[-115.53818132133019,45.536054830012716],[-115.53849490131844,45.53568788995206],[-115.53936338137386,45.535119019820876],[-115.53958291115778,45.53380569969151],[-115.53923709101286,45.53340738969233],[-115.5377123706625,45.53311935981672],[-115.53755389055318,45.53271863979919],[-115.53765719047709,45.53223064974899],[-115.53837219056817,45.531993349660034],[-115.53928450058079,45.5311640095031],[-115.53982578053854,45.530418999389276],[-115.54048369054034,45.5297839092731],[-115.5406413504872,45.5293590892228],[-115.54031271026366,45.52854392918763],[-115.5399466001574,45.52836224920828],[-115.53936119005093,45.52839409926773],[-115.53795507985345,45.528767259435064],[-115.53731526972405,45.52873590949459],[-115.53697649962193,45.52854877951212],[-115.53691164953233,45.528156469486085],[-115.53759920941862,45.52690435931626],[-115.53757392930756,45.52636400927423],[-115.53772034922855,45.52581849921512],[-115.53603043872339,45.52490481930403],[-115.53557140856414,45.524544679318964],[-115.5350978583461,45.52389927931184],[-115.53516164828781,45.52354011927604],[-115.53560104824756,45.522904639181085],[-115.53577457818508,45.52241677912405],[-115.53623282818135,45.521948639041014],[-115.53652736793582,45.520410568885794],[-115.5369118179001,45.51985178880245],[-115.5371602878079,45.51913915871963],[-115.53761053781129,45.51871487864098],[-115.53802346547621,45.50642040758838],[-115.53816438547707,45.50628627756366],[-115.53789949540815,45.50619528758188],[-115.53785406532778,45.505830427556184],[-115.53810097531354,45.50551547750632],[-115.53911278542367,45.50508399737254],[-115.53935202540036,45.50473063732024],[-115.53813724505565,45.50416616739161],[-115.53776544484666,45.50346610737004],[-115.53694329464659,45.503253407432275],[-115.53683099458293,45.50303927742551],[-115.536410544462,45.50283553744957],[-115.53616637433517,45.502429177439765],[-115.53620296426526,45.5020370474039],[-115.53594620418185,45.50186378741454],[-115.53575435398173,45.50103240736468],[-115.53551789386184,45.5006534873564],[-115.54273873515324,45.500148346614026],[-115.54300455517165,45.499981516574465],[-115.54324455513996,45.49958442651849],[-115.54436525545512,45.50009091645149],[-115.54667464586772,45.4999277162139],[-115.54736285590094,45.49942153610541],[-115.54758692584726,45.49892825604303],[-115.54761193576331,45.49847576600334],[-115.54746481567626,45.49817655599298],[-115.54724297560874,45.498050006004064],[-115.54602735531287,45.4977352060961],[-115.54552892517586,45.49752587612719],[-115.54521419505272,45.49720717613152],[-115.5450684548917,45.4965294860898],[-115.54544891484673,45.49592677600325],[-115.54637995508013,45.496202685935636],[-115.54685581516651,45.496176105887265],[-115.54744168522949,45.49592206580946],[-115.5477049851694,45.49535754573746],[-115.54878489539378,45.49544171563958],[-115.54972930553771,45.49524863553201],[-115.55138464596939,45.495824715418856],[-115.55229682616468,45.495925015338585],[-115.55359308654701,45.49660192526855],[-115.55490755678595,45.49653010513511],[-115.55605142693493,45.496167264994185],[-115.55641118694778,45.49587988493563],[-115.55651013688345,45.495454944891016],[-115.55633997676887,45.495037774873175],[-115.55640977658109,45.49401214478191],[-115.55629378650167,45.49372123476923],[-115.55801708685117,45.49381188460948],[-115.55894735713109,45.49432630456156],[-115.55934895721178,45.494343424524],[-115.56137750755761,45.49411637430848],[-115.56279656785428,45.494236624180694],[-115.56369871794799,45.493829434059585],[-115.56596929808757,45.49231365371445],[-115.56634229800503,45.49152710361352],[-115.56615379781375,45.490736923566715],[-115.56627280771406,45.490111793503694],[-115.57056410913664,45.49315465333779],[-115.57067340915067,45.49311917332425],[-115.57075621910963,45.49282858329234],[-115.57060912901399,45.492485523278326],[-115.5710553589951,45.49195140319106],[-115.57116299886951,45.491205563119244],[-115.5713861988544,45.49090970307324],[-115.57143035878383,45.49050660303573],[-115.57194167885062,45.490345582972864],[-115.57195090876309,45.4898903129345],[-115.57167950861452,45.48939896292038],[-115.57195354859894,45.489051072865145],[-115.57191225849148,45.488543622827386],[-115.572950948597,45.488062512686994],[-115.57346285862515,45.487704012607786],[-115.57351423859146,45.48748193258451],[-115.57427881871673,45.48737065250118],[-115.57477517873815,45.48699292242194],[-115.57492497866318,45.486463822363866],[-115.57489506857571,45.486046892332396],[-115.57414544824891,45.485115992328474],[-115.57368239810165,45.48481908234896],[-115.57348094798107,45.48440189233416],[-115.57400396780005,45.48296555216516],[-115.57491704792815,45.48272284205658],[-115.57539361796135,45.48242461198578],[-115.57548058790228,45.48203803194551],[-115.57518664769508,45.48126965191076],[-115.5755773177198,45.481012431851696],[-115.5759301976604,45.48036295176397],[-115.57634068766689,45.47999331169369],[-115.57699567779143,45.479986071629554],[-115.57833136789553,45.479206411435804],[-115.57879564796187,45.47908917138112],[-115.578839477909,45.47877657135115],[-115.5791605078832,45.47833000128322],[-115.57990986797218,45.47804861118737],[-115.58028173794436,45.47754177110954],[-115.58101528804373,45.47732892102084],[-115.58119522803753,45.47712074098628],[-115.58111110791327,45.476569340949034],[-115.57967565743851,45.475555201004774],[-115.57927554726949,45.47508561100487],[-115.57823966700121,45.474733021076325],[-115.57584382643921,45.47421655126613],[-115.57575842639964,45.47409848126469],[-115.57713923661136,45.47382355110815],[-115.57774432667146,45.4735364810258],[-115.57901962662535,45.47204912077961],[-115.57913725660286,45.47181891074926],[-115.57905320647596,45.47125380071084],[-115.57974514647924,45.47059110058919],[-115.57975388641967,45.470278450562574],[-115.58050687651955,45.470049180470625],[-115.58089754653676,45.46975354040841],[-115.58131407639677,45.468629670275476],[-115.58235388639874,45.46761914009137],[-115.58231206632087,45.467262540066095],[-115.5829795063882,45.46695083997569],[-115.58339432635681,45.46638370988872],[-115.58453487641373,45.46555432970983],[-115.58483259637013,45.46503913963848],[-115.58573372648992,45.46476615952865],[-115.58660294665295,45.46474544944265],[-115.58840058693947,45.46444354924345],[-115.58948218701022,45.46374293908091],[-115.5901370971277,45.46369995901388],[-115.59051993713909,45.46338234895058],[-115.59076313707793,45.46283140888163],[-115.59236098739147,45.46286376872936],[-115.59316546743246,45.46228341860354],[-115.5932596074082,45.46206687857659],[-115.5929556273486,45.46206097860556],[-115.59291311731516,45.46193201859908],[-115.59357837725099,45.46095104845378],[-115.59504453719816,45.459241608170835],[-115.59525621715031,45.45878935811309],[-115.59526983701869,45.458103708055255],[-115.5954504369616,45.45763495799916],[-115.59686086696522,45.45626824774986],[-115.59924667707332,45.45447768737114],[-115.5998101770084,45.45359254724356],[-115.60107931705187,45.45256843703618],[-115.60185141715964,45.452360986944235],[-115.603721647534,45.45243741676925],[-115.60728804814879,45.45207710639385],[-115.6088926185256,45.452427386267146],[-115.61017473876365,45.452385066139335],[-115.6132048694689,45.45301401589738],[-115.61371139957062,45.45303655585017],[-115.61438990966192,45.452837135767965],[-115.61661509975335,45.45112008541087],[-115.61768422983658,45.45049598525585],[-115.61825907977381,45.449610755127274],[-115.6187237397805,45.4491889150475],[-115.61996821989152,45.448534824873],[-115.62086885001806,45.44829722476615],[-115.62186404006987,45.447585234611054],[-115.62336983020323,45.44678878439953],[-115.6237292501881,45.446358574329274],[-115.6240583500909,45.44553887422989],[-115.62449158010875,45.445204744160385],[-115.62549794020028,45.444684724020036],[-115.62646424038176,45.44466381392467],[-115.62712710046303,45.444428653841044],[-115.62755257047398,45.44406707377006],[-115.62785835036165,45.44319248366841],[-115.628369520388,45.4428255135887],[-115.62957877048423,45.442130133414224],[-115.63068544067757,45.44203254329893],[-115.6319483508635,45.44174311315269],[-115.6339074109262,45.44014064283092],[-115.6349675510854,45.439914052709554],[-115.63730461157903,45.44014399250194],[-115.63903508184072,45.43978363230455],[-115.6407845321549,45.43967284212585],[-115.64295952245737,45.43908519186668],[-115.64366865258344,45.439033741793715],[-115.64460730278795,45.43915801171297],[-115.64532821290659,45.4390571916348],[-115.6485773830957,45.436835771137105],[-115.64990114300188,45.43505693086248],[-115.65074727307378,45.43459414074235],[-115.65103871321126,45.435011280748455],[-115.65144386328696,45.43500065070829],[-115.65155714327437,45.434825220682875],[-115.65150321319533,45.43447411065922],[-115.65164856308546,45.43376937058716],[-115.65204969317377,45.43382730055307],[-115.65255142335862,45.434280270541656],[-115.6531240334718,45.43429720048757],[-115.65331080353177,45.43442078047964],[-115.65328297359079,45.43474987050942],[-115.65281438363004,45.43541046060916],[-115.65288422367615,45.435577830616154],[-115.65379730367509,45.434676250453485],[-115.65430397374342,45.43452856039222],[-115.6543269037993,45.43479188041171],[-115.6537683838604,45.43565261053665],[-115.6538850839027,45.435754190533665],[-115.65484048397089,45.435165300392605],[-115.65581441408735,45.43480543026859],[-115.65623708405676,45.43423431018069],[-115.65661262419482,45.43457177017202],[-115.65690191418408,45.434233120116126],[-115.65725808426735,45.4343093200879],[-115.65786073426287,45.433695299978964],[-115.65828868429492,45.433439289916464],[-115.6608623145447,45.43219127956433],[-115.66243494473908,45.43164260936679],[-115.66331117481027,45.43114708924116],[-115.66384998498464,45.431510199218756],[-115.66446768532191,45.43262920925093],[-115.66512375553197,45.433059909222735],[-115.66589307588302,45.434100659233735],[-115.66838321655895,45.43511462907568],[-115.67067790693869,45.434805988827904],[-115.67561016794066,45.43509254837332],[-115.67945998877532,45.43558558804058],[-115.68341012976373,45.43676629775457],[-115.68594669045639,45.43782108759528],[-115.68765482101823,45.43901889752803],[-115.68953841168704,45.44059178747451],[-115.69146671223848,45.44152073736378],[-115.69336285282418,45.442655937273095],[-115.69616991354853,45.44360777707896],[-115.69902420407686,45.4435120967943],[-115.70389353512535,45.44410089637031],[-115.70674295562691,45.44387347607521],[-115.71199523673508,45.44439334560836],[-115.71671889776212,45.4450168152013],[-115.71763501791995,45.444926215104985],[-115.71873137821545,45.44536293503441],[-115.72122719874046,45.44560237481193],[-115.72317183894711,45.44475547455383],[-115.72554908931164,45.44429167428512],[-115.72638737932431,45.443536414141875],[-115.72732190942894,45.443156624020126],[-115.7283752096269,45.44313726391633],[-115.7394473321568,45.445229573013485],[-115.74346543287258,45.44495645260123],[-115.74443164307749,45.445058042515775],[-115.75038465412935,45.44461060190144],[-115.75304343467292,45.44478759165791],[-115.75411518497587,45.44528681159483],[-115.7564695957011,45.44668921148112],[-115.7578567860748,45.44724148139172],[-115.75929808642574,45.44762502128319],[-115.7599429569854,45.44985146140286],[-115.76074825724851,45.450407991370206],[-115.76189634750689,45.45060524127496],[-115.76464087823264,45.451629021092266],[-115.7676543089619,45.45240794086349],[-115.76985005968956,45.45397707077867],[-115.77224903040329,45.455276890652044],[-115.77352913087401,45.456428430621955],[-115.77359403102291,45.45712473067256],[-115.7745367313566,45.45790701064499],[-115.77539823162356,45.45842791060395],[-115.7759245918302,45.45896808059697],[-115.77675476201962,45.45912421052917],[-115.77732799226959,45.459839890531995],[-115.77816616253209,45.46036078049314],[-115.77875497277057,45.46100240048841],[-115.78192032363195,45.46230701028764],[-115.78286368387637,45.462633110222676],[-115.78374457407111,45.46276722014804],[-115.78450105433467,45.46337311012411],[-115.78554590463725,45.4638966200654],[-115.78834840523115,45.46419186981724],[-115.78903470545758,45.46467707979024],[-115.79034054575138,45.46490149968173],[-115.79130357602584,45.4653619096258],[-115.79166215609496,45.46536450959114],[-115.79235223628011,45.46563576954629],[-115.79257454635815,45.46581669953947],[-115.79405196669762,45.46610683941964],[-115.79481248695869,45.46669619939388],[-115.79542073712716,45.4669619793565],[-115.79652796740555,45.46730160927666],[-115.79720998751651,45.46720257920231],[-115.7975999176271,45.467386169179406],[-115.7979783477807,45.467800149176455],[-115.79977955822288,45.46829850904215],[-115.8010423984556,45.46825404891579],[-115.80312801891661,45.46857120873905],[-115.80340079895363,45.46849428870628],[-115.80322506885283,45.46815153869536],[-115.8032990188438,45.46803356867852],[-115.80430457902406,45.46797273857585],[-115.80501026919713,45.468167118523134],[-115.80652256947751,45.46812247837255],[-115.80814852989906,45.46868661826058],[-115.80934123012153,45.46865855814243],[-115.8117957903999,45.46768632782457],[-115.81313249061704,45.46749084767872],[-115.81597303100779,45.46671576733946],[-115.81782408130483,45.46642667713596],[-115.81932883163097,45.46662322700578],[-115.82043963183719,45.466592356895354],[-115.82204567217455,45.466747656751956],[-115.82328116239866,45.4666865166269],[-115.82511240265033,45.46618613640809],[-115.8269567331096,45.466730666273314],[-115.83005541370395,45.4667421959731],[-115.83194999410703,45.46695200580609],[-115.83255386418621,45.46676780573242],[-115.83285036427887,45.46695134571852],[-115.83454590460848,45.46698024555611],[-115.83698114496832,45.46644356527568],[-115.8374521949866,45.46607842520008],[-115.8383952651472,45.4659789551003],[-115.83909626520992,45.46561636500267],[-115.83978199531114,45.46546497492363],[-115.84028799532378,45.46503671483957],[-115.84363793573051,45.46384914441716],[-115.84423735575224,45.46337690432045],[-115.8447710458239,45.463222864255975],[-115.8460379360915,45.463353434143514],[-115.84669619616975,45.463111514059804],[-115.84760036633901,45.46309428397056],[-115.84828595642944,45.462887983887114],[-115.84865244651385,45.462961713857496],[-115.84890157652801,45.4627914538194],[-115.8499303067033,45.46268357371061],[-115.85058468678668,45.46247180362979],[-115.85093110680377,45.46222191357572],[-115.85169520697322,45.46234190351126],[-115.852528827087,45.46211076341137],[-115.8544462174409,45.462048653219966],[-115.85516684753853,45.46184502313334],[-115.8559306676777,45.461811403056366],[-115.85684194777888,45.461440282937545],[-115.85802706803935,45.46161467283662],[-115.85854520811768,45.4615099527777],[-115.8603847784723,45.461527362600314],[-115.86187271867311,45.46110352242117],[-115.86299764875253,45.46041399225565],[-115.86447077903014,45.46039605211101],[-115.86691351941728,45.45999311184076],[-115.86945412986772,45.45981765157955],[-115.87192027026622,45.459450241309895],[-115.87331920051885,45.45937741116803],[-115.87729848130094,45.45949366079066],[-115.87863221163208,45.45988434069285],[-115.87915131179672,45.46021835066961],[-115.88148255230014,45.4605173404673],[-115.88441646279996,45.460212190157286],[-115.88480952282907,45.459978600100065],[-115.88719828326536,45.45987971985981],[-115.88803842329294,45.45920400972314],[-115.88847487337394,45.459192499679745],[-115.8891459235599,45.459487879638566],[-115.88957464364428,45.45950106959796],[-115.88982074373695,45.459733889593004],[-115.89051099390343,45.45991129954032],[-115.89097557405593,45.46023708952166],[-115.89213742431387,45.460422139423784],[-115.89431177470438,45.460298699202376],[-115.89563331498512,45.460445099085824],[-115.89725826527952,45.4603661989214],[-115.8983056254052,45.45998908878885],[-115.89874894541747,45.45962098871586],[-115.89909565547326,45.45956841867783],[-115.89998079567734,45.459748268606425],[-115.90186714604462,45.45978687842616],[-115.90384946632516,45.45929051819305],[-115.90540087664422,45.45940907805188],[-115.90912134726092,45.45893764765181],[-115.9141204181479,45.45860137713841],[-115.91518522841142,45.45890974705993],[-115.9157774885171,45.45887321699938],[-115.91756327891616,45.45917227685008],[-115.9180307589938,45.45911398679986],[-115.91975841940229,45.45951731666463],[-115.92102476962873,45.45944135653532],[-115.92161814980678,45.45977231650456],[-115.92285826009392,45.46003097640498],[-115.92588340072655,45.460317036134064],[-115.9270515808869,45.45999980599468],[-115.92798785112365,45.46029728592778],[-115.92904797133019,45.46032029582653],[-115.93022026150527,45.46007433569259],[-115.93066757153754,45.4598048456272],[-115.93236558178948,45.45944009543241],[-115.93301153185364,45.45914010534519],[-115.93343645194197,45.459177815306944],[-115.93426585205825,45.45896527520901],[-115.93604814224263,45.458175224971534],[-115.93813573256695,45.45780151473814],[-115.93966931275033,45.45724771454403],[-115.94093662294242,45.45699665440041],[-115.94430665308023,45.454429253864134],[-115.94498636333306,45.45505775384908],[-115.94711294383559,45.455554413682634],[-115.95001902462931,45.45677827349935],[-115.95280006534085,45.457704883304146],[-115.95388996569065,45.458429723256934],[-115.95637725621403,45.45868303303558],[-115.95741385640937,45.45867291293393],[-115.95842855667927,45.45906324286692],[-115.95936738704404,45.46001046285246],[-115.96024267733212,45.46062868281748],[-115.96075192756628,45.461327102824654],[-115.96176048791793,45.462139782792434],[-115.96397519859305,45.46343015268166],[-115.96470893878525,45.463697542632005],[-115.9660070792464,45.464786642594056],[-115.96866286002793,45.46619126244953],[-115.97016823055486,45.46741430240225],[-115.9720752911651,45.46867219231869],[-115.97327811150785,45.46925126224854],[-115.97337903169954,45.47012871230988],[-115.97411909200616,45.470971982306246],[-115.97374719204926,45.47155141238937],[-115.97365523211056,45.47195201243082],[-115.97371195222807,45.472494942469304],[-115.97401100242297,45.47319647249709],[-115.97378030253714,45.47400051258469],[-115.9738204627961,45.4752785026844],[-115.97353695279507,45.475547842733796],[-115.97322902293135,45.47653853284405],[-115.97339511307995,45.4771333628761],[-115.97364567318037,45.477401642873446],[-115.9737414533086,45.47796095290949],[-115.97413989342368,45.47816037288686],[-115.97478730356013,45.47822765282928],[-115.97552814389884,45.47923273283858],[-115.97514763390262,45.47962019290703],[-115.97516866398217,45.480004122936094],[-115.97491294401185,45.48040231299325],[-115.97520158426572,45.48141377304709],[-115.97452770416689,45.48156320312482],[-115.97408063414511,45.4818849831944],[-115.9736045840342,45.48178170323241],[-115.97326187398794,45.481878373273624],[-115.9727503440451,45.48266376338704],[-115.9719041838779,45.48263251346687],[-115.97168873378565,45.48237238346677],[-115.97112660364328,45.48219247350692],[-115.97023543336012,45.48161551354694],[-115.96968563325134,45.481594643598754],[-115.96917179319367,45.48179859366534],[-115.9685501829887,45.48135823369019],[-115.96763408281892,45.48138193378126],[-115.96680647260554,45.481098283838826],[-115.9662231025681,45.48147240392595],[-115.96587803240057,45.480954703917604],[-115.96501820212764,45.48039958395629],[-115.96391819188734,45.480242594050665],[-115.96333163168366,45.47977471406979],[-115.96101370112827,45.479194874248414],[-115.96082954104472,45.47894838424636],[-115.96020528089963,45.478815154296356],[-115.95983354075614,45.47844558430254],[-115.95942349064048,45.47825436432697],[-115.95910388058294,45.47827140435944],[-115.95872267055525,45.47849975441507],[-115.95826244066416,45.479498914540876],[-115.95710766040101,45.47927887463544],[-115.9565766102542,45.479046724668315],[-115.95613613017369,45.479063984712596],[-115.95547141994105,45.47852489473355],[-115.95480406977595,45.47833137478283],[-115.95427795968617,45.478384434838375],[-115.95359154961291,45.47867663492887],[-115.95060714907356,45.47882433523133],[-115.95032744907483,45.47910183528104],[-115.95021986914182,45.479546335327576],[-115.95057718935104,45.48026427535099],[-115.95069228948569,45.48083727538631],[-115.95107635966878,45.481396095394224],[-115.95127697001925,45.48298371550346],[-115.951108000129,45.483705325578406],[-115.95055548008551,45.48401896565765],[-115.95012137992958,45.483646735669716],[-115.94974295984467,45.483581585701266],[-115.9496230298737,45.48384508573431],[-115.94920632982088,45.483980205785834],[-115.94875965983094,45.48446369586853],[-115.94792968970067,45.48460502596081],[-115.947509749685,45.484932136028235],[-115.94763232980432,45.485420106055855],[-115.94750883985213,45.485782346097224],[-115.9478448599559,45.48598471608093],[-115.9478306200293,45.48637145611369],[-115.94803377009006,45.48648354610301],[-115.94822626020708,45.486891856117396],[-115.94849175027753,45.486992866099726],[-115.94856699035607,45.48731910611885],[-115.94890718047525,45.48759551610818],[-115.94901354055537,45.4878997661225],[-115.9494822606904,45.48813205609567],[-115.94954182076158,45.48843638611457],[-115.94980809087482,45.48875406611437],[-115.94950988093039,45.48932505618972],[-115.94980742105339,45.489661876188045],[-115.9496330210796,45.48996386622953],[-115.94975100115761,45.490246146240956],[-115.9496468912026,45.49057544627777],[-115.95009920150402,45.49166895632236],[-115.95011589156762,45.49197609634566],[-115.95031958165762,45.492236286346916],[-115.95034045173774,45.49262296637625],[-115.94942710173196,45.493477536534456],[-115.9482590516103,45.49398971668971],[-115.9479897117621,45.495021406799566],[-115.94825530183584,45.495138876783244],[-115.94858570183928,45.494836606726544],[-115.94976243201012,45.49456575659001],[-115.9503013521558,45.494784216555225],[-115.95049001227319,45.49519801657038],[-115.95104521245922,45.49560568654939],[-115.95157568256658,45.495637656500314],[-115.95207178270675,45.49586989647084],[-115.9525122427797,45.49581425642341],[-115.95502506333473,45.496201926210105],[-115.95547837368224,45.4975285262735],[-115.95554642378973,45.49800836630571],[-115.95535751387156,45.49860659637263],[-115.9555372639252,45.49870500636305],[-115.95630382397856,45.49823462625029],[-115.95675818396228,45.497712696163724],[-115.95718686402755,45.497629636115285],[-115.95747454403421,45.497385016067376],[-115.95835925417322,45.497235285969104],[-115.95876520427038,45.49733601593773],[-115.95918503427889,45.49697321586744],[-115.95967301439865,45.497109445830944],[-115.96012094445518,45.49696325577548],[-115.96042224456643,45.497236955768344],[-115.9614531248326,45.49759157569666],[-115.96160813501491,45.49836745574441],[-115.9626723953998,45.49929246571568],[-115.9627800555434,45.4999175757558],[-115.96299092559752,45.499988485741],[-115.96338294577737,45.50052255574608],[-115.96372693588386,45.5007303457294],[-115.96379204603669,45.50144330578084],[-115.96504361645826,45.50237342573421],[-115.96658868678377,45.50253228559654],[-115.96738003691475,45.50243203551133],[-115.9685326470408,45.501958095360656],[-115.96934065703226,45.501133745215235],[-115.96976138708847,45.50101225516438],[-115.97071299726926,45.50101040507153],[-115.9719275475822,45.501424914986764],[-115.97348000827647,45.503448644999374],[-115.9748851785975,45.50372012488441],[-115.97529224874616,45.504081344874],[-115.97563766891992,45.5046291748847],[-115.97626337912094,45.50504480485739],[-115.9766381692094,45.50513181482788],[-115.97754183932274,45.5048338047157],[-115.97758105972098,45.506816624872386],[-115.97675711970929,45.50755329501227],[-115.9744046100079,45.511340035547974],[-115.97322498989837,45.51192379571018],[-115.97205065025008,45.51484148606073],[-115.97249215056326,45.516003486111735],[-115.972083570927,45.518242246332704],[-115.97189185144836,45.52107024658016],[-115.9725900221562,45.52398425674784],[-115.97392061319009,45.527939196937936],[-115.97459052402935,45.53154437716414],[-115.97428140412168,45.53231017725617],[-115.97457247467737,45.53484374743261],[-115.97453457491876,45.536102677538075],[-115.97433497504555,45.53693681762498],[-115.97359053514457,45.53815599779615],[-115.97340926541126,45.539681237937096],[-115.9731150854762,45.54029341801529],[-115.97240387549051,45.54105176814592],[-115.97151567540412,45.54147037826641],[-115.97204898641317,45.54606316858556],[-115.97292580670556,45.54669772855131],[-115.97361333686447,45.54683898849561],[-115.97458315713929,45.54729507843782],[-115.9754263473039,45.54731533835722],[-115.97611507752153,45.54775277832534],[-115.97697255762382,45.547443898216756],[-115.97775351778739,45.547519118146596],[-115.97881374810817,45.54812034809168],[-115.97926849828995,45.54860212808625],[-115.98015920849559,45.54878406801404],[-115.98055156866768,45.54927693801551],[-115.9809783089982,45.5505376580757],[-115.98155972928654,45.55143603809153],[-115.9818034396013,45.552793118177334],[-115.98253217024036,45.555323018310496],[-115.98300385048401,45.556100948327234],[-115.98428531077529,45.55633964822141],[-115.9849363008534,45.556107928139184],[-115.985498910982,45.55621645809301],[-115.98758701190556,45.5588751381038],[-115.98798066213223,45.55964223812729],[-115.98923065240179,45.559801418018075],[-115.98940388250193,45.56014112802857],[-115.98412948150249,45.56016586854551],[-115.98075783074674,45.55959136882826],[-115.97930513045164,45.5594983289626],[-115.96830433840657,45.55975320005704],[-115.96323391749445,45.56002615057402],[-115.96116169714593,45.56026042079523],[-115.9578580968974,45.56218634127327],[-115.95494180635352,45.56224652156278],[-115.95236081627705,45.56434649198442],[-115.95153740635912,45.56555470216245],[-115.95144601646922,45.566199372223466],[-115.95102702653934,45.56695706232558],[-115.95090435664189,45.56759356238897],[-115.95106656678999,45.568185672420995],[-115.95103681686678,45.5686025924576],[-115.95069673699749,45.56959052257064],[-115.95027758706051,45.57031256266987],[-115.94988811704283,45.570598482731],[-115.94851268672954,45.57034036284441],[-115.9466756264994,45.5709469430728],[-115.94644415661544,45.571756403160784],[-115.94690347706117,45.57356570326216],[-115.94777146772535,45.5760846133809],[-115.94923209844372,45.578306273417695],[-115.94971768861,45.57867840340034],[-115.94995326872436,45.579029043405626],[-115.95012936899468,45.580224493484984],[-115.9503025791037,45.58060814349905],[-115.9513841995132,45.581634683476324],[-115.95177550962893,45.581842423454866],[-115.95237153987271,45.58249957344971],[-115.95302932008703,45.58294817342172],[-115.95356366036204,45.583822093440084],[-115.95455055069324,45.58454434340196],[-115.95497451088907,45.58512500340746],[-115.95605522124033,45.58585804336104],[-115.9564166914238,45.58643607337239],[-115.95654584167221,45.587565773450926],[-115.95723730201907,45.58865056347098],[-115.95834879234519,45.58922720340888],[-115.96391394375341,45.59098027300661],[-115.96624305424643,45.591228162799034],[-115.96663486438185,45.59153458278542],[-115.96718221450993,45.591654202741616],[-115.96791821473252,45.59206966270321],[-115.96997908523706,45.59263338254729],[-115.97065279545654,45.59309281251848],[-115.97190461578377,45.59354015243221],[-115.97460862633491,45.593721302182566],[-115.97751394702598,45.594414851954525],[-115.97862544733742,45.5949172418864],[-115.9800512977956,45.59585779182286],[-115.98141344818242,45.5964995217415],[-115.98406943884832,45.59730585154685],[-115.98579118930782,45.59796872143193],[-115.98710408956819,45.598020831307814],[-115.98827787987398,45.598435231226446],[-115.98951296031548,45.59947480118947],[-115.99153856114614,45.60171665117204],[-115.99266342188186,45.604344351273696],[-115.99254791229703,45.606546871462335],[-115.99396956325265,45.60999669160108],[-115.99556687369339,45.61068436150022],[-115.99799359441785,45.612005001369205],[-115.99965304473108,45.61199088120575],[-116.00018619476779,45.6116643111273],[-116.00144292493796,45.61131597097633],[-116.005412506519,45.61547029092237],[-116.0052585667643,45.616852881048644],[-116.00570069687119,45.61696707101453],[-116.00639452709453,45.6174262509836],[-116.00776826744215,45.617859200884034],[-116.00984053801697,45.618766310754275],[-116.01275490871684,45.619496040527785],[-116.01289259878116,45.61968770052971],[-116.01314031922335,45.62167547066533],[-116.0136147493778,45.621997990644815],[-116.01403609959084,45.62266619065732],[-116.01484940975996,45.62273834058351],[-116.01533690980841,45.62251506051788],[-116.01618065994906,45.622414360427186],[-116.01801525037901,45.62282037028029],[-116.01786161044544,45.623301720334005],[-116.01877686090822,45.624753090361125],[-116.01883518098563,45.62508662038221],[-116.01872834101341,45.62532873041211],[-116.01768850101118,45.626313440593044],[-116.01674937095716,45.62694095073542],[-116.01606179100543,45.627842120875115],[-116.01385579085635,45.62920483120057],[-116.01083703073716,45.63149635168023],[-116.01053115075938,45.63190077174273],[-116.0103674008389,45.63245741180345],[-116.01056647094698,45.63281016181237],[-116.01103683108569,45.63305725178614],[-116.00946248137832,45.636035662179665],[-116.017730374072,45.64166061182204],[-116.01641133392464,45.64218204199308],[-116.01600781397788,45.64283571208512],[-116.01598138417647,45.643858742169876],[-116.01414700380127,45.6437286423391],[-116.01337738368179,45.64386481242535],[-116.0127454236229,45.64417344251205],[-116.01210456351697,45.644254462581344],[-116.01157395346472,45.64449977265298],[-116.01053869330573,45.64469139276978],[-116.0098296732824,45.64525249288431],[-116.0090425033377,45.64628357304419],[-116.00818764330533,45.64693888318057],[-116.00767536319611,45.64688043322606],[-116.00655852289722,45.646447453300624],[-116.00204395159054,45.6442032135624],[-116.0009674213281,45.64391489364467],[-116.00051258118431,45.643627933666096],[-115.99844899065457,45.64294136381301],[-115.99724344036645,45.642647803907465],[-115.99614542000981,45.641906973955365],[-115.99386457951077,45.64158281415262],[-115.99080400896548,45.64177311446755],[-115.9892128888529,45.64273089470037],[-115.98815117873397,45.643149994838],[-115.98672101868688,45.644282925069106],[-115.98488713888993,45.64705945547193],[-115.98373204878109,45.64761858562999],[-115.98286111866571,45.64787269573573],[-115.98128234841126,45.64810630590911],[-115.97981155810534,45.64797766604278],[-115.9770326276379,45.64829043634],[-115.97617015736462,45.647743666380485],[-115.97313839672017,45.64740961665047],[-115.9730851963962,45.64583275652881],[-115.97198976615724,45.645681336623866],[-115.9713364262119,45.64658216676028],[-115.97062026604512,45.64642998681817],[-115.9700106259466,45.646518936885016],[-115.96880421561006,45.64598373696006],[-115.9669576352063,45.6457240171199],[-115.96616464509471,45.645922997213546],[-115.96360363481634,45.64697825754922],[-115.96277488466954,45.64703467763484],[-115.96171230431287,45.64626053767659],[-115.96136651415749,45.6458114076743],[-115.96114465396253,45.64504390763424],[-115.96164236391101,45.64430797752627],[-115.96222925363254,45.64234595731088],[-115.96219615353023,45.64186333727525],[-115.96188212340503,45.64153481727957],[-115.96152180330368,45.641370947301624],[-115.96050517310586,45.64135090739949],[-115.96019128298715,45.64105529740645],[-115.95976841287397,45.64089152743463],[-115.95953068266121,45.64005000739013],[-115.95872150251377,45.6400844174721],[-115.95860627218421,45.638537837358875],[-115.95875311170222,45.63597328713794],[-115.95866807132016,45.63413319699809],[-115.95891373112478,45.63291505687595],[-115.95931652100137,45.631907796755414],[-115.95924644058682,45.62988941659963],[-115.95913453043418,45.62922866655736],[-115.9587406602006,45.62843131653169],[-115.95842048974072,45.62642435640129],[-115.958169419645,45.62618347640647],[-115.95807327950075,45.62555012636485],[-115.95775871934066,45.625046076355005],[-115.95730506924123,45.62498108639413],[-115.955746939021,45.62536789657773],[-115.95302761856438,45.625679976868824],[-115.95032624824145,45.62664743721107],[-115.94999599807171,45.62611048720007],[-115.94919909794622,45.62624353728879],[-115.94843244776976,45.62609130735147],[-115.94765542766754,45.62632303744616],[-115.94693398740436,45.62569076746579],[-115.94645053716026,45.62492643745146],[-115.94612311692742,45.62406859741429],[-115.94614916663598,45.62257659729148],[-115.94597325637862,45.62144971721781],[-115.94636282638085,45.6210870271505],[-115.94699492622017,45.6196707669745],[-115.94680167586368,45.61806122686361],[-115.9466282957501,45.61765562684784],[-115.94633031563886,45.6173818968549],[-115.94568835545783,45.61708681689387],[-115.94434719516332,45.61689166700924],[-115.941670674456,45.61590069719104],[-115.93866881385394,45.61575216747258],[-115.93812394365217,45.61525941748605],[-115.93680963332781,45.61488861758466],[-115.93637042315325,45.61443132759072],[-115.9353059528591,45.61397233765771],[-115.93513306276952,45.61368739765165],[-115.93458491260198,45.613370157679626],[-115.93395926245883,45.613250507731145],[-115.93289644226299,45.61328513783787],[-115.93056967172016,45.61278699802513],[-115.92991176150781,45.6123492480541],[-115.92823736107127,45.611759508170174],[-115.92757871081082,45.61108039817971],[-115.926357250435,45.610361018241065],[-115.92555772013246,45.60960531825818],[-115.92550901000784,45.609023978216015],[-115.92456373935163,45.606625698114705],[-115.92433613874744,45.60379847790868],[-115.92451680859253,45.60284377781389],[-115.92443719848382,45.60237218778356],[-115.9242488783979,45.602120157781656],[-115.92374809825898,45.60190152781291],[-115.92306412811345,45.60182578787364],[-115.91967614768555,45.60292795829368],[-115.91891478757528,45.60310462838237],[-115.91866456751673,45.60305014840242],[-115.9184065672005,45.60170393831885],[-115.91880823697036,45.60015653815459],[-115.91864953677965,45.59934771810478],[-115.91764469627725,45.59778046807626],[-115.91617095567507,45.59616178808945],[-115.91529396537968,45.59551583812294],[-115.9147131450907,45.594617128107025],[-115.91418099493063,45.594321708135084],[-115.91285164459954,45.593931448233434],[-115.91209963432145,45.59325236825198],[-115.91100901406361,45.59300161833823],[-115.90996309393387,45.59335415846887],[-115.90966742396229,45.59378241853241],[-115.90952838404661,45.594342098591234],[-115.90929417401506,45.594408248619466],[-115.90907307380989,45.593585788574565],[-115.9092261636173,45.59246660846908],[-115.90913057347083,45.5918194984261],[-115.90989463350614,45.59126167830641],[-115.91031078345941,45.590624808214265],[-115.91007350321205,45.58960490815497],[-115.91038336308856,45.58868296805014],[-115.91027158289992,45.58783841799282],[-115.91041132286621,45.587533787954506],[-115.91153818321301,45.58819862789823],[-115.91275783351064,45.588525977805574],[-115.91555651443457,45.59049380769134],[-115.91676332491019,45.591731667673535],[-115.91779606520475,45.59222379761243],[-115.91851664546108,45.592823347590524],[-115.91897292575453,45.59386484763011],[-115.91950565595174,45.59434673761701],[-115.92103761628269,45.59454188748315],[-115.92404298718526,45.59620202732365],[-115.92421484721578,45.596190787305964],[-115.92477208723282,45.595740147215125],[-115.92537929720712,45.59502613709814],[-115.92492568709243,45.594884227130976],[-115.92223701626554,45.59330041726565],[-115.9208611159491,45.59302825737804],[-115.92018585560082,45.59192127735457],[-115.91865131509381,45.59084027741709],[-115.91713156453041,45.589460277453995],[-115.9142191935565,45.58735003756778],[-115.91247155311109,45.586784857692784],[-115.9113763327959,45.58624888775634],[-115.91057895260481,45.586052567818335],[-115.90967296244523,45.586119667912264],[-115.9090955423808,45.58635086798732],[-115.90826986239075,45.58719673813639],[-115.9080835424378,45.587613868188264],[-115.90824622264648,45.588510458244926],[-115.90793657278739,45.58952015835681],[-115.90803108297972,45.59040006841871],[-115.90733102294149,45.59088132852602],[-115.90698856296748,45.59134255859674],[-115.90710192327113,45.59276578870075],[-115.90695193340991,45.59361070878375],[-115.90734627374597,45.59492658885162],[-115.9072534037913,45.59524485888639],[-115.90670783378299,45.59572830897882],[-115.90603665370945,45.59600349906658],[-115.90538168368022,45.59648709916966],[-115.9036194433204,45.59636883933227],[-115.90219870314299,45.59684248950929],[-115.90041640274013,45.59652674965787],[-115.89914942240729,45.59606767974448],[-115.89718324194598,45.59563419990147],[-115.89590264176051,45.59593207005066],[-115.89495174175687,45.59683012021615],[-115.89437068142487,45.59571464018267],[-115.89390102126788,45.59537516020109],[-115.89210678083879,45.594938630341005],[-115.88940068010147,45.593825790515226],[-115.8872114395535,45.59317027067595],[-115.88652275932871,45.59269938070514],[-115.88542531882001,45.59118956069007],[-115.88378041815257,45.589406110706385],[-115.88312204784881,45.588507330697915],[-115.88291760769901,45.58794809067256],[-115.88193074729784,45.58687416068194],[-115.8816789670983,45.58610928064465],[-115.88086563686714,45.58572627069301],[-115.87921302651708,45.58555266084031],[-115.87816634632611,45.585597740946135],[-115.876030525981,45.585915551180335],[-115.87237640544993,45.58675882160534],[-115.8708758451033,45.58645602172731],[-115.86961073490146,45.58665758186712],[-115.86813035461732,45.58665092201108],[-115.8670841944785,45.58695919213819],[-115.86599601442337,45.58773098230694],[-115.86470385424896,45.58809707246273],[-115.8639550842233,45.58869023258388],[-115.8631273240979,45.58885563267808],[-115.8609653038839,45.58986157297061],[-115.85718916328354,45.59047410338885],[-115.85628215303053,45.59007180344477],[-115.85582899293966,45.59005029348731],[-115.85487643281694,45.59035013360458],[-115.8541576826797,45.5903508036748],[-115.8504317516048,45.58851943389007],[-115.84741546094077,45.58807780414866],[-115.84660322081227,45.5882128942389],[-115.84635353079929,45.58838863427749],[-115.84617060084038,45.58877275432646],[-115.84631173092603,45.589068834336686],[-115.84618740097828,45.589452894379995],[-115.84625196213064,45.59520950484032],[-115.84684158265995,45.597312544953226],[-115.8472024128892,45.59812129498351],[-115.84944285352526,45.59916972484973],[-115.8516145638846,45.598888024614844],[-115.85215733395786,45.59873394454936],[-115.85525224421094,45.59702520410877],[-115.85580278428398,45.59686287404183],[-115.8571780145542,45.5968999539106],[-115.85798542457796,45.59624096377835],[-115.85878225471654,45.59617163369497],[-115.86000174501186,45.596485833601335],[-115.8604762452829,45.5973959036287],[-115.86216982580079,45.59837605354272],[-115.86301435602725,45.598704313486856],[-115.86349852609304,45.59856944342865],[-115.86373313615738,45.59866793341367],[-115.86522473674164,45.60017756339032],[-115.86672158744642,45.60229053341519],[-115.86873889795001,45.6028862932664],[-115.8695993281942,45.603288543214894],[-115.87014639830515,45.60332086316407],[-115.8708491883936,45.603089733076764],[-115.87114692852383,45.6034596630776],[-115.87169439867183,45.60367847304182],[-115.87231958879495,45.603696992982286],[-115.87308440885175,45.603246372871126],[-115.87326676877129,45.60266475280618],[-115.87315015845114,45.601161952695975],[-115.87394836871003,45.60169861266149],[-115.87485528892607,45.60191427259034],[-115.87579282909195,45.601847402493355],[-115.87599950909711,45.60167439245919],[-115.877426639121,45.60041943221819],[-115.87806569909729,45.59968369209627],[-115.87860984895818,45.59845714194383],[-115.87961841886793,45.597029851729836],[-115.88061781899778,45.5967215216073],[-115.8809763589923,45.59634812154205],[-115.88139786903791,45.59617210148661],[-115.88247570921092,45.59600628136794],[-115.88384727950084,45.596147271245435],[-115.88540884970963,45.595695621056386],[-115.88707859984333,45.59476112081769],[-115.88838810015834,45.595088620716325],[-115.88993655056835,45.59566539061177],[-115.89106314090066,45.596256380549534],[-115.89259549126677,45.596627430429905],[-115.89313740154289,45.59749843044741],[-115.89407656188583,45.59832376042247],[-115.89509681212371,45.59854129034039],[-115.89584649223407,45.598375770253796],[-115.8970625922529,45.5972991000479],[-115.89740612229885,45.59719992000632],[-115.89937680280069,45.59783358986508],[-115.90173399335397,45.598354269676975],[-115.90268724353571,45.59835297958374],[-115.90406132371716,45.597945209416515],[-115.90478074389567,45.598152659363016],[-115.90574592409487,45.59822811927482],[-115.90911818451369,45.5970934688537],[-115.9096756545373,45.59667580876552],[-115.91051664449974,45.59567632860254],[-115.91139004455093,45.595093648470154],[-115.91309464496709,45.595551948340685],[-115.91353423519003,45.59625340835439],[-115.91463060556858,45.597107498316355],[-115.91616295618408,45.59873706829836],[-115.91652416637251,45.59933990831179],[-115.9167019665391,45.60000882834843],[-115.91631578676727,45.60153151850919],[-115.91639613693054,45.602277378561595],[-115.91671284726716,45.603670128643216],[-115.91729272748594,45.604215038630535],[-115.91688680743685,45.60435825868183],[-115.91754760785436,45.605827288735874],[-115.91853389815107,45.60637432868368],[-115.91998728841874,45.60632552853772],[-115.92081414847893,45.605833358417186],[-115.92101254846017,45.6055478283747],[-115.92108919837689,45.605054058327326],[-115.92091453816516,45.60415475827175],[-115.92158586824735,45.60392336818751],[-115.92224213836371,45.60387847811973],[-115.92254895905918,45.607089548349094],[-115.92267527916594,45.607506228370404],[-115.92294175926679,45.60775813836467],[-115.9231677295182,45.60880818842739],[-115.92349761968775,45.60934521843854],[-115.92353148986179,45.61018987850342],[-115.92481716035927,45.6114604384803],[-115.92592481068296,45.612026428417764],[-115.9260356407933,45.6124760284432],[-115.92638084094183,45.61289235844306],[-115.92688166107638,45.61308903840997],[-115.92802329132874,45.613262768312424],[-115.92843040144986,45.61348152829028],[-115.9289165516404,45.61397441828252],[-115.92952712181497,45.614266908246485],[-115.93088749210027,45.614396378123914],[-115.9349049431088,45.61561578782953],[-115.93526553324067,45.61593332781994],[-115.93668950359893,45.616369787715925],[-115.93719127378598,45.61682970770395],[-115.93805222401964,45.61717932764798],[-115.94090951459152,45.6173143973795],[-115.943492195275,45.618275377204476],[-115.94475923556193,45.61850357709895],[-115.9449656557837,45.61942197715288],[-115.94439039585501,45.62033349728263],[-115.94401621584261,45.62063033734312],[-115.94379909590148,45.621135337405114],[-115.94408763636606,45.623197237543174],[-115.94395359649911,45.62399554762062],[-115.9442967767442,45.624899997659995],[-115.94551852733154,45.626683287684244],[-115.94742702797012,45.628064957608935],[-115.94817421814615,45.62823368754942],[-115.94879895822753,45.62804334747295],[-115.94914188823394,45.627746557415485],[-115.95004842838911,45.627657187319606],[-115.95019137854057,45.62828223735599],[-115.9507383786316,45.62821544729714],[-115.95370524898495,45.62714602692071],[-115.95625419940254,45.62680134664359],[-115.95641909945394,45.62690186663554],[-115.95673903980435,45.62835820672161],[-115.95677316996513,45.62913427678081],[-115.95702476008931,45.6295177767871],[-115.95708979023523,45.63018957683483],[-115.95726320034451,45.63057321684875],[-115.95726515044956,45.63109978689102],[-115.95692507059583,45.63216177700982],[-115.95655715092275,45.63415901720673],[-115.95646873119766,45.63562643733356],[-115.95661391146523,45.63683289741653],[-115.9564155816952,45.63817984754437],[-115.95671699198387,45.6393421276085],[-115.95740521212143,45.63937377754373],[-115.95786803270865,45.641882357700425],[-115.95769917284669,45.64273833778585],[-115.95779374290397,45.642935627792504],[-115.9583268330775,45.64329665776937],[-115.95879243318355,45.64338355773083],[-115.95979259333248,45.64317327761597],[-115.95959226345313,45.64397172769985],[-115.95921858347151,45.64442219777272],[-115.95909531354623,45.644916077824504],[-115.95942871387378,45.64624284789872],[-115.96030868425908,45.647335487900506],[-115.96193938478342,45.64840751782712],[-115.96271782494685,45.64848284775699],[-115.9646876252715,45.648226807543544],[-115.96515572530167,45.64792971747381],[-115.9657652553936,45.64780788740436],[-115.96685412549388,45.647268267254304],[-115.96791270582442,45.64791502720269],[-115.96862734612822,45.648756787200476],[-115.96888101635064,45.64963116724602],[-115.96886751645728,45.65017969729148],[-115.9684997767782,45.652144067485516],[-115.96756805694976,45.65389833771784],[-115.96655704705387,45.655389477936794],[-115.96395762703105,45.657763978382384],[-115.96320772694017,45.6580259384769],[-115.96114682655661,45.658073688682535],[-115.96077199651805,45.65823893873254],[-115.9604613865791,45.65884287881157],[-115.96037065672787,45.65967677888751],[-115.96044999680197,45.65997281890358],[-115.96140710713276,45.660716998869674],[-115.9614985472283,45.66110900889229],[-115.96075968752034,45.66328247913948],[-115.96023144761593,45.664268029270495],[-115.96023288769273,45.664651979301176],[-115.96056329785398,45.66514501930851],[-115.96256794854543,45.66669627923689],[-115.96289796868476,45.667079609235365],[-115.96385825917365,45.66861360926467],[-115.96397021932175,45.66924966930483],[-115.96384812945976,45.67005893938185],[-115.96304019960556,45.67156336958197],[-115.96292042986653,45.67298696970815],[-115.96256261990773,45.67353614978736],[-115.96177846966657,45.67307687982726],[-115.95852646898626,45.67277577012165],[-115.95830747894892,45.6727981101449],[-115.95788616893213,45.67311702021186],[-115.95793461902228,45.67352283023976],[-115.9583666191942,45.6739718002335],[-115.95848730939915,45.67488454029507],[-115.95836271940397,45.67502768031881],[-115.95807117965853,45.676583230472424],[-115.95766719973692,45.67736285057469],[-115.95641986974825,45.67861299079738],[-115.9560181499518,45.680017890949706],[-115.95465088001905,45.68166315121599],[-115.95391967011831,45.682860211383854],[-115.95381374029677,45.68385594147429],[-115.95439980078922,45.68576367157016],[-115.95433966091286,45.6864411816305],[-115.9545012712217,45.687834091726664],[-115.95435083152525,45.6894990718752],[-115.95446324170213,45.69027774192674],[-115.95437526200939,45.691901472065844],[-115.9546762722633,45.69288548211538],[-115.95407462263213,45.69530821236905],[-115.95428205288631,45.69638290243505],[-115.95396904283106,45.69640541246755],[-115.95302631246096,45.69545272248342],[-115.95121937196183,45.694679822598474],[-115.95064041186465,45.6947466726606],[-115.95012930185435,45.695183642745825],[-115.94850147155523,45.695241372910104],[-115.94750096144122,45.69562707303917],[-115.94388711065857,45.695161633356044],[-115.94080338985034,45.694061663569954],[-115.93930002952882,45.693888673703405],[-115.93853380943098,45.694131303798024],[-115.93655450934227,45.69557990410853],[-115.93607108936186,45.69614017420096],[-115.93433630920424,45.69700965444093],[-115.93212003895205,45.6978661847271],[-115.92980797857045,45.69816609497786],[-115.92908770842438,45.698123355045055],[-115.92835119823795,45.69789415509886],[-115.92630078787114,45.69801805530976],[-115.92459621741253,45.69735153542327],[-115.92335878713058,45.69712307552619],[-115.92246703699776,45.69731093562877],[-115.91935988668338,45.698708856045776],[-115.918014096464,45.698897366192845],[-115.91419786571639,45.698804266559435],[-115.90717414420791,45.69796960718078],[-115.90523281382875,45.69792842736769],[-115.9025963937171,45.69989293778422],[-115.89962985345537,45.70142176819811],[-115.89819052325677,45.70180487837001],[-115.89790917323816,45.70198077841175],[-115.89765943324741,45.702266328459196],[-115.89755201339118,45.70308921853597],[-115.89706760337099,45.70345186861264],[-115.89572662323332,45.70404599879195],[-115.89511567309044,45.70391514884129],[-115.89530423317898,45.704178188843976],[-115.89524180318237,45.70425505885629],[-115.89438037299388,45.70413549893113],[-115.89453764307807,45.70440680893757],[-115.89428722303687,45.70444003896477],[-115.89435041309275,45.704659358976215],[-115.89403792308347,45.70491206902724],[-115.89363079300138,45.704890649065355],[-115.89383501309294,45.70515366906656],[-115.89327150299633,45.705209249126256]]]}},{"type":"Feature","properties":{"objectid":239,"wildernessid":"c7098693-bdcf-4494-99e7-9796f227dc31","wildernessname":"Jim McClure-Jerry Peak Wilderness","areaid":"469","boundarystatus":"Provisional, Subject to Change","gis_acres":94824.793,"wid":765,"source":"USFS National Wilderness Areas","source_url":"https://apps.fs.usda.gov/ArcX/rest/services/EDW/EDW_Wilderness_02/MapServer/0","scope":"Idaho"},"geometry":{"type":"Polygon","coordinates":[[[-114.36586005795293,44.110110186866635],[-114.36409663752578,44.10964703698563],[-114.36285882708307,44.10851100699515],[-114.36043755631952,44.1068696370667],[-114.35646111527053,44.1053387972905],[-114.35601119510166,44.10488044728976],[-114.35596972504074,44.10458042726618],[-114.35436245451349,44.10337529730309],[-114.35362067433076,44.1031632073515],[-114.35346727426136,44.10293975734515],[-114.35286400409662,44.10267569737618],[-114.35286076394793,44.101834597299664],[-114.35301690395445,44.10169767727291],[-114.35291611388698,44.101426417257315],[-114.3507811432876,44.10039914735862],[-114.35031176308743,44.099784477345445],[-114.35016720297146,44.099286477313136],[-114.35048485287213,44.09836808720026],[-114.35022488275759,44.098006807191034],[-114.349017982411,44.097381607244216],[-114.34714483197688,44.09700140738066],[-114.34475677146385,44.09674660757558],[-114.34262676106786,44.096869497781405],[-114.34215405087329,44.096290627771694],[-114.34190261071622,44.09567797773872],[-114.34187737044525,44.09416539760283],[-114.34130848012033,44.09295219754397],[-114.34041544992684,44.092847667616006],[-114.33772944949781,44.09340317791211],[-114.33650375937796,44.09408808808668],[-114.33640402908443,44.09253045795346],[-114.33598312886387,44.09174558792016],[-114.33517367861259,44.091219127946],[-114.33439793828454,44.09021851792537],[-114.33370884791265,44.08887223786526],[-114.33326677772698,44.088308967854154],[-114.33325840767044,44.0879969278264],[-114.33273327747521,44.08747200782634],[-114.33278427742613,44.08713597779101],[-114.3324947073054,44.08677234778416],[-114.33179075716728,44.08677200784844],[-114.33077085700928,44.08701079796345],[-114.32797750665041,44.08808605831684],[-114.32540289625105,44.08868656860683],[-114.32462173616645,44.08907707871394],[-114.32434387618369,44.08948503877657],[-114.32386711608586,44.08946075881791],[-114.32165983574232,44.089969469066034],[-114.32014743553866,44.0904984092525],[-114.31859717540895,44.091490609484815],[-114.31680383517067,44.0921365697077],[-114.31601866510884,44.09266090982734],[-114.31601077502152,44.09217306978344],[-114.31673718470421,44.08955736947788],[-114.31679436459562,44.08887591941032],[-114.31717957447019,44.087732369270576],[-114.31673714426725,44.08707174925051],[-114.31704803394425,44.084886929022296],[-114.31697295363388,44.08320438887519],[-114.31636127330756,44.08203006882364],[-114.31574994307977,44.08141620882331],[-114.31277406221831,44.07983597895037],[-114.31215246199658,44.07926786895511],[-114.31134864157268,44.07775225888976],[-114.3106003212791,44.07691668888159],[-114.31023196121646,44.076971468920206],[-114.30732078087838,44.078298859307445],[-114.30633550080216,44.07896571945842],[-114.30551305079739,44.07985718961512],[-114.30497584076006,44.08024490969961],[-114.30496854080242,44.080494139723115],[-114.30542618098258,44.081008649728396],[-114.30540786107154,44.081535379778266],[-114.30532194112682,44.081946059823714],[-114.30479812120261,44.08296264996458],[-114.30461648134778,44.08399172007536],[-114.30421317142343,44.0848727801928],[-114.30413967159521,44.08593234029648],[-114.30440559178174,44.08669687034219],[-114.304233021814,44.08707325039238],[-114.30354148158403,44.086536960406406],[-114.3028164213947,44.08626899044809],[-114.30173095129261,44.086900500605005],[-114.30146057124699,44.08694261063352],[-114.30110597114594,44.08676382064953],[-114.30077446100339,44.08632260063945],[-114.29988428080844,44.086207490710144],[-114.29975713068,44.085618790667894],[-114.29911157050194,44.08532645070009],[-114.2984626903954,44.08544478077012],[-114.2977152203439,44.08598673088798],[-114.29657863019278,44.08639623102922],[-114.29444733972431,44.08611106119769],[-114.2940235395931,44.08583763121135],[-114.29405646953205,44.08545353117316],[-114.29389818946593,44.08525400116938],[-114.29395321937507,44.08467533111139],[-114.29371017929796,44.08450797111822],[-114.29337475922887,44.08448941114713],[-114.29176652898829,44.08491687133311],[-114.29037705870698,44.08486847145548],[-114.28974134861578,44.08505963153098],[-114.28898804866212,44.086165011701],[-114.28818619864454,44.08696094184711],[-114.28798177868747,44.087433531909014],[-114.28761692868918,44.087850781980514],[-114.28670898862678,44.088510182123784],[-114.28543577843668,44.08885094227126],[-114.28439957820659,44.08869933235192],[-114.28298759798137,44.088995292507946],[-114.2822263878219,44.088938392572224],[-114.27941089713627,44.08818279276003],[-114.2781914568767,44.0880683028609],[-114.27715868660515,44.0876771029193],[-114.27651990640422,44.08724768293829],[-114.27614993625716,44.086824202933265],[-114.27435296581416,44.08631131305032],[-114.27274871534708,44.08544599311745],[-114.27201921510377,44.084876453131834],[-114.27146173484869,44.08404744310673],[-114.27057457462769,44.083781313163314],[-114.27002835441903,44.08320435316031],[-114.26887181408274,44.082582693208884],[-114.26819410391576,44.08239008325307],[-114.26542422332845,44.082143583483244],[-114.26330275274572,44.081198283590176],[-114.26142733227482,44.08061456370778],[-114.25980031183553,44.07993301379372],[-114.25858275156114,44.07973276388647],[-114.25760799131488,44.07942069394679],[-114.2572566712034,44.079178723956645],[-114.2555543607956,44.07876119407367],[-114.25359299037302,44.07854918423318],[-114.25204408999399,44.07812358433544],[-114.25098782979967,44.07819876443868],[-114.24938773946056,44.078058174571765],[-114.24615159885238,44.0782162648815],[-114.24531201871355,44.07836516497175],[-114.2443157785872,44.07876070509891],[-114.24401476859832,44.07916098516311],[-114.24365202855525,44.0793217352109],[-114.24359137859938,44.07964093524575],[-114.24321485863173,44.08024696533568],[-114.24282950860325,44.08051600539549],[-114.24284086866228,44.08083936542416],[-114.24226120871637,44.08179645556483],[-114.24214453885342,44.082707725659084],[-114.24193127885933,44.08298009570353],[-114.24212400895999,44.08333744571874],[-114.24210668907259,44.08399805578087],[-114.2425721694208,44.08546016587253],[-114.24267643959188,44.08631762594165],[-114.24237381958207,44.086600155995214],[-114.2423709596266,44.086857196019],[-114.24266188975615,44.08726914603022],[-114.24244706978925,44.087697996089226],[-114.23195523772748,44.08770142704687],[-114.23192106026835,44.10219952837979],[-114.21188352632483,44.102184170207465],[-114.21193227870846,44.05873291621231],[-114.06752534026919,44.05878148936754],[-114.06422167893966,44.0549093693103],[-114.06046846768983,44.05199933938277],[-114.05952306740059,44.05141229941454],[-114.05704158672802,44.050367029543615],[-114.05514401617248,44.04933225962056],[-114.05045922458828,44.045560589697835],[-114.04706809351006,44.043222159789885],[-114.04540058287829,44.04149093978132],[-114.0452617226536,44.040361969689506],[-114.04649232268113,44.03912888946349],[-114.04870200288191,44.03778156913794],[-114.05130186316151,44.03644427877777],[-114.05324779355436,44.036494528605516],[-114.05696508423087,44.03616727823727],[-114.06203158522916,44.03615822777575],[-114.06614519596104,44.03570133735944],[-114.0700785366077,44.03496056693329],[-114.07205215690762,44.034448516706476],[-114.07346231701993,44.033498846490495],[-114.07525561723465,44.03270301625381],[-114.07783311758321,44.03178768593484],[-114.08023678782193,44.03044021559171],[-114.08227904789027,44.028525265228964],[-114.08336201771641,44.026306674925316],[-114.08420210766495,44.02506320473401],[-114.08464667755807,44.023949174590584],[-114.08515922721973,44.02143240431128],[-114.0862077971609,44.019910644075246],[-114.09083900777335,44.018187623494974],[-114.09672623846834,44.01551953271315],[-114.09740339833854,44.01401073251211],[-114.09941711849933,44.012657432204016],[-114.1033623590981,44.01163221175066],[-114.11073636994698,44.00816832076034],[-114.11196494997387,44.006934480534625],[-114.11446861966719,44.002347689883116],[-114.11435678907479,43.99907673959085],[-114.11827476946452,43.996884409032226],[-114.11931247925841,43.994529278720236],[-114.11943676883544,43.99196202847155],[-114.11938147854666,43.99036707832908],[-114.11916619821307,43.9886960681941],[-114.11861931774716,43.98664007805364],[-114.13110945020627,43.98663520691888],[-114.13114416273646,44.00111147825365],[-114.1506776965863,44.00113309648047],[-114.15070229752463,43.94905936166541],[-114.15119089764939,43.94922409163632],[-114.15420166826263,43.949344191374315],[-114.1563619986657,43.94921795116661],[-114.16018417917206,43.947805050689205],[-114.16222559931181,43.94629826036465],[-114.16341945945868,43.94579224020954],[-114.16646949993253,43.94506668986581],[-114.16931667043593,43.94474116957745],[-114.17229760092629,43.94418931925597],[-114.17392342115284,43.94365336905891],[-114.1755358614229,43.9433826588876],[-114.17780282190888,43.94361427870339],[-114.17887320225535,43.94439699867866],[-114.1800840925683,43.944827548608586],[-114.18325593329861,43.9454415283776],[-114.18442993351096,43.94533543826122],[-114.18555577366749,43.94496255812465],[-114.18719827383545,43.94407119789323],[-114.18861187389486,43.942814057648796],[-114.18934444383315,43.941630167472944],[-114.1922584841016,43.939878717046724],[-114.19468378471218,43.94064958689795],[-114.19677461535657,43.941992896832346],[-114.20016105624539,43.94327791664382],[-114.2008100064758,43.94387002663964],[-114.2034228271162,43.944600286470006],[-114.20671691810225,43.946549086351034],[-114.20920414872516,43.947321156196566],[-114.21039028912607,43.94828647617807],[-114.21060707927762,43.94891299621621],[-114.2108370994895,43.949871866283885],[-114.21083851973587,43.95128665641431],[-114.21108765010136,43.95310670655976],[-114.21242821041668,43.953405036465554],[-114.21436968067475,43.95269615622389],[-114.21510513083024,43.95275911616293],[-114.21774683159998,43.95420100605619],[-114.21956868205096,43.954736055940145],[-114.22114132223498,43.954018075731135],[-114.2223548423078,43.953066255533145],[-114.22330021241292,43.952603075404575],[-114.22391903252144,43.95252809534145],[-114.22501589277982,43.9527753352647],[-114.22560771298394,43.95328038525757],[-114.23069090408127,43.95384944484853],[-114.23147840428544,43.95413413480329],[-114.23316876497309,43.956178324838305],[-114.23409045538982,43.95753312487955],[-114.23483461574828,43.958753074924445],[-114.23572133628976,43.96086328503848],[-114.2368587568666,43.9628940251224],[-114.23929143768768,43.96486604508318],[-114.24016915803384,43.96586410509545],[-114.24089837844348,43.967394265170185],[-114.24135938865196,43.96807163519073],[-114.24175816880191,43.96848287519239],[-114.24248462898352,43.96870653514702],[-114.24338573914696,43.968629255058],[-114.24382945920617,43.968468905002915],[-114.24432295932239,43.968579854968326],[-114.24713461980159,43.9681615046743],[-114.2504281204855,43.96837591439483],[-114.25072324037056,43.96738366427657],[-114.25083282016676,43.966089844147426],[-114.2513898101969,43.96563509405497],[-114.2517575301044,43.96468960393441],[-114.25230453007609,43.96391049381294],[-114.2535457297277,43.96051014338693],[-114.25376733973448,43.96029939334736],[-114.25582496018146,43.960546933183274],[-114.25659020026586,43.96016918307894],[-114.25689025032133,43.96014938304989],[-114.25712600041874,43.96044315305552],[-114.25737554065533,43.96152052313212],[-114.2583288809138,43.9619305530833],[-114.25871865107189,43.962399073091014],[-114.25974461130576,43.96258576301502],[-114.26018084143864,43.96285732300039],[-114.260517011506,43.96286539297057],[-114.26161635166524,43.96254063284082],[-114.26385755216141,43.962864462666985],[-114.26469252227861,43.96259636256646],[-114.26604567237575,43.96162942235448],[-114.2687637127166,43.960524052005724],[-114.27050388307626,43.96062868185728],[-114.27223157339185,43.96049441168796],[-114.27349940364822,43.960538201576824],[-114.27526550391426,43.960076181373765],[-114.27607208399114,43.95960925125753],[-114.27768516428766,43.95949466110042],[-114.27926978449693,43.95891121090272],[-114.27971280451038,43.958489620823684],[-114.28094194472212,43.95832082069644],[-114.28267617491265,43.957461790459845],[-114.28395370509176,43.95705103030596],[-114.28462829517038,43.95674296021629],[-114.28529601517873,43.95603858009079],[-114.28639674533177,43.95567760995758],[-114.28707712529405,43.954694419805264],[-114.28777272534398,43.954197759696356],[-114.28941216530558,43.95212993935712],[-114.28993445531691,43.95160664926151],[-114.2905877453772,43.951217009166264],[-114.29254423576107,43.951218398988686],[-114.29401420600367,43.95095613883102],[-114.2954478462828,43.950945088699754],[-114.29626148623733,43.94976692851743],[-114.2978399664671,43.949309118331904],[-114.29896154668691,43.94930864823],[-114.29986045680886,43.948996788119636],[-114.30170431698049,43.94790596785176],[-114.30222381700142,43.9474410777618],[-114.30462220725738,43.94621025743065],[-114.30491573719233,43.945505927339205],[-114.30621297750757,43.94585615725359],[-114.30766002781512,43.94599381713482],[-114.3104444083394,43.945870366870544],[-114.31471190905685,43.94518752642004],[-114.31521497918568,43.94536141639033],[-114.31595222932225,43.94531572631918],[-114.31780683974183,43.94563840618039],[-114.31874325991812,43.945597376091506],[-114.319311410049,43.94570974605025],[-114.32036890035927,43.94630177600863],[-114.32066999045868,43.94653391600266],[-114.32086584055891,43.946889636017545],[-114.32111464070583,43.94745367604684],[-114.32113420077869,43.94785027608152],[-114.3206151410463,43.94997186632376],[-114.32078731113715,43.95030001633827],[-114.32117961123917,43.95044426631589],[-114.32127306132992,43.95086060634569],[-114.32205758158247,43.95142820632661],[-114.3232882819321,43.95205127627207],[-114.32497525234159,43.95250495616046],[-114.32586415269338,43.95352513617346],[-114.32688208300513,43.954170196140254],[-114.32861274359273,43.955597186114105],[-114.32816942382398,43.95742347632222],[-114.32812395389483,43.95788156636844],[-114.3283210539958,43.95823934638341],[-114.32798832449197,43.96146167670978],[-114.32808601461583,43.96206267675615],[-114.3278597147243,43.96293968685724],[-114.32822231488782,43.96347035687309],[-114.32821384491908,43.963659226891195],[-114.32803744494028,43.96397921693661],[-114.32665996479183,43.9646762371259],[-114.32699437501091,43.96555737717643],[-114.32745337520632,43.96616232719032],[-114.32741060536404,43.96711566728177],[-114.33031900620942,43.96869623716247],[-114.33073308637698,43.96919209717035],[-114.33061689646676,43.969837607240244],[-114.33144592675028,43.970532227228645],[-114.33316603713669,43.97081549709824],[-114.33446273748706,43.97136796703106],[-114.33526661757244,43.97095457691998],[-114.33708521783723,43.97042979670643],[-114.33768941788428,43.97002073661388],[-114.33807145787902,43.96956147653697],[-114.33935693812505,43.96952841641705],[-114.34083724852465,43.97015710634014],[-114.34206287874932,43.970068606220536],[-114.34272932890609,43.97021916617377],[-114.34317243906374,43.9706256161708],[-114.3436810693193,43.97151976620659],[-114.34445280952382,43.97182581616448],[-114.34543097964401,43.97141640603797],[-114.34557918962965,43.97116776600166],[-114.3455229095462,43.97075230596866],[-114.34681114968443,43.97009800579142],[-114.34727282965113,43.96938847568431],[-114.34842541973241,43.968559945503394],[-114.3494650297212,43.96732813529579],[-114.35039447982692,43.96689054517111],[-114.35109131987043,43.96635751505884],[-114.35196412999156,43.966071654953204],[-114.35267932996656,43.965124894801285],[-114.35351070004636,43.964648984681965],[-114.35353700989938,43.96377628459947],[-114.35393819991992,43.963443464532446],[-114.35389950981961,43.96291137448709],[-114.35422743972198,43.961982644372036],[-114.3541113196658,43.96179088436504],[-114.35362170958366,43.96186956441678],[-114.35317218944992,43.961607054433536],[-114.35294513931822,43.96110661440824],[-114.35295752927206,43.96082780438151],[-114.35326381920622,43.96010564428736],[-114.35385687919606,43.959381124166924],[-114.35423578910391,43.958426564044856],[-114.35501677912666,43.95767938390524],[-114.35581186919455,43.957175613786696],[-114.35634700915561,43.9563507036623],[-114.35819888929352,43.95506108337557],[-114.35839759928616,43.95479558333313],[-114.35927988922406,43.95344750312915],[-114.35940857913528,43.9527932430574],[-114.35995776914152,43.95221173295407],[-114.36059955909566,43.95122721280537],[-114.36093299902588,43.95045163270382],[-114.36104761894057,43.94983306263663],[-114.36154618890305,43.949056802520026],[-114.36210746879959,43.94783182235652],[-114.36211253873162,43.94743580231971],[-114.36240669871046,43.94698343225144],[-114.36375925885051,43.94626739206277],[-114.36471209901414,43.94613633196414],[-114.36514038903073,43.94575007188972],[-114.36589801913973,43.9455244718002],[-114.36632497911219,43.94488608170277],[-114.36639211900805,43.94421239163483],[-114.36736755893958,43.942722341409336],[-114.36785142904245,43.9427695013697],[-114.3697608796009,43.94383087129362],[-114.3712967398888,43.94375820114737],[-114.37274236007244,43.943188250963665],[-114.37434361036084,43.94304501080499],[-114.37527329046343,43.94258922067867],[-114.37641022062456,43.942237210543006],[-114.37822402100086,43.942359900389434],[-114.37890072126602,43.94312270039796],[-114.37940476139174,43.943278320366424],[-114.38170939169662,43.94243987008],[-114.38321929183505,43.94153813986002],[-114.38585577227195,43.941085339578855],[-114.38818812261995,43.94046346930982],[-114.38950219285397,43.94033145917827],[-114.39011505292696,43.94006226909787],[-114.39038259320085,43.941334809190316],[-114.3907160334085,43.94215308923505],[-114.39097467351087,43.942450399238844],[-114.39280319400727,43.94324742914576],[-114.39487858448904,43.943683068997096],[-114.39539581463855,43.94396101897556],[-114.39570116476504,43.94434441898296],[-114.39590998504391,43.94571133908934],[-114.39564200507826,43.946209449159426],[-114.3958349353816,43.94773461928173],[-114.39613388557686,43.94851995932657],[-114.39675038583479,43.94930841934284],[-114.39663525617175,43.9513720795425],[-114.39672725636679,43.952388359627314],[-114.39770508671089,43.95326550961883],[-114.39941675715905,43.953916259522806],[-114.39969731727554,43.954270109529745],[-114.39938574740323,43.95535224965727],[-114.39919781780497,43.95786841990504],[-114.39864842787036,43.95886001004591],[-114.39828196801629,43.96010837019364],[-114.3983372481132,43.960602020233864],[-114.39887614837268,43.961485910265864],[-114.39899941848456,43.961989320300745],[-114.40001345889702,43.96321756032105],[-114.40041345914348,43.96418214037307],[-114.40194668967528,43.96551217035546],[-114.40353608016963,43.96656440030724],[-114.4039927603407,43.967033040308635],[-114.40471568069704,43.968265490355776],[-114.40487291091111,43.96931638043773],[-114.40603489123384,43.96986363038213],[-114.40721902166112,43.97098531037709],[-114.40910106225233,43.972264380322954],[-114.40969989247819,43.972887620325515],[-114.41049675283182,43.97402128035679],[-114.41204125333304,43.97516259032076],[-114.41308144374733,43.97637089033666],[-114.41450827414211,43.97703415026751],[-114.41494126435119,43.97774701029331],[-114.41591045468499,43.97857334028076],[-114.41697103511062,43.97982340029858],[-114.41848231565318,43.981238540290505],[-114.41906710582322,43.98155746026644],[-114.42007933607042,43.98183970020015],[-114.42039051619496,43.9822046402052],[-114.42107053638213,43.98251509017167],[-114.42223854662946,43.982623960075294],[-114.42482387712491,43.982566659834625],[-114.42567688736169,43.98296782979367],[-114.42581552743104,43.98320941980312],[-114.42571436750171,43.98372749985973],[-114.42583834761824,43.98425589989679],[-114.42566545775976,43.98525945000434],[-114.42622148804507,43.98627055004615],[-114.42630663817387,43.98691245009712],[-114.42617377828354,43.98768887018025],[-114.42622862838212,43.98819151022123],[-114.4264430184855,43.9885433802339],[-114.42774301896618,43.98984016023405],[-114.43000165958745,43.990868610122405],[-114.43052052970597,43.9909664200841],[-114.43355559025744,43.990727239785755],[-114.43460266049522,43.990916839707715],[-114.44206622197052,43.991012099036496],[-114.44203530206724,43.99160014909309],[-114.4414372221219,43.99258149923723],[-114.44137685217439,43.99294934927637],[-114.44173108231247,43.993343139280064],[-114.44303460263744,43.99374513919804],[-114.44373744295217,43.99475953922674],[-114.44369000300323,43.99510464926255],[-114.44305715300192,43.99580442938421],[-114.44292508303488,43.99614067942696],[-114.44293278309722,43.99648872945807],[-114.44317087322577,43.99695760947919],[-114.44384803341181,43.99726469944557],[-114.44548937373509,43.9972791992973],[-114.44787945427512,43.9976967091177],[-114.44847164443128,43.99792820908485],[-114.44953322476714,43.99866250905516],[-114.44976496497416,43.99958741911856],[-114.45041849518744,44.000076439103644],[-114.45067030531973,44.000551549124125],[-114.4508904056152,44.00199493923586],[-114.45041288572862,44.00317663938732],[-114.45045217598712,44.00461028951469],[-114.4503114761098,44.005468699605885],[-114.4500190761765,44.006176349697135],[-114.44953866618322,44.00675095979341],[-114.44892773613165,44.00713888988456],[-114.44888243615137,44.00730184990354],[-114.44928756629044,44.007644279897924],[-114.45022874648829,44.007723949819386],[-114.45065294663627,44.00809591981469],[-114.45069619670441,44.00843679984187],[-114.45047256683175,44.00941437995151],[-114.45014789689361,44.01013027004646],[-114.4505726671352,44.01103632009047],[-114.45152519751542,44.012145030104826],[-114.45260276780242,44.012581580046444],[-114.45498656853354,44.014097119967374],[-114.45540411864043,44.01424148994252],[-114.4562692688111,44.01425100986449],[-114.45733630911012,44.01476803981433],[-114.45832292933187,44.0149335397395],[-114.45842959941805,44.01530692976387],[-114.45823256946957,44.01582073982868],[-114.45828936952682,44.01608448984762],[-114.45867953966341,44.01642910984344],[-114.45953355990702,44.016867209805525],[-114.4598067100237,44.01722867981364],[-114.45971259007196,44.01760918985689],[-114.45914499006504,44.01820290996289],[-114.45758196989155,44.01895602017416],[-114.4576773599571,44.019224120189904],[-114.4575984600231,44.01968892023952],[-114.45824771023099,44.02015135022248],[-114.45843302033023,44.02051119023838],[-114.4585110805372,44.02160579033118],[-114.45870329067257,44.022163960364544],[-114.45862987072232,44.02252970040463],[-114.45827455071611,44.02289073046993],[-114.45706636056597,44.023381300624905],[-114.45705534062247,44.023716010656464],[-114.4573446908295,44.024574860708405],[-114.45708058085586,44.02501970077307],[-114.45641423080234,44.02545741087383],[-114.45540117064812,44.02570706098903],[-114.45491156061615,44.02607059106687],[-114.45482219065248,44.02637751110298],[-114.45494365081733,44.02718284116541],[-114.45523220093766,44.027547681172344],[-114.45604314114355,44.02781833112307],[-114.45663949133396,44.028239931107095],[-114.45668659141285,44.028637511139074],[-114.45644565157434,44.02982729126959],[-114.45662659168086,44.030233611290114],[-114.45707911185806,44.03073996129503],[-114.45734186191918,44.03079572127616],[-114.4578330519529,44.030440361198906],[-114.45837918205211,44.030397661145194],[-114.46111036290952,44.03224427106436],[-114.45895651278656,44.03394351141583],[-114.45795504268845,44.03450016155802],[-114.45702906255131,44.03474984166532],[-114.45647754249438,44.03503971174204],[-114.45618469248394,44.03530684179312],[-114.45603786253109,44.03573905184597],[-114.45557804247433,44.035927881905124],[-114.45527812249544,44.03638267197401],[-114.45462715243141,44.03674288206627],[-114.45394548234151,44.03699004215097],[-114.45370029228339,44.03693168216805],[-114.45328792215383,44.03665241218021],[-114.45310565203371,44.03617081215291],[-114.4526735119362,44.03609636218556],[-114.45183211178089,44.0361484022671],[-114.45061267160254,44.0364905024096],[-114.45061948540726,44.05816370438491],[-114.45295102586296,44.05816326417194],[-114.45295076840931,44.072654705492056],[-114.44295226646177,44.07269688640953],[-114.44289510806225,44.08186221724961],[-114.4420926879958,44.08237619736975],[-114.44139142803164,44.083359827523424],[-114.44023226823438,44.08580068785165],[-114.44003176844002,44.087192287996736],[-114.43281895703447,44.08722228865881],[-114.43281827831083,44.09447550931944],[-114.41274455438977,44.094514931158315],[-114.41273219566598,44.10177779182121],[-114.39267846174019,44.10178070365505],[-114.39272327429913,44.11625719497035],[-114.36868359959436,44.11628646717181],[-114.36895583956235,44.11580188710269],[-114.36928397943296,44.114702546972445],[-114.36913970924357,44.11378812690221],[-114.36884640911978,44.11341177689474],[-114.36824733871623,44.11178759680138],[-114.36762615843799,44.11089900677713],[-114.36711421828132,44.11057895679471],[-114.36586005795293,44.110110186866635]]]}},{"type":"Feature","properties":{"objectid":276,"wildernessid":"10677010343","wildernessname":"Salmo-Priest Wilderness","areaid":"239","boundarystatus":"Final","gis_acres":41307.364,"wid":515,"source":"USFS National Wilderness Areas","source_url":"https://apps.fs.usda.gov/ArcX/rest/services/EDW/EDW_Wilderness_02/MapServer/0","scope":"Idaho"},"geometry":{"type":"Polygon","coordinates":[[[-117.03241157395003,48.84110527040795],[-117.0324447730402,48.840577965263],[-117.03242745182636,48.84234188474782],[-117.03241157395003,48.84110527040795]]]}},{"type":"Feature","properties":{"objectid":370,"wildernessid":"10474010343","wildernessname":"Sawtooth Wilderness","areaid":"043","boundarystatus":"Final","gis_acres":217511.3,"wid":536,"source":"USFS National Wilderness Areas","source_url":"https://apps.fs.usda.gov/ArcX/rest/services/EDW/EDW_Wilderness_02/MapServer/0","scope":"Idaho"},"geometry":{"type":"Polygon","coordinates":[[[-115.08070071851502,44.23205078209949],[-115.07770870793756,44.23204562237562],[-115.07709257790235,44.23251281247388],[-115.07653455783186,44.23271982254377],[-115.0755515176796,44.232927832653075],[-115.07432246745188,44.23297884277121],[-115.07347641725575,44.232793842833],[-115.07287438708163,44.23246884285994],[-115.07256010694535,44.23204549285154],[-115.07148530673555,44.232030842949634],[-115.0706612766322,44.23234085305316],[-115.06933221638657,44.23239986318127],[-115.06871218623452,44.23221787322244],[-115.06828415609925,44.23192286323591],[-115.06785112591619,44.2313658632267],[-115.0677281058133,44.23092285319888],[-115.06658904559033,44.23090386330247],[-115.06589600541277,44.230657863344746],[-115.06514994510096,44.229717863330585],[-115.06480187474637,44.228109843220416],[-115.06438184456748,44.22756183321077],[-115.06213667374831,44.22539982322692],[-115.06151362354423,44.22492982324289],[-115.06079758335099,44.224620823281754],[-115.05942148287397,44.22343581330397],[-115.05854639242578,44.2218718032464],[-115.05788228182617,44.21923177307404],[-115.05715421149225,44.21814776304533],[-115.05675318135101,44.217789763050675],[-115.0553010909299,44.21699976311488],[-115.0544760205627,44.215833753087786],[-115.0528469401905,44.21550876320951],[-115.0525019100924,44.215331763225684],[-115.05211787993197,44.21484775321833],[-115.05134478949458,44.21323274314665],[-115.051363779397,44.21266573309467],[-115.0503447090896,44.212044733133745],[-115.05011868898433,44.211698733124],[-115.04999566887993,44.21124672309531],[-115.0500786587836,44.2106177130319],[-115.04970359850769,44.209476702965496],[-115.04955254821297,44.207988692847586],[-115.04954249792837,44.206404662708174],[-115.0498604778251,44.20548265259712],[-115.04943343761775,44.20478165257444],[-115.04855537732374,44.20408264259354],[-115.04827934720218,44.203699642585086],[-115.04819432710674,44.20325664255366],[-115.04510922667767,44.204185672920815],[-115.0443621965377,44.204208682991826],[-115.04322813627228,44.20394668307329],[-115.04177610619334,44.205073703307235],[-115.04111608611551,44.205350713392704],[-115.0401870459496,44.20542472348502],[-115.0396280158191,44.20529772352542],[-115.03873495553661,44.20467972355304],[-115.03839891532625,44.20386371351172],[-115.0383498751143,44.20272870341565],[-115.03753482489346,44.20237170345922],[-115.03720780477656,44.20206970346267],[-115.03608170428612,44.20053769343074],[-115.0358036741128,44.1998666833969],[-115.03578565400318,44.199271673345805],[-115.03616363386375,44.198080663205296],[-115.03590359366366,44.197239653154725],[-115.03589457357661,44.19676164311317],[-115.03658056345272,44.19532462292238],[-115.03650353331076,44.19461161286629],[-115.03669651318486,44.1936966027673],[-115.0360954428039,44.192209592690865],[-115.03560040261058,44.19166058268785],[-115.03514734233727,44.19061757263716],[-115.03069115148679,44.190667613052746],[-115.02995011129346,44.19038461309598],[-115.024163880336,44.19127466370878],[-115.0224467899513,44.19097467384055],[-115.02089969949732,44.190101673905836],[-115.01984563924586,44.189831683979065],[-115.01942860911748,44.18956268399371],[-115.01819956896163,44.190018694147554],[-115.01750754885,44.190141704222285],[-115.01673350869194,44.19009270428934],[-115.01545442832561,44.18942170434777],[-115.01298229769026,44.18853271449685],[-115.01174621730193,44.1876917145362],[-115.01056512690356,44.186734714560195],[-115.0095370465176,44.18568170456145],[-115.0091440163363,44.18508970454515],[-115.00879695605165,44.18386769446857],[-115.00616488576982,44.185136724824005],[-115.00498684561424,44.18553973496849],[-115.00443382552332,44.18562874502739],[-115.0039227954119,44.18555674506813],[-115.00299774516321,44.18516274511841],[-115.00255170498916,44.184668745115644],[-115.00228467482933,44.184060745086256],[-115.00247361446388,44.18180371486831],[-115.0018665642454,44.18123471487374],[-115.00146153406342,44.18065170485925],[-115.00052046376186,44.17997770488619],[-114.99908342360837,44.180673745080526],[-114.99835240356431,44.18121876519636],[-114.99412628319392,44.18371986580826],[-114.99255321294777,44.184042895982],[-114.99086012256753,44.18374292611151],[-114.98991006231218,44.183338936163196],[-114.98857397190754,44.182514946213125],[-114.98600483130562,44.18191998639709],[-114.98483975095674,44.18122399644264],[-114.98434771075442,44.180621006434386],[-114.98413168059984,44.179986996397915],[-114.98423867051834,44.17941298633704],[-114.98463367049328,44.178843976249986],[-114.98456666043371,44.17858197623289],[-114.98437264036673,44.17841597623599],[-114.98080242944174,44.17709202644736],[-114.98003736917317,44.1764130264575],[-114.97877324860633,44.17459902641262],[-114.97710512804505,44.17325504644681],[-114.97697410792158,44.172703036409786],[-114.97753107773293,44.17103800621028],[-114.97745206767588,44.17080300619669],[-114.97369086679677,44.16994405646684],[-114.97194674629276,44.16900407654389],[-114.96876952529432,44.166840106643974],[-114.96843449515019,44.16639310663511],[-114.96841248506591,44.165943106597084],[-114.96885847497886,44.16496908646928],[-114.96974848494555,44.16381505628454],[-114.97048449496522,44.163126036155376],[-114.97270355510791,44.161517975807826],[-114.97480562537798,44.16075393554616],[-114.97777876590689,44.16049987524969],[-114.98010985626509,44.15998282498897],[-114.98094989641868,44.15993481490732],[-114.98115787628822,44.158974794802674],[-114.98199708627484,44.157988074637586],[-114.98124984608556,44.15773478468383],[-114.98045478584146,44.15722479471171],[-114.98027577575999,44.15696079470469],[-114.98022174564223,44.156356784655884],[-114.98053874561154,44.155839774580656],[-114.98183078571151,44.15499873438684],[-114.9821827857022,44.15456372431566],[-114.98231977560584,44.15387271424155],[-114.98224071528324,44.1521426940948],[-114.98259570519612,44.15126668398416],[-114.98196565497025,44.150679683989935],[-114.98145962483738,44.1504816940189],[-114.97899949427787,44.15000573420304],[-114.97742940388353,44.149491754301856],[-114.97618633362364,44.14937977440636],[-114.9746432633321,44.14941579455163],[-114.96792096214068,44.150015925224025],[-114.966634901882,44.14995794533728],[-114.96489780147695,44.149565965462266],[-114.96401076130137,44.14954198554181],[-114.9605056107091,44.15001905590701],[-114.95874653038604,44.15011308607737],[-114.95740247018466,44.15044110623031],[-114.95616740993262,44.150365126337235],[-114.95614445451538,44.11985276361854],[-114.95456238424615,44.12005779378234],[-114.95307531395753,44.12004981391837],[-114.95061217336061,44.119365854083824],[-114.94825003271018,44.11826987420321],[-114.94737096237334,44.11732688419986],[-114.94724894226968,44.11687487417073],[-114.94758093223119,44.116295864088556],[-114.94875096228857,44.115343833896],[-114.95222909274972,44.11415476347006],[-114.95478316296251,44.11257169309398],[-114.95613319302649,44.1114606628707],[-114.95607357953479,44.09179642112036],[-114.93589861564283,44.091820762975765],[-114.93445453527178,44.091299783061864],[-114.93255939463376,44.089761793098376],[-114.93148733435487,44.08935581316055],[-114.92768314358861,44.089178873494085],[-114.92591407328887,44.08941690367782],[-114.92173185234142,44.08862896399146],[-114.91889968158615,44.08745200414621],[-114.91795662131022,44.08692201418537],[-114.91731557108082,44.08632501419086],[-114.91288728981768,44.08402005439114],[-114.91187220944799,44.08303806439644],[-114.91100414918998,44.08252707443037],[-114.90934304874276,44.08181309451896],[-114.90831498843573,44.08120010455846],[-114.90746891812948,44.08039210456378],[-114.9060238277087,44.0795911246247],[-114.90403371721892,44.07899614475407],[-114.90298164690567,44.07837415479492],[-114.90221460672,44.078162164846354],[-114.90042049623048,44.07735418493868],[-114.89812337571695,44.07696122511428],[-114.89583589530392,44.077126915338994],[-114.8958358819631,44.05819411364244],[-114.89333068147876,44.058194123872184],[-114.89333057799736,43.981535806989044],[-114.89360111799468,43.981222316936105],[-114.8935209276194,43.97917089675897],[-114.89333052752859,43.97886289674865],[-114.8933303662041,43.97130789606909],[-114.89352673624208,43.97130780605117],[-114.89342307607605,43.91329886083608],[-114.89742807661072,43.911931650347526],[-114.89943314693517,43.911572620132226],[-114.90138022728752,43.91143758994243],[-114.90280727746854,43.91089655976353],[-114.90401230758859,43.91025152959547],[-114.90547535778151,43.909738499415745],[-114.90637539794089,43.90965647932627],[-114.90870149846475,43.91008545915271],[-114.90979353863347,43.909844429031416],[-114.91167458874487,43.90840237872988],[-114.91286460875199,43.90712733850643],[-114.91533165884962,43.90495826808588],[-114.91616766881239,43.90382022790708],[-114.91700268884581,43.90308820776497],[-114.92014977915842,43.90139913732572],[-114.92136181930817,43.900917107171736],[-114.9282800602957,43.898926966361444],[-114.93022012055356,43.89825992612441],[-114.93609833143266,43.89679982545683],[-114.93766137157556,43.895890785232396],[-114.93947741168196,43.89449273494086],[-114.94171944173185,43.89229966453881],[-114.943498481831,43.89090061425062],[-114.94481850182746,43.88942056399692],[-114.94605553191764,43.88856953380744],[-114.94785359217573,43.88806150359774],[-114.95068571275412,43.88824746335626],[-114.95311977299701,43.88694940301742],[-114.95742692363827,43.885865332527096],[-114.96057203413969,43.88526427218619],[-114.96206455424513,43.884219031955986],[-114.96296806406424,43.882182191690205],[-114.96345105404262,43.88152417158697],[-114.96485209415073,43.88059514137558],[-114.96631456433663,43.88004505119273],[-114.96879317480622,43.8799990209626],[-114.97018027504332,43.87982605082057],[-114.9734712555274,43.87896568044309],[-114.97425593561202,43.87858345033712],[-114.97419861557567,43.87843837032929],[-114.97479791548903,43.87727846017024],[-114.97475620531145,43.87630534008642],[-114.97449132502432,43.874949899988536],[-114.97335022446059,43.87297588991484],[-114.97291414431727,43.87263519992389],[-114.97294119424738,43.87220387988264],[-114.97279417414484,43.871777879857646],[-114.9734111439065,43.86972682961669],[-114.97392263380593,43.868583399467155],[-114.97406474362906,43.86741031934855],[-114.97469612369089,43.867066769260056],[-114.97611861387985,43.86657844908646],[-114.97640167388668,43.86630434903598],[-114.97684685373082,43.86491660887043],[-114.9774911337425,43.86427070875356],[-114.97801418384006,43.86425267870425],[-114.9788992740666,43.864574788652604],[-114.98167134467792,43.865019638440096],[-114.98233237479792,43.86497762837603],[-114.98408841498185,43.864091588136226],[-114.98684085513456,43.86192384769023],[-114.989524565615,43.861715377426954],[-114.98888648511779,43.859564447291426],[-114.9889541850371,43.85902583723678],[-114.98928172501498,43.85853641716285],[-114.99178200524234,43.857076716803604],[-114.99292153523177,43.85575533658085],[-114.99762730573535,43.853442785943926],[-114.99879708578361,43.85242569574578],[-115.00004066587829,43.85159418555761],[-115.00050669587385,43.85105315546646],[-115.00079449579077,43.85025689536858],[-115.00067455567958,43.849750605333895],[-114.99908124498911,43.847543765280335],[-114.99939052479742,43.846099085122056],[-114.9995917247617,43.84567088506518],[-115.00037359479242,43.84498229493198],[-115.00151555489676,43.84431803476815],[-115.00314469488802,43.842464664452905],[-115.00351156479859,43.84154396433659],[-115.00363054465271,43.84057295423831],[-115.00349763454231,43.84008490420645],[-115.00299248428865,43.839184934171385],[-115.00297745410968,43.83817191408154],[-115.00321544401456,43.83736090398682],[-115.00322152391871,43.836802693935994],[-115.00282473325291,43.833410343666536],[-115.00203429281211,43.83174878358879],[-115.00197122274045,43.83140581356362],[-115.00209022272772,43.831200813534316],[-115.00271818275033,43.830635293426205],[-115.0034032427096,43.82964177327438],[-115.00428730271766,43.82870885310983],[-115.00595531296547,43.82828772292006],[-115.0071182330927,43.827731872764105],[-115.00908642338813,43.82725267254181],[-115.01093050372816,43.82716765236628],[-115.01249157405991,43.827348632240515],[-115.01372425415681,43.82654131205556],[-115.01451993418094,43.8257988519163],[-115.01602071430383,43.82484391169369],[-115.01957577466057,43.82296048120046],[-115.01962100462877,43.822727051175335],[-115.01905171430955,43.82151946111834],[-115.01936610402402,43.81952627091019],[-115.0186735936105,43.81791141082779],[-115.01867958351173,43.81733540077533],[-115.0191518334758,43.8166053106666],[-115.01997536355384,43.81614240054994],[-115.02214167382537,43.81530633027752],[-115.02267194381962,43.814685510173334],[-115.0227299737872,43.81443441014542],[-115.02240821352127,43.81325829006878],[-115.02196559328014,43.81235928002805],[-115.02238558316773,43.81124611988957],[-115.02237055299207,43.8102502398012],[-115.0220995127955,43.80941722975079],[-115.0251720631831,43.80824599936574],[-115.02626561313429,43.80675216913165],[-115.02685261296946,43.805151108934005],[-115.02699659282895,43.80418109883351],[-115.02696870264388,43.80314481874268],[-115.02788874262373,43.8020082385566],[-115.02797654243231,43.80080702844033],[-115.02873745228347,43.799104778217746],[-115.02999257216032,43.79700234791415],[-115.0304409719795,43.79546145773451],[-115.03036129179385,43.79447864765313],[-115.02957095148346,43.79356460764262],[-115.02940857139092,43.7932106676255],[-115.02967032104421,43.79091905739516],[-115.02961733091843,43.7902518373398],[-115.02937130073012,43.78943782728881],[-115.02874325044668,43.788498817261214],[-115.02936225038364,43.78744779711022],[-115.02945324031087,43.78692678705498],[-115.02922620009039,43.78590576698357],[-115.02939619993099,43.78479670686813],[-115.02961017990962,43.784435746816115],[-115.03032028996869,43.78398857671128],[-115.03049464993568,43.78360426666075],[-115.02987313962248,43.782485706616384],[-115.02990012955148,43.782045696574286],[-115.03025112953739,43.78157468649989],[-115.03039011948186,43.78109967644442],[-115.03095512949542,43.78055066634358],[-115.03169312941654,43.779275636161486],[-115.03258270924489,43.77729641590219],[-115.03303297922767,43.776696775807196],[-115.0338501392703,43.77603555567333],[-115.03471384926901,43.7750692755077],[-115.03576214918374,43.77341251526302],[-115.03587614912661,43.772955485211455],[-115.03564317893618,43.77211382515671],[-115.03571225891233,43.771899195131056],[-115.03758821881416,43.769248134721515],[-115.03808811869521,43.768005374563984],[-115.03793108857735,43.76749837453255],[-115.0380866384929,43.7668375344588],[-115.03939480868475,43.76649333430892],[-115.04083056896856,43.76653912418265],[-115.04254668936686,43.76693570406246],[-115.04304260951558,43.76724469404529],[-115.04345458967988,43.76773678405225],[-115.04435485993203,43.7681945540117],[-115.04539246018882,43.76852643394741],[-115.04626984044849,43.769052853915134],[-115.04752106089214,43.77022778390736],[-115.04923767140016,43.77125775384427],[-115.04966905164315,43.77218310388847],[-115.0514578320742,43.77268826377144],[-115.05242676236264,43.77327954373666],[-115.05269379253149,43.7739585537736],[-115.05272431270507,43.77492749385815],[-115.05251831276452,43.775499693928474],[-115.0516561928109,43.77672421411716],[-115.05166382290875,43.77728116416664],[-115.05106873290869,43.77794110428024],[-115.0510386529466,43.77819334430567],[-115.05182404323212,43.778971074304394],[-115.05235810352956,43.780096404357245],[-115.0534185839097,43.781114934352615],[-115.05374705406732,43.78166072437191],[-115.0556311145739,43.78249585427585],[-115.05656952485187,43.7830604242414],[-115.05717224507737,43.78369366424368],[-115.05726380520859,43.78434979429442],[-115.05713411535613,43.785345444395944],[-115.05718750548867,43.78605114445461],[-115.05758423569841,43.786821714487935],[-115.05772919585908,43.78758847454383],[-115.05796570597455,43.787992834558736],[-115.05781307604438,43.78856502462413],[-115.0573376060413,43.78907446471326],[-115.05857605654259,43.79059445473753],[-115.05875916665778,43.79105603476243],[-115.05882786683759,43.792017314842745],[-115.0587457170095,43.79310055494775],[-115.05851971704497,43.793555565009285],[-115.05846416713413,43.79413121506614],[-115.05883226736356,43.79504683511508],[-115.0587787975077,43.79593759520016],[-115.05832428767457,43.79740368537348],[-115.0582556278115,43.79826962545766],[-115.05838532793564,43.7988418254974],[-115.05820984798596,43.79932629555698],[-115.058171698093,43.79998623561985],[-115.05826325836334,43.80144345574266],[-115.05853791849017,43.80187069575613],[-115.05846924862324,43.802713745838275],[-115.05856842878127,43.80351483590134],[-115.05847687891914,43.80441128599038],[-115.05823283900267,43.805162996080206],[-115.05827210912018,43.80579694613369],[-115.05765290917577,43.806803106280555],[-115.05706541910659,43.80705488635671],[-115.05697388922597,43.80784451643609],[-115.05668396921331,43.80809247648481],[-115.05606499913644,43.8083348365629],[-115.05570740923353,43.809290286681424],[-115.05520386920168,43.80966412676089],[-115.05471558922565,43.810343146866444],[-115.05499787937659,43.81090008689089],[-115.05500550948922,43.81154095694785],[-115.05576844973778,43.81212841693131],[-115.05657807994744,43.812440016885624],[-115.05655427020658,43.81395947702449],[-115.05688997041284,43.814775817067414],[-115.0569662606215,43.81589352716097],[-115.05685182067899,43.8163512872126],[-115.05724855089957,43.817182897251286],[-115.05691285107086,43.818540927403994],[-115.05722566126548,43.819315307445166],[-115.05780549146431,43.81981884743769],[-115.05838533175192,43.82083355747617],[-115.05856117195995,43.8218368275504],[-115.12385106448053,43.82175609159703],[-115.12500897480062,43.822320041542106],[-115.12801359543505,43.82265446129836],[-115.1284565855528,43.82284299127493],[-115.12900959575882,43.82341820127616],[-115.12886265585703,43.82414524135477],[-115.12907413596544,43.8245355513705],[-115.12985972617462,43.824872271329134],[-115.13029075634788,43.82539327133659],[-115.13017176643427,43.82602128140375],[-115.13025811652454,43.82644579143393],[-115.1308588267574,43.82712230143985],[-115.13157163694149,43.82739466139932],[-115.1318338870536,43.82775029140731],[-115.13194891726694,43.82885031149548],[-115.13227784743903,43.82947716152172],[-115.13193557747887,43.830083771607285],[-115.13194956761151,43.83083129167303],[-115.13178410767011,43.83135079173467],[-115.13112083763501,43.83188016184256],[-115.13092172766667,43.832282151896756],[-115.13087944775556,43.83283968195064],[-115.13140804823752,43.83502742209859],[-115.13121905828216,43.83549243215747],[-115.13137807839773,43.83598144218684],[-115.13126995842678,43.83626752222231],[-115.13137508848324,43.83647644223149],[-115.13171710858435,43.83668044221859],[-115.13188912870089,43.837160452245925],[-115.13212103876783,43.83728978223637],[-115.13189121875762,43.83748416227472],[-115.13148257867662,43.83746945231069],[-115.13137531867439,43.837574772329916],[-115.13163515882671,43.83816372235902],[-115.13136050878397,43.838220942389164],[-115.13094088875928,43.83854138245614],[-115.13047549882599,43.83943783257893],[-115.1306051989345,43.83991848261018],[-115.13100954905188,43.84014737259383],[-115.13337192954246,43.84036256239777],[-115.13378954958299,43.8401353123393],[-115.13518234983384,43.84004146220392],[-115.136954610051,43.83933621197914],[-115.13787601023941,43.83940350190116],[-115.13882968039906,43.83926999180225],[-115.14095173089444,43.839778011654275],[-115.14289228122571,43.839543401456325],[-115.14319745129491,43.839604431434005],[-115.14295331138881,43.840413151528715],[-115.1432203416611,43.84168344161815],[-115.1430296117261,43.842267091687845],[-115.14311353182124,43.84272104172086],[-115.1437315120639,43.843434391728366],[-115.14499799242896,43.84413629167577],[-115.14589063264731,43.84440714161861],[-115.14633313279055,43.84474283160831],[-115.14647046292184,43.84534555164979],[-115.14587537297913,43.846329741792196],[-115.14543287295866,43.84669977186568],[-115.14544050304245,43.84717279190736],[-115.14553205310987,43.84745889192461],[-115.14695112356137,43.84848886188742],[-115.14794294380728,43.84880930182563],[-115.15100620438625,43.84876095154191],[-115.15713636562643,43.849133551016095],[-115.16165296641114,43.84866815056243],[-115.16294996666109,43.84867578044484],[-115.16410199684397,43.84845834032025],[-115.16538761711324,43.84858929021474],[-115.16730258745764,43.84845959002843],[-115.16921756770509,43.84777294979228],[-115.17175815818592,43.84773860955742],[-115.17616031873848,43.84606777900639],[-115.17775485903668,43.84602580885719],[-115.17914644938325,43.846485078771295],[-115.17986687938537,43.84570460863578],[-115.18285220960333,43.843672218181645],[-115.18323327955981,43.843003018087025],[-115.18374855962543,43.84281296802306],[-115.1844267097652,43.84286980796624],[-115.18448774997087,43.8439836980603],[-115.18516676020062,43.844555908049564],[-115.18606785040305,43.844727237982674],[-115.18660329056986,43.84509588796678],[-115.18719596082538,43.84591112798561],[-115.187846341176,43.84720898804234],[-115.18813348144907,43.848460568128026],[-115.18805136157033,43.84924708820586],[-115.18864095176498,43.84971602819394],[-115.18981078205654,43.85010336812186],[-115.19049355226767,43.85056436810075],[-115.19081508241179,43.85103801811374],[-115.19101910256589,43.85169802815411],[-115.19090514269905,43.85258767824406],[-115.19056816278271,43.853437988350805],[-115.18986507275746,43.854065888471126],[-115.18913487281013,43.85517075863647],[-115.18826108272822,43.85566112876005],[-115.18695691253913,43.856009558910266],[-115.18588522248623,43.856883989086185],[-115.18544384265003,43.858308539253834],[-115.18502183270613,43.85909414936255],[-115.18424500265719,43.85966723948466],[-115.18422802275123,43.8602252495361],[-115.18397903284875,43.86105826963329],[-115.18369543285178,43.86138706968854],[-115.18303694307701,43.86340242992881],[-115.18188972294193,43.86388843007693],[-115.18165801294097,43.86413733012036],[-115.1814490230998,43.86527737024132],[-115.18207896353469,43.867078790344785],[-115.18242312369739,43.86763348036293],[-115.1824181740122,43.86944342052511],[-115.18215595417949,43.87069052066046],[-115.18241921443335,43.871856420740585],[-115.18239625463004,43.87300848084564],[-115.18178032476321,43.87444810103048],[-115.18107677480876,43.875481311187045],[-115.18102411488651,43.87598476123682],[-115.18081427490542,43.87632356128627],[-115.17991602481882,43.87681344141205],[-115.1794612448388,43.87742759150843],[-115.17906506476648,43.8774481415465],[-115.17900622479596,43.87768160157273],[-115.17838812478112,43.87827526168222],[-115.17809056481403,43.87879025175539],[-115.17766331495787,43.88008343190994],[-115.17710220492553,43.88051413199965],[-115.17725422500858,43.880822672013316],[-115.17713901521172,43.88211288213907],[-115.17889927551914,43.881941191962994],[-115.18153904604964,43.882082331734445],[-115.18237828624247,43.8822654416741],[-115.18339106640131,43.88206387156358],[-115.18502361684614,43.88281962148198],[-115.18556629697133,43.88294073144316],[-115.18901230765283,43.883062481139234],[-115.19072386794306,43.88284656096362],[-115.19082886800754,43.88310049097668],[-115.19179703834969,43.88399771096834],[-115.19239700866602,43.88515058101642],[-115.19262964895037,43.88652318111765],[-115.19242993898706,43.886952191174196],[-115.19252458903375,43.887115751180175],[-115.19298807917896,43.88743861116664],[-115.19398513943723,43.88782360110987],[-115.19488679972095,43.88845870108416],[-115.19563714991706,43.888758671042375],[-115.19633094014158,43.889282821025745],[-115.19669447026887,43.88961269102193],[-115.19715615049549,43.89040328105028],[-115.19803139078357,43.891092611031794],[-115.19898103116472,43.89223285104674],[-115.19982351141978,43.89276862101751],[-115.20065414174638,43.89372688102708],[-115.20121684191237,43.89405987100537],[-115.20214966224151,43.89492063099689],[-115.20278618242662,43.895282080970965],[-115.2020743624473,43.89618018111609],[-115.20146318241939,43.896690071217435],[-115.20180429266239,43.89770653127693],[-115.2009367328323,43.89962872152768],[-115.20085232301898,43.90078883163886],[-115.20051149305357,43.90135978172093],[-115.20042176312118,43.90184477177235],[-115.19970275310901,43.90256279190214],[-115.1987277633053,43.904752832186595],[-115.19820775333177,43.905473852298464],[-115.19819777346368,43.90623886236756],[-115.19773278354025,43.907185882494524],[-115.19746377375117,43.908685762652844],[-115.1976158339067,43.90940792270334],[-115.19736084403995,43.910448942819464],[-115.19781389438647,43.91193288291036],[-115.19690690448905,43.91351200313406],[-115.19707547477239,43.9149461432465],[-115.19671797504174,43.91687606345123],[-115.19678342510964,43.91719249347344],[-115.1983849957362,43.919018543489656],[-115.19922911598701,43.91952706345779],[-115.20044752630584,43.92001442338971],[-115.20070146639775,43.92026135338848],[-115.20142855672829,43.92135338341925],[-115.20177115697466,43.92238517347986],[-115.20122132702234,43.92325911360807],[-115.20056787714923,43.924698203796034],[-115.19992199737702,43.92670489403396],[-115.19778131731744,43.92870624440816],[-115.19731329726739,43.928932254471135],[-115.19636313710481,43.92904376456803],[-115.19664001721388,43.92936326457116],[-115.1970573073329,43.929586274552854],[-115.1963300172013,43.929630774623384],[-115.19544141721597,43.93068620479868],[-115.19551314724721,43.930786014801065],[-115.19631230738833,43.93071729472181],[-115.19679056744208,43.930500944658725],[-115.19786937776362,43.93115628461835],[-115.19682073765534,43.931684844761435],[-115.196568967704,43.93223797483377],[-115.1970877679525,43.93308865486204],[-115.1973013881927,43.93422543494372],[-115.19727087838282,43.93534314504609],[-115.19763708855194,43.93590771506285],[-115.19765234860502,43.93619381508695],[-115.19729375868006,43.937013975192826],[-115.19688940868417,43.937479375271295],[-115.19671392882442,43.93847115537567],[-115.19649267883757,43.93878781542415],[-115.19650793889602,43.93910443545093],[-115.19580602893141,43.94007336560147],[-115.19528722911492,43.94168698579268],[-115.19469976914414,43.9424956959185],[-115.19459295923076,43.943106055982604],[-115.1943182992303,43.94340359603427],[-115.19419622927846,43.94381176608182],[-115.19294537917499,43.94458858626553],[-115.19447256946799,43.94459020612581],[-115.19447957950094,43.94477038614119],[-115.19422596950652,43.94507944619193],[-115.19515004968893,43.945109636110026],[-115.19525643972462,43.94519684610806],[-115.19512793972257,43.94532537613124],[-115.19550565981729,43.945452856108005],[-115.19505637980731,43.94588692618785],[-115.19580136996645,43.94597972612781],[-115.19501862987268,43.946300576228104],[-115.19631869017289,43.946591556134955],[-115.19556212008096,43.946894246231196],[-115.19601203021674,43.94717633621509],[-115.19597735023049,43.94729258622864],[-115.1947531801354,43.94808804641158],[-115.19409550013705,43.94881594653658],[-115.19497055030062,43.94879251645435],[-115.19648118053193,43.94846063628648],[-115.19615311060564,43.94923883638581],[-115.19625229063872,43.94931894638386],[-115.19760270094908,43.94961267628628],[-115.1988539211681,43.94949442616119],[-115.1987242212376,43.950032296220904],[-115.19906754132151,43.95013529619867],[-115.19875473141356,43.95100122630436],[-115.1989683614779,43.951134746296695],[-115.19936896155089,43.951113106258084],[-115.19995642158378,43.950659156163844],[-115.20004035161595,43.95075070616435],[-115.19996959170415,43.951330236222404],[-115.20035691170986,43.950940196152196],[-115.20046359174259,43.95100981614864],[-115.20030403184266,43.95175460622956],[-115.20126953194821,43.95130161610075],[-115.20109886203568,43.951986336177356],[-115.2008719520251,43.95217358621476],[-115.20144988210859,43.95201848614805],[-115.20139451216583,43.95240503618749],[-115.20191718226289,43.952387206138035],[-115.20188712234093,43.9528649361833],[-115.2032065429452,43.95486676624059],[-115.20393897314119,43.95518338620166],[-115.20439673331057,43.95564877620112],[-115.20667405380573,43.95598322602225],[-115.20771164413381,43.95671945599266],[-115.20866532433466,43.956822455914455],[-115.20942826446408,43.956727085836086],[-115.21404404515756,43.955639895316445],[-115.21511603537057,43.95568310522206],[-115.2180380958674,43.95532452492243],[-115.21925116603147,43.95493542477668],[-115.22079993637506,43.955202454658554],[-115.22128821650342,43.95540081463145],[-115.22166205675724,43.95643841468943],[-115.22202063688282,43.95676266468539],[-115.22225860705876,43.95750502472959],[-115.22247050712213,43.957634494721674],[-115.22377152731315,43.95730310457301],[-115.22472519760902,43.95794779454291],[-115.22553015781364,43.9582351344947],[-115.22741461815517,43.95812451431219],[-115.22822333825846,43.95783078421194],[-115.23014206856811,43.957501474006854],[-115.2318663189814,43.95797449389084],[-115.23303360928603,43.95843607382491],[-115.2331175393249,43.95856577382876],[-115.23278946934784,43.959054053902236],[-115.23230881952648,43.96059519408318],[-115.23216385983915,43.962533054268675],[-115.23193497981003,43.96261697429711],[-115.23145369967432,43.96236886431916],[-115.23121405964942,43.96248852435176],[-115.23059607980316,43.964037294546024],[-115.2301154298023,43.96455609463619],[-115.22971106984616,43.96524655473464],[-115.22848273963436,43.965380064859055],[-115.22752905959312,43.96618496501806],[-115.22662116947821,43.966520665131114],[-115.22631595958522,43.967462065242735],[-115.22717619996217,43.96866929527112],[-115.22658302005824,43.969862335431536],[-115.22620918019112,43.97102581556916],[-115.2262549602904,43.97154080561073],[-115.2265067304325,43.97207486563509],[-115.22701789066191,43.972822545654616],[-115.22861244119939,43.97414242562568],[-115.22900917135988,43.97462307563199],[-115.22936012156467,43.97540509566923],[-115.22985603172803,43.97579419565833],[-115.23090126200738,43.97624432560245],[-115.23121406214648,43.97669446561373],[-115.23137428226977,43.97722088564583],[-115.23164131235511,43.97741543563861],[-115.2315879023979,43.97771679567024],[-115.23131325237951,43.977911365712735],[-115.23136665240582,43.97800290571593],[-115.23179002248335,43.977982585675335],[-115.23232408270104,43.97863870568459],[-115.232942062857,43.97885233564689],[-115.23471971345316,43.980305735612895],[-115.23553606369873,43.980813085583065],[-115.23693986423739,43.98234659559045],[-115.23832841484297,43.98427683563437],[-115.23800035479623,43.984368385672575],[-115.23715349461327,43.9842501257398],[-115.23866411511737,43.985470835709535],[-115.23820259503121,43.98548352575303],[-115.23829948509939,43.985765435769174],[-115.23788773498,43.98553516578647],[-115.23767141497781,43.98575820582616],[-115.23838569529794,43.98679959585299],[-115.23987943579252,43.987984375821114],[-115.24042650590474,43.98802667577468],[-115.24047990596397,43.988305155794464],[-115.24160142638085,43.989453375793424],[-115.24383684708167,43.9910021457257],[-115.2457213076131,43.99197107563874],[-115.24640794787956,43.99273782564376],[-115.24813982838253,43.99371057557111],[-115.24819322842701,43.99390512558341],[-115.25117631920446,43.99507623541349],[-115.2518430493125,43.99496505534245],[-115.25195451935546,43.99508768534305],[-115.25189348939016,43.99535089537201],[-115.25249620955792,43.99564844534306],[-115.25307989965779,43.9955810252835],[-115.25512994976498,43.99396091495169],[-115.25493761988966,43.99487787505064],[-115.25496050020988,43.99667078520749],[-115.25650927101645,43.99956613532201],[-115.25695178120868,44.00017648533547],[-115.25682971127608,44.00069147539234],[-115.25599810135009,44.00201517558601],[-115.25574633141886,44.00267893566797],[-115.25541064178354,44.00511270591449],[-115.25513598180018,44.00550562597455],[-115.25467822177237,44.00584512604667],[-115.25389239183238,44.00703912622465],[-115.25326678182621,44.007683816339245],[-115.2528929418979,44.00849634644553],[-115.25323626228037,44.010293066573254],[-115.25372454244719,44.01070886656523],[-115.25338122258661,44.01187235669988],[-115.25251147262522,44.01303583688287],[-115.25180956270545,44.01425272705519],[-115.25083300265499,44.015027107213484],[-115.25029131256609,44.01511102727069],[-115.25022265266664,44.01575571733412],[-115.24985644270751,44.01638513742352],[-115.24937579270694,44.01690393751366],[-115.2478575426208,44.01806360775588],[-115.2469191226685,44.01935297795632],[-115.24663683276923,44.02023035806001],[-115.24681994290657,44.02081018809455],[-115.2479033133167,44.02195841809671],[-115.2487845735072,44.02208172802671],[-115.2512946441152,44.02280270785995],[-115.25194314430607,44.02318036783379],[-115.25259123459479,44.0241132378569],[-115.25306731497331,44.02574125795734],[-115.25340934515903,44.02642226798622],[-115.25433877546168,44.02712857796333],[-115.25521609580278,44.02810896796954],[-115.25606301643099,44.03074872812544],[-115.25610879649372,44.03105389814822],[-115.25593331658669,44.03177105822782],[-115.25602483665746,44.03207244824611],[-115.25689461702815,44.0332282782685],[-115.25695565723521,44.03433453836078],[-115.25740578740631,44.03481518836199],[-115.25772622763812,44.035780308417934],[-115.25832894790385,44.036630988437814],[-115.2583136881968,44.0383056385874],[-115.25802371836906,44.03959499872821],[-115.25773385841265,44.04015576880448],[-115.2577643286416,44.04141842891343],[-115.25728371885897,44.04316937911254],[-115.25591805862233,44.04331051925059],[-115.25385049830723,44.04376828948124],[-115.25176766812744,44.04500805978246],[-115.2513251682146,44.04598080990927],[-115.25103524844971,44.047624950081406],[-115.25075295855206,44.048509960185676],[-115.25011208867276,44.04988706036649],[-115.25008919879251,44.050588970430674],[-115.25036385915206,44.05232465055901],[-115.25021126927864,44.053205850651],[-115.2496466994019,44.054514290818695],[-115.24845650947884,44.056238531080716],[-115.24821999946252,44.05640256111699],[-115.24739602932895,44.056539891204956],[-115.2450995789214,44.056723001432374],[-115.24390938876215,44.0571121015763],[-115.24220966844187,44.05714253173539],[-115.24105112826489,44.05739714186444],[-115.23988869817327,44.05813825203699],[-115.23873665815222,44.0592674022429],[-115.23808053819181,44.06020200238595],[-115.23687508807079,44.06082380255183],[-115.23618081803829,44.06139219266603],[-115.23547127795092,44.06166685275562],[-115.23297259750083,44.06182963299987],[-115.23138568735462,44.062722273224885],[-115.22925707709979,44.06358821349734],[-115.2293867772698,44.06440837355805],[-115.22913500751186,44.06604869372636],[-115.22850176760106,44.067238873889934],[-115.22746417739204,44.06718165398037],[-115.22683856729034,44.067284654047015],[-115.22572466718212,44.06787974420221],[-115.22430560733412,44.070275374544785],[-115.22384020746573,44.071522784698026],[-115.22224566736928,44.07270533494941],[-115.22155526723307,44.07268369501104],[-115.2211890571926,44.07285154505955],[-115.22047951730171,44.07423627524745],[-115.22055581740618,44.074743635285294],[-115.22074654749137,44.075018295292054],[-115.22222665795422,44.07602918524526],[-115.22269967820094,44.076910385279746],[-115.22282937843323,44.0780814953714],[-115.22327187869917,44.07910383542114],[-115.22282937878256,44.0800536955459],[-115.2228522688951,44.08066404559778],[-115.22363045936261,44.08246076568511],[-115.22543863012028,44.08478010572377],[-115.22650675043117,44.085379005678405],[-115.22788004078774,44.08590543559856],[-115.22820810091152,44.08624876559868],[-115.22833017107084,44.08701551565527],[-115.22809366108902,44.08737409570877],[-115.22753671106204,44.08782423579986],[-115.2277579711998,44.088362105827],[-115.22779611138564,44.08936918591256],[-115.22800974152797,44.089941385943504],[-115.22791818165244,44.09074247602274],[-115.22875748218334,44.092829156129945],[-115.2297492425108,44.09360349610707],[-115.2308249827583,44.093836196028526],[-115.23206094308452,44.094339735959224],[-115.23500589388729,44.09568250580665],[-115.23564676408861,44.09612501578669],[-115.23567728411814,44.0962585257957],[-115.23459003392304,44.0963335759025],[-115.23282001365268,44.09672267609993],[-115.23118732351826,44.09772975633929],[-115.23046069354473,44.09866429648883],[-115.22980264335786,44.09832227651922],[-115.22825763302828,44.098134116644914],[-115.22694542270904,44.09775264673208],[-115.22559497245614,44.09778697685951],[-115.22463367233131,44.09812266697772],[-115.22429665226726,44.098125647009006],[-115.22399667217151,44.09791029701764],[-115.22224954184183,44.09794080718125],[-115.21813729089014,44.09702146747873],[-115.21712259059137,44.096434007520216],[-115.21573404030339,44.09631193763733],[-115.20957711913856,44.09640348821244],[-115.20455697784676,44.09454954851072],[-115.20362618763842,44.09438169858156],[-115.20247027743129,44.09446437869536],[-115.20211932734907,44.09438044872022],[-115.20012042671263,44.092953758778016],[-115.1992659264804,44.0925684688226],[-115.19810079622438,44.0923854889137],[-115.19527199568108,44.09238279917387],[-115.19386056533922,44.09198225926838],[-115.19260934496387,44.09121931931601],[-115.1917853646185,44.09016264929833],[-115.1907096243147,44.08961332934872],[-115.18935917403587,44.08950270946326],[-115.18809273384149,44.08977735960416],[-115.18546094334384,44.08981930985011],[-115.18452981329419,44.09054793000037],[-115.18327096315261,44.09111250016624],[-115.18276742314718,44.091627490258205],[-115.1822942430875,44.09180311031732],[-115.1813483530445,44.09258498047365],[-115.1805320030656,44.09358824063767],[-115.17944863301513,44.094477070816076],[-115.17874673304469,44.09540404096282],[-115.17850259316211,44.09633101106742],[-115.17781594310199,44.09673537116646],[-115.17755654312184,44.09712828122508],[-115.17764045336452,44.098406221330556],[-115.17705300335585,44.09899367143668],[-115.17704537342613,44.09939803147319],[-115.17764809409309,44.102507011693],[-115.17807534442889,44.10393752178029],[-115.17847970466757,44.104845411823426],[-115.17930367494553,44.10552062180732],[-115.18008187530677,44.10671462184133],[-115.18150094578293,44.10786284181227],[-115.18225625612217,44.10895766183961],[-115.18233254620517,44.10934294186671],[-115.18201211644016,44.11101378204408],[-115.1815924964036,44.1112617421047],[-115.18020394612482,44.11119307222651],[-115.17761001555907,44.110811612431675],[-115.17694619545462,44.11094130250434],[-115.17483285522954,44.11195983278914],[-115.17435219530313,44.112894432916136],[-115.17384865530185,44.11343230301015],[-115.17464211566278,44.114607233041035],[-115.17466500585334,44.11565627313178],[-115.17326882596039,44.11776961344746],[-115.173184906012,44.118151083488996],[-115.17327645611354,44.11862410352243],[-115.17263558629662,44.12034834373405],[-115.17213967652245,44.12215651393978],[-115.17041543684371,44.12583006442372],[-115.16955331691392,44.12715758462066],[-115.16876748682401,44.12750090472349],[-115.16925576726135,44.129434954849586],[-115.1692176174357,44.13045729494352],[-115.1694159875646,44.1309684649705],[-115.16950753772525,44.13177336503326],[-115.1690650278124,44.13274230515975],[-115.16914132789483,44.133123775186476],[-115.16894295793745,44.133577715244904],[-115.16840890799554,44.13448180537413],[-115.168027437967,44.1347336454316],[-115.16830208817298,44.13559569548251],[-115.16819559824226,44.13610028553694],[-115.1677614182151,44.13641678560497],[-115.16675237807121,44.13669779572291],[-115.16284922740607,44.13717483612492],[-115.16143817719984,44.13753985628729],[-115.16011311694615,44.13754486640988],[-115.15821105666177,44.138000886625576],[-115.15684499641613,44.13809590675994],[-115.15645697634372,44.1381079067968],[-115.15519590602244,44.137663906873755],[-115.15412470584036,44.13779746698432],[-115.14894550470727,44.13702277739317],[-115.14849660457891,44.13678592741362],[-115.14771390420462,44.135526297374255],[-115.1474007241083,44.13532314738513],[-115.1463160838383,44.13497693745445],[-115.14563200370485,44.134965827516496],[-115.14481767350513,44.13472292757005],[-115.14451578334703,44.134159837548026],[-115.14374744315637,44.133917767597424],[-115.14187214256255,44.13260432765391],[-115.1354837508073,44.12963711797984],[-115.13556473088225,44.129971548001954],[-115.13587373100093,44.130305208003065],[-115.1370816013702,44.13107677796008],[-115.13929448218751,44.13328260795158],[-115.14030374261243,44.134581997973626],[-115.14054308285192,44.13567085804797],[-115.1409259730842,44.136563908091766],[-115.14149388333584,44.13736542811036],[-115.14206990354744,44.13793298810756],[-115.14287731378097,44.13837376807217],[-115.14327278394538,44.13887096807973],[-115.14378722423302,44.139932698126294],[-115.14386526458117,44.14180661828496],[-115.14415795476859,44.1425444083233],[-115.14256854459151,44.14326709853377],[-115.13891242412919,44.14462014899068],[-115.13544133378632,44.14644519947224],[-115.13213523339249,44.1478052498975],[-115.13020317312657,44.14839927012823],[-115.12914813295342,44.148566280240274],[-115.12631199232457,44.14809730046025],[-115.12297883165127,44.14791632075153],[-115.12178578138465,44.14770733084299],[-115.11924763068248,44.14650433097045],[-115.1168414699709,44.14510533106833],[-115.1159014197312,44.144774341125654],[-115.1119422489452,44.144637371478424],[-115.10784407821018,44.14493840188284],[-115.10651200792277,44.14476341199011],[-115.10473295773849,44.14565244223288],[-115.10368395774,44.14679646243099],[-115.10274192765029,44.1473114825635],[-115.10220792766609,44.14797849267181],[-115.10194993772755,44.14860350275102],[-115.10170592771833,44.14881551279228],[-115.1001198473332,44.1483665128987],[-115.09911184739087,44.14978154311701],[-115.09861583734357,44.15005255318677],[-115.09823981727311,44.15006355322242],[-115.09713378715949,44.15062157337382],[-115.09564075703894,44.151559593594634],[-115.09400868675836,44.15174861376185],[-115.0926326566384,44.15256363396094],[-115.09094059640213,44.153066654161506],[-115.0904385763151,44.15312066421256],[-115.08926951605306,44.15291266430191],[-115.08749844575476,44.15315268448643],[-115.08724945577336,44.15352669454258],[-115.08551539555438,44.15417271475968],[-115.08557140559735,44.15435371477058],[-115.0878115663636,44.15623672473103],[-115.08958967690334,44.15734672466549],[-115.09011572713771,44.158094724683274],[-115.09250587786599,44.15960172459648],[-115.09348190797988,44.15918571446961],[-115.09397292805977,44.15910371441706],[-115.09547499834216,44.15906569427521],[-115.09610802849001,44.15921169422975],[-115.09740409883145,44.159728694156044],[-115.0981061691641,44.16083870418965],[-115.1005073098368,44.16202169407304],[-115.10126337008877,44.16261970405626],[-115.09968731992497,44.16340372427111],[-115.09957132999357,44.16391473432711],[-115.09929334002426,44.164387744394595],[-115.09832731999246,44.165253764560454],[-115.09766630992414,44.1655847646507],[-115.09730935017176,44.167361794841085],[-115.0965453803767,44.169338825086655],[-115.09668842058107,44.170331845161435],[-115.0973285010364,44.1721968652676],[-115.09734052111402,44.1726198653039],[-115.09724853118752,44.17313187535775],[-115.096134531252,44.17469790559923],[-115.09634657143461,44.17549391565014],[-115.09638661163812,44.1765929257438],[-115.09607062173671,44.17748794585217],[-115.09592866193994,44.17878196597991],[-115.09567967202278,44.179515976067854],[-115.09591170216915,44.18008697609697],[-115.09598673232347,44.18087198615959],[-115.09565577256684,44.182595016342674],[-115.09653085294813,44.183789026367634],[-115.0968828931437,44.18450603639863],[-115.09718693338925,44.1855550464634],[-115.09717997356435,44.18654505655168],[-115.09538788319566,44.18641206670534],[-115.09461786312295,44.18683607681394],[-115.09536093345126,44.18787508683734],[-115.09578796359087,44.1881970868264],[-115.09659100380397,44.18852508678135],[-115.09705805401089,44.18918109679629],[-115.09829713438474,44.18994009674905],[-115.0987001745856,44.19063110677301],[-115.09968825498754,44.19181810678683],[-115.10068437562234,44.194302136914665],[-115.10036439574125,44.19531415703373],[-115.100329435927,44.19639316713243],[-115.09795639586476,44.19860521754729],[-115.09759940589935,44.19918422763144],[-115.09737442606101,44.20033323775388],[-115.09789248634533,44.20136724779752],[-115.09806552652714,44.202199267855164],[-115.09804554663411,44.202820267911896],[-115.09868764715651,44.20505429805021],[-115.0987987175319,44.20703732821536],[-115.09905474768959,44.207644328245394],[-115.09965779793123,44.20834733825185],[-115.10003283814609,44.20914633828784],[-115.09983584822653,44.20980935836466],[-115.10005288838637,44.21047035840308],[-115.09968787839539,44.21091436847603],[-115.09959489847513,44.21146137853298],[-115.0997129186077,44.21207638857649],[-115.09948492864989,44.21255839864016],[-115.09954796886795,44.21371140873628],[-115.09982200906633,44.214526418783],[-115.09942600910634,44.215177428877176],[-115.09929301919131,44.21579643894417],[-115.09970009958289,44.21754945906153],[-115.10008213976066,44.21813246907774],[-115.09968319008958,44.22040349931537],[-115.09903122024694,44.22198652951555],[-115.09924525042223,44.22273652956204],[-115.09918825044821,44.2229435395856],[-115.09873525044482,44.22341254966895],[-115.09849327055997,44.224317559771286],[-115.09764625051199,44.22496156990647],[-115.09703025054601,44.22581559003889],[-115.09619526064171,44.22725062024289],[-115.09613327069232,44.227600620279574],[-115.09537127074783,44.228731640449965],[-115.0946393009169,44.230465670670846],[-115.09405428085246,44.23073568074879],[-115.09297923063254,44.23066368084183],[-115.0917231804158,44.230804690970416],[-115.09108814027218,44.23068570101861],[-115.08786601974484,44.23120772136262],[-115.08649496958138,44.231770741539094],[-115.08503593947601,44.23275376176091],[-115.08332988930167,44.23361679199491],[-115.08249587925275,44.23424180212724],[-115.08169884914354,44.234489812222854],[-115.08146083909698,44.234485812244515],[-115.0810558089758,44.23424481226063],[-115.08082677881029,44.23356580222179],[-115.08070071851502,44.23205078209949]]]}},{"type":"Feature","properties":{"objectid":372,"wildernessid":"10475010343","wildernessname":"Selway-Bitterroot Wilderness","areaid":"044","boundarystatus":"Final","gis_acres":1348688.567,"wid":540,"source":"USFS National Wilderness Areas","source_url":"https://apps.fs.usda.gov/ArcX/rest/services/EDW/EDW_Wilderness_02/MapServer/0","scope":"Idaho"},"geometry":{"type":"MultiPolygon","coordinates":[[[[-114.56638119833119,45.772939884149565],[-114.5648449277231,45.77140596416884],[-114.56347728885461,45.77029757218332],[-114.56019322316854,45.766986338150595],[-114.55961164562548,45.76604670422317],[-114.55776286494233,45.76444550426703],[-114.55752,45.764291],[-114.5559834900793,45.76419773725031],[-114.55442526417039,45.76388352454322],[-114.55343235541454,45.76404288902548],[-114.55148148093897,45.7639244752649],[-114.54966219820145,45.76270099534853],[-114.54427984908067,45.75858454942288],[-114.5442076026072,45.758223160247496],[-114.54472737667041,45.75714190301128],[-114.54589533105008,45.75665275475825],[-114.54630484095831,45.75577951464458],[-114.54596998004014,45.75455698394674],[-114.54749800042657,45.75189868420005],[-114.54690613010472,45.75086441416982],[-114.54646605697174,45.7504836002837],[-114.54643874952141,45.74838351400487],[-114.54604418347446,45.74715488671778],[-114.5469918786299,45.745273623539674],[-114.54725814900974,45.74497632363667],[-114.54782619878904,45.743291843438826],[-114.54655287582816,45.743024617366906],[-114.53813983618326,45.73981158408266],[-114.5366721407396,45.739491995916055],[-114.53570188221931,45.73912998076962],[-114.5349812781829,45.73827624719465],[-114.53385536460587,45.73612320418509],[-114.53249065252115,45.73532548555218],[-114.53135077364036,45.733746894226186],[-114.530819,45.733345],[-114.526654,45.727634],[-114.519891,45.726287],[-114.51524786530284,45.72737179783515],[-114.51435429887763,45.72667695527257],[-114.51221967823143,45.72554584538322],[-114.50917885817309,45.72424092212273],[-114.504175,45.721659],[-114.50407701566014,45.72069208575937],[-114.50361533715514,45.71995468735479],[-114.50305919495686,45.71815022564188],[-114.50589504585385,45.71984847551163],[-114.50695245631805,45.72113917551896],[-114.50914405693617,45.722070935385865],[-114.51207866753168,45.72214271510782],[-114.51386358779978,45.72170971489815],[-114.51422518779637,45.72132952483084],[-114.51418476770155,45.72088970479739],[-114.5130589271301,45.71912411475643],[-114.51299195690582,45.71805502467212],[-114.51326173691855,45.7178486846284],[-114.5136214069894,45.71784661459341],[-114.51489304732063,45.71824852450443],[-114.5153185274094,45.718271424465215],[-114.5165115675585,45.71782961431216],[-114.51683980756466,45.71753145425505],[-114.51695045749001,45.717041974202765],[-114.51696339717104,45.71541231406301],[-114.51715128715382,45.7151364640214],[-114.51789028719976,45.71462761390658],[-114.51810810715992,45.714206843849745],[-114.51792513691167,45.71313231377618],[-114.51831900689493,45.71265210369728],[-114.51862170693708,45.71256176366027],[-114.52012998745391,45.71366742360818],[-114.52195770794681,45.71433114348762],[-114.52358448845263,45.7152621034092],[-114.52433499873881,45.71595903339573],[-114.52542341922478,45.7173296134067],[-114.52626244948353,45.717798763365295],[-114.52697854965469,45.7179476633086],[-114.52797133978125,45.717592923182366],[-114.52816955975713,45.717271753135876],[-114.52824160967506,45.71678345308741],[-114.52804248937392,45.71545741299409],[-114.52744534899648,45.714143652940315],[-114.52546460799302,45.71104538286893],[-114.52441709756296,45.70991657287449],[-114.51931371593905,45.70680657310422],[-114.51896888579651,45.70643015310566],[-114.51926649553951,45.70482773294063],[-114.51980037530478,45.70310101274223],[-114.51995578501699,45.70148498258979],[-114.52017850499409,45.701145062539354],[-114.52062257502435,45.70085232247153],[-114.52328688528553,45.6995009520988],[-114.52420055539166,45.699121641978124],[-114.5265496557307,45.698482051696416],[-114.52805230586642,45.697661491481256],[-114.5303609063928,45.698013161287754],[-114.53137484659085,45.69799979118845],[-114.53635588744706,45.69734142065045],[-114.53786148775363,45.69738477050841],[-114.53924232804684,45.697485980383405],[-114.54169225864094,45.69804007019333],[-114.54443743925255,45.69838689995709],[-114.54508899937039,45.69833065988924],[-114.54591410946303,45.697971969778884],[-114.54762373980505,45.69799084961505],[-114.54917418997985,45.697321549408095],[-114.5497499500867,45.69728563934935],[-114.55149773047505,45.69750129919848],[-114.55290080084161,45.69795269910098],[-114.55369451099027,45.69790998902051],[-114.55470131112467,45.69758158889518],[-114.5558462611969,45.69679880871792],[-114.55677637119771,45.69586968854899],[-114.55788880132226,45.69538493840015],[-114.55935276157089,45.695177268240805],[-114.5603717317059,45.69483943811353],[-114.56108250185987,45.69490726805046],[-114.56363538251411,45.69566470786768],[-114.5651052029413,45.69635690778414],[-114.56611142315359,45.696424487692425],[-114.56642285326475,45.69667578768359],[-114.56714680346204,45.69695020763685],[-114.5684119138908,45.69785579759122],[-114.56926866412769,45.69819806753729],[-114.57282645538619,45.70101216743159],[-114.57425541575759,45.70146249733141],[-114.57599970629238,45.70242500724417],[-114.57715546659897,45.702820847165825],[-114.57834184696652,45.703494767108104],[-114.58263925815363,45.70520520683691],[-114.58373290841456,45.70543190675025],[-114.58518345869771,45.70541334660819],[-114.58629874895033,45.70557633651397],[-114.58739045912567,45.70537099639085],[-114.58817181931259,45.7055354563291],[-114.58903141947893,45.70551742624429],[-114.59174606014612,45.70617913603746],[-114.59315369036771,45.70589178587676],[-114.59527728079911,45.705950915676084],[-114.59680968119189,45.70640670556625],[-114.5998765119051,45.70694910531511],[-114.60141590251773,45.70851177529837],[-114.60247354277878,45.708775435218264],[-114.6042198430419,45.70836023501389],[-114.61280284466116,45.707971814149474],[-114.61599811504509,45.70671844373375],[-114.62242733574362,45.70382313286574],[-114.62396877596912,45.70342313268252],[-114.6266261364098,45.702996662389005],[-114.62770836647643,45.70225115222104],[-114.62822351654296,45.702072752156035],[-114.62932834680036,45.70227165206583],[-114.63074607721177,45.702937661984805],[-114.63160734742266,45.703144291918896],[-114.6355495482349,45.70331581155144],[-114.63696791849183,45.703198601404104],[-114.6380587786257,45.70278577126346],[-114.63932435862246,45.70150323103233],[-114.63984585867063,45.701225560958314],[-114.64081960893311,45.70158155089408],[-114.64240749923125,45.701503880733604],[-114.64477960956914,45.7008430504479],[-114.64588083969787,45.70039381030318],[-114.6470483997682,45.69958238012141],[-114.64954579981021,45.69729719968611],[-114.65139975011112,45.69696784947862],[-114.65294643023786,45.696063219252274],[-114.65344094023823,45.69557031916268],[-114.65467655037301,45.695017668996186],[-114.65564808039522,45.694158428829425],[-114.65667328047387,45.69353148867705],[-114.65808782071919,45.6933601285255],[-114.6588655108162,45.69307415842597],[-114.65971029097403,45.693029068340294],[-114.66121824132591,45.69330473821752],[-114.6621512716124,45.69382388817104],[-114.66352073221671,45.695517188181555],[-114.66378064250965,45.69674203825996],[-114.66406814265869,45.69720987827166],[-114.66497210292899,45.69767591822347],[-114.66631121324154,45.69792094811437],[-114.66692415335147,45.69786524805031],[-114.66728295338092,45.697655687997795],[-114.66782274337207,45.69707125789609],[-114.66811403341703,45.697007877862525],[-114.66884420359374,45.69717343780575],[-114.66984629394673,45.69796033777519],[-114.67422823504795,45.69916053745195],[-114.67532547528054,45.699242217352506],[-114.67718462559806,45.69899328715128],[-114.67814955579293,45.699016197059755],[-114.67973647631968,45.7000992069974],[-114.67977058654476,45.7012052770876],[-114.67992650665803,45.7016233171078],[-114.68142826725922,45.70316811709271],[-114.68204452745675,45.703553297065525],[-114.68319550770666,45.70366917696369],[-114.68348816779452,45.70382175694822],[-114.68425273808086,45.70450817693211],[-114.68595826863915,45.70563227686167],[-114.68737139903325,45.70621671677406],[-114.68767412915322,45.70652198677048],[-114.68812892941247,45.707380416798884],[-114.68855370019229,45.71090422705519],[-114.68916812046072,45.711649477058536],[-114.69037096079867,45.71215966698497],[-114.69141542101576,45.71221589688841],[-114.6929180612331,45.71181622670899],[-114.69325320130237,45.71183237667782],[-114.6945372117839,45.71298799665087],[-114.69511224196474,45.713329426623886],[-114.70008937311337,45.714176306212636],[-114.70217159348744,45.71399174599514],[-114.70374786393928,45.71470571590249],[-114.70687935454535,45.71464903559397],[-114.7089969250701,45.7151923154344],[-114.70979485523117,45.7152113853586],[-114.7110132554261,45.71498273522115],[-114.71265451558601,45.71415523499215],[-114.71432320560348,45.71257969469745],[-114.71528425555545,45.711378234502895],[-114.71625063544792,45.709870544282026],[-114.71672858547319,45.70952192420628],[-114.71736632554678,45.70925811412219],[-114.7193266458404,45.708789173892505],[-114.72031021601724,45.708703093789836],[-114.72082094614655,45.708848473752546],[-114.71979566621968,45.71024110396942],[-114.71965464626932,45.71063276401612],[-114.71986725644682,45.71131893405341],[-114.72063027676481,45.71216719405092],[-114.72099556696787,45.71283038407136],[-114.72090556714107,45.71379646416154],[-114.7206339672352,45.71454343425088],[-114.72094448772326,45.71670263440277],[-114.72088249783246,45.717316744460575],[-114.72043468801766,45.71869955462058],[-114.72053343821622,45.71960547468733],[-114.72220949894513,45.72162112469461],[-114.72352474944685,45.722847404670304],[-114.72799856086745,45.72557276446577],[-114.72918459134104,45.72678519445281],[-114.73035956174122,45.7276379244106],[-114.73113810199287,45.72813455437687],[-114.73316494257143,45.729040404256395],[-114.73425348311733,45.730715044291784],[-114.7347613333513,45.731391524299426],[-114.73515485349041,45.73170269428739],[-114.73606437373672,45.73204197422767],[-114.73778776407931,45.73205754406169],[-114.73813502418645,45.732253204044476],[-114.73910518462431,45.73349960405518],[-114.73986827482675,45.73376264400327],[-114.74045765493719,45.73373432394366],[-114.74178152512164,45.733348863782666],[-114.74305950519935,45.73246982358464],[-114.74317673522704,45.732492983575156],[-114.74517406590148,45.733912663500746],[-114.74628828618502,45.734236143419814],[-114.74777926644045,45.734043163258804],[-114.74841553658482,45.734139283205074],[-114.74894781674315,45.734409833176194],[-114.75001382714044,45.73535595315226],[-114.75068600732195,45.73560390310787],[-114.75195698756755,45.735580122982476],[-114.75493249802003,45.734906142636795],[-114.75576238820473,45.73501384256526],[-114.75723988860729,45.7355772924692],[-114.75783063868406,45.73537781239507],[-114.75845181908396,45.736779562452654],[-114.75821260927913,45.73800262257871],[-114.75782368945823,45.73929362272504],[-114.75752216949533,45.7397806327953],[-114.75720837968343,45.741042152931875],[-114.75777980015428,45.74285060302844],[-114.75922099082105,45.74478342305093],[-114.76012469108585,45.74522171299997],[-114.76332370170906,45.745188252686404],[-114.7647560021958,45.74622115263411],[-114.7670023727411,45.74674110245959],[-114.76925482342254,45.74794180234161],[-114.769016243435,45.74824149238999],[-114.76907527364952,45.74926502247026],[-114.76882476380885,45.750317462583],[-114.76876728400669,45.75137252267723],[-114.76909625416927,45.751865732686696],[-114.77007386451417,45.752634552656296],[-114.77163643487934,45.75292496252884],[-114.77310163531708,45.75367763244967],[-114.77576993593726,45.75415644223058],[-114.7764639660729,45.75415148216271],[-114.77820786628867,45.753508651939235],[-114.77940579656838,45.75373001184142],[-114.78126307721449,45.75514470177969],[-114.78309937768165,45.75567792164598],[-114.78335705780925,45.75606543165348],[-114.78323982808335,45.75756355179064],[-114.78355579843102,45.75900229188067],[-114.78318261862078,45.760328862028295],[-114.783115018824,45.7614202721265],[-114.78290408884308,45.76172545217263],[-114.78240176879386,45.76197579224249],[-114.7822424888531,45.762432252296236],[-114.78246006893269,45.76261765229067],[-114.78235908906072,45.763362632362984],[-114.78297528936726,45.76429634238148],[-114.78297062957898,45.76536766247183],[-114.78328812978053,45.76606824249974],[-114.78342464001916,45.76713486257601],[-114.7843535705122,45.76869750261677],[-114.78408219049275,45.76886844265753],[-114.78264907027011,45.769167892822],[-114.7815825501387,45.76956330295886],[-114.77878164997391,45.77151038339464],[-114.77865307006205,45.77208173345506],[-114.77897611024328,45.77267412347334],[-114.77837214076835,45.77591660380412],[-114.77723540079522,45.77717843402056],[-114.77708841090133,45.77785839409192],[-114.77672504097166,45.77857253418712],[-114.77642176096583,45.778843614239385],[-114.77594771102935,45.77963341435176],[-114.77538458100268,45.780057114442066],[-114.77438866090436,45.780549134580234],[-114.77247944066434,45.78123336482334],[-114.7720055106528,45.78164509490398],[-114.77207485102196,45.783434075047325],[-114.77192910109437,45.78394296510421],[-114.77005479100231,45.78533711540349],[-114.76923239091913,45.7857333355167],[-114.76610277044496,45.786448775881205],[-114.76560784037773,45.7866010259421],[-114.76545184040054,45.7868703959799],[-114.76476347021223,45.78660506602461],[-114.76376434006124,45.78683556614113],[-114.76350928010197,45.78729317620435],[-114.76344989017679,45.787728346246645],[-114.7626367601745,45.78852280639236],[-114.76174210031272,45.79010460661216],[-114.76343658076962,45.790723996499274],[-114.76286287087659,45.791830456647865],[-114.761275230891,45.79347603694038],[-114.76088030097691,45.79429917704788],[-114.76111154132526,45.7958217871531],[-114.76162783169742,45.797181967216964],[-114.76130374181652,45.79810178732563],[-114.7615700919335,45.798426057326914],[-114.76206605235564,45.800056947415435],[-114.76190720246329,45.80075528748944],[-114.76081446244143,45.801727447677315],[-114.7606489325281,45.802326987743704],[-114.76089507265733,45.8027329377538],[-114.7617536929677,45.803442737729725],[-114.76188414311257,45.80404152776727],[-114.76114693307069,45.804560907882546],[-114.76031383314482,45.80575853806409],[-114.7602838333165,45.80665065814181],[-114.760861543654,45.80777478817982],[-114.76063690366857,45.808070228226455],[-114.76018909362628,45.80830101828938],[-114.75743807317038,45.80873369859348],[-114.75673083310913,45.80912603869517],[-114.75662251326227,45.81000273877929],[-114.7569409035433,45.81109940884021],[-114.75764535386206,45.81200334884742],[-114.75822594424687,45.813361428904734],[-114.75891081457982,45.814356018921416],[-114.75896358470821,45.81494836896591],[-114.75877986473775,45.81527846901151],[-114.7577842446807,45.815977359167],[-114.75768124488872,45.81712391927311],[-114.75508392507166,45.82061191981839],[-114.75475598533193,45.82224293998701],[-114.75431468546306,45.82333762012171],[-114.75417020561666,45.82425151021242],[-114.75467710592127,45.82527898024916],[-114.75477942605377,45.825842690286414],[-114.7543932660161,45.82603543034017],[-114.75271231566356,45.8259287004949],[-114.75255421569796,45.826257950537965],[-114.75293266582571,45.8265245405234],[-114.75492845629563,45.826908940361236],[-114.75503349636048,45.82713052036954],[-114.75492437639711,45.827422150404615],[-114.75495673657551,45.828285210473794],[-114.75459111660271,45.828783310551145],[-114.75272326627015,45.828961780748024],[-114.75095390609623,45.82983908099391],[-114.75012166598431,45.83010046109683],[-114.7487689658683,45.83085601129193],[-114.74668148560502,45.83159966155758],[-114.74593455557208,45.832173261678406],[-114.74540706562226,45.83294668179458],[-114.74419779557842,45.83392250199415],[-114.74389912566505,45.83465240208444],[-114.74383715581295,45.835455552157775],[-114.74296893589329,45.836717212348105],[-114.74287099600389,45.837368512412176],[-114.74338585629592,45.838323762442045],[-114.74397698652344,45.8388804524311],[-114.74507952687905,45.83957338238174],[-114.74546147705593,45.84008292238721],[-114.74556313718668,45.84063766242375],[-114.74535681729812,45.841400542507785],[-114.74532159749255,45.84240984259579],[-114.74481349756624,45.84328164271828],[-114.74415375758053,45.84400538284322],[-114.74349809776089,45.845557113037096],[-114.7416867276472,45.84677768331584],[-114.74119116764616,45.84726199340469],[-114.74077453778047,45.84834680353617],[-114.73934799785341,45.850121803823875],[-114.73847203806366,45.85204077406994],[-114.73859977835392,45.85336877416869],[-114.73889841853487,45.85398007419078],[-114.73977066892579,45.85507665419762],[-114.74050534914855,45.855466634158624],[-114.74171598938656,45.85546295404034],[-114.74255852960653,45.85573236398075],[-114.74274738982223,45.856626304037206],[-114.7435973102952,45.85815564408236],[-114.7437799905296,45.8591487941477],[-114.74363123063247,45.85981076421762],[-114.74324903060808,45.86006633427626],[-114.74065722012837,45.8602233345421],[-114.73932373980756,45.859933984647874],[-114.73792599958954,45.86022280480831],[-114.73703579956366,45.86097206495785],[-114.73638539960857,45.861839475093895],[-114.73488171947645,45.862662805309434],[-114.73450086941818,45.862747285353635],[-114.73384159939675,45.86329092546343],[-114.733788119534,45.8640307855306],[-114.73396140977745,45.86507825560139],[-114.73382859985458,45.86559567565766],[-114.73359134986869,45.86590047570629],[-114.73244228975025,45.866442135863686],[-114.73098487953519,45.86680483603615],[-114.72897381929205,45.867573826296606],[-114.72893610946953,45.86849913637778],[-114.73015339968367,45.86836896624819],[-114.73150433996703,45.86845313612349],[-114.73216873013862,45.86865602607571],[-114.73351115034647,45.8683710059209],[-114.73376099033912,45.86808742587283],[-114.73312536000591,45.86704748584776],[-114.73387149009972,45.8667801757526],[-114.73441339012768,45.8663852156667],[-114.7347253399878,45.8653768355519],[-114.73476961983214,45.86455405547867],[-114.73538648978861,45.86372705534929],[-114.73618456999826,45.8639885752934],[-114.73722127012292,45.863589155158856],[-114.73786976025977,45.86363377509936],[-114.7391491806843,45.864495675046776],[-114.74025442086351,45.86430154492273],[-114.73849598015529,45.86249230494274],[-114.73747147988156,45.86213348501262],[-114.73879163002232,45.86153464483377],[-114.73978589004973,45.86068997466613],[-114.74103787030722,45.86074294454845],[-114.74284836062895,45.86056620435717],[-114.7436155808013,45.8606715542912],[-114.74360049087278,45.8610442543238],[-114.74411986097505,45.86104345427315],[-114.74452653101892,45.860861714218274],[-114.74426334084261,45.86023885419179],[-114.74456272071293,45.85929413408352],[-114.74443024048456,45.85828133401169],[-114.74362109006431,45.85697569398126],[-114.74321122968422,45.85547692389573],[-114.74248455944861,45.85501469392785],[-114.74112510919842,45.85510427406785],[-114.74038661900192,45.85484944411855],[-114.73984193876865,45.854219204118856],[-114.73938983852257,45.85343290409707],[-114.73911428826155,45.852397784037244],[-114.74077798794458,45.849165813604415],[-114.74137838793331,45.848516043491486],[-114.74145146789694,45.84826160346306],[-114.74250542783027,45.84688585324509],[-114.74423966792921,45.8456678029741],[-114.74441191790098,45.845356112931206],[-114.74452287775509,45.84451535284995],[-114.74539081774995,45.84363174269134],[-114.74596877766798,45.84264964255278],[-114.7458907474592,45.841680062479156],[-114.74624504739563,45.84101133238865],[-114.7462750672613,45.84030825232678],[-114.74561499696853,45.839492802322845],[-114.74429557649981,45.838446942363746],[-114.74394195629777,45.83778344234263],[-114.74397019615776,45.83705341227872],[-114.74447404607076,45.83611875215127],[-114.74517060602047,45.83517776200457],[-114.74616386603032,45.83424503182965],[-114.74657874596761,45.83352031172853],[-114.74833681610527,45.83247243146946],[-114.74878761607995,45.83189955137756],[-114.7506828461935,45.830595091083616],[-114.7519319763257,45.83002295091403],[-114.75281892638165,45.82942670077768],[-114.75346689648362,45.82929737070373],[-114.75476992674805,45.82933551057996],[-114.75523681681189,45.82919413052264],[-114.7554278668052,45.82897181048541],[-114.75579221646917,45.82692552027847],[-114.75560010628192,45.826175740234376],[-114.75583314617923,45.8254299601492],[-114.7557819061318,45.82524262013846],[-114.75500611585481,45.82462006016187],[-114.75496531580224,45.82439637014711],[-114.75507729566036,45.82357357006727],[-114.75545132550744,45.82243608993551],[-114.75581462543498,45.82171302983955],[-114.7576839956208,45.82079635958063],[-114.75824812519213,45.81808638929858],[-114.75932003514713,45.81679988908639],[-114.76018115516062,45.81601540893679],[-114.7594955846733,45.81424673885533],[-114.75951469446727,45.81319295876512],[-114.75930732427005,45.81240766871947],[-114.7587965540294,45.811704398710276],[-114.75780698368679,45.81096287874442],[-114.75733521334065,45.809691228683754],[-114.75735620329274,45.80942949865974],[-114.7584236534244,45.80903428852274],[-114.76076068379247,45.80857022825631],[-114.76143542386548,45.808268938165384],[-114.76165837380759,45.80775751810079],[-114.76113928350267,45.80673947806595],[-114.76115037330956,45.8057579679826],[-114.76155626325787,45.80509648788761],[-114.76232762333132,45.80470200777945],[-114.76254087324297,45.804046877703776],[-114.7623255030587,45.803333877664954],[-114.76159407276899,45.80260187767478],[-114.76148240268323,45.80228151765879],[-114.761608042623,45.801854307610746],[-114.76199112261358,45.80142761753764],[-114.76250985265142,45.801104467460064],[-114.76271448257404,45.8005126373905],[-114.76237379218503,45.798894627288014],[-114.76198111197418,45.79822347726992],[-114.76231729189323,45.797483287175154],[-114.76234384182484,45.797113357141505],[-114.76223485167162,45.79645084709655],[-114.76174290133808,45.79526088704464],[-114.76172165111923,45.79418142695613],[-114.76221370107329,45.793463106848],[-114.76359914114384,45.79244526662781],[-114.76497024109352,45.79083379635922],[-114.76529229100632,45.790076066264355],[-114.76524373089147,45.78954658622464],[-114.76486344064377,45.78867700618872],[-114.7650411205577,45.78806804612032],[-114.76659762063575,45.78691851587244],[-114.76827543082996,45.78623301565173],[-114.76992367108292,45.78587252546116],[-114.77215804124528,45.78447547512657],[-114.77252990123915,45.784076125056934],[-114.77271841118737,45.783628825001045],[-114.7726739108963,45.78220808488619],[-114.7728318808244,45.78168978482733],[-114.77330267086393,45.78142217475911],[-114.77479003106656,45.780967914576294],[-114.77665480120504,45.779817044298355],[-114.77741815110355,45.77854958411785],[-114.7777914809511,45.777412053986104],[-114.7788021309825,45.77656846381698],[-114.77912749094425,45.77605361374214],[-114.77914565073674,45.77499085365125],[-114.77962001048556,45.77325588345952],[-114.77961113034445,45.772554073401494],[-114.7794073101591,45.77182271335999],[-114.77951986013406,45.771584943329074],[-114.78204198029401,45.76989012294159],[-114.78276011039131,45.769668292853154],[-114.78378981059618,45.76967915275399],[-114.78464052073122,45.769515912657546],[-114.78502321072177,45.76908916258449],[-114.7849182306196,45.768678582560256],[-114.78416334021867,45.767407422527036],[-114.78379291985162,45.765925482438675],[-114.78350714967397,45.765313862415155],[-114.78360223948121,45.764248552316516],[-114.78299453920125,45.7634405723078],[-114.78292132912298,45.7631189522879],[-114.78359059914312,45.762556682175656],[-114.78389692908353,45.76195243209518],[-114.78371713878495,45.76062619200132],[-114.7840873385482,45.75906567183434],[-114.78373285819325,45.75762821174818],[-114.78415178803365,45.75640813160497],[-114.78400173786581,45.75571100156104],[-114.78322659762733,45.75527764160002],[-114.78174946726598,45.75492155171371],[-114.78007172669149,45.753689951773325],[-114.77867354631302,45.7531691818655],[-114.77784265616386,45.753241701952334],[-114.77647515599469,45.75374604212757],[-114.77568335585474,45.75382626221128],[-114.7735361253569,45.75344723238813],[-114.77146502475752,45.75248055250816],[-114.77020299446558,45.752261222612375],[-114.76958631423219,45.75169651262489],[-114.76929401407125,45.75117509260949],[-114.76980011388203,45.749718152437886],[-114.77059122383096,45.74867485227337],[-114.7708256237346,45.7479560021902],[-114.77086565363336,45.747405602140056],[-114.77076314357642,45.747219962134416],[-114.77043032347736,45.74705093215256],[-114.76925568323242,45.74698172226088],[-114.76873661307832,45.74671983228926],[-114.76851393294675,45.74627712227373],[-114.76801521274302,45.74574451227743],[-114.76792094259838,45.74510853223312],[-114.7674532124541,45.74484493225642],[-114.76698717235291,45.74479731229766],[-114.76623020224629,45.745011332389176],[-114.76576719215457,45.74500861243392],[-114.76504412196522,45.744771432484235],[-114.7645533017862,45.74435556249698],[-114.7639884116394,45.744176172536804],[-114.76158677128745,45.744786462821395],[-114.76087203116211,45.74486403289733],[-114.76030895102102,45.74471156293922],[-114.75954652074564,45.74407959296012],[-114.75927141060058,45.743620592948275],[-114.75873612039521,45.74311614295786],[-114.75873357027342,45.74250414290666],[-114.75848730010526,45.7419001628798],[-114.75845970982897,45.7405328627675],[-114.75866678957058,45.73902281262041],[-114.75900467945843,45.73812055251171],[-114.75927614944057,45.73776055245505],[-114.7595481294386,45.73748006240509],[-114.76042795984168,45.73864073241723],[-114.76125627013491,45.739297532392],[-114.76191767028216,45.739383742335036],[-114.76299149047591,45.73929432222323],[-114.76408532054327,45.73854713205413],[-114.76427799050505,45.73816272200311],[-114.76457032028787,45.73677587185811],[-114.76425540982864,45.73476995172004],[-114.76434438972969,45.73418193166194],[-114.76637802979774,45.732503571323356],[-114.7680800199594,45.73162825108444],[-114.76829780988679,45.731044971014235],[-114.76809069969055,45.73025969096832],[-114.76817756966078,45.730022790939955],[-114.77072727972362,45.72780522050592],[-114.77103465951664,45.72645386036245],[-114.77171971947415,45.72555808022059],[-114.77111673905658,45.7240477801521],[-114.7714607186625,45.721714059922384],[-114.77104178840646,45.72083676988931],[-114.77121475838237,45.720543009847795],[-114.77122937820172,45.719615389768364],[-114.77137246815947,45.71925959972454],[-114.77080392769875,45.71749612963134],[-114.77146315787762,45.71774437958827],[-114.77201326797868,45.717708189531834],[-114.77248789799424,45.71731443945262],[-114.7729789178348,45.71601999929604],[-114.77319214782372,45.71575190925282],[-114.77386027787962,45.71536975915583],[-114.7748433580168,45.71508519903646],[-114.77513481798678,45.71464348897099],[-114.77500118771925,45.713423718881344],[-114.7742116973964,45.71257670888676],[-114.7747133273459,45.71182199877454],[-114.77460189722326,45.71131260874252],[-114.77332947663237,45.709590428721064],[-114.77293531649157,45.70927040873239],[-114.77218463629,45.70899818878232],[-114.77192170618304,45.70871883878428],[-114.77295354632238,45.70839667865706],[-114.77334572630623,45.70792463857931],[-114.77279235570457,45.705431548423135],[-114.77203844537969,45.704538338421145],[-114.77243121536549,45.70407527834405],[-114.77247716532081,45.70380371831675],[-114.77235102522747,45.703456838299786],[-114.7717611350014,45.70290025831014],[-114.76977106450009,45.70234492845645],[-114.77047678459876,45.70214158837087],[-114.77152544479111,45.70207091826319],[-114.77210660487681,45.701925688194606],[-114.77236247488634,45.70171918815241],[-114.77254227480852,45.70114615808673],[-114.77250828473977,45.70083223806354],[-114.77216800457902,45.700357408056604],[-114.77124719433446,45.70003679811891],[-114.77005891408176,45.699941048226165],[-114.77328186441032,45.6983942777833],[-114.77371749434207,45.697614757675375],[-114.77387439415496,45.696511397567264],[-114.77357329396611,45.695855247541225],[-114.77300862370585,45.6950998075324],[-114.77440110384448,45.69441464733966],[-114.77462051377778,45.69385830727154],[-114.77449302352956,45.692728347188726],[-114.77369403302559,45.69097249711837],[-114.7745615830662,45.69031370697877],[-114.77476745303251,45.68993783692713],[-114.77497047272637,45.68818484675979],[-114.77469564254439,45.6875368367319],[-114.77474410247008,45.6871121666914],[-114.7750765123805,45.68632704659306],[-114.77536701200938,45.684157096382116],[-114.77603178183028,45.68258685618535],[-114.77609776139697,45.68032531598849],[-114.77584699113976,45.679271455923995],[-114.77556968098756,45.67877655590915],[-114.77572399083043,45.67782629581415],[-114.77551845056401,45.67668092573754],[-114.77557917026489,45.67510366559878],[-114.77547107007746,45.67426110553822],[-114.77700038041974,45.67447152540776],[-114.77862765088011,45.67518276530993],[-114.7803319313178,45.675702395188516],[-114.78081859148492,45.67606432517182],[-114.78019173148111,45.67667018528364],[-114.78017570154378,45.67700377531333],[-114.78032744164187,45.67734979532778],[-114.78114393197473,45.678222885322135],[-114.78193440222623,45.678709765286484],[-114.7856033030872,45.67941620499036],[-114.78776646367956,45.68026255485186],[-114.78878959390602,45.680390604763446],[-114.7896901940506,45.68022566466223],[-114.79229520429527,45.67886990429554],[-114.79273634435783,45.67874722424243],[-114.79290446458162,45.67971378430751],[-114.79259366470014,45.68062426441426],[-114.79244870492307,45.68189827453562],[-114.79079687509945,45.684437564909565],[-114.79057947517185,45.685020874979735],[-114.7909264253906,45.685783475010304],[-114.79158761568867,45.68663463501781],[-114.79187715595339,45.68768717507831],[-114.79284933650787,45.68952715513888],[-114.79362406685952,45.69053655514873],[-114.79403531697862,45.69072991512508],[-114.79484387713583,45.690721025045896],[-114.79540352719243,45.690450364968896],[-114.79633125719634,45.68954635480283],[-114.7996042473473,45.68705202427544],[-114.8021226376215,45.68593296393701],[-114.80367624770162,45.68479200369035],[-114.80727563830722,45.684275873297835],[-114.80851303848901,45.68396453315164],[-114.81007866860695,45.683003112918904],[-114.81185232884785,45.682457782701036],[-114.81209636885868,45.68226960266152],[-114.81219640879591,45.6818521926167],[-114.80999864802315,45.68012533268454],[-114.80816586752402,45.679421402803065],[-114.80797551745586,45.679265732808446],[-114.80764545725283,45.67856564278152],[-114.80585730666803,45.67738311285541],[-114.80534426641961,45.676635102842205],[-114.80458424588981,45.67470714275356],[-114.80434090565714,45.6737701126983],[-114.80576425555826,45.67185034239873],[-114.80675923562296,45.6711870422464],[-114.80711550557166,45.6705720621601],[-114.80956528556123,45.66807790171264],[-114.80995749550969,45.667425701619734],[-114.8106143952351,45.665378441383716],[-114.81088215520785,45.66497343132366],[-114.81297175534917,45.66360740100613],[-114.81380057530957,45.66258054083932],[-114.81496000547476,45.6622627307002],[-114.81572967554985,45.66187693059312],[-114.81634989557186,45.66137011049032],[-114.81688226554516,45.660704190382695],[-114.81843034527672,45.657798929988054],[-114.81838817514627,45.657179239939964],[-114.81716695449224,45.655077769881395],[-114.81714547427713,45.6540073197933],[-114.81857377386204,45.65047595935758],[-114.82001975365078,45.647961159005646],[-114.82037992350108,45.64684191887652],[-114.82110472343835,45.6458004787186],[-114.82103930323626,45.644839518643956],[-114.82119223315189,45.64425829858021],[-114.82334275307626,45.641728848158856],[-114.8273372533152,45.638957477538504],[-114.82800160332607,45.638350087422964],[-114.83125836329214,45.63492821681932],[-114.83322044323049,45.63265694643797],[-114.83426500330289,45.63198274628004],[-114.83677901357261,45.63084504594073],[-114.83794773362072,45.62992358574998],[-114.84157878407572,45.628613175287946],[-114.84257248410299,45.62776056511994],[-114.84427320427329,45.62692914488523],[-114.84518092429492,45.626133424730334],[-114.84560962424695,45.62546186463226],[-114.8468048844878,45.625493574519176],[-114.84950839511906,45.62600547430048],[-114.85069333536494,45.626073504191474],[-114.8516561556661,45.62664409414628],[-114.85220421580014,45.62677861410454],[-114.85290791585913,45.62637678400258],[-114.85418823588232,45.62521735378096],[-114.85492598593542,45.62475135367026],[-114.85745697622222,45.62368463333538],[-114.85822304636213,45.62363171325678],[-114.85854733643595,45.62368376322972],[-114.85915968665645,45.62419413321341],[-114.86038104716062,45.62553903320833],[-114.86164451753643,45.626189383140705],[-114.86286988783243,45.62647194304583],[-114.86483437822244,45.62649542285752],[-114.86591595837248,45.626179722726214],[-114.86641635847083,45.62618077267782],[-114.86660791854256,45.62635430267385],[-114.86666999865882,45.62688328271237],[-114.86781930919891,45.62848259273563],[-114.86804927927791,45.62865482272782],[-114.86886494945907,45.62876218265786],[-114.87055018976592,45.62864200248449],[-114.8730804000505,45.627565962148914],[-114.87407131010713,45.62686620199404],[-114.87530169030829,45.626662381857734],[-114.87702736077507,45.62731486174546],[-114.87924922143687,45.62846353162686],[-114.8799418616088,45.62864700157516],[-114.88179121197673,45.628674101398296],[-114.88221197208834,45.628821811369974],[-114.88410144272432,45.63017072130033],[-114.8850877730227,45.63070422124964],[-114.88614772358133,45.632486421296754],[-114.88754409392192,45.63282590118997],[-114.8878920940676,45.633219101189326],[-114.8885204542628,45.63358475115918],[-114.8897492245681,45.63391192106758],[-114.89070615474041,45.63383427096836],[-114.89177561481705,45.63315869080795],[-114.89232459480759,45.63256386070474],[-114.89488131517285,45.63187350039903],[-114.8957027852256,45.63132336027318],[-114.89718566557367,45.631614760154015],[-114.8996679460045,45.6313318998897],[-114.90447351692988,45.631248519417035],[-114.90600293716437,45.63091711924101],[-114.90661704746137,45.63181423925685],[-114.90736666773259,45.632445669237235],[-114.9084272180006,45.6327513891601],[-114.90929666812616,45.632523559056736],[-114.9090956581714,45.63295351911229],[-114.90910164829835,45.63359241916538],[-114.90814861842826,45.63520033939282],[-114.9081880586928,45.636504199498475],[-114.9083829288466,45.637091619528924],[-114.9089262390381,45.63752306951249],[-114.90869363902422,45.637684069548555],[-114.909012789191,45.63821322956203],[-114.90946704922202,45.637918609493276],[-114.91079443964335,45.63873724943334],[-114.91157628983028,45.63890846937194],[-114.91336508019535,45.638982139204685],[-114.91846423102695,45.63813197863905],[-114.92052499127132,45.6373230483714],[-114.92211094149502,45.636881468180626],[-114.92337257171768,45.63675706804787],[-114.9274516923685,45.636004587589284],[-114.92846976239962,45.63515039741893],[-114.9287442224675,45.635221957398315],[-114.92860119297595,45.637945327640715],[-114.92875430347308,45.64031644782476],[-114.9301012839885,45.64159326780131],[-114.93118387446641,45.642942187809496],[-114.93302294490994,45.643364867666605],[-114.93319692496412,45.64346688765827],[-114.9333264050649,45.643849487677834],[-114.9333231954883,45.64600094785856],[-114.93231670574524,45.64830401814928],[-114.932437336036,45.64965907825125],[-114.9325813061804,45.65024821828666],[-114.93330604662805,45.651798488346344],[-114.93411688704585,45.65311173837782],[-114.93460093723857,45.65360812837241],[-114.93592463764682,45.65436358830733],[-114.93694084792416,45.65476059824207],[-114.93819782823992,45.65511326814967],[-114.93961643853655,45.65520830802003],[-114.93999432869852,45.6556543280207],[-114.94080551897258,45.656238407990976],[-114.94245687949964,45.657270517917226],[-114.94274301956614,45.657323637893946],[-114.94387446975688,45.65716750777107],[-114.94551656996782,45.65660663756476],[-114.94719490996359,45.654919307260585],[-114.9481891000307,45.65427279710993],[-114.94805913014467,45.654979417181764],[-114.9471163903039,45.656722317419245],[-114.94719474053895,45.65783578750495],[-114.94656335084056,45.65999097774673],[-114.94562319097203,45.66158975797189],[-114.94439039090953,45.662496538167446],[-114.94434071097658,45.662885318204886],[-114.94499687139734,45.664365868265214],[-114.94486017156338,45.66534274836028],[-114.94373689175804,45.6674429286452],[-114.94175610190082,45.67013080906257],[-114.94183304202383,45.67067723910084],[-114.94212348213911,45.670973259097444],[-114.944446942701,45.67151403891719],[-114.94551757306871,45.672314138880246],[-114.94578330339806,45.67371817897201],[-114.94543075352884,45.6747295390909],[-114.94560510380005,45.67592969917446],[-114.94553376383814,45.67619320920341],[-114.94491316384891,45.67686277931972],[-114.94379343380261,45.67773862950176],[-114.94366733389259,45.67831907956256],[-114.94433408441706,45.68031234966468],[-114.94549409476447,45.68092033960293],[-114.94585760517121,45.682618039709716],[-114.94636382550173,45.6837887197585],[-114.94673375563924,45.684117969750204],[-114.94715257574337,45.68422949971882],[-114.9476631258345,45.68418482966553],[-114.94912234625087,45.68484542957903],[-114.95003116645648,45.684984989502496],[-114.95066857656808,45.684917909434965],[-114.95206734673097,45.68435637925212],[-114.95531908694332,45.68220934875675],[-114.9562022969643,45.68144059860664],[-114.95808873711441,45.68033098833061],[-114.960781497415,45.679184347973184],[-114.96266477769963,45.678758887754746],[-114.96574419829558,45.678723877452725],[-114.96753393855178,45.678247577239084],[-114.97192318908183,45.676582576673596],[-114.9750947496665,45.67640008635034],[-114.97707652992327,45.675736906102436],[-114.97781244004264,45.67561222602054],[-114.97896517029585,45.6757520559203],[-114.98837649267017,45.678447865231554],[-114.98892592287704,45.678950735220205],[-114.98989092332077,45.68024019523421],[-114.99012891374299,45.68214017536987],[-114.9905982540683,45.68332095542288],[-114.99075572425106,45.6840895654718],[-114.99069286438518,45.684829885539735],[-114.98979905458144,45.68670644578336],[-114.9896529146821,45.68735966585213],[-114.98962722478407,45.687900645899795],[-114.98981157501115,45.68886635596253],[-114.99108596591063,45.69215230611314],[-114.9912806760257,45.69254155612668],[-114.99207752636136,45.69344982612511],[-114.99269051672108,45.69466156616668],[-114.99234421751093,45.6989943765621],[-114.99207953765168,45.699966796669],[-114.99110802786751,45.70201711693462],[-114.9911496179912,45.70260075697922],[-114.99172624817133,45.70294063695155],[-114.99205107831641,45.703352336954374],[-114.99222209850376,45.70412947700257],[-114.9919407485951,45.704868437091626],[-114.99151971862788,45.7054502571811],[-114.99092565864595,45.70612814729545],[-114.98978368860513,45.7070502374834],[-114.98885000850554,45.707469957609234],[-114.98619572810786,45.708084817918596],[-114.98342591779532,45.70924374828466],[-114.98170700764547,45.71018589853039],[-114.98053145761254,45.711181078727776],[-114.97974400780623,45.71293682895093],[-114.97891963781822,45.71381167910411],[-114.97661519764168,45.71519728944384],[-114.97557362750733,45.71554863957442],[-114.97263567698097,45.71579501988071],[-114.97111390681123,45.71644210008266],[-114.96886098643023,45.7167455403271],[-114.9676197963456,45.71754484051451],[-114.96634955631791,45.718660180731185],[-114.96341499587402,45.719320271071645],[-114.96313881601806,45.72032002118198],[-114.96313903616259,45.72104913124284],[-114.96292122630167,45.72196584134052],[-114.96256577635226,45.72257228142575],[-114.96233597663539,45.72422752158627],[-114.96305526763875,45.72857721187943],[-114.96299405795928,45.73025360202531],[-114.96333156814262,45.73084497204182],[-114.96436063852636,45.73176336201835],[-114.96466905880251,45.73285081207908],[-114.96461171913454,45.73458107222909],[-114.96449093920461,45.73505334228023],[-114.9641018593347,45.736093022404795],[-114.96353989934279,45.736688642509186],[-114.9636024494582,45.73720855254652],[-114.96432006977241,45.7380837525497],[-114.96462807997538,45.73880216257965],[-114.96451656018114,45.73994921268618],[-114.96383803034412,45.74144002287657],[-114.96189983036916,45.74347866323521],[-114.96109092032172,45.74403783336062],[-114.96019127036253,45.7451312335394],[-114.95896087049279,45.74700122381512],[-114.95686377033049,45.748253164123696],[-114.95382190000205,45.749600824532145],[-114.9527631499628,45.750447644705844],[-114.95262256997378,45.750641544735686],[-114.95267079029934,45.752233124863785],[-114.95212449086121,45.75560058519784],[-114.95166788093401,45.75641752531042],[-114.95062407097629,45.75765987551564],[-114.94981240106603,45.75891216569913],[-114.94879952105697,45.75986537587722],[-114.94616064056865,45.76001070614627],[-114.9422955499359,45.760639416575025],[-114.94076065976724,45.76130454677996],[-114.93899047965063,45.762463857049006],[-114.93764129917172,45.761385257090396],[-114.93678463894524,45.76109076714919],[-114.93486950853641,45.76092280732161],[-114.93383142837932,45.7611566374422],[-114.93329494832076,45.76139117751401],[-114.93288212830882,45.76173845758314],[-114.93296377841013,45.76216770761104],[-114.93243850853074,45.763292987756074],[-114.93087147844713,45.764418168002564],[-114.92888983841918,45.76623269834689],[-114.92710453851254,45.76846350870682],[-114.92674295861949,45.7693580988167],[-114.92601493867315,45.77034629897004],[-114.92676126932987,45.77291301911151],[-114.92560974930343,45.77391579930732],[-114.92480087933119,45.774852769464275],[-114.92430373942865,45.77583301959446],[-114.92371593943372,45.776438329702174],[-114.92250602937655,45.77734406989558],[-114.92158826943918,45.77856381008674],[-114.92075978969952,45.78068961034474],[-114.92109693002843,45.78201023042206],[-114.92096030019778,45.782996070517605],[-114.91799339065176,45.788201791240795],[-114.91645184064832,45.7897039415163],[-114.91442456052245,45.791069721827725],[-114.91327838066024,45.79289131209131],[-114.91510487112622,45.79343174195839],[-114.91614708144014,45.793981061902635],[-114.91739754194762,45.79529733189055],[-114.91803548227641,45.796319591913644],[-114.91860501265319,45.79765023196907],[-114.91948000340882,45.8005816321281],[-114.92040279383468,45.80181011214057],[-114.9203246838898,45.80216385217769],[-114.91965256396875,45.80322210233137],[-114.9192733741696,45.804603332483424],[-114.919408704215,45.80469770247811],[-114.92049940441973,45.80465122236794],[-114.92098266453458,45.80475163232919],[-114.92155936471373,45.80508286230056],[-114.92279190516598,45.806138662268395],[-114.9262674660681,45.80724328202156],[-114.92751674642484,45.80780337194644],[-114.92898481697013,45.8090940319108],[-114.9298163873375,45.81011854191504],[-114.93036130771175,45.81145898197356],[-114.93030620780003,45.811955952020284],[-114.9295257578425,45.81293698217808],[-114.92883428782648,45.81353688229548],[-114.92370956747376,45.81680972306779],[-114.92272197750935,45.81795985325987],[-114.92263901762293,45.8186108033222],[-114.92287796787286,45.81962874338366],[-114.92313776796695,45.81984484337631],[-114.92417065821468,45.820070353294355],[-114.9253467486044,45.82086702324596],[-114.92563583875068,45.82131614325514],[-114.92557247881416,45.821696383292995],[-114.92475516874562,45.82215656341104],[-114.9231413386717,45.82337324366973],[-114.92042458821109,45.82373667396498],[-114.9187007480229,45.82448900419579],[-114.91839262814774,45.82541772430317],[-114.91691124803779,45.826323724523085],[-114.91498680811884,45.828622114902224],[-114.91420979824656,45.83002597509489],[-114.91410149857643,45.83178495525195],[-114.91346077860604,45.83256304537922],[-114.91316348872758,45.8334643754833],[-114.91279400877625,45.83407113556984],[-114.91055123869643,45.83587629593895],[-114.90926455855687,45.836442466111656],[-114.90848818865067,45.83767524629],[-114.90484117844134,45.84021248685713],[-114.90216194850173,45.84314856736302],[-114.90094371846143,45.84414436756481],[-114.90033235839772,45.84442630764792],[-114.89898980812524,45.84438218777529],[-114.8983451980336,45.84455723785276],[-114.89775676807672,45.84535145797632],[-114.89718566828323,45.84694619816485],[-114.89594278816807,45.84759172833988],[-114.8950487081245,45.84825234848216],[-114.89262400819186,45.850972488945295],[-114.89139729812655,45.851851459138196],[-114.89146281821637,45.85223627916385],[-114.89303442874649,45.85334383910263],[-114.89354729906151,45.854415499141766],[-114.89356961924027,45.85528785921221],[-114.89322570988426,45.85884610954198],[-114.89273742008689,45.86033898971389],[-114.8924034406141,45.86330280999313],[-114.89211102078917,45.86446496011836],[-114.89205217105173,45.86583516023812],[-114.89181738110807,45.86634725030367],[-114.89160959132087,45.867614520429385],[-114.89128420143204,45.86848974053398],[-114.8901696613792,45.86931986071188],[-114.89111574165383,45.86976334065639],[-114.89195734193589,45.87034640062268],[-114.89327718225347,45.87063776051802],[-114.89483031258862,45.87078742037881],[-114.89720285321731,45.87159978021465],[-114.89937523366046,45.871681430009204],[-114.90024811389698,45.87200639995099],[-114.90268911436438,45.871945999707535],[-114.90378007462147,45.87215951961869],[-114.90487373496747,45.87281485956639],[-114.90558387528803,45.873719409572175],[-114.90657718562817,45.87444377953535],[-114.90761699606635,45.87561203953087],[-114.90802585620146,45.875885779513695],[-114.90910255647218,45.87618162943306],[-114.913313487371,45.87654022905147],[-114.91393388754128,45.87678208901097],[-114.91420432768459,45.877232429021944],[-114.91431883790685,45.878229769093586],[-114.9144567779881,45.87850016910261],[-114.91563344834749,45.879140719040855],[-114.91750176878861,45.87951142888907],[-114.91905173921226,45.880106728787055],[-114.92064462955251,45.88024374864276],[-114.92211537994444,45.88075874854182],[-114.92595350086212,45.881577878234765],[-114.92695280108148,45.88169318814662],[-114.92989992163821,45.88158422784956],[-114.93010792172484,45.881812897848214],[-114.9302508919137,45.88261527790084],[-114.9300794020842,45.88363412800218],[-114.93040046251333,45.88546073812245],[-114.93013326260032,45.88615675820636],[-114.93030345279125,45.886942458254936],[-114.93062585290625,45.88720035824483],[-114.93259064344815,45.887979558117394],[-114.93313649369631,45.88868281812242],[-114.93523834449427,45.89060497807641],[-114.93540985460635,45.890995768092054],[-114.93537110469883,45.89149520813728],[-114.9363343750882,45.892493808125934],[-114.93723403536177,45.89297731807812],[-114.93957327589563,45.89334959788024],[-114.94219596635317,45.89306447760012],[-114.94339419659244,45.89308475748464],[-114.94615543699781,45.89240372715813],[-114.9486946275667,45.89275565693902],[-114.95013743782049,45.892609286785806],[-114.95125047805735,45.8927015066846],[-114.95264367827238,45.892410306524226],[-114.95513440858593,45.891537076208216],[-114.95685817892021,45.891517416038],[-114.95788423917917,45.89180504596148],[-114.96078283002404,45.893182065792146],[-114.96308365060409,45.89382342562031],[-114.96460925105973,45.894602925535665],[-114.96613080156641,45.89564060547282],[-114.96796199197793,45.895901315315335],[-114.96934385237209,45.89651505523094],[-114.97113701279338,45.89686183508428],[-114.97291779334051,45.89784768499173],[-114.97419319362258,45.89800685488017],[-114.97481508371432,45.89785620480683],[-114.97580386380638,45.89734863466803],[-114.97628187388663,45.89728147461575],[-114.97680281401709,45.897422374576394],[-114.97907829474724,45.89883721447095],[-114.97960499494431,45.8993044044581],[-114.97892264491291,45.89981486456717],[-114.97852338511991,45.901236144723896],[-114.97903498536586,45.9019612547339],[-114.9795219157286,45.90329266479645],[-114.97955022583322,45.90378606483453],[-114.97931847587466,45.90421899489302],[-114.97950191594495,45.90438982488922],[-114.98069401624443,45.90471692479969],[-114.98196843651309,45.90481019468267],[-114.9830357768433,45.90541259462806],[-114.98867943842319,45.90776907427072],[-114.98932335863422,45.90819133424264],[-114.98947533878331,45.90878513427687],[-114.98983877892168,45.909119314268985],[-114.99175429946396,45.909949374150145],[-114.99352278003035,45.911042744067466],[-114.99371317013237,45.91136470407546],[-114.99508522045569,45.91163524396351],[-114.99651503068884,45.91140065380413],[-114.99693279082955,45.91169319378746],[-114.99793738105726,45.911846243701774],[-114.99957207146906,45.91230092357929],[-115.00015081163987,45.912586563546256],[-115.00040289182827,45.91327820357878],[-115.0011463721049,45.91392963355987],[-115.00125441217695,45.9141826535702],[-115.00119939221183,45.9144101635944],[-115.00040382219055,45.91508000372768],[-115.00029337229581,45.91571173379072],[-115.00043056245093,45.91634953383002],[-115.00030482251417,45.91678668387845],[-114.9996809625776,45.91771086401597],[-114.99919667255963,45.918093564095024],[-114.99913117260533,45.918384834125504],[-114.99945073272637,45.91867548411824],[-115.0000244831036,45.919992344170886],[-115.00038773345813,45.9214015342518],[-115.0006852035473,45.92155525423539],[-115.00258946391446,45.921524744046394],[-115.00321949407744,45.92172084400089],[-115.00331940413076,45.921888784004935],[-115.00331191435926,45.923032364100216],[-115.00452054497553,45.92491886413774],[-115.00481583508402,45.925170354129584],[-115.00520202520265,45.925384044109414],[-115.00625740543576,45.925514334016825],[-115.00732055561245,45.92535670389961],[-115.0082380758233,45.92551075382252],[-115.00975400601648,45.92499403363133],[-115.01234074650912,45.924923003372065],[-115.0133241267473,45.9251487432944],[-115.01767175763968,45.925349462885045],[-115.01862838786145,45.92552014280543],[-115.01931153794489,45.92526946271784],[-115.0198105080444,45.92527813266967],[-115.02017754815263,45.925458742648615],[-115.02144776881033,45.927490762691946],[-115.02307346939082,45.92879281264016],[-115.02318548950342,45.92924329266643],[-115.0234940996531,45.92968679267276],[-115.02511781026581,45.93115060263451],[-115.02541155046062,45.931832602662],[-115.02546625059776,45.93246097270852],[-115.02532348071094,45.9331621427804],[-115.02543266080642,45.933530322800095],[-115.0258716209725,45.93392802278989],[-115.0263606311037,45.93410389275645],[-115.02703121125856,45.93422057270038],[-115.02860772168316,45.934795472593336],[-115.03123992227891,45.93519324236818],[-115.03264566263724,45.93560521226437],[-115.03383432290585,45.93578269216256],[-115.03590545343894,45.93641543201172],[-115.03637712353138,45.936415631965545],[-115.03784217371143,45.93588449177811],[-115.03840528380535,45.93580298171618],[-115.03949294403571,45.935889271616695],[-115.04141290456879,45.93666907149285],[-115.0418484346662,45.93672936145509],[-115.04243836477646,45.936702841395096],[-115.04325604487241,45.936384281288674],[-115.04388678477972,45.935310371138314],[-115.04492529471995,45.934003130928694],[-115.04638101485666,45.93326613072527],[-115.04698300496426,45.933214980662015],[-115.04841911528368,45.93340479053694],[-115.05001421554331,45.933143050358986],[-115.05068442570462,45.933292500305654],[-115.0512476658587,45.933509850268315],[-115.05235889621954,45.93422145021812],[-115.05378851683254,45.935875650214314],[-115.05580543740878,45.936776470090855],[-115.05777897804337,45.938008829998964],[-115.06023081860204,45.93839934979075],[-115.06239952923582,45.93943808966369],[-115.06354012964054,45.940338989626085],[-115.06448967991875,45.94079718957069],[-115.06610126023557,45.940804089413255],[-115.06676398039154,45.94093419935899],[-115.06806995076144,45.94150145927765],[-115.07013372129441,45.94214176912803],[-115.07325835230478,45.944121178984574],[-115.07375519250705,45.944642448978755],[-115.07388277263279,45.9451423290074],[-115.07452524292623,45.94597435901292],[-115.07639296354714,45.94724142893402],[-115.07744834385493,45.94774403887188],[-115.08068339462787,45.94843786861165],[-115.08384767545425,45.94946549838581],[-115.08866650648395,45.94989648794852],[-115.090534046982,45.950554507819426],[-115.09250607739557,45.95069201763727],[-115.09686517846843,45.951783827299366],[-115.098154438591,45.95114122712003],[-115.10012832883781,45.950450386869534],[-115.10100206906056,45.95070765680499],[-115.1026543493663,45.95062104663577],[-115.10495578985939,45.95083425642744],[-115.10553518001592,45.95104869638824],[-115.10608023021604,45.951512506372886],[-115.10650790058891,45.952946486448795],[-115.10736949115943,45.954939626528024],[-115.10775502130004,45.955262666516745],[-115.10839074144609,45.95537044646323],[-115.10941769156561,45.954967576329324],[-115.11047631175614,45.9548857462187],[-115.11288081239664,45.9557301460521],[-115.11512687295843,45.956337755881606],[-115.11648787335446,45.95698155580089],[-115.11776146368011,45.957361585707076],[-115.12134993468896,45.95888423547992],[-115.12300224506808,45.95916206534057],[-115.12442727552975,45.96006939527513],[-115.12675431614169,45.96084725511055],[-115.12844214681057,45.96252659508274],[-115.12976683707925,45.962574934956635],[-115.13095936743659,45.963190214890076],[-115.13166517775416,45.96407985489377],[-115.13204791787697,45.96431777487574],[-115.13412414821416,45.963977934643935],[-115.13700422860632,45.96313228429177],[-115.14902922096555,45.963179663114815],[-115.14972593116276,45.9634822430712],[-115.1508716415822,45.96445085303816],[-115.1511887418184,45.965313643077764],[-115.1526282723914,45.96675821305483],[-115.15350935269913,45.96742949302334],[-115.15433930307299,45.968477973027795],[-115.15471439335838,45.96952799307702],[-115.15587980378513,45.97051311304328],[-115.15774990433744,45.97143879293547],[-115.15909765484929,45.972668892903876],[-115.16032460509243,45.97268619278478],[-115.16096005524935,45.97284853273563],[-115.16198407542272,45.9727166726242],[-115.16242218555422,45.97294381259975],[-115.16304493580118,45.97356406258941],[-115.16391177654232,45.97639322273606],[-115.16392471674887,45.977402512817505],[-115.16351489683356,45.978217662924536],[-115.16268861682715,45.9789840530685],[-115.16228627691997,45.979832143177546],[-115.16143350696268,45.980867143346146],[-115.16372123759272,45.98177292319548],[-115.16519231803407,45.9825346331133],[-115.1684609987552,45.982943462825496],[-115.16973276898155,45.982834742691644],[-115.17163092938917,45.98301712251996],[-115.1722859395549,45.98320418247093],[-115.17285204974925,45.98361840244919],[-115.17337758988464,45.98378011241074],[-115.17452952012293,45.98384625230293],[-115.17562416039273,45.98412325221805],[-115.1777758210486,45.985288602101946],[-115.17841113121214,45.985483752055444],[-115.17917774129486,45.985153001953016],[-115.18149279163273,45.984588621679244],[-115.1831999518141,45.98383743144991],[-115.18426513196214,45.98354104132099],[-115.18942158330236,45.98518995094897],[-115.19059851367695,45.98590600089184],[-115.19279835417235,45.98623212070225],[-115.19389169447228,45.98665977062975],[-115.1952772546486,45.986194800455486],[-115.19692876498752,45.98627684029981],[-115.19799668523974,45.9864931702125],[-115.19915745554236,45.98686900012911],[-115.20100156616428,45.98816406005369],[-115.20250952659659,45.98884592996115],[-115.204018496928,45.989028659827724],[-115.20716368750703,45.98885713950441],[-115.20840806780764,45.989142769405326],[-115.21042646836328,45.98994212927221],[-115.21143105869571,45.99061600922845],[-115.21357953919127,45.99099359904802],[-115.21696773025357,45.99297575887673],[-115.22014067117095,45.994449478684984],[-115.22156338165084,45.99544881862667],[-115.22278881202097,45.99609619855899],[-115.2232061420972,45.99607069851583],[-115.2250462223179,45.995388068279105],[-115.22750000274434,45.995130538016674],[-115.22862674284907,45.994562517859436],[-115.2312408331569,45.99356517752083],[-115.23339024346637,45.99302367726515],[-115.23463801361311,45.992546637103445],[-115.23864583451372,45.99313504675722],[-115.23899462469868,45.99371251677003],[-115.24020607511756,45.99461469672446],[-115.24195745588446,45.99671496672355],[-115.24318623627403,45.99745538666307],[-115.2436191864433,45.997874156654646],[-115.24449133681962,45.99889271665189],[-115.24513108715176,45.999916286672466],[-115.24204184716784,46.00296809722544],[-115.24141438751906,46.005304607477754],[-115.23976811774577,46.00800680786026],[-115.23913624793003,46.00952329804613],[-115.23944097831776,46.011142548148236],[-115.24172509915064,46.01305337807919],[-115.24319379951176,46.01342189796463],[-115.24349550968824,46.014001887982225],[-115.24411555993758,46.014635387972824],[-115.24006578983122,46.01800430864625],[-115.23805944967292,46.019152658937436],[-115.23408980962235,46.0227191796191],[-115.23401245966281,46.022993079649076],[-115.23447662993294,46.02387822967553],[-115.23454219006157,46.02444894971557],[-115.23498792030144,46.025202389733096],[-115.23455518038193,46.026014939841986],[-115.2353326411806,46.02920240002523],[-115.23482418135154,46.03053293018378],[-115.23735999227337,46.032636790105414],[-115.23929229301848,46.03444995006279],[-115.2400557933497,46.0353473900607],[-115.24077198376017,46.03668065009873],[-115.24156653410863,46.03763306009804],[-115.24211041446584,46.03886957014519],[-115.24312676483054,46.03968858011172],[-115.24399660509735,46.040166870064965],[-115.2443789553389,46.0409885400942],[-115.24570086597626,46.04285648011603],[-115.25008695747432,46.046018549941216],[-115.25031317765692,46.04669964997436],[-115.25027159787567,46.047815640069246],[-115.25037121795764,46.04812322008449],[-115.25081178823353,46.049057570117085],[-115.25147266855816,46.05002029013029],[-115.25118069869055,46.05095144023484],[-115.25051764876925,46.051974210383456],[-115.24715024881226,46.055414910995445],[-115.24658487874888,46.05564553106996],[-115.24652446876661,46.055790611087716],[-115.24640823896475,46.05687609118747],[-115.24737620935356,46.05785939117207],[-115.2474713294475,46.05823003119282],[-115.24658976003252,46.06195024158246],[-115.2460835201268,46.06289894170954],[-115.24632381048494,46.06442832181028],[-115.24601315058763,46.06523048190615],[-115.24619120069342,46.06557955191695],[-115.2461785207981,46.066106041961056],[-115.24588397080787,46.06643657201697],[-115.24522369073098,46.06669144210281],[-115.2448179107391,46.067120212177755],[-115.2447889708518,46.06770147222788],[-115.24495239101724,46.06835763226513],[-115.24474335124482,46.06967581239297],[-115.2449508214033,46.070255372419645],[-115.24494136152428,46.070858662469604],[-115.24454085167865,46.072000472601985],[-115.24305227163259,46.07320054284643],[-115.24266411168887,46.073848772937446],[-115.24310150212425,46.07556746303402],[-115.24305880227676,46.07635708310248],[-115.24292201231252,46.076663623140895],[-115.24246863231637,46.07711685322249],[-115.24160534224212,46.077579233345254],[-115.24081650210424,46.07765799342948],[-115.24007633194516,46.077586133496666],[-115.23930275173431,46.07729199354908],[-115.2381974514746,46.07707588364048],[-115.23669708107381,46.07654536374538],[-115.23582713079763,46.07602314378871],[-115.23511936062653,46.07586090384534],[-115.2344278105345,46.07607169393074],[-115.23072505021116,46.07803222445546],[-115.22345522038107,46.08583128580714],[-115.22265748034417,46.08641448593328],[-115.22091883018469,46.087297736176694],[-115.21969902015557,46.088323226380446],[-115.21763391024949,46.09076259678263],[-115.21640404042807,46.092816407071076],[-115.21574865040569,46.0933344071779],[-115.20635411983564,46.09953717860964],[-115.19904939912476,46.10304827961629],[-115.19359146841096,46.10477699029561],[-115.19175399821621,46.105582530542584],[-115.18969931806438,46.10680656084499],[-115.18927637808255,46.10730086092692],[-115.18836282843468,46.10990165122876],[-115.18770975859402,46.111308021407645],[-115.1876954786405,46.11154928142868],[-115.18817722895793,46.11264312147013],[-115.18835450915394,46.11343380151699],[-115.18828107934716,46.11445086160696],[-115.18876775980499,46.11622757170345],[-115.1890011202327,46.11809902183264],[-115.18972701044807,46.11845909179023],[-115.19095872074158,46.11871742168965],[-115.191640480964,46.119154041657794],[-115.19254035120461,46.119471061594716],[-115.19341362149991,46.12008138155814],[-115.19550755183171,46.11970213132048],[-115.19621687198114,46.119754931254775],[-115.19878929262076,46.12042553105523],[-115.20312990357792,46.12095919066991],[-115.20538757414278,46.121565060496174],[-115.20857197472716,46.12137998016662],[-115.21145452521408,46.12100690985157],[-115.2130559454383,46.120572919658144],[-115.21709692592059,46.119069789136894],[-115.2177449560198,46.11893568906203],[-115.21949509637841,46.11901785889582],[-115.22249279678239,46.11812947852757],[-115.2246969971326,46.117736498277914],[-115.22647938748179,46.11774191810228],[-115.22941624816272,46.11826814785491],[-115.23217777885007,46.118993707641074],[-115.2342802594205,46.11977655749694],[-115.2364340700878,46.120984667382245],[-115.23825960071372,46.122303707308944],[-115.2392434211269,46.12338585729958],[-115.23971813144921,46.12450960734383],[-115.23974573154204,46.12493754737584],[-115.23957703157676,46.12526861741939],[-115.23747593166247,46.12769454782389],[-115.23705243170102,46.12828765791383],[-115.23642433185975,46.12966425808761],[-115.23752060207927,46.12969110798143],[-115.24081214285275,46.13033106770808],[-115.24256158332312,46.13096135758632],[-115.24859009482218,46.132537387118326],[-115.2495162851092,46.133057007068885],[-115.25009905533513,46.13360528705577],[-115.25065154561558,46.13444961706963],[-115.2512299858502,46.135044487060654],[-115.25216643617625,46.135745127024876],[-115.25277035655442,46.13701746706833],[-115.25481452720592,46.13825215696631],[-115.25699234798698,46.139991986892014],[-115.2573028381515,46.14049996690243],[-115.2595393690257,46.14263885685462],[-115.26079145936477,46.143101666768295],[-115.2615512996411,46.14372742674383],[-115.26170804978744,46.14429301677416],[-115.2615942100256,46.14556499688848],[-115.26097836018728,46.1469417770609],[-115.26159850074845,46.14909169717371],[-115.26369353106874,46.14865908693145],[-115.26460327128581,46.14885216685713],[-115.26509336136218,46.14875825680101],[-115.26575466152778,46.148936566750066],[-115.26644906184862,46.14984173675469],[-115.26683499194168,46.14992837672348],[-115.26750493199937,46.14957195662835],[-115.26895730218186,46.14907894644481],[-115.26959634221761,46.148644806346425],[-115.27456178306348,46.1480446058067],[-115.27510117311326,46.14777373573142],[-115.27546357310028,46.147365185662466],[-115.27610649317057,46.1470958655771],[-115.27866927359177,46.14671145529244],[-115.2800678238652,46.1467145951544],[-115.28119146410255,46.146803405050406],[-115.28386703474324,46.147383574832716],[-115.28563885510343,46.14745513466321],[-115.28675792537119,46.14769688457206],[-115.28872309577527,46.14779842438587],[-115.29015310610274,46.14803585426363],[-115.29423782720669,46.14953698398095],[-115.29559126759638,46.15015105389668],[-115.29866711832348,46.15077287364262],[-115.30044489864598,46.15065530345721],[-115.3014096187061,46.150030513311215],[-115.3028861989044,46.149593383129755],[-115.30416923914552,46.149549372999275],[-115.30555861947586,46.14983991288527],[-115.30877263035002,46.15104877266497],[-115.31189661111223,46.15179696241626],[-115.31428910151381,46.15148123215396],[-115.31553117167664,46.15109452199981],[-115.31607177171726,46.150778461920765],[-115.31660495180616,46.150705311862104],[-115.32248472303606,46.151115721313325],[-115.32467215355733,46.15157981113437],[-115.3268481839786,46.15156666091791],[-115.3283032744933,46.152694990865044],[-115.32995406477377,46.15249410068539],[-115.33062011495345,46.152737830639175],[-115.33169342561219,46.15493159071008],[-115.33249404631115,46.15758039084465],[-115.33457345701952,46.159059750758225],[-115.33638612746476,46.15950915061501],[-115.3375056178209,46.16018246055853],[-115.34005243808467,46.15904940021488],[-115.34305981847635,46.15810296984073],[-115.34391857861665,46.15797139974507],[-115.34616013904686,46.15794083952071],[-115.34817106932638,46.157393879277464],[-115.35214226013352,46.15755916889756],[-115.35507121060172,46.15706130856739],[-115.3563949108412,46.15697233842914],[-115.35734988096166,46.15665303830883],[-115.360403831842,46.15804692811881],[-115.36077779201561,46.158538308121436],[-115.36095007220099,46.159278808164075],[-115.36108416246378,46.16043277824381],[-115.36102299269538,46.16161995834557],[-115.3623114130829,46.1622864382717],[-115.36338950345106,46.16305790822715],[-115.36524987429506,46.16540661823217],[-115.36601007447113,46.16554347816788],[-115.3668270247138,46.165951168119854],[-115.36791474510788,46.16683973808369],[-115.36847878534863,46.16747780807926],[-115.36870937550133,46.16800311809875],[-115.36877659567715,46.16879610815597],[-115.36821472587093,46.170273158330644],[-115.36798994621819,46.172178028506366],[-115.36859200656258,46.17328466853591],[-115.36869798683666,46.17451922862486],[-115.3693717571472,46.17539286862843],[-115.37113437775604,46.17668703855806],[-115.37144478800032,46.17758249859938],[-115.37144490817968,46.17845553866966],[-115.3718174983642,46.179000868676674],[-115.37288808878647,46.18004213865441],[-115.37418312922351,46.180942598598584],[-115.37518797964023,46.18201891858562],[-115.37644796004447,46.18279283852306],[-115.37834125094554,46.18538480854399],[-115.37952337133629,46.18616658848972],[-115.37973537143553,46.18644860849138],[-115.3798310615099,46.18671996850374],[-115.37971394167174,46.18761834858767],[-115.38024951210863,46.189236998664825],[-115.38042081248479,46.190904488782],[-115.38063284267471,46.19162751881912],[-115.38060270278899,46.192212108869164],[-115.38255754354715,46.19404884882305],[-115.3825771135954,46.19426512883853],[-115.3811965135559,46.195379639065074],[-115.38099188367833,46.1961687691489],[-115.38094984387365,46.19715821923261],[-115.38078882388072,46.197344939263644],[-115.3787214537055,46.198449699557514],[-115.3758322732254,46.19884971987621],[-115.37515746319013,46.199317149980736],[-115.3745719637243,46.20246795029228],[-115.37462581390156,46.20327874035216],[-115.37487641410108,46.2040113303862],[-115.37475306430454,46.205116620487324],[-115.37315686409652,46.205615940685846],[-115.37194829397245,46.20615676084919],[-115.37059787390558,46.20710957105979],[-115.36914828378765,46.20790793126783],[-115.36760671356996,46.20830896145299],[-115.36663771362849,46.20951016164577],[-115.36612753356097,46.20966488170883],[-115.36439980324904,46.209784191889824],[-115.36363939315983,46.21007032198821],[-115.36281484314317,46.21076955212626],[-115.36155391319025,46.212191542365794],[-115.36066032327854,46.21346578255693],[-115.35988806326847,46.2141477326884],[-115.35961493331087,46.21461183275282],[-115.35877998327359,46.21522087288463],[-115.3578375031521,46.215522353002406],[-115.35637850291542,46.21575340316575],[-115.35517740282798,46.2164651633422],[-115.35182036243458,46.21773087377706],[-115.34800658188215,46.21865688422995],[-115.34672700178288,46.21938541441553],[-115.34607491177063,46.219943004525064],[-115.34849642262036,46.221778064432456],[-115.34965512308129,46.222919824409345],[-115.35061024338705,46.22350062436131],[-115.35203937400345,46.22514128435141],[-115.3548453449627,46.227143744234],[-115.35562454528561,46.22797397422346],[-115.35566517546057,46.22878458428459],[-115.35582670554075,46.22902091428755],[-115.35688784585263,46.229531184223255],[-115.3580482263047,46.23062788419626],[-115.35926390665463,46.23117634411967],[-115.36060552732438,46.23315765414571],[-115.36077147746481,46.23368204417139],[-115.3620948278991,46.234538034108795],[-115.36271159814909,46.235167884098175],[-115.36308595823427,46.23522724406581],[-115.3638342883173,46.23492294396707],[-115.36478388848279,46.23482852386518],[-115.36592835877407,46.23515989377821],[-115.36697728907983,46.23565188371358],[-115.36815758930946,46.23565073359631],[-115.37017018977608,46.23601244342552],[-115.37059348989132,46.23617148339626],[-115.37117255012645,46.23676474338641],[-115.3727604905777,46.23745337328407],[-115.37387574079632,46.23746023317387],[-115.37487277091178,46.2370783930442],[-115.37812904163152,46.2374936327542],[-115.37871960178909,46.23770001271213],[-115.37954217218372,46.23883670272173],[-115.38134672270559,46.23966328260885],[-115.38169943284771,46.24001928260241],[-115.38167826290113,46.24029799262693],[-115.3810799729778,46.24123455276149],[-115.38057138298869,46.24176737285481],[-115.38035833316755,46.24283538296168],[-115.38044829328186,46.24330467299045],[-115.38034159364524,46.24516621315044],[-115.38069565386932,46.245918253175645],[-115.38103541419096,46.24715610324126],[-115.3806918744407,46.24869028339845],[-115.38079609491275,46.25087881356374],[-115.38326798543662,46.251084793334726],[-115.38432343560996,46.25092870321733],[-115.38488848576063,46.25112569317699],[-115.38613105602292,46.251224233061464],[-115.38668024619093,46.25151999303059],[-115.38886103660704,46.25147873281062],[-115.38991285689664,46.25188955273908],[-115.39062401705205,46.251971562674974],[-115.39372490765734,46.25197915236747],[-115.39615524810034,46.25183325211425],[-115.3980553185203,46.252075891944926],[-115.39930488882663,46.25238139184528],[-115.39982415892551,46.25237066179278],[-115.39988931930455,46.254144621928575],[-115.39928686950334,46.25567523211111],[-115.39929815979373,46.25707042222188],[-115.3987361398054,46.25765657232467],[-115.39634845961807,46.259000152669714],[-115.39514422973343,46.26069330292511],[-115.39479500984106,46.26154319302794],[-115.3938803603503,46.26486965338553],[-115.393705610818,46.26729724359743],[-115.39278114093486,46.26873331380444],[-115.39187296093955,46.26961156396515],[-115.39157151099346,46.270156334038745],[-115.3913070414324,46.27252867425517],[-115.39270681226927,46.27525742433459],[-115.39274966252529,46.276455054426314],[-115.39261263264153,46.27714613449527],[-115.39239424267471,46.2775120745463],[-115.39108772266405,46.278690714770676],[-115.39046637271434,46.27951900489886],[-115.39010220292356,46.28087290504349],[-115.38997499315536,46.28211314515552],[-115.38946478317553,46.28269097525253],[-115.38596012285701,46.28445060574204],[-115.38498085279748,46.28508479589028],[-115.38451372279637,46.28551920597149],[-115.38405215284857,46.28620569607242],[-115.38378337304316,46.28739892619477],[-115.38335487305154,46.28784287627291],[-115.38100865293404,46.28948371663773],[-115.37981387297722,46.29081682686339],[-115.37884739292025,46.291451147010356],[-115.37692420273922,46.29238688727662],[-115.37598282269282,46.29304852742324],[-115.37524341281676,46.2943430576005],[-115.37490045306009,46.295841207754655],[-115.37433723307542,46.29644521785904],[-115.37298407301274,46.297415988071464],[-115.37238971314868,46.298631558227974],[-115.37186590316806,46.29921810832704],[-115.37119565336543,46.30080159852059],[-115.36940013349303,46.303107048883916],[-115.36943992367617,46.303953628947724],[-115.36968537382354,46.304434138961774],[-115.37106584433722,46.30561482891897],[-115.37138866450366,46.30611443892687],[-115.37143088467053,46.30688004898394],[-115.37165991483897,46.307477329009],[-115.37154245491082,46.307934659057324],[-115.3686779644037,46.30818183936217],[-115.36552395395682,46.308991819740925],[-115.36345497376182,46.30999725002736],[-115.36207666368486,46.310922530238635],[-115.36159318370115,46.31145561032947],[-115.36110119386488,46.312708580478784],[-115.3611801641436,46.31397874057263],[-115.36193613454326,46.31519559059482],[-115.36164818459257,46.31570447066422],[-115.35955574455348,46.31748350101499],[-115.35800892443947,46.31838831124142],[-115.35633975424898,46.319039351459686],[-115.35551991418934,46.31952257157998],[-115.35492433423939,46.32032401170348],[-115.35448296442075,46.3216136818507],[-115.35288377447748,46.323390692152216],[-115.3524017244828,46.323869752238544],[-115.35090302431298,46.32446016243505],[-115.3503530443254,46.32503723253598],[-115.3496986144105,46.32606280268328],[-115.3488033944069,46.32688689283838],[-115.34773582430373,46.32739348298523],[-115.34681457429492,46.32821718314292],[-115.34551862410922,46.32854044329787],[-115.34523293405263,46.32853631332594],[-115.34512175399135,46.328345693321786],[-115.34363312384214,46.32902615352445],[-115.34342501389241,46.32946414358028],[-115.34349261397678,46.329807133600994],[-115.34497733442029,46.330548633512535],[-115.34531657456591,46.33093155350942],[-115.34556569477776,46.33171816354763],[-115.34541135500496,46.33295794366225],[-115.34547408512196,46.333462863696454],[-115.34476809510357,46.33403765381276],[-115.34324442491936,46.33458259400811],[-115.34273294494133,46.33516919410603],[-115.34215638477299,46.334899834141865],[-115.33953002382673,46.332809704236034],[-115.33863936334586,46.33132974420622],[-115.33843322302671,46.32998573411906],[-115.33802293282034,46.3293767641111],[-115.33604999206722,46.32760205416541],[-115.33601470194633,46.32705253412484],[-115.3361915418376,46.326362094051966],[-115.33584650164234,46.32574506403687],[-115.33580559146995,46.324952463977425],[-115.33540928117112,46.32388467393134],[-115.33486949093725,46.32326481393537],[-115.33490583087352,46.322923333904406],[-115.33544024087678,46.322436103812144],[-115.33565946084182,46.3220612937603],[-115.33569700068131,46.321251833691726],[-115.33438552006689,46.31952271368368],[-115.33199593924263,46.31779585378306],[-115.33180938914973,46.31752313377978],[-115.33202561878029,46.31553725359906],[-115.332987458609,46.31380525336447],[-115.3330597383958,46.31270829326936],[-115.33350918834118,46.31202183316958],[-115.3343170381264,46.31022457294507],[-115.33442262786954,46.30888508282719],[-115.33399187753433,46.3076727927728],[-115.33388500735651,46.30691522272268],[-115.3326541168312,46.30553826273476],[-115.33131372614623,46.30349367270405],[-115.33089221601617,46.30326252272745],[-115.32996065581106,46.30314992281106],[-115.32764204523053,46.302531022992035],[-115.32610062481513,46.301977463100975],[-115.3233297441319,46.301288863321325],[-115.32204998384287,46.301099083433336],[-115.32023618354866,46.30138746363692],[-115.31777528302548,46.30118029386502],[-115.31512415278507,46.30251828423605],[-115.31392972263777,46.302932684388125],[-115.31242983238886,46.303144564554295],[-115.31028705188392,46.30272592473382],[-115.30931300169453,46.30272952483093],[-115.30825553152587,46.302911884950746],[-115.30694246110524,46.302118445017626],[-115.30416432047053,46.30167227525808],[-115.30312484027182,46.30169285536312],[-115.29986895978635,46.30241850574516],[-115.29937699976709,46.30278919582386],[-115.29861599993102,46.30429890602079],[-115.29901380012727,46.304871836027225],[-115.298990110281,46.305636496091005],[-115.29803446031885,46.3067202962731],[-115.29717425025815,46.30723849640025],[-115.29670401027113,46.30774450648764],[-115.29655437037376,46.3083812865537],[-115.29533421073752,46.31128814690849],[-115.2952942808228,46.31173755694854],[-115.2956065211402,46.31297523701684],[-115.29555848127792,46.313685527078675],[-115.29631815173074,46.31515486712105],[-115.29619793207608,46.31693510727596],[-115.29667830234487,46.31777927729594],[-115.29667077239375,46.31802216731621],[-115.29635790242679,46.31847650738379],[-115.29594591240847,46.318776377448835],[-115.29507837230726,46.319105447561604],[-115.29400264225418,46.31986341772946],[-115.2925835920846,46.32038224791226],[-115.29109604201138,46.32143103814449],[-115.28925693178822,46.32208755838019],[-115.28775440181093,46.323613088652145],[-115.28587296177331,46.32520491896713],[-115.2850772617255,46.32572399908799],[-115.2843177818752,46.327161629278976],[-115.2841637220051,46.3279333293563],[-115.28368727205607,46.32862818945944],[-115.28351427213556,46.32917459952055],[-115.28356005227155,46.32978728956514],[-115.2831403123021,46.33032999965052],[-115.28219034212663,46.33037872974898],[-115.28066786193077,46.33086885993983],[-115.28012299181886,46.33084265999192],[-115.27937825161501,46.33056146004343],[-115.27697691121664,46.33090330030986],[-115.27588377110035,46.33137283045632],[-115.27475816093474,46.331634860589425],[-115.27055697057082,46.33383943118447],[-115.26942717060219,46.335055351394594],[-115.2691092305801,46.335248541441736],[-115.26862841048649,46.33525026148975],[-115.26838620040849,46.33510259150194],[-115.26766695012752,46.3344256915192],[-115.26733002988513,46.33357458148437],[-115.26702715976712,46.33329098149167],[-115.26557319947455,46.33325094163316],[-115.26384999927602,46.33391780185823],[-115.26271699907147,46.33399959197751],[-115.26141528874757,46.33366481208013],[-115.25989981825053,46.33269675215317],[-115.2583224578065,46.33204272225762],[-115.2558963371397,46.33111474242439],[-115.25505795693583,46.330921942492324],[-115.25282050643152,46.330599782689035],[-115.25098401610198,46.330742702883214],[-115.24847911559483,46.330659353125704],[-115.24755365543334,46.330753173225325],[-115.2462193253155,46.3314437234136],[-115.24435804522544,46.33276517370496],[-115.24292178524226,46.33420112396333],[-115.24104070519122,46.335729214273286],[-115.23947412509997,46.336767114512625],[-115.23713686488352,46.33792810483851],[-115.23588533483256,46.33886281503814],[-115.23449137491751,46.34058731531552],[-115.23210037478368,46.34219738568285],[-115.22688440396095,46.34315161627863],[-115.22558550370256,46.34313145640625],[-115.22233666298342,46.34272998669723],[-115.22063278265938,46.34277547687042],[-115.21966590258654,46.34333642701171],[-115.21906809263558,46.344137127135596],[-115.21838839261054,46.34465754724508],[-115.21609021239591,46.345791717564964],[-115.21500036225376,46.346134707701054],[-115.21232341181062,46.34652488799881],[-115.21002995148302,46.34711000827406],[-115.20730047119739,46.348309248642146],[-115.20563954093777,46.34862519883285],[-115.20480818077223,46.348612138914504],[-115.20384306052215,46.34831797898684],[-115.20000632929522,46.34602561918409],[-115.19717505831889,46.34399197930207],[-115.19624528785378,46.3426272992847],[-115.19598277798252,46.34349616938075],[-115.19554818801545,46.344065319469784],[-115.19251498778102,46.34579941991116],[-115.19150635779674,46.34682748009428],[-115.1907085777536,46.34737286021756],[-115.18996429762966,46.347478080300036],[-115.18915307742327,46.34724923036233],[-115.18844895729978,46.347319080438],[-115.1863774568442,46.34707923062476],[-115.18434648654974,46.34757800086698],[-115.183725496329,46.3471001308903],[-115.18309794614797,46.34682015093015],[-115.17997434548268,46.34656346122017],[-115.17942609539021,46.34663574128056],[-115.17884605524664,46.346491501326646],[-115.17689709469964,46.34569542145633],[-115.17513662414912,46.344704331551625],[-115.17325123362407,46.34395421167868],[-115.17227778326398,46.34313764170971],[-115.17156032305944,46.342829161756214],[-115.16878830246031,46.34255979201015],[-115.16759126223475,46.3426036121327],[-115.16664858209353,46.34281350224338],[-115.16528991179096,46.342638702364454],[-115.16420829167802,46.343116342510484],[-115.16197591178535,46.34574450294433],[-115.1604891316065,46.34628759313599],[-115.15890172146732,46.34711705336075],[-115.1574000712164,46.347326863527016],[-115.1566122111918,46.34795316365584],[-115.15469874099503,46.34881330391551],[-115.15373287099096,46.34970671408356],[-115.15328385110678,46.35068947420745],[-115.15312373110096,46.35081289423333],[-115.15107910072489,46.35093284444637],[-115.14967547052896,46.3513151346168],[-115.14855815046666,46.352071054788894],[-115.14735973048708,46.35330265500738],[-115.14693429046197,46.353583755072364],[-115.14634088039776,46.35383514515168],[-115.14416611007591,46.35433986540866],[-115.14277887994106,46.355001335599994],[-115.14072988990749,46.356777055947],[-115.13854579995727,46.359081526350046],[-115.1375411199417,46.35995617652053],[-115.13393238944,46.36095033695969],[-115.13116417897153,46.361310117264054],[-115.12851978864353,46.36222986760133],[-115.12742716843286,46.36224797771146],[-115.12597782810798,46.36205322783993],[-115.1254188980767,46.362431067926],[-115.12440797793839,46.3627204880499],[-115.12117464736,46.36299139839338],[-115.11980081714358,46.363247808550746],[-115.11802730690708,46.36378563877052],[-115.11519014676077,46.365763909212355],[-115.11385797661427,46.36631793938956],[-115.11245373633939,46.3663217695296],[-115.11101420611345,46.36659498969482],[-115.10952303579687,46.3664803398339],[-115.10497798495051,46.36670209030388],[-115.10404711473652,46.366551660384296],[-115.1035904746565,46.36659808043352],[-115.10329869463368,46.36676424047594],[-115.10263053468883,46.367662160614884],[-115.10185662465564,46.36823432073803],[-115.1001789344848,46.36899846096661],[-115.09887846430892,46.36938184112692],[-115.09655302407397,46.37045016144449],[-115.09612469406314,46.37080303151556],[-115.09565003416444,46.37174013163842],[-115.09523674437708,46.37315525179381],[-115.09524167489202,46.37563035199311],[-115.09492496524554,46.37763209218619],[-115.09429929559712,46.37991667243281],[-115.09427393574353,46.380645252494126],[-115.09481887601326,46.38142834250312],[-115.0948008760396,46.381572042516474],[-115.09162011577021,46.3832830029711],[-115.09129531578195,46.383646583032736],[-115.09054902597498,46.38528112323892],[-115.08964237600694,46.38629198341072],[-115.08615120574086,46.388312603921214],[-115.08530900571084,46.38896450405763],[-115.08393274573493,46.390381454308965],[-115.08266883565423,46.39118826449983],[-115.08164715565005,46.39213413467786],[-115.0804334658208,46.39410276495755],[-115.08013143593254,46.394925695053985],[-115.08018917598712,46.39513366506504],[-115.08094805626435,46.39574941503921],[-115.08101974631606,46.39593061504667],[-115.08083604652076,46.39708853515842],[-115.08030250657126,46.39783558527178],[-115.07905332655909,46.39895760548669],[-115.07763867672345,46.40108483579913],[-115.0768954066646,46.401504335907006],[-115.07578232641198,46.401341606004685],[-115.07405310606599,46.40131248617446],[-115.06955199525703,46.40167756665197],[-115.06538700444965,46.401733167071065],[-115.06440296430509,46.40196850718804],[-115.06297425416331,46.40263730738421],[-115.06153952397902,46.40310799756507],[-115.05900021387508,46.40500891797127],[-115.05736833373936,46.405899198205624],[-115.05379907336736,46.407485498689],[-115.05330104412715,46.411608019071394],[-115.0528573741994,46.41237446917746],[-115.05142107417399,46.41360999942018],[-115.05050210404052,46.41383732953],[-115.04915895371718,46.413553419640856],[-115.04601125309044,46.41351765995136],[-115.04216379223362,46.41303784029566],[-115.04139493208893,46.4130696703748],[-115.04067724203507,46.41348937048009],[-115.03944547206923,46.414818250710056],[-115.03850760219224,46.416296170922784],[-115.03768073222145,46.417217981079595],[-115.03592035204666,46.418042751321416],[-115.03211806146267,46.4188323617638],[-115.03141905137879,46.41909033185425],[-115.0292778712981,46.42072744219966],[-115.02729494138595,46.423024242582606],[-115.026595881377,46.42364217270211],[-115.02484034124815,46.424682862961],[-115.02306425100822,46.42521016318044],[-115.02250300090698,46.425254453239916],[-115.01975922027815,46.424828963478745],[-115.019186300092,46.424477033507344],[-115.01837313974342,46.42357194351519],[-115.01750924945216,46.42298996355418],[-115.01664826921957,46.42268703361546],[-115.01561102899281,46.42257903371],[-115.01478673885566,46.422699723801834],[-115.01294845866124,46.42350478404992],[-115.01146269845502,46.42391995423138],[-115.010570318396,46.42448042436553],[-115.00995081831863,46.42469464444449],[-115.00659858770051,46.42489724479464],[-115.00530008750185,46.42517159494608],[-115.00401340723816,46.42512213507017],[-115.00191423692003,46.42558046531624],[-115.0012401867717,46.42550568537732],[-114.99919581622657,46.424821925525556],[-114.99486681527173,46.4243320759169],[-114.99324121487052,46.42394354604728],[-114.99208341449206,46.42322121610415],[-114.99122190404192,46.421874076080954],[-114.98978388350041,46.420633806123774],[-114.98908492312036,46.41946950609911],[-114.98923670295419,46.418527176007785],[-114.98910026288935,46.41834477600664],[-114.98829276258685,46.41765556603123],[-114.98742514217116,46.41647929602235],[-114.98630683172573,46.41539759604612],[-114.98576578144119,46.41454206603077],[-114.98397433084382,46.41336748611397],[-114.9804817192331,46.40893181610235],[-114.9800215890958,46.408707686129986],[-114.97831821868088,46.408326576268564],[-114.9753769780324,46.407995516534335],[-114.9739336975966,46.407267946619],[-114.97325257734202,46.40668886663988],[-114.97287784710774,46.40591722661461],[-114.97242578692716,46.405477206623964],[-114.97204673671638,46.4048224766086],[-114.97159170633319,46.4034103965395],[-114.97114200614006,46.40290741654346],[-114.970477285943,46.40258961658383],[-114.9692551956976,46.40256790670361],[-114.96814974555042,46.40290826684113],[-114.96699895535673,46.403067806968515],[-114.96587153510976,46.40294875707099],[-114.96361710454096,46.40235060724668],[-114.96134697405697,46.40217514745825],[-114.95693242335537,46.402987337963125],[-114.953507312772,46.40343006833961],[-114.95280492263272,46.40342649840917],[-114.95197129240165,46.403105558466045],[-114.95102525219471,46.40300760855218],[-114.95040881210078,46.40314055862423],[-114.94905843196408,46.4037643388091],[-114.94758694168151,46.403800928958375],[-114.94499514125785,46.4042223692503],[-114.9442417511027,46.40419081932265],[-114.93881094977552,46.40295901976276],[-114.93648728936076,46.40316910001082],[-114.9342374589122,46.403146460232676],[-114.9334625887994,46.40333946032539],[-114.93270317874766,46.40381173043922],[-114.93180286872749,46.40456945059019],[-114.93102744876043,46.40546442073988],[-114.93051168884749,46.40637309086489],[-114.92997725910472,46.40811842105966],[-114.92819176948265,46.41163209152228],[-114.92756296952457,46.412430701649605],[-114.92565546947581,46.41400711196718],[-114.9252110395417,46.41474604207133],[-114.92517039968516,46.41547431213448],[-114.92559456008294,46.41698501221482],[-114.92566144037153,46.418309232315586],[-114.92546303049257,46.41907963239778],[-114.92503842059617,46.41998093251312],[-114.9249290909598,46.421832952674215],[-114.92507600118219,46.422762622734986],[-114.92544573144005,46.42365133277031],[-114.9260009517165,46.42445341278007],[-114.92652852206788,46.42564198282397],[-114.92472610160424,46.425123282961245],[-114.92411550147763,46.425094193019625],[-114.92251680122158,46.42538015320186],[-114.92180079108132,46.425385133273465],[-114.91717134007494,46.424940883697985],[-114.91683934997444,46.42477283371738],[-114.91568636950473,46.42360881373766],[-114.91499606930024,46.423281223779775],[-114.91387385902388,46.423017743870034],[-114.91295046883809,46.42300089396049],[-114.91196784867967,46.42317194407213],[-114.91020998840824,46.42353582427651],[-114.90843050817934,46.424124284501225],[-114.90751597801766,46.42421554459961],[-114.90616993771117,46.424019904717625],[-114.90457998726762,46.42339676482517],[-114.90125635642632,46.42250779508356],[-114.8987848058614,46.42213838529943],[-114.89834193577593,46.422148245344246],[-114.8960931554579,46.42275489561717],[-114.89405202504322,46.422699295815626],[-114.88999022438804,46.42340739627707],[-114.88933111423287,46.423287226332874],[-114.88851336398957,46.42289412638225],[-114.88730944371714,46.422727886488474],[-114.8867351336127,46.422771266549084],[-114.88532493349896,46.42356418675374],[-114.88390260330796,46.423996876930296],[-114.88315828324409,46.42439709703687],[-114.88249836323281,46.42496987714904],[-114.88188419326444,46.42570549726984],[-114.87976488353198,46.42900521774861],[-114.87740569357152,46.43143644818072],[-114.87641047368557,46.432929968401005],[-114.8760871136803,46.43321195845603],[-114.87310535323489,46.433903528808784],[-114.87108181286635,46.434054859022346],[-114.86900058244689,46.434016079226254],[-114.8663983619954,46.43431853950965],[-114.86522978181789,46.43457572964673],[-114.86338303158227,46.43519822988102],[-114.86219509136531,46.435284020006144],[-114.85765643037526,46.43483905042134],[-114.85553762987124,46.4344303205989],[-114.85489864954393,46.433464330583924],[-114.85409971920491,46.43259433059263],[-114.85308775884926,46.431846320632474],[-114.85051657803308,46.43036700076789],[-114.84659465693512,46.42881718103177],[-114.84494251660371,46.42879505119425],[-114.84404638648472,46.42907515130611],[-114.84308118644162,46.42978594145992],[-114.8422641065388,46.431030531642385],[-114.83887305576673,46.43054347193991],[-114.83406632490353,46.43096550245212],[-114.83258535459534,46.430892422593416],[-114.83124408426477,46.430578982701256],[-114.82931403369749,46.42968735282054],[-114.8285931835127,46.42948465287571],[-114.8251788527225,46.42893374317034],[-114.82270089225787,46.42905757342669],[-114.82147284197063,46.428845173531506],[-114.81777191092227,46.427325573775605],[-114.81739135072759,46.426751313766715],[-114.81702553045916,46.4258083237263],[-114.8159242600797,46.425031273772454],[-114.80966105845035,46.42315642424213],[-114.8078429380701,46.423058574414846],[-114.80602123777508,46.4233746246216],[-114.80202444725957,46.42470185512691],[-114.798837106756,46.42531552549365],[-114.79724787658269,46.42599591570703],[-114.79541146642674,46.42699552597099],[-114.79442408628896,46.42727347609175],[-114.79320157604194,46.4272498862113],[-114.79184044567714,46.42679159630916],[-114.7909225154636,46.42663885638794],[-114.78750105477775,46.426599686724735],[-114.7863171046077,46.42690976686762],[-114.78514750450037,46.427508117032644],[-114.7841006344552,46.42828882720031],[-114.78368567449853,46.42889278729078],[-114.78374779472618,46.429928997369075],[-114.78218705461087,46.430861737600196],[-114.7810318746318,46.43206331781298],[-114.77977990459573,46.433083018020504],[-114.77819225447863,46.43403317825574],[-114.77646880429673,46.43480066848957],[-114.77076240385388,46.43810954932647],[-114.76952838339658,46.43708646936571],[-114.76892951321183,46.43676877939928],[-114.7672235528107,46.43646546954409],[-114.76607816258273,46.43646108965755],[-114.76344467221284,46.43719259997888],[-114.76244015202462,46.437244940083005],[-114.76140250179974,46.43715263017856],[-114.75906880122282,46.43660290036564],[-114.75663339067962,46.43631213058392],[-114.75493912035361,46.43635986075616],[-114.75345859010831,46.43659178092217],[-114.75309852008033,46.43680070097503],[-114.75221161011038,46.43779127114398],[-114.75052566000684,46.43890111140203],[-114.74770763974153,46.440312611797246],[-114.7464523398486,46.44202488206168],[-114.74332110958908,46.44376310251469],[-114.7418570795248,46.44485019274888],[-114.74103640923327,46.44423097277992],[-114.74013773872939,46.44266519274142],[-114.73888490823434,46.44147941276917],[-114.73788862761349,46.43944368270194],[-114.73745532741538,46.43890410270093],[-114.73581394676876,46.437359582737926],[-114.7255924740386,46.43397959347724],[-114.72528060351918,46.43177737332829],[-114.72562285330804,46.43043417318455],[-114.72567814310796,46.42941826309608],[-114.7252456027773,46.42823964304271],[-114.72474122253125,46.42753659303537],[-114.72345648219256,46.42713301312997],[-114.72265705193155,46.426640073169054],[-114.7216415817315,46.42664683327044],[-114.71981184147118,46.42714134349257],[-114.71896955128555,46.42705254356894],[-114.71805213094086,46.42626921359602],[-114.7170068106245,46.4257443336569],[-114.71642679035183,46.42498574365245],[-114.71575824011364,46.424477373677284],[-114.71497823969587,46.42321076365114],[-114.71638430971355,46.42195186340864],[-114.7164927495842,46.421225023338415],[-114.71630263932711,46.42016821327089],[-114.71508133849318,46.417317773159006],[-114.71340434757077,46.414476203093045],[-114.7129385971422,46.41285586300672],[-114.71241732678455,46.4116304129582],[-114.71225235647299,46.410286092864595],[-114.71131452596939,46.40875530283239],[-114.71100642569417,46.40772311277846],[-114.71149238544548,46.40605883259404],[-114.71150233533369,46.40551002254813],[-114.71043851459198,46.40295068244421],[-114.71061858450905,46.402378282379516],[-114.71211718434245,46.4001402620476],[-114.71267222421609,46.39899936189914],[-114.71298726407105,46.397997651785936],[-114.71175282369043,46.39734293185478],[-114.71166271347444,46.39638711178547],[-114.71132640320494,46.3954083717387],[-114.71016151268743,46.39402601174101],[-114.70986047244374,46.39313797169819],[-114.71006725236253,46.39254810162938],[-114.71189789242008,46.39107275132698],[-114.7126611423342,46.38992701115743],[-114.71318563235278,46.389514501071645],[-114.71407511243973,46.38908229094805],[-114.71449290232111,46.388109640826976],[-114.71440133224108,46.38781080081155],[-114.7133424919931,46.387627620901576],[-114.71231641171823,46.3872830709751],[-114.70750130071313,46.38704257143285],[-114.70640333052242,46.38717354155249],[-114.70482320030487,46.3876368217471],[-114.70287340984834,46.38730064191291],[-114.70157747963242,46.38749958205773],[-114.70124149955505,46.38744783208679],[-114.70026354924507,46.38688814213791],[-114.69985187914115,46.38678085216992],[-114.69622545834676,46.38641979249989],[-114.69544110814682,46.38620598256014],[-114.6943764577988,46.38554549261154],[-114.6922013573189,46.38531258280806],[-114.69112613702087,46.38490385288114],[-114.69009247665491,46.38412695291998],[-114.6890035661026,46.38250291289474],[-114.68898090601792,46.3821154428652],[-114.68913901597548,46.3817586328203],[-114.68989046594707,46.38090081267545],[-114.68987803581416,46.380270552625014],[-114.69049239560154,46.37865394243156],[-114.68591151451861,46.37781425281669],[-114.68427560418142,46.37775411297388],[-114.68131679362824,46.3779191132807],[-114.67908167311373,46.37757673347411],[-114.67554808220552,46.37657789374231],[-114.67418580179341,46.37589316382112],[-114.67360116154826,46.375269253827845],[-114.67372610147126,46.37477678377506],[-114.67424194153115,46.37457128370709],[-114.67458200152564,46.374218193644396],[-114.67439588125525,46.373089383570175],[-114.6738891908361,46.371549043493985],[-114.67392356073881,46.371045733449265],[-114.67465059050845,46.369233503228415],[-114.67655769033686,46.36657224282106],[-114.67673678013318,46.36541486270829],[-114.67558326950684,46.36349236266469],[-114.67283187855847,46.361546322777414],[-114.67394619867092,46.36102000262386],[-114.67629591902642,46.36048280234702],[-114.6777023791032,46.35950337212727],[-114.67988622890246,46.35643367165887],[-114.6800298088646,46.35611258161827],[-114.67993685866543,46.35523767155565],[-114.68018385852399,46.35431567145547],[-114.67892655787692,46.35239110142192],[-114.67867444778871,46.35220597143171],[-114.6769678373424,46.35168528155787],[-114.67537121676231,46.35041078161126],[-114.6751893866623,46.35010107160386],[-114.67483981620676,46.34823092148481],[-114.67452469603329,46.34769349147184],[-114.6779701856968,46.34275045072457],[-114.68091216574877,46.340173140221566],[-114.68249034597011,46.33972815002877],[-114.68513358646851,46.33960172975673],[-114.68601250653884,46.33909751962832],[-114.686365246536,46.338744659564384],[-114.68603101638843,46.338350879565105],[-114.68516182614553,46.3380092696231],[-114.68398909586521,46.337778499720194],[-114.6824463955415,46.33769321986586],[-114.68183689535115,46.33735683989858],[-114.68145505485603,46.33532404976932],[-114.68160853445457,46.333230109582004],[-114.68152280422186,46.33218434950453],[-114.68135816410498,46.33177599948726],[-114.68144322402384,46.331300709439766],[-114.68303029388507,46.329100849101856],[-114.6860627438258,46.32589521853824],[-114.6862801937585,46.32535960847271],[-114.68753301366161,46.323683948211006],[-114.68767342363813,46.32343478817663],[-114.68763211357778,46.32318193815994],[-114.686601623267,46.322666058219454],[-114.68582437310216,46.322614318292096],[-114.68318317266178,46.32301981858674],[-114.68147706266123,46.32465922889034],[-114.68028764258723,46.32544510907266],[-114.67801963223714,46.32593005933691],[-114.67724626224374,46.32670635947726],[-114.67695200235295,46.32751939957325],[-114.67662257237343,46.32793570964007],[-114.67434263214152,46.32900534995363],[-114.67317932194472,46.32917067008234],[-114.67019563133074,46.329064870368825],[-114.6679289707841,46.328595620554495],[-114.6673238705743,46.32816025057856],[-114.66652221020767,46.32715386057504],[-114.6653479398101,46.32635585062558],[-114.66242022912573,46.32585498087398],[-114.66137349882817,46.32541955094172],[-114.65872022831621,46.325491211210064],[-114.65837744820963,46.325304181228574],[-114.65875273791478,46.323511801043885],[-114.65881411763048,46.322073040919406],[-114.65815005700442,46.319674380787646],[-114.65795091686029,46.31916628076553],[-114.65765363673134,46.31882718076699],[-114.65527902593473,46.31724843087181],[-114.6522100151549,46.31642038110709],[-114.65060215469727,46.31574832121074],[-114.64910189430591,46.31529444132169],[-114.64439269315625,46.31425242170146],[-114.6444784728864,46.312859151578195],[-114.64432598277764,46.3124780015619],[-114.64373012252712,46.31183569156784],[-114.64003210152691,46.31054433182702],[-114.63817743095987,46.30957898193079],[-114.63621961055533,46.309502492118035],[-114.63448413024955,46.30969158230514],[-114.63220513007434,46.31103941264152],[-114.63181196001311,46.31112127268709],[-114.63089340968963,46.31043620272144],[-114.62956680931116,46.309877672806536],[-114.6288193290113,46.30914214281972],[-114.62830542875885,46.3084114528103],[-114.62793806864167,46.3081968228289],[-114.62715753830734,46.30732559283417],[-114.62633241805288,46.30688544287945],[-114.62272683786938,46.30947455344928],[-114.62253166795574,46.310082513518736],[-114.62245223813227,46.31101688360362],[-114.62204449826066,46.312034423727845],[-114.62072665833598,46.31367204399315],[-114.62013930829458,46.31403781408134],[-114.61866250835237,46.315744094368036],[-114.61778727826365,46.31615786448869],[-114.6163712780448,46.3164613446537],[-114.61524341781028,46.316410804761006],[-114.614206327533,46.31606514483502],[-114.61297740726495,46.31594947494693],[-114.61246776717812,46.31601982500309],[-114.61199002713113,46.316252845069535],[-114.61150366712323,46.31668369515319],[-114.61096114718539,46.31750937527493],[-114.61046593740173,46.31903806544993],[-114.60997685746734,46.31982885556349],[-114.60962258747509,46.32020845562986],[-114.60812865736261,46.321104215851406],[-114.60591904741995,46.323515016268686],[-114.60415520736203,46.324936076560256],[-114.60364787738686,46.32554645666076],[-114.60344966742448,46.325920306711154],[-114.60313784766895,46.327407806864656],[-114.60314859817183,46.32983809706402],[-114.60213741875651,46.333650987478414],[-114.60231603893011,46.33432074751597],[-114.6028384591438,46.33485372750824],[-114.60323263926284,46.33505099748553],[-114.60698748001073,46.33505770711478],[-114.60881676044905,46.33542000696374],[-114.60969796063549,46.33547444688105],[-114.61077628091196,46.33577600679923],[-114.61146282112006,46.336123376759986],[-114.61347518202047,46.33855048676094],[-114.61436010231341,46.339117976720146],[-114.61615892276778,46.339587536580886],[-114.61737879320296,46.340522006537206],[-114.6195394536157,46.34044103631678],[-114.620726483892,46.34063676621552],[-114.62209266427887,46.3411962161264],[-114.62332137473628,46.34222980608998],[-114.62383083501051,46.34306842610861],[-114.624429505249,46.34364788609713],[-114.62737080612281,46.34505003592153],[-114.63138697741532,46.34744641572137],[-114.63429895848742,46.349837795629995],[-114.63533021879525,46.350336155568925],[-114.63590893900185,46.3507801455482],[-114.63670977930929,46.351498725528074],[-114.63715129952337,46.35211086553472],[-114.63711737961683,46.352596175577986],[-114.63646205969937,46.353626645727616],[-114.63594452970956,46.354173955823896],[-114.63488716964547,46.35488108598674],[-114.63037709912018,46.35667768658098],[-114.62918477892832,46.35689595671697],[-114.6264673783915,46.35691154698728],[-114.6257177682839,46.35711197707793],[-114.62408527811965,46.35788805730342],[-114.62288694789308,46.35794413742663],[-114.62241845792617,46.35855540752335],[-114.62209683803185,46.35937672762278],[-114.61986074789743,46.36087820796765],[-114.61935128793154,46.361533608072044],[-114.61890330830346,46.36376532830004],[-114.61870935832165,46.364040288341876],[-114.61729909831784,46.365378918591624],[-114.61600865820074,46.36605401877496],[-114.61571795828861,46.36675896886175],[-114.6162390886957,46.36822786893104],[-114.61655687916388,46.37018753906077],[-114.61594248942782,46.37205575927532],[-114.616173809672,46.3730146093313],[-114.6171483600541,46.373925949309786],[-114.6179149102712,46.37423893925962],[-114.61951681063941,46.37447932912073],[-114.62075898097733,46.37491920903387],[-114.62181784134681,46.37568826899223],[-114.62231769160464,46.3764546890058],[-114.62226037168045,46.37687649904613],[-114.62106163170125,46.37812957926794],[-114.62061728193294,46.37967734943916],[-114.61691822134904,46.38041027986588],[-114.61483265120452,46.38171679017989],[-114.6138985311934,46.38256131034188],[-114.61366074116376,46.38264634037246],[-114.61249680083974,46.38219902045092],[-114.61090810047229,46.38194981058779],[-114.6101537303227,46.38195204066271],[-114.60899584015625,46.382260820802806],[-114.6084868001254,46.38260117088123],[-114.60800294010342,46.38296005095869],[-114.60729511017367,46.38398025111268],[-114.60582940041752,46.38656860147075],[-114.60466196041668,46.38768716167842],[-114.60386894038025,46.38827354180522],[-114.60260850024693,46.38884111197676],[-114.60130510018497,46.38979478218434],[-114.60066639012592,46.390123382274616],[-114.59874037987028,46.390739932516155],[-114.59705175970764,46.391577452752365],[-114.59531264958868,46.39267488301488],[-114.59499557960989,46.393082223079844],[-114.59444440982936,46.394672643265224],[-114.59409856985774,46.39514237333814],[-114.59066352972926,46.39782404389909],[-114.5900918797956,46.39869400402727],[-114.59009364997108,46.39954006409672],[-114.58983303016588,46.4007315842205],[-114.5894363101784,46.40117322429616],[-114.58902824011963,46.40128161434549],[-114.58735239977503,46.401228244507166],[-114.58627473961177,46.401475494634326],[-114.58575445950775,46.40147350468568],[-114.58307985870657,46.400174944843904],[-114.58235362855137,46.400123574911646],[-114.58148033844637,46.40045610502551],[-114.58055318827824,46.400535475123895],[-114.57899488807674,46.401060485321494],[-114.57691974763402,46.40091749551535],[-114.57579563743508,46.40103765563662],[-114.57464162736981,46.401832185816346],[-114.57328537717585,46.40219939598092],[-114.57196307695143,46.40238730612742],[-114.57112925679111,46.40241458621226],[-114.56980829637875,46.401693496283784],[-114.56903946623163,46.40172213636235],[-114.56860616616393,46.40181192641268],[-114.56765939608299,46.40233178654927],[-114.56561142576116,46.40274717678636],[-114.5612121752569,46.40454340737008],[-114.55844952490875,46.40551942772414],[-114.55487177431627,46.40609993812643],[-114.55423019426762,46.40648221822146],[-114.55354184436598,46.407619518383285],[-114.553062514382,46.408158258475154],[-114.5508613742543,46.40965888881683],[-114.54982698413862,46.410095598955266],[-114.5475807437948,46.41059631921905],[-114.54411034332092,46.41164725964948],[-114.54133262315581,46.413522560079144],[-114.53595187247325,46.41540469076735],[-114.53339464223365,46.41670855112814],[-114.53178345202086,46.41723176133087],[-114.53135729198058,46.417447561390844],[-114.5306703220103,46.4182517315252],[-114.52974891193432,46.41877183165931],[-114.52771021174628,46.41982576194817],[-114.52547480146585,46.4206233822354],[-114.52519242145118,46.420824272279916],[-114.52515543149397,46.42106647230352],[-114.52534912183745,46.42253769240558],[-114.52438202190139,46.42377677260344],[-114.52382850206087,46.42507879276557],[-114.52299701218607,46.42648280296362],[-114.5222777621178,46.42684521306478],[-114.52191243210856,46.427152293126255],[-114.52171286214809,46.42753497317758],[-114.52160268221334,46.42795559322315],[-114.52183865243124,46.4287797232676],[-114.52279266278249,46.42955642323703],[-114.52335130307742,46.43044154325457],[-114.52342358317797,46.430857113281604],[-114.52247740326872,46.43220462348638],[-114.52214566341006,46.43320544360167],[-114.52183674345159,46.43370275367327],[-114.52071656346953,46.434866473880106],[-114.52023402355591,46.435747014000476],[-114.52015023362472,46.436159204042696],[-114.52023954376985,46.436773154084385],[-114.52038657390062,46.437262354110096],[-114.52146622435792,46.43842878409909],[-114.52198182466287,46.43940298412821],[-114.5230198355412,46.44263853429164],[-114.52413587589953,46.44329272423477],[-114.52469672612597,46.44384488422458],[-114.5250969265793,46.445644574333045],[-114.52502977675428,46.44655213441436],[-114.52474023694927,46.4477698745433],[-114.52491332714527,46.44854763459013],[-114.52553843744836,46.449407184598826],[-114.52646479780358,46.45022825457453],[-114.52751147828799,46.45155591457988],[-114.5275899283619,46.45183661459522],[-114.52713740849576,46.4529158347289],[-114.5263015384599,46.45354575486361],[-114.52571524852353,46.45441507499327],[-114.52545905863202,46.455183535081915],[-114.52518135865571,46.4555645251408],[-114.52412422863453,46.45647763532079],[-114.52397619868661,46.456870435367776],[-114.52381615908956,46.45896399555584],[-114.52392665926169,46.45968639560432],[-114.52434003953859,46.46062236564029],[-114.52449799992053,46.46230880576324],[-114.52233854007483,46.46512403620904],[-114.52181507016071,46.46603969633631],[-114.52136711039292,46.46758699650798],[-114.52133603058864,46.468558326590944],[-114.5214498306867,46.46892080660944],[-114.52181495081733,46.46919872659608],[-114.52193283089744,46.46947127660677],[-114.52076277125006,46.47228992695463],[-114.52044206146162,46.47361498709539],[-114.5204463216815,46.47466808718157],[-114.52052476175551,46.474948787196816],[-114.52166044220996,46.47604443717417],[-114.5217343428409,46.479007067410336],[-114.52217987321644,46.48038473747926],[-114.52200215363708,46.48257689767705],[-114.52232271414258,46.484698867819574],[-114.52472510519661,46.48745994780787],[-114.52661039589034,46.48898576774595],[-114.52724287622364,46.4899804677648],[-114.52764232638381,46.49036710775693],[-114.52877035675449,46.49106650770229],[-114.52905510688004,46.491396667701096],[-114.52933413709063,46.492140707734514],[-114.52912702722266,46.492973237823406],[-114.5291656572924,46.493271067844056],[-114.52953421746882,46.49376503784797],[-114.52988367760946,46.49410559784126],[-114.53173516821396,46.49523460775002],[-114.53508319942743,46.49785387763237],[-114.53536761955483,46.498193007632],[-114.53564959969299,46.49858609763623],[-114.53572937982179,46.499127817672765],[-114.53543245004994,46.500507417815484],[-114.53548048013853,46.50088645784181],[-114.53582721041178,46.501865927887714],[-114.53683357090028,46.503246617900984],[-114.53789647125967,46.50395351785336],[-114.53972356173362,46.50447886771492],[-114.54164025229336,46.50533010759424],[-114.54220601256262,46.506080267599536],[-114.54255491282694,46.507014767641536],[-114.54262261300967,46.50782621770133],[-114.54307890322094,46.50840302770332],[-114.54402681354746,46.509062397663165],[-114.54610243412843,46.50986297752248],[-114.54651882427527,46.5101689175062],[-114.546936914475,46.51072688751039],[-114.54803503480026,46.511236457443005],[-114.54894519511348,46.51186797740426],[-114.54838901510331,46.51235103749917],[-114.5469771153842,46.515047737860584],[-114.5465804053915,46.51546221793403],[-114.54597327536531,46.515917178031636],[-114.54319406500315,46.51683846838346],[-114.54121428502181,46.5188208887428],[-114.54113496507134,46.519134178776376],[-114.54127385524048,46.51981216881819],[-114.54104359535503,46.520581208904076],[-114.54029965539108,46.52146519905055],[-114.53971568550297,46.52255961919827],[-114.53876244543999,46.52316909934305],[-114.53724826526629,46.52378447954408],[-114.53659130521864,46.52418431964217],[-114.5359098850984,46.524259629716084],[-114.53458451493314,46.52473503988682],[-114.53388722488292,46.52516099999106],[-114.5328846149169,46.52628236018269],[-114.52977902436766,46.52662028051919],[-114.52866686422335,46.526992230660326],[-114.52793936418573,46.527507500774895],[-114.5270086642024,46.52847736094695],[-114.52374312387595,46.53003565139944],[-114.5211217434141,46.530329821684255],[-114.51948623323237,46.53102334190373],[-114.51871377321183,46.53166357203303],[-114.51777931312436,46.53213828216487],[-114.51490967273389,46.533011912521886],[-114.51369911260133,46.53353458268513],[-114.51301848241725,46.533303782733896],[-114.5122144522361,46.53320528280578],[-114.51192373219553,46.53328895284154],[-114.51220366234291,46.53372704284961],[-114.51229751246919,46.53424208288258],[-114.51182065306342,46.53754368320074],[-114.5118507135282,46.53974033337782],[-114.51171455358694,46.540151363425075],[-114.51089362365799,46.54127648359901],[-114.51000899361748,46.54192806374041],[-114.4440588604404,46.54194712029975],[-114.44404085080053,46.54368907044471],[-114.44348797129247,46.546574690736826],[-114.4429816614125,46.54763437087429],[-114.44246415175395,46.54976478110081],[-114.4417770418295,46.5507844012529],[-114.44163222198031,46.55164516133805],[-114.44087949204432,46.55267230149726],[-114.44033728220033,46.55393816165524],[-114.43989276223158,46.55451320174668],[-114.43872453226128,46.555774021966414],[-114.43749116221935,46.556754382169665],[-114.43573868223477,46.55850607248785],[-114.43516978215587,46.55867330255816],[-114.43170395138398,46.55829848287205],[-114.42975031115122,46.55905557312852],[-114.42893928099828,46.559100333212825],[-114.4278756607578,46.5589684033078],[-114.4248219402075,46.55925964363537],[-114.42278118993794,46.559924643893],[-114.42068418961739,46.560399344140514],[-114.41919099951649,46.56134663436688],[-114.41784536931222,46.56165824452628],[-114.4174428392805,46.56189215458557],[-114.41703218928288,46.56229687465969],[-114.41627863940498,46.563602834841966],[-114.41560751941043,46.56427166496373],[-114.41230614926627,46.56674396549526],[-114.41026474905482,46.56768772577586],[-114.40830857877233,46.56821038601339],[-114.40708638867987,46.56893866619484],[-114.40653418858736,46.569025146256855],[-114.4026353577936,46.568963616639564],[-114.40101840740752,46.56866586677586],[-114.39929175707978,46.56875258695474],[-114.39874585690389,46.568434166982776],[-114.39750127639086,46.56717284700284],[-114.39692761621677,46.56688977703657],[-114.39384905548192,46.566324627296176],[-114.39129515495435,46.566248377543836],[-114.38902611437982,46.56567456772225],[-114.38444792334099,46.56509289812958],[-114.38317798310486,46.565180838263096],[-114.38218311297597,46.56551795838972],[-114.38137682291583,46.56600335850984],[-114.38069308279435,46.56607774858396],[-114.37612746176724,46.565541198993635],[-114.37540623158165,46.5653446390492],[-114.37353280123853,46.565499609248185],[-114.37194263079932,46.564923059358776],[-114.36866548998192,46.564154669621246],[-114.36720223969658,46.56419296976988],[-114.36600571949609,46.564381399904306],[-114.36349644940414,46.566348550315745],[-114.3631557394545,46.56691669039646],[-114.36124322949637,46.56895156075416],[-114.36072599959707,46.569929620886164],[-114.36072588970988,46.57046961093066],[-114.36118963016635,46.57220832102771],[-114.36181699040048,46.57272680100802],[-114.36173679067382,46.57411095113001],[-114.36191446078743,46.57448405114306],[-114.36173530090493,46.57521791122128],[-114.3610115510104,46.57641620139194],[-114.3556089407102,46.58016134223752],[-114.35156470039529,46.58253371283502],[-114.35001955038666,46.583973893107306],[-114.34912746033892,46.584601213247666],[-114.34534668034358,46.58824846392398],[-114.34451895042399,46.5894262341033],[-114.34405888040884,46.589794974179426],[-114.34421214048096,46.589992804180476],[-114.34415848049726,46.59012206419644],[-114.34373830655785,46.59040763643473],[-114.343812,46.589736],[-114.340193,46.587286],[-114.33371,46.578999],[-114.329788,46.57722],[-114.331209,46.572501],[-114.339533,46.564039],[-114.34264,46.555225],[-114.347221,46.552421],[-114.347533,46.551001],[-114.345795,46.54919],[-114.343975,46.541269],[-114.346249,46.536133],[-114.348733,46.533792],[-114.349208,46.529514],[-114.347453,46.526027],[-114.343211,46.522784],[-114.342004,46.520324],[-114.342794,46.518257],[-114.347051,46.515281],[-114.347948,46.511284],[-114.351919,46.507744],[-114.359683,46.504925],[-114.361674,46.505409],[-114.36833,46.504968],[-114.369522,46.503702],[-114.375594,46.501754],[-114.383134,46.504853],[-114.394776,46.503204],[-114.396258,46.502057],[-114.399919,46.502193],[-114.40255,46.500207],[-114.403396,46.494058],[-114.401374,46.488922],[-114.401199,46.479094],[-114.400672,46.477813],[-114.396139,46.473376],[-114.394655,46.469426],[-114.383127,46.466245],[-114.381977,46.462642],[-114.379799,46.460719],[-114.381567,46.453358],[-114.384477,46.44781],[-114.384052,46.446517],[-114.376196,46.442809],[-114.373974,46.443197],[-114.37234,46.44281],[-114.370935,46.439785],[-114.368541,46.437959],[-114.368786,46.436508],[-114.376813,46.435433],[-114.381377,46.433879],[-114.384899,46.42755],[-114.383721,46.419133],[-114.38503,46.411229],[-114.386807,46.410072],[-114.393233,46.409302],[-114.399083,46.405083],[-114.401216,46.401569],[-114.406125,46.40139],[-114.409779,46.399392],[-114.41041,46.396121],[-114.416135,46.392794],[-114.422212,46.387331],[-114.416834,46.375441],[-114.410493,46.365143],[-114.413632,46.346728],[-114.414259,46.335483],[-114.41775,46.33206],[-114.421366,46.330703],[-114.422514,46.324052],[-114.430866,46.311547],[-114.431542,46.308458],[-114.432796,46.3061],[-114.432638,46.303141],[-114.430745,46.300175],[-114.428614,46.292468],[-114.425441,46.287856],[-114.427407,46.286231],[-114.427309,46.283624],[-114.43544,46.27661],[-114.441594,46.273711],[-114.453657,46.270947],[-114.461277,46.27275],[-114.464921,46.273219],[-114.466867,46.271997],[-114.470194,46.267731],[-114.47072,46.266041],[-114.468997,46.259607],[-114.465133,46.252327],[-114.468254,46.248796],[-114.466492,46.247075],[-114.451852,46.240673],[-114.448564,46.232964],[-114.445823,46.219534],[-114.451307,46.215523],[-114.451678,46.214172],[-114.449071,46.209059],[-114.443215,46.202943],[-114.444206,46.199878],[-114.444502,46.191506],[-114.44513903744671,46.18374596793876],[-114.44542259684727,46.18375221048904],[-114.44521807221352,46.182784125215356],[-114.445948,46.173901],[-114.44552653456658,46.172448259534754],[-114.44514702147121,46.17190480795303],[-114.44427412014336,46.16972937050268],[-114.44418470682523,46.169164208261535],[-114.44528963209711,46.16795061358096],[-114.44766294891993,46.168147433220724],[-114.44916683450907,46.16860088885585],[-114.4525419324744,46.168576828424065],[-114.45615226621653,46.17015179829926],[-114.456531,46.170263],[-114.45763254651078,46.17014867815356],[-114.45908354177166,46.169395422600076],[-114.462939,46.168085],[-114.46378880710566,46.16704534728971],[-114.46447118696997,46.1657104571112],[-114.468541,46.165284],[-114.475953,46.160606],[-114.4796266591142,46.16141512526401],[-114.48018139932142,46.16189088524927],[-114.48063804016383,46.162030288293984],[-114.48531189630715,46.16514152386885],[-114.48561903116362,46.16562432502662],[-114.48627839336983,46.1657848898502],[-114.488909,46.167536],[-114.494381,46.168011],[-114.49654018378288,46.167812744136185],[-114.498682,46.167256],[-114.50191551337531,46.16541099078412],[-114.506844,46.164636],[-114.51103768386349,46.16635310364711],[-114.51243112679846,46.16709327251464],[-114.51310179453114,46.167198253656224],[-114.51458240735418,46.16772064235554],[-114.51499460742795,46.167680102311664],[-114.51576669724327,46.1660183220973],[-114.51551106678548,46.164019181955794],[-114.51530576253158,46.1634165216041],[-114.51552703656247,46.1629079918616],[-114.51564049643079,46.1621499017873],[-114.51543856624961,46.1614570017494],[-114.515005,46.160869],[-114.51508506135791,46.15895374221899],[-114.5153637956694,46.15867874152513],[-114.51554239552352,46.157787041433245],[-114.51549197524777,46.15648094132935],[-114.51540464509452,46.15581297128224],[-114.51506582486822,46.15503156125038],[-114.51458586237042,46.15467140024203],[-114.514308,46.154254],[-114.51437873225568,46.15412464454329],[-114.51484326707167,46.15351564057596],[-114.51920862508807,46.15206149059576],[-114.52169228532756,46.15081029024748],[-114.52396319146865,46.14884375146424],[-114.52462872549715,46.14877240978915],[-114.52591865560375,46.148035279601004],[-114.52725485556515,46.146538599344964],[-114.5272797153506,46.14545901925251],[-114.5269705451423,46.14473692922268],[-114.52169566563573,46.13729644329189],[-114.52164774249387,46.13691260909284],[-114.52114650226765,46.136289719090094],[-114.520808,46.136025],[-114.51999692193618,46.135783249160696],[-114.518779,46.13572],[-114.517782,46.135028],[-114.52078825867493,46.12744141534619],[-114.52141517034089,46.12653903825008],[-114.52136267016847,46.125741358188655],[-114.52114385001349,46.12519209816431],[-114.51976301960313,46.124523148243966],[-114.51789384896934,46.12323143831959],[-114.51719912884548,46.12330183839363],[-114.5161519211036,46.123089780479084],[-114.51177572275371,46.12126508776553],[-114.5111344770913,46.12060027876318],[-114.5103299169058,46.120474688831656],[-114.51016397644383,46.11836037867131],[-114.51042619636551,46.117717508591916],[-114.5110332063939,46.117262308494304],[-114.511262776372,46.11692945844402],[-114.51139161628292,46.11636396838411],[-114.51118137612727,46.1158027283579],[-114.51048030583276,46.11503799836277],[-114.50935652543619,46.11418465840174],[-114.50584698429763,46.112011838564456],[-114.50528078413268,46.11175381859844],[-114.50347468367907,46.111287958736646],[-114.50008617262334,46.10940506891163],[-114.49960785236256,46.10858807889022],[-114.49944684218342,46.107862318845356],[-114.49978239196355,46.106448178694215],[-114.49970324187979,46.10611273867393],[-114.49950957181028,46.10595977868014],[-114.49806064139884,46.10535154877137],[-114.4972880712084,46.10517030883196],[-114.49619143096065,46.10502389892729],[-114.49474941070059,46.105156149079725],[-114.4939784305316,46.1050791191489],[-114.49362324042905,46.10492163917056],[-114.49258735003842,46.10401072919594],[-114.49146859977276,46.103798209287866],[-114.4904278994245,46.103101139331606],[-114.48981078928536,46.10302028938533],[-114.48943999928359,46.10337544945142],[-114.48901439923237,46.10354078950693],[-114.48684085888122,46.103941839753595],[-114.48472676860874,46.10467260002201],[-114.48356629849472,46.10524936018405],[-114.479288908337,46.10867099088968],[-114.47882306835386,46.10921155098061],[-114.47653365830277,46.11120720137204],[-114.47563276834829,46.11231605155312],[-114.47484339826568,46.11294327683306],[-114.474376,46.112614],[-114.471003,46.105942],[-114.468054,46.105026],[-114.460475,46.09779],[-114.459755,46.093422],[-114.460873,46.085291],[-114.462458,46.078408],[-114.467043,46.077225],[-114.471282,46.077123],[-114.471567,46.075877],[-114.471393,46.068651],[-114.467075,46.065531],[-114.469438,46.06183],[-114.473737,46.06059],[-114.474689,46.058405],[-114.481255,46.055307],[-114.493475,46.052402],[-114.49288,46.050189],[-114.49832,46.042019],[-114.502247,46.041986],[-114.506229,46.038923],[-114.506,46.034888],[-114.507419,46.031861],[-114.505407,46.029982],[-114.500098,46.028486],[-114.489313,46.027869],[-114.48622,46.029883],[-114.480505,46.030424],[-114.473811,46.016614],[-114.473474,46.013057],[-114.484073,46.008206],[-114.487783,46.003646],[-114.485049,45.996867],[-114.479992,45.992902],[-114.4741,45.992247],[-114.464266,45.997516],[-114.457496,45.997369],[-114.454696,45.99223],[-114.447616,45.987354],[-114.438273,45.987756],[-114.429422,45.986608],[-114.419121,45.980936],[-114.411755,45.97787],[-114.410171,45.972234],[-114.40613,45.969981],[-114.40224,45.96388],[-114.402524,45.957944],[-114.406918,45.954245],[-114.411169,45.95311],[-114.413428,45.949807],[-114.424874,45.943586],[-114.42606,45.940807],[-114.431116,45.93805],[-114.431396,45.93604],[-114.427647,45.933066],[-114.414854,45.921767],[-114.416162,45.918705],[-114.413168,45.911479],[-114.404314,45.903497],[-114.395959,45.901422],[-114.395088,45.900783],[-114.39371,45.892969],[-114.392698,45.892147],[-114.388689,45.892114],[-114.3873,45.88775],[-114.388557,45.882189],[-114.391794,45.879495],[-114.396638,45.87098],[-114.403921,45.871876],[-114.406231,45.869319],[-114.405017,45.867094],[-114.409617,45.852343],[-114.410706,45.851824],[-114.421541,45.85519],[-114.438348,45.862555],[-114.447161,45.86115],[-114.448712,45.859073],[-114.45687,45.854682],[-114.461551,45.855134],[-114.46498,45.852117],[-114.470045,45.851478],[-114.472385,45.847458],[-114.474891,45.846585],[-114.485757,45.851614],[-114.492561,45.849765],[-114.498995,45.850692],[-114.50398,45.845859],[-114.509303,45.845531],[-114.5152,45.839804],[-114.517183,45.833506],[-114.512601,45.829634],[-114.5144,45.827131],[-114.52959,45.819278],[-114.532599,45.81552],[-114.530162,45.813128],[-114.531029,45.809868],[-114.537872,45.804504],[-114.537606,45.80276],[-114.54142,45.799236],[-114.544967,45.797898],[-114.544432770172,45.79005199774984],[-114.54623299769796,45.78986440753709],[-114.54753422786742,45.78941982737312],[-114.54930202804204,45.78853522712666],[-114.55119332833625,45.788130246908786],[-114.55462423875439,45.78681313646427],[-114.55550353890901,45.786714936370636],[-114.55582677875746,45.78562819624732],[-114.55649131150449,45.78452867252424],[-114.56243889891381,45.7798155451138],[-114.56346198873428,45.77788858485152],[-114.56346011564968,45.777687523907844],[-114.566465,45.77331],[-114.56632698756394,45.77317084581769],[-114.56638119833119,45.772939884149565]]],[[[-114.32050394855882,46.63876759029495],[-114.32215533661173,46.640363780520616],[-114.32256139681716,46.64095383052867],[-114.32284873703594,46.64172097056312],[-114.32281432742103,46.643587730720064],[-114.32222384763597,46.64517582090942],[-114.32180479771891,46.64597150101659],[-114.3215071717991,46.64625457771731],[-114.322816,46.642019],[-114.32050394855882,46.63876759029495]]],[[[-114.32035089856663,46.63855235796009],[-114.320335,46.63853],[-114.32034225528248,46.638514178475134],[-114.32035089856663,46.63855235796009]]],[[[-114.3218137046315,46.63125566980552],[-114.32245022497892,46.63230224982823],[-114.32245461522153,46.63345439992255],[-114.32216835539873,46.63457272004302],[-114.32157622564809,46.636327260246325],[-114.32066200593293,46.6378169013016],[-114.322189,46.634487],[-114.3218137046315,46.63125566980552]]],[[[-114.3221913393581,46.626626881829786],[-114.32270173415452,46.62813223946014],[-114.32264585422791,46.62853582949892],[-114.32193257254883,46.62936465822383],[-114.3221913393581,46.626626881829786]]],[[[-114.3243844622275,46.6221880837244],[-114.32387540346434,46.623718248980126],[-114.32319455803058,46.624596405012994],[-114.3243844622275,46.6221880837244]]],[[[-114.32459921322634,46.62189018875767],[-114.32445061482305,46.622054193362004],[-114.32451,46.621934],[-114.32459921322634,46.62189018875767]]],[[[-114.3277072588606,46.62024742640788],[-114.32651526341667,46.62096302849064],[-114.32587067688458,46.62121623462629],[-114.3277072588606,46.62024742640788]]],[[[-114.32692898263193,46.61682378810882],[-114.32724416280612,46.617353098120994],[-114.32750323310002,46.618506688190145],[-114.32799691334586,46.619206688198595],[-114.3280617734724,46.61974808823671],[-114.32778072766635,46.62020232945296],[-114.327099,46.617164],[-114.32663445874857,46.61656524889119],[-114.32692898263193,46.61682378810882]]],[[[-114.32408577045422,46.6132802232071],[-114.32530245173051,46.61408125804497],[-114.32572335190667,46.61451859803904],[-114.32615895232348,46.61595236467822],[-114.32408577045422,46.6132802232071]]],[[[-114.32978024207513,46.60343052869407],[-114.32987830058886,46.60424777678012],[-114.3285997002016,46.60471052895266],[-114.32978024207513,46.60343052869407]]],[[[-114.33054996991554,46.59919498705235],[-114.33029832974894,46.59983417637487],[-114.33026481001336,46.60112934648485],[-114.3299119666268,46.602594054112195],[-114.330256,46.599477],[-114.33054996991554,46.59919498705235]]],[[[-114.33646902967226,46.59355216524372],[-114.33639579593252,46.593586934869464],[-114.33653512521543,46.59353053855864],[-114.33646902967226,46.59355216524372]]],[[[-114.3427243204634,46.59133510443902],[-114.34128979038142,46.59231887466265],[-114.34086871261837,46.59243529852034],[-114.34333146760832,46.59073346952831],[-114.3427243204634,46.59133510443902]]]]}}]}