{"type":"FeatureCollection","metadata":{"layer":"ranger-districts-map","scope":"Idaho","feature_count":58,"source":"USFS EDW Ranger District Boundaries","note":"Current Forest Service Ranger District boundaries clipped exactly to Idaho."},"features":[{"type":"Feature","geometry":{"type":"MultiPolygon","coordinates":[[[[-113.2434947,44.8196484],[-113.24349473746348,44.81984993046266],[-113.24315002701707,44.81952498117738],[-113.2434947,44.8196484]]],[[[-113.21647093033425,44.80997186020736],[-113.209171,44.809032],[-113.20615141401396,44.806276698076054],[-113.21647093033425,44.80997186020736]]],[[[-113.19172069209428,44.800486263351694],[-113.190334,44.79979],[-113.18726294396315,44.79703494540577],[-113.19172069209428,44.800486263351694]]],[[[-113.1636585,44.7787597],[-113.16440645047744,44.77933878496164],[-113.163409,44.778779],[-113.159429,44.780884],[-113.149831,44.77882],[-113.147321,44.777076],[-113.140618,44.776698],[-113.131831,44.773038],[-113.13185781360666,44.772771466340174],[-113.1636585,44.7787597]]],[[[-113.13192327121267,44.76928297072597],[-113.131418,44.765272],[-113.13289490772239,44.764163240048084],[-113.13192327121267,44.76928297072597]]],[[[-113.1349934,44.7531059],[-113.13488823377592,44.753660040090764],[-113.13456034856905,44.75290908337572],[-113.1349934,44.7531059]]],[[[-113.1271127776628,44.7495242527064],[-113.124624,44.749225],[-113.121503,44.747173],[-113.12131608431619,44.74688972586977],[-113.1271127776628,44.7495242527064]]],[[[-113.1205467955517,44.74572385470688],[-113.11638,44.739409],[-113.1173686144876,44.73334304450713],[-113.1205467955517,44.74572385470688]]],[[[-113.1171923,44.7326562],[-113.11735698503959,44.73329774123909],[-113.1161491125155,44.73242750586223],[-113.1171923,44.7326562]]],[[[-113.11586226444366,44.73236462121931],[-113.112112,44.733288],[-113.101597,44.729388],[-113.10162437855669,44.72924330210365],[-113.11586226444366,44.73236462121931]]],[[[-113.1025874,44.7058643],[-113.1017467806453,44.72411481277811],[-113.099757,44.717717],[-113.101469,44.716258],[-113.101279,44.706221],[-113.0972631402957,44.70173240869047],[-113.1025874,44.7058643]]],[[[-113.0859521774191,44.692954536872094],[-113.083237,44.692156],[-113.07994,44.688876],[-113.0799239339992,44.68827631905746],[-113.0859521774191,44.692954536872094]]],[[[-113.06771643168834,44.67840384220261],[-113.067185,44.673847],[-113.06736635081195,44.67350385371748],[-113.06771643168834,44.67840384220261]]],[[[-113.0656347,44.6492664],[-113.06608220547405,44.655530014546684],[-113.06446,44.653375],[-113.065589,44.649253],[-113.051504,44.63695],[-113.0509032139987,44.634157195262816],[-113.0656347,44.6492664]]],[[[-113.0502687236685,44.63120771309104],[-113.049808,44.629066],[-113.05342,44.622013],[-113.05726750065502,44.61856607703338],[-113.0502687236685,44.63120771309104]]],[[[-113.0596931972854,44.61785049196954],[-113.059783,44.617824],[-113.05980132637247,44.617825524760875],[-113.0596931972854,44.61785049196954]]],[[[-113.0882696,44.5996491],[-113.0742422,44.6144911],[-113.07339618656073,44.614686446087276],[-113.07467,44.613982],[-113.078769,44.608017],[-113.083896,44.603637],[-113.087595,44.600088],[-113.087542,44.59951],[-113.079794,44.59651],[-113.073876,44.593932],[-113.06634,44.588675],[-113.06345707530696,44.586897843782836],[-113.0882696,44.5996491]]],[[[-113.06263838788512,44.58577089951088],[-113.06261,44.58548],[-113.06333002796192,44.58470348272491],[-113.06263838788512,44.58577089951088]]],[[[-113.0670824,44.5789124],[-113.06702788418197,44.57899653494421],[-113.045401,44.568892],[-113.041318,44.567817],[-113.03863554261189,44.565737068491465],[-113.0670824,44.5789124]]],[[[-113.03780796717032,44.56509538067036],[-113.036827,44.560362],[-113.04047201774465,44.55843215507485],[-113.03780796717032,44.56509538067036]]],[[[-113.045973,44.5446733],[-113.0456832758027,44.545397947537],[-113.04473847273246,44.54408854909299],[-113.045973,44.5446733]]],[[[-113.03004873377752,44.53713055115843],[-113.025493,44.538006],[-113.022694,44.534816],[-113.01761668230952,44.5312419381135],[-113.03004873377752,44.53713055115843]]],[[[-113.00974664785541,44.52751418749489],[-113.007952,44.52718],[-113.00772700784621,44.52655755708398],[-113.00974664785541,44.52751418749489]]],[[[-113.00725799939848,44.52526004078871],[-113.005408,44.520142],[-113.0122141415996,44.51750587494978],[-113.00725799939848,44.52526004078871]]],[[[-113.015790951503,44.51190975279671],[-113.015532,44.508528],[-113.017047,44.50398],[-113.02513071065457,44.497297169376345],[-113.015790951503,44.51190975279671]]],[[[-113.0266129,44.4949782],[-113.026499642468,44.495155397838566],[-113.02649983945234,44.494845541455085],[-113.0266129,44.4949782]]],[[[-113.00683350575864,44.47177023122791],[-113.006702,44.471651],[-113.00669208460276,44.471604296026385],[-113.00683350575864,44.47177023122791]]],[[[-113.0027856,44.4505152],[-113.0028567818375,44.4509588287044],[-113.00210199317091,44.45001246433602],[-113.0027856,44.4505152]]],[[[-112.9715622,44.427553],[-113.00174838225928,44.449752413077185],[-112.992667,44.445616],[-112.986168,44.440324],[-112.979377,44.433559],[-112.9696934956616,44.42732409162582],[-112.9715622,44.427553]]],[[[-112.9506172,44.4169855],[-112.95066428140149,44.41725144488883],[-112.94614250586221,44.41531393329511],[-112.9506172,44.4169855]]],[[[-112.93880227683088,44.41257191739923],[-112.93057,44.413312],[-112.925763,44.410465],[-112.9229,44.410839],[-112.918568,44.40896],[-112.91658024229645,44.40427065436337],[-112.93880227683088,44.41257191739923]]],[[[-112.9025272,44.399021],[-112.90308361914937,44.39922885593281],[-112.902662,44.399101],[-112.9020997033174,44.39925041057995],[-112.9025272,44.399021]]],[[[-112.89298758335747,44.40414031220906],[-112.891254,44.405525],[-112.89059453593504,44.405424510237715],[-112.89298758335747,44.40414031220906]]],[[[-112.8816172,44.3792337],[-112.88934087808188,44.4052334766601],[-112.889154,44.405205],[-112.888254,44.40374],[-112.884667,44.402106],[-112.88367,44.399948],[-112.885419,44.396833],[-112.884221,44.393726],[-112.882679,44.387067],[-112.88152,44.379629],[-112.876713,44.377472],[-112.873153,44.374375],[-112.87316238254593,44.37422649189036],[-112.8816172,44.3792337]]],[[[-112.86669850711806,44.37039838210113],[-112.863515,44.369455],[-112.86174782999004,44.367466435811544],[-112.86669850711806,44.37039838210113]]],[[[-112.8455362,44.3578654],[-112.8459714711739,44.3581231812429],[-112.8453187507251,44.35799092466761],[-112.8455362,44.3578654]]],[[[-112.84480318004303,44.35828854276049],[-112.841881,44.360848],[-112.83713146827421,44.36271711153908],[-112.84480318004303,44.35828854276049]]],[[[-112.8121455,44.3771405],[-112.81382279193552,44.376172267235006],[-112.813153,44.376697],[-112.814121,44.383737],[-112.81293209417517,44.386012188006376],[-112.8121455,44.3771405]]],[[[-112.81360838014703,44.39363975293722],[-112.815129,44.394705],[-112.81386067369917,44.39648527322113],[-112.81360838014703,44.39363975293722]]],[[[-112.81525591680796,44.39949781106433],[-112.819944,44.400198],[-112.821489,44.402744],[-112.82177639994266,44.4060572199779],[-112.81525591680796,44.39949781106433]]],[[[-112.83940356021442,44.42463505858089],[-112.839427,44.425119],[-112.83719398967717,44.42595273846145],[-112.83940356021442,44.42463505858089]]],[[[-112.826908,44.4320868],[-112.83545875597517,44.42698754703563],[-112.832644,44.429661],[-112.828137,44.431504],[-112.827617,44.432943],[-112.828402,44.440298],[-112.82748710714054,44.44162551277953],[-112.826908,44.4320868]]],[[[-112.82633789907842,44.443293017748076],[-112.825861,44.443985],[-112.8240736249798,44.444699530655235],[-112.82633789907842,44.443293017748076]]],[[[-112.81716948379785,44.44898821800592],[-112.815353,44.452438],[-112.812698,44.454464],[-112.810881,44.454344],[-112.80986867103336,44.45352330825505],[-112.81716948379785,44.44898821800592]]],[[[-112.7980738,44.46085],[-112.79979463073607,44.459781061110135],[-112.79758,44.461893],[-112.797236,44.466922],[-112.789483,44.472533],[-112.785506,44.479056],[-112.78380904735987,44.48006760191214],[-112.7980738,44.46085]]],[[[-112.7422405,44.4885742],[-112.78281497577801,44.480660196360105],[-112.780185,44.482228],[-112.779844,44.484613],[-112.772152,44.483605],[-112.763486,44.487329],[-112.755182,44.488482],[-112.748912,44.490079],[-112.744163,44.488241],[-112.739289,44.491049],[-112.733947,44.499787],[-112.72039282857747,44.50394999515889],[-112.7422405,44.4885742]]],[[[-112.71970084482088,44.504162529362496],[-112.71911,44.504344],[-112.707815,44.503023],[-112.698023,44.499875],[-112.693082,44.500046],[-112.68863,44.498173],[-112.687634,44.495512],[-112.68605974170698,44.49354618397859],[-112.71970084482088,44.504162529362496]]],[[[-112.68455998125529,44.49307289465468],[-112.679299,44.492128],[-112.671972,44.491367],[-112.66425110331521,44.486663887737116],[-112.68455998125529,44.49307289465468]]],[[[-112.6620127,44.4859575],[-112.6630930308572,44.48629842715301],[-112.6555854220945,44.487076422402055],[-112.6620127,44.4859575]]],[[[-112.65483678677224,44.48720675204477],[-112.642505,44.489889],[-112.63295386341989,44.491016341970926],[-112.65483678677224,44.48720675204477]]],[[[-112.63264316298815,44.49076501282384],[-112.629649,44.488343],[-112.62952451287829,44.48772897418811],[-112.63264316298815,44.49076501282384]]],[[[-112.62471264533222,44.48310501302238],[-112.619361,44.487071],[-112.60193636762249,44.490694544954145],[-112.62471264533222,44.48310501302238]]],[[[-112.5777806,44.4800548],[-112.58159764713633,44.481736972691955],[-112.577211,44.48041],[-112.569669,44.482711],[-112.558995,44.482833],[-112.549346,44.484487],[-112.54777925872716,44.48335047384785],[-112.5777806,44.4800548]]],[[[-112.5419744287053,44.4837406511021],[-112.541712,44.483771],[-112.5414728501544,44.48358608786853],[-112.5419744287053,44.4837406511021]]],[[[-112.51362465819211,44.4747511507951],[-112.513437,44.474709],[-112.5133338544051,44.474481638688694],[-112.51362465819211,44.4747511507951]]],[[[-112.5005442,44.4626284],[-112.50119645668232,44.46323290062973],[-112.500189,44.462963],[-112.497017,44.467478],[-112.494062,44.468214],[-112.491162,44.470346],[-112.4873046144058,44.470673739382676],[-112.5005442,44.4626284]]],[[[-112.48440953426214,44.4724330015688],[-112.48365,44.47435],[-112.4803782793973,44.47488268651513],[-112.48440953426214,44.4724330015688]]],[[[-112.47886876943629,44.47579997503987],[-112.476115,44.478068],[-112.473946,44.479169],[-112.47335958218522,44.4791477596697],[-112.47886876943629,44.47579997503987]]],[[[-112.4552997,44.4662777],[-112.47263357460048,44.479121463331985],[-112.472041,44.4791],[-112.469182,44.478023],[-112.464369,44.47494],[-112.46035,44.475115],[-112.455536,44.471141],[-112.455278,44.466682],[-112.452831,44.466534],[-112.447774,44.467972],[-112.44336965585977,44.46658878050742],[-112.4552997,44.4662777]]],[[[-112.4341262,44.4543076],[-112.43993209836219,44.4642610989073],[-112.434807,44.461201],[-112.433867,44.458639],[-112.434544,44.455736],[-112.43295622805806,44.45444749050289],[-112.4341262,44.4543076]]],[[[-112.40765477403714,44.45717896224452],[-112.406709,44.457251],[-112.40258,44.456299],[-112.39982976256944,44.45409753875936],[-112.40765477403714,44.45717896224452]]],[[[-112.390783,44.450535],[-112.39250746822766,44.45121408103625],[-112.39078297351915,44.450664813675516],[-112.390783,44.450535]]],[[[-113.48307082401698,44.948219467696994],[-113.483469,44.947847],[-113.487657,44.946919],[-113.49363162669461,44.94846190343421],[-113.48307082401698,44.948219467696994]]],[[[-113.4945724,44.9484835],[-113.49390428817823,44.9484681627016],[-113.49487104263628,44.94803090013791],[-113.4945724,44.9484835]]],[[[-113.4988112,44.9420595],[-113.49794615752411,44.94337049199423],[-113.498373,44.941685],[-113.496235,44.937503],[-113.49581514510486,44.935364056959806],[-113.4988112,44.9420595]]],[[[-113.49387382205656,44.93102567921059],[-113.492559,44.930592],[-113.491119,44.926751],[-113.49137125665241,44.925433063352635],[-113.49387382205656,44.93102567921059]]],[[[-113.4895798,44.9214296],[-113.49024355314346,44.92291292441171],[-113.488501,44.920728],[-113.484609,44.920045],[-113.4798851522531,44.91510298137779],[-113.4895798,44.9214296]]],[[[-113.4719541593564,44.90945900459567],[-113.471948,44.909456],[-113.47197451261498,44.90941563969863],[-113.4719541593564,44.90945900459567]]],[[[-113.4785326,44.8954429],[-113.47494995001863,44.90307613705252],[-113.475777,44.898625],[-113.47804,44.896272],[-113.477988,44.895222],[-113.47702246409857,44.894687905994104],[-113.4785326,44.8954429]]],[[[-113.47188897244429,44.89212141153184],[-113.467032,44.89076],[-113.46132542845334,44.88684015678739],[-113.47188897244429,44.89212141153184]]],[[[-113.45794665046988,44.87573878248367],[-113.45629,44.872323],[-113.45528918121704,44.86665880903723],[-113.45794665046988,44.87573878248367]]],[[[-113.4548425,44.8651326],[-113.45489079291973,44.86529760602155],[-113.45441105523815,44.86496112671068],[-113.4548425,44.8651326]]],[[[-113.44875472291304,44.86271307552299],[-113.443666,44.861756],[-113.44266702455286,44.86029358233513],[-113.44875472291304,44.86271307552299]]],[[[-113.4222582,44.8377294],[-113.42883114319274,44.85426823322489],[-113.425951,44.848389],[-113.422376,44.842595],[-113.422245,44.837826],[-113.42200316570764,44.83772723284155],[-113.4222582,44.8377294]]],[[[-113.42111612106113,44.837719695163855],[-113.413514,44.840441],[-113.409413,44.840757],[-113.39656976026144,44.83751111202529],[-113.42111612106113,44.837719695163855]]],[[[-113.3842471,44.8374064],[-113.39148778567194,44.8374679278556],[-113.390461,44.83766],[-113.384335,44.837503],[-113.377115,44.834829],[-113.37665942430392,44.832718039128466],[-113.3842471,44.8374064]]],[[[-113.3564599093475,44.81997878068247],[-113.356062,44.819798],[-113.34611010829198,44.8005817508376],[-113.3564599093475,44.81997878068247]]],[[[-113.34614434749581,44.800482676925135],[-113.346692,44.798898],[-113.34771968005306,44.79843654107838],[-113.34614434749581,44.800482676925135]]],[[[-113.3533361,44.7911416],[-113.35324682350826,44.79125755763015],[-113.35307917373206,44.79100718668924],[-113.3533361,44.7911416]]],[[[-113.35248098609544,44.79069423939376],[-113.346424,44.788528],[-113.34250224931779,44.78547377261082],[-113.35248098609544,44.79069423939376]]],[[[-113.3408464,44.7846075],[-113.34144970318928,44.78492312354333],[-113.34023724942033,44.784855135481514],[-113.3408464,44.7846075]]],[[[-113.3249773,44.7910587],[-113.32606227810926,44.790617628308574],[-113.32497740845922,44.79124178058775],[-113.3249773,44.7910587]]],[[[-113.4570506,44.9523269],[-113.45705040717057,44.95224802977488],[-113.45730706346836,44.95224840578215],[-113.4570506,44.9523269]]],[[[-113.46201310378892,44.95080805657185],[-113.46521,44.947866],[-113.47082821749606,44.94811006819904],[-113.46201310378892,44.95080805657185]]],[[[-113.5766903,45.131453],[-113.56600921261385,45.14923728509106],[-113.565407,45.148743],[-113.566815,45.1439],[-113.573512,45.136419],[-113.576632,45.131518],[-113.57436965247601,45.12912013085072],[-113.5766903,45.131453]]],[[[-113.56946814641996,45.124292992636185],[-113.567589,45.124261],[-113.554455,45.118689],[-113.55012104119646,45.11310744630365],[-113.56946814641996,45.124292992636185]]],[[[-113.5495545,45.1127799],[-113.55000150721287,45.11303833762324],[-113.54809593117582,45.11291048962925],[-113.5495545,45.1127799]]],[[[-113.53471379929785,45.11410862825085],[-113.529609,45.116402],[-113.5219346824649,45.115252777297286],[-113.53471379929785,45.11410862825085]]],[[[-113.51789858570517,45.115614140004844],[-113.513244,45.116837],[-113.51176741737177,45.11616308016197],[-113.51789858570517,45.115614140004844]]],[[[-113.51124528768044,45.11592477750941],[-113.510262,45.115476],[-113.505924,45.109159],[-113.5065023758335,45.10784178430598],[-113.51124528768044,45.11592477750941]]],[[[-113.50726201770792,45.10639357629738],[-113.511653,45.099889],[-113.51779059431979,45.09586078464572],[-113.50726201770792,45.10639357629738]]],[[[-113.5222342,45.0914154],[-113.52217986569003,45.091469756062324],[-113.52198570209355,45.091309279891725],[-113.5222342,45.0914154]]],[[[-113.49770673088712,45.08094103538579],[-113.495949,45.080818],[-113.49362042208907,45.07919599238604],[-113.49770673088712,45.08094103538579]]],[[[-113.4854942,45.0636464],[-113.49189128806323,45.077991536850185],[-113.487097,45.074652],[-113.488715,45.071966],[-113.487347,45.070195],[-113.4853316412313,45.06362408038531],[-113.4854942,45.0636464]]],[[[-113.47332423828283,45.06197544211477],[-113.465019,45.062816],[-113.461828,45.064691],[-113.459766,45.064641],[-113.452044,45.059174],[-113.45201112791088,45.059049113284615],[-113.47332423828283,45.06197544211477]]],[[[-113.45183382476569,45.05837550816776],[-113.450595,45.053669],[-113.45065875201236,45.052878076596734],[-113.45183382476569,45.05837550816776]]],[[[-113.44983665511597,45.04575892405312],[-113.449833,45.045501],[-113.45218171782467,45.043398706321774],[-113.44983665511597,45.04575892405312]]],[[[-113.4558837,45.0396728],[-113.45564019610241,45.03991787754723],[-113.45527193266662,45.039300542359356],[-113.4558837,45.0396728]]],[[[-113.4488298,45.0204407],[-113.44638637796513,45.03354511088526],[-113.446239,45.033461],[-113.448743,45.020711],[-113.443097,45.01496],[-113.438991,45.00983],[-113.43812799327176,45.00789465488446],[-113.4488298,45.0204407]]],[[[-113.4379957633427,45.00759812122028],[-113.437882,45.007343],[-113.439543,45.004649],[-113.44546730775106,44.99990387951457],[-113.4379957633427,45.00759812122028]]],[[[-113.4468827,44.9984463],[-113.44629125503663,44.999055373607156],[-113.44663,44.99782],[-113.445093,44.992097],[-113.44661962274343,44.987434880337126],[-113.4468827,44.9984463]]],[[[-113.44652259345888,44.98337360120701],[-113.44517,44.972644],[-113.44625529489069,44.9721854933945],[-113.44652259345888,44.98337360120701]]]]},"properties":{"objectid":1,"rangerdistrictid":"{00547F5B-E292-4000-9DE3-6347C2112A3F}","region":"01","forestnumber":"02","forestname":"Beaverhead-Deerlodge National Forest","districtnumber":"01","districtname":"Dillon Ranger District","districtorgcode":"010201"}},{"type":"Feature","geometry":{"type":"MultiPolygon","coordinates":[[[[-113.93728282253507,45.69509835684188],[-113.93526,45.694341],[-113.933995,45.691656],[-113.93407613430128,45.68825773486536],[-113.93728282253507,45.69509835684188]]],[[[-113.9198835,45.6579815],[-113.92429265408606,45.66738726511968],[-113.921292,45.664463],[-113.91948,45.65786],[-113.915855,45.657041],[-113.91268159063272,45.653803391563656],[-113.9198835,45.6579815]]],[[[-113.91260161780431,45.65375699620765],[-113.908418,45.653135],[-113.903582,45.651165],[-113.901047,45.648118],[-113.897322,45.646653],[-113.89553374261348,45.643855256309436],[-113.91260161780431,45.65375699620765]]],[[[-113.89530146993376,45.643491863752494],[-113.895237,45.643391],[-113.89542115662492,45.64322498994396],[-113.89530146993376,45.643491863752494]]],[[[-113.9011704167952,45.63040546136512],[-113.899915,45.62886],[-113.900058,45.628325],[-113.90327471298579,45.625713364581415],[-113.9011704167952,45.63040546136512]]],[[[-113.9049211,45.6220423],[-113.9046598867054,45.62262474560099],[-113.90385086432157,45.621767757463175],[-113.9049211,45.6220423]]],[[[-113.9032781505036,45.62162084187474],[-113.899536,45.621896],[-113.893318,45.620509],[-113.8899046246058,45.61819019402747],[-113.9032781505036,45.62162084187474]]],[[[-113.8866461,45.6173543],[-113.88817151618498,45.61774560785638],[-113.88614271872162,45.617485588783666],[-113.8866461,45.6173543]]],[[[-113.88339294037449,45.61820276892134],[-113.88188,45.618696],[-113.88062633943451,45.61892433662339],[-113.88339294037449,45.61820276892134]]],[[[-113.87115925883909,45.621393481880844],[-113.868897,45.622368],[-113.86685662722185,45.62251566757951],[-113.87115925883909,45.621393481880844]]],[[[-113.85677776754177,45.62187022484928],[-113.855061,45.62219],[-113.848639,45.620109],[-113.84816449102826,45.61847344637577],[-113.85677776754177,45.62187022484928]]],[[[-113.83088119319,45.61165751123702],[-113.828954,45.612598],[-113.825215,45.613107],[-113.822907,45.612102],[-113.818194,45.607872],[-113.812644,45.606499],[-113.807405,45.602783],[-113.8072513988023,45.602338737274096],[-113.83088119319,45.61165751123702]]],[[[-113.80044160693278,45.58908190803007],[-113.798386,45.586437],[-113.79729859084142,45.58268617607075],[-113.80044160693278,45.58908190803007]]],[[[-113.8216526,45.5659069],[-113.81442914202611,45.57042707314531],[-113.815212,45.569465],[-113.820873,45.56606],[-113.820964,45.565433],[-113.819253,45.564106],[-113.817457,45.56069],[-113.81782564803149,45.55766963370953],[-113.8216526,45.5659069]]],[[[-113.8209602683644,45.54958578210097],[-113.822056,45.547012],[-113.82223891138779,45.546920264966786],[-113.8209602683644,45.54958578210097]]],[[[-113.8348325,45.5206671],[-113.82797478360874,45.53496300605658],[-113.827862,45.534801],[-113.828391,45.532326],[-113.83308,45.524211],[-113.834459,45.521092],[-113.83417615778018,45.520667361547964],[-113.8348325,45.5206671]]],[[[-113.83244974589077,45.520668049511514],[-113.825395,45.521282],[-113.821014,45.522951],[-113.818303,45.521962],[-113.81256846746179,45.52067597206753],[-113.83244974589077,45.520668049511514]]],[[[-113.80765316201668,45.52067793078376],[-113.802849,45.523159],[-113.796579,45.523462],[-113.791468,45.522235],[-113.781571,45.521881],[-113.77796,45.523293],[-113.766555,45.520906],[-113.7664535910349,45.520694348536274],[-113.80765316201668,45.52067793078376]]],[[[-113.76632800174855,45.52043223013025],[-113.766268,45.520307],[-113.76846756498851,45.518227361301285],[-113.76632800174855,45.52043223013025]]],[[[-113.7730486,45.5135065],[-113.77260193075251,45.513966802870335],[-113.772201,45.512244],[-113.77007,45.512044],[-113.769612,45.509699],[-113.77085665230058,45.507983819600526],[-113.7730486,45.5135065]]],[[[-113.76994400341265,45.50568437234352],[-113.768532,45.50273],[-113.765651,45.501054],[-113.763388,45.491471],[-113.76038,45.486696],[-113.76002769273184,45.480699919180445],[-113.76994400341265,45.50568437234352]]],[[[-113.7763771,45.4709497],[-113.76061432374588,45.48020632003634],[-113.768065,45.473937],[-113.775623,45.471191],[-113.77627135419992,45.47051639664219],[-113.7763771,45.4709497]]],[[[-113.77609750802799,45.46980404560811],[-113.774257,45.46555],[-113.77456390390655,45.463519958534825],[-113.77609750802799,45.46980404560811]]],[[[-113.7844501,45.4550212],[-113.77459147694879,45.463337574349175],[-113.774641,45.46301],[-113.783556,45.455682],[-113.78355020100075,45.454250033784454],[-113.7844501,45.4550212]]],[[[-113.77621963730677,45.447968125407634],[-113.774777,45.447178],[-113.77480482928982,45.44675570918641],[-113.77621963730677,45.447968125407634]]],[[[-113.77498640000712,45.44400049529426],[-113.775299,45.439257],[-113.77575866707335,45.437976020500244],[-113.77498640000712,45.44400049529426]]],[[[-113.7762695,45.433991],[-113.77621224829069,45.4344376220233],[-113.77544057867516,45.433647038936805],[-113.7762695,45.433991]]],[[[-113.77014065435947,45.431447834322505],[-113.765033,45.431062],[-113.760146,45.427436],[-113.76018237191238,45.42731564310548],[-113.77014065435947,45.431447834322505]]],[[[-113.7760022,45.4077718],[-113.7773813,45.4166241],[-113.7603195639729,45.426861666141455],[-113.760764,45.425391],[-113.764225,45.422255],[-113.770322,45.420614],[-113.776691,45.41683],[-113.776043,45.408477],[-113.7752134591579,45.40762990273796],[-113.7760022,45.4077718]]],[[[-113.7690963713432,45.40652941704451],[-113.760924,45.406501],[-113.75569488118413,45.40411844165267],[-113.7690963713432,45.40652941704451]]],[[[-113.73818134171754,45.39403876959856],[-113.734402,45.392353],[-113.73383810881629,45.39053544155218],[-113.73818134171754,45.39403876959856]]],[[[-113.73334339496992,45.38894085848954],[-113.732552,45.38639],[-113.733867,45.381709],[-113.734213,45.377738],[-113.733216,45.372795],[-113.7387215977205,45.36825966301145],[-113.73334339496992,45.38894085848954]]],[[[-113.738859,45.3677313],[-113.73877911921215,45.36803847142233],[-113.73339,45.3631],[-113.73121225489437,45.35879984163819],[-113.738859,45.3677313]]],[[[-113.7402671,45.3456034],[-113.73445452290903,45.350949359892205],[-113.734478,45.348574],[-113.739192,45.346141],[-113.74010441648659,45.344141132027346],[-113.7402671,45.3456034]]],[[[-113.7384275,45.3290683],[-113.73970154181711,45.34051992472835],[-113.73811356432249,45.328796958545226],[-113.7384275,45.3290683]]],[[[-113.73225940366895,45.32373707978003],[-113.731386,45.32339],[-113.7304063372113,45.32213543401483],[-113.73225940366895,45.32373707978003]]],[[[-113.72812504522526,45.320163663583415],[-113.723729,45.318856],[-113.718704,45.3158],[-113.718481,45.313358],[-113.715828,45.311384],[-113.714520099098,45.308404611844836],[-113.72812504522526,45.320163663583415]]],[[[-113.70389223226655,45.29921871468858],[-113.703753,45.299178],[-113.70372339731001,45.299072786952394],[-113.70389223226655,45.29921871468858]]],[[[-113.69059174586752,45.28772281413509],[-113.688505,45.28672],[-113.68082492002772,45.27928113349206],[-113.69059174586752,45.28772281413509]]],[[[-113.6920342,45.2724815],[-113.68060047105413,45.27871589341518],[-113.679335,45.275529],[-113.683478,45.272955],[-113.690941,45.27283],[-113.69131474882225,45.270555581312216],[-113.6920342,45.2724815]]],[[[-113.6848321,45.253202],[-113.68585530404219,45.25594104310293],[-113.685148,45.255141],[-113.684556,45.25312],[-113.68367954749365,45.25268822249687],[-113.6848321,45.253202]]],[[[-113.676070320354,45.24929622976855],[-113.671928,45.248761],[-113.657772,45.24138],[-113.65718283583706,45.24087668742053],[-113.676070320354,45.24929622976855]]],[[[-113.65452743019002,45.23860822109173],[-113.649132,45.233999],[-113.64816936393656,45.229185165718064],[-113.65452743019002,45.23860822109173]]],[[[-113.6365659,45.2119881],[-113.64292767089472,45.22141664588578],[-113.63696,45.216793],[-113.637042,45.212939],[-113.618466,45.202682],[-113.61526402454489,45.1989733065],[-113.6365659,45.2119881]]],[[[-113.61346923947522,45.19787674779051],[-113.610673,45.197342],[-113.60623614670816,45.193457549634545],[-113.61346923947522,45.19787674779051]]],[[[-113.60487784520801,45.19262766901805],[-113.599634,45.19173],[-113.59817058957461,45.188529741246185],[-113.60487784520801,45.19262766901805]]],[[[-113.59204928815349,45.18424647430361],[-113.591911,45.184187],[-113.591813,45.180262],[-113.58961,45.177616],[-113.592886,45.170995],[-113.59350571644207,45.1690810365733],[-113.59204928815349,45.18424647430361]]],[[[-113.5938919,45.1650598],[-113.59379352904683,45.166084113092786],[-113.59091,45.161789],[-113.59089620935953,45.16138798447941],[-113.5938919,45.1650598]]],[[[-113.58499270563372,45.15415206488433],[-113.583872,45.153812],[-113.58308933761006,45.151819108284506],[-113.58499270563372,45.15415206488433]]],[[[-113.5803615,45.1484756],[-113.58069141855448,45.14887998089718],[-113.58018255276062,45.14851603347544],[-113.5803615,45.1484756]]]]},"properties":{"objectid":3,"rangerdistrictid":"{FA35315A-8503-4485-A152-EF972ADFDE66}","region":"01","forestnumber":"02","forestname":"Beaverhead-Deerlodge National Forest","districtnumber":"03","districtname":"Wisdom Ranger District","districtorgcode":"010203"}},{"type":"Feature","geometry":{"type":"MultiPolygon","coordinates":[[[[-111.5380732,44.5509394],[-111.53807072013278,44.55132845435115],[-111.536366,44.550594],[-111.523594,44.547864],[-111.518443,44.543567],[-111.51568511019836,44.53787303968153],[-111.5380732,44.5509394]]],[[[-111.5123408,44.5359212],[-111.51391363764711,44.53683915519857],[-111.50936594482526,44.53624621937111],[-111.5123408,44.5359212]]],[[[-111.50835714188239,44.53635643666869],[-111.500686,44.540467],[-111.499586,44.542041],[-111.497506,44.542058],[-111.494558,44.540857],[-111.489224,44.540829],[-111.485641,44.541663],[-111.48378,44.540846],[-111.479745,44.54209],[-111.4713805264979,44.54039633628468],[-111.50835714188239,44.53635643666869]]],[[[-111.463611,44.5412452],[-111.46515104102161,44.54107694200594],[-111.46372554634554,44.54157272454716],[-111.463611,44.5412452]]],[[[-111.46375337330844,44.54165229071206],[-111.467649,44.544623],[-111.466948,44.546978],[-111.468363,44.55152],[-111.469185,44.552043],[-111.4682114702402,44.554399412166305],[-111.46375337330844,44.54165229071206]]],[[[-111.4693353,44.5576128],[-111.46930552877248,44.5575276745622],[-111.46958249210695,44.557500753847506],[-111.4693353,44.5576128]]],[[[-111.47577921139182,44.55469193214803],[-111.475792,44.554624],[-111.47841313485722,44.55349803888866],[-111.47577921139182,44.55469193214803]]],[[[-111.4786272259773,44.553406071749],[-111.478653,44.553395],[-111.47868368366434,44.553423724413854],[-111.4786272259773,44.553406071749]]],[[[-111.50619246337764,44.56202491398228],[-111.507408,44.562079],[-111.50777543284919,44.562519862164194],[-111.50619246337764,44.56202491398228]]],[[[-111.50812387059459,44.562937933163745],[-111.509975,44.565159],[-111.508364,44.567464],[-111.505701,44.569],[-111.5036627630543,44.56881535817681],[-111.50812387059459,44.562937933163745]]],[[[-111.5011452,44.5721322],[-111.50119411031453,44.57206776158342],[-111.50123609422204,44.57218927270032],[-111.5011452,44.5721322]]],[[[-111.51441589009262,44.58046489818185],[-111.517814,44.582166],[-111.51836890492571,44.58294700568964],[-111.51441589009262,44.58046489818185]]],[[[-111.51919195831779,44.58410541923457],[-111.519262,44.584204],[-111.5192669140905,44.584340745185116],[-111.51919195831779,44.58410541923457]]],[[[-111.52088072641519,44.58940735854331],[-111.522646,44.59025],[-111.523789,44.594567],[-111.523952,44.598499],[-111.52380146057642,44.59857709314674],[-111.52088072641519,44.58940735854331]]],[[[-111.52517289221053,44.605121343739185],[-111.525198,44.6052],[-111.52487643890429,44.605650427357126],[-111.52517289221053,44.605121343739185]]],[[[-111.5209871708218,44.612591648739325],[-111.52243,44.613129],[-111.521585,44.615021],[-111.519287,44.615862],[-111.51874495686151,44.61659335372717],[-111.5209871708218,44.612591648739325]]],[[[-111.51165004444852,44.62240184407979],[-111.50826,44.624923],[-111.50531967502572,44.62523179762824],[-111.51165004444852,44.62240184407979]]],[[[-111.5025063,44.6264895],[-111.5036314712403,44.62598649896934],[-111.50266603040025,44.62669084574573],[-111.5025063,44.6264895]]],[[[-111.5069018433407,44.63203023583005],[-111.509351,44.633583],[-111.51089400725607,44.63706249781243],[-111.5069018433407,44.63203023583005]]],[[[-111.51265052300859,44.639276647238695],[-111.516461,44.640896],[-111.51619609640055,44.643745966275766],[-111.51265052300859,44.639276647238695]]],[[[-111.4901202,44.6424493],[-111.49165094591551,44.6434675419098],[-111.491407,44.643755],[-111.491411,44.647862],[-111.490612,44.649652],[-111.488029,44.651091],[-111.487515,44.653685],[-111.486207,44.654637],[-111.48213007319916,44.65593976276248],[-111.4901202,44.6424493]]],[[[-111.47449355790948,44.668833190829176],[-111.475892,44.669504],[-111.476511,44.673724],[-111.471737,44.67501],[-111.470453,44.677043],[-111.46875399024177,44.67852382851544],[-111.47449355790948,44.668833190829176]]],[[[-111.468417,44.6790928],[-111.46856321187994,44.67884593709396],[-111.46873754116922,44.67924600803921],[-111.468417,44.6790928]]],[[[-111.47036058091452,44.68002176716412],[-111.472169,44.680285],[-111.473894,44.681483],[-111.476133,44.68131],[-111.476872,44.681671],[-111.478728,44.683853],[-111.48038810460939,44.68481459064806],[-111.47036058091452,44.68002176716412]]],[[[-111.48948410369486,44.700153747535175],[-111.489894,44.700559],[-111.488784,44.705643],[-111.485278,44.70777],[-111.479477,44.706806],[-111.47823209553945,44.707279914032185],[-111.48948410369486,44.700153747535175]]]]},"properties":{"objectid":6,"rangerdistrictid":"{D75B29CB-55F0-47F8-BF16-F7700B0BB416}","region":"01","forestnumber":"02","forestname":"Beaverhead-Deerlodge National Forest","districtnumber":"06","districtname":"Madison Ranger District","districtorgcode":"010206"}},{"type":"Feature","geometry":{"type":"MultiPolygon","coordinates":[[[[-114.33056669913238,46.57463424342479],[-114.331209,46.572501],[-114.33539188101624,46.56824877280642],[-114.33056669913238,46.57463424342479]]],[[[-114.34917508136633,46.52981047561029],[-114.3479553,46.5516228],[-114.34037242544848,46.561657701029006],[-114.34264,46.555225],[-114.347221,46.552421],[-114.347533,46.551001],[-114.345795,46.54919],[-114.343975,46.541269],[-114.346249,46.536133],[-114.348733,46.533792],[-114.34917508136633,46.52981047561029]]],[[[-114.3453510221763,46.524420042413425],[-114.343211,46.522784],[-114.342004,46.520324],[-114.34215848194346,46.519919804839084],[-114.3453510221763,46.524420042413425]]],[[[-114.34267329130581,46.518572828950475],[-114.342794,46.518257],[-114.34297684224731,46.51812917793563],[-114.34267329130581,46.518572828950475]]],[[[-114.34939423106482,46.50999473836075],[-114.351919,46.507744],[-114.359683,46.504925],[-114.361674,46.505409],[-114.36833,46.504968],[-114.369522,46.503702],[-114.375594,46.501754],[-114.38108124027835,46.50400929941944],[-114.34939423106482,46.50999473836075]]],[[[-114.4029217,46.4998838],[-114.40258573574245,46.49994726113439],[-114.40279032982126,46.498460205589936],[-114.4029217,46.4998838]]],[[[-114.40207428350278,46.490700761656925],[-114.401374,46.488922],[-114.4012458133026,46.481723035073145],[-114.40207428350278,46.490700761656925]]],[[[-114.400913,46.4781165],[-114.40094658506251,46.47848044490527],[-114.40073625892211,46.47796919673476],[-114.400913,46.4781165]]],[[[-114.38842181861138,46.4677058369717],[-114.383127,46.466245],[-114.381977,46.462642],[-114.379799,46.460719],[-114.37983896059606,46.46055253098428],[-114.38842181861138,46.4677058369717]]],[[[-114.3807428814663,46.45678758793084],[-114.381567,46.453358],[-114.38370480277378,46.44928221656738],[-114.3807428814663,46.45678758793084]]],[[[-114.3845596,46.4471162],[-114.3843901153538,46.447545666241055],[-114.38416784705474,46.446869447627705],[-114.3845596,46.4471162]]],[[[-114.38228170220178,46.44568142665023],[-114.376196,46.442809],[-114.373974,46.443197],[-114.37234,46.44281],[-114.370935,46.439785],[-114.368541,46.437959],[-114.36868329966764,46.43711623747858],[-114.38228170220178,46.44568142665023]]],[[[-114.36872060811358,46.43689528011099],[-114.368786,46.436508],[-114.3707895721394,46.43623967558866],[-114.36872060811358,46.43689528011099]]],[[[-114.3828428,46.4324203],[-114.38204872064246,46.43267192449003],[-114.38297937852634,46.43099954125689],[-114.3828428,46.4324203]]],[[[-114.38395760243648,46.42082356257042],[-114.383721,46.419133],[-114.38467231255756,46.41338878727663],[-114.38395760243648,46.42082356257042]]],[[[-114.38602736079386,46.41057962102505],[-114.386807,46.410072],[-114.38682195221692,46.410070208340024],[-114.38602736079386,46.41057962102505]]],[[[-114.4224476,46.3872306],[-114.42201560436551,46.38750755246852],[-114.422212,46.387331],[-114.416834,46.375441],[-114.410493,46.365143],[-114.41092522387017,46.362607350885966],[-114.4224476,46.3872306]]],[[[-114.4333932,46.3055705],[-114.43159601304455,46.30835643480138],[-114.432796,46.3061],[-114.43268179542329,46.30396119403509],[-114.4333932,46.3055705]]],[[[-114.43160090342556,46.3015160510091],[-114.430745,46.300175],[-114.43030561167664,46.29858590295253],[-114.43160090342556,46.3015160510091]]],[[[-114.42578057395986,46.288349575513024],[-114.425441,46.287856],[-114.42552990223678,46.2877825177341],[-114.42578057395986,46.288349575513024]]],[[[-114.42740180217606,46.286092727275516],[-114.427309,46.283624],[-114.43544,46.27661],[-114.44076038664154,46.27410369501562],[-114.42740180217606,46.286092727275516]]],[[[-114.44130752426871,46.27384595176227],[-114.453657,46.270947],[-114.46090281233705,46.2726614618955],[-114.44130752426871,46.27384595176227]]],[[[-114.4666493,46.2723141],[-114.46633142865076,46.272333314588266],[-114.46665789750071,46.272128306913736],[-114.4666493,46.2723141]]],[[[-114.46737842946632,46.25655751928437],[-114.465133,46.252327],[-114.46770906114962,46.24941252645969],[-114.46737842946632,46.25655751928437]]],[[[-114.4677789,46.2479033],[-114.4677599100934,46.24831367430241],[-114.46708932041432,46.24765854724943],[-114.4677789,46.2479033]]]]},"properties":{"objectid":7,"rangerdistrictid":"{5F58B4A3-F25B-4C6B-A974-38030E1500DB}","region":"01","forestnumber":"03","forestname":"Bitterroot National Forest","districtnumber":"01","districtname":"Stevensville Ranger District","districtorgcode":"010301"}},{"type":"Feature","geometry":{"type":"MultiPolygon","coordinates":[[[[-115.8063433,46.9630732],[-115.8169247,46.9631038],[-115.8063486,46.9666827],[-115.8063645,46.9775109],[-115.8486275,46.9775845],[-115.8486365,47.0064593],[-115.8698241,47.0064872],[-115.8698459,47.020948],[-115.911671,47.0209608],[-115.9169517,47.0136716],[-115.9116888,47.0028361],[-115.8958203,46.9992292],[-115.9222762,46.9919922],[-115.9170267,46.9631932],[-115.9380359,46.9344634],[-115.9537,46.9453405],[-115.9642274,46.9344277],[-116.142415,46.9344244],[-116.1425376,47.0475045],[-116.1334904,47.0475041],[-116.1425381,47.0511031],[-116.1425337,47.0619143],[-116.1230306,47.0655078],[-116.1231007,47.0799221],[-116.1425301,47.079925],[-116.1425313,47.1027683],[-116.1902775,47.1061298],[-116.1902692,47.098868],[-116.2061426,47.0987638],[-116.2114303,47.0915309],[-116.2061534,47.0842166],[-116.2221309,47.0805806],[-116.2272403,47.0551066],[-116.2377968,47.0550118],[-116.2483736,47.0658186],[-116.2485024,47.0913408],[-116.2326001,47.0951386],[-116.2379176,47.0950918],[-116.2380317,47.1164063],[-116.248694,47.1163562],[-116.2490069,47.1454387],[-116.20657,47.1601911],[-116.2065941,47.1674653],[-116.1959626,47.167519],[-116.1852561,47.1529355],[-116.1427336,47.1529441],[-116.1427275,47.1674674],[-116.1221394,47.1674191],[-116.116831,47.1746718],[-116.1221789,47.1891721],[-116.1328542,47.1892078],[-116.1281658,47.2028534],[-116.0961064,47.2100936],[-116.0961635,47.1993016],[-116.1122166,47.1992694],[-116.1115192,47.1928223],[-116.0750496,47.1956118],[-116.0748922,47.2100459],[-116.0642797,47.2100321],[-116.0642165,47.2172508],[-116.0536353,47.2136261],[-116.0535399,47.2244496],[-116.0324245,47.2243878],[-116.0324448,47.2099762],[-116.0536671,47.2100182],[-116.0537566,47.1991876],[-116.0635638,47.1955942],[-116.0582578,47.1783922],[-116.0849068,47.1783273],[-116.0849197,47.1710987],[-116.0155818,47.1675678],[-116.0158064,47.1955299],[-115.905333,47.194978],[-115.9046935,47.2675112],[-115.9258564,47.2676145],[-115.9259723,47.2548525],[-115.9472651,47.2531559],[-115.9471338,47.2831983],[-115.9894937,47.2833068],[-115.9895543,47.267716],[-116.0054533,47.2712928],[-116.0055608,47.2832815],[-116.1377842,47.283277],[-116.1376924,47.3270678],[-116.1806323,47.3269188],[-116.1806986,47.3377476],[-116.2340667,47.3450402],[-116.2288602,47.3703718],[-116.2018696,47.3702225],[-116.2018936,47.3810599],[-116.1912565,47.3846674],[-116.2019754,47.3991105],[-116.1593175,47.4099326],[-116.1433445,47.3990545],[-116.1379299,47.4173265],[-116.1184779,47.4169526],[-116.1112841,47.429279],[-116.0985037,47.4206039],[-116.0474034,47.4127768],[-116.0052238,47.4233073],[-115.9950341,47.4355284],[-115.971822,47.4343869],[-115.9426853,47.4165841],[-115.9293703,47.4207619],[-115.8729804,47.4072819],[-115.832975,47.4326177],[-115.75719756284037,47.4227165676244],[-115.756794,47.422497],[-115.75468424621666,47.42238817593518],[-115.7515649,47.4219806],[-115.721435,47.425714],[-115.720514,47.420807],[-115.716868,47.419798],[-115.716727,47.4186],[-115.7134301790811,47.416362421161296],[-115.7127969,47.4155813],[-115.71226716122267,47.41557307159906],[-115.712021,47.415406],[-115.70960447694874,47.415531712282544],[-115.69200380230332,47.4152583220497],[-115.686862,47.411735],[-115.675604,47.40942],[-115.67549265433378,47.40920840214721],[-115.677369,47.402449],[-115.677328,47.4022786],[-115.676908,47.402097],[-115.67608624758063,47.40216239969987],[-115.65777643482461,47.40041656706637],[-115.65725060875523,47.399565140552845],[-115.656934,47.395753],[-115.655088,47.393794],[-115.65341426569142,47.39335326862465],[-115.64804364771665,47.38465707266934],[-115.648366,47.382669],[-115.64447737076296,47.378882496379276],[-115.6437976,47.3777818],[-115.64338652043557,47.37782029464635],[-115.642921,47.377367],[-115.64115109901039,47.37802962579449],[-115.6107657,47.380875],[-115.60831583359493,47.379856477566776],[-115.605305,47.37798],[-115.60303511156324,47.37766103791268],[-115.60154222918754,47.37704037786907],[-115.59578,47.371719],[-115.590981,47.370064],[-115.586421,47.370272],[-115.584284,47.3686],[-115.57891697442307,47.36763401616403],[-115.5772895,47.3669574],[-115.57679148988808,47.36424453449036],[-115.578345,47.361088],[-115.57534011861507,47.35633831938763],[-115.5752254,47.3557134],[-115.56927049192613,47.35455192067629],[-115.565827,47.352456],[-115.560299,47.352174],[-115.55939012013809,47.35262479646212],[-115.55246602910196,47.351274282151216],[-115.55155807977924,47.35018505152786],[-115.5506001,47.3342312],[-115.55015797725221,47.33399715409605],[-115.550179,47.333741],[-115.54788746858425,47.33279521808105],[-115.5395594,47.3283866],[-115.53946008978605,47.328128310763],[-115.54104,47.325776],[-115.537062,47.317838],[-115.53475170755317,47.31588259699379],[-115.52850290952894,47.29963051969388],[-115.528511,47.299314],[-115.4829161,47.2814628],[-115.4818315145133,47.28186037431757],[-115.480384,47.281641],[-115.47791690405474,47.283295345189586],[-115.47537830718831,47.28422591353034],[-115.471806,47.284238],[-115.466691,47.287173],[-115.46588944005948,47.286909110184105],[-115.45728709478574,47.27885063528632],[-115.457255,47.278321],[-115.45651644849926,47.27812871195529],[-115.4560382,47.2776807],[-115.45510570715882,47.27776141367797],[-115.453683,47.277391],[-115.45064485502732,47.27814753115418],[-115.44919071783993,47.27827339674315],[-115.444685,47.277021],[-115.4372,47.27918],[-115.43712292333049,47.279317947475185],[-115.43320458629657,47.279657106533115],[-115.432464,47.279485],[-115.42602584582262,47.28027081749464],[-115.42118517106468,47.27511854953914],[-115.421388,47.27201],[-115.41472340982703,47.268240846114395],[-115.412079,47.264602],[-115.41115452409542,47.264442231972495],[-115.4109773,47.2642536],[-115.41045373721495,47.26432112190675],[-115.40826,47.263942],[-115.40472391278975,47.26506007563212],[-115.392114,47.265369],[-115.3854793720737,47.267541971062066],[-115.38497137655492,47.26760748531752],[-115.376652,47.264648],[-115.37145952834956,47.2652584831509],[-115.37112010986509,47.265198911790115],[-115.366024,47.261925],[-115.359219,47.259643],[-115.353849,47.262148],[-115.350012,47.260511],[-115.345786,47.260584],[-115.3455066223083,47.26070348688554],[-115.32599074780397,47.25727825445333],[-115.323517,47.256321],[-115.3217005558958,47.2565252825862],[-115.31962890680384,47.25616168731629],[-115.3247385,47.2449952],[-115.317369,47.2335985],[-115.31314477984036,47.23110568745309],[-115.311053,47.229701],[-115.31075488368332,47.22969535302426],[-115.29541160452868,47.22064091993555],[-115.294696,47.219609],[-115.297873619626,47.20126099901621],[-115.301226,47.193452],[-115.300504,47.188139],[-115.3001778049427,47.18805957545067],[-115.3002018,47.1879221],[-115.29840261033101,47.187627337043466],[-115.295091,47.186821],[-115.29346643131979,47.18681863813616],[-115.29033441318415,47.1863055166229],[-115.286849,47.183485],[-115.282848,47.183529],[-115.277692,47.182077],[-115.272573,47.182664],[-115.267044,47.18131],[-115.262422,47.181687],[-115.26149288700223,47.18101780064839],[-115.2565105847869,47.17225921968506],[-115.256792,47.169828],[-115.255462,47.163692],[-115.253658,47.16149],[-115.24901463574301,47.159081802145884],[-115.247835,47.155092],[-115.245265,47.151751],[-115.243106,47.150729],[-115.24173859344262,47.15067806541999],[-115.21520159324524,47.14395636969726],[-115.21253,47.141998],[-115.204574,47.140498],[-115.202893,47.139757],[-115.199849,47.139826],[-115.19934832702786,47.1396967122958],[-115.19891413000948,47.139184765572104],[-115.198231,47.137123],[-115.19637701212004,47.13619333740434],[-115.17285545464854,47.108459880530866],[-115.172175,47.107151],[-115.17151125503077,47.10687498113915],[-115.1711241,47.1064185],[-115.16991052690682,47.10620931710584],[-115.160327,47.102224],[-115.15796,47.102824],[-115.149667,47.10179],[-115.148516070071,47.10252156691996],[-115.14418140949915,47.10177440397714],[-115.14398817500475,47.10152909777259],[-115.14128688488682,47.09473738631103],[-115.142679,47.092063],[-115.141675,47.085729],[-115.140039,47.083635],[-115.139619,47.080019],[-115.137826,47.077488],[-115.134917,47.075673],[-115.1309043,47.068633],[-115.1061131,47.0484089],[-115.10418902693941,47.04812641994978],[-115.102619,47.047419],[-115.1014231745763,47.047720355268346],[-115.0876175680931,47.04569350478512],[-115.088363,47.041121],[-115.08330080248017,47.03883768207765],[-115.08077041889972,47.03457257393199],[-115.081034,47.029847],[-115.07560044495185,47.02585828327334],[-115.06960523120395,47.01575300311394],[-115.06952731078236,47.015453848964974],[-115.096586,47.0119252],[-115.1232884,46.9967071],[-115.1605525,47.0070221],[-115.1841615,46.9943769],[-115.2048782,46.9688039],[-115.2241186,46.9717587],[-115.2429601,46.9600624],[-115.2605231,46.9616084],[-115.2804259,46.9434964],[-115.3575613,46.9614386],[-115.3684543,46.9429659],[-115.4132158,46.9467353],[-115.432762,46.9582442],[-115.4309791,46.9801145],[-115.475008,46.9905448],[-115.481098,46.986801],[-115.4744251,46.9675715],[-115.5039255,46.9392354],[-115.5185091,46.9454453],[-115.54013,46.9370389],[-115.5544287,46.9437176],[-115.5794278,46.9354993],[-115.6025161,46.9489399],[-115.6725292,46.9533093],[-115.7052209,46.9464753],[-115.7024821,46.9396321],[-115.7244561,46.9238877],[-115.7564149,46.916437],[-115.7640874,46.9204958],[-115.7640654,46.9338534],[-115.785192,46.9343807],[-115.7852136,46.9630187],[-115.8010609,46.9630596],[-115.806335,46.9486687],[-115.8063433,46.9630732]],[[-115.9257654,47.2748236],[-115.915319,47.2784434],[-115.9259859,47.2821564],[-115.9257654,47.2748236]],[[-116.1646362,47.3485488],[-116.1647598,47.3557529],[-116.1808393,47.3557617],[-116.1646362,47.3485488]],[[-116.2021784,47.3485449],[-116.2022363,47.3557448],[-116.2128348,47.3557818],[-116.212799,47.3485797],[-116.2021784,47.3485449]],[[-115.9696837,46.9668652],[-115.9381501,46.9740089],[-115.9699559,46.977604],[-115.9696837,46.9668652]],[[-115.8902232,47.0932784],[-115.8954394,47.107767],[-115.9113473,47.1077643],[-115.9113988,47.0968758],[-115.8902232,47.0932784]],[[-115.9538845,47.0209813],[-115.9644346,47.0281989],[-115.9538671,47.0318133],[-115.9327592,47.0209709],[-115.9116651,47.0245741],[-115.9116476,47.035414],[-115.8905586,47.0354039],[-115.8957315,47.0607074],[-115.8904514,47.0607069],[-115.8903082,47.078779],[-115.9114839,47.0787873],[-115.9114335,47.0896409],[-115.9432334,47.0824172],[-115.9325618,47.1077772],[-115.985646,47.1077414],[-115.980308,47.0932533],[-115.9856156,47.0932587],[-115.9856112,47.0715692],[-115.953803,47.0788078],[-115.9538088,47.0643359],[-115.9749857,47.0643303],[-115.9749912,47.049862],[-115.9855784,47.0498643],[-115.9855747,47.0353996],[-116.0067208,47.035368],[-116.0067636,47.0208791],[-115.9538845,47.0209813]]],[[[-116.3096996,46.9558287],[-116.3259189,46.9518304],[-116.330293,46.9510697],[-116.3302945,46.9568068],[-116.3461608,46.9568068],[-116.3408719,46.9532138],[-116.3477437,46.953443],[-116.3461551,46.9640496],[-116.3713212,46.9603562],[-116.3673597,46.967554],[-116.4467071,46.9719975],[-116.4505379,46.9881692],[-116.4751202,47.0020751],[-116.4822959,47.0149901],[-116.4778048,47.0252063],[-116.4869051,47.032951],[-116.5076536,47.0307243],[-116.5247142,47.042126],[-116.5815172,47.033447],[-116.6153442,47.053327],[-116.6226419,47.0677766],[-116.6581995,47.0638383],[-116.6952922,47.0715286],[-116.7195341,47.0927377],[-116.7086862,47.1007198],[-116.7188695,47.1264279],[-116.7416611,47.135367],[-116.712579,47.1667962],[-116.7125704,47.152365],[-116.6062604,47.1518955],[-116.6062619,47.1086309],[-116.3950598,47.1090504],[-116.3948123,47.021956],[-116.3212708,47.0293036],[-116.3160078,47.0220836],[-116.3159757,47.0293275],[-116.300134,47.0293923],[-116.2948352,47.0221004],[-116.2895986,47.0367122],[-116.2483714,47.0367939],[-116.2483198,47.0222143],[-116.2683857,47.0318209],[-116.2586795,47.0086912],[-116.2720001,47.0034797],[-116.2773021,46.9783435],[-116.2878585,46.9819831],[-116.2878369,46.9711729],[-116.2721037,46.9711107],[-116.2755205,46.9617411],[-116.2766717,46.9614596],[-116.2931063,46.9639639],[-116.2984451,46.9566084],[-116.3087885,46.9548095],[-116.3096996,46.9558287]],[[-116.3729018,47.0140983],[-116.3835061,47.0176719],[-116.3947961,47.0140865],[-116.3729018,47.0140983]]],[[[-116.2586524,46.9782943],[-116.263937,46.9854975],[-116.248083,46.9818822],[-116.2480786,46.992715],[-116.2058996,47.000077],[-116.2058492,46.9927802],[-116.1848361,46.992756],[-116.1845091,46.9600581],[-116.2056639,46.949385],[-116.2056788,46.9637763],[-116.2268614,46.9638419],[-116.2269058,46.9782452],[-116.2480845,46.9782712],[-116.2480475,46.9674686],[-116.2667841,46.9638767],[-116.2586524,46.9782943]]],[[[-115.8591378,46.9126781],[-115.8274582,46.9126776],[-115.8116146,46.9162881],[-115.8221732,46.9090577],[-115.8168802,46.8982119],[-115.8274536,46.8909951],[-115.8906764,46.8909651],[-115.8906531,46.9054334],[-115.8802594,46.909056],[-115.8802716,46.9162931],[-115.8644308,46.9199099],[-115.8591378,46.9126781]]],[[[-116.2715049,47.3704565],[-116.2769092,47.3486172],[-116.2662321,47.3486402],[-116.2662076,47.355931],[-116.2554523,47.352286],[-116.2609394,47.3268524],[-116.2663058,47.3340698],[-116.2982402,47.3340033],[-116.2981922,47.3412804],[-116.308785,47.3412573],[-116.3087348,47.3558107],[-116.3297617,47.3629001],[-116.3297702,47.3702599],[-116.2927624,47.3631228],[-116.2874277,47.3705158],[-116.2715049,47.3704565]]],[[[-116.4467782,47.3701649],[-116.446935,47.3593204],[-116.4256006,47.3628111],[-116.4362986,47.3556295],[-116.4365991,47.3447552],[-116.4579896,47.3449006],[-116.4577805,47.3521472],[-116.4791434,47.3559972],[-116.4787687,47.3632529],[-116.4900962,47.3560682],[-116.4952865,47.3670133],[-116.4955725,47.3561037],[-116.5118498,47.3562591],[-116.5176102,47.371047],[-116.4467782,47.3701649]],[[-116.4524351,47.3521119],[-116.452251,47.3593549],[-116.4629397,47.3594486],[-116.4524351,47.3521119]]],[[[-116.2268572,46.9494554],[-116.2321658,46.9386938],[-116.2480464,46.9422924],[-116.2480556,46.9351142],[-116.2586476,46.9350869],[-116.2638986,46.9493994],[-116.2586072,46.9566486],[-116.2321535,46.9566542],[-116.2268572,46.9494554]]],[[[-116.6912434,47.1666475],[-116.7125464,47.166832],[-116.6867719,47.1953449],[-116.6697234,47.1953742],[-116.6697468,47.1811804],[-116.6912455,47.1775788],[-116.6912434,47.1666475]]],[[[-116.3089003,47.3012615],[-116.3091301,47.2678887],[-116.3198054,47.2679046],[-116.3197709,47.2827577],[-116.3300798,47.2825638],[-116.3303626,47.3012032],[-116.3089003,47.3012615]]],[[[-116.420353,47.3985864],[-116.4259454,47.3842444],[-116.4469079,47.3878112],[-116.4413219,47.4021393],[-116.420353,47.3985864]]],[[[-116.0321493,47.2388041],[-116.0108697,47.2388323],[-116.0109287,47.2243689],[-116.0324245,47.2243878],[-116.0321493,47.2388041]]],[[[-116.3350782,47.3777691],[-116.3350687,47.3850215],[-116.3456741,47.3850254],[-116.3457865,47.3958444],[-116.3297987,47.39584],[-116.329761,47.3886306],[-116.3191528,47.3850402],[-116.3191623,47.3777915],[-116.3350782,47.3777691]]],[[[-116.5537085,47.2105644],[-116.5544717,47.2103145],[-116.564906,47.2101134],[-116.5646009,47.2246457],[-116.5435109,47.2246269],[-116.5436006,47.2101347],[-116.5524214,47.210354],[-116.5537085,47.2105644]]],[[[-115.806335,46.9486687],[-115.806333,46.9343825],[-115.8274947,46.9343658],[-115.8275038,46.9487501],[-115.806335,46.9486687]]],[[[-116.2259636,46.9312721],[-116.2258084,46.9195491],[-116.2316458,46.9204501],[-116.2461536,46.9204564],[-116.2462856,46.9351196],[-116.2259636,46.9312721]]],[[[-115.8538903,46.9343481],[-115.869737,46.934371],[-115.8644629,46.9487451],[-115.8486153,46.9487303],[-115.8538903,46.9343481]]],[[[-116.3037642,46.9491896],[-116.309207,46.9386166],[-116.3143548,46.9492645],[-116.3303575,46.942394],[-116.3302929,46.9507522],[-116.3259189,46.9518304],[-116.3087885,46.9548095],[-116.3037642,46.9491896]]],[[[-115.9896893,47.253303],[-115.9895543,47.267716],[-115.9842879,47.2605394],[-115.9737591,47.264183],[-115.9684883,47.2532604],[-115.9896893,47.253303]]],[[[-116.2880539,46.9350961],[-116.293373,46.9241956],[-116.309238,46.9241962],[-116.3039599,46.9351073],[-116.2880539,46.9350961]]],[[[-116.2617379,46.9313959],[-116.2880887,46.9222969],[-116.2880646,46.9314255],[-116.2721857,46.9350733],[-116.2617379,46.9313959]]],[[[-116.2682621,47.0511529],[-116.2683733,47.0403488],[-116.2804803,47.0439674],[-116.2868509,47.0512358],[-116.2682621,47.0511529]]],[[[-116.3304351,46.9133768],[-116.3390662,46.9242034],[-116.31453,46.9205846],[-116.3198358,46.9169776],[-116.3304351,46.9133768]]],[[[-115.9117659,46.8837637],[-115.9248982,46.8814541],[-115.93277,46.8873221],[-115.9170194,46.8909822],[-115.9117659,46.8837637]]],[[[-116.2668236,46.9493872],[-116.2820934,46.9601343],[-116.2766717,46.9614596],[-116.2756783,46.9613083],[-116.2755205,46.9617411],[-116.2667841,46.9638767],[-116.2668236,46.9493872]]],[[[-116.1632529,46.9199998],[-116.1423803,46.920089],[-116.1423547,46.9136806],[-116.1513075,46.9170859],[-116.1632554,46.9136325],[-116.1632529,46.9199998]]],[[[-116.293245,46.9457514],[-116.2931571,46.9566331],[-116.2826027,46.9566516],[-116.2826533,46.9493651],[-116.293245,46.9457514]]],[[[-115.8380596,46.9487402],[-115.8327835,46.9595413],[-115.8275061,46.9631344],[-115.8275038,46.9487501],[-115.8380596,46.9487402]]],[[[-116.2664641,47.2834297],[-116.2664928,47.2714842],[-116.2772014,47.2714928],[-116.2718358,47.2751053],[-116.271817,47.2834226],[-116.2664641,47.2834297]]],[[[-115.8905866,46.9775753],[-115.890559,46.9847751],[-115.8803686,46.98479],[-115.8803578,46.9775753],[-115.8905866,46.9775753]]],[[[-115.8486181,46.9631557],[-115.8433395,46.9595469],[-115.8433375,46.9487352],[-115.8486153,46.9487303],[-115.8486181,46.9631557]]],[[[-116.4003687,47.1307394],[-116.4003781,47.1343649],[-116.3853248,47.13803],[-116.3905652,47.1307606],[-116.4003687,47.1307394]]],[[[-115.9012428,46.8801235],[-115.9012414,46.8728949],[-115.9100246,46.8738622],[-115.9098396,46.8801436],[-115.9012428,46.8801235]]],[[[-115.8697854,46.9775753],[-115.8750584,46.9703738],[-115.880343,46.970376],[-115.8803578,46.9775753],[-115.8697854,46.9775753]]],[[[-115.8854412,46.8656617],[-115.8854245,46.8584514],[-115.901225,46.8656755],[-115.8854412,46.8656617]]],[[[-115.8168458,46.865661],[-115.8379718,46.8605641],[-115.8379755,46.8656581],[-115.8168458,46.865661]]],[[[-116.2873626,47.3885417],[-116.2874021,47.3813714],[-116.297956,47.3849675],[-116.2926451,47.3885559],[-116.2873626,47.3885417]]],[[[-115.947306,47.2484925],[-115.9684842,47.2495925],[-115.9684883,47.2532604],[-115.947306,47.2484925]]],[[[-116.4148409,47.3733393],[-116.4201935,47.3733342],[-116.4154295,47.3842617],[-116.4148409,47.3733393]]],[[[-116.3409013,46.9522365],[-116.3393405,46.9410481],[-116.3450871,46.9485969],[-116.3409013,46.9522365]]],[[[-115.9117245,46.851255],[-115.9169722,46.8479291],[-115.9185474,46.8506623],[-115.9189408,46.8548575],[-115.9117245,46.851255]]],[[[-116.4837339,47.3806349],[-116.4889781,47.3769948],[-116.4890408,47.3842936],[-116.4837339,47.3806349]]],[[[-116.4042132,47.3699184],[-116.4148945,47.3663678],[-116.4148798,47.369951],[-116.4042132,47.3699184]]],[[[-115.8275002,46.9703495],[-115.8222136,46.9703355],[-115.8275061,46.9631344],[-115.8275002,46.9703495]]],[[[-115.7957732,46.9235201],[-115.7957767,46.9199026],[-115.8010551,46.9235192],[-115.7957732,46.9235201]]],[[[-116.4255325,47.3700157],[-116.4255664,47.3664293],[-116.4308442,47.3700503],[-116.4255325,47.3700157]]],[[[-116.1632557,46.9128808],[-116.1736864,46.9106176],[-116.1632554,46.9136325],[-116.1632557,46.9128808]]],[[[-116.3930081,47.3247029],[-116.3930092,47.3233446],[-116.3971869,47.3257064],[-116.3930081,47.3247029]]],[[[-116.2823084,47.3214286],[-116.287627,47.3201498],[-116.2840854,47.3220666],[-116.2823084,47.3214286]]],[[[-116.2829355,47.0462604],[-116.2809486,47.0439681],[-116.2895462,47.0512383],[-116.2829355,47.0462604]]],[[[-115.9171044,47.2530756],[-115.9192659,47.2523849],[-115.9221164,47.2533775],[-115.9171044,47.2530756]]],[[[-116.0203225,47.2495917],[-116.0228829,47.2494817],[-116.0236825,47.2503449],[-116.0203225,47.2495917]]],[[[-116.551034,47.2101273],[-116.5550559,47.2101233],[-116.5544717,47.2103145],[-116.5524214,47.210354],[-116.551034,47.2101273]]],[[[-115.9657296,47.0833224],[-115.966785,47.0824183],[-115.9670539,47.0833216],[-115.9657296,47.0833224]]],[[[-116.5518208,47.1756998],[-116.5518256,47.1747986],[-116.5531453,47.1748019],[-116.5518208,47.1756998]]],[[[-116.1118679,46.9028431],[-116.1118634,46.9014039],[-116.1125575,46.9024293],[-116.1118679,46.9028431]]],[[[-116.1257245,46.9094504],[-116.1224751,46.908174],[-116.1280341,46.9100611],[-116.1257245,46.9094504]]],[[[-116.1043686,46.897461],[-116.1079338,46.8985957],[-116.109117,46.8992376],[-116.1043686,46.897461]]],[[[-116.5704262,47.3163805],[-116.5708719,47.316375],[-116.5708853,47.3167314],[-116.5704262,47.3163805]]],[[[-116.2587405,47.0129737],[-116.2587279,47.0126013],[-116.2591111,47.0138255],[-116.2587405,47.0129737]]],[[[-116.2587494,47.0143364],[-116.2587446,47.013947],[-116.2589055,47.0143352],[-116.2587494,47.0143364]]],[[[-116.2586746,47.0082968],[-116.2599359,47.007069],[-116.2593124,47.0077004],[-116.2586746,47.0082968]]]]},"properties":{"objectid":9,"rangerdistrictid":"{2E4AB726-0961-4B02-B5BF-B325315495F7}","region":"01","forestnumber":"04","forestname":"Idaho Panhandle National Forests","districtnumber":"04","districtname":"St. Joe Ranger District","districtorgcode":"010404"}},{"type":"Feature","geometry":{"type":"MultiPolygon","coordinates":[[[[-116.3425952,48.1973632],[-116.3424034,48.1517452],[-116.2461607,48.1518674],[-116.2461384,48.1373797],[-116.2027979,48.1374485],[-116.2027374,48.1230751],[-116.1811401,48.1229791],[-116.1810885,48.1085097],[-116.159603,48.108534],[-116.1595906,48.0940446],[-116.137862,48.0939145],[-116.1378312,48.0794075],[-116.094852,48.0791833],[-116.0947841,48.0646092],[-116.049117,48.0645716],[-116.0491302,48.0388092],[-116.0761269,48.0396342],[-116.1035417,48.023124],[-116.1202122,48.033357],[-116.1545981,48.0200009],[-116.2064965,48.0410378],[-116.232394,48.0686832],[-116.2821668,48.0592675],[-116.3351071,48.0141443],[-116.3468085,47.9901871],[-116.3402098,47.9842027],[-116.349567,47.9508758],[-116.3693478,47.9520738],[-116.3921822,47.9396356],[-116.416327,47.8989304],[-116.4431392,47.8952745],[-116.4938323,47.9117376],[-116.530208,47.8997103],[-116.5342092,47.9355261],[-116.5694851,47.938367],[-116.5683792,47.9912151],[-116.5899662,47.9912783],[-116.5894938,48.1073968],[-116.5676755,48.1071826],[-116.5677702,48.150459],[-116.5029565,48.1505371],[-116.5032295,48.1937499],[-116.3963734,48.1972895],[-116.3425952,48.1973632]]],[[[-116.04893026264378,48.11961512902655],[-116.0728851,48.1227983],[-116.0727864,48.1372844],[-116.0889442,48.1372311],[-116.0836266,48.1516716],[-116.116171,48.1517619],[-116.1159393,48.1299912],[-116.1594223,48.1375482],[-116.1594073,48.1951897],[-116.1919126,48.1950253],[-116.1864824,48.187896],[-116.2027309,48.1840065],[-116.2027353,48.1942554],[-116.2246291,48.1942467],[-116.2244923,48.2051509],[-116.2352318,48.2052712],[-116.2244507,48.208786],[-116.2244158,48.2230485],[-116.2456037,48.2232214],[-116.2460045,48.2376704],[-116.2831059,48.2378579],[-116.2830169,48.2486502],[-116.2991225,48.2522892],[-116.299206,48.2668641],[-116.3315585,48.2668503],[-116.3314733,48.2813849],[-116.3531788,48.2814137],[-116.3587512,48.2958766],[-116.3533461,48.2957809],[-116.3533173,48.3105588],[-116.374978,48.3106387],[-116.3748389,48.3424642],[-116.3313299,48.3423851],[-116.3311786,48.3569439],[-116.287419,48.3567842],[-116.2872243,48.3713085],[-116.243638,48.3714271],[-116.2435215,48.3859582],[-116.221721,48.3859691],[-116.2216142,48.4004922],[-116.2433684,48.400465],[-116.2433177,48.414942],[-116.2647575,48.4149712],[-116.2646747,48.4294888],[-116.2431782,48.4294841],[-116.2488877,48.4484465],[-116.2869456,48.4441048],[-116.286596,48.4296238],[-116.3090866,48.4369686],[-116.3091767,48.4441687],[-116.3308721,48.4443207],[-116.3306605,48.4334793],[-116.3416406,48.4334832],[-116.3525204,48.4370902],[-116.3524463,48.4443427],[-116.3744392,48.4443039],[-116.3747463,48.4551307],[-116.3638993,48.45869],[-116.4183202,48.4579469],[-116.4182817,48.4687494],[-116.429122,48.4687782],[-116.3967738,48.4722687],[-116.3963065,48.5011867],[-116.4118031,48.5011929],[-116.4139265,48.5110397],[-116.3793321,48.5232021],[-116.344089,48.509773],[-116.3441842,48.5013814],[-116.2618083,48.5016906],[-116.2447165,48.5127455],[-116.1822248,48.4884512],[-116.1649163,48.4437575],[-116.1780124,48.4341171],[-116.1780095,48.4166633],[-116.1431158,48.411704],[-116.12188,48.3915893],[-116.1286946,48.3832919],[-116.124231,48.3718411],[-116.0953303,48.3613615],[-116.0982922,48.3472686],[-116.0833842,48.3378843],[-116.0885816,48.3324553],[-116.083121,48.3201672],[-116.0671276,48.3072722],[-116.0721304,48.2976139],[-116.0597262,48.2902078],[-116.0489606894236,48.29456400647833],[-116.049028,48.191384],[-116.048911,48.12493],[-116.04893026264378,48.11961512902655]],[[-116.3415845,48.4442452],[-116.3308672,48.4479394],[-116.3417842,48.451549],[-116.3415845,48.4442452]],[[-116.2869352,48.4513451],[-116.2758877,48.4549225],[-116.2869885,48.4585788],[-116.2869352,48.4513451]]],[[[-116.5420558,48.4796641],[-116.5584195,48.4796014],[-116.5691869,48.5011285],[-116.5911988,48.5008527],[-116.5912761,48.4864208],[-116.6131521,48.4861624],[-116.6131369,48.5005782],[-116.6945117,48.5003577],[-116.6945318,48.5148178],[-116.6784976,48.5184291],[-116.6787718,48.5438322],[-116.7006782,48.543588],[-116.6990272,48.6022631],[-116.7097424,48.602318],[-116.7097469,48.616819],[-116.6720108,48.6349054],[-116.6672296,48.684977],[-116.6564188,48.6849585],[-116.656487,48.6918781],[-116.6150098,48.672463],[-116.5935795,48.6278126],[-116.5907811,48.594408],[-116.5733733,48.5726366],[-116.5436906,48.5644355],[-116.545125,48.5540681],[-116.5330602,48.5441688],[-116.5371749,48.5326787],[-116.5278394,48.5212603],[-116.533792,48.5041549],[-116.5161148,48.4921467],[-116.5219799,48.4796637],[-116.5420558,48.4796641]]],[[[-116.719072,48.1071601],[-116.7083129,48.1072046],[-116.7082517,48.0890426],[-116.6866967,48.0926623],[-116.6921063,48.0854107],[-116.6813081,48.0709185],[-116.719017,48.0854293],[-116.7188314,48.0643472],[-116.7401893,48.064274],[-116.7400927,48.1107754],[-116.7244583,48.1107828],[-116.7298398,48.1180414],[-116.719038,48.1216911],[-116.719072,48.1071601]]],[[[-116.5477662,48.44369],[-116.552948,48.4364401],[-116.5693757,48.4436469],[-116.5690811,48.4326854],[-116.5909199,48.4323513],[-116.5964691,48.4394524],[-116.5749033,48.4435772],[-116.591129,48.4574167],[-116.5912177,48.4720594],[-116.5802777,48.4721891],[-116.5802812,48.4793875],[-116.5693042,48.4795341],[-116.5693637,48.468735],[-116.5585101,48.4616315],[-116.5584826,48.4437347],[-116.5477662,48.44369]]],[[[-116.7143561,48.0062247],[-116.719651,47.9880564],[-116.7415666,47.9844143],[-116.7419049,47.9773741],[-116.7634265,47.9775173],[-116.7630761,47.9920702],[-116.7412641,47.9913897],[-116.7411908,48.0059702],[-116.7143561,48.0062247]]],[[[-116.4804139,48.2548463],[-116.480242,48.2366949],[-116.4923201,48.2367552],[-116.5029556,48.2370695],[-116.5082823,48.265972],[-116.4804139,48.2548463]]],[[[-116.7399151,48.2480186],[-116.7637751,48.2443868],[-116.7637524,48.2516318],[-116.7561892,48.251634],[-116.756203,48.2661775],[-116.7637491,48.2697911],[-116.750768,48.2733835],[-116.7399494,48.2661552],[-116.7399151,48.2480186]]],[[[-116.5913496,48.3355178],[-116.5910802,48.3569779],[-116.5639268,48.3569993],[-116.5640317,48.3461737],[-116.5804125,48.3390248],[-116.5913496,48.3355178]]],[[[-116.4585592,48.2440891],[-116.4597513,48.2226071],[-116.4865703,48.2226334],[-116.4867582,48.2297638],[-116.4585592,48.2440891]]],[[[-116.374448,48.429868],[-116.396614,48.42988],[-116.3966797,48.4444242],[-116.3744392,48.4443039],[-116.374448,48.429868]]],[[[-116.6567053,48.4428966],[-116.6566523,48.4285699],[-116.6781616,48.4322738],[-116.6781197,48.4430457],[-116.6567053,48.4428966]]],[[[-117.0178317,48.1083614],[-117.0233113,48.1083749],[-117.023182,48.1229509],[-117.0013996,48.1228791],[-117.0014773,48.1156001],[-117.0178317,48.1083614]]],[[[-116.4400364,48.4291256],[-116.4400223,48.4435727],[-116.4183344,48.4435654],[-116.429168,48.4291327],[-116.4400364,48.4291256]]],[[[-116.8069241,48.0503316],[-116.818174,48.0501641],[-116.828671,48.0645073],[-116.807182,48.0646127],[-116.8069241,48.0503316]]],[[[-116.8068196,47.9917237],[-116.8068833,48.0062685],[-116.7851031,47.9990158],[-116.7846699,47.9921633],[-116.8068196,47.9917237]]],[[[-116.7643056,48.1079054],[-116.7643804,48.093431],[-116.7804791,48.1007824],[-116.7858226,48.1080752],[-116.7643056,48.1079054]]],[[[-116.5732281,48.3129374],[-116.6003947,48.3094157],[-116.6112835,48.3094672],[-116.6113137,48.316711],[-116.5732281,48.3129374]]],[[[-116.2722765,48.219822],[-116.2722815,48.2126042],[-116.2915098,48.2190723],[-116.2885471,48.2289643],[-116.2831014,48.2249438],[-116.2722765,48.219822]]],[[[-116.7965627,48.1296916],[-116.8073844,48.1297374],[-116.8019629,48.1404854],[-116.7857395,48.1439791],[-116.7965627,48.1296916]]],[[[-116.6967127,48.1833198],[-116.6966865,48.1905233],[-116.6699032,48.1972825],[-116.6749365,48.193714],[-116.6804712,48.1868462],[-116.6967127,48.1833198]]],[[[-116.1000061,48.1082813],[-116.0947082,48.0973982],[-116.1108723,48.1010554],[-116.1162276,48.108302],[-116.1000061,48.1082813]]],[[[-117.0284448,48.1375227],[-117.025809,48.130236],[-117.0339084,48.1339143],[-117.0340081,48.1230023],[-117.0411089,48.123034],[-117.0406363,48.1375884],[-117.0284448,48.1375227]]],[[[-116.4650735,48.2190331],[-116.4650172,48.2082717],[-116.4813513,48.2081865],[-116.4758677,48.2118174],[-116.4704251,48.2088442],[-116.4758488,48.2189896],[-116.4650735,48.2190331]]],[[[-116.8055654,48.0718545],[-116.7965048,48.0754405],[-116.7963397,48.0646008],[-116.807182,48.0646127],[-116.8055654,48.0718545]]],[[[-116.6325174,48.1360741],[-116.6380287,48.1288235],[-116.6487931,48.1324887],[-116.6487491,48.1361043],[-116.6325174,48.1360741]]],[[[-116.6435037,48.1216456],[-116.6436294,48.1143951],[-116.6544371,48.1144543],[-116.6543463,48.1216702],[-116.6435037,48.1216456]]],[[[-116.73994,48.2733754],[-116.7291263,48.2733701],[-116.7291312,48.2661497],[-116.7399494,48.2661552],[-116.73994,48.2733754]]],[[[-117.0180719,48.0610244],[-117.0127018,48.0501586],[-117.0234844,48.0501692],[-117.0234723,48.0574115],[-117.0180719,48.0610244]]],[[[-116.7190566,48.1288967],[-116.7082784,48.1289112],[-116.7082832,48.1217044],[-116.719038,48.1216911],[-116.7190566,48.1288967]]],[[[-116.6222795,47.9985726],[-116.6222616,47.9913615],[-116.6329415,47.991403],[-116.6329418,47.9985642],[-116.6222795,47.9985726]]],[[[-116.6485666,48.1865205],[-116.6377983,48.1829322],[-116.6378036,48.1794133],[-116.6542516,48.1795588],[-116.6485666,48.1865205]]],[[[-116.687001,48.0061374],[-116.6870307,47.9990286],[-116.69792,47.9991388],[-116.6960717,48.0063793],[-116.687001,48.0061374]]],[[[-116.7966028,48.0936223],[-116.8019346,48.086356],[-116.8074058,48.086378],[-116.8073819,48.0936506],[-116.7966028,48.0936223]]],[[[-116.9958907,48.1374372],[-116.9905248,48.1301427],[-117.0013453,48.1301584],[-117.001291,48.1374376],[-116.9958907,48.1374372]]],[[[-116.7291282,48.2878007],[-116.734526,48.2805926],[-116.7399306,48.2805957],[-116.739943,48.2878019],[-116.7291282,48.2878007]]],[[[-117.0007735,48.1591691],[-117.0006221,48.1663603],[-116.9924143,48.1663199],[-116.9925691,48.160041],[-117.0007735,48.1591691]]],[[[-116.7298931,48.1377057],[-116.7400603,48.1360496],[-116.7353476,48.1469732],[-116.7298931,48.1377057]]],[[[-117.0019356,48.0428901],[-117.0019647,48.0356405],[-117.0127754,48.0392509],[-117.0073433,48.0428883],[-117.0019356,48.0428901]]],[[[-116.4205523,48.2508424],[-116.4151658,48.2437626],[-116.431433,48.2472393],[-116.4205523,48.2508424]]],[[[-116.6595113,48.168736],[-116.6596309,48.1759729],[-116.6651469,48.1796449],[-116.6542516,48.1795588],[-116.6595113,48.168736]]],[[[-116.0890066,48.1480847],[-116.1052725,48.1444658],[-116.1107171,48.1481009],[-116.0890066,48.1480847]]],[[[-117.0119819,48.14475],[-117.0175856,48.1375139],[-117.0228484,48.1447684],[-117.0119819,48.14475]]],[[[-116.078344,48.11552],[-116.0730108,48.1082411],[-116.0838048,48.1082577],[-116.078344,48.11552]]],[[[-116.8174563,48.0428544],[-116.8230683,48.0377854],[-116.8232323,48.0501208],[-116.8174563,48.0428544]]],[[[-116.5420891,48.4724606],[-116.5475418,48.4760682],[-116.5475238,48.47962],[-116.542056,48.4796294],[-116.5420891,48.4724606]]],[[[-116.8013917,48.2341175],[-116.8013903,48.2233286],[-116.8067587,48.2233526],[-116.8013917,48.2341175]]],[[[-116.6323399,48.1504703],[-116.6323678,48.1432942],[-116.6379994,48.1433123],[-116.6323399,48.1504703]]],[[[-116.6651282,48.1253028],[-116.675966,48.1217009],[-116.6759587,48.1253212],[-116.6651282,48.1253028]]],[[[-116.6001463,48.1795275],[-116.6109567,48.1758991],[-116.6109666,48.1795135],[-116.6001463,48.1795275]]],[[[-116.5030098,48.2189216],[-116.5083565,48.215423],[-116.5083303,48.222522],[-116.5030098,48.2189216]]],[[[-116.2566603,48.1944706],[-116.2516089,48.1873051],[-116.2567198,48.1877712],[-116.2566603,48.1944706]]],[[[-117.0179044,48.0938325],[-117.0179054,48.0901968],[-117.0233864,48.0902097],[-117.0179044,48.0938325]]],[[[-116.849778,48.0356127],[-116.8552518,48.0355925],[-116.8498097,48.0392373],[-116.849778,48.0356127]]],[[[-116.6490198,48.0818415],[-116.649025,48.0782094],[-116.654406,48.0817426],[-116.6490198,48.0818415]]],[[[-116.6546013,47.9986039],[-116.6546712,47.9914257],[-116.657308,47.9986435],[-116.6546013,47.9986039]]],[[[-116.0514431,48.1081638],[-116.0514591,48.1045654],[-116.0568489,48.1045804],[-116.0514431,48.1081638]]],[[[-116.7352395,48.1216656],[-116.7400813,48.1184716],[-116.740076,48.1216593],[-116.7352395,48.1216656]]],[[[-116.0491063,48.0896063],[-116.0515014,48.0896058],[-116.0494484,48.0937705],[-116.0491063,48.0896063]]],[[[-116.5694492,48.2668796],[-116.5730577,48.266005],[-116.5714574,48.2691177],[-116.5694492,48.2668796]]],[[[-116.0491072,48.0886194],[-116.0491081,48.0863075],[-116.0502905,48.0885144],[-116.0491072,48.0886194]]],[[[-116.159565,48.127975],[-116.1615095,48.1292551],[-116.1627599,48.1301543],[-116.159565,48.127975]]]]},"properties":{"objectid":10,"rangerdistrictid":"{E593EDA8-6B73-48C0-A462-22CBF462D855}","region":"01","forestnumber":"04","forestname":"Idaho Panhandle National Forests","districtnumber":"06","districtname":"Sandpoint Ranger District","districtorgcode":"010406"}},{"type":"Feature","geometry":{"type":"MultiPolygon","coordinates":[[[[-111.44596238630852,44.71807012212509],[-111.442733,44.720232],[-111.4316180183173,44.72062702058015],[-111.44596238630852,44.71807012212509]]],[[[-111.41353439788551,44.711564388879175],[-111.410639,44.7148],[-111.407681,44.71647],[-111.403767,44.721318],[-111.40015570104153,44.72194063775146],[-111.41353439788551,44.711564388879175]]],[[[-111.3981918,44.7234638],[-111.3990198076736,44.72282161385964],[-111.3981898405708,44.72364801206424],[-111.3981918,44.7234638]]],[[[-111.39817314024296,44.72521806208084],[-111.398425,44.725912],[-111.39816167270178,44.726296161469705],[-111.39817314024296,44.72521806208084]]],[[[-111.39812345903047,44.72988874814671],[-111.398553,44.730663],[-111.399383,44.734267],[-111.39805577270295,44.73625215135077],[-111.39812345903047,44.72988874814671]]],[[[-111.39730837528064,44.7468082647376],[-111.392475,44.752369],[-111.387886,44.753116],[-111.38512039649005,44.754888771746295],[-111.39730837528064,44.7468082647376]]],[[[-111.38443116562289,44.75458081003262],[-111.374252,44.749796],[-111.375087,44.748453],[-111.36627,44.742234],[-111.36669442537685,44.738597468480066],[-111.38443116562289,44.75458081003262]]],[[[-111.36617506720266,44.738129452431394],[-111.361902,44.734936],[-111.35922876376694,44.731869838838314],[-111.36617506720266,44.738129452431394]]],[[[-111.3528415,44.726114],[-111.35357677236297,44.726776585635726],[-111.35219527423367,44.72640986280462],[-111.3528415,44.726114]]],[[[-111.33740714140876,44.73312347325284],[-111.337355,44.73317],[-111.33675794583682,44.73293971651862],[-111.33740714140876,44.73312347325284]]],[[[-111.33124046130621,44.73137797613975],[-111.328847,44.731506],[-111.32528566258244,44.729692452680034],[-111.33124046130621,44.73137797613975]]],[[[-111.32393437446224,44.72900433339742],[-111.323052,44.728555],[-111.322716,44.726942],[-111.32338158512894,44.72541568780402],[-111.32393437446224,44.72900433339742]]],[[[-111.3222889,44.7183221],[-111.32234202255904,44.71866696562226],[-111.32024032291108,44.717052923900184],[-111.3222889,44.7183221]]],[[[-111.30305183460224,44.706403962398326],[-111.301089,44.705723],[-111.30074533121834,44.70497499055986],[-111.30305183460224,44.706403962398326]]],[[[-111.29601274615351,44.70201088207862],[-111.294843,44.70006],[-111.2951,44.697567],[-111.29670956296395,44.69458821945169],[-111.29601274615351,44.70201088207862]]],[[[-111.2970037,44.691455],[-111.29689413034997,44.69262216263756],[-111.296337,44.691059],[-111.29414639946725,44.68917889003681],[-111.2970037,44.691455]]],[[[-111.29019860437164,44.68603409807432],[-111.288131,44.686135],[-111.280302,44.682974],[-111.276183,44.678311],[-111.276844,44.675884],[-111.27424453195631,44.67332517132272],[-111.29019860437164,44.68603409807432]]],[[[-111.26714140431189,44.667666858724516],[-111.266804,44.667512],[-111.26681848738372,44.667409624867226],[-111.26714140431189,44.667666858724516]]],[[[-111.2669180485544,44.666706075609426],[-111.26721,44.664643],[-111.26901096035546,44.663815031136366],[-111.2669180485544,44.666706075609426]]],[[[-111.2782725,44.6510216],[-111.27823715795168,44.65107041975123],[-111.27817742673135,44.651021960709976],[-111.2782725,44.6510216]]],[[[-111.25354810573687,44.65111540487099],[-111.253183,44.651173],[-111.25308849947655,44.651117148626795],[-111.25354810573687,44.65111540487099]]],[[[-111.24370892569218,44.6434274332405],[-111.24299,44.643404],[-111.242367,44.643026],[-111.229122,44.631106],[-111.2286184957213,44.63048921717792],[-111.24370892569218,44.6434274332405]]],[[[-111.2411261,44.6145302],[-111.22010984990601,44.62223986425724],[-111.220102,44.622071],[-111.227229,44.618343],[-111.239994,44.614847],[-111.240332,44.613687],[-111.235091,44.605415],[-111.235598,44.601036],[-111.234109,44.600475],[-111.232269,44.597549],[-111.23248221148755,44.591768991891996],[-111.2411261,44.6145302]]],[[[-111.23101003658714,44.587892440357194],[-111.230812,44.587706],[-111.23088223071875,44.587555900157284],[-111.23101003658714,44.587892440357194]]],[[[-111.2267984,44.5768023],[-111.22682567328401,44.57687411639281],[-111.22658089452663,44.576766623089824],[-111.2267984,44.5768023]]],[[[-111.2247264341176,44.576462440319574],[-111.220445,44.576873],[-111.21915741722204,44.57554896760342],[-111.2247264341176,44.576462440319574]]],[[[-111.21823295056707,44.57539732951682],[-111.207295,44.575087],[-111.201491,44.575896],[-111.193745,44.573076],[-111.18149264875399,44.569370904401026],[-111.21823295056707,44.57539732951682]]],[[[-111.18093052204365,44.56889579736479],[-111.180194,44.566414],[-111.18029151564835,44.56438063120941],[-111.18093052204365,44.56889579736479]]],[[[-111.1786027,44.5524476],[-111.1787196185831,44.5532737370046],[-111.17707855963533,44.55197112299429],[-111.1786027,44.5524476]]],[[[-111.1505455,44.5349233],[-111.15865764315001,44.5460225158321],[-111.155114,44.542402],[-111.150571,44.534971],[-111.140806,44.535844],[-111.13163277888344,44.532519875412454],[-111.1505455,44.5349233]]],[[[-111.1303704145581,44.50008003596272],[-111.128377,44.499728],[-111.12811291340503,44.49916794512859],[-111.1303704145581,44.50008003596272]]]]},"properties":{"objectid":11,"rangerdistrictid":"{F237DA00-05BF-453C-AE1B-B02421C267FB}","region":"01","forestnumber":"11","forestname":"Custer Gallatin National Forest","districtnumber":"07","districtname":"Hebgen Lake Ranger District","districtorgcode":"011107"}},{"type":"Feature","geometry":{"type":"MultiPolygon","coordinates":[[[[-114.45192956576868,46.24070693302303],[-114.448564,46.232964],[-114.445823,46.219534],[-114.44935667037667,46.21694947194004],[-114.45192956576868,46.24070693302303]]],[[[-114.44842959785822,46.20838912030412],[-114.443215,46.202943],[-114.444206,46.199878],[-114.444502,46.191506],[-114.44540726527117,46.18048167057255],[-114.44842959785822,46.20838912030412]]],[[[-114.44423123293525,46.169622487358275],[-114.444091,46.169273],[-114.44418194880711,46.169167410265054],[-114.44423123293525,46.169622487358275]]],[[[-114.44425837151003,46.16907868504479],[-114.445234,46.167946],[-114.44767952131058,46.16814880757241],[-114.44425837151003,46.16907868504479]]],[[[-114.47586969746149,46.16065857545537],[-114.475953,46.160606],[-114.47957682727318,46.161323873035016],[-114.47586969746149,46.16065857545537]]],[[[-114.50214752307245,46.165374507905945],[-114.506844,46.164636],[-114.51371989958746,46.16745133674046],[-114.50214752307245,46.165374507905945]]],[[[-114.5149946,46.1676801],[-114.51389011871281,46.16748188500229],[-114.51497838260404,46.167412260356244],[-114.5149946,46.1676801]]],[[[-114.51433087672456,46.154288365036024],[-114.514676,46.153581],[-114.51707157608382,46.15264493128355],[-114.51433087672456,46.154288365036024]]],[[[-114.5272549,46.1465386],[-114.52535229941661,46.14767947596134],[-114.52702343498008,46.14627882009334],[-114.5272549,46.1465386]]],[[[-114.51782890292729,46.13506055448916],[-114.517782,46.135028],[-114.51816182483054,46.13406947528799],[-114.51782890292729,46.13506055448916]]],[[[-114.5211439,46.1251921],[-114.52102144861294,46.125556627000705],[-114.5206303937497,46.12505929722757],[-114.5211439,46.1251921]]],[[[-114.46806586737321,46.10502968616951],[-114.460475,46.09779],[-114.45996555888055,46.094699390542],[-114.46806586737321,46.10502968616951]]],[[[-114.46244697725555,46.07845586722398],[-114.467043,46.077225],[-114.47016904001241,46.07714978035356],[-114.46244697725555,46.07845586722398]]],[[[-114.4724239,46.0767684],[-114.47132041788487,46.076955039703364],[-114.471567,46.075877],[-114.4715169212738,46.073797293818934],[-114.4724239,46.0767684]]],[[[-114.46953642119165,46.06730951647011],[-114.467075,46.065531],[-114.46837293501989,46.06349813605221],[-114.46953642119165,46.06730951647011]]],[[[-114.493434,46.0525788],[-114.46895500079853,46.062586487534766],[-114.469438,46.06183],[-114.473737,46.06059],[-114.474689,46.058405],[-114.481255,46.055307],[-114.493475,46.052402],[-114.49288,46.050189],[-114.49832,46.042019],[-114.50048755745577,46.042000785231465],[-114.493434,46.0525788]]],[[[-114.5075629,46.0313901],[-114.50731417555666,46.03176310480664],[-114.50688785906365,46.031364969274655],[-114.5075629,46.0313901]]],[[[-114.48081755649984,46.03039441241182],[-114.480505,46.030424],[-114.48048465084665,46.03038201885154],[-114.48081755649984,46.03039441241182]]],[[[-114.48016877244719,46.02973034859511],[-114.473811,46.016614],[-114.47375448532408,46.016017493465164],[-114.48016877244719,46.02973034859511]]],[[[-114.47356986961064,46.01406889378352],[-114.473474,46.013057],[-114.47772206902572,46.01111272385661],[-114.47356986961064,46.01406889378352]]],[[[-114.4878496,46.0039024],[-114.48719552728541,46.00436806888909],[-114.48772341935485,46.00371923119727],[-114.4878496,46.0039024]]],[[[-114.4803166,45.9929672],[-114.48060017210064,45.9933788444491],[-114.48012370602073,45.99300526564608],[-114.4803166,45.9929672]]],[[[-114.46834743222047,45.995329192356145],[-114.464266,45.997516],[-114.45795986489492,45.99737907210333],[-114.46834743222047,45.995329192356145]]],[[[-114.448567,45.987744],[-114.44922380233363,45.98846129437554],[-114.44794098854592,45.98757781979519],[-114.448567,45.987744]]],[[[-114.44717011613484,45.98737318498489],[-114.438273,45.987756],[-114.429422,45.986608],[-114.419121,45.980936],[-114.41243104857695,45.97815139627165],[-114.44717011613484,45.98737318498489]]],[[[-114.41202636881468,45.97798295367714],[-114.411755,45.97787],[-114.41141458692405,45.97665878276764],[-114.41202636881468,45.97798295367714]]],[[[-114.4027079,45.9578136],[-114.40909247197183,45.97163268259157],[-114.40613,45.969981],[-114.40224,45.96388],[-114.402524,45.957944],[-114.406918,45.954245],[-114.4076507234992,45.95404936575592],[-114.4027079,45.9578136]]],[[[-114.4313913,45.9359696],[-114.427647,45.933066],[-114.414854,45.921767],[-114.41615758953886,45.918694355380005],[-114.4313913,45.9359696]]],[[[-114.40231937876678,45.903001627281995],[-114.395959,45.901422],[-114.395088,45.900783],[-114.39376939993257,45.893305829516024],[-114.40231937876678,45.903001627281995]]],[[[-114.39044277567858,45.89212843616797],[-114.388689,45.892114],[-114.38864577241326,45.891978186329325],[-114.39044277567858,45.89212843616797]]]]},"properties":{"objectid":12,"rangerdistrictid":"{35D7133D-1498-4FF4-927D-7B95E9D48EE7}","region":"01","forestnumber":"03","forestname":"Bitterroot National Forest","districtnumber":"02","districtname":"Darby Ranger District","districtorgcode":"010302"}},{"type":"Feature","geometry":{"type":"MultiPolygon","coordinates":[[[[-113.9879051,45.7053331],[-113.98786519460043,45.70562722945192],[-113.98689525243394,45.70519372293234],[-113.9879051,45.7053331]]],[[[-113.963648,45.6898655],[-113.96382906462672,45.690193904793205],[-113.96316269681098,45.690031197188134],[-113.963648,45.6898655]]]]},"properties":{"objectid":13,"rangerdistrictid":"{F2A5EFC3-AA5A-45C7-A93A-6435A4B9B953}","region":"01","forestnumber":"03","forestname":"Bitterroot National Forest","districtnumber":"03","districtname":"Sula Ranger District","districtorgcode":"010303"}},{"type":"Feature","geometry":{"type":"MultiPolygon","coordinates":[[[[-114.38864577241326,45.891978186329325],[-114.3873,45.88775],[-114.388557,45.882189],[-114.391794,45.879495],[-114.396638,45.87098],[-114.403921,45.871876],[-114.406231,45.869319],[-114.405017,45.867094],[-114.409617,45.852343],[-114.410706,45.851824],[-114.421541,45.85519],[-114.438348,45.862555],[-114.447161,45.86115],[-114.448712,45.859073],[-114.45687,45.854682],[-114.461551,45.855134],[-114.46498,45.852117],[-114.470045,45.851478],[-114.472385,45.847458],[-114.474891,45.846585],[-114.485757,45.851614],[-114.492561,45.849765],[-114.498995,45.850692],[-114.50398,45.845859],[-114.509303,45.845531],[-114.5152,45.839804],[-114.517183,45.833506],[-114.512601,45.829634],[-114.5144,45.827131],[-114.52959,45.819278],[-114.532599,45.81552],[-114.530162,45.813128],[-114.531029,45.809868],[-114.537872,45.804504],[-114.537606,45.80276],[-114.54142,45.799236],[-114.544967,45.797898],[-114.544431,45.790026],[-114.553013,45.787338],[-114.561592,45.780409],[-114.566465,45.77331],[-114.55752,45.764291],[-114.551243,45.76391],[-114.5441,45.758447],[-114.546879,45.752666],[-114.545893,45.747455],[-114.547503,45.744259],[-114.546527,45.742991],[-114.535723,45.739155],[-114.530819,45.733345],[-114.526654,45.727634],[-114.519891,45.726287],[-114.515247,45.727372],[-114.504175,45.721659],[-114.50307,45.718294],[-114.498229,45.711692],[-114.495385,45.703055],[-114.496811,45.699306],[-114.500738,45.696558],[-114.501386,45.693706],[-114.508624,45.689544],[-114.514993,45.685032],[-114.513841,45.683797],[-114.500902,45.682295],[-114.499049,45.67874],[-114.501455,45.677369],[-114.502018,45.673485],[-114.499576,45.669604],[-114.509065,45.656806],[-114.512726,45.656043],[-114.515295,45.65297],[-114.523058,45.649352],[-114.52798,45.651948],[-114.53844,45.650646],[-114.540257,45.650272],[-114.541308,45.648594],[-114.539675,45.646085],[-114.542323,45.641961],[-114.545991,45.642988],[-114.559655,45.640589],[-114.563987,45.637621],[-114.563497,45.632298],[-114.55948,45.628393],[-114.55331,45.618869],[-114.545004,45.617131],[-114.538534,45.607772],[-114.538471,45.605764],[-114.543174,45.601479],[-114.547269,45.600071],[-114.549272,45.595338],[-114.554133,45.591244],[-114.553875,45.588422],[-114.55615,45.587426],[-114.558325,45.584278],[-114.554883,45.582155],[-114.552956,45.576603],[-114.556218,45.57336],[-114.558522,45.566049],[-114.562931,45.564804],[-114.565491,45.562601],[-114.564974,45.557807],[-114.561098,45.559224],[-114.55510530634334,45.557662782881884],[-114.6266311,45.5233906],[-114.6640674,45.4710479],[-114.6804579,45.4740219],[-114.680686,45.4841953],[-114.6909791,45.49092],[-114.7341091,45.4899576],[-114.7694016,45.5123091],[-114.7883064,45.5124209],[-114.7980513,45.4968572],[-114.7985606,45.4760917],[-114.787703,45.4586206],[-114.7951852,45.4403327],[-114.7691906,45.4343984],[-114.7631,45.4139588],[-114.735161,45.3953615],[-114.7924299,45.3897092],[-114.8727736,45.4179121],[-114.8900897,45.434966],[-114.9597635,45.4684398],[-114.981705,45.4927634],[-115.0246067,45.5074783],[-115.0186107,45.5239376],[-114.9657424,45.5689687],[-114.9730589,45.60941],[-114.9471875,45.6838142],[-114.9883765,45.6784479],[-114.992142,45.7044473],[-114.963415,45.7193203],[-114.963838,45.74144],[-114.9487995,45.7598654],[-114.9271045,45.7684635],[-114.9132784,45.7928913],[-114.9303062,45.811956],[-114.8913973,45.8518515],[-114.8914616,45.8680786],[-114.8803258,45.883193],[-114.9236831,45.9195696],[-114.8699385,45.9226743],[-114.855564,45.9437738],[-114.8296226,45.9562049],[-114.8274023,45.9715454],[-114.8076266,45.9691198],[-114.7852856,45.9810873],[-114.7610341,45.9787387],[-114.7389278,45.9587623],[-114.7133731,45.9651143],[-114.6954785,45.9532105],[-114.6506578,45.9657243],[-114.607391,45.9587559],[-114.5836136,45.9648785],[-114.5805883,45.9754057],[-114.5322832,45.9831575],[-114.520098,45.9986737],[-114.4862181,45.9988262],[-114.48570345840876,45.99848974087528],[-114.485049,45.996867],[-114.479992,45.992902],[-114.47657563573132,45.992522210693146],[-114.4758171,45.9920263],[-114.47480886398685,45.99232580276839],[-114.4741,45.992247],[-114.47288789614952,45.99289643819282],[-114.45780875411697,45.99737579096827],[-114.457496,45.997369],[-114.454696,45.99223],[-114.44922380233363,45.98846129437554],[-114.448567,45.987744],[-114.44794098854592,45.98757781979519],[-114.447616,45.987354],[-114.44717011613484,45.98737318498489],[-114.4119985198439,45.97797136191168],[-114.411651587322,45.977502049335094],[-114.410171,45.972234],[-114.40613,45.969981],[-114.40224,45.96388],[-114.40229293922818,45.96277349556881],[-114.42060272211648,45.9459074764733],[-114.424874,45.943586],[-114.42600830172611,45.940928137861015],[-114.42625559685423,45.94070034245904],[-114.431116,45.93805],[-114.4313913,45.9359696],[-114.41615758953886,45.918694355380005],[-114.413168,45.911479],[-114.404314,45.903497],[-114.40231937876678,45.903001627281995],[-114.39376939993257,45.893305829516024],[-114.39371,45.892969],[-114.392698,45.892147],[-114.38864577241326,45.891978186329325]]],[[[-114.52760712853778,45.57078008753728],[-114.521197,45.568344],[-114.516342,45.567995],[-114.51536,45.565823],[-114.50945312611798,45.561291870899964],[-114.52760712853778,45.57078008753728]]],[[[-114.4982107,45.555416],[-114.50556368204131,45.55925904711022],[-114.50347,45.559185],[-114.49826,45.555488],[-114.49746086618781,45.555691500647534],[-114.4982107,45.555416]]],[[[-114.49007316981388,45.55840585561755],[-114.485294,45.561781],[-114.48288186233879,45.561048054240494],[-114.49007316981388,45.55840585561755]]],[[[-114.47153299888575,45.564932348999],[-114.47216848515885,45.56498431625265],[-114.471946,45.565223],[-114.47153299888575,45.564932348999]]],[[[-114.45655045923543,45.56108761258846],[-114.456349,45.560989],[-114.4568308812927,45.56046016270357],[-114.45655045923543,45.56108761258846]]],[[[-114.463654,45.5451933],[-114.459867,45.54343],[-114.456882,45.544249],[-114.450344,45.542201],[-114.449526,45.539731],[-114.439942,45.536983],[-114.4379589220509,45.53275995463477],[-114.463654,45.5451933]]],[[[-114.43169446969611,45.52972870873604],[-114.430574,45.52951],[-114.43059418893765,45.529196304409574],[-114.43169446969611,45.52972870873604]]],[[[-114.4239919,45.5095828],[-114.42409133628864,45.50989203470722],[-114.418038,45.509698],[-114.402655,45.505526],[-114.38782,45.502035],[-114.376417,45.495064],[-114.37357656695124,45.49393600625498],[-114.4239919,45.5095828]]],[[[-114.36729543199829,45.49144163979152],[-114.366138,45.490982],[-114.36586429778669,45.48945664196559],[-114.36729543199829,45.49144163979152]]],[[[-114.35252836648685,45.47095956850992],[-114.351107,45.470519],[-114.35090261494865,45.468704634456444],[-114.35252836648685,45.47095956850992]]],[[[-114.3444247,45.4597197],[-114.34506478419725,45.46060750334481],[-114.34426633961634,45.45976942667632],[-114.3444247,45.4597197]]],[[[-114.31488603463617,45.46899512367225],[-114.313685,45.469883],[-114.31255790272839,45.46972617937649],[-114.31488603463617,45.46899512367225]]],[[[-114.3016482991449,45.473151899329864],[-114.301166,45.473387],[-114.29982,45.476343],[-114.294476,45.479542],[-114.286254,45.479417],[-114.27980819634367,45.480009900665806],[-114.3016482991449,45.473151899329864]]],[[[-114.27023092289099,45.48771458540405],[-114.270022,45.490868],[-114.26478589173543,45.49209738043486],[-114.27023092289099,45.48771458540405]]],[[[-114.261815,45.4944887],[-114.2641842374996,45.492581661813546],[-114.26083120197802,45.496522084104775],[-114.261815,45.4944887]]],[[[-114.2495781,45.5197808],[-114.26064248969243,45.49691212815174],[-114.258502,45.511233],[-114.253474,45.515051],[-114.24950922474987,45.52130124241848],[-114.2495781,45.5197808]]],[[[-114.24917072820148,45.52877365826956],[-114.249472,45.529291],[-114.24899159735342,45.53272802706492],[-114.24917072820148,45.52877365826956]]],[[[-114.24890037188733,45.53474185740391],[-114.25159,45.537504],[-114.24842506405976,45.54523442449681],[-114.24890037188733,45.53474185740391]]],[[[-114.24672450325957,45.54559453934875],[-114.239077,45.54647],[-114.227176,45.545858],[-114.222172,45.543209],[-114.21341348426624,45.54011786377393],[-114.24672450325957,45.54559453934875]]],[[[-114.1926127,45.536698],[-114.19373215183157,45.53688204944335],[-114.19229705537353,45.53707161415601],[-114.1926127,45.536698]]],[[[-114.19196453281366,45.53746520595243],[-114.18647,45.545539],[-114.18119105255849,45.55021728343217],[-114.19196453281366,45.53746520595243]]],[[[-114.15227559571693,45.555083214384936],[-114.150415,45.557772],[-114.1375061387676,45.557089053853154],[-114.15227559571693,45.555083214384936]]],[[[-114.1353469,45.5573823],[-114.13602948951475,45.55728959754019],[-114.133794,45.561256],[-114.13293023669452,45.56199793440572],[-114.1353469,45.5573823]]],[[[-114.12901082411197,45.569483700223905],[-114.129012,45.569686],[-114.13211,45.572183],[-114.129031,45.577422],[-114.121607,45.584319],[-114.1212226984638,45.58435839982163],[-114.12901082411197,45.569483700223905]]],[[[-114.0918942763459,45.59034786841574],[-114.090711,45.591068],[-114.08771592678245,45.5911492813667],[-114.0918942763459,45.59034786841574]]],[[[-114.085988,45.5914807],[-114.08641487411859,45.591398824981674],[-114.08584802055162,45.592132253362756],[-114.085988,45.5914807]]],[[[-114.03351457467461,45.64805784277507],[-114.033345,45.648191],[-114.03115,45.648458],[-114.0300562955232,45.64840119314356],[-114.03351457467461,45.64805784277507]]],[[[-114.0176574,45.6496322],[-114.01808925647023,45.64958932373938],[-114.01752865948751,45.65047281160362],[-114.0176574,45.6496322]]],[[[-114.0154729,45.6638959],[-114.0155057437576,45.66368144657576],[-114.01593507531076,45.664307023291734],[-114.0154729,45.6638959]]],[[[-114.0229485471266,45.67054578497434],[-114.023692,45.670601],[-114.02741364818567,45.67451766967393],[-114.0229485471266,45.67054578497434]]],[[[-114.014415,45.6836393],[-114.0272941089266,45.675830861138635],[-114.020934,45.680552],[-114.014824,45.683508],[-114.014809,45.684058],[-114.01903,45.692751],[-114.01583202498426,45.69559023937417],[-114.014415,45.6836393]]],[[[-114.01551966524819,45.69586755988393],[-114.015482,45.695901],[-114.01543154033413,45.695874090014435],[-114.01551966524819,45.69586755988393]]],[[[-113.9962157,45.697298],[-113.99708624372272,45.697233491975474],[-113.9952696441017,45.699155289518885],[-113.9962157,45.697298]]],[[[-113.99379958203893,45.7020413038297],[-113.993976,45.703223],[-113.99284654211357,45.70391230433574],[-113.99379958203893,45.7020413038297]]]]},"properties":{"objectid":15,"rangerdistrictid":"{1E6A04A4-9868-48BA-9DD7-ADB6F8F4F040}","region":"01","forestnumber":"03","forestname":"Bitterroot National Forest","districtnumber":"04","districtname":"West Fork Ranger District","districtorgcode":"010304"}},{"type":"Feature","geometry":{"type":"MultiPolygon","coordinates":[[[[-115.7595331,47.4237124],[-115.832975,47.4326177],[-115.8728079,47.4072892],[-115.9293703,47.4207619],[-115.942527,47.4165466],[-115.9655699,47.4333409],[-115.9949677,47.4355368],[-116.0052238,47.4233073],[-116.0469119,47.4128357],[-116.0985037,47.4206039],[-116.1112311,47.4292786],[-116.1184779,47.4169526],[-116.1343481,47.4160385],[-116.1367169,47.5014235],[-116.0724,47.5005264],[-116.0724417,47.4860935],[-116.0085905,47.4861901],[-116.0083108,47.4721323],[-115.9655356,47.4723037],[-115.968388,47.4426768],[-115.8829356,47.4427126],[-115.8829543,47.4584997],[-115.7505074,47.4588236],[-115.750603,47.487838],[-115.7933527,47.4876386],[-115.7942304,47.5026481],[-115.8153694,47.5026703],[-115.8153506,47.5165],[-115.7940986,47.5165306],[-115.7939968,47.5308364],[-115.8151809,47.531129],[-115.8152805,47.5724468],[-115.8789829,47.5724239],[-115.8789243,47.5434026],[-115.9005476,47.5434181],[-115.9005139,47.5146568],[-115.9217784,47.5146246],[-115.9214761,47.500198],[-115.9437066,47.5000358],[-115.9644775,47.5018446],[-115.9644937,47.5145319],[-116.0084421,47.5159546],[-116.0082219,47.5304663],[-116.0510194,47.5301979],[-116.0506811,47.5434498],[-116.1153402,47.5434611],[-116.115363,47.5579273],[-116.2220537,47.558923],[-116.2221078,47.5727252],[-116.286911,47.5731262],[-116.2869147,47.5876962],[-116.4596051,47.5870605],[-116.4594638,47.5725188],[-116.5024344,47.5723618],[-116.5071428,47.5428866],[-116.5180743,47.5427976],[-116.5180911,47.5501654],[-116.5072435,47.5539721],[-116.5126059,47.5577713],[-116.5239472,47.5576498],[-116.5235403,47.5427532],[-116.5659555,47.5423015],[-116.5652563,47.5278026],[-116.5866178,47.5275869],[-116.5865029,47.5093826],[-116.597098,47.5056639],[-116.5969353,47.4983739],[-116.6722915,47.4978073],[-116.6724389,47.5125582],[-116.7375234,47.5117873],[-116.7374234,47.4971768],[-116.7813942,47.4973241],[-116.7830882,47.5249821],[-116.7416166,47.5255382],[-116.7414207,47.5400351],[-116.7214705,47.5402932],[-116.7214894,47.5912984],[-116.6999012,47.5949608],[-116.7012199,47.6058032],[-116.6786718,47.6059635],[-116.6786499,47.6152107],[-116.6129594,47.6164907],[-116.6134255,47.6314158],[-116.5683047,47.6318397],[-116.5684255,47.6609074],[-116.6784241,47.6570054],[-116.6787963,47.7008779],[-116.7437645,47.7008317],[-116.7431475,47.7880963],[-116.7001636,47.7881199],[-116.6994272,47.8460331],[-116.6778726,47.8459775],[-116.6777815,47.8603996],[-116.6885746,47.8604325],[-116.6885188,47.8676508],[-116.6790772,47.8667118],[-116.6776706,47.8894974],[-116.5909099,47.8895056],[-116.5908457,47.918437],[-116.5695473,47.9184963],[-116.5694851,47.938367],[-116.5342092,47.9355261],[-116.5300613,47.8996557],[-116.4938323,47.9117376],[-116.4431392,47.8952745],[-116.416327,47.8989304],[-116.3921822,47.9396356],[-116.3693478,47.9520738],[-116.349567,47.9508758],[-116.3402098,47.9842027],[-116.3468085,47.9901871],[-116.3351071,48.0141443],[-116.2821668,48.0592675],[-116.232394,48.0686832],[-116.2064965,48.0410378],[-116.1546784,48.0200105],[-116.1201584,48.0333656],[-116.1041871,48.0230301],[-116.1034099,48.0121997],[-116.0623028,47.9957035],[-116.052747,47.9795019],[-116.04910973926734,47.97771451297015],[-116.049108,47.976842],[-116.038281,47.971387],[-116.03672703234929,47.9716295244674],[-116.019758,47.96324],[-116.01661859309561,47.959596698947124],[-116.00679035991047,47.945250942087995],[-116.006549,47.943326],[-116.00500524605637,47.94264530495726],[-115.9936995,47.9261429],[-115.98339373943013,47.920762012169696],[-115.983078,47.920339],[-115.983058,47.91629],[-115.982267,47.915561],[-115.978309,47.914524],[-115.97104239879486,47.91431307731799],[-115.96670497138948,47.912048401151466],[-115.96631353000373,47.911683940955335],[-115.96783411958552,47.90181582606384],[-115.968485,47.899659],[-115.96819476447307,47.899475362056975],[-115.9682498,47.8991182],[-115.94630717888671,47.88657499344583],[-115.94562,47.885846],[-115.94483072382226,47.885730997610246],[-115.94114213239331,47.88362246354094],[-115.93977705921932,47.88236231479743],[-115.93624224382191,47.87751223877336],[-115.935481,47.874153],[-115.93263337019489,47.87256054837813],[-115.9189001,47.8537173],[-115.9014563,47.843074],[-115.900934,47.843064],[-115.89973860623081,47.84363195782009],[-115.8820014730271,47.84939350411807],[-115.88150268315839,47.849365376869834],[-115.87142540672835,47.83600766650017],[-115.870861,47.834939],[-115.86976777073731,47.83464906544719],[-115.85730645339734,47.82962639437697],[-115.855324,47.82821],[-115.85316441850577,47.82795690163763],[-115.8522189,47.8275758],[-115.85065981868881,47.82467573034818],[-115.850761,47.821423],[-115.84592838983745,47.81587473124497],[-115.8453154,47.8147345],[-115.848638,47.810692],[-115.847328,47.803441],[-115.848945,47.800187],[-115.84684131850061,47.795496792009445],[-115.8476067,47.7858474],[-115.84742714508147,47.78550777333832],[-115.847487,47.785227],[-115.84715585547619,47.784994631266024],[-115.83544553061826,47.76284464745526],[-115.83545,47.761713],[-115.8315821,47.755537],[-115.83113040805581,47.75556046124033],[-115.824993,47.752373],[-115.814741,47.756085],[-115.810947,47.756043],[-115.80880857909278,47.75671987486421],[-115.79818581901516,47.75727162950661],[-115.79736757708537,47.757133984780296],[-115.79373,47.751944],[-115.78893212097016,47.749780203162395],[-115.78168251056024,47.743460206822995],[-115.78100243954727,47.742650029295],[-115.78134731552645,47.74140028303482],[-115.78356,47.736603],[-115.78295784151679,47.73556413046151],[-115.78371859584514,47.7328073427054],[-115.784171,47.732039],[-115.78421404011739,47.731011973750334],[-115.7844598,47.7301214],[-115.780465,47.723934],[-115.77793390588317,47.721588809845656],[-115.7766025,47.719848],[-115.77597822580083,47.71977677067901],[-115.773957,47.717904],[-115.763665,47.717565],[-115.7619492539614,47.71817607319766],[-115.7539661,47.7172652],[-115.75261624113217,47.716451095118934],[-115.751716,47.715355],[-115.74606049462317,47.71249730012658],[-115.72925789567462,47.70236359048877],[-115.723803,47.696096],[-115.722789,47.694725],[-115.725593,47.688423],[-115.7253,47.687412],[-115.728282,47.681708],[-115.72787508529963,47.679759129029655],[-115.73176391569311,47.66855020216451],[-115.732347,47.667859],[-115.73212472655072,47.66751022301759],[-115.7367439,47.6541962],[-115.73293030614353,47.64748833245786],[-115.730393,47.642331],[-115.72985499301625,47.64207905347197],[-115.7295371,47.6415199],[-115.6948516,47.6240573],[-115.69701708605025,47.6139234538213],[-115.697373,47.613691],[-115.6988,47.611794],[-115.6981637617996,47.60855734413912],[-115.6985036,47.606967],[-115.6976356028129,47.605870506286934],[-115.697217,47.603741],[-115.69523677341414,47.602840195367115],[-115.69264786091452,47.599569762787766],[-115.691979,47.597833],[-115.690581613162,47.596959584202004],[-115.6885532,47.5943972],[-115.691827,47.593342],[-115.69662751255636,47.58883496647634],[-115.702827,47.586483],[-115.70507,47.584391],[-115.70485973619544,47.583163951144705],[-115.7131206469334,47.577473173840524],[-115.721195,47.576254],[-115.722037,47.575381],[-115.722505,47.571649],[-115.726811,47.569569],[-115.731152,47.569334],[-115.738768,47.564468],[-115.744408,47.560078],[-115.74428,47.558997],[-115.751251,47.553815],[-115.754337,47.5526],[-115.755663,47.5483],[-115.7556055001419,47.54820620242784],[-115.7558247,47.5480552],[-115.75525056825306,47.54762721405208],[-115.751793,47.541987],[-115.74358012126288,47.53892749078416],[-115.7429923,47.5384893],[-115.7315618337443,47.53672978194461],[-115.730483,47.535812],[-115.722176,47.533641],[-115.716661,47.533708],[-115.711368,47.532371],[-115.70963297207139,47.533354221649454],[-115.698724,47.531653],[-115.70384338406733,47.52564352361218],[-115.711211,47.523274],[-115.7113927397339,47.5169539278638],[-115.7114925,47.5168391],[-115.70795183882227,47.51412927911519],[-115.698633,47.502273],[-115.692192,47.501736],[-115.69116435615922,47.50128109375093],[-115.6901247,47.5004854],[-115.686264,47.48494],[-115.682579,47.483966],[-115.680963,47.485458],[-115.676668,47.486485],[-115.674325,47.486296],[-115.66847300481588,47.48861384181288],[-115.66792144083881,47.48872271259541],[-115.66764201830436,47.48845792514351],[-115.6609582,47.477876],[-115.66028990203014,47.477968984812556],[-115.647342,47.47796],[-115.644169,47.479878],[-115.636376,47.48085],[-115.63463842458579,47.481372286773336],[-115.63206161635297,47.473416810898335],[-115.63318533539972,47.47150906988715],[-115.64563007401081,47.45775143291028],[-115.64788522208721,47.45672860121004],[-115.691925,47.457082],[-115.6920853498263,47.45686505611736],[-115.70622059006209,47.45308733960605],[-115.707227,47.453231],[-115.717039,47.452575],[-115.72422840670549,47.448274656897325],[-115.7476175,47.4420238],[-115.750769,47.437767],[-115.75108152249653,47.43670043386293],[-115.75533499932801,47.43016386703858],[-115.756304,47.429504],[-115.75871526317832,47.42496921771599],[-115.7595331,47.4237124]],[[-115.8580602,47.6158696],[-115.8580041,47.6014106],[-115.815231,47.6049512],[-115.8153552,47.6305838],[-115.8788037,47.6307683],[-115.8787898,47.6159457],[-115.8580602,47.6158696]]],[[[-116.6285943,47.4835285],[-116.6392609,47.479858],[-116.6449796,47.4943772],[-116.6289993,47.4945403],[-116.634238,47.4908667],[-116.6285943,47.4835285]]],[[[-116.5542564,47.506151],[-116.5633056,47.4987127],[-116.5756207,47.5022198],[-116.5649507,47.5086467],[-116.5542564,47.506151]]],[[[-116.4746235,47.5360228],[-116.4852867,47.5355463],[-116.4857821,47.5468419],[-116.4750709,47.5448357],[-116.4746235,47.5360228]]],[[[-115.914898,47.4499826],[-115.9149023,47.4577752],[-115.9041864,47.4577438],[-115.9041994,47.4499872],[-115.914898,47.4499826]]],[[[-116.8135564,47.7160875],[-116.8296728,47.711929],[-116.8297704,47.7211409],[-116.8135564,47.7160875]]],[[[-116.3466247,47.4715464],[-116.3465149,47.4565981],[-116.3519684,47.4603553],[-116.3520994,47.4716098],[-116.3466247,47.4715464]]],[[[-116.8163797,47.9188847],[-116.8164307,47.9115915],[-116.8288995,47.9152881],[-116.8288892,47.9189394],[-116.8163797,47.9188847]]],[[[-116.8076558,47.5006935],[-116.7971565,47.5007784],[-116.8019405,47.4935884],[-116.8072456,47.4935092],[-116.8076558,47.5006935]]],[[[-116.7422345,47.4899068],[-116.7389158,47.4839815],[-116.738917,47.4898738],[-116.7372668,47.4824974],[-116.7529394,47.4862246],[-116.7422345,47.4899068]]],[[[-116.8390718,47.4806749],[-116.8387102,47.4701913],[-116.8441851,47.4735723],[-116.8444133,47.4805366],[-116.8390718,47.4806749]]],[[[-116.5858112,47.4730043],[-116.5965267,47.4783036],[-116.5859358,47.4802858],[-116.5858112,47.4730043]]],[[[-116.6939183,47.8676721],[-116.6938654,47.8748946],[-116.6884908,47.8712595],[-116.6885188,47.8676508],[-116.6939183,47.8676721]]],[[[-116.5438308,47.5281755],[-116.5491762,47.5245732],[-116.5545233,47.5245894],[-116.5545252,47.5282187],[-116.5438308,47.5281755]]],[[[-116.5777792,47.4818124],[-116.5754043,47.491508],[-116.5752439,47.4803957],[-116.5857738,47.4803161],[-116.5777792,47.4818124]]],[[[-116.4799773,47.5141865],[-116.4872076,47.5140848],[-116.4879083,47.5176837],[-116.4799773,47.5141865]]],[[[-116.8071288,47.4897809],[-116.8124727,47.4895898],[-116.8072456,47.4935092],[-116.8071288,47.4897809]]],[[[-116.9952624,47.9661047],[-116.9952684,47.9624663],[-117.0006227,47.9660898],[-116.9952624,47.9661047]]],[[[-116.9102251,47.8245844],[-116.9155973,47.821],[-116.9155922,47.8246137],[-116.9102251,47.8245844]]],[[[-116.5440674,47.4181331],[-116.5441074,47.4145221],[-116.5493671,47.4181458],[-116.5440674,47.4181331]]],[[[-116.5706242,47.44345],[-116.5705941,47.4398623],[-116.5759357,47.4434657],[-116.5706242,47.44345]]],[[[-116.470245,47.5433374],[-116.4692685,47.5377756],[-116.4713491,47.538209],[-116.470245,47.5433374]]],[[[-116.5759035,47.4380787],[-116.578557,47.4362873],[-116.5785656,47.4380839],[-116.5759035,47.4380787]]],[[[-116.7489409,47.6732306],[-116.7501744,47.6721417],[-116.7513768,47.6732361],[-116.7489409,47.6732306]]],[[[-115.7603164,47.4692022],[-115.7600461,47.4685127],[-115.761285,47.4685267],[-115.7603164,47.4692022]]],[[[-116.5859358,47.4802858],[-116.5859363,47.4803149],[-116.5857738,47.4803161],[-116.5859358,47.4802858]]]]},"properties":{"objectid":16,"rangerdistrictid":"{C2F8831B-A453-4C10-B97E-A9860CECC863}","region":"01","forestnumber":"04","forestname":"Idaho Panhandle National Forests","districtnumber":"03","districtname":"Coeur d'Alene River Ranger District","districtorgcode":"010403"}},{"type":"Feature","geometry":{"type":"MultiPolygon","coordinates":[[[[-116.5717249,48.9998181],[-116.5715924,48.9631493],[-116.5497635,48.9631576],[-116.549609,48.9488087],[-116.5277905,48.9486831],[-116.5257397,48.919701],[-116.495215,48.9197079],[-116.4951306,48.9052505],[-116.4841183,48.9052564],[-116.4896842,48.9161006],[-116.4841745,48.9161073],[-116.4620086,48.9052708],[-116.4619658,48.8980539],[-116.4840949,48.8980376],[-116.4836919,48.8908463],[-116.4400107,48.8907907],[-116.4394561,48.8329638],[-116.4181217,48.8329663],[-116.4178055,48.76799],[-116.4187003,48.7534156],[-116.4295177,48.7533243],[-116.4291877,48.7135184],[-116.4187072,48.7173745],[-116.418422,48.708477],[-116.4294064,48.7074996],[-116.4184201,48.7084109],[-116.4183364,48.6594135],[-116.4400853,48.6593832],[-116.4400987,48.6521943],[-116.418341,48.6522071],[-116.4183813,48.6305742],[-116.4401234,48.630633],[-116.4399383,48.5873918],[-116.4616972,48.5873916],[-116.4617089,48.559185],[-116.525643,48.5592431],[-116.5256796,48.5302833],[-116.5051592,48.5302892],[-116.5051545,48.5157964],[-116.4833477,48.5085415],[-116.4834495,48.4869371],[-116.5052555,48.4869107],[-116.5051609,48.5013188],[-116.5337252,48.5040556],[-116.5278394,48.5212603],[-116.5436236,48.5643453],[-116.5738309,48.5730341],[-116.5911299,48.595075],[-116.5935795,48.6278126],[-116.6113631,48.6679796],[-116.6217867,48.6799166],[-116.656487,48.6918781],[-116.6565786,48.7138821],[-116.672707,48.7175267],[-116.6673301,48.7319587],[-116.6565895,48.7319462],[-116.6567722,48.7752992],[-116.7151794,48.7824436],[-116.7203354,48.8185672],[-116.7583537,48.8329589],[-116.7583836,48.8618919],[-116.7747833,48.8654621],[-116.7802282,48.8871069],[-116.7962903,48.8870558],[-116.7962997,48.8798414],[-116.8127359,48.872563],[-116.8346486,48.8724857],[-116.8400902,48.8869021],[-116.8673632,48.8867733],[-116.8804503,48.9165338],[-116.9045334,48.9208826],[-116.9056993,48.9324256],[-116.9268328,48.9436584],[-116.886621,48.9706695],[-116.8822261,48.9860756],[-116.88857795989202,48.99950306488151],[-116.81616506034021,48.999661750832644],[-116.5717249,48.9998181]]],[[[-116.04908599939432,49.00082486107134],[-116.04908303313985,48.89729813018574],[-116.0508948,48.894941],[-116.0504435,48.8712139],[-116.0490822469496,48.86985891098122],[-116.049077357,48.765708099834995],[-116.0518839,48.7424248],[-116.238073,48.7460205],[-116.2435307,48.7387988],[-116.243536,48.7460374],[-116.2869644,48.745853],[-116.2868585,48.8184462],[-116.3087997,48.8186058],[-116.3088733,48.8330736],[-116.3307031,48.833106],[-116.3307885,48.8475477],[-116.3525393,48.8475367],[-116.3522762,48.9197665],[-116.3743862,48.9197517],[-116.3743666,48.9341703],[-116.3963272,48.934269],[-116.3962445,48.9631519],[-116.41828,48.9632015],[-116.41809706819635,49.00009795852038],[-116.39940637507425,49.000281869135726],[-116.04908599939432,49.00082486107134]]],[[[-116.1258259,48.6823152],[-116.1005514,48.6735682],[-116.0515328,48.6231639],[-116.0704846,48.6012587],[-116.0663591,48.5726164],[-116.11618,48.5203519],[-116.1481735,48.5127116],[-116.1827718,48.5150941],[-116.1969299,48.5085991],[-116.1976383,48.4945782],[-116.2447165,48.5127455],[-116.2618083,48.5016906],[-116.3441842,48.5013814],[-116.344089,48.509773],[-116.3793321,48.5232021],[-116.4139265,48.5110397],[-116.4118031,48.5011929],[-116.4289031,48.5012095],[-116.4288839,48.5156633],[-116.4180049,48.5156475],[-116.4180093,48.5301169],[-116.3964214,48.5301522],[-116.3963259,48.5446276],[-116.3746079,48.5447665],[-116.3746045,48.5591686],[-116.3091644,48.5595099],[-116.3092613,48.573932],[-116.287515,48.5739585],[-116.2874095,48.5872652],[-116.3099493,48.5872302],[-116.3099784,48.6160758],[-116.2883356,48.6161967],[-116.2882802,48.6305502],[-116.2450818,48.6307606],[-116.2448311,48.6449993],[-116.2009872,48.6451837],[-116.2009121,48.6736427],[-116.1792398,48.6699308],[-116.1846872,48.6592447],[-116.1681494,48.6594986],[-116.1672212,48.6880776],[-116.1258259,48.6823152]]],[[[-116.4179988,48.5446256],[-116.4396801,48.5519348],[-116.4397798,48.5591466],[-116.4180427,48.5590964],[-116.4179988,48.5446256]]],[[[-116.5053403,48.4761221],[-116.5256767,48.4724365],[-116.5245695,48.4841778],[-116.5052555,48.4869107],[-116.5053403,48.4761221]]],[[[-116.4180847,48.5735717],[-116.4072251,48.5735569],[-116.4071624,48.5590731],[-116.4180427,48.5590964],[-116.4180847,48.5735717]]],[[[-116.4396792,48.5337781],[-116.4397111,48.530145],[-116.46161,48.5302103],[-116.4561223,48.5374455],[-116.4396792,48.5337781]]],[[[-116.0778994,48.6524747],[-116.0863632,48.6595942],[-116.069977,48.6595138],[-116.0700414,48.6470017],[-116.075471,48.6512288],[-116.0778994,48.6524747]]],[[[-116.0916907,48.6735206],[-116.0917788,48.6655847],[-116.0971987,48.6702785],[-116.0916907,48.6735206]]],[[[-116.4451687,48.544695],[-116.4451879,48.5519387],[-116.4396801,48.5519348],[-116.4451687,48.544695]]],[[[-116.1779633,48.7352281],[-116.1834175,48.7352035],[-116.1834043,48.7397464],[-116.1779633,48.7352281]]],[[[-116.43975,48.5192956],[-116.434314,48.5192851],[-116.439763,48.5156791],[-116.43975,48.5192956]]],[[[-116.5609596,48.9667417],[-116.5661899,48.9667471],[-116.5662111,48.9703639],[-116.5609596,48.9667417]]],[[[-116.0557878,48.6304769],[-116.0491227,48.6304676],[-116.0537291,48.6279495],[-116.0557878,48.6304769]]],[[[-116.3372945,48.6732962],[-116.3374063,48.6712423],[-116.3405212,48.6711619],[-116.3372945,48.6732962]]],[[[-116.186267,48.7062584],[-116.1862267,48.7059251],[-116.1997195,48.7062875],[-116.186267,48.7062584]]],[[[-116.5161148,48.4921467],[-116.516485,48.4926344],[-116.5165306,48.4941133],[-116.5161148,48.4921467]]]]},"properties":{"objectid":17,"rangerdistrictid":"{EBECBD60-036D-4298-B1D7-9E315197077D}","region":"01","forestnumber":"04","forestname":"Idaho Panhandle National Forests","districtnumber":"07","districtname":"Bonners Ferry Ranger District","districtorgcode":"010407"}},{"type":"Feature","geometry":{"type":"MultiPolygon","coordinates":[[[[-116.8822261,48.9860756],[-116.8911653,48.9670843],[-116.8987285,48.9565655],[-116.9102277,48.9581669],[-116.9274861,48.9451971],[-116.9056993,48.9324256],[-116.9045334,48.9208826],[-116.8804503,48.9165338],[-116.8749398,48.8975686],[-116.8836731,48.8975105],[-116.8836725,48.9047344],[-116.9154894,48.9045385],[-116.9161837,48.7986175],[-116.9070632,48.8043552],[-116.9003997,48.7990041],[-116.8949142,48.8074749],[-116.8894401,48.7966561],[-116.8949171,48.7965715],[-116.8592662,48.7714402],[-116.8565069,48.7606265],[-116.8682192,48.7551131],[-116.8638993,48.7433064],[-116.8356491,48.7449905],[-116.8248173,48.7339281],[-116.8381339,48.721041],[-116.8426631,48.7030774],[-116.8375546,48.6878378],[-116.8225304,48.6824081],[-116.8522558,48.657637],[-116.857307,48.6480279],[-116.8471722,48.6361049],[-116.8737146,48.6145958],[-116.8612494,48.6013137],[-116.8306915,48.6101166],[-116.8377254,48.580341],[-116.8268092,48.5615394],[-116.8222154,48.5256592],[-116.8332898,48.5245502],[-116.8374978,48.5403135],[-116.8494508,48.5369503],[-116.8525312,48.5231202],[-116.8353409,48.5010193],[-116.8528589,48.4763832],[-116.8754714,48.478683],[-116.8732813,48.4923194],[-116.9070168,48.4904455],[-116.9190123,48.4705298],[-116.8988103,48.4637501],[-116.892118,48.4500662],[-116.9037985,48.4496663],[-116.9037215,48.4371845],[-116.8935481,48.4345994],[-116.9269598,48.4094459],[-116.9094555,48.4050618],[-116.9116469,48.4108162],[-116.8880537,48.4158392],[-116.885411,48.4093824],[-116.8691981,48.4105755],[-116.8746403,48.4011456],[-116.8694506,48.3969352],[-116.87656,48.3938912],[-116.8628892,48.3886142],[-116.8777453,48.3779087],[-116.8510857,48.3719074],[-116.8650972,48.365371],[-116.8578113,48.3665846],[-116.8509289,48.350529],[-116.8457236,48.3575955],[-116.8294429,48.3573163],[-116.8184554,48.3707437],[-116.7482028,48.3751338],[-116.7269218,48.3466617],[-116.8404267,48.3433436],[-116.8406236,48.3290853],[-116.8584642,48.3323705],[-116.8623198,48.311949],[-116.8821539,48.3030325],[-116.8728319,48.2902059],[-116.8771021,48.2839802],[-116.8639396,48.2861518],[-116.869365,48.2782963],[-116.8552902,48.2709929],[-116.8639547,48.260782],[-116.8540443,48.2520991],[-116.8647839,48.2416559],[-117.0378902,48.2387258],[-117.037117,48.272165],[-117.03725025295658,48.272279067871814],[-117.035178,48.370878],[-117.035425,48.499914],[-117.034499,48.620769],[-117.033671,48.656902],[-117.033335,48.749921],[-117.032107,48.874926],[-117.032351,48.999188],[-116.88857795989202,48.99950306488151],[-116.8822261,48.9860756]],[[-116.8642087,48.6398282],[-116.8736184,48.6464719],[-116.8687611,48.6319672],[-116.8642087,48.6398282]]],[[[-116.8994065,48.2167435],[-116.9047074,48.2167638],[-116.9044891,48.2240069],[-116.8940218,48.2203557],[-116.8994065,48.2167435]]]]},"properties":{"objectid":18,"rangerdistrictid":"{BB653B99-8801-47D8-B767-C8F9810FAADD}","region":"01","forestnumber":"04","forestname":"Idaho Panhandle National Forests","districtnumber":"08","districtname":"Priest Lake Ranger District","districtorgcode":"010408"}},{"type":"Feature","geometry":{"type":"MultiPolygon","coordinates":[[[[-116.0504435,48.8712139],[-116.0508948,48.894941],[-116.04908303313985,48.89729813018574],[-116.0490822469496,48.86985891098122],[-116.0504435,48.8712139]]],[[[-116.0597262,48.2902078],[-116.0723292,48.2978044],[-116.0671276,48.3072722],[-116.083121,48.3201672],[-116.0885816,48.3324553],[-116.0833842,48.3378843],[-116.0982922,48.3472686],[-116.0953303,48.3613615],[-116.124231,48.3718411],[-116.1286946,48.3832919],[-116.12188,48.3915893],[-116.1431158,48.411704],[-116.1782877,48.4170162],[-116.1780124,48.4341171],[-116.1650807,48.4461068],[-116.1786561,48.4839905],[-116.2010891,48.4989386],[-116.1821464,48.5152516],[-116.1481735,48.5127116],[-116.1164672,48.5201921],[-116.0663591,48.5726164],[-116.0704846,48.6012587],[-116.0606463,48.6058842],[-116.0576421,48.6200922],[-116.049124,48.6199143],[-116.049077357,48.765708099834995],[-116.049155,48.481247],[-116.0489606894236,48.29456400647833],[-116.0597262,48.2902078]]]]},"properties":{"objectid":31,"rangerdistrictid":"{1CC6E398-DD07-469A-826F-9728F16DBAE7}","region":"01","forestnumber":"14","forestname":"Kootenai National Forest","districtnumber":"04","districtname":"Three Rivers Ranger District","districtorgcode":"011404"}},{"type":"Feature","geometry":{"type":"MultiPolygon","coordinates":[[[[-115.6520015,45.9954066],[-115.5934754,45.9903915],[-115.5899767,45.9807089],[-115.5977501,45.9775822],[-115.5916084,45.9596407],[-115.5573635,45.9345708],[-115.5095412,45.9506093],[-115.4586706,46.0019855],[-115.4378979,46.0035398],[-115.4291592,45.9800906],[-115.4202258,45.9787165],[-115.4260182,45.9642874],[-115.3795331,45.945124],[-115.3800231,45.9277102],[-115.3551476,45.9215365],[-115.3514204,45.9013474],[-115.3322734,45.8883167],[-115.3143563,45.8947586],[-115.3163569,45.9108724],[-115.2798799,45.9167022],[-115.2459547,45.9125233],[-115.2388581,45.881695],[-115.1758515,45.8793383],[-115.1529977,45.8693943],[-115.1181071,45.8754766],[-115.1209313,45.8918411],[-115.0703434,45.9422681],[-115.005202,45.925384],[-114.996515,45.9114007],[-114.9698084,45.916672],[-114.9770685,45.8975682],[-114.937234,45.8929773],[-114.9298999,45.8815842],[-114.8901697,45.8693199],[-114.8913973,45.8518515],[-114.9303062,45.811956],[-114.9132784,45.7928913],[-114.9271045,45.7684635],[-114.9487995,45.7598654],[-114.963838,45.74144],[-114.963415,45.7193203],[-114.9922221,45.7041295],[-114.9883765,45.6784479],[-114.9471875,45.6838142],[-114.9730589,45.60941],[-114.9634045,45.5839925],[-114.9711259,45.5775129],[-114.966895,45.5642298],[-115.0316517,45.5068154],[-115.0901792,45.5200591],[-115.1623164,45.5507257],[-115.1804654,45.5660639],[-115.2156959,45.5695005],[-115.2538939,45.5394489],[-115.2954578,45.5355926],[-115.3140549,45.5237866],[-115.335245,45.4855752],[-115.3546723,45.4752329],[-115.3778772,45.4708046],[-115.3865,45.476825],[-115.4277457,45.4576952],[-115.4575546,45.4336152],[-115.4629756,45.4185304],[-115.4788508,45.4084734],[-115.4774393,45.3999622],[-115.50919,45.3756179],[-115.5276974,45.3846622],[-115.6132071,45.3969889],[-115.6674455,45.4343925],[-115.6962631,45.4432399],[-115.7539891,45.4446755],[-115.8158409,45.4713596],[-115.854942,45.5078837],[-115.8519116,45.5253424],[-115.859763,45.534764],[-115.8405819,45.5476408],[-115.8338582,45.5642873],[-115.8464193,45.5797794],[-115.8323005,45.6002109],[-115.7805045,45.6105713],[-115.7491388,45.6286381],[-115.7399782,45.636385],[-115.7454105,45.6463543],[-115.7349006,45.6640877],[-115.7541952,45.6760365],[-115.7488966,45.7085629],[-115.7989084,45.7171121],[-115.8115778,45.7274062],[-115.7916558,45.7358564],[-115.7784351,45.7550588],[-115.7788977,45.7721562],[-115.7663589,45.7965849],[-115.7506939,45.7933728],[-115.7253943,45.8065051],[-115.7276717,45.813875],[-115.7034652,45.8546917],[-115.7121782,45.8628186],[-115.7041558,45.8826195],[-115.7112701,45.9154621],[-115.7387228,45.9371081],[-115.7343992,45.945859],[-115.7222487,45.9462242],[-115.719894,45.9594905],[-115.7002359,45.9726259],[-115.6825849,46.0017568],[-115.6592826,46.00992],[-115.6520015,45.9954066]],[[-115.5252221,45.8001242],[-115.4019081,45.8001694],[-115.4018327,45.8879507],[-115.5254352,45.8879199],[-115.5256872,45.8797411],[-115.5252221,45.8001242]]],[[[-115.4341214,45.8288135],[-115.4356848,45.8296277],[-115.4329428,45.8288087],[-115.4341214,45.8288135]]]]},"properties":{"objectid":34,"rangerdistrictid":"{266DCB13-7522-4CF9-818D-A2E26A30AF9E}","region":"01","forestnumber":"17","forestname":"Nez Perce-Clearwater National Forest","districtnumber":"05","districtname":"Red River Ranger District","districtorgcode":"011705"}},{"type":"Feature","geometry":{"type":"MultiPolygon","coordinates":[[[[-116.0490983,48.0955078],[-116.0490488,48.1195753],[-116.04893025964004,48.11961595780381],[-116.0490176350423,48.09550768925428],[-116.0490983,48.0955078]]],[[[-116.052747,47.9795019],[-116.0623028,47.9957035],[-116.1034099,48.0121997],[-116.1043193,48.0231391],[-116.0763294,48.0395639],[-116.049998,48.0378651],[-116.04911935194599,48.052220930687525],[-116.04910973926734,47.97771451297015],[-116.052747,47.9795019]]],[[[-116.03672703234929,47.9716295244674],[-116.030387,47.972619],[-116.028343,47.970565],[-116.027806,47.968644],[-116.02004008570421,47.96342938865272],[-116.03672703234929,47.9716295244674]]],[[[-116.01661859309561,47.959596698947124],[-116.013752,47.95627],[-116.007484,47.950783],[-116.00679035991047,47.945250942087995],[-116.01661859309561,47.959596698947124]]],[[[-115.9936995,47.9261429],[-116.00500524605637,47.94264530495726],[-116.003276,47.940768],[-115.999599,47.939223],[-115.995002,47.933101],[-115.993403,47.929082],[-115.993678,47.926183],[-115.98919,47.923861],[-115.984844,47.922705],[-115.98339373943013,47.920762012169696],[-115.9936995,47.9261429]]],[[[-115.97104239879486,47.91431307731799],[-115.969076,47.914256],[-115.96670497138948,47.912048401151466],[-115.97104239879486,47.91431307731799]]],[[[-115.96631353000373,47.911683940955335],[-115.96542,47.910852],[-115.96783411958552,47.90181582606384],[-115.96631353000373,47.911683940955335]]],[[[-115.9682498,47.8991182],[-115.96819476447307,47.899475362056975],[-115.966364,47.898317],[-115.960243,47.898046],[-115.953363,47.894053],[-115.952506,47.891772],[-115.948233,47.888618],[-115.94630717888671,47.88657499344583],[-115.9682498,47.8991182]]],[[[-115.94483072382226,47.885730997610246],[-115.943163,47.885488],[-115.94114213239331,47.88362246354094],[-115.94483072382226,47.885730997610246]]],[[[-115.93977705921932,47.88236231479743],[-115.936697,47.879519],[-115.93624224382191,47.87751223877336],[-115.93977705921932,47.88236231479743]]],[[[-115.9014563,47.843074],[-115.9189001,47.8537173],[-115.93263337019489,47.87256054837813],[-115.931327,47.87183],[-115.928312,47.868129],[-115.925234,47.866853],[-115.924988,47.864876],[-115.919291,47.857406],[-115.918772,47.853656],[-115.910081,47.853017],[-115.906483,47.850486],[-115.906821,47.846383],[-115.9014563,47.843074]]],[[[-115.89973860623081,47.84363195782009],[-115.897859,47.844525],[-115.8820014730271,47.84939350411807],[-115.89973860623081,47.84363195782009]]],[[[-115.88150268315839,47.849365376869834],[-115.88123,47.84935],[-115.875262,47.843272],[-115.87142540672835,47.83600766650017],[-115.88150268315839,47.849365376869834]]],[[[-115.86976777073731,47.83464906544719],[-115.86496,47.833374],[-115.859299,47.83105],[-115.85730645339734,47.82962639437697],[-115.86976777073731,47.83464906544719]]],[[[-115.8522189,47.8275758],[-115.85316441850577,47.82795690163763],[-115.852312,47.827857],[-115.850639,47.825345],[-115.85065981868881,47.82467573034818],[-115.8522189,47.8275758]]],[[[-115.84532484500781,47.81461542397979],[-115.84592838983745,47.81587473124497],[-115.845082,47.814903],[-115.84532484500781,47.81461542397979]]],[[[-115.8476067,47.7858474],[-115.84684131850061,47.795496792009445],[-115.845795,47.793164],[-115.84742859090943,47.78550099110632],[-115.8476067,47.7858474]]],[[[-115.84717523289638,47.785008228672204],[-115.840544,47.780355],[-115.840685,47.77858],[-115.837438,47.774846],[-115.835415,47.770575],[-115.83544807746351,47.76219978623683],[-115.84717523289638,47.785008228672204]]],[[[-115.8325671,47.7565965],[-115.83387063659288,47.75913178142534],[-115.83232240671869,47.75660144566403],[-115.8325671,47.7565965]]],[[[-115.80760438538765,47.75710103857613],[-115.803984,47.758247],[-115.79829075984094,47.757289282661155],[-115.80760438538765,47.75710103857613]]],[[[-115.79736757708537,47.757133984780296],[-115.797332,47.757128],[-115.79728788834923,47.75706451449262],[-115.79736757708537,47.757133984780296]]],[[[-115.78893212097016,47.749780203162395],[-115.785803,47.748369],[-115.78168251056024,47.743460206822995],[-115.78893212097016,47.749780203162395]]],[[[-115.78100243954727,47.742650029295],[-115.780853,47.742472],[-115.78134731552645,47.74140028303482],[-115.78100243954727,47.742650029295]]],[[[-115.78295784151679,47.73556413046151],[-115.78253,47.734826],[-115.78371859584514,47.7328073427054],[-115.78295784151679,47.73556413046151]]],[[[-115.7844598,47.7301214],[-115.78421404011739,47.731011973750334],[-115.784258,47.729963],[-115.78388406581445,47.72936862899955],[-115.7844598,47.7301214]]],[[[-115.7766025,47.719848],[-115.77793390588317,47.721588809845656],[-115.77575466272963,47.71956962788255],[-115.7766025,47.719848]]],[[[-115.77031644413829,47.717784086626786],[-115.763665,47.717565],[-115.759177,47.719163],[-115.753026,47.71695],[-115.751716,47.715355],[-115.744823,47.711872],[-115.742339,47.711706],[-115.740391,47.709238],[-115.73162145436777,47.70507928275283],[-115.77031644413829,47.717784086626786]]],[[[-115.72787508529963,47.679759129029655],[-115.726511,47.673226],[-115.729246,47.671535],[-115.73176391569311,47.66855020216451],[-115.72787508529963,47.679759129029655]]],[[[-115.730403,47.6422087],[-115.7367439,47.6541962],[-115.73212472655072,47.66751022301759],[-115.731226,47.6661],[-115.731318,47.661986],[-115.736497,47.654738],[-115.730393,47.642331],[-115.72950542878819,47.641915353936014],[-115.730403,47.6422087]]],[[[-115.70818740242534,47.63485776431428],[-115.707926,47.634831],[-115.694444,47.623761],[-115.69358073107762,47.61865278464731],[-115.70818740242534,47.63485776431428]]],[[[-115.69255722229418,47.61751728028565],[-115.692471,47.617451],[-115.69247056808827,47.617421144101606],[-115.69255722229418,47.61751728028565]]]]},"properties":{"objectid":35,"rangerdistrictid":"{304C88AD-E844-4233-A822-200775E532E1}","region":"01","forestnumber":"14","forestname":"Kootenai National Forest","districtnumber":"07","districtname":"Cabinet Ranger District","districtorgcode":"011407"}},{"type":"Feature","geometry":{"type":"Polygon","coordinates":[[[-114.4862181,45.9988262],[-114.520098,45.9986737],[-114.5322832,45.9831575],[-114.5805883,45.9754057],[-114.5836136,45.9648785],[-114.607391,45.9587559],[-114.6506578,45.9657243],[-114.6954785,45.9532105],[-114.7133731,45.9651143],[-114.7389278,45.9587623],[-114.7610341,45.9787387],[-114.7852856,45.9810873],[-114.8076266,45.9691198],[-114.8274023,45.9715454],[-114.8296226,45.9562049],[-114.855564,45.9437738],[-114.8699385,45.9226743],[-114.9236831,45.9195696],[-114.880047,45.8854798],[-114.8901697,45.8693199],[-114.9298999,45.8815842],[-114.937234,45.8929773],[-114.9770685,45.8975682],[-114.9698084,45.916672],[-114.996515,45.9114007],[-115.005202,45.925384],[-115.0703434,45.9422681],[-115.1209313,45.8918411],[-115.1181071,45.8754766],[-115.1529977,45.8693943],[-115.1758515,45.8793383],[-115.2388581,45.881695],[-115.2459547,45.9125233],[-115.2798799,45.9167022],[-115.3163569,45.9108724],[-115.3143563,45.8947586],[-115.3322734,45.8883167],[-115.3514204,45.9013474],[-115.3551476,45.9215365],[-115.3800231,45.9277102],[-115.3795331,45.945124],[-115.4260182,45.9642874],[-115.4204538,45.9793227],[-115.4291592,45.9800906],[-115.4363249,46.0025282],[-115.4501914,46.0073163],[-115.5095412,45.9506093],[-115.5573635,45.9345708],[-115.5916084,45.9596407],[-115.5977501,45.9775822],[-115.5899767,45.9807089],[-115.5934754,45.9903915],[-115.6520015,45.9954066],[-115.6602733,46.0106157],[-115.6825849,46.0017568],[-115.7002359,45.9726259],[-115.719894,45.9594905],[-115.7224161,45.9460689],[-115.7677731,45.9391021],[-115.7727342,45.9325415],[-115.78621,45.9337686],[-115.8021388,45.9564364],[-115.8303911,45.9661919],[-115.8373035,45.9611358],[-115.838574,45.9726907],[-115.8500608,45.9812455],[-115.850115,46.0198404],[-115.8286493,46.0186619],[-115.8286448,46.0620273],[-115.7664001,46.0618445],[-115.7650599,46.1265489],[-115.7307825,46.1495289],[-115.6837923,46.136778],[-115.5218522,46.1355665],[-115.4762844,46.1584524],[-115.4274501,46.1391245],[-115.3975907,46.13655],[-115.2811183,46.188645],[-115.2597727,46.1887182],[-115.2462202,46.1760097],[-115.2258593,46.1798536],[-115.2159924,46.1696466],[-115.1996511,46.1797408],[-115.2004666,46.2007965],[-115.1773595,46.2136069],[-115.1886644,46.2345053],[-115.2102826,46.2457451],[-115.1981042,46.2595222],[-115.161251,46.2615274],[-115.1566122,46.27642],[-115.1393127,46.2790288],[-115.1129186,46.3082697],[-115.0995202,46.3130158],[-115.0567219,46.3214944],[-115.0261275,46.3139681],[-115.0138655,46.331927],[-114.9790252,46.3377424],[-114.9668583,46.360981],[-114.9384178,46.3636666],[-114.9335054,46.3560358],[-114.8796833,46.3737073],[-114.8560688,46.3421803],[-114.8211561,46.3479192],[-114.8093543,46.3287483],[-114.7916492,46.3328626],[-114.7648865,46.3181131],[-114.7524913,46.2797989],[-114.7591396,46.2708302],[-114.7497316,46.2641381],[-114.745695,46.2429528],[-114.7097735,46.2476926],[-114.6697831,46.2809501],[-114.5967211,46.2742703],[-114.5650754,46.2904398],[-114.5246681,46.2792931],[-114.5068797,46.2859896],[-114.4913545,46.2740212],[-114.4666493,46.2723141],[-114.46666300505501,46.2721250996006],[-114.470194,46.267731],[-114.47072,46.266041],[-114.468997,46.259607],[-114.46774216884424,46.25724282535871],[-114.4683529,46.2488205],[-114.466492,46.247075],[-114.451852,46.240673],[-114.44684983199728,46.22456513962917],[-114.44598353681467,46.22032057768004],[-114.4518072,46.2152595],[-114.45150144166301,46.2148149388498],[-114.451678,46.214172],[-114.449071,46.209059],[-114.4434488,46.2031067],[-114.44346907148578,46.20215719868424],[-114.444206,46.199878],[-114.444502,46.191506],[-114.445948,46.173901],[-114.44416708796881,46.16946262580486],[-114.4441731731898,46.16917759858018],[-114.44767952131058,46.16814880757241],[-114.452469,46.168546],[-114.456531,46.170263],[-114.462939,46.168085],[-114.464246,46.165732],[-114.468541,46.165284],[-114.47586969746149,46.16065857545537],[-114.47957682727318,46.161323873035016],[-114.488909,46.167536],[-114.494381,46.168011],[-114.498682,46.167256],[-114.501642,46.165454],[-114.50214752307245,46.165374507905945],[-114.5149946,46.1676801],[-114.51497838260404,46.167412260356244],[-114.515626,46.166129],[-114.515005,46.160869],[-114.515224,46.15563],[-114.51433087672456,46.154288365036024],[-114.51707157608382,46.15264493128355],[-114.521486,46.15092],[-114.52535229941661,46.14767947596134],[-114.5272549,46.1465386],[-114.52702343498008,46.14627882009334],[-114.526979,46.144864],[-114.520808,46.136025],[-114.518779,46.13572],[-114.51782890292729,46.13506055448916],[-114.521363,46.125991],[-114.52102144861294,46.125556627000705],[-114.5211439,46.1251921],[-114.511847,46.121293],[-114.50437,46.118365],[-114.501736,46.119084],[-114.495356,46.117676],[-114.489758,46.113488],[-114.475178,46.113179],[-114.474376,46.112614],[-114.471003,46.105942],[-114.468054,46.105026],[-114.46392467954335,46.10111704099035],[-114.46034874450443,46.09702404999357],[-114.46027845968462,46.09659765541998],[-114.46154551688994,46.082370537064094],[-114.46244697725555,46.07845586722398],[-114.47016904001241,46.07714978035356],[-114.471282,46.077123],[-114.47132041788487,46.076955039703364],[-114.4724239,46.0767684],[-114.4715169212738,46.073797293818934],[-114.471393,46.068651],[-114.46953642119165,46.06730951647011],[-114.46837293501989,46.06349813605221],[-114.46914827678593,46.06228377300689],[-114.47019449700839,46.06161179662936],[-114.473737,46.06059],[-114.47449538379128,46.058849381739556],[-114.47656635870295,46.057519216073445],[-114.481255,46.055307],[-114.493475,46.052402],[-114.49288,46.050189],[-114.4965422316862,46.044688920427156],[-114.50073065067743,46.04199874243128],[-114.502247,46.041986],[-114.506229,46.038923],[-114.50620404212042,46.03848323998189],[-114.5066019,46.0382277],[-114.50606647654101,46.03605932245845],[-114.506,46.034888],[-114.507419,46.031861],[-114.505407,46.029982],[-114.50450293840224,46.02972724841773],[-114.5044288,46.029427],[-114.50356024545589,46.02946161107591],[-114.500098,46.028486],[-114.489313,46.027869],[-114.48622,46.029883],[-114.48048423846802,46.030381168097314],[-114.47556349956125,46.02022947937568],[-114.4734882,46.0130903],[-114.484901,46.0082388],[-114.48507852945615,46.00697009317519],[-114.487783,46.003646],[-114.4861204887433,45.99952377475888],[-114.4862181,45.9988262]]]},"properties":{"objectid":44,"rangerdistrictid":"{1ECF207A-F312-4140-94BE-DE98F1733C8B}","region":"01","forestnumber":"17","forestname":"Nez Perce-Clearwater National Forest","districtnumber":"06","districtname":"Moose Creek Ranger District","districtorgcode":"011706"}},{"type":"Feature","geometry":{"type":"MultiPolygon","coordinates":[[[[-114.65838629717321,46.73449171532465],[-114.65075,46.733457],[-114.646818,46.730876],[-114.64578,46.727879],[-114.646385,46.726584],[-114.64575524925905,46.72523995860066],[-114.65838629717321,46.73449171532465]]],[[[-114.64207923278681,46.722547417938515],[-114.641601,46.722494],[-114.638915,46.72139],[-114.638234,46.720173],[-114.63611131013226,46.718176144159585],[-114.64207923278681,46.722547417938515]]],[[[-114.63264772859789,46.71563920391777],[-114.631469,46.715755],[-114.630468,46.714565],[-114.624636,46.711791],[-114.624184,46.709629],[-114.621526,46.707879],[-114.62137235055381,46.70738042322564],[-114.63264772859789,46.71563920391777]]],[[[-114.62312377387639,46.692805723683556],[-114.623169,46.691638],[-114.62335510678741,46.691423252406736],[-114.62312377387639,46.692805723683556]]],[[[-114.62398023815305,46.69070191677942],[-114.626353,46.687964],[-114.631841,46.683947],[-114.64151525514669,46.679263017766715],[-114.62398023815305,46.69070191677942]]],[[[-114.6419537,46.678977],[-114.64165640660339,46.67917093817196],[-114.64140812249734,46.67851496913809],[-114.6419537,46.678977]]],[[[-114.63487392938072,46.672981385251674],[-114.633468,46.672354],[-114.6333537908134,46.67169403207262],[-114.63487392938072,46.672981385251674]]],[[[-114.63328973013816,46.671323851771625],[-114.633057,46.669979],[-114.634039,46.669299],[-114.63690781965414,46.66825657604159],[-114.63328973013816,46.671323851771625]]],[[[-114.6360511,46.6597307],[-114.6399327,46.6656922],[-114.63973014461969,46.66586391858221],[-114.638989,46.664505],[-114.63592478132259,46.65970439073871],[-114.6360511,46.6597307]]],[[[-114.63370818960975,46.659242725910254],[-114.630523,46.6594],[-114.621023,46.657982],[-114.61635028345947,46.65562747519951],[-114.63370818960975,46.659242725910254]]],[[[-114.61472088142753,46.65480643941424],[-114.614464,46.654677],[-114.61472685660443,46.65406618932927],[-114.61472088142753,46.65480643941424]]],[[[-114.61474068737628,46.652352728754316],[-114.611981,46.65044],[-114.611656,46.647453],[-114.61480080727107,46.64490462169414],[-114.61474068737628,46.652352728754316]]],[[[-114.6148424,46.6397518],[-114.61483646016345,46.64048767185562],[-114.61442126358298,46.63962355810125],[-114.6148424,46.6397518]]],[[[-114.5928792,46.6330637],[-114.60245725073004,46.635980349718054],[-114.599871,46.636126],[-114.5928792,46.6330637]]],[[[-114.59120632215742,46.633621576747565],[-114.588963,46.63517],[-114.58778920400599,46.63476112843019],[-114.59120632215742,46.633621576747565]]],[[[-114.57550484934333,46.63885775500426],[-114.572772,46.64116],[-114.570751,46.643173],[-114.569824,46.643324],[-114.56623741983502,46.64194828755885],[-114.57550484934333,46.63885775500426]]],[[[-114.5036426368873,46.64070375728788],[-114.501217,46.64135],[-114.500644,46.641142],[-114.49956015242577,46.63970878934724],[-114.5036426368873,46.64070375728788]]],[[[-114.4526119,46.6416437],[-114.46459461773125,46.63350905486242],[-114.45263650194185,46.64185480597596],[-114.4526119,46.6416437]]],[[[-114.4534868,46.6491511],[-114.45264378994068,46.64191734332],[-114.45448,46.644205],[-114.453477,46.649209],[-114.45332089868411,46.64921715170366],[-114.4534868,46.6491511]]],[[[-114.42444506114856,46.660639680719086],[-114.424424,46.660648],[-114.42415506515461,46.660555995973944],[-114.42444506114856,46.660639680719086]]],[[[-114.4116958,46.6569606],[-114.4121059264358,46.65707895103578],[-114.411017,46.657413],[-114.409898,46.661202],[-114.408971,46.661264],[-114.404261,46.659506],[-114.399658,46.662576],[-114.394514,46.664846],[-114.390279,46.664968],[-114.38682066174626,46.663489762350245],[-114.4116958,46.6569606]]],[[[-114.38011784229487,46.66524910117105],[-114.378055,46.667131],[-114.36958374750552,46.66801406329472],[-114.38011784229487,46.66524910117105]]],[[[-114.34414974196892,46.66203764112694],[-114.33776,46.662437],[-114.333125,46.660939],[-114.330217,46.65869],[-114.328192,46.655265],[-114.324861,46.653635],[-114.321118,46.647514],[-114.32118465045856,46.64729830843946],[-114.34414974196892,46.66203764112694]]],[[[-114.3280618,46.6197481],[-114.32224363382153,46.64121408843342],[-114.320335,46.63853],[-114.322189,46.634487],[-114.321782,46.631056],[-114.322173,46.626664],[-114.32451,46.621934],[-114.327782,46.620208],[-114.3274766287328,46.618847018832525],[-114.3280618,46.6197481]]],[[[-114.32270959298754,46.61150645654685],[-114.322537,46.611284],[-114.32255350553771,46.61126610390243],[-114.32270959298754,46.61150645654685]]],[[[-114.3341319,46.5793182],[-114.3442121,46.5899928],[-114.32510799555743,46.608496403005645],[-114.329825,46.603382],[-114.330256,46.599477],[-114.336427,46.593557],[-114.340791,46.592489],[-114.343733,46.590456],[-114.343812,46.589736],[-114.340193,46.587286],[-114.33394665133721,46.579301503413774],[-114.3341319,46.5793182]]]]},"properties":{"objectid":46,"rangerdistrictid":"{C42B3ECC-6467-4AD4-84DB-7C9C6573DE1A}","region":"01","forestnumber":"16","forestname":"Lolo National Forest","districtnumber":"03","districtname":"Missoula Ranger District","districtorgcode":"011603"}},{"type":"Feature","geometry":{"type":"MultiPolygon","coordinates":[[[[-114.9609392,46.9300085],[-114.96440996794975,46.937504006745534],[-114.958866,46.933466],[-114.960964,46.930408],[-114.952681,46.926649],[-114.949795,46.926407],[-114.941931,46.924075],[-114.935305,46.919741],[-114.929943,46.919937],[-114.925295,46.918749],[-114.92252955008156,46.91339259808561],[-114.9609392,46.9300085]]],[[[-114.9365557,46.898162],[-114.93604852632943,46.898652657612516],[-114.93648104752386,46.8978050894592],[-114.9365557,46.898162]]],[[[-114.93622254553769,46.89656920167024],[-114.935111,46.894885],[-114.93556170363284,46.8934097426165],[-114.93622254553769,46.89656920167024]]],[[[-114.93518077436052,46.89158853480643],[-114.932485,46.887712],[-114.931058,46.882108],[-114.931608,46.876799],[-114.93200867922027,46.87642287319085],[-114.93518077436052,46.89158853480643]]],[[[-114.9484954,46.8608044],[-114.94832037652172,46.86096903510425],[-114.94827104891809,46.86073604438973],[-114.9484954,46.8608044]]],[[[-114.93038414156939,46.85528623573637],[-114.928853,46.854935],[-114.92877971517343,46.8547973967948],[-114.93038414156939,46.85528623573637]]],[[[-114.9287770031686,46.854792304600785],[-114.926777,46.851037],[-114.924287,46.848603],[-114.924257,46.847528],[-114.9285282258678,46.84375664996523],[-114.9287770031686,46.854792304600785]]],[[[-114.92851709137044,46.84326272842608],[-114.926775,46.838909],[-114.92837149607954,46.83680418360838],[-114.92851709137044,46.84326272842608]]],[[[-114.9283096,46.8340585],[-114.92834076384665,46.83544091490509],[-114.92779737111537,46.83385441232748],[-114.9283096,46.8340585]]],[[[-114.92722405714733,46.833625986487256],[-114.925164,46.833689],[-114.92435447583335,46.832482657422766],[-114.92722405714733,46.833625986487256]]],[[[-114.89877361710606,46.82224101482788],[-114.898236,46.822001],[-114.897881,46.820205],[-114.895111,46.817438],[-114.89721975613858,46.812456706536075],[-114.89877361710606,46.82224101482788]]],[[[-114.8954889,46.8015579],[-114.89586037059149,46.80389696563362],[-114.89520384154551,46.80168011430952],[-114.8954889,46.8015579]]],[[[-114.89038818006416,46.80374475310042],[-114.887113,46.809457],[-114.874855,46.811858],[-114.865779,46.814529],[-114.86555713134348,46.814390673002805],[-114.89038818006416,46.80374475310042]]],[[[-114.86513294859277,46.81412621056324],[-114.861142,46.811638],[-114.86104091796827,46.8105223399546],[-114.86513294859277,46.81412621056324]]],[[[-114.8293961,46.7826526],[-114.8413807321356,46.79320752186448],[-114.836784,46.792556],[-114.829613,46.782967],[-114.825598,46.78205],[-114.823612,46.782762],[-114.8194,46.781385],[-114.80796,46.782214],[-114.803423,46.777943],[-114.79977119886902,46.776182828440376],[-114.8293961,46.7826526]]],[[[-114.7987408,46.7759578],[-114.79884775094217,46.775981156978],[-114.79850398804739,46.77609698662249],[-114.7987408,46.7759578]]],[[[-114.78721873648932,46.781924263968435],[-114.787046,46.781949],[-114.784838,46.780019],[-114.78616184065686,46.77824639979843],[-114.78721873648932,46.781924263968435]]],[[[-114.783263,46.7681588],[-114.78340770203594,46.768662344830986],[-114.779424,46.768598],[-114.779033,46.767045],[-114.773819,46.765207],[-114.77383819534305,46.762881621299684],[-114.783263,46.7681588]]],[[[-114.7659996,46.7584926],[-114.76946603979408,46.760433544445334],[-114.76519,46.758254],[-114.76591700007367,46.75666695405641],[-114.7659996,46.7584926]]],[[[-114.76590433062462,46.74443831728883],[-114.76666,46.741695],[-114.769982,46.735027],[-114.772821,46.733187],[-114.773741,46.731749],[-114.77504986460745,46.73147723574563],[-114.76590433062462,46.74443831728883]]],[[[-114.78245229780391,46.720986482503925],[-114.782207,46.720543],[-114.782268,46.71933],[-114.78455633024817,46.718004640642015],[-114.78245229780391,46.720986482503925]]],[[[-114.7883918,46.712569],[-114.78829954102596,46.71269974972853],[-114.78824967238747,46.71251210221103],[-114.7883918,46.712569]]],[[[-114.7697029670816,46.7050873203135],[-114.769102,46.704982],[-114.76876760737572,46.704712868803256],[-114.7697029670816,46.7050873203135]]],[[[-114.76867794578075,46.704640705930615],[-114.768523,46.704516],[-114.76857653432883,46.70426737837411],[-114.76867794578075,46.704640705930615]]],[[[-114.7665728,46.696891],[-114.76663056647351,46.69710365661806],[-114.766008,46.697015],[-114.763885,46.697672],[-114.76161968059246,46.69698722088164],[-114.7665728,46.696891]]],[[[-114.7524116,46.6971661],[-114.75254122424053,46.697163581878044],[-114.7523490817319,46.69724117133965],[-114.7524116,46.6971661]]],[[[-114.74193159549738,46.70975038938284],[-114.742086,46.710454],[-114.74049249902205,46.711478442695295],[-114.74193159549738,46.70975038938284]]],[[[-114.73980454123239,46.71192072251943],[-114.726135,46.71457],[-114.72227169177167,46.71433103705129],[-114.73980454123239,46.71192072251943]]],[[[-114.7126898,46.7156483],[-114.71319109419512,46.715579384979314],[-114.71239997164639,46.71613971124443],[-114.7126898,46.7156483]]],[[[-114.71026831889905,46.71975398195397],[-114.71018,46.72019],[-114.70877670779514,46.722283046000456],[-114.71026831889905,46.71975398195397]]],[[[-114.70807360143321,46.72347518047582],[-114.708634,46.727206],[-114.70461487836985,46.72933953219818],[-114.70807360143321,46.72347518047582]]],[[[-114.70112882672531,46.735250220215526],[-114.700717,46.737671],[-114.698594,46.740451],[-114.69805416351296,46.74046338882563],[-114.70112882672531,46.735250220215526]]],[[[-114.69709389966587,46.74048542613072],[-114.696546,46.740498],[-114.69636534486727,46.74039851503463],[-114.69709389966587,46.74048542613072]]],[[[-114.68225059888653,46.73871473222718],[-114.681989,46.738863],[-114.680938549446,46.73855821461832],[-114.68225059888653,46.73871473222718]]],[[[-114.67028497158613,46.73728732307959],[-114.666718,46.739176],[-114.664572,46.739084],[-114.66162201282717,46.73625389739557],[-114.67028497158613,46.73728732307959]]]]},"properties":{"objectid":49,"rangerdistrictid":"{6DAE8CAB-8141-4DD6-B92A-0EFA160306F1}","region":"01","forestnumber":"16","forestname":"Lolo National Forest","districtnumber":"04","districtname":"Ninemile Ranger District","districtorgcode":"011604"}},{"type":"Feature","geometry":{"type":"MultiPolygon","coordinates":[[[[-115.6985036,47.606967],[-115.6980085310752,47.60776765808506],[-115.6976356028129,47.605870506286934],[-115.6985036,47.606967]]],[[[-115.69523677341414,47.602840195367115],[-115.693625,47.602107],[-115.69264786091452,47.599569762787766],[-115.69523677341414,47.602840195367115]]],[[[-115.6885532,47.5943972],[-115.690581613162,47.596959584202004],[-115.688416,47.595606],[-115.68855,47.594333],[-115.6887387579969,47.59427591755419],[-115.6885532,47.5943972]]],[[[-115.69538320104142,47.5899330473088],[-115.696464,47.588897],[-115.6976660154288,47.58844097843076],[-115.69538320104142,47.5899330473088]]],[[[-115.70494836485008,47.583681166599085],[-115.704589,47.581584],[-115.705693,47.578034],[-115.70672,47.577507],[-115.71138,47.577736],[-115.71484465215424,47.57721286046942],[-115.70494836485008,47.583681166599085]]],[[[-115.72242891689989,47.57225571395222],[-115.722505,47.571649],[-115.72577057979238,47.570071571767734],[-115.72242891689989,47.57225571395222]]],[[[-115.7554762,47.5506557],[-115.7548003462277,47.551097444359655],[-115.7550643524413,47.55024131561268],[-115.7554762,47.5506557]]],[[[-115.7435599,47.538666],[-115.74392467892704,47.5390330258303],[-115.74186212321449,47.53840128277265],[-115.7435599,47.538666]]],[[[-115.7412240655727,47.53830179687364],[-115.736848,47.539689],[-115.734529,47.539254],[-115.73165607780764,47.53680995694856],[-115.7412240655727,47.53830179687364]]],[[[-115.70960267308281,47.53337139176011],[-115.706937,47.534882],[-115.702302,47.534214],[-115.69876363589266,47.531681369905286],[-115.70960267308281,47.53337139176011]]],[[[-115.69867587895055,47.53159151870945],[-115.69554,47.527585],[-115.700472,47.525726],[-115.70174,47.52632],[-115.70384338406733,47.52564352361218],[-115.69867587895055,47.53159151870945]]],[[[-115.7114925,47.5168391],[-115.7113927397339,47.5169539278638],[-115.711398,47.516771],[-115.709063,47.515543],[-115.70795183882227,47.51412927911519],[-115.7114925,47.5168391]]],[[[-115.6863651,47.4850822],[-115.6901247,47.5004854],[-115.69116435615922,47.50128109375093],[-115.690064,47.500794],[-115.6863651,47.4850822]]],[[[-115.66847300481588,47.48861384181288],[-115.668003,47.4888],[-115.66792144083881,47.48872271259541],[-115.66847300481588,47.48861384181288]]],[[[-115.6609582,47.477876],[-115.66764201830436,47.48845792514351],[-115.662027,47.483137],[-115.660893,47.478272],[-115.66031323160682,47.47798070631785],[-115.6609582,47.477876]]]]},"properties":{"objectid":50,"rangerdistrictid":"{E6068C30-0908-439D-9286-E0E97E0C1016}","region":"01","forestnumber":"16","forestname":"Lolo National Forest","districtnumber":"05","districtname":"Plains/Thompson Falls Ranger District","districtorgcode":"011605"}},{"type":"Feature","geometry":{"type":"MultiPolygon","coordinates":[[[[-115.63485405669347,47.46867607701626],[-115.640133,47.459714],[-115.644059,47.458464],[-115.64549097476393,47.45781452194673],[-115.63485405669347,47.46867607701626]]],[[[-115.64809562572245,47.45663317177451],[-115.649011,47.456218],[-115.664221,47.453883],[-115.669777,47.454503],[-115.676437,47.453079],[-115.67931682573948,47.45492044815889],[-115.64809562572245,47.45663317177451]]],[[[-115.715978,47.4529093],[-115.69622308062124,47.453993009688496],[-115.702113,47.452501],[-115.707227,47.453231],[-115.71691022270618,47.45258360965193],[-115.715978,47.4529093]]],[[[-115.7482235,47.4416437],[-115.71718523841791,47.45248752750087],[-115.725363,47.447596],[-115.731851,47.445174],[-115.740026,47.442785],[-115.745733,47.442334],[-115.747933,47.441675],[-115.75012552230216,47.43865371045246],[-115.7482235,47.4416437]]],[[[-115.75083681981731,47.43753554683625],[-115.752414,47.432153],[-115.75567226884432,47.42993419430113],[-115.75083681981731,47.43753554683625]]],[[[-115.7595393,47.4238552],[-115.75812765210235,47.42607431827951],[-115.75930149941892,47.42386670275946],[-115.7595393,47.4238552]]],[[[-115.74099320178985,47.424752301705006],[-115.739287,47.425943],[-115.73269812785603,47.42515354647816],[-115.74099320178985,47.424752301705006]]],[[[-115.72177727342796,47.425681804067246],[-115.721435,47.425714],[-115.7214320909845,47.42569850104335],[-115.72177727342796,47.425681804067246]]],[[[-115.7127969,47.4155813],[-115.71338888116222,47.416334391932025],[-115.71226716122267,47.41557307159906],[-115.7127969,47.4155813]]],[[[-115.70960447694874,47.415531712282544],[-115.702006,47.415927],[-115.700414,47.416646],[-115.699311,47.416726],[-115.697384,47.41544],[-115.69200380230332,47.4152583220497],[-115.70960447694874,47.415531712282544]]],[[[-115.67549265433378,47.40920840214721],[-115.675333,47.408905],[-115.67683131384419,47.404153961602084],[-115.67549265433378,47.40920840214721]]],[[[-115.677328,47.4022786],[-115.67729735783385,47.40239429708788],[-115.67712039054574,47.402259172390664],[-115.677328,47.4022786]]],[[[-115.67608624758063,47.40216239969987],[-115.67295,47.402412],[-115.667231,47.401586],[-115.663361,47.402882],[-115.65786968993777,47.40045773665075],[-115.67608624758063,47.40216239969987]]],[[[-115.65777643482461,47.40041656706637],[-115.657304,47.400208],[-115.65725060875523,47.399565140552845],[-115.65777643482461,47.40041656706637]]],[[[-115.65341426569142,47.39335326862465],[-115.650603,47.392613],[-115.646297,47.387367],[-115.647906,47.385506],[-115.64804364771665,47.38465707266934],[-115.65341426569142,47.39335326862465]]],[[[-115.6437976,47.3777818],[-115.64447737076296,47.378882496379276],[-115.643416518249,47.37784950463842],[-115.6437976,47.3777818]]],[[[-115.64002075427983,47.37845281080853],[-115.636612,47.379729],[-115.63380834928809,47.379556533651694],[-115.64002075427983,47.37845281080853]]],[[[-115.62338870691505,47.38140773255453],[-115.619277,47.382313],[-115.61863712941663,47.38225191844277],[-115.62338870691505,47.38140773255453]]],[[[-115.6160802575966,47.382007841411436],[-115.609642,47.380683],[-115.605305,47.37798],[-115.602067,47.377525],[-115.60050309479057,47.37608074460855],[-115.6160802575966,47.382007841411436]]],[[[-115.57841916345656,47.36754441768157],[-115.577639,47.367404],[-115.576086,47.365678],[-115.57726735384276,47.363277639602366],[-115.57841916345656,47.36754441768157]]],[[[-115.5752254,47.3557134],[-115.5754342697993,47.3564871399223],[-115.575047,47.355875],[-115.570907,47.355548],[-115.56927049192613,47.35455192067629],[-115.5752254,47.3557134]]],[[[-115.55939012013809,47.35262479646212],[-115.557555,47.353535],[-115.552605,47.351441],[-115.55246602910196,47.351274282151216],[-115.55939012013809,47.35262479646212]]],[[[-115.5506001,47.3342312],[-115.55155807977924,47.35018505152786],[-115.549074,47.347205],[-115.55015797725221,47.33399715409605],[-115.5506001,47.3342312]]],[[[-115.5395594,47.3283866],[-115.54788746858425,47.33279521808105],[-115.538835,47.329059],[-115.53946008978605,47.328128310763],[-115.5395594,47.3283866]]],[[[-115.53475170755317,47.31588259699379],[-115.532785,47.314218],[-115.53136,47.311189],[-115.528258,47.309212],[-115.52850290952894,47.29963051969388],[-115.53475170755317,47.31588259699379]]],[[[-115.4829161,47.2814628],[-115.52817031148898,47.299248092842355],[-115.515345,47.296767],[-115.506999,47.291825],[-115.496352,47.289314],[-115.490838,47.289482],[-115.48881,47.288113],[-115.483637,47.282134],[-115.4818315145133,47.28186037431757],[-115.4829161,47.2814628]]],[[[-115.47791690405474,47.283295345189586],[-115.476535,47.284222],[-115.47537830718831,47.28422591353034],[-115.47791690405474,47.283295345189586]]],[[[-115.46588944005948,47.286909110184105],[-115.461099,47.285332],[-115.45748,47.282034],[-115.45728709478574,47.27885063528632],[-115.46588944005948,47.286909110184105]]],[[[-115.4560382,47.2776807],[-115.45651644849926,47.27812871195529],[-115.45510570715882,47.27776141367797],[-115.4560382,47.2776807]]],[[[-115.45064485502732,47.27814753115418],[-115.449639,47.278398],[-115.44919071783993,47.27827339674315],[-115.45064485502732,47.27814753115418]]],[[[-115.43712292333049,47.279317947475185],[-115.43681,47.279878],[-115.435829,47.280267],[-115.43320458629657,47.279657106533115],[-115.43712292333049,47.279317947475185]]],[[[-115.42602584582262,47.28027081749464],[-115.421026,47.277558],[-115.42118517106468,47.27511854953914],[-115.42602584582262,47.28027081749464]]],[[[-115.41472340982703,47.268240846114395],[-115.414706,47.268231],[-115.41467860913768,47.26819316161425],[-115.41472340982703,47.268240846114395]]],[[[-115.4109773,47.2642536],[-115.41115452409542,47.264442231972495],[-115.41045373721495,47.26432112190675],[-115.4109773,47.2642536]]],[[[-115.40472872026797,47.26505945562989],[-115.404727,47.26506],[-115.40472391278975,47.26506007563212],[-115.40472872026797,47.26505945562989]]],[[[-115.3854793720737,47.267541971062066],[-115.385119,47.26766],[-115.38497137655492,47.26760748531752],[-115.3854793720737,47.267541971062066]]],[[[-115.37145952834956,47.2652584831509],[-115.371251,47.265283],[-115.37112010986509,47.265198911790115],[-115.37145952834956,47.2652584831509]]],[[[-115.3455066223083,47.26070348688554],[-115.340441,47.26287],[-115.32599074780397,47.25727825445333],[-115.3455066223083,47.26070348688554]]],[[[-115.3217005558958,47.2565252825862],[-115.320147,47.2567],[-115.31962890680384,47.25616168731629],[-115.3217005558958,47.2565252825862]]],[[[-115.31962818531282,47.256158055516366],[-115.318676,47.251365],[-115.32436551706354,47.24580993546829],[-115.31962818531282,47.256158055516366]]],[[[-115.317369,47.2335985],[-115.3247385,47.2449952],[-115.32442676264618,47.24567615200641],[-115.324369,47.244724],[-115.320962,47.242517],[-115.316402,47.233293],[-115.31314477984036,47.23110568745309],[-115.317369,47.2335985]]],[[[-115.31075488368332,47.22969535302426],[-115.306988,47.229624],[-115.301934,47.225932],[-115.298784,47.225504],[-115.29541160452868,47.22064091993555],[-115.31075488368332,47.22969535302426]]],[[[-115.29469236851433,47.21948741643557],[-115.294594,47.216194],[-115.291579,47.210001],[-115.295986,47.205658],[-115.297873619626,47.20126099901621],[-115.29469236851433,47.21948741643557]]],[[[-115.3002018,47.1879221],[-115.3001778049427,47.18805957545067],[-115.29840261033101,47.187627337043466],[-115.3002018,47.1879221]]],[[[-115.29346643131979,47.18681863813616],[-115.290964,47.186815],[-115.29033441318415,47.1863055166229],[-115.29346643131979,47.18681863813616]]],[[[-115.26149288700223,47.18101780064839],[-115.259455,47.17955],[-115.256196,47.174977],[-115.2565105847869,47.17225921968506],[-115.26149288700223,47.18101780064839]]],[[[-115.24901463574301,47.159081802145884],[-115.249006,47.159077],[-115.24899969112293,47.15905553042265],[-115.24901463574301,47.159081802145884]]],[[[-115.2446543,47.1514166],[-115.24468957604347,47.15147861311553],[-115.24444839203835,47.1513644444943],[-115.2446543,47.1514166]]],[[[-115.24173859344262,47.15067806541999],[-115.231401,47.150293],[-115.225433,47.148756],[-115.221893,47.148995],[-115.216689,47.146121],[-115.215875,47.14445],[-115.21520159324524,47.14395636969726],[-115.24173859344262,47.15067806541999]]],[[[-115.19934832702786,47.1396967122958],[-115.199059,47.139622],[-115.19891413000948,47.139184765572104],[-115.19934832702786,47.1396967122958]]],[[[-115.19637701212004,47.13619333740434],[-115.19441,47.135207],[-115.192923,47.133085],[-115.185987,47.129402],[-115.186701,47.128171],[-115.186477,47.124726],[-115.1836,47.121676],[-115.179738,47.120626],[-115.179293,47.120165],[-115.178763,47.11743],[-115.172861,47.112025],[-115.173509,47.109717],[-115.17285545464854,47.108459880530866],[-115.19637701212004,47.13619333740434]]],[[[-115.1711241,47.1064185],[-115.17151125503077,47.10687498113915],[-115.16991052690682,47.10620931710584],[-115.1711241,47.1064185]]],[[[-115.148516070071,47.10252156691996],[-115.147433,47.10321],[-115.144341,47.101977],[-115.14418140949915,47.10177440397714],[-115.148516070071,47.10252156691996]]],[[[-115.14398817500475,47.10152909777259],[-115.140233,47.096762],[-115.14128688488682,47.09473738631103],[-115.14398817500475,47.10152909777259]]],[[[-115.1061131,47.0484089],[-115.1309043,47.068633],[-115.13099985293289,47.06887324370623],[-115.126284,47.065964],[-115.123233,47.065702],[-115.122286,47.06532],[-115.121998,47.063333],[-115.116834,47.057872],[-115.108058,47.051821],[-115.107202,47.049484],[-115.10418902693941,47.04812641994978],[-115.1061131,47.0484089]]],[[[-115.1014231745763,47.047720355268346],[-115.098008,47.048581],[-115.087602,47.045789],[-115.0876175680931,47.04569350478512],[-115.1014231745763,47.047720355268346]]],[[[-115.0808801,47.0293236],[-115.08493880719273,47.03957650854628],[-115.081856,47.038186],[-115.080713,47.035602],[-115.081034,47.029847],[-115.07979640761401,47.02892658532366],[-115.0808801,47.0293236]]],[[[-115.07101009637722,47.0211465987433],[-115.069444,47.015134],[-115.07014749526223,47.014547640233395],[-115.07101009637722,47.0211465987433]]],[[[-115.0676095,46.9951318],[-115.06915314841697,47.00694081772603],[-115.065546,47.000598],[-115.06622,46.996625],[-115.06737,46.995539],[-115.067301,46.994989],[-115.061139,46.991934],[-115.05846266663649,46.98766077168442],[-115.0676095,46.9951318]]],[[[-115.05141294002782,46.98190263605241],[-115.050201,46.98123],[-115.05025011010467,46.9809528499421],[-115.05141294002782,46.98190263605241]]],[[[-115.0014603,46.9718783],[-115.0487683,46.9697139],[-115.04887515937916,46.97055221703425],[-115.048383,46.969819],[-115.037337,46.97054],[-115.03381,46.971657],[-115.029678,46.97251],[-115.029523,46.974426],[-115.028386,46.975659],[-115.017007,46.973857],[-115.011315,46.974123],[-115.001274,46.971901],[-115.0012449132781,46.97156554379533],[-115.0014603,46.9718783]]],[[[-114.99586439698514,46.963752667309265],[-114.993917,46.962228],[-114.99328946142982,46.96001368533098],[-114.99586439698514,46.963752667309265]]],[[[-114.99245129002838,46.95879660331187],[-114.986358,46.954245],[-114.98651489865438,46.950176558310105],[-114.99245129002838,46.95879660331187]]],[[[-114.9861062,46.9495831],[-114.98649081493028,46.95014158710074],[-114.983115,46.949282],[-114.97961225564629,46.94606209866606],[-114.9861062,46.9495831]]]]},"properties":{"objectid":52,"rangerdistrictid":"{2CFE2A57-803B-411B-8636-A463F3E43C82}","region":"01","forestnumber":"16","forestname":"Lolo National Forest","districtnumber":"07","districtname":"Superior Ranger District","districtorgcode":"011607"}},{"type":"Feature","geometry":{"type":"MultiPolygon","coordinates":[[[[-115.8373035,45.9611358],[-115.8303911,45.9661919],[-115.8021388,45.9564364],[-115.7846786,45.9330191],[-115.7362802,45.9438993],[-115.7326511,45.9301286],[-115.7112701,45.9154621],[-115.7041558,45.8826195],[-115.7121782,45.8628186],[-115.7034652,45.8546917],[-115.7276717,45.813875],[-115.7253943,45.8065051],[-115.7506939,45.7933728],[-115.7663589,45.7965849],[-115.7788977,45.7721562],[-115.7784351,45.7550588],[-115.7916558,45.7358564],[-115.8115778,45.7274062],[-115.7989084,45.7171121],[-115.7488966,45.7085629],[-115.7541952,45.6760365],[-115.7349006,45.6640877],[-115.7454105,45.6463543],[-115.7399782,45.636385],[-115.7491388,45.6286381],[-115.7805045,45.6105713],[-115.8323005,45.6002109],[-115.8464193,45.5797794],[-115.8338582,45.5642873],[-115.8405819,45.5476408],[-115.859763,45.534764],[-115.8519116,45.5253424],[-115.854942,45.5078837],[-115.8089015,45.4681503],[-115.9292064,45.4598922],[-115.9932934,45.4290565],[-116.0550325,45.4224449],[-116.1106288,45.4015751],[-116.1229223,45.4031101],[-116.1311529,45.4230117],[-116.1431378,45.4275486],[-116.2099426,45.3990626],[-116.2702454,45.4204145],[-116.2703646,45.539748],[-116.2033617,45.5395659],[-116.2028285,45.7139548],[-116.182155,45.7139354],[-116.1821183,45.7573007],[-116.2028589,45.7573819],[-116.2028183,45.7718609],[-116.2235708,45.7718694],[-116.2235159,45.8008535],[-116.1406287,45.8017763],[-116.1397766,45.8597001],[-116.0373891,45.8593508],[-116.0368716,45.9025679],[-116.0164587,45.902375],[-116.0164751,45.9166849],[-116.0058326,45.9166379],[-116.0057402,45.9456793],[-115.9743127,45.9456853],[-115.9748594,45.9607791],[-115.9322619,45.9607042],[-115.9330247,45.9751286],[-115.891412,45.9753599],[-115.8914312,45.9898414],[-115.8493961,45.9901442],[-115.8489922,45.9806406],[-115.8373035,45.9611358]]],[[[-116.3303168,45.4123632],[-116.3275841,45.4123703],[-116.3309608,45.4103345],[-116.3303168,45.4123632]]],[[[-116.391117,45.670556],[-116.3480452,45.6706294],[-116.3481385,45.6561887],[-116.327256,45.656137],[-116.3270531,45.5687769],[-116.347866,45.5688596],[-116.3528474,45.4555295],[-116.3934877,45.4554728],[-116.3933338,45.3906079],[-116.4137786,45.3906036],[-116.4137405,45.3689792],[-116.3932399,45.3690055],[-116.3880581,45.3488278],[-116.3931594,45.3256157],[-116.383169,45.3256191],[-116.3831145,45.3039339],[-116.3626028,45.2967186],[-116.3522187,45.2678015],[-116.5319032,45.2679298],[-116.5410395,45.2900489],[-116.5251887,45.2942479],[-116.5196964,45.299301],[-116.5247902,45.3065952],[-116.4962188,45.3261926],[-116.495168,45.3367378],[-116.5087478,45.3485349],[-116.4818819,45.3884463],[-116.4740914,45.4419153],[-116.4603013,45.4626623],[-116.4416539,45.470206],[-116.4507859,45.5007196],[-116.4231638,45.5132571],[-116.4227277,45.5308699],[-116.4086429,45.5550647],[-116.3936867,45.5602429],[-116.3785491,45.5793067],[-116.3905752,45.6074542],[-116.3791682,45.6185],[-116.386735,45.6350484],[-116.3808829,45.6421815],[-116.3983727,45.6745607],[-116.4278954,45.6929478],[-116.4167274,45.7139478],[-116.3905322,45.7139397],[-116.3908477,45.7067563],[-116.391117,45.670556]]],[[[-116.295844,45.5809163],[-116.2879271,45.5762984],[-116.3011245,45.5724856],[-116.295844,45.5809163]]],[[[-116.2822408,45.6351745],[-116.282204,45.6393647],[-116.2805058,45.6352591],[-116.2822408,45.6351745]]],[[[-116.1086007,45.9284395],[-116.1054576,45.928436],[-116.1080935,45.9273421],[-116.1086007,45.9284395]]]]},"properties":{"objectid":53,"rangerdistrictid":"{2B5D0A9D-D69B-4C65-BA94-77BAE73CD362}","region":"01","forestnumber":"17","forestname":"Nez Perce-Clearwater National Forest","districtnumber":"01","districtname":"Salmon River Ranger District","districtorgcode":"011701"}},{"type":"Feature","geometry":{"type":"MultiPolygon","coordinates":[[[[-116.4268405,46.8013367],[-116.4453697,46.8001836],[-116.4347886,46.8102709],[-116.4506279,46.8102865],[-116.4506312,46.8284087],[-116.4398961,46.8320638],[-116.4399192,46.8392959],[-116.4824552,46.8277622],[-116.4981811,46.8310366],[-116.4931285,46.8488859],[-116.479631,46.848889],[-116.4897405,46.8704372],[-116.49503,46.8632824],[-116.4849371,46.8524947],[-116.519579,46.8488827],[-116.5195606,46.8306555],[-116.5933165,46.8304442],[-116.586253,46.8676692],[-116.570369,46.8708654],[-116.5653301,46.8924954],[-116.6502406,46.8926389],[-116.6501984,46.9397861],[-116.6608376,46.9432044],[-116.6608832,46.9504396],[-116.6502063,46.9451653],[-116.6504693,46.9940832],[-116.6931078,46.9943537],[-116.692753,46.9797025],[-116.7138614,46.9796298],[-116.7134695,46.9649651],[-116.7241138,46.9650468],[-116.7241726,46.9577678],[-116.7347576,46.9614733],[-116.7294942,46.9504978],[-116.7558277,46.9542987],[-116.7452668,46.9578491],[-116.7452274,46.9651138],[-116.7660676,46.9651096],[-116.7704386,46.9572653],[-116.8545332,46.9606267],[-116.8544122,46.9894843],[-116.8755691,46.9894819],[-116.8757938,47.0038552],[-116.8960792,47.003758],[-116.8961059,47.0180818],[-116.9172198,47.0183532],[-116.917114,47.0330297],[-117.0016315,47.0332804],[-117.0013907,47.1057174],[-116.9713783,47.1055276],[-116.9764244,47.0885509],[-116.9552635,47.0693598],[-116.9448971,47.0673178],[-116.9244988,47.0816136],[-116.895285,47.0777736],[-116.8599488,47.0515197],[-116.8260608,47.0433676],[-116.7416611,47.135367],[-116.7160708,47.1221465],[-116.7087009,47.1004409],[-116.7195341,47.0927377],[-116.7067478,47.0768948],[-116.6585549,47.0638663],[-116.6226419,47.0677766],[-116.6153442,47.053327],[-116.5815172,47.033447],[-116.5247142,47.042126],[-116.5076536,47.0307243],[-116.4869051,47.032951],[-116.4778048,47.0252063],[-116.4822959,47.0149901],[-116.4751202,47.0020751],[-116.4505379,46.9881692],[-116.4471381,46.9722695],[-116.3807492,46.9653608],[-116.3725813,46.9531242],[-116.3673076,46.9567555],[-116.3514497,46.9609525],[-116.3453216,46.949191],[-116.3493483,46.9426451],[-116.3515388,46.9390326],[-116.3660848,46.94012],[-116.3885752,46.927848],[-116.3864981,46.9207683],[-116.3866698,46.9204882],[-116.3993833,46.9104981],[-116.3938724,46.8920932],[-116.4573454,46.8920718],[-116.4572925,46.9034947],[-116.478349,46.9070743],[-116.4792049,46.8776156],[-116.4581903,46.8703398],[-116.4582141,46.848807],[-116.4669421,46.8488404],[-116.466838,46.842583],[-116.4561556,46.8428526],[-116.456273,46.8487992],[-116.4005095,46.8484283],[-116.4123876,46.8444294],[-116.4100235,46.8352972],[-116.4203729,46.8389193],[-116.4152051,46.8171233],[-116.4256413,46.8170848],[-116.4268405,46.8013367]],[[-116.4469399,46.9177693],[-116.4258862,46.9177566],[-116.4310478,46.9358634],[-116.4521937,46.9322902],[-116.446925,46.9286112],[-116.4522281,46.9213676],[-116.4469399,46.9177693]]],[[[-116.1276367,46.8484696],[-116.1162636,46.8484764],[-116.1109176,46.8321061],[-116.1214317,46.8176794],[-116.12141,46.8068247],[-116.1056565,46.7959406],[-116.1213795,46.7814818],[-116.1108761,46.774302],[-116.1625613,46.7744617],[-116.1679258,46.7888709],[-116.1838835,46.7961484],[-116.1838675,46.8069757],[-116.2151689,46.825004],[-116.220361,46.8358117],[-116.2308326,46.8358339],[-116.2360896,46.8467119],[-116.2254475,46.8591505],[-116.2046501,46.8627236],[-116.2047682,46.8915556],[-116.1840295,46.902224],[-116.1893277,46.9094492],[-116.1713724,46.9104117],[-116.1490626,46.9170332],[-116.1012434,46.8961121],[-116.1011829,46.8847835],[-116.1225486,46.8773629],[-116.1277098,46.8629248],[-116.1276367,46.8484696]]],[[[-116.4257584,46.8014064],[-116.4310437,46.7953684],[-116.4205023,46.7953873],[-116.4152162,46.8135011],[-116.4047091,46.8171328],[-116.4046939,46.8098896],[-116.3544056,46.8137064],[-116.3260842,46.8035377],[-116.3262152,46.7927268],[-116.320668,46.8034617],[-116.3102187,46.8034108],[-116.2996802,46.7961689],[-116.2997663,46.7817423],[-116.2788231,46.7890451],[-116.2736096,46.7817939],[-116.2788213,46.7745457],[-116.2945394,46.7745401],[-116.2893643,46.7601386],[-116.3314764,46.7675938],[-116.3209382,46.7782455],[-116.326252,46.7854877],[-116.3738617,46.789397],[-116.3738149,46.7821372],[-116.3941926,46.7822379],[-116.3942044,46.7570242],[-116.4047089,46.7532497],[-116.5137608,46.7551988],[-116.4926064,46.7697701],[-116.4770542,46.7664909],[-116.4770647,46.7809496],[-116.4558711,46.7887229],[-116.4558897,46.7994652],[-116.4440767,46.8002263],[-116.4268819,46.8007932],[-116.4268405,46.8013367],[-116.4257584,46.8014064]],[[-116.3156531,46.7710397],[-116.2998343,46.7745476],[-116.3156435,46.7782001],[-116.3156531,46.7710397]]],[[[-116.2474034,46.6940278],[-116.26184,46.716621],[-116.2420872,46.7202161],[-116.2421159,46.7310863],[-116.2683692,46.7311206],[-116.273572,46.7601074],[-116.2470056,46.7564324],[-116.2473312,46.7455795],[-116.2157076,46.7454474],[-116.2152235,46.7600627],[-116.2047005,46.7600501],[-116.2047439,46.7889204],[-116.1838666,46.7888973],[-116.1875435,46.7750188],[-116.167303,46.767275],[-116.1627446,46.7169785],[-116.1934719,46.7103632],[-116.1893577,46.6913605],[-116.2051389,46.6913173],[-116.2104282,46.7020476],[-116.2209865,46.7020646],[-116.2157071,46.6948987],[-116.2209702,46.6912689],[-116.2474034,46.6940278]],[[-116.2157288,46.7056761],[-116.2048028,46.7133896],[-116.2157467,46.7165328],[-116.2157288,46.7056761]],[[-116.1889967,46.7708685],[-116.18909,46.7853034],[-116.1942759,46.7817027],[-116.1994536,46.767268],[-116.1889967,46.7708685]],[[-116.2472648,46.694916],[-116.2262503,46.7020759],[-116.2315354,46.7165636],[-116.2262694,46.7201748],[-116.2420776,46.7165924],[-116.236785,46.7093461],[-116.2473127,46.7093786],[-116.2472648,46.694916]],[[-116.1838518,46.7497556],[-116.1838624,46.7570133],[-116.2052056,46.7570076],[-116.2052131,46.7497629],[-116.1943818,46.7461348],[-116.2104621,46.7454448],[-116.2105108,46.7310601],[-116.189084,46.7351947],[-116.1838518,46.7497556]]],[[[-116.3794278,46.9323065],[-116.3607154,46.9390627],[-116.3525625,46.9387291],[-116.3673111,46.9350444],[-116.3674157,46.9170126],[-116.3390662,46.9242034],[-116.3357447,46.9061672],[-116.3931942,46.9098409],[-116.3866698,46.9204882],[-116.3864635,46.9206503],[-116.3864981,46.9207683],[-116.3794278,46.9323065]]],[[[-116.6607405,46.9104521],[-116.6816124,46.9030156],[-116.6920934,46.9138541],[-116.6607497,46.9177822],[-116.6607405,46.9104521]]],[[[-116.0368828,46.6621061],[-116.0526183,46.6585076],[-116.0526389,46.6693661],[-116.0368962,46.6734201],[-116.0368828,46.6621061]]],[[[-115.9693584,46.7885877],[-115.9693788,46.7796344],[-115.9798166,46.7778812],[-115.9954235,46.7743525],[-115.9954252,46.7815522],[-115.9746057,46.7814454],[-115.9797984,46.7886544],[-115.9693584,46.7885877]]],[[[-116.394153,46.8483329],[-116.3941347,46.8365965],[-116.3994174,46.8425653],[-116.4103842,46.8392654],[-116.4120984,46.8441615],[-116.394153,46.8483329]]],[[[-116.0476844,46.8430513],[-116.047695,46.8358078],[-116.0633429,46.839432],[-116.063334,46.8430525],[-116.0476844,46.8430513]]],[[[-116.0801618,46.8629609],[-116.0801587,46.8557242],[-116.0906993,46.8557303],[-116.0906968,46.8629735],[-116.0801618,46.8629609]]],[[[-116.3450871,46.9485969],[-116.3389716,46.9387509],[-116.3493317,46.9426389],[-116.3450871,46.9485969]]],[[[-116.2284797,46.6442057],[-116.2363631,46.6405808],[-116.2363742,46.6478346],[-116.2284797,46.6442057]]],[[[-115.917012,46.8833416],[-115.9117646,46.880148],[-115.9327678,46.8830903],[-115.917012,46.8833416]]],[[[-115.9165558,46.8476394],[-115.9222279,46.8476332],[-115.9275183,46.8548511],[-115.9165558,46.8476394]]],[[[-116.288265,46.5850179],[-116.298748,46.5848755],[-116.2987424,46.5885107],[-116.288265,46.5850179]]],[[[-116.0473211,46.6440249],[-116.0525496,46.6422264],[-116.0525717,46.6476544],[-116.0473211,46.6440249]]],[[[-116.3409656,46.9387481],[-116.340996,46.9351236],[-116.3462534,46.9387409],[-116.3409656,46.9387481]]],[[[-116.2357981,46.8663612],[-116.2358091,46.8627494],[-116.2409784,46.8663523],[-116.2357981,46.8663612]]],[[[-115.9092856,46.8786067],[-115.9093697,46.8729132],[-115.9117618,46.8729185],[-115.9092856,46.8786067]]],[[[-116.2156991,46.6912851],[-116.2156951,46.6894783],[-116.2209702,46.6912689],[-116.2156991,46.6912851]]],[[[-116.908636,46.9290848],[-116.9122371,46.9297854],[-116.9122391,46.9317521],[-116.908636,46.9290848]]],[[[-116.285773,46.9205814],[-116.2880929,46.9205809],[-116.2880887,46.9222969],[-116.285773,46.9205814]]],[[[-116.3679783,46.9603669],[-116.3620243,46.9634928],[-116.3673183,46.960369],[-116.3679783,46.9603669]]],[[[-116.3713212,46.9603562],[-116.3726139,46.960352],[-116.372618,46.9612823],[-116.3713212,46.9603562]]],[[[-116.4257362,46.8054789],[-116.4264825,46.8034821],[-116.4265925,46.8045576],[-116.4257362,46.8054789]]],[[[-116.2320479,46.9208331],[-116.2316458,46.9204501],[-116.2331666,46.9204508],[-116.2320479,46.9208331]]],[[[-116.3198448,46.9135622],[-116.320956,46.9133693],[-116.3204007,46.913481],[-116.3198448,46.9135622]]]]},"properties":{"objectid":54,"rangerdistrictid":"{B52D1060-F15C-44A5-BAF0-613246A2E05B}","region":"01","forestnumber":"17","forestname":"Nez Perce-Clearwater National Forest","districtnumber":"52","districtname":"Palouse Ranger District","districtorgcode":"011752"}},{"type":"Feature","geometry":{"type":"MultiPolygon","coordinates":[[[[-114.7665022,46.6967057],[-114.7686175,46.6833667],[-114.7834146,46.6748798],[-114.7782627,46.6618113],[-114.8259935,46.6668776],[-114.8549693,46.637636],[-114.9108001,46.6457705],[-114.9186528,46.6243325],[-114.9633685,46.6047624],[-115.058452,46.6238936],[-115.0862353,46.6016737],[-115.1315794,46.5983647],[-115.1456372,46.61149],[-115.139279,46.6247782],[-115.1635805,46.6458791],[-115.215554,46.6251297],[-115.2266216,46.6146283],[-115.2165151,46.5986498],[-115.2301861,46.5809799],[-115.2317839,46.5619433],[-115.1871955,46.5205484],[-115.1578559,46.5179825],[-115.1462192,46.4990389],[-115.1713407,46.4700498],[-115.2017136,46.4503717],[-115.2229682,46.4414341],[-115.2328486,46.4559511],[-115.2458488,46.4542073],[-115.2974416,46.4220293],[-115.3508186,46.4119035],[-115.3847277,46.4233405],[-115.3939867,46.4138409],[-115.4534265,46.4133732],[-115.5104148,46.4464846],[-115.5214702,46.433911],[-115.5655244,46.4236245],[-115.5731156,46.4345275],[-115.5888205,46.4303501],[-115.5907644,46.4398989],[-115.608828,46.4427961],[-115.6056256,46.4565388],[-115.6295513,46.4734653],[-115.6551696,46.4592752],[-115.7646921,46.4467341],[-115.7644188,46.4987315],[-115.7188511,46.4986843],[-115.7188632,46.5131263],[-115.6980388,46.5132339],[-115.6980636,46.5240675],[-115.7084697,46.527689],[-115.6351688,46.5277044],[-115.6353326,46.6736744],[-115.6391669,46.7348334],[-115.6444035,46.7347399],[-115.6378086,46.8311487],[-115.648534,46.8311298],[-115.6382235,46.8462199],[-115.7592156,46.8475416],[-115.7746122,46.8431798],[-115.7746841,46.8359611],[-115.7851215,46.8395587],[-115.7851678,46.8620263],[-115.7641027,46.8619825],[-115.7640874,46.9204958],[-115.7249484,46.9236232],[-115.7024821,46.9396321],[-115.7052209,46.9464753],[-115.6440227,46.9538753],[-115.6025161,46.9489399],[-115.5854292,46.9360955],[-115.5544287,46.9437176],[-115.5256313,46.93778],[-115.5183381,46.9454521],[-115.5076376,46.9385099],[-115.4786355,46.9609501],[-115.4725607,46.9762667],[-115.4809669,46.9872492],[-115.4680122,46.9905145],[-115.4309791,46.9801145],[-115.432762,46.9582442],[-115.4132158,46.9467353],[-115.3684543,46.9429659],[-115.3575613,46.9614386],[-115.2804259,46.9434964],[-115.2605231,46.9616084],[-115.2429601,46.9600624],[-115.2241186,46.9717587],[-115.2048782,46.9688039],[-115.1841615,46.9943769],[-115.1605525,47.0070221],[-115.1232884,46.9967071],[-115.096586,47.0119252],[-115.0749992,47.0143811],[-115.06585060654676,46.99880244835272],[-115.06622,46.996625],[-115.06737,46.995539],[-115.067301,46.994989],[-115.06209561296683,46.99240827014179],[-115.0487683,46.9697139],[-115.0014603,46.9718783],[-115.0012535040682,46.971664621094305],[-115.00091,46.967703],[-114.993917,46.962228],[-114.993077,46.959264],[-114.986358,46.954245],[-114.986516,46.950148],[-114.983115,46.949282],[-114.976279,46.942998],[-114.970201,46.93872],[-114.9692199850724,46.93856490184556],[-114.9609392,46.9300085],[-114.95813336373747,46.92912339759618],[-114.952681,46.926649],[-114.949795,46.926407],[-114.94174600718462,46.923953998058884],[-114.935305,46.919741],[-114.929943,46.919937],[-114.925295,46.918749],[-114.922062,46.912487],[-114.929333,46.909889],[-114.931042,46.904087],[-114.933531,46.903586],[-114.93638502088102,46.897993263184304],[-114.9366855,46.8976959],[-114.936724,46.897329],[-114.93653594603629,46.897044062686106],[-114.93564188903709,46.89314727721564],[-114.935832,46.892525],[-114.93533521353284,46.891810618982234],[-114.9318579,46.8766546],[-114.940551,46.868404],[-114.943812,46.868157],[-114.948339,46.861057],[-114.94816711745445,46.86024514144321],[-114.9483394,46.8600718],[-114.94811776504804,46.8600120335769],[-114.948039,46.85964],[-114.94209,46.85655],[-114.937807,46.856989],[-114.92877965821833,46.8547972898531],[-114.92636017981343,46.84567096234664],[-114.928666,46.843635],[-114.926775,46.838909],[-114.928672,46.836408],[-114.927714,46.833611],[-114.925164,46.833689],[-114.92189759379303,46.82882144317544],[-114.9213713,46.8268343],[-114.910656,46.8244],[-114.906273,46.82236],[-114.90153687374061,46.82252748163585],[-114.898339,46.8218331],[-114.89721108497916,46.81247718950656],[-114.898391,46.80969],[-114.896498,46.80605],[-114.8959366,46.8019055],[-114.89534286351147,46.80214953912966],[-114.895189,46.80163],[-114.89097,46.80273],[-114.89005716215794,46.804322081971335],[-114.86555855807097,46.81439156251524],[-114.86104091796827,46.8105223399546],[-114.860604,46.8057],[-114.857715,46.803467],[-114.855233,46.800595],[-114.850847,46.798835],[-114.847645,46.79585],[-114.8413807321356,46.79320752186448],[-114.8293961,46.7826526],[-114.79977119886902,46.776182828440376],[-114.799145,46.775881],[-114.78955,46.779114],[-114.787877,46.78183],[-114.78721873648932,46.781924263968435],[-114.78616184065686,46.77824639979843],[-114.786431,46.777886],[-114.783634,46.768666],[-114.78340770203594,46.768662344830986],[-114.783263,46.7681588],[-114.7657929,46.7580431],[-114.76590412718431,46.756691778588255],[-114.767301,46.753998],[-114.76628450429895,46.752070500591614],[-114.76639637646589,46.7507113431563],[-114.768002,46.749172],[-114.767774,46.74684],[-114.76676122454423,46.74627873054204],[-114.76723321449552,46.74054442978442],[-114.76910392299331,46.7367894977365],[-114.77139436827696,46.734111622180485],[-114.772821,46.733187],[-114.773741,46.731749],[-114.775706,46.731341],[-114.777859,46.731519],[-114.77967,46.730406],[-114.779635,46.728589],[-114.782755,46.72635],[-114.783316,46.722548],[-114.78251838738821,46.721105968181554],[-114.7885518,46.714052],[-114.7883475538387,46.71389132065944],[-114.788555,46.713661],[-114.788146,46.712122],[-114.782189,46.708026],[-114.781548,46.70678],[-114.77920895103497,46.70670203170117],[-114.76754674518035,46.69752743799352],[-114.767272,46.697195],[-114.7665022,46.6967057]]],[[[-115.7857232,46.4947723],[-115.79616,46.4948168],[-115.7866325,46.4988245],[-115.7857232,46.4947723]]],[[[-115.8155079,46.5206194],[-115.8024143,46.5205621],[-115.8023998,46.5133143],[-115.8129016,46.513352],[-115.8155079,46.5206194]]],[[[-115.6562217,46.5421067],[-115.656225,46.5313158],[-115.666651,46.5312837],[-115.6614413,46.5372286],[-115.6562217,46.5421067]]],[[[-116.488946,46.505843],[-116.4955365,46.5010209],[-116.504772,46.5046088],[-116.4949492,46.510369],[-116.488946,46.505843]]],[[[-115.8221285,46.8475724],[-115.8574084,46.8475789],[-115.8168439,46.8636094],[-115.8274385,46.8584298],[-115.8221285,46.8475724]]]]},"properties":{"objectid":56,"rangerdistrictid":"{E6BC59AF-2076-4B73-BC46-D1712908644B}","region":"01","forestnumber":"17","forestname":"Nez Perce-Clearwater National Forest","districtnumber":"53","districtname":"North Fork Ranger District","districtorgcode":"011753"}},{"type":"Feature","geometry":{"type":"MultiPolygon","coordinates":[[[[-114.6854406,46.7368712],[-114.65035363098836,46.73319681983239],[-114.64915695059221,46.73241130810746],[-114.64655318672499,46.73011140907013],[-114.64578,46.727879],[-114.646385,46.726584],[-114.644627,46.722832],[-114.641601,46.722494],[-114.638915,46.72139],[-114.638234,46.720173],[-114.633342,46.715571],[-114.631469,46.715755],[-114.630468,46.714565],[-114.62718476592205,46.71300332453151],[-114.62436958338945,46.71051667984068],[-114.624184,46.709629],[-114.621526,46.707879],[-114.62108325859832,46.70644234932924],[-114.62118498297332,46.70577148537798],[-114.623165,46.702186],[-114.62418,46.695471],[-114.623047,46.694788],[-114.6231144320706,46.69304692604631],[-114.62336180470392,46.69141552371791],[-114.62490628299277,46.68963335875772],[-114.62754166780897,46.687093941948135],[-114.631841,46.683947],[-114.641664,46.679191],[-114.640231,46.675405],[-114.642246,46.673618],[-114.64205074773527,46.67311321274687],[-114.6421809,46.6729878],[-114.64199439243308,46.672967516930065],[-114.641824,46.672527],[-114.637933,46.672385],[-114.63746929064683,46.67247540308437],[-114.63341266414723,46.67203423686058],[-114.63811095129513,46.66744403780201],[-114.639794,46.665981],[-114.6397383958657,46.66587904757489],[-114.6399327,46.6656922],[-114.6356772,46.6593675],[-114.61627838265872,46.65559124526408],[-114.61472945124059,46.65481075763838],[-114.61475033078717,46.6540116414082],[-114.615298,46.652739],[-114.61479273283724,46.652388801264046],[-114.61499233695218,46.64474941660771],[-114.616354,46.643646],[-114.61508990699538,46.64101514945002],[-114.6151116,46.6401849],[-114.61457120654218,46.639935621782676],[-114.61415,46.639059],[-114.60710151400909,46.63648992566686],[-114.6056295,46.6358109],[-114.59684638799094,46.634804278283774],[-114.592343,46.632837],[-114.59053998244381,46.63408150886349],[-114.583385,46.633227],[-114.56400773733927,46.64109304334065],[-114.563335,46.640835],[-114.561582,46.642043],[-114.55538167843022,46.64459531595856],[-114.547033,46.64468],[-114.54232,46.649647],[-114.541304,46.649656],[-114.538373,46.647609],[-114.532848,46.646023],[-114.528513,46.642311],[-114.521384,46.640175],[-114.50857,46.639391],[-114.50354348496815,46.64073017352746],[-114.49961184561467,46.639777145111246],[-114.498007,46.637655],[-114.492625,46.636243],[-114.487385,46.633128],[-114.481017,46.631887],[-114.467095,46.631764],[-114.4668476,46.6318351],[-114.4526119,46.6416437],[-114.4534868,46.6491511],[-114.449379,46.649423],[-114.440394,46.653169],[-114.436839,46.655744],[-114.42444506114856,46.660639680719086],[-114.4131,46.656774],[-114.4121059264358,46.65707895103578],[-114.4116958,46.6569606],[-114.38682066174626,46.663489762350245],[-114.384842,46.662644],[-114.382809,46.662794],[-114.38011784229487,46.66524910117105],[-114.36958374750552,46.66801406329472],[-114.360989,46.66891],[-114.358528,46.670697],[-114.357946,46.670638],[-114.357919,46.668695],[-114.352898,46.663527],[-114.344368,46.662024],[-114.3434396093167,46.66208202441771],[-114.32209227041699,46.649107243179905],[-114.32163570716017,46.648360616491416],[-114.3280618,46.6197481],[-114.3274766287328,46.618847018832525],[-114.327099,46.617164],[-114.32255350553771,46.61126610390243],[-114.32510799555743,46.608496403005645],[-114.3442121,46.5899928],[-114.33729267836495,46.583578616783946],[-114.33371,46.578999],[-114.33105142429126,46.57779308307347],[-114.32992891238156,46.5767525341041],[-114.33010388251631,46.57617208425376],[-114.33720786274695,46.5664026846991],[-114.339533,46.564039],[-114.34010349467395,46.5624206092513],[-114.3479553,46.5516228],[-114.349208,46.529514],[-114.347453,46.526027],[-114.3453510221763,46.524420042413425],[-114.34215848194346,46.519919804839084],[-114.34242943291865,46.51921087361664],[-114.35817936135379,46.50547095019883],[-114.35918905509028,46.505104344500324],[-114.35997294988087,46.50499548505391],[-114.361674,46.505409],[-114.36833,46.504968],[-114.369522,46.503702],[-114.36970112509161,46.50364453364979],[-114.3775438696542,46.50255541194408],[-114.383134,46.504853],[-114.394776,46.503204],[-114.396258,46.502057],[-114.399919,46.502193],[-114.40255,46.500207],[-114.40270768234508,46.4990609140191],[-114.4032709,46.4989827],[-114.40302176975716,46.49677802572492],[-114.403396,46.494058],[-114.40244000635722,46.49162971941181],[-114.40123183525064,46.480938027675876],[-114.401199,46.479094],[-114.400913,46.4781165],[-114.396139,46.473376],[-114.394655,46.469426],[-114.38842181861138,46.4677058369717],[-114.37983896059606,46.46055253098428],[-114.3807428814663,46.45678758793084],[-114.38370480277378,46.44928221656738],[-114.384477,46.44781],[-114.3843901153538,46.447545666241055],[-114.3845596,46.4471162],[-114.38416784705474,46.446869447627705],[-114.384052,46.446517],[-114.38228170220178,46.44568142665023],[-114.36868329966764,46.43711623747858],[-114.36872060811358,46.43689528011099],[-114.3707895721394,46.43623967558866],[-114.376813,46.435433],[-114.381377,46.433879],[-114.38204872064246,46.43267192449003],[-114.3828428,46.4324203],[-114.38297937852634,46.43099954125689],[-114.384899,46.42755],[-114.38395760243648,46.42082356257042],[-114.38467231255756,46.41338878727663],[-114.38503,46.411229],[-114.38682195221692,46.410070208340024],[-114.393233,46.409302],[-114.399083,46.405083],[-114.401216,46.401569],[-114.406125,46.40139],[-114.409779,46.399392],[-114.41041,46.396121],[-114.416135,46.392794],[-114.4224476,46.3872306],[-114.41092522387017,46.362607350885966],[-114.413632,46.346728],[-114.414259,46.335483],[-114.41775,46.33206],[-114.421366,46.330703],[-114.422514,46.324052],[-114.430866,46.311547],[-114.431542,46.308458],[-114.4333932,46.3055705],[-114.43268179542329,46.30396119403509],[-114.432638,46.303141],[-114.43160090342556,46.3015160510091],[-114.43030561167664,46.29858590295253],[-114.428614,46.292468],[-114.42578057395986,46.288349575513024],[-114.42552990223678,46.2877825177341],[-114.427407,46.286231],[-114.42738704715386,46.285700213572426],[-114.4355703,46.276571],[-114.490955,46.2739584],[-114.5066739,46.2859491],[-114.5246681,46.2792931],[-114.5653607,46.2904459],[-114.5967211,46.2742703],[-114.6697831,46.2809501],[-114.7097735,46.2476926],[-114.745695,46.2429528],[-114.7497316,46.2641381],[-114.7591396,46.2708302],[-114.7524913,46.2797989],[-114.7648865,46.3181131],[-114.7916492,46.3328626],[-114.8093543,46.3287483],[-114.8211561,46.3479192],[-114.8560688,46.3421803],[-114.8806531,46.3745173],[-114.9330218,46.3561081],[-114.9384178,46.3636666],[-114.9668583,46.360981],[-114.9790252,46.3377424],[-115.0138655,46.331927],[-115.0261275,46.3139681],[-115.0567219,46.3214944],[-115.1124405,46.3085768],[-115.1393127,46.2790288],[-115.1567325,46.276314],[-115.161251,46.2615274],[-115.1981042,46.2595222],[-115.2102826,46.2457451],[-115.1886644,46.2345053],[-115.1773595,46.2136069],[-115.2004666,46.2007965],[-115.1996511,46.1797408],[-115.2163973,46.169545],[-115.2258593,46.1798536],[-115.2462202,46.1760097],[-115.2597727,46.1887182],[-115.2811183,46.188645],[-115.3975907,46.13655],[-115.4274501,46.1391245],[-115.4762844,46.1584524],[-115.5218522,46.1355665],[-115.6837923,46.136778],[-115.7267584,46.1506863],[-115.7610782,46.130324],[-115.7652869,46.1169412],[-115.7808717,46.114391],[-115.8155423,46.142198],[-115.8758097,46.1352368],[-115.902108,46.1389534],[-115.9046924,46.1462701],[-115.9332539,46.1462737],[-115.9381993,46.131741],[-115.9691979,46.1353078],[-115.9692433,46.1408147],[-115.9486054,46.1390484],[-115.9408752,46.1572983],[-115.9061605,46.1572075],[-115.8916871,46.1461937],[-115.8679361,46.1424329],[-115.8314331,46.1531198],[-115.7889913,46.1383137],[-115.7782013,46.1235932],[-115.7650788,46.1294669],[-115.7646921,46.4467341],[-115.6551696,46.4592752],[-115.6295513,46.4734653],[-115.6056256,46.4565388],[-115.608828,46.4427961],[-115.5907644,46.4398989],[-115.5888205,46.4303501],[-115.5731156,46.4345275],[-115.5655244,46.4236245],[-115.5217596,46.4337977],[-115.5072401,46.4464072],[-115.4534265,46.4133732],[-115.3939867,46.4138409],[-115.3847277,46.4233405],[-115.3508186,46.4119035],[-115.2970991,46.4221592],[-115.2458488,46.4542073],[-115.2328486,46.4559511],[-115.2229682,46.4414341],[-115.1713407,46.4700498],[-115.1462192,46.4990389],[-115.1578559,46.5179825],[-115.1871955,46.5205484],[-115.2317839,46.5619433],[-115.2301861,46.5809799],[-115.2165151,46.5986498],[-115.2266216,46.6146283],[-115.215554,46.6251297],[-115.1635805,46.6458791],[-115.139279,46.6247782],[-115.1456372,46.61149],[-115.1315794,46.5983647],[-115.0862353,46.6016737],[-115.058452,46.6238936],[-114.9633685,46.6047624],[-114.9186528,46.6243325],[-114.9108001,46.6457705],[-114.8549693,46.637636],[-114.8259935,46.6668776],[-114.7785443,46.6616368],[-114.7834146,46.6748798],[-114.7686175,46.6833667],[-114.7665728,46.696891],[-114.76260893705941,46.697286261347635],[-114.760782,46.696734],[-114.75256,46.697156],[-114.74883649264933,46.69865959716155],[-114.7481796,46.6987251],[-114.74269383233019,46.7077237276422],[-114.741682,46.708613],[-114.74180632786461,46.709179553462256],[-114.74034839612247,46.711571084723694],[-114.73980454123239,46.71192072251943],[-114.72227169177167,46.71433103705129],[-114.717421,46.714031],[-114.713923,46.715061],[-114.71319109419512,46.715579384979314],[-114.7126898,46.7156483],[-114.7124244397028,46.716122381319146],[-114.710766,46.717297],[-114.71019834713279,46.72009942277274],[-114.708056,46.723358],[-114.70812336717856,46.72380649291193],[-114.70520026453599,46.72902878264921],[-114.703382,46.729994],[-114.700022,46.733735],[-114.701193,46.734873],[-114.70087161194377,46.736762167607885],[-114.69939102337284,46.73940732360975],[-114.69884968428427,46.74011618967956],[-114.69350314599026,46.73882233088819],[-114.689444,46.736587],[-114.6854406,46.7368712]]],[[[-115.9783291,46.1451377],[-115.9772322,46.1468792],[-115.9773447,46.1450685],[-115.9783291,46.1451377]]],[[[-116.0319395,46.2273522],[-116.035384,46.2290506],[-116.0319438,46.229072],[-116.0319395,46.2273522]]],[[[-115.7755216,46.2723804],[-115.775524,46.2729872],[-115.7734832,46.2719412],[-115.7755216,46.2723804]]],[[[-115.8283192,46.2720979],[-115.8280855,46.2803608],[-115.8176021,46.2803459],[-115.8174183,46.270595],[-115.8283192,46.2720979]]],[[[-115.8804278,46.2838885],[-115.8806124,46.2878583],[-115.8700925,46.2840452],[-115.8804278,46.2838885]]],[[[-115.9119747,46.2914336],[-115.9119948,46.2950863],[-115.8962591,46.2950872],[-115.9014807,46.2903769],[-115.9119747,46.2914336]]],[[[-116.0382138,46.3412025],[-116.0382657,46.3470286],[-116.0278337,46.3470346],[-116.032683,46.3397816],[-116.0382138,46.3412025]]]]},"properties":{"objectid":57,"rangerdistrictid":"{91D61FE9-C36E-4122-8AAC-18D684D28E60}","region":"01","forestnumber":"17","forestname":"Nez Perce-Clearwater National Forest","districtnumber":"55","districtname":"Lochsa/Powell Ranger District","districtorgcode":"011755"}},{"type":"Feature","geometry":{"type":"Polygon","coordinates":[[[-111.047072,42.4478788],[-111.0467957,42.5145557],[-111.04670508122419,42.51451075195568],[-111.0469029898225,42.44787869470733],[-111.047072,42.4478788]]]},"properties":{"objectid":63,"rangerdistrictid":"{EE2B6393-0752-4365-AE7B-6B37C58EE97B}","region":"04","forestnumber":"03","forestname":"Bridger-Teton National Forest","districtnumber":"01","districtname":"Kemmerer Ranger District","districtorgcode":"040301"}},{"type":"Feature","geometry":{"type":"MultiPolygon","coordinates":[[[[-116.0070702,43.7854216],[-115.9788872,43.7654288],[-115.9514061,43.7254851],[-115.9183174,43.7367423],[-115.8603722,43.729708],[-115.865873,43.7006858],[-115.8216453,43.6994384],[-115.7451378,43.7409881],[-115.7404609,43.7210944],[-115.6731667,43.6883036],[-115.6346855,43.7134772],[-115.6045054,43.7225579],[-115.5777107,43.7432502],[-115.5807777,43.7535079],[-115.5547233,43.7581504],[-115.5334356,43.7755339],[-115.4757896,43.778086],[-115.4389398,43.7916067],[-115.4294101,43.7860648],[-115.4002752,43.8038845],[-115.3809942,43.8032124],[-115.3778663,43.7948707],[-115.3481803,43.7834419],[-115.3451743,43.769915],[-115.3173728,43.7466987],[-115.2846656,43.7581504],[-115.271543,43.750872],[-115.2507834,43.75997],[-115.2326331,43.7564186],[-115.2015509,43.7033638],[-115.1648993,43.6976646],[-115.1685614,43.6692222],[-115.2349362,43.6298711],[-115.2368742,43.6018126],[-115.2039236,43.5728172],[-115.1682791,43.5837463],[-115.168775,43.5696052],[-115.152883,43.5587562],[-115.1531607,43.5415456],[-115.1752136,43.5117267],[-115.1655896,43.4851365],[-115.1749324,43.4726082],[-115.1674474,43.4535436],[-115.1823862,43.4297499],[-115.1494809,43.4144821],[-115.1356713,43.3762418],[-115.1406027,43.3699831],[-115.1261807,43.3656092],[-115.1261462,43.3575399],[-115.2045237,43.3578582],[-115.2043563,43.299797],[-115.2840933,43.2998605],[-115.2839924,43.2852907],[-115.3430294,43.2853105],[-115.3428493,43.2128371],[-115.3626813,43.2128354],[-115.3627311,43.2273014],[-115.4023769,43.2273174],[-115.4025197,43.2562606],[-115.4412905,43.2562469],[-115.4414121,43.2852497],[-115.4809904,43.2851335],[-115.4810048,43.3140532],[-115.5592387,43.3137042],[-115.5591928,43.3425579],[-115.6187181,43.3429519],[-115.6187538,43.3705277],[-115.736665,43.3708812],[-115.7367822,43.385256],[-115.7564704,43.3853089],[-115.7567409,43.4142106],[-115.7860742,43.414355],[-115.7865916,43.457921],[-115.8158838,43.4580459],[-115.8159393,43.4725297],[-115.8854944,43.4728129],[-115.8855166,43.4873029],[-115.9153162,43.4873883],[-115.9153101,43.5018247],[-115.9452427,43.5019581],[-115.9462525,43.5892417],[-115.956075,43.5891934],[-115.9560848,43.6036357],[-116.0748491,43.6035598],[-116.0741355,43.6471233],[-116.0947474,43.6472743],[-116.0947446,43.6613969],[-116.1147443,43.6616474],[-116.1147131,43.6758154],[-116.134628,43.675864],[-116.1345965,43.7054277],[-116.1533589,43.7056007],[-116.1529957,43.7197351],[-116.193231,43.7199042],[-116.1939828,43.8072899],[-116.0977703,43.8073356],[-116.0996987,43.8021758],[-116.0852944,43.7984641],[-116.0878045,43.7717612],[-116.0070702,43.7854216]],[[-115.5393683,43.370414],[-115.5492712,43.3704145],[-115.5394126,43.3632262],[-115.5393683,43.370414]],[[-115.549832,43.3993703],[-115.5447814,43.3921485],[-115.53984,43.3957889],[-115.549832,43.3993703]],[[-115.6585004,43.5659105],[-115.6734374,43.5659014],[-115.6634764,43.5622865],[-115.6585004,43.5659105]],[[-115.6969884,43.5441331],[-115.7069054,43.5441472],[-115.7001637,43.5335936],[-115.6969884,43.5441331]],[[-115.5933488,43.4138308],[-115.5884196,43.4066068],[-115.5784738,43.4102924],[-115.5933488,43.4138308]],[[-115.3112484,43.471826],[-115.3209889,43.4718673],[-115.3210324,43.4573574],[-115.3137231,43.4603472],[-115.3112484,43.471826]],[[-115.5983159,43.4427624],[-115.608308,43.4428613],[-115.6082723,43.4283483],[-115.5982457,43.4318737],[-115.5983159,43.4427624]],[[-115.5199733,43.4976477],[-115.5399008,43.4976491],[-115.5398616,43.4867737],[-115.5199564,43.4867725],[-115.5199733,43.4976477]],[[-115.3114241,43.4211233],[-115.3115056,43.4428642],[-115.3409881,43.4428239],[-115.340984,43.4137763],[-115.331038,43.4137971],[-115.3114241,43.4211233]],[[-115.3162495,43.479033],[-115.3114812,43.4844798],[-115.291461,43.4790552],[-115.2963507,43.4573439],[-115.2816833,43.4428362],[-115.2866357,43.4247263],[-115.2717857,43.4194144],[-115.2907426,43.4137878],[-115.2618614,43.4139552],[-115.2616975,43.5296383],[-115.3014053,43.529689],[-115.3013638,43.5152445],[-115.3209585,43.5152469],[-115.3162496,43.484479],[-115.3162495,43.479033]]],[[[-115.3087627,43.4862878],[-115.3083725,43.4885051],[-115.307268,43.4862862],[-115.3087627,43.4862878]]],[[[-115.3096279,43.4862893],[-115.3162562,43.4862953],[-115.3113468,43.4899127],[-115.3096279,43.4862893]]],[[[-115.9858363,43.5791157],[-116.0007268,43.567474],[-115.9956257,43.5885035],[-115.9858363,43.5791157]]]]},"properties":{"objectid":166,"rangerdistrictid":"{E5E6CF58-E383-4435-A10A-3DD8E9E8E584}","region":"04","forestnumber":"02","forestname":"Boise National Forest","districtnumber":"01","districtname":"Mountain Home Ranger District","districtorgcode":"040201"}},{"type":"Feature","geometry":{"type":"MultiPolygon","coordinates":[[[[-115.7502495,44.0471252],[-115.7412163,44.040953],[-115.739103,44.0253547],[-115.6967293,44.0201476],[-115.6961037,43.9906905],[-115.6867424,43.9829009],[-115.6955849,43.9651817],[-115.6887642,43.9619239],[-115.6721626,43.9788345],[-115.6727272,43.9929488],[-115.6517387,43.9978736],[-115.6404701,44.0172981],[-115.5957085,44.0390113],[-115.5621086,44.0343841],[-115.5287682,44.0422653],[-115.5005089,44.0328659],[-115.467527,44.0500206],[-115.4354683,44.0473007],[-115.413816,44.0541328],[-115.4050422,44.0689109],[-115.384954,44.0623344],[-115.3705879,44.0435203],[-115.3337837,44.0318664],[-115.337812,44.0200981],[-115.3314338,44.0148643],[-115.3047462,44.0179809],[-115.2904792,44.0422271],[-115.2698417,44.0483268],[-115.258039,44.0435165],[-115.2466368,44.0202304],[-115.2569289,44.0000659],[-115.2265067,43.9720749],[-115.2330336,43.9584361],[-115.1940955,43.9488159],[-115.2027862,43.8952821],[-115.1907239,43.8828466],[-115.1771071,43.8819992],[-115.1906976,43.8508107],[-115.1839735,43.8427996],[-115.1469511,43.8484889],[-115.1431975,43.8396044],[-115.1306052,43.8399185],[-115.1281616,43.8226843],[-115.0585612,43.8218368],[-115.0571722,43.7836937],[-115.035459,43.7639946],[-115.0422491,43.744513],[-115.0293784,43.7284454],[-115.0330252,43.7165817],[-115.0972647,43.7038635],[-115.1077475,43.7122749],[-115.1343817,43.693827],[-115.2015509,43.7033638],[-115.228559,43.7543128],[-115.2504782,43.7600006],[-115.271543,43.750872],[-115.2846656,43.7581504],[-115.3173728,43.7466987],[-115.3451743,43.769915],[-115.3481803,43.7834419],[-115.3778663,43.7948707],[-115.3809942,43.8032124],[-115.4004116,43.8038414],[-115.4294101,43.7860648],[-115.4389398,43.7916067],[-115.4757896,43.778086],[-115.5334356,43.7755339],[-115.5547233,43.7581504],[-115.5807777,43.7535079],[-115.5777107,43.7432502],[-115.6045054,43.7225579],[-115.6346855,43.7134772],[-115.6731667,43.6883036],[-115.7404609,43.7210944],[-115.7451378,43.7409881],[-115.8216453,43.6994384],[-115.865873,43.7006858],[-115.8603722,43.729708],[-115.9183174,43.7367423],[-115.9514061,43.7254851],[-115.9788872,43.7654288],[-116.0070702,43.7854216],[-116.0886742,43.7717688],[-116.0852944,43.7984641],[-116.1007592,43.8032401],[-116.0983449,43.9226208],[-116.0783666,43.9224991],[-116.0767537,43.9797719],[-116.0381583,43.9797706],[-116.0358483,43.9960692],[-116.021711,43.9835608],[-115.9945363,43.9799644],[-116.0186168,43.9798833],[-116.0187605,43.9517842],[-115.9790992,43.9516415],[-115.978711,43.9755655],[-115.9671227,43.9832099],[-115.9152276,43.9840224],[-115.9123284,43.9958785],[-115.8469521,44.0119346],[-115.8425042,44.0231116],[-115.7962624,44.0471709],[-115.7502495,44.0471252]],[[-115.8405863,43.9653373],[-115.840683,43.9794309],[-115.8603485,43.9795252],[-115.8604141,43.9653901],[-115.8405863,43.9653373]],[[-115.9591384,43.9373678],[-115.9388759,43.9372091],[-115.9387874,43.9516169],[-115.9590752,43.9517292],[-115.9591384,43.9373678]],[[-115.8801715,43.9226585],[-115.8999988,43.9227462],[-115.8999759,43.9083353],[-115.8801449,43.9082647],[-115.8801715,43.9226585]],[[-115.8608712,43.8366421],[-115.8610779,43.8222536],[-115.8210592,43.822209],[-115.8208772,43.8511489],[-115.8360545,43.8510135],[-115.836214,43.8365035],[-115.8608712,43.8366421]]],[[[-115.8341836,43.8284519],[-115.8371434,43.8290545],[-115.8345365,43.8310891],[-115.8341836,43.8284519]]],[[[-115.8438524,43.829646],[-115.8412983,43.8296393],[-115.8438735,43.8292736],[-115.8438524,43.829646]]]]},"properties":{"objectid":167,"rangerdistrictid":"{F8F5068E-14A6-4522-BABE-BA87A98A92D2}","region":"04","forestnumber":"02","forestname":"Boise National Forest","districtnumber":"03","districtname":"Idaho City Ranger District","districtorgcode":"040203"}},{"type":"Feature","geometry":{"type":"MultiPolygon","coordinates":[[[[-115.4779794,44.9701409],[-115.4755151,44.9616188],[-115.4390543,44.96007],[-115.4588449,44.9443535],[-115.4555566,44.9294648],[-115.4244592,44.8938889],[-115.3995416,44.8957581],[-115.3958947,44.8722557],[-115.3756539,44.8526673],[-115.3825967,44.8261704],[-115.3772027,44.8114876],[-115.3950555,44.7979531],[-115.3896157,44.7760262],[-115.4058219,44.7695337],[-115.4240167,44.7785019],[-115.4344156,44.7691022],[-115.4309442,44.7447342],[-115.4130685,44.730883],[-115.4136178,44.7164025],[-115.4494683,44.6601051],[-115.445913,44.6381477],[-115.4182183,44.6364922],[-115.4053215,44.615766],[-115.4137322,44.6048874],[-115.4363534,44.6065354],[-115.441694,44.5986466],[-115.4668939,44.6048759],[-115.4792535,44.5951523],[-115.4694421,44.5777039],[-115.4895303,44.5755028],[-115.4855782,44.5596565],[-115.5064523,44.5536293],[-115.5039193,44.5300926],[-115.4876992,44.5197319],[-115.4977929,44.5032219],[-115.524244,44.5031799],[-115.524511,44.5229401],[-115.5435387,44.5228371],[-115.5398614,44.5319771],[-115.5600411,44.5469536],[-115.6013619,44.543631],[-115.6284768,44.5050911],[-115.6431405,44.5021004],[-115.6667306,44.4797615],[-115.703016,44.4659485],[-115.7372872,44.4658989],[-115.7678201,44.4386734],[-115.780729,44.4388755],[-115.8063562,44.4202674],[-115.8195016,44.4204315],[-115.8575113,44.4471534],[-115.8693521,44.4426292],[-115.8933542,44.4180664],[-115.8995035,44.3963378],[-115.9287698,44.3819679],[-115.945028,44.3536971],[-115.9583918,44.3463422],[-115.9587086,44.4103753],[-115.9184542,44.4101837],[-115.9186304,44.439239],[-115.8986386,44.4391574],[-115.8986005,44.4537011],[-115.8580686,44.4535946],[-115.8581556,44.4986766],[-115.887095,44.498691],[-115.8870672,44.5204391],[-115.8668623,44.520422],[-115.8668591,44.5276703],[-115.8769634,44.5276828],[-115.876964,44.5421712],[-115.8466133,44.5421641],[-115.846647,44.5565648],[-115.8668232,44.5566321],[-115.8718387,44.5891973],[-115.9273418,44.6000985],[-115.9274237,44.5856541],[-115.9071961,44.585615],[-115.9071777,44.5711536],[-115.9072639,44.5566595],[-115.9274559,44.5565996],[-115.9274504,44.527665],[-115.9831472,44.5277621],[-115.983186,44.5422504],[-115.9679305,44.5422001],[-115.9679665,44.556666],[-115.9883211,44.5567515],[-115.9883786,44.571255],[-116.0085259,44.5712664],[-116.0085239,44.5784984],[-115.9984107,44.578486],[-115.9983688,44.5857701],[-115.9677413,44.5857063],[-115.9677706,44.6146177],[-115.9576623,44.6145913],[-115.9526251,44.6290311],[-115.9273467,44.6289592],[-115.9273277,44.6730468],[-115.8971338,44.6730384],[-115.9022841,44.6875737],[-115.8870561,44.6875461],[-115.8870712,44.6948092],[-115.9055727,44.698486],[-115.8999308,44.7305931],[-115.8761652,44.744677],[-115.8253763,44.7436966],[-115.8165796,44.7576202],[-115.7980832,44.7582859],[-115.784498,44.748011],[-115.7616251,44.750338],[-115.7262628,44.7751182],[-115.7045267,44.7490715],[-115.6197641,44.7505287],[-115.6205881,44.7712311],[-115.609556,44.7714752],[-115.6113946,44.7859711],[-115.621557,44.7942413],[-115.6050317,44.8092255],[-115.6043451,44.8259071],[-115.573446,44.8481049],[-115.5863397,44.8699516],[-115.5793817,44.9248184],[-115.5887201,44.9476227],[-115.4904688,44.969748],[-115.4779794,44.9701409]]],[[[-116.039522,44.513264],[-116.0389648,44.5127061],[-116.0401023,44.5124423],[-116.039522,44.513264]]],[[[-116.1394374,44.6547304],[-116.1497719,44.6000268],[-116.1697965,44.6000238],[-116.1697455,44.5857102],[-116.149575,44.5855919],[-116.1445933,44.5928914],[-116.1345809,44.5496449],[-116.1145005,44.546015],[-116.1145236,44.5387532],[-116.0893465,44.5206213],[-116.0844321,44.4988852],[-116.0974664,44.4988582],[-116.0974159,44.4683076],[-116.0772671,44.4683473],[-116.0772768,44.4539091],[-116.0571074,44.4539013],[-116.0571597,44.4394855],[-116.0370838,44.4395827],[-116.0371665,44.4250932],[-116.0571298,44.4249873],[-116.0572144,44.3664678],[-116.0975561,44.3664709],[-116.097563,44.3589547],[-116.1194666,44.3674033],[-116.1317499,44.3965858],[-116.1458643,44.4066146],[-116.1466196,44.4274085],[-116.1229303,44.472689],[-116.1584867,44.5004128],[-116.1749807,44.5748599],[-116.1849497,44.5871453],[-116.1701284,44.6209637],[-116.168869,44.641267],[-116.1776435,44.6519419],[-116.1646972,44.673356],[-116.1291486,44.6733045],[-116.129156,44.658021],[-116.1394374,44.6547304]]],[[[-116.1694384,44.760388],[-116.159255,44.7603298],[-116.1600223,44.7315282],[-116.1492308,44.731215],[-116.1494292,44.7203557],[-116.1345112,44.7202624],[-116.1343439,44.7085365],[-116.1213664,44.7078073],[-116.1293926,44.6986479],[-116.1496514,44.6987616],[-116.1496791,44.687891],[-116.1633282,44.6879118],[-116.157606,44.7035883],[-116.1833622,44.7258488],[-116.1765809,44.7453716],[-116.2063121,44.7671684],[-116.2111353,44.7810849],[-116.2049202,44.7893715],[-116.1896493,44.7894603],[-116.1900597,44.7749351],[-116.1692978,44.7746515],[-116.1694384,44.760388]]]]},"properties":{"objectid":168,"rangerdistrictid":"{04A04D61-6476-4441-897F-9BC1589798CE}","region":"04","forestnumber":"02","forestname":"Boise National Forest","districtnumber":"04","districtname":"Cascade Ranger District","districtorgcode":"040204"}},{"type":"Feature","geometry":{"type":"Polygon","coordinates":[[[-115.5398614,44.5319771],[-115.5435387,44.5228371],[-115.524511,44.5229401],[-115.5274636,44.4939331],[-115.5489785,44.4675049],[-115.5145623,44.4393066],[-115.4983392,44.4360048],[-115.4983439,44.423663],[-115.4694026,44.4235782],[-115.4341332,44.4402183],[-115.4234444,44.4544624],[-115.3998238,44.4495987],[-115.3813219,44.4626259],[-115.3903023,44.4496368],[-115.3861824,44.4296402],[-115.3734337,44.4221787],[-115.3828549,44.4154959],[-115.3771874,44.4096054],[-115.3324715,44.431414],[-115.3073784,44.423613],[-115.2735573,44.4262528],[-115.2507607,44.4373573],[-115.2388512,44.4071143],[-115.2464577,44.3878083],[-115.2735725,44.3588586],[-115.2845359,44.3578171],[-115.2931114,44.3338112],[-115.2615486,44.3287453],[-115.2385841,44.3068985],[-115.2134834,44.304812],[-115.2027793,44.2824883],[-115.1754127,44.2932915],[-115.1660743,44.2767014],[-115.1673484,44.2575935],[-115.1565071,44.2466339],[-115.1747756,44.2355395],[-115.1627288,44.2138186],[-115.1690688,44.2059413],[-115.1393028,44.1800522],[-115.1789412,44.1620303],[-115.1680274,44.1347336],[-115.1738487,44.1134323],[-115.1820121,44.1110138],[-115.1813484,44.092585],[-115.2356773,44.0962585],[-115.2204948,44.0745605],[-115.2292571,44.0635882],[-115.2484565,44.0562385],[-115.2538505,44.0437683],[-115.2698417,44.0483268],[-115.2961402,44.0392593],[-115.3052574,44.0177597],[-115.3330589,44.0153373],[-115.3337837,44.0318664],[-115.3705879,44.0435203],[-115.384954,44.0623344],[-115.4053016,44.0689033],[-115.413816,44.0541328],[-115.4354683,44.0473007],[-115.467527,44.0500206],[-115.5005089,44.0328659],[-115.5287682,44.0422653],[-115.5621086,44.0343841],[-115.5962502,44.0388549],[-115.6404701,44.0172981],[-115.6517387,43.9978736],[-115.6727272,43.9929488],[-115.6721626,43.9788345],[-115.6928536,43.962374],[-115.6867424,43.9829009],[-115.6961037,43.9906905],[-115.6985756,44.0167869],[-115.6844383,44.0422538],[-115.6677834,44.0468925],[-115.6478554,44.0684951],[-115.6667153,44.0828689],[-115.7060601,44.095034],[-115.7107979,44.1532462],[-115.7297112,44.1762527],[-115.7533547,44.174578],[-115.7687127,44.1866248],[-115.764074,44.2139839],[-115.7542931,44.2195304],[-115.7673394,44.2389053],[-115.7647301,44.2652572],[-115.7576196,44.2751983],[-115.7343804,44.281443],[-115.7486703,44.3077529],[-115.719587,44.3431648],[-115.7324502,44.3628982],[-115.7192437,44.3839515],[-115.6889703,44.3856033],[-115.6883675,44.39757],[-115.6728875,44.4130157],[-115.6833932,44.4200081],[-115.6793267,44.4294571],[-115.6353051,44.4363311],[-115.6343514,44.449778],[-115.6435525,44.4506057],[-115.6483666,44.4612068],[-115.6086862,44.4877724],[-115.6293466,44.5106338],[-115.6090447,44.5268463],[-115.601545,44.5435432],[-115.5607812,44.5472244],[-115.5398614,44.5319771]]]},"properties":{"objectid":169,"rangerdistrictid":"{3A6B2FFB-1E48-4022-AE69-E56B8D7DC5D1}","region":"04","forestnumber":"02","forestname":"Boise National Forest","districtnumber":"05","districtname":"Lowman Ranger District","districtorgcode":"040205"}},{"type":"Feature","geometry":{"type":"MultiPolygon","coordinates":[[[[-115.6091134,44.4949859],[-115.6093423,44.4856209],[-115.6486794,44.4601883],[-115.6343514,44.449778],[-115.6367318,44.4343399],[-115.6801812,44.42882],[-115.6833932,44.4200081],[-115.6728875,44.4130157],[-115.6883675,44.39757],[-115.6889703,44.3856033],[-115.715696,44.3859275],[-115.7324502,44.3628982],[-115.719587,44.3431648],[-115.7486703,44.3077529],[-115.7343804,44.281443],[-115.7623879,44.2711929],[-115.7673394,44.2389053],[-115.7542931,44.2195304],[-115.764074,44.2139839],[-115.7687127,44.1866248],[-115.7533547,44.174578],[-115.7297112,44.1762527],[-115.7101647,44.152037],[-115.7068611,44.0959228],[-115.6627098,44.0808433],[-115.6493355,44.0653938],[-115.6677834,44.0468925],[-115.6844383,44.0422538],[-115.6967293,44.0201476],[-115.739103,44.0253547],[-115.7412163,44.040953],[-115.7502495,44.0471252],[-115.7996193,44.0478156],[-115.8425042,44.0231116],[-115.8469521,44.0119346],[-115.9123284,43.9958785],[-115.9155633,43.9839347],[-115.9668557,43.9833472],[-115.9766289,43.9749473],[-116.0025155,43.9852965],[-116.021711,43.9835608],[-116.0381407,43.9959614],[-116.0379446,44.0641563],[-115.9790312,44.0641961],[-115.9787382,44.0232566],[-115.9587809,44.0233917],[-115.9586192,44.0450777],[-115.9385566,44.0451697],[-115.9389079,44.0641967],[-115.9185099,44.0642831],[-115.9179976,44.1068014],[-115.9179582,44.1486255],[-115.9376122,44.1486189],[-115.9380512,44.1773096],[-115.9380748,44.1921671],[-115.9182591,44.1922776],[-115.9182441,44.206833],[-115.9481918,44.2064799],[-115.94814,44.1921107],[-115.9983094,44.192023],[-115.99828,44.1775527],[-116.018423,44.1774835],[-116.0183877,44.1630335],[-116.0282643,44.1630517],[-116.0282411,44.1485547],[-116.0369516,44.1484328],[-116.036981,44.2643559],[-115.9983835,44.2643991],[-115.9983837,44.2788389],[-115.978279,44.2788763],[-115.9782296,44.3230366],[-115.95829,44.3230481],[-115.9583918,44.3463422],[-115.945028,44.3536971],[-115.9287698,44.3819679],[-115.8995035,44.3963378],[-115.8933542,44.4180664],[-115.8693521,44.4426292],[-115.8575113,44.4471534],[-115.8195016,44.4204315],[-115.8063562,44.4202674],[-115.780729,44.4388755],[-115.7678201,44.4386734],[-115.7385156,44.4653724],[-115.6903283,44.4693855],[-115.6431405,44.5021004],[-115.6218698,44.5032181],[-115.6091134,44.4949859]]],[[[-116.1931513,44.4936889],[-116.1761911,44.5007385],[-116.146612,44.4958556],[-116.1236399,44.4753364],[-116.1290338,44.4518493],[-116.1466196,44.4274085],[-116.1458643,44.4066146],[-116.1317499,44.3965858],[-116.1194666,44.3674033],[-116.097563,44.3589547],[-116.0975694,44.3519913],[-116.1177048,44.3520013],[-116.1173121,44.2833571],[-116.1527939,44.2941873],[-116.1526437,44.2652374],[-116.1372448,44.2652637],[-116.1373238,44.2507902],[-116.1931432,44.2522969],[-116.1931571,44.2378571],[-116.2132163,44.2378356],[-116.2133263,44.1944322],[-116.1932765,44.1944801],[-116.1932338,44.18011],[-116.1531702,44.1801524],[-116.1530554,44.2129092],[-116.1365896,44.2093056],[-116.1366473,44.2363327],[-116.1031506,44.2363881],[-116.1165713,44.1541201],[-116.0980974,44.1478712],[-116.0983593,44.0662819],[-116.1555506,44.0660837],[-116.155542,44.0949171],[-116.1755875,44.0950144],[-116.1655394,44.1347619],[-116.2006898,44.1346453],[-116.2055991,44.1237625],[-116.2304358,44.1235145],[-116.2306874,44.1513187],[-116.2484752,44.1512982],[-116.2529145,44.2161424],[-116.2330663,44.2234369],[-116.2281185,44.2703329],[-116.2532009,44.2702448],[-116.2532245,44.3243555],[-116.2729101,44.3241416],[-116.2727947,44.3532676],[-116.2928711,44.3532461],[-116.2928123,44.3677635],[-116.3230556,44.3678242],[-116.3229503,44.3967975],[-116.3128868,44.3967716],[-116.3130371,44.4222538],[-116.2981165,44.4483779],[-116.2581385,44.4660781],[-116.2361582,44.4647239],[-116.2301539,44.4893821],[-116.213209,44.5107101],[-116.1931513,44.4936889]]]]},"properties":{"objectid":170,"rangerdistrictid":"{BC640EE3-F6D1-4A4B-B3D2-D3663C3C11EE}","region":"04","forestnumber":"02","forestname":"Boise National Forest","districtnumber":"06","districtname":"Emmett Ranger District","districtorgcode":"040206"}},{"type":"Feature","geometry":{"type":"MultiPolygon","coordinates":[[[[-111.0448505,42.6493267],[-111.04484940885793,42.64932669509848],[-111.04485556354736,42.64897587780092],[-111.0448505,42.6493267]]],[[[-111.0467957,42.5145557],[-111.04649324399581,42.535511024975],[-111.04670508339882,42.514510536375234],[-111.0467957,42.5145557]]]]},"properties":{"objectid":172,"rangerdistrictid":"{C7549351-0DFC-42FC-9230-447C0AAF3036}","region":"04","forestnumber":"03","forestname":"Bridger-Teton National Forest","districtnumber":"03","districtname":"Greys River Ranger District","districtorgcode":"040303"}},{"type":"Feature","geometry":{"type":"MultiPolygon","coordinates":[[[[-116.7021643,45.2418141],[-116.6603644,45.255044],[-116.63542,45.2588424],[-116.634357,45.2220317],[-116.61302,45.2063152],[-116.6200538,45.2015855],[-116.6169635,45.1538604],[-116.5849911,45.1526579],[-116.5637724,45.1407268],[-116.556803,45.1482577],[-116.5266476,45.1464942],[-116.5158062,45.1143516],[-116.5046673,45.1092361],[-116.5263958,45.0542663],[-116.5564937,45.0229553],[-116.5481548,45.0126594],[-116.574667,44.9809783],[-116.5510311,44.9516891],[-116.554388,44.9247535],[-116.5170879,44.9020828],[-116.5182389,44.88964],[-116.5556949,44.8896487],[-116.5556755,44.8751624],[-116.596474,44.875128],[-116.5964411,44.8461918],[-116.6161486,44.8461518],[-116.6151091,44.8174434],[-116.5952857,44.8173603],[-116.5949081,44.7883766],[-116.5339528,44.7883385],[-116.5341864,44.730876],[-116.5443648,44.7308722],[-116.5443489,44.7164006],[-116.5748304,44.7164208],[-116.5849519,44.7019077],[-116.5950978,44.7018844],[-116.6001387,44.6874108],[-116.6351084,44.6946359],[-116.6383495,44.7071746],[-116.6684169,44.7220672],[-116.675909,44.7461188],[-116.7453747,44.7906783],[-116.7599087,44.8387664],[-116.7767086,44.8492187],[-116.7899863,44.8462549],[-116.7899305,44.8679823],[-116.7797268,44.8679681],[-116.7796725,44.8824593],[-116.7593015,44.8824153],[-116.7593073,44.9042972],[-116.8000773,44.9042567],[-116.8000414,44.9332289],[-116.7590723,44.9329997],[-116.7591525,44.9764447],[-116.7998425,44.9765993],[-116.7996741,45.0198437],[-116.8309791,45.0197977],[-116.83105301055268,45.03496134879368],[-116.826133,45.037285],[-116.814589,45.048106],[-116.808576,45.050652],[-116.797329,45.060267],[-116.78371,45.076972],[-116.78384038710291,45.07969488476475],[-116.775314189399,45.10494041754315],[-116.774847,45.105536],[-116.77107958469676,45.10710905065819],[-116.7567578,45.1115554],[-116.75560105210431,45.11357197388873],[-116.754643,45.113972],[-116.75415034564243,45.11610100962949],[-116.75053591853309,45.1224020881606],[-116.748564,45.122945],[-116.746607,45.124878],[-116.74586177906832,45.1305505772411],[-116.7441845,45.1334746],[-116.73929870154754,45.13628735746027],[-116.734021,45.138289],[-116.731216,45.139934],[-116.729607,45.142091],[-116.728757,45.144381],[-116.72850759578739,45.14660595313651],[-116.71782967624439,45.185197363271804],[-116.709536,45.203015],[-116.708546,45.207356],[-116.70950945894558,45.21526772640769],[-116.70724621901883,45.22344737412798],[-116.704217,45.227972],[-116.70348441644062,45.237043024999785],[-116.7021643,45.2418141]]],[[[-116.3515995,44.9046033],[-116.351507,44.8901033],[-116.2904056,44.8901998],[-116.2904349,44.8464887],[-116.2699776,44.8468415],[-116.2699762,44.8613258],[-116.2496441,44.8613275],[-116.249598,44.8468299],[-116.2306705,44.8468326],[-116.2309526,44.8038386],[-116.2104303,44.8038887],[-116.2069989,44.7684258],[-116.1766642,44.7455123],[-116.1833023,44.7256233],[-116.157606,44.7035883],[-116.1633282,44.6879118],[-116.169622,44.6879266],[-116.1647672,44.6720505],[-116.1777704,44.6492151],[-116.168869,44.641267],[-116.1701568,44.6207388],[-116.1849497,44.5871453],[-116.1749807,44.5748599],[-116.1569857,44.4989524],[-116.1928919,44.4936431],[-116.2177103,44.5086196],[-116.2361582,44.4647239],[-116.2581385,44.4660781],[-116.2917689,44.4525436],[-116.3119867,44.4219077],[-116.3119889,44.5715354],[-116.3322533,44.571584],[-116.3323184,44.5855574],[-116.3526639,44.5855198],[-116.3528552,44.6290367],[-116.3323951,44.629012],[-116.3324114,44.6435262],[-116.3528384,44.6435335],[-116.3527204,44.6732706],[-116.3731241,44.6732218],[-116.3731556,44.7023162],[-116.392204,44.7021176],[-116.3923879,44.8400531],[-116.3793925,44.846556],[-116.3767833,44.8573974],[-116.3927821,44.9051193],[-116.3832698,44.9264559],[-116.3720042,44.9264555],[-116.3720341,44.9191531],[-116.3411346,44.9191438],[-116.3412493,44.9083286],[-116.3515995,44.9046033]]],[[[-116.4348593,44.7274399],[-116.4345058,44.7274416],[-116.4348551,44.7272302],[-116.4348593,44.7274399]]],[[[-116.430334,44.7300255],[-116.4326778,44.7300493],[-116.4304949,44.7308839],[-116.430334,44.7300255]]],[[[-116.4371747,44.73078],[-116.4384588,44.7307821],[-116.4375012,44.731356],[-116.4371747,44.73078]]]]},"properties":{"objectid":191,"rangerdistrictid":"{ECC12379-92EB-4E18-A19F-C4BF6A918BD7}","region":"04","forestnumber":"12","forestname":"Payette National Forest","districtnumber":"01","districtname":"Council Ranger District","districtorgcode":"041201"}},{"type":"Feature","geometry":{"type":"Polygon","coordinates":[[[-116.7767086,44.8492187],[-116.7599087,44.8387664],[-116.7453747,44.7906783],[-116.675909,44.7461188],[-116.6684169,44.7220672],[-116.6383495,44.7071746],[-116.6351085,44.6937717],[-116.6553979,44.6937642],[-116.6554077,44.6865454],[-116.8179911,44.6870837],[-116.8180022,44.7016415],[-116.848461,44.7016637],[-116.8480328,44.6510138],[-116.8581725,44.6510119],[-116.8579375,44.585969],[-116.8779318,44.5860067],[-116.8778484,44.5420959],[-116.9030364,44.5276175],[-116.9282852,44.5276188],[-116.9282828,44.5203719],[-116.9383974,44.5203878],[-116.9394131,44.4849219],[-116.9940268,44.4847704],[-116.9939753,44.4986559],[-117.0399055,44.4986396],[-117.0395109,44.6439069],[-116.9989477,44.6439642],[-116.9988713,44.6877366],[-117.0090119,44.6877258],[-117.0090032,44.702208],[-116.9898238,44.7016345],[-116.9898299,44.7088748],[-116.9286727,44.708914],[-116.9286687,44.7016544],[-116.9083068,44.7016544],[-116.9083092,44.7161695],[-116.8930307,44.7161708],[-116.8930313,44.7089157],[-116.8180877,44.7161262],[-116.8180682,44.7306166],[-116.8689291,44.7307191],[-116.8689251,44.7379925],[-116.8485436,44.737916],[-116.8486468,44.7666069],[-116.8587948,44.7665929],[-116.8587124,44.7883496],[-116.868872,44.7883588],[-116.8687973,44.8390148],[-116.7873006,44.8386788],[-116.7872937,44.8462503],[-116.7767086,44.8492187]]]},"properties":{"objectid":192,"rangerdistrictid":"{2DEC4BAA-52E2-48A3-9F97-5F1E2EE4F228}","region":"04","forestnumber":"12","forestname":"Payette National Forest","districtnumber":"02","districtname":"Weiser Ranger District","districtorgcode":"041202"}},{"type":"Feature","geometry":{"type":"MultiPolygon","coordinates":[[[[-116.0415321,45.3702397],[-116.0497341,45.3472847],[-116.0446758,45.254538],[-116.064825,45.2325691],[-116.0765361,45.2059845],[-116.074438,45.1840919],[-116.0852107,45.1778511],[-116.0914909,45.1559312],[-116.1218086,45.1585598],[-116.1368035,45.1378509],[-116.1354377,45.1230413],[-116.1455069,45.1129099],[-116.1325587,45.0412391],[-116.1644027,45.0009251],[-116.1703776,44.9570373],[-116.1650285,44.9340052],[-116.209306,44.933907],[-116.2094622,44.9774567],[-116.2297475,44.9774424],[-116.2295816,45.049997],[-116.2702061,45.0500454],[-116.2702243,45.3690286],[-116.1473871,45.3700587],[-116.0415321,45.3702397]]],[[[-116.2764947,44.9696245],[-116.2808361,44.9695978],[-116.2772715,44.9705656],[-116.2764947,44.9696245]]],[[[-116.3519107,45.1955351],[-116.3315413,45.195535],[-116.3316445,45.0856388],[-116.3624131,45.0709818],[-116.3625239,45.0201126],[-116.4541945,45.0199894],[-116.4541344,44.9910264],[-116.4745451,44.9910637],[-116.4745035,44.9765691],[-116.4132565,44.9764342],[-116.4132049,44.961919],[-116.4336375,44.9619579],[-116.4335629,44.9329378],[-116.3927994,44.9328058],[-116.3927507,44.9264554],[-116.3832698,44.9264559],[-116.3932857,44.8965133],[-116.3786983,44.8721755],[-116.3782711,44.8483411],[-116.3923879,44.8400531],[-116.3925599,44.8605947],[-116.4127274,44.8606298],[-116.4127925,44.8461292],[-116.4331669,44.8461283],[-116.4332182,44.8606651],[-116.4944672,44.8607002],[-116.4944775,44.8751872],[-116.5148947,44.8751354],[-116.516035,44.9010032],[-116.554388,44.9247535],[-116.5510311,44.9516891],[-116.574667,44.9809783],[-116.5481548,45.0126594],[-116.5564937,45.0229553],[-116.5263958,45.0542663],[-116.5048428,45.1070198],[-116.5164165,45.1154045],[-116.5257778,45.1458763],[-116.5543652,45.1441825],[-116.5580885,45.1538141],[-116.5502833,45.1748054],[-116.5322186,45.1860612],[-116.5259625,45.2101411],[-116.5304011,45.2341009],[-116.5213451,45.2475482],[-116.5318983,45.2679298],[-116.3522187,45.2678015],[-116.3519107,45.1955351]]]]},"properties":{"objectid":193,"rangerdistrictid":"{16D77FA5-120C-4404-965F-D3740648B3D7}","region":"04","forestnumber":"12","forestname":"Payette National Forest","districtnumber":"03","districtname":"New Meadows Ranger District","districtorgcode":"041203"}},{"type":"Feature","geometry":{"type":"MultiPolygon","coordinates":[[[[-115.7999507,45.4678651],[-115.7539891,45.4446755],[-115.6962631,45.4432399],[-115.6674455,45.4343925],[-115.6132071,45.3969889],[-115.5276974,45.3846622],[-115.510544,45.3756756],[-115.4719065,45.4072289],[-115.4720133,45.3891511],[-115.4557017,45.3679185],[-115.4602335,45.3473572],[-115.425886,45.3213906],[-115.408407,45.3199334],[-115.3908442,45.2794938],[-115.3779962,45.2735123],[-115.3768518,45.2421098],[-115.3952921,45.1785226],[-115.4241617,45.1673951],[-115.4195078,45.1549401],[-115.4263437,45.1483178],[-115.4177225,45.1398224],[-115.4316919,45.131659],[-115.4432504,45.1079964],[-115.454046,45.1046853],[-115.4490259,45.0880799],[-115.4686182,45.0669884],[-115.5272959,45.0523171],[-115.573263,45.0682701],[-115.5856073,45.0874047],[-115.6263483,45.097464],[-115.662916,45.1201691],[-115.6926096,45.1206002],[-115.7171687,45.1430077],[-115.7152613,45.161509],[-115.7343119,45.1710495],[-115.7651194,45.151297],[-115.833578,45.1504234],[-115.8465861,45.1398644],[-115.8576335,45.1127991],[-115.8802775,45.105883],[-115.8909968,45.0777496],[-115.9607142,45.069632],[-115.9511927,45.0567955],[-115.9666346,45.0414337],[-115.922468,45.0348495],[-115.9202403,45.025206],[-115.8994807,45.0123734],[-115.9053248,44.9999756],[-115.8796976,44.9783234],[-115.8812235,44.9503044],[-115.8630884,44.9189209],[-115.8798884,44.9023384],[-115.8802546,44.8872932],[-115.9013651,44.8679947],[-115.9023188,44.8542351],[-115.8436258,44.8502907],[-115.8161066,44.8291801],[-115.8183268,44.8113731],[-115.7936304,44.7992805],[-115.8222406,44.7730507],[-115.8167322,44.7575401],[-115.8247125,44.744017],[-115.8457239,44.7488655],[-115.8791559,44.7435707],[-115.9000605,44.7304062],[-115.9055853,44.7039738],[-115.9055179,44.7456393],[-115.925796,44.7456165],[-115.9257671,44.7601715],[-115.9055099,44.7602129],[-115.9053894,44.7747918],[-115.9869022,44.7745127],[-115.986826,44.7890024],[-115.9461699,44.7890445],[-115.9462012,44.8034784],[-115.9665837,44.8106556],[-115.9665626,44.8178158],[-115.9968578,44.8179381],[-115.9965754,44.8470462],[-115.9839733,44.8470307],[-115.9840142,44.8903028],[-115.9637726,44.8902553],[-115.9637549,44.9262938],[-116.0244572,44.9337002],[-116.024577,44.9558977],[-116.0448907,44.9558742],[-116.0449178,44.9919621],[-116.0244845,44.9918708],[-116.0243817,45.0496279],[-116.0345817,45.0496161],[-116.0345762,45.0640707],[-116.065262,45.0640315],[-116.0652255,45.0278931],[-116.0754265,45.0279347],[-116.0754173,45.0207057],[-116.1060637,45.020848],[-116.1064836,44.9920219],[-116.1266818,44.9920197],[-116.1268548,44.9340237],[-116.1650285,44.9340052],[-116.1703776,44.9570373],[-116.1642283,45.0014298],[-116.1325587,45.0412391],[-116.1455069,45.1129099],[-116.1354377,45.1230413],[-116.1368035,45.1378509],[-116.1218086,45.1585598],[-116.0914909,45.1559312],[-116.0852107,45.1778511],[-116.074438,45.1840919],[-116.0765361,45.2059845],[-116.064825,45.2325691],[-116.0446758,45.254538],[-116.0497341,45.3472847],[-116.0415321,45.3702397],[-116.023347,45.3702734],[-116.0232288,45.4265289],[-115.9819652,45.4327278],[-115.926565,45.4598399],[-115.7999507,45.4678651]],[[-115.8996762,45.3700775],[-115.8185585,45.370246],[-115.8186386,45.4426235],[-115.8997101,45.4425099],[-115.8996762,45.3700775]]],[[[-116.1048323,44.8940631],[-116.1031227,44.8940687],[-116.1060012,44.8904392],[-116.1048323,44.8940631]]],[[[-116.1059332,44.905922],[-116.1084712,44.9054265],[-116.1059122,44.9085458],[-116.1059332,44.905922]]],[[[-116.1657715,44.9266876],[-116.1658047,44.9303077],[-116.155695,44.9267361],[-116.1657715,44.9266876]]]]},"properties":{"objectid":194,"rangerdistrictid":"{1858935D-3681-47ED-ACB3-6699E6BA346B}","region":"04","forestnumber":"12","forestname":"Payette National Forest","districtnumber":"04","districtname":"McCall Ranger District","districtorgcode":"041204"}},{"type":"Feature","geometry":{"type":"Polygon","coordinates":[[[-115.0901792,45.5200591],[-115.0688921,45.5179164],[-115.0640983,45.510028],[-115.0164109,45.5076232],[-114.9818907,45.4928559],[-114.9597635,45.4684398],[-114.8900897,45.434966],[-114.8743942,45.4188025],[-114.8029513,45.3938147],[-114.8092782,45.350451],[-114.7960793,45.3389078],[-114.8063561,45.3263765],[-114.786184,45.3098741],[-114.7894875,45.2961107],[-114.7963235,45.277083],[-114.8235299,45.2791696],[-114.8479745,45.2541375],[-114.8396682,45.2398858],[-114.8482796,45.2247834],[-114.8243081,45.205935],[-114.8332726,45.188643],[-114.8125588,45.185904],[-114.7983224,45.160769],[-114.7735497,45.1492219],[-114.7469689,45.1046777],[-114.7199588,45.0885087],[-114.7614189,45.0731111],[-114.781942,45.05263],[-114.8162361,45.0572496],[-114.8404976,45.0397058],[-114.8452355,45.0246072],[-114.868879,45.0244927],[-114.9061333,44.9935288],[-114.9089638,44.9759088],[-114.9362923,44.9569497],[-114.9074761,44.9383988],[-114.9108635,44.9087815],[-114.8954064,44.8984856],[-114.9071175,44.8893342],[-115.0045144,44.8994698],[-115.0711495,44.8835282],[-115.1076256,44.8971581],[-115.1687295,44.8802437],[-115.1984536,44.8813386],[-115.2128426,44.871592],[-115.2178857,44.8811631],[-115.2445123,44.8930077],[-115.2779824,44.8683876],[-115.3765847,44.8503632],[-115.3959787,44.8724121],[-115.3995416,44.8957581],[-115.4244592,44.8938889],[-115.4555566,44.9294648],[-115.4588449,44.9443535],[-115.4390543,44.96007],[-115.4755151,44.9616188],[-115.4782007,44.9702553],[-115.4937418,44.9704499],[-115.5020654,44.9624657],[-115.5887201,44.9476227],[-115.5793817,44.9248184],[-115.5863397,44.8699516],[-115.573446,44.8481049],[-115.6043451,44.8259071],[-115.6050317,44.8092255],[-115.621557,44.7942413],[-115.6113946,44.7859711],[-115.609556,44.7714752],[-115.6205881,44.7712311],[-115.6197641,44.7505287],[-115.7045267,44.7490715],[-115.7260721,44.7751144],[-115.7616251,44.750338],[-115.784498,44.748011],[-115.7980832,44.7582859],[-115.816735,44.7575435],[-115.8222406,44.7730507],[-115.806814,44.7939361],[-115.7936609,44.7990555],[-115.7960413,44.8049225],[-115.8183268,44.8113731],[-115.8161066,44.8291801],[-115.8436258,44.8502907],[-115.9023188,44.8542351],[-115.9013651,44.8679947],[-115.8802546,44.8872932],[-115.8798884,44.9023384],[-115.8630884,44.9189209],[-115.8812235,44.9503044],[-115.8796976,44.9783234],[-115.9053248,44.9999756],[-115.8993433,45.0121712],[-115.9202403,45.025206],[-115.922468,45.0348495],[-115.9665431,45.0413269],[-115.9511927,45.0567955],[-115.9608973,45.0694069],[-115.8909968,45.0777496],[-115.8802775,45.105883],[-115.8576335,45.1127991],[-115.8465861,45.1398644],[-115.833578,45.1504234],[-115.7651194,45.151297],[-115.7343119,45.1710495],[-115.7152613,45.161509],[-115.7171687,45.1430077],[-115.6926096,45.1206002],[-115.662916,45.1201691],[-115.6263483,45.097464],[-115.5856073,45.0874047],[-115.573263,45.0682701],[-115.5272959,45.0523171],[-115.4678552,45.0672478],[-115.4490259,45.0880799],[-115.454046,45.1046853],[-115.4432504,45.1079964],[-115.4316919,45.131659],[-115.4176233,45.1400475],[-115.4263437,45.1483178],[-115.4195078,45.1549401],[-115.4241617,45.1673951],[-115.3952921,45.1785226],[-115.3768518,45.2421098],[-115.3779962,45.2735123],[-115.3908442,45.2794938],[-115.408407,45.3199334],[-115.425886,45.3213906],[-115.4602335,45.3473572],[-115.4585245,45.3797021],[-115.4720133,45.3891511],[-115.4700678,45.4038644],[-115.4788508,45.4084734],[-115.4248134,45.4593353],[-115.3865,45.476825],[-115.3775847,45.4708311],[-115.3354843,45.4853841],[-115.3221711,45.5180467],[-115.2956968,45.5354756],[-115.2538939,45.5394489],[-115.2156959,45.5695005],[-115.1936548,45.5668773],[-115.0901792,45.5200591]]]},"properties":{"objectid":195,"rangerdistrictid":"{34CEC7B9-979A-486B-81B6-540A088E5ADB}","region":"04","forestnumber":"12","forestname":"Payette National Forest","districtnumber":"06","districtname":"Krassel Ranger District","districtorgcode":"041206"}},{"type":"Feature","geometry":{"type":"MultiPolygon","coordinates":[[[[-113.9669084,45.3891002],[-113.9657188,45.3617426],[-113.9441873,45.3649932],[-113.9480949,45.3568102],[-113.9413581,45.3502184],[-113.9350791,45.355189],[-113.9195762,45.3498484],[-113.9310584,45.3380266],[-113.9187602,45.3307058],[-113.9340293,45.3307276],[-113.9340383,45.3017972],[-113.9237795,45.3018135],[-113.9341457,45.2729084],[-113.9136218,45.2729056],[-113.913651,45.2587304],[-113.9239929,45.258713],[-113.9240958,45.2152677],[-113.9343382,45.2152606],[-113.9343721,45.2008194],[-113.9446043,45.2008151],[-113.9446208,45.1863368],[-113.9336811,45.1863365],[-113.9335698,45.1784638],[-113.9536217,45.1783569],[-113.95382,45.1567884],[-113.9436148,45.1567709],[-113.9436735,45.1278556],[-113.9539443,45.1278792],[-113.9536483,45.0990646],[-113.9748243,45.0990602],[-113.9749704,45.0116222],[-113.9955384,45.0116128],[-113.995521,44.9691567],[-114.0158257,44.9692281],[-114.0156927,44.9257483],[-114.0561886,44.9258496],[-114.0563235,44.8389088],[-114.0734892,44.8389162],[-114.0734624,44.8267908],[-114.1141057,44.8267005],[-114.1140849,44.8033022],[-114.1445849,44.802552],[-114.1444726,44.7543769],[-114.1524162,44.7543747],[-114.1524195,44.7462885],[-114.2135212,44.7448111],[-114.2162906,44.7607031],[-114.2017153,44.778121],[-114.2032364,44.800583],[-114.1895712,44.824922],[-114.1989713,44.8304221],[-114.1917165,44.8378793],[-114.1989103,44.8447714],[-114.1955964,44.8606736],[-114.2111029,44.8629264],[-114.2214453,44.8790849],[-114.2256826,44.8639937],[-114.2627691,44.8497147],[-114.277602,44.8236764],[-114.2996268,44.819758],[-114.3156104,44.8017335],[-114.3442415,44.7938675],[-114.341027,44.7858393],[-114.3534388,44.7757796],[-114.3530036,44.7586697],[-114.3624242,44.7507497],[-114.3799652,44.7434881],[-114.3926822,44.7473126],[-114.409699,44.7328666],[-114.4466359,44.7342972],[-114.460916,44.7448108],[-114.4959225,44.7342654],[-114.4725656,44.7950796],[-114.4952508,44.7976447],[-114.5103811,44.7900761],[-114.5184389,44.8117658],[-114.561546,44.8383698],[-114.5406011,44.8591681],[-114.5889691,44.8860695],[-114.5886367,44.8974096],[-114.5466165,44.926667],[-114.5675917,44.9377608],[-114.6396147,44.9491702],[-114.6588722,44.9663453],[-114.6396986,44.9724692],[-114.6221977,44.9633622],[-114.6039181,44.9689558],[-114.5872169,44.948153],[-114.5683047,44.9772499],[-114.5738844,45.0014985],[-114.545568,45.0281854],[-114.527945,45.007359],[-114.5105644,45.0065523],[-114.5039393,44.9832875],[-114.4823051,44.9973665],[-114.4810005,45.0056329],[-114.4680321,45.0050569],[-114.4516883,45.0180345],[-114.449781,45.0395093],[-114.4354225,45.0349756],[-114.4347807,45.045395],[-114.4513145,45.064467],[-114.451345,45.0793901],[-114.4621471,45.0885971],[-114.4711616,45.0824628],[-114.4960218,45.0918703],[-114.4987694,45.0842844],[-114.5234491,45.0875323],[-114.5419832,45.0801632],[-114.5469871,45.0591722],[-114.5769775,45.047861],[-114.5584923,45.0728784],[-114.5436683,45.0740991],[-114.5571361,45.0837606],[-114.5434644,45.1022315],[-114.5203883,45.1072956],[-114.5094529,45.0964715],[-114.490176,45.0959277],[-114.4783781,45.1144815],[-114.4680602,45.1109134],[-114.4482269,45.1240644],[-114.4479522,45.1450413],[-114.431405,45.1602881],[-114.465898,45.1683325],[-114.4734703,45.1787401],[-114.4087779,45.1974442],[-114.3744333,45.225721],[-114.3537519,45.29091],[-114.3948872,45.3012855],[-114.4069955,45.3133165],[-114.365156,45.3130436],[-114.3291301,45.3252353],[-114.3118588,45.3393388],[-114.2954995,45.3282039],[-114.2933802,45.3152457],[-114.2379051,45.2973009],[-114.2076316,45.3002535],[-114.1687147,45.2743249],[-114.1456392,45.2882921],[-114.1400127,45.3011771],[-114.1737076,45.3152575],[-114.1893516,45.3417536],[-114.2138115,45.3534647],[-114.172956,45.3693186],[-114.162603,45.3585306],[-114.1428983,45.3598581],[-114.1448743,45.3698183],[-114.135427,45.3700586],[-114.0997443,45.341868],[-114.0552039,45.3567453],[-114.0201621,45.3473574],[-114.0065745,45.3524915],[-114.0062232,45.3865954],[-113.9961285,45.4046401],[-113.9669084,45.3891002]]],[[[-113.8586249,45.0399958],[-113.8293814,44.9987894],[-113.832807,44.9714151],[-113.8171744,44.961146],[-113.8130392,44.9474588],[-113.819135,44.9369112],[-113.7977525,44.9053731],[-113.8107042,44.8975997],[-113.8164335,44.8785711],[-113.8468547,44.8762895],[-113.8547889,44.8572414],[-113.8652415,44.8521735],[-113.861791,44.8221269],[-113.8805593,44.8062273],[-113.8737768,44.7893587],[-113.9093756,44.7874399],[-113.9724048,44.8045975],[-113.9724552,44.8268012],[-113.9520192,44.8267305],[-113.9520242,44.8389296],[-113.924035,44.8533776],[-113.9240516,44.8678351],[-113.934239,44.8678636],[-113.934247,44.8751046],[-113.9139114,44.8750561],[-113.9138992,44.8895708],[-113.9444239,44.8896105],[-113.9444171,44.8968573],[-113.9342597,44.896853],[-113.9343795,44.9400191],[-113.9140711,44.9400695],[-113.9123693,45.0197831],[-113.8732534,45.0197628],[-113.8732384,45.0270022],[-113.8936463,45.0270093],[-113.8937116,45.0559211],[-113.8732224,45.0559808],[-113.8727142,45.0839027],[-113.8475327,45.0846904],[-113.8476004,45.0679537],[-113.8586249,45.0399958]]],[[[-113.8972699,45.1728166],[-113.8963171,45.1725692],[-113.8972736,45.1728047],[-113.8972699,45.1728166]]],[[[-113.8949712,45.1733677],[-113.8945759,45.1732052],[-113.8952132,45.1730847],[-113.8949712,45.1733677]]],[[[-113.9094976,45.1792257],[-113.9094946,45.1790027],[-113.9099986,45.1792021],[-113.9094976,45.1792257]]]]},"properties":{"objectid":196,"rangerdistrictid":"{C0D03A1D-6FB8-48F7-8C9C-11A879D8D124}","region":"04","forestnumber":"13","forestname":"Salmon-Challis National Forest","districtnumber":"01","districtname":"Salmon-Cobalt Ranger District","districtorgcode":"041301"}},{"type":"Feature","geometry":{"type":"MultiPolygon","coordinates":[[[[-114.9697508,43.8485842],[-114.951753,43.8543864],[-114.9106382,43.8316737],[-114.8500684,43.8177539],[-114.8530286,43.7910777],[-114.8283285,43.7879852],[-114.8004583,43.802668],[-114.7606253,43.7917427],[-114.7420629,43.8063339],[-114.722875,43.8068832],[-114.7194265,43.8148636],[-114.7046713,43.8078255],[-114.6926855,43.784304],[-114.6907552,43.7512459],[-114.6661658,43.7389858],[-114.6804021,43.7228416],[-114.676473,43.6978287],[-114.6876805,43.6907796],[-114.6795856,43.6697371],[-114.6687444,43.6686767],[-114.6612066,43.6554169],[-114.6810277,43.6126007],[-114.6823171,43.5906395],[-114.6519292,43.5931457],[-114.6361593,43.5735878],[-114.6220983,43.5752853],[-114.586614,43.5588592],[-114.5956777,43.531279],[-114.5609715,43.4981254],[-114.5158589,43.4933876],[-114.5144855,43.4856126],[-114.6068822,43.4856093],[-114.60688,43.45662],[-114.7271427,43.4568149],[-114.7270846,43.442331],[-114.7870006,43.4424506],[-114.7869173,43.457007],[-114.8267702,43.4571962],[-114.8267754,43.4425614],[-114.9044776,43.4427626],[-114.9045543,43.4717289],[-115.0832024,43.4717079],[-115.0833052,43.4572206],[-114.965009,43.4571862],[-114.9649657,43.4427052],[-114.9841206,43.4428666],[-114.9844011,43.4283516],[-115.0441166,43.428444],[-115.0442113,43.3848927],[-115.0836192,43.3847672],[-115.0837341,43.3703535],[-115.1395164,43.3687768],[-115.1356713,43.3762418],[-115.1494809,43.4144821],[-115.1823862,43.4297499],[-115.1674474,43.4535436],[-115.1749324,43.4726082],[-115.1655896,43.4851365],[-115.1752136,43.5117267],[-115.1531607,43.5415456],[-115.152883,43.5587562],[-115.168775,43.5696052],[-115.1682791,43.5837463],[-115.1877035,43.5829833],[-115.2015662,43.572573],[-115.2100882,43.5840324],[-115.2292685,43.5893196],[-115.2368742,43.6018126],[-115.2349362,43.6298711],[-115.1685614,43.6692222],[-115.1648993,43.6976646],[-115.1337256,43.6938842],[-115.1077475,43.7122749],[-115.0972647,43.7038635],[-115.033689,43.7156852],[-115.0293784,43.7284454],[-115.0422491,43.7455276],[-115.0265032,43.8063331],[-115.0195758,43.8229605],[-115.0020902,43.8312008],[-115.0000407,43.8515942],[-114.9891261,43.8587703],[-114.9807639,43.8549827],[-114.9697508,43.8485842]]],[[[-114.8018905,43.3457753],[-114.8018895,43.3467207],[-114.7969519,43.3457658],[-114.8018905,43.3457753]]]]},"properties":{"objectid":197,"rangerdistrictid":"{96F89D35-8B3C-498E-9859-E6F6EDE1A52B}","region":"04","forestnumber":"14","forestname":"Sawtooth National Forest","districtnumber":"05","districtname":"Fairfield Ranger District","districtorgcode":"041405"}},{"type":"Feature","geometry":{"type":"MultiPolygon","coordinates":[[[[-114.1955964,44.8606736],[-114.1989103,44.8447714],[-114.1917165,44.8378793],[-114.1989713,44.8304221],[-114.1895712,44.824922],[-114.2172893,44.7479233],[-114.1727506,44.7455679],[-114.1727328,44.7100118],[-114.1829316,44.7100196],[-114.1829123,44.6882914],[-114.2337179,44.6883113],[-114.2337724,44.7028034],[-114.2439398,44.7028259],[-114.2439661,44.7100724],[-114.2943944,44.7173271],[-114.2942789,44.6883654],[-114.2738892,44.6811452],[-114.2738859,44.666656],[-114.2941815,44.6666692],[-114.294234,44.6079481],[-114.3045469,44.607918],[-114.3146657,44.5789009],[-114.3349109,44.5789067],[-114.3349651,44.463985],[-114.3147507,44.464061],[-114.3147832,44.4060851],[-114.3333582,44.4060346],[-114.3331595,44.319191],[-114.5916091,44.3190428],[-114.5732929,44.2926855],[-114.5216419,44.282237],[-114.5156438,44.2540274],[-114.559213,44.2606059],[-114.6566862,44.2531101],[-114.7361235,44.27448],[-114.8327915,44.2635827],[-114.8495231,44.2706398],[-114.8736091,44.250071],[-114.9199165,44.2432746],[-114.9405455,44.2523814],[-114.9325041,44.2689754],[-114.9373869,44.2720348],[-114.9246611,44.2797862],[-114.9367995,44.2880489],[-114.9260268,44.3093387],[-114.9723411,44.2967667],[-114.9715247,44.3125366],[-114.9859138,44.3160385],[-114.9994902,44.332059],[-115.0637794,44.3458122],[-115.0654426,44.3719162],[-115.0267616,44.4041046],[-114.9957634,44.4109406],[-114.9343925,44.3948883],[-114.923841,44.4085602],[-114.9263546,44.4160504],[-114.9075288,44.418714],[-114.8882888,44.4102619],[-114.868882,44.4269573],[-114.875243,44.4376406],[-114.8667809,44.4580947],[-114.8270168,44.458385],[-114.8217386,44.4722522],[-114.8027864,44.4836816],[-114.7810384,44.4708565],[-114.7592345,44.4741355],[-114.721507,44.4607583],[-114.7185445,44.4756573],[-114.6942203,44.4761322],[-114.6701076,44.4885978],[-114.6513762,44.4848878],[-114.6313974,44.502134],[-114.6180019,44.4999199],[-114.609566,44.5199411],[-114.594532,44.5275343],[-114.5302677,44.5453069],[-114.5253791,44.557116],[-114.5078871,44.5620877],[-114.4966159,44.5794817],[-114.4812773,44.5845954],[-114.4716967,44.6039192],[-114.4508152,44.6126194],[-114.4351905,44.6513087],[-114.4090748,44.6563051],[-114.4057944,44.664882],[-114.3867768,44.6710291],[-114.3731186,44.709552],[-114.4055198,44.7182824],[-114.4041418,44.7395063],[-114.3606254,44.7519645],[-114.3509706,44.7645686],[-114.3534388,44.7757796],[-114.341027,44.7858393],[-114.3442415,44.7938675],[-114.3156104,44.8017335],[-114.2996268,44.819758],[-114.277602,44.8236764],[-114.2626003,44.8498547],[-114.2256826,44.8639937],[-114.2235638,44.8777996],[-114.2116889,44.8648441],[-114.1955964,44.8606736]]],[[[-114.2724228,44.1018625],[-114.2723856,44.087686],[-114.2319552,44.0877014],[-114.2319211,44.1021995],[-114.2118835,44.1021842],[-114.2119323,44.0587329],[-114.1090367,44.0576463],[-114.1479085,44.0471902],[-114.1711782,44.0079484],[-114.2009862,43.980967],[-114.2265371,43.9867028],[-114.2536275,43.9603591],[-114.2776852,43.9594947],[-114.3050784,43.9454918],[-114.3203689,43.9463018],[-114.3274106,43.9671157],[-114.3445906,43.971811],[-114.3673676,43.9427223],[-114.3901151,43.9400623],[-114.4050025,43.9692447],[-114.449529,43.9982781],[-114.4504217,44.0106797],[-114.4591039,44.0158791],[-114.4549688,44.0262208],[-114.4611104,44.0322443],[-114.4506023,44.0360207],[-114.4529508,44.0726547],[-114.4429523,44.0726969],[-114.4428619,44.0871805],[-114.432819,44.0872223],[-114.4328183,44.0944755],[-114.3926785,44.1017807],[-114.3927233,44.1162572],[-114.3529164,44.1162829],[-114.3528605,44.1017649],[-114.2724228,44.1018625]]],[[[-114.3124263,44.2178118],[-114.3124987,44.2033225],[-114.3225688,44.2032958],[-114.3326698,44.1742476],[-114.3728989,44.1742199],[-114.3728955,44.188749],[-114.3929302,44.1886747],[-114.3930171,44.2032047],[-114.412846,44.2031761],[-114.3930631,44.2176792],[-114.3930491,44.2322465],[-114.3527839,44.232302],[-114.3527776,44.225],[-114.322526,44.2178034],[-114.3124263,44.2178118]]],[[[-114.492134,44.2601037],[-114.4839026,44.2577703],[-114.4927474,44.2538237],[-114.492134,44.2601037]]],[[[-113.8326942,44.3338621],[-113.8125051,44.3338697],[-113.8124824,44.3047765],[-113.7318038,44.3047566],[-113.7318881,44.2758035],[-113.7117722,44.2757769],[-113.711862,44.2468421],[-113.7319758,44.246885],[-113.7331973,44.1900345],[-113.7130499,44.1900224],[-113.7130231,44.1755467],[-113.6727211,44.1755144],[-113.6727627,44.1465633],[-113.6325555,44.1465397],[-113.6325268,44.1318819],[-113.6074676,44.1318619],[-113.6107456,44.1213975],[-113.6396153,44.111815],[-113.6636402,44.0671411],[-113.717046,44.0664926],[-113.733556,44.082068],[-113.7730839,44.0898347],[-113.7770131,44.1224084],[-113.7859623,44.1291643],[-113.7705752,44.1503189],[-113.7998265,44.1775031],[-113.8130502,44.1777291],[-113.8070958,44.201262],[-113.8178914,44.216929],[-113.8430836,44.2227578],[-113.8495839,44.2297883],[-113.8447163,44.2343316],[-113.8601201,44.235415],[-113.8710301,44.2511125],[-113.8924001,44.2583032],[-113.90743,44.2736764],[-113.9474614,44.2551408],[-113.9510827,44.2467387],[-113.9510971,44.2756727],[-113.9712237,44.2756564],[-113.9712347,44.3046392],[-113.9812608,44.3046439],[-113.9813096,44.3191111],[-113.9913836,44.3191031],[-113.991392,44.3263386],[-114.0114807,44.3263798],[-114.0115123,44.3481042],[-114.021597,44.3481386],[-114.0216277,44.3626383],[-114.0311893,44.3626761],[-114.0310649,44.406092],[-114.05118,44.4060595],[-114.0512585,44.4350143],[-114.0715633,44.4350483],[-114.0716176,44.4640122],[-114.0919447,44.4640068],[-114.0920176,44.5074619],[-114.1122363,44.5074576],[-114.112266,44.5364097],[-114.1325183,44.536378],[-114.1339495,44.6095016],[-114.052893,44.6093836],[-114.0529044,44.580452],[-114.0317817,44.5804372],[-114.0317548,44.5512594],[-114.0123725,44.5512444],[-114.012035,44.4932666],[-113.9715639,44.4931882],[-113.9715112,44.478709],[-113.9512908,44.4786424],[-113.9512287,44.4497079],[-113.9107146,44.4496794],[-113.9107193,44.4351942],[-113.8508389,44.4351791],[-113.8508275,44.4206896],[-113.8306226,44.4207185],[-113.8327243,44.4026573],[-113.8326942,44.3338621]]],[[[-114.2234294,44.5036518],[-114.22339,44.5070139],[-114.2205642,44.5036677],[-114.2234294,44.5036518]]],[[[-113.9093756,44.7874399],[-113.8737768,44.7893587],[-113.8582052,44.7769151],[-113.8208944,44.7126777],[-113.8346608,44.7010753],[-113.8317082,44.6833827],[-113.8144045,44.663676],[-113.7860461,44.6788322],[-113.7571232,44.6694133],[-113.7215133,44.6734267],[-113.672638,44.655613],[-113.6662266,44.6376788],[-113.6481068,44.644511],[-113.6247175,44.6272962],[-113.6135077,44.6094998],[-113.622701,44.5910097],[-113.6090559,44.5822061],[-113.6142933,44.5716312],[-113.6024067,44.5594776],[-113.571706,44.5491893],[-113.5435379,44.5651235],[-113.5363591,44.5429254],[-113.5096484,44.5434392],[-113.519763,44.5220117],[-113.540433,44.5182215],[-113.5501637,44.4796012],[-113.5279972,44.461127],[-113.4965503,44.4607047],[-113.4575627,44.4221597],[-113.4643986,44.3933168],[-113.4863865,44.3784891],[-113.4528172,44.3577982],[-113.462209,44.33808],[-113.5171856,44.3405948],[-113.5172066,44.3623363],[-113.55138,44.3623454],[-113.5513811,44.376828],[-113.591741,44.3769523],[-113.5878976,44.420547],[-113.6081014,44.4205448],[-113.6079821,44.4640192],[-113.6281806,44.4639828],[-113.6281462,44.4784598],[-113.6483232,44.4784373],[-113.6484062,44.5075417],[-113.6585159,44.5075483],[-113.6585552,44.5219888],[-113.6782826,44.5221561],[-113.6782712,44.536689],[-113.7289335,44.536697],[-113.7289213,44.5511613],[-113.7592949,44.5513062],[-113.7592773,44.5656077],[-113.7690243,44.5656035],[-113.769409,44.5947409],[-113.8096593,44.5948116],[-113.8096662,44.6093016],[-113.8298492,44.6093151],[-113.8298472,44.6237821],[-113.8501952,44.6238143],[-113.850188,44.6382947],[-113.8909725,44.6383665],[-113.89097,44.6673367],[-113.8832817,44.6673369],[-113.8832777,44.6818187],[-113.972116,44.6818581],[-113.9721485,44.7035916],[-113.9618896,44.7035594],[-113.961846,44.7108075],[-113.9721731,44.7108488],[-113.9722325,44.7325559],[-113.9618999,44.7325149],[-113.9621723,44.7761246],[-113.9723473,44.7761559],[-113.9724048,44.8045975],[-113.9654974,44.8030153],[-113.9093756,44.7874399]]],[[[-114.2145045,44.5178975],[-114.2145029,44.5175358],[-114.2150102,44.5178972],[-114.2145045,44.5178975]]]]},"properties":{"objectid":198,"rangerdistrictid":"{15CE1770-64E2-4EE1-9376-B3E67076B7B0}","region":"04","forestnumber":"13","forestname":"Salmon-Challis National Forest","districtnumber":"02","districtname":"Challis-Yankee Fork Ranger District","districtorgcode":"041302"}},{"type":"Feature","geometry":{"type":"MultiPolygon","coordinates":[[[[-111.7207133,42.0532858],[-111.7108561,42.0532759],[-111.7108868,42.0677696],[-111.7011821,42.0677772],[-111.7013724,42.1399535],[-111.7210833,42.1398542],[-111.7210848,42.183305],[-111.7013216,42.183303],[-111.7014085,42.2123687],[-111.6819862,42.2123639],[-111.6819233,42.2413572],[-111.6526987,42.2412845],[-111.6527839,42.263021],[-111.6430486,42.2630087],[-111.6479192,42.2739226],[-111.6819274,42.2703009],[-111.6721448,42.2993149],[-111.681951,42.3210802],[-111.6820681,42.3506012],[-111.6623299,42.3505703],[-111.6625683,42.3724025],[-111.6430348,42.3796406],[-111.6430388,42.386881],[-111.6624992,42.3868153],[-111.6620703,42.4450758],[-111.6426485,42.44507],[-111.6426061,42.5034228],[-111.6617116,42.5034485],[-111.6616081,42.5614108],[-111.6814162,42.565008],[-111.6812812,42.6055864],[-111.7008872,42.6055845],[-111.7013911,42.6418124],[-111.6867438,42.6417313],[-111.6860592,42.6273722],[-111.6528065,42.6233857],[-111.6517935,42.612834],[-111.6334145,42.6052473],[-111.6334655,42.5906486],[-111.603497,42.5905001],[-111.6034969,42.5826751],[-111.5837968,42.5758122],[-111.5837957,42.532398],[-111.5642268,42.5323907],[-111.5642523,42.5468661],[-111.505541,42.5468008],[-111.5053872,42.5030014],[-111.485761,42.5029396],[-111.4865131,42.3864804],[-111.5060123,42.3863839],[-111.5060416,42.3285291],[-111.4914331,42.3285822],[-111.4865508,42.2996516],[-111.4866679,42.2417091],[-111.4964005,42.241704],[-111.4963247,42.2126633],[-111.4865939,42.2126583],[-111.4866221,42.190927],[-111.5060129,42.1909604],[-111.505999,42.1837208],[-111.4865138,42.1837359],[-111.486519,42.1692368],[-111.4640288,42.1692983],[-111.4639293,42.1548147],[-111.4444997,42.1548582],[-111.4443861,42.1078171],[-111.4541424,42.1078259],[-111.4540709,42.0969678],[-111.4443555,42.0969588],[-111.4393514,42.0681371],[-111.439565,42.0004083],[-111.72103200042412,41.9993301477843],[-111.7207133,42.0532858]]],[[[-111.2993663,42.3187986],[-111.2993678,42.3191143],[-111.2981457,42.3188018],[-111.2993663,42.3187986]]],[[[-111.0471429,42.4235341],[-111.0644496,42.4235269],[-111.0644776,42.4162983],[-111.1271707,42.415863],[-111.1314116,42.3075654],[-111.1887331,42.3067273],[-111.1885903,42.3139465],[-111.2273797,42.3138481],[-111.2274276,42.3283158],[-111.2480027,42.3284372],[-111.2481992,42.342881],[-111.2677641,42.34294],[-111.2682429,42.3862395],[-111.2779833,42.3862719],[-111.2782329,42.4152311],[-111.2879677,42.4152586],[-111.2880441,42.4442182],[-111.3080195,42.4442695],[-111.3085923,42.5026225],[-111.3467554,42.510013],[-111.3467599,42.5172403],[-111.3681934,42.5172298],[-111.36818,42.5319606],[-111.387744,42.5319173],[-111.3876855,42.5465131],[-111.4071817,42.5464255],[-111.4071503,42.5838812],[-111.3786968,42.5942064],[-111.3405881,42.5862146],[-111.3362164,42.5670267],[-111.2793164,42.5529734],[-111.2405362,42.6040941],[-111.2247738,42.6414858],[-111.2258343,42.6581789],[-111.1503949,42.6730944],[-111.1134524,42.6725176],[-111.1182629,42.6221965],[-111.1035925,42.6185984],[-111.1035766,42.6113753],[-111.04551618608944,42.611291525925985],[-111.046017,42.582723],[-111.046801,42.504946],[-111.04690305653025,42.44784172945729],[-111.0471429,42.4235341]],[[-111.1526152,42.5751693],[-111.1723397,42.575167],[-111.1722592,42.5570892],[-111.1869596,42.5570858],[-111.1868721,42.5353893],[-111.172192,42.5353755],[-111.1722109,42.5462326],[-111.1525671,42.5462513],[-111.1525657,42.560713],[-111.1427427,42.5607435],[-111.1328812,42.5896459],[-111.1476126,42.5824139],[-111.1526152,42.5751693]]]]},"properties":{"objectid":199,"rangerdistrictid":"{601E561E-EE58-4E23-A2D6-797FCE8D6D96}","region":"04","forestnumber":"15","forestname":"Caribou-Targhee National Forest","districtnumber":"53","districtname":"Montpelier Ranger District","districtorgcode":"041553"}},{"type":"Feature","geometry":{"type":"MultiPolygon","coordinates":[[[[-114.0306385,44.0156308],[-114.0507626,44.0155998],[-114.050734,44.0011699],[-114.090906,44.0012024],[-114.0909064,43.9867211],[-114.1311095,43.9866352],[-114.1311442,44.0011115],[-114.1506777,44.0011331],[-114.150707,43.9287041],[-114.1109515,43.9287435],[-114.1110067,43.9432228],[-114.0909123,43.9432805],[-114.0909187,43.9577407],[-114.070866,43.9577161],[-114.0708731,43.9721963],[-113.9090229,43.9726982],[-113.9089997,43.9584906],[-113.8636941,43.9584618],[-113.8636946,43.9439545],[-113.8235091,43.9439543],[-113.8235085,43.92945],[-113.6622845,43.9308956],[-113.6623442,43.8711972],[-113.6222587,43.8711051],[-113.6223187,43.8276732],[-113.5377066,43.8275441],[-113.5363984,43.7692254],[-113.6152556,43.7690959],[-113.6152374,43.7546244],[-113.6550271,43.7545555],[-113.6545601,43.6387472],[-113.6350518,43.6387736],[-113.6350838,43.6245053],[-113.6252786,43.624427],[-113.6251794,43.5814949],[-113.6543184,43.5814137],[-113.6543488,43.5704787],[-113.8134371,43.5705524],[-113.814915,43.6018666],[-113.8360035,43.6050134],[-113.8625843,43.6451745],[-113.9052324,43.6495463],[-113.9113742,43.6715189],[-113.9741643,43.7078465],[-113.9865081,43.7255126],[-113.9856235,43.7372652],[-113.9971363,43.7431131],[-113.9935963,43.7558732],[-114.004224,43.7650247],[-114.0298054,43.7734094],[-114.0531895,43.762362],[-114.0533115,43.7461801],[-114.0665409,43.7359644],[-114.1069462,43.7365518],[-114.1325809,43.7504984],[-114.1417363,43.7740006],[-114.1644719,43.7764229],[-114.1797154,43.7898316],[-114.1956608,43.7897095],[-114.2758152,43.8310571],[-114.2843831,43.8833909],[-114.3433278,43.8904176],[-114.3588782,43.8741267],[-114.4084471,43.8945929],[-114.4162266,43.9070141],[-114.3922012,43.9386799],[-114.3673676,43.9427223],[-114.3445906,43.971811],[-114.3274106,43.9671157],[-114.3203689,43.9463018],[-114.3050784,43.9454918],[-114.2776852,43.9594947],[-114.2536275,43.9603591],[-114.2265371,43.9867028],[-114.2009862,43.980967],[-114.1711782,44.0079484],[-114.1471837,44.0477395],[-114.108973,44.0587512],[-114.0306702,44.0588403],[-114.0306385,44.0156308]]],[[[-113.6166097,43.9171333],[-113.6157879,43.9166443],[-113.6170328,43.9164351],[-113.6166097,43.9171333]]],[[[-113.6155728,43.9169493],[-113.6158697,43.9171701],[-113.6144004,43.9175066],[-113.6155728,43.9169493]]],[[[-113.8707478,44.2509294],[-113.8601201,44.235415],[-113.8447163,44.2343316],[-113.8495839,44.2297883],[-113.8430836,44.2227578],[-113.8174946,44.2164979],[-113.8070958,44.201262],[-113.8130502,44.1777291],[-113.7998265,44.1775031],[-113.7705752,44.1503189],[-113.7859623,44.1291643],[-113.7770131,44.1224084],[-113.7734654,44.0903726],[-113.733556,44.082068],[-113.717046,44.0664926],[-113.6646549,44.0666757],[-113.6367924,44.1146646],[-113.6107456,44.1213975],[-113.6074676,44.1318619],[-113.5721617,44.131815],[-113.5721277,44.1173513],[-113.5167969,44.117355],[-113.516736,44.1028783],[-113.4966203,44.1028772],[-113.4965675,44.0883964],[-113.4564083,44.0883884],[-113.4563189,44.0594171],[-113.3966393,44.0593684],[-113.396694,44.0738303],[-113.3364534,44.073843],[-113.3364273,44.0593432],[-113.3164125,44.0593326],[-113.3163938,44.0462579],[-113.296113,44.0462899],[-113.2962868,44.0304677],[-113.276117,44.0304736],[-113.2761821,43.9869929],[-113.2559182,43.9869327],[-113.2549769,43.8997214],[-113.234843,43.8996681],[-113.2329803,43.8779386],[-113.1929497,43.8778071],[-113.1929693,43.8488524],[-113.2029651,43.8488858],[-113.202959,43.8126779],[-113.0932433,43.8130001],[-113.0969703,43.7830377],[-113.0769969,43.7830639],[-113.0768545,43.739584],[-113.0569395,43.7396138],[-113.0568014,43.7106308],[-113.0759356,43.7105976],[-113.0760832,43.6670868],[-113.1160637,43.6671364],[-113.1159884,43.6816057],[-113.1259658,43.6816093],[-113.1359581,43.7105643],[-113.156762,43.7105332],[-113.1568016,43.7249981],[-113.1772602,43.7249607],[-113.1772702,43.7394164],[-113.2771796,43.7395403],[-113.2772021,43.7540194],[-113.3060962,43.7540733],[-113.3061418,43.7830197],[-113.3166748,43.7830301],[-113.3153777,43.8130315],[-113.3253747,43.8130705],[-113.3253809,43.827562],[-113.3353835,43.8276552],[-113.3354117,43.8423328],[-113.3554085,43.8422866],[-113.3553326,43.8569375],[-113.3653381,43.8569472],[-113.3653574,43.8713748],[-113.3753654,43.8713693],[-113.3753569,43.8868465],[-113.3861573,43.8868434],[-113.3865859,43.9303361],[-113.5399543,43.9311493],[-113.5399491,43.9460718],[-113.5699526,43.9461478],[-113.5799723,43.9606264],[-113.6400115,43.97369],[-113.6400088,43.9881574],[-113.650024,43.9881664],[-113.6500412,44.0026424],[-113.6623637,44.0026553],[-113.6623646,44.0098882],[-113.7126085,44.0172277],[-113.712616,44.0244721],[-113.7427857,44.0317118],[-113.7427971,44.0389531],[-113.784712,44.0390173],[-113.787696,44.0743672],[-113.8078091,44.0743626],[-113.8078399,44.0888091],[-113.8279777,44.0887964],[-113.8280433,44.1321923],[-113.8488701,44.1321286],[-113.8488903,44.1467576],[-113.8727862,44.1467068],[-113.8728303,44.2045887],[-113.9107864,44.2118659],[-113.9107875,44.2467531],[-113.9510279,44.2467387],[-113.9474614,44.2551408],[-113.90743,44.2736764],[-113.8935369,44.2592264],[-113.8707478,44.2509294]]],[[[-113.3600392,44.463097],[-113.3538233,44.4464009],[-113.3367328,44.438232],[-113.3239795,44.4146297],[-113.2875596,44.3906002],[-113.2699176,44.3688495],[-113.2762042,44.3434207],[-113.2606479,44.3419978],[-113.2500201,44.3315379],[-113.2526141,44.3060023],[-113.2295886,44.2960994],[-113.2346087,44.2789066],[-113.2227603,44.2627742],[-113.2049838,44.2620036],[-113.1876269,44.248492],[-113.193967,44.2362849],[-113.1462603,44.2174517],[-113.1474276,44.2031962],[-113.1346331,44.1936213],[-113.1382266,44.1809718],[-113.1288043,44.1669948],[-113.1089068,44.1635272],[-113.0827838,44.1414019],[-113.0861636,44.1218555],[-113.0727358,44.1021945],[-113.0766344,44.0900523],[-113.0674486,44.0625979],[-113.0447741,44.0640819],[-113.0416079,44.0517451],[-113.0263491,44.0470225],[-113.0205431,44.0300471],[-112.9886217,44.0298945],[-112.984283,44.0262009],[-112.9922609,44.0169322],[-112.972333,44.0128924],[-112.9481096,43.9464594],[-112.954381,43.9373347],[-112.9328585,43.9260318],[-112.9237871,43.9067523],[-112.9249201,43.885365],[-112.9342677,43.8853896],[-112.9342866,43.8781361],[-113.0140681,43.8860072],[-113.0140967,43.9077513],[-113.0341434,43.9148927],[-113.0343924,43.9799001],[-113.0544652,43.9798729],[-113.0545013,44.0015863],[-113.074657,44.0016246],[-113.074649,44.0160925],[-113.1147886,44.0160525],[-113.1147964,44.0305223],[-113.1348553,44.0305024],[-113.1348432,44.0595949],[-113.1460354,44.0595881],[-113.1461091,44.0957947],[-113.1754358,44.0957924],[-113.1755402,44.1174306],[-113.1957198,44.1174278],[-113.1958196,44.1606766],[-113.2058743,44.1607078],[-113.2059112,44.1897114],[-113.2360599,44.1970404],[-113.2361879,44.2333455],[-113.2764493,44.2333995],[-113.2865605,44.2623222],[-113.3166673,44.2767602],[-113.3166339,44.3057252],[-113.3368195,44.3057342],[-113.3368307,44.3203945],[-113.4667333,44.3130004],[-113.4768114,44.3260992],[-113.4969893,44.326109],[-113.4982197,44.3408075],[-113.462209,44.33808],[-113.452657,44.3572527],[-113.4863789,44.3781076],[-113.4643986,44.3933168],[-113.4585621,44.4112078],[-113.4575627,44.4221597],[-113.4775998,44.4482296],[-113.4407709,44.4572425],[-113.3927097,44.4845808],[-113.3792772,44.4766185],[-113.3600392,44.463097]]]]},"properties":{"objectid":200,"rangerdistrictid":"{01383C20-F7A2-4F64-B5C7-25A68C477BD7}","region":"04","forestnumber":"13","forestname":"Salmon-Challis National Forest","districtnumber":"04","districtname":"Lost River Ranger District","districtorgcode":"041304"}},{"type":"Feature","geometry":{"type":"Polygon","coordinates":[[[-114.7210101,44.9370416],[-114.7277854,44.9153284],[-114.7180219,44.8903265],[-114.6942742,44.8829382],[-114.6483758,44.8937584],[-114.6251622,44.8835017],[-114.6074713,44.8885246],[-114.5715239,44.8785656],[-114.5406011,44.8591681],[-114.5613304,44.8379388],[-114.5184389,44.8117658],[-114.5103811,44.7900761],[-114.4952508,44.7976447],[-114.4725656,44.7950796],[-114.4959225,44.7342654],[-114.460916,44.7448108],[-114.4466359,44.7342972],[-114.4088868,44.7331022],[-114.4010908,44.7146618],[-114.3731186,44.709552],[-114.3889789,44.6681176],[-114.4351905,44.6513087],[-114.4508152,44.6126194],[-114.4716967,44.6039192],[-114.4812773,44.5845954],[-114.4966159,44.5794817],[-114.5078871,44.5620877],[-114.5253791,44.557116],[-114.5299653,44.5455165],[-114.594532,44.5275343],[-114.609566,44.5199411],[-114.6180019,44.4999199],[-114.6313974,44.502134],[-114.6513762,44.4848878],[-114.6701076,44.4885978],[-114.6942203,44.4761322],[-114.7185445,44.4756573],[-114.721507,44.4607583],[-114.7592345,44.4741355],[-114.7810384,44.4708565],[-114.8027864,44.4836816],[-114.8217386,44.4722522],[-114.8270168,44.458385],[-114.8667809,44.4580947],[-114.875243,44.4376406],[-114.868882,44.4269573],[-114.8882888,44.4102619],[-114.9075288,44.418714],[-114.9263546,44.4160504],[-114.923841,44.4085602],[-114.9343925,44.3948883],[-114.9957634,44.4109406],[-115.0267616,44.4041046],[-115.0654426,44.3719162],[-115.0685173,44.3561234],[-115.0617652,44.3495316],[-115.0681968,44.3351883],[-115.0914016,44.3224956],[-115.1208253,44.3262246],[-115.201345,44.2823892],[-115.2134834,44.304812],[-115.2385841,44.3068985],[-115.2599846,44.3278946],[-115.2881523,44.3296303],[-115.294622,44.3381869],[-115.2843985,44.3461026],[-115.2842469,44.3581366],[-115.2735725,44.3588586],[-115.2464577,44.3878083],[-115.2388512,44.4071143],[-115.2509209,44.4374947],[-115.2735573,44.4262528],[-115.3073784,44.423613],[-115.3324715,44.431414],[-115.3771874,44.4096054],[-115.3828549,44.4154959],[-115.3734337,44.4221787],[-115.3861824,44.4296402],[-115.3903023,44.4496368],[-115.381086,44.4626335],[-115.3998238,44.4495987],[-115.4234444,44.4544624],[-115.4341332,44.4402183],[-115.4694026,44.4235782],[-115.4983439,44.423663],[-115.4983392,44.4360048],[-115.5145623,44.4393066],[-115.5489175,44.4674057],[-115.5235879,44.5032295],[-115.4979531,44.5031837],[-115.4903542,44.5108436],[-115.487806,44.52006],[-115.5038811,44.5300239],[-115.5067651,44.5517754],[-115.4855782,44.5596565],[-115.4895303,44.5755028],[-115.4694421,44.5777039],[-115.4792535,44.5951523],[-115.4668939,44.6048759],[-115.441694,44.5986466],[-115.4363534,44.6065354],[-115.4137322,44.6048874],[-115.4053215,44.615766],[-115.4182183,44.6364922],[-115.445913,44.6381477],[-115.4494683,44.6601051],[-115.4136178,44.7164025],[-115.4130685,44.730883],[-115.4309442,44.7447342],[-115.4344156,44.7691022],[-115.4240167,44.7785019],[-115.4058219,44.7695337],[-115.3896157,44.7760262],[-115.3950555,44.7979531],[-115.3772027,44.8114876],[-115.3823373,44.8327622],[-115.3741128,44.8527359],[-115.2779824,44.8683876],[-115.2445123,44.8930077],[-115.2178857,44.8811631],[-115.2128426,44.871592],[-115.1984536,44.8813386],[-115.1687295,44.8802437],[-115.1076256,44.8971581],[-115.0711495,44.8835282],[-115.0045144,44.8994698],[-114.9071175,44.8893342],[-114.8954064,44.8984856],[-114.9108635,44.9087815],[-114.9074761,44.9383988],[-114.9362923,44.9569497],[-114.9089638,44.9759088],[-114.9061333,44.9935288],[-114.868879,45.0244927],[-114.8452355,45.0246072],[-114.8404976,45.0397058],[-114.8162361,45.0572496],[-114.781942,45.05263],[-114.7611748,45.0732446],[-114.7152259,45.0874213],[-114.7210101,44.9370416]]]},"properties":{"objectid":201,"rangerdistrictid":"{C18F4B67-8CCF-4567-86E8-C25E222BE974}","region":"04","forestnumber":"13","forestname":"Salmon-Challis National Forest","districtnumber":"06","districtname":"Middle Fork Ranger District","districtorgcode":"041306"}},{"type":"Feature","geometry":{"type":"Polygon","coordinates":[[[-113.7092749,45.2577628],[-113.7092248,45.2719399],[-113.7298956,45.2721329],[-113.7299231,45.2866166],[-113.7504926,45.2866354],[-113.7505494,45.3011211],[-113.7914084,45.3009141],[-113.7911934,45.31565],[-113.8117135,45.322936],[-113.8117243,45.3301706],[-113.8418051,45.3306108],[-113.841799,45.3414136],[-113.8521385,45.3449967],[-113.8520186,45.366626],[-113.9134154,45.3666496],[-113.9133871,45.3738921],[-113.9339343,45.3738585],[-113.934002,45.3593993],[-113.9477118,45.359405],[-113.9441855,45.3666553],[-113.9441739,45.3810351],[-113.9625885,45.3810362],[-113.9941917,45.404719],[-114.0062232,45.3865954],[-114.0065745,45.3524915],[-114.0201621,45.3473574],[-114.0552039,45.3567453],[-114.0997443,45.341868],[-114.135427,45.3700586],[-114.1448743,45.3698183],[-114.1431541,45.3598168],[-114.162603,45.3585306],[-114.172956,45.3693186],[-114.1903892,45.3574282],[-114.1974159,45.3617311],[-114.2139945,45.3530642],[-114.1893516,45.3417536],[-114.1737076,45.3152575],[-114.1400127,45.3011771],[-114.1456392,45.2882921],[-114.1687147,45.2743249],[-114.2076316,45.3002535],[-114.2379051,45.2973009],[-114.2933802,45.3152457],[-114.2954995,45.3282039],[-114.3118588,45.3393388],[-114.3291301,45.3252353],[-114.365156,45.3130436],[-114.4069955,45.3133165],[-114.3948872,45.3012855],[-114.3537519,45.29091],[-114.3744333,45.225721],[-114.4087779,45.1974442],[-114.4734703,45.1787401],[-114.465898,45.1683325],[-114.431405,45.1602881],[-114.4479522,45.1450413],[-114.4482269,45.1240644],[-114.4680602,45.1109134],[-114.4783781,45.1144815],[-114.490176,45.0959277],[-114.5094529,45.0964715],[-114.5203883,45.1072956],[-114.5434644,45.1022315],[-114.5571361,45.0837606],[-114.5436683,45.0740991],[-114.5584923,45.0728784],[-114.5769775,45.047861],[-114.5469871,45.0591722],[-114.5419832,45.0801632],[-114.5234491,45.0875323],[-114.4987694,45.0842844],[-114.4960218,45.0918703],[-114.4711616,45.0824628],[-114.4621471,45.0885971],[-114.451345,45.0793901],[-114.4513145,45.064467],[-114.4347807,45.045395],[-114.4354225,45.0349756],[-114.449781,45.0395093],[-114.4516883,45.0180345],[-114.4680321,45.0050569],[-114.4810005,45.0056329],[-114.4823051,44.9973665],[-114.5039393,44.9832875],[-114.5105644,45.0065523],[-114.527945,45.007359],[-114.545568,45.0281854],[-114.5738844,45.0014985],[-114.5683047,44.9772499],[-114.5872169,44.948153],[-114.6039181,44.9689558],[-114.6186271,44.9631181],[-114.6388355,44.9724874],[-114.6587654,44.9666772],[-114.6396147,44.9491702],[-114.5675917,44.9377608],[-114.5466165,44.926667],[-114.588457,44.8975814],[-114.5923679,44.88534],[-114.6251622,44.8835017],[-114.6544022,44.8941344],[-114.6942742,44.8829382],[-114.7180219,44.8903265],[-114.7277854,44.9153284],[-114.7210101,44.9370416],[-114.7151701,45.0885798],[-114.7469689,45.1046777],[-114.7735497,45.1492219],[-114.7983224,45.160769],[-114.8125588,45.185904],[-114.8332726,45.188643],[-114.8243081,45.205935],[-114.8483254,45.2249551],[-114.8396682,45.2398858],[-114.8479745,45.2541375],[-114.8235299,45.2791696],[-114.7963235,45.277083],[-114.7894875,45.2961107],[-114.786184,45.3098741],[-114.8063561,45.3263765],[-114.7960793,45.3389078],[-114.8092782,45.350451],[-114.8041741,45.3924963],[-114.735161,45.3953615],[-114.7631,45.4139588],[-114.7691906,45.4343984],[-114.7951852,45.4403327],[-114.787703,45.4586206],[-114.7985606,45.4760917],[-114.7980513,45.4968572],[-114.7883064,45.5124209],[-114.7694016,45.5123091],[-114.7341091,45.4899576],[-114.6909788,45.4909199],[-114.680686,45.4841953],[-114.6804579,45.4740219],[-114.6640673,45.4710479],[-114.6313865,45.5194857],[-114.588,45.5379252],[-114.5649876,45.5577972],[-114.56098217015955,45.55919382399901],[-114.552638,45.55702],[-114.550889,45.559568],[-114.542041,45.563784],[-114.532982,45.565772],[-114.52760712853778,45.57078008753728],[-114.50945312611798,45.561291870899964],[-114.506863,45.559305],[-114.50556368204131,45.55925904711022],[-114.4982107,45.555416],[-114.491918,45.557103],[-114.49007316981388,45.55840585561755],[-114.48288186233879,45.561048054240494],[-114.482546,45.560946],[-114.473759,45.563278],[-114.4720583,45.5650248],[-114.47153299888575,45.564932348999],[-114.465259,45.560517],[-114.457824,45.561711],[-114.45655045923543,45.56108761258846],[-114.4568308812927,45.56046016270357],[-114.462763,45.55395],[-114.461608,45.550865],[-114.463942,45.545365],[-114.4379589220509,45.53275995463477],[-114.437024,45.530769],[-114.43169446969611,45.52972870873604],[-114.43059418893765,45.529196304409574],[-114.430903,45.524398],[-114.429073,45.521549],[-114.429533,45.517539],[-114.4252760115797,45.510843678830916],[-114.4251341,45.5103243],[-114.42489822483881,45.51024950207639],[-114.424683,45.509911],[-114.42373492485737,45.50988061023245],[-114.37406377397919,45.49412948607676],[-114.36756542603248,45.491548859914836],[-114.36098051372193,45.47496375597307],[-114.361098,45.474409],[-114.36067546372719,45.47419544112974],[-114.3605156,45.4737928],[-114.3444247,45.4597197],[-114.33505173838242,45.45941603511426],[-114.334402,45.459094],[-114.33299953853962,45.459349548014856],[-114.3320196,45.4593178],[-114.33108321172135,45.45969872945624],[-114.329578,45.459973],[-114.32959870270095,45.46030263835475],[-114.28154844136121,45.479849828705106],[-114.27897,45.480087],[-114.27714431565836,45.48164145857433],[-114.2698292,45.4846173],[-114.2656699474635,45.49188981390635],[-114.264549,45.492153],[-114.260673,45.496708],[-114.25987998324021,45.50201365105291],[-114.2493461,45.5204323],[-114.24930142254387,45.52162883076352],[-114.247064,45.525156],[-114.24904284063508,45.528554050675275],[-114.248354,45.545408],[-114.24672450325957,45.54559453934875],[-114.21341348426624,45.54011786377393],[-114.212323,45.539733],[-114.203665,45.53557],[-114.19373215183157,45.53688204944335],[-114.1926127,45.536698],[-114.18119105255849,45.55021728343217],[-114.180652,45.550695],[-114.179617,45.551],[-114.17186,45.5505],[-114.165453,45.552312],[-114.153878,45.552769],[-114.15227559571693,45.555083214384936],[-114.1375061387676,45.557089053853154],[-114.136182,45.557019],[-114.13602948951475,45.55728959754019],[-114.1353469,45.5573823],[-114.13293023669452,45.56199793440572],[-114.128987,45.565385],[-114.12901082411197,45.569483700223905],[-114.1212226984638,45.58435839982163],[-114.097788,45.586761],[-114.0918942763459,45.59034786841574],[-114.08771592678245,45.5911492813667],[-114.086584,45.59118],[-114.08641487411859,45.591398824981674],[-114.085988,45.5914807],[-114.08584802055162,45.592132253362756],[-114.082269,45.596763],[-114.083077,45.60314],[-114.081563,45.611073],[-114.073991,45.614519],[-114.071849,45.61774],[-114.072453,45.621254],[-114.066962,45.627967],[-114.058521,45.631672],[-114.051838,45.632705],[-114.044823,45.63716],[-114.04386000285047,45.63910185819353],[-114.02490126084325,45.64813344136858],[-114.021639,45.647964],[-114.018783,45.648496],[-114.01646208907673,45.65215370187473],[-114.0153445,45.6526861],[-114.01535832651125,45.65389320612046],[-114.014637,45.65503],[-114.015327,45.663421],[-114.0154729,45.6638959],[-114.01593507531076,45.664307023291734],[-114.02007,45.670332],[-114.0229485471266,45.67054578497434],[-114.02741364818567,45.67451766967393],[-114.027399,45.675753],[-114.0272941089266,45.675830861138635],[-114.014415,45.6836393],[-114.01643676245605,45.6874103191259],[-114.01894972269231,45.692585671728104],[-114.01182957753022,45.69395317426147],[-114.005346,45.694155],[-114.00248109034527,45.695748654496434],[-113.9968566,45.6968289],[-113.98905154895387,45.70548804964308],[-113.988075,45.705721],[-113.981309,45.702697],[-113.971507,45.702712],[-113.971122,45.702364],[-113.970761,45.699019],[-113.969088,45.692756],[-113.967241,45.691027],[-113.96382906462672,45.690193904793205],[-113.963648,45.6898655],[-113.96291618981545,45.68997100736214],[-113.96188,45.689718],[-113.957497,45.690167],[-113.95414022381638,45.69123626581612],[-113.93509115858997,45.69398262910204],[-113.933995,45.691656],[-113.93422,45.682232],[-113.931147,45.677628],[-113.931094,45.673746],[-113.929121,45.670351],[-113.925063,45.668138],[-113.92349362575996,45.666608578007924],[-113.9198835,45.6579815],[-113.89553374261348,45.643855256309436],[-113.89530146993376,45.643491863752494],[-113.89542115662492,45.64322498994396],[-113.897906,45.640985],[-113.9022,45.637736],[-113.901655,45.631002],[-113.9011704167952,45.63040546136512],[-113.90327471298579,45.625713364581415],[-113.903471,45.625554],[-113.904949,45.622931],[-113.9046598867054,45.62262474560099],[-113.9049211,45.6220423],[-113.90385086432157,45.621767757463175],[-113.903684,45.621591],[-113.9032781505036,45.62162084187474],[-113.8899046246058,45.61819019402747],[-113.889501,45.617916],[-113.88817151618498,45.61774560785638],[-113.8866461,45.6173543],[-113.88614271872162,45.617485588783666],[-113.885748,45.617435],[-113.88062633943451,45.61892433662339],[-113.874155,45.620103],[-113.87115925883909,45.621393481880844],[-113.86685662722185,45.62251566757951],[-113.864434,45.622691],[-113.862767,45.623526],[-113.861232,45.623589],[-113.858454,45.621558],[-113.85677776754177,45.62187022484928],[-113.84816449102826,45.61847344637577],[-113.847802,45.617224],[-113.843008,45.61239],[-113.83888,45.610691],[-113.833958,45.610156],[-113.83088119319,45.61165751123702],[-113.8072513988023,45.602338737274096],[-113.804452,45.594242],[-113.80044160693278,45.58908190803007],[-113.79729859084142,45.58268617607075],[-113.797133,45.582115],[-113.797431,45.581658],[-113.798432,45.581598],[-113.80625,45.578271],[-113.811001,45.57464],[-113.81442914202611,45.57042707314531],[-113.8216526,45.5659069],[-113.81782564803149,45.55766963370953],[-113.817949,45.556659],[-113.8209602683644,45.54958578210097],[-113.82223891138779,45.546920264966786],[-113.823693,45.546191],[-113.829443,45.537072],[-113.82797478360874,45.53496300605658],[-113.8348325,45.5206671],[-113.83417615778018,45.520667361547964],[-113.834082,45.520526],[-113.83244974589077,45.520668049511514],[-113.81256846746179,45.52067597206753],[-113.809144,45.519908],[-113.80765316201668,45.52067793078376],[-113.7664535910349,45.520694348536274],[-113.76632800174855,45.52043223013025],[-113.76846756498851,45.518227361301285],[-113.772669,45.514255],[-113.77260193075251,45.513966802870335],[-113.7730486,45.5135065],[-113.77085665230058,45.507983819600526],[-113.770969,45.507829],[-113.76994400341265,45.50568437234352],[-113.76002769273184,45.480699919180445],[-113.76061432374588,45.48020632003634],[-113.7763771,45.4709497],[-113.77627135419992,45.47051639664219],[-113.776364,45.47042],[-113.77609750802799,45.46980404560811],[-113.77459147694879,45.463337574349175],[-113.7844501,45.4550212],[-113.78355020100075,45.454250033784454],[-113.783541,45.451978],[-113.77621963730677,45.447968125407634],[-113.77480482928982,45.44675570918641],[-113.77498640000712,45.44400049529426],[-113.77575866707335,45.437976020500244],[-113.776809,45.435049],[-113.77621224829069,45.4344376220233],[-113.7762695,45.433991],[-113.77544057867516,45.433647038936805],[-113.773545,45.431705],[-113.77014065435947,45.431447834322505],[-113.76018237191238,45.42731564310548],[-113.7603195639729,45.426861666141455],[-113.7773813,45.4166241],[-113.7762204,45.408216],[-113.77552984167464,45.40795298118098],[-113.774153,45.406547],[-113.77181709969659,45.406538877586065],[-113.73439,45.3922837],[-113.73877010054402,45.36821970792198],[-113.738879,45.36813],[-113.738859,45.3677313],[-113.73121225489437,45.35879984163819],[-113.729651,45.355717],[-113.734433,45.353127],[-113.73445452290903,45.350949359892205],[-113.7402671,45.3456034],[-113.740172,45.343993],[-113.7384275,45.3290683],[-113.73811194411316,45.32878499763304],[-113.738056,45.328372],[-113.735367,45.324972],[-113.73267192147556,45.32390100923747],[-113.7297051239457,45.321237453279494],[-113.729091,45.320451],[-113.72869937851416,45.320334506850074],[-113.71394040550948,45.30708407432659],[-113.713497,45.306074],[-113.710035,45.301015],[-113.7058014462995,45.299777012392894],[-113.7032861778817,45.29751883396557],[-113.70295,45.296324],[-113.70057,45.292518],[-113.69442874857516,45.28956673802228],[-113.67963535835275,45.276285406125176],[-113.67947689159206,45.2758863320614],[-113.6920342,45.2724815],[-113.69133836933887,45.27041195940459],[-113.692485,45.26344],[-113.68746301960716,45.25775955632],[-113.7092749,45.2577628]],[[-113.9442157,45.3649452],[-113.9441874,45.3649301],[-113.9441873,45.3649932],[-113.9442157,45.3649452]]]},"properties":{"objectid":202,"rangerdistrictid":"{4075EC89-7363-4D98-A6CA-B62B3F193724}","region":"04","forestnumber":"13","forestname":"Salmon-Challis National Forest","districtnumber":"07","districtname":"North Fork Ranger District","districtorgcode":"041307"}},{"type":"Feature","geometry":{"type":"MultiPolygon","coordinates":[[[[-113.7921656,44.82541],[-113.7819989,44.8254187],[-113.7819669,44.8181705],[-113.7622279,44.8182166],[-113.7621338,44.8036927],[-113.741723,44.80363],[-113.7315244,44.7891508],[-113.6909654,44.7818175],[-113.6909767,44.7673142],[-113.6706195,44.7673159],[-113.6603738,44.7818416],[-113.6408229,44.7818483],[-113.6408759,44.7601071],[-113.6205571,44.7600758],[-113.6212807,44.7311727],[-113.6060302,44.7238726],[-113.606022,44.7347145],[-113.5958574,44.7346917],[-113.6009192,44.7166019],[-113.5702233,44.7020499],[-113.5703282,44.6875606],[-113.5601009,44.6875188],[-113.560141,44.6658041],[-113.5295822,44.6580689],[-113.5295888,44.6508418],[-113.4839196,44.654642],[-113.4889973,44.6364611],[-113.4788579,44.6364605],[-113.4788752,44.6219699],[-113.4688897,44.6221247],[-113.4588711,44.5931164],[-113.3647165,44.5930367],[-113.3546372,44.5638517],[-113.3394626,44.5638596],[-113.3445847,44.5204577],[-113.3243487,44.5204299],[-113.3243839,44.505959],[-113.304192,44.5059747],[-113.3042408,44.4915232],[-113.2959907,44.4915247],[-113.2959694,44.4515362],[-113.2778669,44.451646],[-113.277855,44.4371617],[-113.2575578,44.4371824],[-113.2576421,44.4227032],[-113.2374615,44.4227268],[-113.2375746,44.3937976],[-113.2274211,44.3937972],[-113.2274499,44.379302],[-113.2172867,44.379231],[-113.273343,44.3695442],[-113.2875596,44.3906002],[-113.3239795,44.4146297],[-113.3367328,44.438232],[-113.3538233,44.4464009],[-113.3600392,44.463097],[-113.3924047,44.4845171],[-113.4407709,44.4572425],[-113.4747197,44.4485256],[-113.4965503,44.4607047],[-113.5279972,44.461127],[-113.5496035,44.4776679],[-113.5484667,44.5018378],[-113.540433,44.5182215],[-113.519763,44.5220117],[-113.5096484,44.5434392],[-113.5363591,44.5429254],[-113.5435379,44.5651235],[-113.571706,44.5491893],[-113.6040928,44.5606716],[-113.6142933,44.5716312],[-113.6090559,44.5822061],[-113.622701,44.5910097],[-113.6135077,44.6094998],[-113.6353752,44.6366766],[-113.6481068,44.644511],[-113.6662266,44.6376788],[-113.672638,44.655613],[-113.7215133,44.6734267],[-113.7571232,44.6694133],[-113.7860461,44.6788322],[-113.8144058,44.663677],[-113.8317082,44.6833827],[-113.8346608,44.7010753],[-113.8208944,44.7126777],[-113.8426336,44.7443186],[-113.8423208,44.7563005],[-113.8710531,44.783774],[-113.8805593,44.8062273],[-113.861791,44.8221269],[-113.8650093,44.8513217],[-113.7920521,44.8518446],[-113.7922302,44.8362618],[-113.7921656,44.82541]]],[[[-113.0298200415944,44.53717449760406],[-113.00575791551205,44.52000647225153],[-113.00612433513402,44.51986455220325],[-113.0551836,44.5202812],[-113.0551776,44.5733534],[-113.03774288456242,44.564842716082055],[-113.03755232062035,44.5639104338328],[-113.04108229330552,44.5581090463065],[-113.045096,44.555984],[-113.047765,44.548283],[-113.04738315375592,44.54775380095988],[-113.0476709,44.5472809],[-113.04660752684268,44.546678863012154],[-113.04422,44.54337],[-113.037915,44.539408],[-113.030853,44.536976],[-113.0298200415944,44.53717449760406]]],[[[-113.3613164,44.6821108],[-113.3621903,44.680419],[-113.3647695,44.6829319],[-113.3613164,44.6821108]]],[[[-113.3440719,44.6910051],[-113.3439634,44.6982856],[-113.3337622,44.6982322],[-113.3351682,44.6909743],[-113.3440719,44.6910051]]],[[[-113.4208522,44.8377376],[-113.37812095850921,44.835201566904935],[-113.37733280119427,44.83490966487444],[-113.37709605866091,44.83474123318971],[-113.376157,44.83039],[-113.367677,44.825075],[-113.3560677,44.8197805],[-113.346246947317,44.80018579602362],[-113.3465613392335,44.79927607752199],[-113.34721413618088,44.79866354531904],[-113.354422,44.795427],[-113.354435,44.793032],[-113.35396458173813,44.792329469608916],[-113.3542345,44.7920762],[-113.3535223690714,44.79166906191883],[-113.352992,44.790877],[-113.35070849842023,44.79006032137472],[-113.3413033,44.7846832],[-113.3408089289334,44.78488719227664],[-113.340003,44.784842],[-113.329491,44.788645],[-113.3238835186644,44.791871122378794],[-113.31430251620316,44.79582453032782],[-113.30086,44.799512],[-113.29976366345076,44.80182369547504],[-113.26563378477945,44.81590670340496],[-113.26343,44.816395],[-113.26177356800963,44.817499544208886],[-113.2532835,44.8210028],[-113.2532775,44.7816476],[-113.16848272786306,44.781626456211],[-113.163409,44.778779],[-113.16116822681936,44.77996413254906],[-113.1318771241865,44.77305721184962],[-113.13331564499666,44.76384737966431],[-113.137704,44.760109],[-113.13490194255859,44.75369143736695],[-113.1349934,44.7531059],[-113.13456034856905,44.75290908337572],[-113.13428,44.752267],[-113.130271,44.749904],[-113.1271127776628,44.7495242527064],[-113.12131608431619,44.74688972586977],[-113.1205467955517,44.74572385470688],[-113.1171923,44.7326562],[-113.10162437855669,44.72924330210365],[-113.102274,44.72581],[-113.1017467806453,44.72411481277811],[-113.1025874,44.7058643],[-113.097023,44.701464],[-113.097833,44.698868],[-113.093951,44.695307],[-113.0859521774191,44.692954536872094],[-113.0799239339992,44.68827631905746],[-113.079894,44.687159],[-113.081894,44.68425],[-113.081406,44.683372],[-113.076277,44.680632],[-113.067761,44.678786],[-113.06736635081195,44.67350385371748],[-113.069726,44.669039],[-113.068144,44.658269],[-113.06608220547405,44.655530014546684],[-113.0656347,44.6492664],[-113.05109038144091,44.63502725900955],[-113.0503490821966,44.63158126653187],[-113.05217131282048,44.624451258769994],[-113.05342,44.622013],[-113.05379278241158,44.62167022546489],[-113.05981089439854,44.61782632082413],[-113.06417,44.618189],[-113.070417,44.616334],[-113.07467,44.613982],[-113.078769,44.608017],[-113.083896,44.603637],[-113.08759430549104,44.600080425921234],[-113.0882696,44.5996491],[-113.062703,44.586433],[-113.0626393180983,44.58578043169547],[-113.06340618544316,44.58462135035932],[-113.06688,44.580875],[-113.0671337,44.5789874],[-113.0907527,44.5789492],[-113.0907897,44.5934773],[-113.1521375,44.5935342],[-113.1521623,44.6079137],[-113.1724432,44.6078511],[-113.1722506,44.636751],[-113.1925999,44.6366895],[-113.1925379,44.665669],[-113.2126903,44.6656263],[-113.2127144,44.6800641],[-113.2329713,44.6800898],[-113.2329757,44.709002],[-113.3542165,44.7092759],[-113.3542916,44.7237494],[-113.3949191,44.7237313],[-113.3949328,44.7382024],[-113.4174086,44.7381918],[-113.4175135,44.7527038],[-113.4378512,44.7525335],[-113.437911,44.7817134],[-113.4582499,44.7816768],[-113.4583047,44.8387694],[-113.42211364170404,44.83777235216741],[-113.421579,44.837554],[-113.4208522,44.8377376]]],[[[-113.6363212,44.8641995],[-113.6312346,44.8642163],[-113.6363279,44.8605695],[-113.6363212,44.8641995]]],[[[-113.8220364,45.0704698],[-113.8118032,45.0704778],[-113.8221368,45.0414801],[-113.7812625,45.0415045],[-113.7812826,45.0342579],[-113.7405867,45.0270281],[-113.7405485,45.0198149],[-113.7303993,45.0198207],[-113.730286,44.9909219],[-113.7201396,44.9909202],[-113.720142,44.9836804],[-113.7404434,44.9836723],[-113.7505567,44.9690856],[-113.8321122,44.969542],[-113.8293814,44.9987894],[-113.8588919,45.0409037],[-113.8452963,45.0623346],[-113.8475327,45.0846904],[-113.8271094,45.0849659],[-113.8220364,45.0704698]]],[[[-113.6009124,45.1919358],[-113.5980570179948,45.1882813772629],[-113.597231,45.186475],[-113.59634933017243,45.18609581568319],[-113.58965405664445,45.17752695877811],[-113.592886,45.170995],[-113.594254,45.16677],[-113.59091,45.161789],[-113.590707,45.155886],[-113.59051433699496,45.15582753868728],[-113.5905217,45.1556796],[-113.58814593898116,45.155108876290704],[-113.583872,45.153812],[-113.582421,45.150117],[-113.579956,45.148354],[-113.570777,45.147974],[-113.566456,45.149604],[-113.56601169258242,45.14923932060388],[-113.5766903,45.131453],[-113.569821,45.124299],[-113.56946814641996,45.124292992636185],[-113.5495545,45.1127799],[-113.54809593117582,45.11291048962925],[-113.538773,45.112285],[-113.53471379929785,45.11410862825085],[-113.5219346824649,45.115252777297286],[-113.52024,45.114999],[-113.51789858570517,45.115614140004844],[-113.51176741737177,45.11616308016197],[-113.51124528768044,45.11592477750941],[-113.5065023758335,45.10784178430598],[-113.506908,45.106918],[-113.50726201770792,45.10639357629738],[-113.51779059431979,45.09586078464572],[-113.522637,45.09268],[-113.522502,45.091736],[-113.5222342,45.0914154],[-113.514123,45.08481],[-113.50715,45.083372],[-113.502035,45.081244],[-113.49770673088712,45.08094103538579],[-113.49362042208907,45.07919599238604],[-113.49189128806323,45.077991536850185],[-113.4854942,45.0636464],[-113.485308,45.063547],[-113.475117,45.061794],[-113.47332423828283,45.06197544211477],[-113.45201112791088,45.059049113284615],[-113.45065875201236,45.052878076596734],[-113.451011,45.048508],[-113.449856,45.047124],[-113.44983665511597,45.04575892405312],[-113.45218171782467,45.043398706321774],[-113.45579,45.040169],[-113.45564019610241,45.03991787754723],[-113.4558837,45.0396728],[-113.45527193266662,45.039300542359356],[-113.454653,45.038263],[-113.44638637796513,45.03354511088526],[-113.4488298,45.0204407],[-113.43812799327176,45.00789465488446],[-113.4379957633427,45.00759812122028],[-113.44546730775106,44.99990387951457],[-113.446225,44.999297],[-113.44629125503663,44.999055373607156],[-113.4468827,44.9984463],[-113.44755959646885,44.97163446261541],[-113.449175,44.970952],[-113.449444,44.970017],[-113.44834422949442,44.96804521855851],[-113.486049,44.9682364],[-113.4756989,44.9979434],[-113.5063131,44.990727],[-113.5062806,45.0051829],[-113.5675531,45.0052018],[-113.567579,45.0268333],[-113.5471811,45.0340876],[-113.5471729,45.0413254],[-113.5879454,45.0485727],[-113.5879374,45.0702976],[-113.5777514,45.0702634],[-113.5777486,45.0775125],[-113.58794,45.0775331],[-113.5880943,45.0990616],[-113.6103172,45.0990794],[-113.6103495,45.1570805],[-113.6308043,45.1570749],[-113.6307973,45.1715537],[-113.651251,45.1715976],[-113.647829,45.21452],[-113.6683232,45.2146037],[-113.66836726782505,45.24690441874941],[-113.6502706442559,45.23497172375611],[-113.64924046255729,45.23409165765455],[-113.64910237121148,45.23385083592917],[-113.64766,45.226638],[-113.642932,45.22142],[-113.64120869647174,45.22008481489865],[-113.6365659,45.2119881],[-113.61699968344604,45.20098363636516],[-113.614485,45.198071],[-113.610673,45.197342],[-113.605388,45.192715],[-113.6009124,45.1919358]]]]},"properties":{"objectid":203,"rangerdistrictid":"{37B7474A-55C3-448A-873B-FB7FD95313D2}","region":"04","forestnumber":"13","forestname":"Salmon-Challis National Forest","districtnumber":"08","districtname":"Leadore Ranger District","districtorgcode":"041308"}},{"type":"Feature","geometry":{"type":"MultiPolygon","coordinates":[[[[-114.340102,42.0849743],[-114.3595804,42.0850146],[-114.3596262,42.1140762],[-114.3888769,42.1140788],[-114.3889296,42.1431144],[-114.3988769,42.1430746],[-114.3988508,42.1868266],[-114.4378311,42.1867445],[-114.4378512,42.2013804],[-114.4574262,42.2013825],[-114.4574591,42.2445882],[-114.4770313,42.244565],[-114.4765768,42.331436],[-114.0499884,42.3304791],[-114.0492451,42.3012326],[-114.0288325,42.3014608],[-114.0287926,42.2869482],[-113.989806,42.2871083],[-113.9898143,42.2436474],[-113.9801441,42.2435874],[-113.9800417,42.156697],[-113.9814776,42.1422396],[-113.9912061,42.1422316],[-113.9916284,42.0410534],[-114.0499032,42.0410162],[-114.0500151,41.9975888],[-114.33135000431211,41.99455458029307],[-114.33997142009633,41.994613905155354],[-114.340102,42.0849743]]],[[[-113.1573833,42.0103091],[-113.1768125,42.0103416],[-113.1767148,42.0393152],[-113.1964549,42.0393302],[-113.1959412,42.1547788],[-113.2056492,42.1547844],[-113.2053458,42.2485263],[-113.1955742,42.2485325],[-113.1955908,42.2413611],[-113.1374696,42.2416242],[-113.1376692,42.2127247],[-113.1181347,42.2126975],[-113.1182289,42.1984697],[-113.0988868,42.1985056],[-113.0990062,42.1841557],[-113.0600194,42.1840952],[-113.0599565,42.1555946],[-113.0404635,42.1557089],[-113.0403665,42.1123144],[-113.0208779,42.1123386],[-113.0206708,42.0269675],[-113.0401688,42.0269839],[-113.0401234,42.0125028],[-113.0789252,42.0052648],[-113.07889762831813,41.997546027739986],[-113.15743075355826,41.99680851272339],[-113.1573833,42.0103091]]],[[[-113.555549,42.2487954],[-113.5555511,42.2482227],[-113.5559589,42.2487952],[-113.555549,42.2487954]]],[[[-113.6474876,42.350332],[-113.6181978,42.3502775],[-113.6084329,42.3647038],[-113.5703796,42.3648356],[-113.5698481,42.3432692],[-113.5307642,42.3431782],[-113.5309703,42.299227],[-113.5504463,42.2983936],[-113.5601552,42.2699957],[-113.648317,42.2699705],[-113.6483066,42.2627281],[-113.6580813,42.2627344],[-113.6479742,42.2340367],[-113.5897449,42.2268867],[-113.5895085,42.1688811],[-113.6089984,42.1688794],[-113.6089778,42.1546115],[-113.6681972,42.1551779],[-113.667754,42.1404468],[-113.6870211,42.1404206],[-113.6872258,42.1257385],[-113.7259463,42.1263617],[-113.7356241,42.1119784],[-113.7551129,42.1118906],[-113.7551929,42.1262799],[-113.7649483,42.1263398],[-113.7650046,42.2055996],[-113.7262405,42.2053965],[-113.7262395,42.2921853],[-113.7166121,42.2920884],[-113.7155223,42.3287015],[-113.7058682,42.3287009],[-113.7057532,42.3649509],[-113.6963021,42.3649086],[-113.6961905,42.386587],[-113.6668796,42.3863958],[-113.6669118,42.3720181],[-113.6474034,42.3719655],[-113.6474876,42.350332]]],[[[-113.5020744,42.2819081],[-113.5020598,42.2810648],[-113.5031566,42.2819124],[-113.5020744,42.2819081]]],[[[-113.3675983,42.3116549],[-113.3675505,42.3108689],[-113.3693952,42.3113279],[-113.3675983,42.3116549]]],[[[-112.965397,42.4727429],[-112.945759,42.472628],[-112.9457815,42.4581611],[-112.926383,42.4582724],[-112.9265738,42.4141413],[-112.9067194,42.4146756],[-112.9066345,42.3134766],[-112.8968572,42.3134553],[-112.8968304,42.2917313],[-112.887064,42.2917179],[-112.8870737,42.2555352],[-112.9260737,42.2555723],[-112.926061,42.2700622],[-113.0206027,42.2706497],[-113.0211524,42.3277934],[-113.0994069,42.3278248],[-113.0994912,42.4581154],[-113.0408945,42.4582097],[-113.0408779,42.4727097],[-113.0212251,42.47274],[-113.0212344,42.4872359],[-112.9850404,42.4872085],[-112.9849782,42.5018049],[-112.9653493,42.5018239],[-112.965397,42.4727429]]]]},"properties":{"objectid":204,"rangerdistrictid":"{58310115-AED4-4982-8B08-AB017D36B364}","region":"04","forestnumber":"14","forestname":"Sawtooth National Forest","districtnumber":"01","districtname":"Minidoka Ranger District","districtorgcode":"041401"}},{"type":"Feature","geometry":{"type":"MultiPolygon","coordinates":[[[[-114.2843831,43.8833909],[-114.2758152,43.8310571],[-114.1956608,43.7897095],[-114.1797154,43.7898316],[-114.1644719,43.7764229],[-114.1417363,43.7740006],[-114.1325809,43.7504984],[-114.1069462,43.7365518],[-114.0665409,43.7359644],[-114.0533115,43.7461801],[-114.0531895,43.762362],[-114.0298054,43.7734094],[-114.004224,43.7650247],[-113.9935963,43.7558732],[-113.9971363,43.7431131],[-113.9856235,43.7372652],[-113.9865081,43.7255126],[-113.9741643,43.7078465],[-113.9113742,43.6715189],[-113.9052324,43.6495463],[-113.8625843,43.6451745],[-113.8360035,43.6050134],[-113.8134267,43.5994989],[-113.9714706,43.5998487],[-113.971458,43.5853711],[-114.2287546,43.5846345],[-114.2288414,43.6281592],[-114.1876245,43.6280217],[-114.18772,43.6569918],[-114.3066878,43.6577191],[-114.3066613,43.7010846],[-114.32659,43.7016431],[-114.3270571,43.7306147],[-114.3870014,43.7307382],[-114.3864041,43.6293735],[-114.4067212,43.6292936],[-114.4070082,43.5137423],[-114.4466616,43.513734],[-114.4467653,43.4993195],[-114.466851,43.4993813],[-114.4668257,43.4850147],[-114.5144855,43.4856126],[-114.5158589,43.4933876],[-114.5609715,43.4981254],[-114.596021,43.5319275],[-114.586614,43.5588592],[-114.6220983,43.5752853],[-114.6361593,43.5735878],[-114.6519292,43.5931457],[-114.6823171,43.5906395],[-114.6810277,43.6126007],[-114.6612066,43.6554169],[-114.6687444,43.6686767],[-114.6795856,43.6697371],[-114.6876805,43.6907796],[-114.676412,43.6979736],[-114.6804021,43.7228416],[-114.6639837,43.7514175],[-114.6535085,43.758448],[-114.6371358,43.7512688],[-114.6279806,43.7678589],[-114.6109212,43.7745384],[-114.5801404,43.7708407],[-114.5516714,43.7813439],[-114.5083582,43.7740985],[-114.4684041,43.7923912],[-114.4415195,43.7942611],[-114.4190012,43.7842122],[-114.3445821,43.8371887],[-114.3572828,43.8528127],[-114.3483634,43.867137],[-114.3565571,43.8742395],[-114.340575,43.8896699],[-114.2843831,43.8833909]]],[[[-114.3100435,43.519784],[-114.3098142,43.5194721],[-114.3105165,43.5196017],[-114.3100435,43.519784]]],[[[-114.3603035,43.6848759],[-114.3596055,43.6846507],[-114.3607941,43.6845257],[-114.3603035,43.6848759]]],[[[-114.369154,43.6887565],[-114.3680418,43.6888538],[-114.3700125,43.6880188],[-114.369154,43.6887565]]]]},"properties":{"objectid":205,"rangerdistrictid":"{B042B696-CBF2-4625-B393-CF50474B5DAC}","region":"04","forestnumber":"14","forestname":"Sawtooth National Forest","districtnumber":"03","districtname":"Ketchum Ranger District","districtorgcode":"041403"}},{"type":"Feature","geometry":{"type":"Polygon","coordinates":[[[-114.9993911,44.3320018],[-114.9859138,44.3160385],[-114.9715247,44.3125366],[-114.9723411,44.2967667],[-114.9258513,44.309209],[-114.9367995,44.2880489],[-114.9246611,44.2797862],[-114.9373869,44.2720348],[-114.9325041,44.2689754],[-114.9405608,44.2525874],[-114.9260344,44.2441798],[-114.8736091,44.250071],[-114.848577,44.2707962],[-114.8327915,44.2635827],[-114.7361235,44.27448],[-114.6566862,44.2531101],[-114.636597,44.2591809],[-114.5345625,44.2595302],[-114.5139025,44.2534064],[-114.5138385,44.2321311],[-114.3930491,44.2322465],[-114.3930631,44.2176792],[-114.4232077,44.2031575],[-114.4230522,44.1741298],[-114.4129773,44.1741375],[-114.4129316,44.1596303],[-114.4230047,44.1596196],[-114.4330619,44.1307742],[-114.4529412,44.1307195],[-114.4529297,44.11622],[-114.4730418,44.1162248],[-114.473035,44.0726931],[-114.4529508,44.0726547],[-114.4506023,44.0360207],[-114.4611104,44.0322443],[-114.449529,43.9982781],[-114.4051939,43.9694291],[-114.3903682,43.9413334],[-114.4034439,43.9191763],[-114.4147617,43.9166869],[-114.4155619,43.9053964],[-114.404279,43.8922384],[-114.3497157,43.8691246],[-114.3572828,43.8528127],[-114.3445821,43.8371887],[-114.4190012,43.7842122],[-114.4415195,43.7942611],[-114.4684041,43.7923912],[-114.5083582,43.7740985],[-114.5516714,43.7813439],[-114.5801404,43.7708407],[-114.6109212,43.7745384],[-114.6279806,43.7678589],[-114.6371358,43.7512688],[-114.6535085,43.758448],[-114.6804784,43.7424606],[-114.6908239,43.7514137],[-114.6993154,43.8003754],[-114.7163366,43.8153481],[-114.7246984,43.8059601],[-114.7551931,43.8007072],[-114.7604345,43.7917732],[-114.8004583,43.802668],[-114.8283285,43.7879852],[-114.8530286,43.7910777],[-114.8500684,43.8177539],[-114.9106382,43.8316737],[-114.951753,43.8543864],[-114.9701819,43.8486276],[-114.9891261,43.8587703],[-115.000626,43.8508302],[-115.0039674,43.8289736],[-115.0195758,43.8229605],[-115.040502,43.766497],[-115.0571722,43.7836937],[-115.0585612,43.8218368],[-115.1281616,43.8226843],[-115.1306052,43.8399185],[-115.1431975,43.8396044],[-115.1479429,43.8488093],[-115.1844267,43.8428698],[-115.1910199,43.8520853],[-115.177139,43.8821129],[-115.1907239,43.8828466],[-115.2027862,43.8952821],[-115.1940955,43.9488159],[-115.2330336,43.9584361],[-115.2265067,43.9720749],[-115.2569289,44.0000659],[-115.2466368,44.0202304],[-115.2577186,44.0417045],[-115.2205787,44.0739006],[-115.2356773,44.0962585],[-115.1893592,44.0895027],[-115.1794486,44.0944771],[-115.1820121,44.1110138],[-115.1738487,44.1134323],[-115.1678291,44.1411842],[-115.1789412,44.1620303],[-115.1393028,44.1800522],[-115.1690688,44.2059413],[-115.1627288,44.2138186],[-115.1747756,44.2355395],[-115.1565071,44.2466339],[-115.1673484,44.2575935],[-115.1660743,44.2767014],[-115.1790748,44.2974152],[-115.1202435,44.3264215],[-115.0911345,44.3225795],[-115.0567756,44.3473191],[-114.9993911,44.3320018]]]},"properties":{"objectid":206,"rangerdistrictid":"{BC47F5F2-AF92-4354-B96C-021B75EE8A70}","region":"04","forestnumber":"14","forestname":"Sawtooth National Forest","districtnumber":"04","districtname":"Sawtooth National Recreation Area","districtorgcode":"041404"}},{"type":"Feature","geometry":{"type":"MultiPolygon","coordinates":[[[[-112.71969363009961,44.50416474527439],[-112.68663012480815,44.49425843573777],[-112.685869,44.493308],[-112.68146661560824,44.49251731300118],[-112.66442906852548,44.486772293586455],[-112.66357,44.486249],[-112.66304004435281,44.48630391801568],[-112.6620127,44.4859575],[-112.63295386341989,44.491016341970926],[-112.6290548,44.4828241],[-112.62855926112094,44.482967923520086],[-112.628524,44.482794],[-112.624741,44.483084],[-112.62254039795589,44.484714817908895],[-112.60193673960671,44.49069475368285],[-112.58485,44.481107],[-112.582725,44.482078],[-112.58159764713633,44.481736972691955],[-112.5777806,44.4800548],[-112.54777925872716,44.48335047384785],[-112.547445,44.483108],[-112.5419744287053,44.4837406511021],[-112.5414728501544,44.48358608786853],[-112.534688,44.47834],[-112.518174,44.475773],[-112.51362465819211,44.4747511507951],[-112.5133338544051,44.474481638688694],[-112.511753,44.470997],[-112.511445,44.467059],[-112.508763,44.46526],[-112.50119645668232,44.46323290062973],[-112.5005442,44.4626284],[-112.4873046144058,44.470673739382676],[-112.48503,44.470867],[-112.48440953426214,44.4724330015688],[-112.4803782793973,44.47488268651513],[-112.479885,44.474963],[-112.47886876943629,44.47579997503987],[-112.47335958218522,44.4791477596697],[-112.47263357460048,44.479121463331985],[-112.4552997,44.4662777],[-112.44336965585977,44.46658878050742],[-112.441877,44.46612],[-112.440905,44.464842],[-112.43993209836219,44.4642610989073],[-112.4341262,44.4543076],[-112.43295622805806,44.45444749050289],[-112.427547,44.453501],[-112.422939,44.454675],[-112.416451,44.453255],[-112.409256,44.457057],[-112.4077384108065,44.457172591795654],[-112.3868844,44.4472828],[-112.3660226,44.4671593],[-112.36200183801685,44.483267243186596],[-112.360888,44.485057],[-112.358483,44.485736],[-112.3566,44.493127],[-112.358347,44.496005],[-112.356812,44.497956],[-112.3570105,44.5032635],[-112.2996331,44.5033326],[-112.2996298,44.496089],[-112.2895217,44.4961013],[-112.2894209,44.4817317],[-112.2696856,44.4890455],[-112.2694812,44.4819714],[-112.2490602,44.4751127],[-112.2489955,44.4675976],[-112.2094663,44.4677001],[-112.209607,44.5404257],[-112.18985429739615,44.535310254620356],[-112.183937,44.533067],[-112.18107203813592,44.53303587382009],[-112.1800481,44.5327707],[-112.16467010426591,44.54152211284977],[-112.153213,44.538517],[-112.148886,44.536756],[-112.145125,44.539347],[-112.137075,44.539767],[-112.135192,44.537147],[-112.13436082475634,44.53730691174131],[-112.1270758,44.5288804],[-112.107846779142,44.522630989474486],[-112.106755,44.520829],[-112.1021951,44.5207942],[-112.101564,44.520847],[-112.096299,44.523212],[-112.09603323978722,44.523814508128474],[-112.0760134457796,44.533627445209746],[-112.074895,44.533581],[-112.07048479370097,44.53633737893689],[-112.06938498923087,44.5368764610105],[-112.06572279012703,44.53642261364777],[-112.03503094969697,44.528961464744704],[-112.034286,44.528431],[-112.03340782729236,44.5285668856716],[-112.0328324,44.528427],[-112.03283242005563,44.52865592237034],[-112.032386,44.528725],[-112.03283298714084,44.53512884569612],[-112.03283397683356,44.546425569685326],[-112.032707,44.546642],[-112.02444246598331,44.545017234367194],[-112.016429,44.541925],[-112.01283945359552,44.54270429369142],[-112.0091596791675,44.54197076866639],[-112.00772,44.541008],[-112.005445,44.538421],[-112.002879,44.537782],[-111.999933,44.537893],[-111.99642,44.535577],[-111.994275,44.53515],[-111.992396,44.537347],[-111.988585,44.537151],[-111.98100015476449,44.53635745832721],[-111.9778008,44.5357197],[-111.971637,44.537609],[-111.96859672693105,44.54226547044286],[-111.96550783137812,44.54446223714169],[-111.964099,44.544085],[-111.962229,44.545242],[-111.96178495037992,44.54710988283264],[-111.95866671544087,44.5493275151727],[-111.954403,44.548666],[-111.951158,44.549918],[-111.94892497293823,44.55625566640075],[-111.947047,44.556978],[-111.941106,44.556152],[-111.93857661449728,44.556925246835064],[-111.91753389446853,44.55673437235416],[-111.916564,44.556333],[-111.908263,44.556435],[-111.90671082144829,44.556636198332846],[-111.9032714,44.556605],[-111.9004046290043,44.55745362710414],[-111.899638,44.557553],[-111.89905917259605,44.55785191171675],[-111.88498597534323,44.56201788683251],[-111.882445,44.560781],[-111.879459,44.560409],[-111.874046,44.562745],[-111.870365,44.563531],[-111.869575,44.565834],[-111.86877233066042,44.565834],[-111.86638019296589,44.562247994092054],[-111.867578,44.559595],[-111.864895,44.557116],[-111.863585,44.551339],[-111.85769381692093,44.54922642100821],[-111.85628414799069,44.54711321442999],[-111.856246,44.545855],[-111.85474290237119,44.544802763861114],[-111.8423077,44.5261614],[-111.82949700616079,44.51556379106646],[-111.824333,44.510748],[-111.82153,44.508941],[-111.8083654,44.5098561],[-111.8036308,44.4836667],[-111.8198721,44.4747629],[-111.9201642,44.474657],[-111.9202063,44.4456807],[-111.9805859,44.4461541],[-111.980688,44.4316337],[-111.9605384,44.4315348],[-111.9605133,44.4025523],[-111.9523698,44.4025195],[-111.9523253,44.389426],[-111.9926911,44.389479],[-111.9926822,44.3822264],[-112.0128702,44.382229],[-112.0128584,44.374979],[-112.123381,44.3754827],[-112.1233879,44.3828126],[-112.1334845,44.3827887],[-112.1437466,44.3970722],[-112.1837651,44.3970605],[-112.1840223,44.3680948],[-112.1941066,44.3680886],[-112.1941385,44.3608648],[-112.394571,44.3629011],[-112.3946538,44.4039923],[-112.5153239,44.4040543],[-112.5153331,44.461002],[-112.6970669,44.4611223],[-112.6952385,44.3747888],[-112.654904,44.3748372],[-112.6549532,44.3169078],[-112.6454323,44.3169007],[-112.6453178,44.2957901],[-112.6347558,44.2957964],[-112.6350192,44.2596073],[-112.695837,44.2595763],[-112.6958336,44.2451112],[-112.7159731,44.2450546],[-112.7160008,44.2168746],[-112.6957909,44.2168748],[-112.6959596,44.1589236],[-112.7060398,44.15892],[-112.7060694,44.1305888],[-112.6960217,44.130615],[-112.6960377,44.1161027],[-112.6859872,44.1161039],[-112.6860323,44.0726431],[-112.7362747,44.0726214],[-112.7362484,44.0870893],[-112.7762607,44.0875572],[-112.7762575,44.1020457],[-112.8137603,44.1020518],[-112.8137535,44.1171604],[-112.8339075,44.1173966],[-112.8337859,44.1467642],[-112.8739606,44.1467829],[-112.8739922,44.1612636],[-112.8940483,44.1613413],[-112.8942741,44.25924],[-112.904321,44.2592286],[-112.9043325,44.2737032],[-112.9143784,44.2737004],[-112.914424,44.3026464],[-112.9343996,44.3026836],[-112.934277,44.3217934],[-112.9544413,44.321732],[-112.9645145,44.3506432],[-112.9846942,44.3505666],[-112.9846519,44.3653853],[-112.994755,44.3653849],[-112.9947337,44.3794903],[-113.0048371,44.3794592],[-113.0150333,44.4082031],[-113.0351885,44.4082216],[-113.0352596,44.4373291],[-112.9834932,44.4372773],[-112.98272193487361,44.436891128467074],[-112.979377,44.433559],[-112.9642,44.423787],[-112.95759505412124,44.42431012911205],[-112.95320327435518,44.422111170198335],[-112.951109,44.417442],[-112.93958,44.412502],[-112.93485934644798,44.41292638727826],[-112.9135889,44.4022763],[-112.9015463,44.398818],[-112.8997998142751,44.399861525257066],[-112.897619,44.400441],[-112.894023538532,44.403312850134064],[-112.89051074799711,44.40541174255194],[-112.88934087808188,44.4052334766601],[-112.8816172,44.3792337],[-112.87316238254593,44.37422649189036],[-112.873281,44.372349],[-112.86669850711806,44.37039838210113],[-112.86174782999004,44.367466435811544],[-112.855086,44.35997],[-112.8459714711739,44.3581231812429],[-112.8455362,44.3578654],[-112.845176,44.357962],[-112.84480318004303,44.35828854276049],[-112.83713146827421,44.36271711153908],[-112.829938,44.365548],[-112.820489,44.370946],[-112.81382279193552,44.376172267235006],[-112.8121455,44.3771405],[-112.81293209417517,44.386012188006376],[-112.811943,44.387905],[-112.813072,44.393264],[-112.81360838014703,44.39363975293722],[-112.81386067369917,44.39648527322113],[-112.812986,44.397713],[-112.810937,44.398292],[-112.811106,44.398878],[-112.81523556900028,44.39949477201634],[-112.8217869645202,44.4061790111272],[-112.821896,44.407436],[-112.830697,44.415892],[-112.835699,44.421975],[-112.83873092146526,44.42346654312869],[-112.83937898870012,44.424127751316256],[-112.839427,44.425119],[-112.83613,44.42635],[-112.832644,44.429661],[-112.828137,44.431504],[-112.827617,44.432943],[-112.82801347422412,44.43665773620185],[-112.8105550816786,44.454079779094826],[-112.80946,44.453192],[-112.807706,44.453122],[-112.80581,44.455994],[-112.802497,44.457204],[-112.79758,44.461893],[-112.797236,44.466922],[-112.789483,44.472533],[-112.785506,44.479056],[-112.78524654140533,44.479210670675116],[-112.7422405,44.4885742],[-112.72039282857747,44.50394999515889],[-112.71969363009961,44.50416474527439]]],[[[-112.231825,44.1708889],[-112.2313277,44.1708937],[-112.2318259,44.1703964],[-112.231825,44.1708889]]],[[[-112.2324947,44.1711329],[-112.2319519,44.1711411],[-112.232501,44.1703345],[-112.2324947,44.1711329]]],[[[-112.2306224,44.177074],[-112.2306345,44.1767391],[-112.2310455,44.1770695],[-112.2306224,44.177074]]],[[[-112.229419,44.1776376],[-112.229328,44.1772174],[-112.231089,44.1776406],[-112.229419,44.1776376]]],[[[-112.2301804,44.1781656],[-112.2300729,44.1776695],[-112.2311033,44.1780621],[-112.2301804,44.1781656]]],[[[-113.2173168,44.3575669],[-113.2071701,44.3575759],[-113.2071996,44.3285709],[-113.1767208,44.3213979],[-113.1664656,44.2918392],[-113.1160062,44.2881641],[-113.1160035,44.277317],[-113.095859,44.2773403],[-113.0958698,44.2628671],[-113.0757068,44.2628488],[-113.0756923,44.233934],[-113.0555883,44.2339429],[-113.0556171,44.2195955],[-113.0356294,44.2195286],[-113.0354791,44.1905252],[-113.0153624,44.190464],[-113.0153113,44.1615277],[-112.9951781,44.1614719],[-112.9951846,44.1248008],[-112.9549702,44.1247561],[-112.9552308,44.0595886],[-112.9341414,44.0595804],[-112.9341774,44.0013409],[-112.9042333,44.0013551],[-112.9042915,43.9795915],[-112.894268,43.9795905],[-112.8942579,43.9432285],[-112.8842127,43.943191],[-112.8943467,43.8852881],[-112.9252062,43.885802],[-112.9277849,43.9189746],[-112.954503,43.9376093],[-112.9481096,43.9464594],[-112.972333,44.0128924],[-112.9926348,44.0174701],[-112.9842806,44.0262095],[-113.0203142,44.0299441],[-113.0263491,44.0470225],[-113.0416079,44.0517451],[-113.0447741,44.0640819],[-113.0674486,44.0625979],[-113.0766344,44.0900523],[-113.0727358,44.1021945],[-113.0861636,44.1218555],[-113.0827838,44.1414019],[-113.1089068,44.1635272],[-113.1288043,44.1669948],[-113.1382266,44.1809718],[-113.1346331,44.1936213],[-113.1474276,44.2031962],[-113.1462603,44.2174517],[-113.193967,44.2362849],[-113.1872455,44.2466303],[-113.194173,44.2554576],[-113.2223864,44.2625415],[-113.232915,44.2754656],[-113.2295886,44.2960994],[-113.2531024,44.3073146],[-113.2500201,44.3315379],[-113.2778217,44.3484866],[-113.2672779,44.3700014],[-113.2172867,44.379231],[-113.2173168,44.3575669]]],[[[-112.974972,44.2414729],[-112.9649147,44.2414994],[-112.9649667,44.2342539],[-112.9750294,44.2342254],[-112.974972,44.2414729]]]]},"properties":{"objectid":208,"rangerdistrictid":"{5190B4AB-AE7F-43F4-8DA9-F83660FCB01E}","region":"04","forestnumber":"15","forestname":"Caribou-Targhee National Forest","districtnumber":"51","districtname":"Dubois Ranger District","districtorgcode":"041551"}},{"type":"Feature","geometry":{"type":"MultiPolygon","coordinates":[[[[-111.37826715333149,44.75168356157594],[-111.37746175079307,44.751305001126816],[-111.37492656374079,44.74871104298936],[-111.375087,44.748453],[-111.37375866421785,44.74751606904511],[-111.36651816194437,44.74010771636575],[-111.366703,44.738524],[-111.361902,44.734936],[-111.355153,44.727195],[-111.35345835020404,44.726745150117665],[-111.3528415,44.726114],[-111.35219527423367,44.72640986280462],[-111.348067,44.725314],[-111.341599,44.729383],[-111.33740714140876,44.73312347325284],[-111.33253,44.731309],[-111.33124046130621,44.73137797613975],[-111.32528566258244,44.729692452680034],[-111.32393437446224,44.72900433339742],[-111.32338158512894,44.72541568780402],[-111.323729,44.724619],[-111.322484,44.718776],[-111.32234202255904,44.71866696562226],[-111.3222889,44.7183221],[-111.32024032291108,44.717052923900184],[-111.318519,44.715731],[-111.317875,44.714477],[-111.306802,44.707705],[-111.30305183460224,44.706403962398326],[-111.30074533121834,44.70497499055986],[-111.300262,44.703923],[-111.296038,44.702053],[-111.29670956296395,44.69458821945169],[-111.297243,44.693601],[-111.29689413034997,44.69262216263756],[-111.2970037,44.691455],[-111.290467,44.686021],[-111.29019860437164,44.68603409807432],[-111.27424453195631,44.67332517132272],[-111.26968,44.668832],[-111.26714140431189,44.667666858724516],[-111.26681848738372,44.667409624867226],[-111.2669180485544,44.666706075609426],[-111.26901096035546,44.663815031136366],[-111.27178,44.662542],[-111.275613,44.656672],[-111.277577,44.655275],[-111.279918,44.655191],[-111.280473,44.654778],[-111.2782725,44.6510216],[-111.276368,44.649554],[-111.271266,44.64731],[-111.268824,44.647177],[-111.262584,44.64969],[-111.25308849947655,44.651117148626795],[-111.25276,44.650923],[-111.253139,44.649983],[-111.251347,44.648591],[-111.249236,44.644104],[-111.247684,44.643557],[-111.24370892569218,44.6434274332405],[-111.2286184957213,44.63048921717792],[-111.224046,44.624888],[-111.220145,44.622996],[-111.22010984990601,44.62223986425724],[-111.2411261,44.6145302],[-111.23248221148755,44.591768991891996],[-111.232571,44.589362],[-111.23101003658714,44.587892440357194],[-111.23088223071875,44.587555900157284],[-111.232058,44.585043],[-111.229483,44.582382],[-111.230182,44.581217],[-111.227504,44.577172],[-111.22568,44.576371],[-111.2247264341176,44.576462440319574],[-111.21915741722204,44.57554896760342],[-111.219032,44.57542],[-111.21823295056707,44.57539732951682],[-111.18103,44.569231],[-111.18029151564835,44.56438063120941],[-111.180747,44.554883],[-111.1787196185831,44.5532737370046],[-111.1786027,44.5524476],[-111.17707855963533,44.55197112299429],[-111.173755,44.549333],[-111.158894,44.546264],[-111.1505455,44.5349233],[-111.131382,44.532429],[-111.138568,44.518853],[-111.138618,44.516854],[-111.130659,44.500131],[-111.12811291340503,44.49916794512859],[-111.127383,44.49762],[-111.119675,44.494349],[-111.115061,44.493848],[-111.112837,44.490466],[-111.107213,44.486929],[-111.104475,44.486718],[-111.100918,44.487783],[-111.09708584877777,44.4864638308837],[-111.0980295,44.1328523],[-111.04913909382441,44.132802501615195],[-111.049119,44.124923],[-111.048452,44.114831],[-111.048633,44.062903],[-111.048751,44.060838],[-111.049077,44.020072],[-111.047349,43.999921],[-111.04708486625812,43.984666117925045],[-111.0588347,43.9843242],[-111.1299113,43.9589794],[-111.1299693,43.9760416],[-111.1599561,43.9759673],[-111.1592541,44.0484861],[-111.1985686,44.0486661],[-111.1941084,44.0706305],[-111.2344291,44.0707581],[-111.2340358,44.1136556],[-111.31413,44.114405],[-111.3137953,44.1285258],[-111.3344811,44.128804],[-111.3553271,44.1286564],[-111.3603813,44.1146473],[-111.367807,44.1146182],[-111.3653159,44.1217458],[-111.3951344,44.1217226],[-111.3951584,44.1289682],[-111.4358072,44.1291652],[-111.4357525,44.143712],[-111.5361863,44.1438961],[-111.5362648,44.1729929],[-111.5463334,44.1730242],[-111.5463208,44.1875021],[-111.5564667,44.1875355],[-111.5564785,44.2309223],[-111.6170345,44.2311775],[-111.6169519,44.2745991],[-111.5766336,44.274443],[-111.5766056,44.2888958],[-111.6772527,44.2892327],[-111.6772621,44.30372],[-111.6973494,44.3037448],[-111.6973489,44.3399362],[-111.7175159,44.3399803],[-111.7176397,44.4015953],[-111.5972471,44.4012519],[-111.5972846,44.4302828],[-111.5566731,44.4301642],[-111.5567124,44.4156472],[-111.5495137,44.4120305],[-111.5567516,44.4011301],[-111.4937432,44.404797],[-111.4633385,44.426522],[-111.4379654,44.4224835],[-111.4379265,44.4442274],[-111.4480709,44.4443573],[-111.4480625,44.4515795],[-111.4379381,44.4514713],[-111.438072,44.4877541],[-111.458286,44.4880035],[-111.4579958,44.4736373],[-111.5566706,44.4737309],[-111.5566036,44.488248],[-111.5769498,44.4882943],[-111.5768478,44.4738847],[-111.6176212,44.4738242],[-111.6176477,44.4883903],[-111.6380112,44.4884535],[-111.637907,44.4812909],[-111.6686001,44.488448],[-111.6682288,44.4741997],[-111.7386302,44.4740716],[-111.7386036,44.4596206],[-111.7994864,44.4601327],[-111.7994681,44.4747732],[-111.8198721,44.4747629],[-111.8038177,44.4816721],[-111.80903489696978,44.510664970229946],[-111.808102,44.511177],[-111.809205,44.513071],[-111.808285,44.514186],[-111.806082,44.516121],[-111.80723292480327,44.51732392601615],[-111.80399079292462,44.524172802337716],[-111.80358622372039,44.52442809907581],[-111.7863936403823,44.523942924768264],[-111.785451,44.523598],[-111.78462058680257,44.523892889236905],[-111.7797946,44.5237567],[-111.7789314715548,44.52449569279123],[-111.777623,44.525097],[-111.77395861891918,44.52875334675913],[-111.77238727447356,44.530098699498105],[-111.770419,44.53006],[-111.76785640563521,44.52873364007823],[-111.7627991,44.5257669],[-111.74626964741903,44.54077791925345],[-111.74178891589774,44.54125916542016],[-111.71620722884302,44.54343025280826],[-111.715648,44.543369],[-111.7153477,44.5435032],[-111.71137860230226,44.548819336945755],[-111.709358,44.550222],[-111.705233,44.556773],[-111.70502269404317,44.55733232435328],[-111.7032044279542,44.559767676735326],[-111.701745,44.559952],[-111.691208,44.55658],[-111.688635,44.557153],[-111.6876203452724,44.55820743396642],[-111.66246352020335,44.55493607792425],[-111.661116,44.554096],[-111.659265,44.552663],[-111.654926,44.553405],[-111.65413080384211,44.55385250390642],[-111.6140265,44.5486374],[-111.61375979675985,44.54877028678566],[-111.612669,44.548768],[-111.611538,44.549503],[-111.604664,44.553022],[-111.601083,44.554085],[-111.591864,44.559263],[-111.59201867879327,44.5596029533918],[-111.58618561209404,44.56250932034778],[-111.580111,44.559718],[-111.568629,44.557667],[-111.564798,44.557607],[-111.562814,44.555209],[-111.555185,44.555123],[-111.551371,44.556176],[-111.54707341102747,44.55717104259609],[-111.54580580536751,44.55639550571731],[-111.544,44.553883],[-111.53630039337634,44.55057997666124],[-111.5157499856971,44.538006982130995],[-111.51527,44.537016],[-111.51382156542176,44.53682715066721],[-111.5123408,44.5359212],[-111.50936594482526,44.53624621937111],[-111.50872,44.536162],[-111.50835714188239,44.53635643666869],[-111.4713805264979,44.54039633628468],[-111.469596,44.540035],[-111.468269,44.538976],[-111.466646,44.540557],[-111.46515104102161,44.54107694200594],[-111.463611,44.5412452],[-111.4682114702402,44.554399412166305],[-111.467984,44.55495],[-111.4693353,44.5576128],[-111.475465,44.556361],[-111.47577921139182,44.55469193214803],[-111.47862675008331,44.55340627617882],[-111.481378,44.555946],[-111.485798,44.557535],[-111.492024,44.56081],[-111.49902409764265,44.56095544392159],[-111.50987992812047,44.56504492855904],[-111.5050753415919,44.56894332223768],[-111.502577,44.568717],[-111.500924,44.571286],[-111.5011452,44.5721322],[-111.50134,44.57249],[-111.507023,44.576764],[-111.51441589009262,44.58046489818185],[-111.51836890492571,44.58294700568964],[-111.5192669140905,44.584340745185116],[-111.519424,44.588712],[-111.52088072641519,44.58940735854331],[-111.52380146057642,44.59857709314674],[-111.520513,44.600283],[-111.519337,44.601768],[-111.521415,44.60362],[-111.524859,44.604138],[-111.52517289221053,44.605121343739185],[-111.520145,44.612278],[-111.5209871708218,44.612591648739325],[-111.51874495686151,44.61659335372717],[-111.515937,44.620382],[-111.513176,44.621267],[-111.51165004444852,44.62240184407979],[-111.50531967502572,44.62523179762824],[-111.504556,44.625312],[-111.5036314712403,44.62598649896934],[-111.5025063,44.6264895],[-111.50266603040025,44.62669084574573],[-111.502489,44.62682],[-111.503454,44.6294],[-111.5069018433407,44.63203023583005],[-111.51089400725607,44.63706249781243],[-111.511696,44.638871],[-111.51265052300859,44.639276647238695],[-111.51619609640055,44.643745966275766],[-111.516167,44.644059],[-111.51108,44.644287],[-111.508109,44.645544],[-111.505777,44.644309],[-111.504392,44.644528],[-111.502482,44.646374],[-111.501391,44.648814],[-111.500888,44.649189],[-111.50024,44.64882],[-111.495275,44.644323],[-111.491934,44.643134],[-111.4916511782948,44.64346726808146],[-111.4901211,44.6424494],[-111.4821314701826,44.655938427476414],[-111.47756,44.660308],[-111.47855,44.661849],[-111.473318,44.665004],[-111.472255,44.666896],[-111.472988,44.668111],[-111.47449376705644,44.668833291153454],[-111.46875402103036,44.6785238016806],[-111.468514,44.678733],[-111.468417,44.6790928],[-111.46873754116922,44.67924600803921],[-111.468809,44.67941],[-111.47036058091452,44.68002176716412],[-111.48038810460939,44.68481459064806],[-111.484898,44.687578],[-111.482607,44.691174],[-111.483765,44.694464],[-111.486773,44.695939],[-111.487246,44.697941],[-111.4874195217358,44.698112555855104],[-111.48862777602022,44.7057377770693],[-111.48329611995251,44.70744065465165],[-111.479477,44.706806],[-111.471692,44.709769],[-111.46826236333291,44.7120515079225],[-111.45399685667651,44.71642673892374],[-111.44646,44.717737],[-111.44369963423206,44.719584897126644],[-111.44140834515768,44.72028763550338],[-111.43997302906334,44.72034791877934],[-111.4171438639398,44.711751895960916],[-111.415787,44.710871],[-111.414273,44.710739],[-111.41347368482853,44.71163223580388],[-111.40060123817825,44.721863821003744],[-111.399852,44.721993],[-111.397759,44.724077],[-111.39724380432989,44.727635216194074],[-111.397039,44.727934],[-111.3971577103872,44.728147976649055],[-111.39323514608289,44.75151008314515],[-111.39255607425856,44.75227739123066],[-111.37826715333149,44.75168356157594]],[[-111.4579819,44.6900585],[-111.4579499,44.6755823],[-111.4376262,44.6756045],[-111.4376909,44.6539874],[-111.4529027,44.6466639],[-111.4478429,44.6177332],[-111.4782314,44.6104787],[-111.4782522,44.6032463],[-111.3768417,44.6035484],[-111.3769069,44.5890215],[-111.3566402,44.5890978],[-111.361734,44.5419841],[-111.3465746,44.5347469],[-111.3466642,44.5238269],[-111.3264553,44.5238664],[-111.3265505,44.5165621],[-111.2966641,44.5166713],[-111.296666,44.5312073],[-111.2561334,44.5311814],[-111.2560993,44.5601981],[-111.2763593,44.5602522],[-111.2763546,44.5747894],[-111.3059177,44.5747464],[-111.2958054,44.5820002],[-111.3160534,44.5820032],[-111.3159925,44.6471872],[-111.3058608,44.6471981],[-111.3059162,44.6689328],[-111.3109662,44.6616637],[-111.3767655,44.6614049],[-111.3762313,44.6757482],[-111.3967549,44.6757781],[-111.3968193,44.6902478],[-111.4172108,44.6902951],[-111.4172439,44.7047284],[-111.4377521,44.7047671],[-111.4427611,44.6900803],[-111.4579819,44.6900585]],[[-111.3132949,44.394653],[-111.298237,44.3548605],[-111.2728981,44.3512597],[-111.2728898,44.3693703],[-111.2527415,44.3693885],[-111.2376686,44.3802316],[-111.2376868,44.3874644],[-111.2628658,44.3838746],[-111.2729478,44.4008013],[-111.2881655,44.3947404],[-111.3132949,44.394653]]],[[[-111.4455961,44.0717156],[-111.4456072,44.0723826],[-111.4449965,44.071715],[-111.4455961,44.0717156]]],[[[-111.4571166,44.0714084],[-111.4562424,44.0714065],[-111.4570996,44.0706604],[-111.4571166,44.0714084]]],[[[-111.452183,44.0759686],[-111.4516973,44.0759749],[-111.4521744,44.075646],[-111.452183,44.0759686]]],[[[-111.4987576,44.4229741],[-111.4886134,44.4229709],[-111.4987639,44.4193392],[-111.4987576,44.4229741]]]]},"properties":{"objectid":209,"rangerdistrictid":"{2952DF78-8B89-444C-BF7B-7A93981455A5}","region":"04","forestnumber":"15","forestname":"Caribou-Targhee National Forest","districtnumber":"52","districtname":"Ashton/Island Park Ranger District","districtorgcode":"041552"}},{"type":"Feature","geometry":{"type":"MultiPolygon","coordinates":[[[[-111.0793523,43.0847026],[-111.0793631,43.0557497],[-111.1217389,43.1006076],[-111.1463971,43.1543795],[-111.2024885,43.1782443],[-111.2128568,43.1950137],[-111.2504926,43.2094523],[-111.27245,43.2255427],[-111.2749448,43.2356707],[-111.3071561,43.2139956],[-111.3305326,43.220904],[-111.3690992,43.2089449],[-111.4099699,43.1735331],[-111.4114639,43.1793791],[-111.4313428,43.1794082],[-111.4314104,43.1938899],[-111.4695949,43.1945732],[-111.4693559,43.2379898],[-111.4891843,43.2380208],[-111.4891348,43.2672659],[-111.5089489,43.267271],[-111.5089815,43.2961912],[-111.5287795,43.2962345],[-111.5287747,43.3107245],[-111.5486854,43.3107495],[-111.5486843,43.3252342],[-111.5685779,43.3252812],[-111.5673022,43.4019617],[-111.5870891,43.4019855],[-111.5869484,43.4526073],[-111.5669787,43.4525746],[-111.5668199,43.4658679],[-111.44924,43.4657471],[-111.4492363,43.4512991],[-111.414576,43.4512317],[-111.4195708,43.4623963],[-111.4121382,43.4618138],[-111.4030977,43.4512144],[-111.3648115,43.4422747],[-111.3295027,43.4227855],[-111.3045927,43.3994815],[-111.2413908,43.3722331],[-111.2208836,43.351825],[-111.2081813,43.3517864],[-111.2104746,43.3932082],[-111.2303077,43.4040948],[-111.2351728,43.4185891],[-111.2599612,43.440334],[-111.2600071,43.4584572],[-111.2899313,43.4584135],[-111.2999081,43.4728992],[-111.3197404,43.4801213],[-111.3197898,43.4873637],[-111.3346507,43.4875818],[-111.3398282,43.5022294],[-111.3498028,43.5022504],[-111.3494359,43.5132519],[-111.3694744,43.5169163],[-111.3892743,43.5382466],[-111.4335656,43.5383341],[-111.4234435,43.5446689],[-111.4481703,43.5663097],[-111.4431731,43.5772883],[-111.4703261,43.5821559],[-111.4642684,43.5888201],[-111.4699675,43.594813],[-111.4920012,43.5955836],[-111.5336882,43.6152675],[-111.5852553,43.5960223],[-111.5860972,43.6123067],[-111.6060011,43.6195559],[-111.6060038,43.6267987],[-111.6259386,43.626802],[-111.6260352,43.6552058],[-111.5662367,43.655042],[-111.5662434,43.7128465],[-111.4682758,43.7129437],[-111.4240538,43.6749103],[-111.4370314,43.6644923],[-111.4195067,43.6595485],[-111.3984267,43.6691234],[-111.3529097,43.6475474],[-111.3578307,43.6274402],[-111.3034254,43.5861194],[-111.2854124,43.5568797],[-111.2243391,43.5732371],[-111.2162901,43.5715587],[-111.2181437,43.5583366],[-111.2016112,43.5405605],[-111.1435133,43.5467593],[-111.1045805,43.5240771],[-111.0679212,43.5261752],[-111.0559356,43.5194571],[-111.0570875,43.5082271],[-111.0452064248263,43.50150147953515],[-111.044168,43.189244],[-111.044266,43.177236],[-111.04415503481704,43.08612047197963],[-111.0793523,43.0847026]]],[[[-111.3339604,43.4466433],[-111.3333273,43.4511167],[-111.3296117,43.4466374],[-111.3339604,43.4466433]]],[[[-111.9597414,43.543943],[-111.960602,43.5434156],[-111.9606136,43.5447004],[-111.9597414,43.543943]]]]},"properties":{"objectid":210,"rangerdistrictid":"{624539A5-0550-4970-82E1-D39B9C68CD4F}","region":"04","forestnumber":"15","forestname":"Caribou-Targhee National Forest","districtnumber":"54","districtname":"Palisades Ranger District","districtorgcode":"041554"}},{"type":"Feature","geometry":{"type":"MultiPolygon","coordinates":[[[[-111.1137319,42.8351356],[-111.1137499,42.806315],[-111.0940719,42.7954268],[-111.1035161,42.7593096],[-111.1033991,42.7524576],[-111.0938564,42.7525143],[-111.0937649,42.741703],[-111.0937975,42.7198811],[-111.1035805,42.7198465],[-111.1134524,42.6725176],[-111.1575741,42.6756121],[-111.2258343,42.6581789],[-111.2247738,42.6414858],[-111.2405362,42.6040941],[-111.2793164,42.5529734],[-111.3362164,42.5670267],[-111.3405881,42.5862146],[-111.3786968,42.5942064],[-111.4071503,42.5838812],[-111.4071175,42.5903439],[-111.4563704,42.5903587],[-111.456587,42.6048264],[-111.4762126,42.6047309],[-111.4761591,42.6193495],[-111.4857455,42.6192942],[-111.486261,42.7064025],[-111.4178596,42.7064108],[-111.4175657,42.6774067],[-111.3734316,42.6774375],[-111.3734218,42.6629046],[-111.3580714,42.6556878],[-111.3579966,42.6484354],[-111.3384337,42.6485248],[-111.3285225,42.6340851],[-111.3088913,42.6340973],[-111.3090105,42.6558352],[-111.3188426,42.6558094],[-111.3189089,42.6702891],[-111.3287385,42.6702537],[-111.328792,42.6919938],[-111.3287451,42.7209545],[-111.3090867,42.720999],[-111.3091321,42.7571926],[-111.3299604,42.7645528],[-111.3500597,42.7929483],[-111.3981963,42.8006237],[-111.3979629,42.8221708],[-111.4175318,42.8224708],[-111.4221982,42.8332212],[-111.4369306,42.8333047],[-111.4325015,42.8608354],[-111.4127035,42.8608879],[-111.4123921,42.9331596],[-111.4318901,42.9331997],[-111.4318258,42.9483874],[-111.4515144,42.9475014],[-111.4514626,42.9762966],[-111.4208633,42.9761787],[-111.4210049,42.9689187],[-111.4009754,42.9612833],[-111.3914565,42.9474114],[-111.3713798,42.9469815],[-111.3732862,42.9331021],[-111.3388914,42.9332685],[-111.3340395,42.9260993],[-111.3302,42.8364909],[-111.35983,42.8362492],[-111.3590121,42.8219061],[-111.3492625,42.821956],[-111.3497396,42.8074865],[-111.30082,42.8077324],[-111.3009119,42.8005264],[-111.2813716,42.79323],[-111.2712171,42.7646334],[-111.2408739,42.7701494],[-111.2409132,42.7846352],[-111.2569328,42.8004728],[-111.2616108,42.8216474],[-111.27141,42.8215758],[-111.275161,42.9042458],[-111.2947223,42.9043956],[-111.2946932,42.9261525],[-111.284906,42.9260723],[-111.2849603,42.9333245],[-111.2354591,42.9333516],[-111.2355453,42.9551388],[-111.2454108,42.9551089],[-111.2454402,42.9623632],[-111.2947555,42.9623731],[-111.294762,42.9696062],[-111.3145447,42.969595],[-111.3145543,42.9768388],[-111.3340773,42.9768102],[-111.3340804,42.9841108],[-111.353283,42.9841163],[-111.3532224,42.9919928],[-111.363126,42.9920287],[-111.3631287,43.0210981],[-111.3344873,43.0203423],[-111.3345015,43.038469],[-111.3530178,43.0420635],[-111.3529369,43.0501342],[-111.3735759,43.0505892],[-111.3731079,43.0612278],[-111.3527729,43.0610437],[-111.352659,43.0934386],[-111.3730372,43.0935247],[-111.372167,43.1219429],[-111.3820579,43.1218543],[-111.3820001,43.1362359],[-111.3919183,43.1361512],[-111.3918271,43.1505645],[-111.4116693,43.150461],[-111.411517,43.1732356],[-111.3978697,43.1788165],[-111.3848844,43.2010829],[-111.3308912,43.2208506],[-111.3071561,43.2139956],[-111.2753797,43.2356898],[-111.2726873,43.2258467],[-111.2134214,43.195418],[-111.2021299,43.1780268],[-111.1683851,43.1681468],[-111.139462,43.1474101],[-111.1217389,43.1006076],[-111.0793631,43.0557497],[-111.0793687,43.0484541],[-111.0941534,43.0449041],[-111.0793523,43.0412283],[-111.0793358,43.0340024],[-111.0595062,43.0339695],[-111.0595097,43.0194929],[-111.1040396,43.019539],[-111.0991285,42.9905859],[-111.0792991,42.9905697],[-111.0792991,42.9760359],[-111.0644779,42.9760486],[-111.0644752,42.9398396],[-111.04400740395785,42.9398283367616],[-111.044135,42.874924],[-111.04399084594635,42.83651306456493],[-111.1137319,42.8351356]]],[[[-111.5755104,42.6513884],[-111.5742064,42.6523422],[-111.5743772,42.6487016],[-111.5755104,42.6513884]]],[[[-111.5902623,42.6588464],[-111.5902539,42.6579543],[-111.5920287,42.6588373],[-111.5902623,42.6588464]]],[[[-111.5951883,42.6634864],[-111.5947439,42.6634505],[-111.5951905,42.6632788],[-111.5951883,42.6634864]]],[[[-111.0792692,42.7990275],[-111.0743346,42.7990185],[-111.0743532,42.7917936],[-111.0841906,42.7917995],[-111.0792705,42.7954121],[-111.0792692,42.7990275]]]]},"properties":{"objectid":211,"rangerdistrictid":"{8B78C2AE-F31B-4340-AA2C-A81F3BC7FDAE}","region":"04","forestnumber":"15","forestname":"Caribou-Targhee National Forest","districtnumber":"55","districtname":"Soda Springs Ranger District","districtorgcode":"041555"}},{"type":"Feature","geometry":{"type":"MultiPolygon","coordinates":[[[[-111.0467562,43.8413169],[-111.0467443,43.8821754],[-111.0997409,43.8890896],[-111.0997818,43.9035812],[-111.1097841,43.9035664],[-111.1098326,43.9253324],[-111.1298632,43.9361774],[-111.1298802,43.9434246],[-111.1198697,43.9434363],[-111.1198904,43.9543101],[-111.1299113,43.9589794],[-111.0567519,43.9840801],[-111.04707990906518,43.984379818290115],[-111.046917,43.974978],[-111.046515,43.908376],[-111.04665986472533,43.84131692194406],[-111.0467562,43.8413169]]],[[[-111.0463396,43.6958804],[-111.04618719374469,43.696339560127036],[-111.046118,43.684902],[-111.04588,43.681033],[-111.045706,43.659112],[-111.04545466866828,43.57983177676246],[-111.0463396,43.6958804]]],[[[-111.0579115,43.5089862],[-111.0559356,43.5194571],[-111.0679212,43.5261752],[-111.1045805,43.5240771],[-111.1435133,43.5467593],[-111.2016112,43.5405605],[-111.2181437,43.5583366],[-111.2190214,43.5722529],[-111.2854124,43.5568797],[-111.3034254,43.5861194],[-111.3578307,43.6274402],[-111.3529097,43.6475474],[-111.3984267,43.6691234],[-111.4195067,43.6595485],[-111.4366042,43.6641223],[-111.4244658,43.6782977],[-111.4682758,43.7129437],[-111.4471908,43.7129399],[-111.447224,43.7450551],[-111.4198466,43.7450591],[-111.4198731,43.7667652],[-111.3998479,43.7667822],[-111.3998742,43.7966396],[-111.3808018,43.7966166],[-111.3808635,43.8111056],[-111.3203256,43.8181697],[-111.3197943,43.7811658],[-111.2807175,43.766844],[-111.2807163,43.7523521],[-111.2707401,43.7523891],[-111.2706861,43.7161175],[-111.2507252,43.7161254],[-111.2500781,43.6943093],[-111.2209309,43.6798088],[-111.220807,43.6653074],[-111.2108739,43.665285],[-111.211128,43.6218126],[-111.2013036,43.621777],[-111.2013478,43.5855904],[-111.1909982,43.585556],[-111.1810024,43.5710056],[-111.0454256161651,43.570669401214566],[-111.04520742883801,43.50181820776554],[-111.0579115,43.5089862]]],[[[-111.1068502,43.7262401],[-111.1064447,43.7262363],[-111.1068553,43.725946],[-111.1068502,43.7262401]]],[[[-111.4671797,43.734641],[-111.4672009,43.7418605],[-111.4609269,43.7418838],[-111.4621842,43.734648],[-111.4671797,43.734641]]],[[[-111.6802613,43.9557539],[-111.6780234,43.9557103],[-111.6802613,43.9546933],[-111.6802613,43.9557539]]]]},"properties":{"objectid":212,"rangerdistrictid":"{29943EE1-46B4-47BD-9C05-FD270E6ED161}","region":"04","forestnumber":"15","forestname":"Caribou-Targhee National Forest","districtnumber":"56","districtname":"Teton Basin Ranger District","districtorgcode":"041556"}},{"type":"Feature","geometry":{"type":"MultiPolygon","coordinates":[[[[-112.19944,42.0300376],[-112.2091357,42.0299944],[-112.2092134,42.0587591],[-112.2189426,42.0587021],[-112.2190467,42.170367],[-112.2288002,42.1704165],[-112.228831,42.2137683],[-112.2190965,42.213711],[-112.2191178,42.228164],[-112.2142417,42.2209105],[-112.2093906,42.228112],[-112.189999,42.2279854],[-112.1899639,42.2099143],[-112.1725453,42.2098219],[-112.1725048,42.1989891],[-112.1336671,42.1916207],[-112.1386394,42.2386339],[-112.1677688,42.2460235],[-112.1677038,42.2783651],[-112.1823034,42.2963881],[-112.2002351,42.2966583],[-112.2005396,42.329149],[-112.2102931,42.3291172],[-112.2102472,42.3508895],[-112.2200885,42.3508758],[-112.2200594,42.3581348],[-112.1689972,42.3580888],[-112.168914,42.3362811],[-112.1102375,42.3363079],[-112.1102485,42.3725335],[-112.0711362,42.3724867],[-112.0711523,42.3580059],[-112.0609351,42.3580123],[-112.0609749,42.3290129],[-112.0512122,42.3290124],[-112.0525672,42.2560278],[-112.0322259,42.2562855],[-112.0319564,42.1767602],[-112.012545,42.1767806],[-112.0124859,42.1040743],[-112.0752034,42.0969767],[-112.0752123,42.0824842],[-112.0898749,42.0825185],[-112.0899437,41.9978812],[-112.1279309,41.9975828],[-112.153848,41.997226],[-112.173148,42.001515],[-112.186029,42.001206],[-112.1994047279978,42.001195593872474],[-112.19944,42.0300376]]],[[[-112.596495,42.1239137],[-112.5965924,42.0913227],[-112.6449566,42.0588435],[-112.6497523,42.0298891],[-112.6951473,42.0291092],[-112.6951124,42.0580253],[-112.7534626,42.061469],[-112.7485739,42.1135734],[-112.7340115,42.1099788],[-112.7339611,42.1242555],[-112.6755321,42.1241756],[-112.6754843,42.1386496],[-112.6657662,42.1386315],[-112.6657622,42.1241453],[-112.596495,42.1239137]]],[[[-112.2455173,42.1746846],[-112.2455167,42.1742837],[-112.2479283,42.1768066],[-112.2455173,42.1746846]]],[[[-112.5322905,42.1637299],[-112.5225819,42.1673236],[-112.5274321,42.1601211],[-112.5322905,42.1637299]]],[[[-112.5623922,42.2396688],[-112.567245,42.1746515],[-112.7141738,42.1749629],[-112.7138146,42.1967122],[-112.733176,42.1967286],[-112.7285009,42.2148544],[-112.6994927,42.2147015],[-112.6993929,42.2329309],[-112.6751578,42.24024],[-112.6751418,42.2547202],[-112.5866778,42.2543433],[-112.5818184,42.2397896],[-112.5623922,42.2396688]]],[[[-112.7331918,42.2402423],[-112.728518,42.2184721],[-112.7381895,42.214885],[-112.7381106,42.2040064],[-112.7574855,42.1968164],[-112.7575984,42.1823519],[-112.7720772,42.1824457],[-112.7721718,42.1715614],[-112.7865478,42.1716226],[-112.7816123,42.1968877],[-112.8007894,42.1933799],[-112.8007348,42.2078581],[-112.8103317,42.2078941],[-112.8109095,42.2772284],[-112.8304044,42.2772481],[-112.8304465,42.2989555],[-112.8695114,42.29897],[-112.8696404,42.3315285],[-112.8109986,42.328128],[-112.8109448,42.3061919],[-112.7677788,42.3054683],[-112.7580265,42.2837533],[-112.7238955,42.2837331],[-112.7238843,42.2692409],[-112.6995397,42.269237],[-112.6995106,42.2438845],[-112.7092438,42.2438829],[-112.7331918,42.2402423]]],[[[-112.2691989,42.4595826],[-112.2593671,42.459635],[-112.2593029,42.4306329],[-112.2494909,42.430647],[-112.2495142,42.4161343],[-112.2298715,42.4162143],[-112.2298772,42.3581354],[-112.2494187,42.3581159],[-112.2494668,42.3362547],[-112.2397297,42.336272],[-112.2386807,42.3187222],[-112.2297975,42.3187523],[-112.2294054,42.2788571],[-112.2484556,42.2788059],[-112.253309,42.2498787],[-112.3066946,42.2570639],[-112.3067277,42.2643149],[-112.3164281,42.2643584],[-112.3163685,42.2860938],[-112.3796712,42.2861147],[-112.3798836,42.3583274],[-112.3700874,42.3510578],[-112.370175,42.3727913],[-112.3555529,42.3727905],[-112.3459087,42.4017016],[-112.3653204,42.4017225],[-112.3652729,42.4198159],[-112.3944244,42.4198269],[-112.3947856,42.4487835],[-112.4138896,42.4487942],[-112.4138886,42.456034],[-112.3654475,42.4597257],[-112.366356,42.5067874],[-112.2693554,42.5069384],[-112.2691989,42.4595826]]],[[[-112.4579063,42.8191862],[-112.4582002,42.8336079],[-112.4385942,42.8335927],[-112.4384742,42.8082981],[-112.4481727,42.8083314],[-112.4482777,42.7942082],[-112.4189148,42.7866776],[-112.4187184,42.7617067],[-112.2918736,42.7614213],[-112.2817639,42.6745374],[-112.2817309,42.6609141],[-112.2915351,42.6608894],[-112.2913379,42.6027141],[-112.3403698,42.6026833],[-112.3405148,42.6462519],[-112.4181595,42.6462022],[-112.418167,42.66065],[-112.4279696,42.6642613],[-112.4279434,42.6751016],[-112.4181499,42.6751144],[-112.4182266,42.689561],[-112.4771295,42.7039881],[-112.4772225,42.7329465],[-112.4969412,42.7329131],[-112.496964,42.7474084],[-112.5166633,42.7474262],[-112.5166922,42.7619958],[-112.5360449,42.761997],[-112.5316099,42.8480841],[-112.4973467,42.8480132],[-112.4971744,42.8228969],[-112.4579063,42.8191862]]],[[[-112.0233799,42.905908],[-112.0236243,42.8620857],[-112.0137554,42.8620839],[-112.0166705,42.8412553],[-112.0610418,42.8476316],[-112.065969,42.837575],[-112.0659609,42.8303296],[-112.0561008,42.8303308],[-112.0561032,42.8049643],[-112.0413229,42.804968],[-112.0364143,42.790456],[-112.0364789,42.7397341],[-112.0167894,42.7433589],[-112.0168017,42.7324905],[-112.0266397,42.7324958],[-112.0267274,42.6999112],[-112.036543,42.699915],[-112.0366387,42.6491281],[-112.1051465,42.6455362],[-112.1052369,42.6744523],[-112.1542574,42.6744755],[-112.1542623,42.7035317],[-112.164074,42.7035348],[-112.1690231,42.7397626],[-112.1642353,42.8196694],[-112.1833454,42.8197134],[-112.1812537,42.8766711],[-112.2010422,42.87669],[-112.2010724,42.9057464],[-112.0233799,42.905908]]]]},"properties":{"objectid":213,"rangerdistrictid":"{21F4C069-B424-4AF6-BA1D-152F7268A8E4}","region":"04","forestnumber":"15","forestname":"Caribou-Targhee National Forest","districtnumber":"57","districtname":"Westside Ranger District","districtorgcode":"041557"}},{"type":"Feature","geometry":{"type":"MultiPolygon","coordinates":[[[[-115.9861755,41.9965786],[-115.88444594711116,41.996712895498696],[-115.986169,41.996434],[-115.9861755,41.9965786]]],[[[-115.1432979,41.9962503],[-114.9879924,41.9975237],[-115.031783,41.996008],[-115.14329683786076,41.996083201462824],[-115.1432979,41.9962503]]]]},"properties":{"objectid":219,"rangerdistrictid":"{66736461-C7D9-48AC-81D3-342DBFD4636D}","region":"04","forestnumber":"17","forestname":"Humboldt-Toiyabe National Forest","districtnumber":"06","districtname":"Mountain City-Ruby Mountains-Jarbidge Ranger District","districtorgcode":"041706"}},{"type":"Feature","geometry":{"type":"Polygon","coordinates":[[[-111.5590096,41.9995913],[-111.4396174,42.0004075],[-111.43961717429528,42.00029622368095],[-111.448967,42.000228],[-111.478016,41.9996],[-111.66814197042754,41.99933056646319],[-111.5590096,41.9995913]]]},"properties":{"objectid":225,"rangerdistrictid":"{D95834E6-8836-43B1-95C5-8CAD69892584}","region":"04","forestnumber":"19","forestname":"Uinta-Wasatch-Cache National Forest","districtnumber":"07","districtname":"Logan Ranger District","districtorgcode":"041907"}},{"type":"Feature","geometry":{"type":"MultiPolygon","coordinates":[[[[-116.9091556,45.9956824],[-116.8734751,45.9770572],[-116.8575004,45.9099356],[-116.8031232,45.8771834],[-116.7927746,45.8591148],[-116.7824127,45.8591119],[-116.7772656,45.8265475],[-116.7053929,45.8304459],[-116.6898605,45.8231166],[-116.6795371,45.7975824],[-116.6587657,45.7831497],[-116.638078,45.7889899],[-116.5920189,45.7853894],[-116.5350056,45.7492646],[-116.5349659,45.738412],[-116.5246194,45.7384183],[-116.5349026,45.7275569],[-116.5348501,45.7130825],[-116.4167274,45.7139478],[-116.4278836,45.6928487],[-116.3983727,45.6745607],[-116.3808829,45.6421815],[-116.386735,45.6350484],[-116.3791682,45.6185],[-116.3905752,45.6074542],[-116.3785491,45.5793067],[-116.3936867,45.5602429],[-116.4086429,45.5550647],[-116.4227277,45.5308699],[-116.4231638,45.5132571],[-116.4507859,45.5007196],[-116.4416539,45.470206],[-116.4603013,45.4626623],[-116.4740914,45.4419153],[-116.4818819,45.3884463],[-116.5087478,45.3485349],[-116.495168,45.3367378],[-116.4962188,45.3261926],[-116.5247902,45.3065952],[-116.5196964,45.299301],[-116.5251887,45.2942479],[-116.5410395,45.2900489],[-116.5318983,45.2679298],[-116.5213451,45.2475482],[-116.5304011,45.2341009],[-116.5259625,45.2101411],[-116.5322186,45.1860612],[-116.556364,45.1650252],[-116.562418,45.1409569],[-116.5849911,45.1526579],[-116.6169635,45.1538604],[-116.6200538,45.2015855],[-116.61302,45.2063152],[-116.634357,45.2220317],[-116.63542,45.2588424],[-116.6977704,45.2456823],[-116.7005355905652,45.24358119151199],[-116.698661,45.245552],[-116.695619,45.255353],[-116.687027,45.267857],[-116.681013,45.27072],[-116.675587,45.274867],[-116.674493,45.276349],[-116.672733,45.283183],[-116.672163,45.288938],[-116.672594,45.298023],[-116.674648,45.314342],[-116.673793,45.321511],[-116.653252,45.351084],[-116.626633,45.388037],[-116.619057,45.39821],[-116.597447,45.41277],[-116.592416,45.427356],[-116.588195,45.44292],[-116.581382,45.448984],[-116.563985,45.460169],[-116.561744,45.461213],[-116.554829,45.46293],[-116.55498,45.472801],[-116.558803,45.480076],[-116.558804,45.481188],[-116.553171,45.495932],[-116.553473,45.499107],[-116.554549,45.500154],[-116.556575,45.501388],[-116.557587,45.503217],[-116.556587,45.506232],[-116.554634,45.507856],[-116.5525,45.508311],[-116.548676,45.510385],[-116.543837,45.514193],[-116.535482,45.525079],[-116.523638,45.54661],[-116.523947,45.548234],[-116.526201,45.549482],[-116.52828,45.54989],[-116.528558,45.551078],[-116.525888,45.553734],[-116.522233,45.555626],[-116.517468,45.55679],[-116.513931,45.556281],[-116.510342,45.556809],[-116.506967,45.558427],[-116.503957,45.560953],[-116.503156,45.562754],[-116.503728,45.565102],[-116.502756,45.566608],[-116.490279,45.574499],[-116.48297,45.577008],[-116.481943,45.577898],[-116.481208,45.580597],[-116.483412,45.582615],[-116.483105,45.58516],[-116.480788,45.587942],[-116.476521,45.589673],[-116.474702,45.59179],[-116.471646,45.593647],[-116.463635,45.602785],[-116.463504,45.615785],[-116.46517,45.617986],[-116.469813,45.620604],[-116.472882,45.624884],[-116.471241,45.627669],[-116.472346,45.629409],[-116.475803,45.6317],[-116.481018,45.632152],[-116.482806,45.633595],[-116.482899,45.636085],[-116.482495,45.639916],[-116.483286,45.641529],[-116.484219,45.642322],[-116.487447,45.643682],[-116.487835,45.644302],[-116.487274,45.647675],[-116.487894,45.649769],[-116.49451,45.655679],[-116.512326,45.670224],[-116.523961,45.677639],[-116.528272,45.681473],[-116.535396,45.691734],[-116.536395,45.69665],[-116.538014,45.714929],[-116.535698,45.734231],[-116.537173,45.737288],[-116.546643,45.750972],[-116.549085,45.752735],[-116.553548,45.753388],[-116.559444,45.755189],[-116.577422,45.76753],[-116.593004,45.778541],[-116.60504,45.781018],[-116.632032,45.784979],[-116.635814,45.783642],[-116.639641,45.781274],[-116.646342,45.779815],[-116.659629,45.780016],[-116.665344,45.781998],[-116.680139,45.79359],[-116.687007,45.806319],[-116.697192,45.820135],[-116.698079,45.820852],[-116.70845,45.825117],[-116.711822,45.826267],[-116.715527,45.826773],[-116.736268,45.826179],[-116.740486,45.82446],[-116.745219,45.821394],[-116.750978,45.818537],[-116.755288,45.817061],[-116.759787,45.816167],[-116.7634,45.81658],[-116.782676,45.825376],[-116.788329,45.831928],[-116.789066,45.833471],[-116.788923,45.836741],[-116.78752,45.840204],[-116.787792,45.844267],[-116.790151,45.849851],[-116.796051,45.858473],[-116.814142,45.877551],[-116.819182,45.880938],[-116.830003,45.886405],[-116.84355,45.892273],[-116.857254,45.904159],[-116.859795,45.907264],[-116.866544,45.916958],[-116.869655,45.923799],[-116.870484,45.932408],[-116.873933,45.939894],[-116.875706,45.945008],[-116.874869,45.950253],[-116.87598,45.95441],[-116.880506,45.958508],[-116.886843,45.958617],[-116.89091,45.96001],[-116.894652,45.969686],[-116.892861,45.976373],[-116.900497,45.982801],[-116.911409,45.988912],[-116.915989,45.995413],[-116.91636459625796,45.99577945075714],[-116.9091556,45.9956824]]],[[[-116.7567578,45.1115554],[-116.76131589020731,45.11118579420962],[-116.75621271046009,45.113316581397676],[-116.7567578,45.1115554]]],[[[-116.74600052664863,45.12949443894325],[-116.745535,45.133038],[-116.742962,45.134898],[-116.73476137925418,45.13800820075484],[-116.74600052664863,45.12949443894325]]],[[[-116.729859,45.1417218],[-116.72991280576731,45.141681041615854],[-116.72985338053584,45.14176070614306],[-116.729859,45.1417218]]],[[[-116.7085295,45.2040874],[-116.71062090987311,45.20068424468325],[-116.709536,45.203015],[-116.708546,45.207356],[-116.70975,45.217243],[-116.708003,45.222317],[-116.70459678795984,45.22740472559089],[-116.7085295,45.2040874]]],[[[-116.7037459,45.2324497],[-116.70395596313728,45.23120422092182],[-116.70384781458809,45.23254334214672],[-116.7037459,45.2324497]]]]},"properties":{"objectid":349,"rangerdistrictid":"{254969F9-693B-4DB5-AB37-934C6C38FB7A}","region":"06","forestnumber":"16","forestname":"Wallowa-Whitman National Forest","districtnumber":"04","districtname":"Hells Canyon National Recreation Area","districtorgcode":"061604"}},{"type":"Feature","geometry":{"type":"Polygon","coordinates":[[[-117.037117,48.272165],[-117.03727517665514,48.2710931846262],[-117.03725025295658,48.272279067871814],[-117.037117,48.272165]]]},"properties":{"objectid":361,"rangerdistrictid":"{94CE706C-C0A4-48FC-B6FB-2D401346D0E8}","region":"06","forestnumber":"21","forestname":"Colville National Forest","districtnumber":"03","districtname":"Newport Ranger District","districtorgcode":"062103"}}]}
