{
  "type": "FeatureCollection",
  "name": "big_wood_river_flow_v1",
  "features": [
    {
      "type": "Feature",
      "id": "usgs-nhdplus-hr-big-wood-river",
      "properties": {
        "name": "Big Wood River",
        "display_name": "Big Wood River",
        "flow_direction": "Downstream — follow arrows",
        "direction_basis": "USGS NHDPlus HR FlowDir is WithDigitized; coordinates run from the upstream FromNode to the downstream ToNode.",
        "length_km": 220.557,
        "source_segment_count": 549,
        "gnis_id": "00395832",
        "level_path_id": "55001200002020",
        "source": "U.S. Geological Survey · National Hydrography Dataset Plus High Resolution",
        "source_updated": "July 2026",
        "source_retrieved": "2026-09-02",
        "source_url": "https://hydro.nationalmap.gov/arcgis/rest/services/NHDPlus_HR/MapServer/3",
        "accuracy_note": "Official public hydrography generalized for browser display. Flow direction is authoritative for this path; verify current local conditions for navigation."
      },
      "geometry": {
        "type": "LineString",
        "coordinates": [
          [
            -114.7125,
            43.86064
          ],
          [
            -114.71156,
            43.86133
          ],
          [
            -114.71052,
            43.86307
          ],
          [
            -114.71012,
            43.86356
          ],
          [
            -114.70988,
            43.86381
          ],
          [
            -114.70921,
            43.86417
          ],
          [
            -114.70814,
            43.86511
          ],
          [
            -114.70795,
            43.86561
          ],
          [
            -114.7081,
            43.86657
          ],
          [
            -114.70803,
            43.86682
          ],
          [
            -114.70822,
            43.86737
          ],
          [
            -114.70742,
            43.868
          ],
          [
            -114.70727,
            43.86821
          ],
          [
            -114.70723,
            43.86844
          ],
          [
            -114.70687,
            43.86892
          ],
          [
            -114.70568,
            43.86964
          ],
          [
            -114.70548,
            43.86993
          ],
          [
            -114.70509,
            43.87017
          ],
          [
            -114.70418,
            43.87095
          ],
          [
            -114.70338,
            43.87125
          ],
          [
            -114.70063,
            43.87274
          ],
          [
            -114.6991,
            43.87427
          ],
          [
            -114.69869,
            43.87448
          ],
          [
            -114.69741,
            43.87491
          ],
          [
            -114.6968,
            43.8753
          ],
          [
            -114.69627,
            43.8755
          ],
          [
            -114.69577,
            43.87586
          ],
          [
            -114.69515,
            43.87656
          ],
          [
            -114.69508,
            43.87687
          ],
          [
            -114.6946,
            43.87791
          ],
          [
            -114.6945,
            43.87842
          ],
          [
            -114.69287,
            43.87917
          ],
          [
            -114.69155,
            43.87966
          ],
          [
            -114.68995,
            43.8806
          ],
          [
            -114.68901,
            43.88091
          ],
          [
            -114.68872,
            43.88087
          ],
          [
            -114.68834,
            43.88099
          ],
          [
            -114.6875,
            43.88095
          ],
          [
            -114.68676,
            43.88107
          ],
          [
            -114.68648,
            43.88108
          ],
          [
            -114.68575,
            43.88088
          ],
          [
            -114.68446,
            43.8808
          ],
          [
            -114.68358,
            43.88101
          ],
          [
            -114.68294,
            43.88105
          ],
          [
            -114.68242,
            43.88083
          ],
          [
            -114.68204,
            43.88079
          ],
          [
            -114.68157,
            43.88094
          ],
          [
            -114.68047,
            43.88077
          ],
          [
            -114.68023,
            43.88061
          ],
          [
            -114.68,
            43.8806
          ],
          [
            -114.67945,
            43.88023
          ],
          [
            -114.6789,
            43.8801
          ],
          [
            -114.67838,
            43.87978
          ],
          [
            -114.67703,
            43.87918
          ],
          [
            -114.67648,
            43.87918
          ],
          [
            -114.6755,
            43.87886
          ],
          [
            -114.67501,
            43.87885
          ],
          [
            -114.67447,
            43.87858
          ],
          [
            -114.67422,
            43.87854
          ],
          [
            -114.67384,
            43.87858
          ],
          [
            -114.67283,
            43.8789
          ],
          [
            -114.67206,
            43.87875
          ],
          [
            -114.67193,
            43.87857
          ],
          [
            -114.67162,
            43.87838
          ],
          [
            -114.66827,
            43.87706
          ],
          [
            -114.66802,
            43.87694
          ],
          [
            -114.66781,
            43.87666
          ],
          [
            -114.66724,
            43.87669
          ],
          [
            -114.66699,
            43.87638
          ],
          [
            -114.66692,
            43.87613
          ],
          [
            -114.66669,
            43.87616
          ],
          [
            -114.66663,
            43.876
          ],
          [
            -114.6662,
            43.87581
          ],
          [
            -114.66626,
            43.87554
          ],
          [
            -114.66573,
            43.87542
          ],
          [
            -114.66436,
            43.87468
          ],
          [
            -114.66301,
            43.87286
          ],
          [
            -114.66198,
            43.87196
          ],
          [
            -114.66028,
            43.87171
          ],
          [
            -114.65755,
            43.87214
          ],
          [
            -114.6567,
            43.87209
          ],
          [
            -114.65631,
            43.87195
          ],
          [
            -114.65599,
            43.87138
          ],
          [
            -114.65553,
            43.87105
          ],
          [
            -114.65544,
            43.87079
          ],
          [
            -114.65512,
            43.87063
          ],
          [
            -114.65483,
            43.87034
          ],
          [
            -114.65441,
            43.86851
          ],
          [
            -114.65419,
            43.86697
          ],
          [
            -114.65402,
            43.86679
          ],
          [
            -114.65399,
            43.86656
          ],
          [
            -114.65363,
            43.86637
          ],
          [
            -114.65371,
            43.86627
          ],
          [
            -114.65367,
            43.86597
          ],
          [
            -114.65417,
            43.86563
          ],
          [
            -114.65423,
            43.86531
          ],
          [
            -114.65386,
            43.86543
          ],
          [
            -114.6535,
            43.8652
          ],
          [
            -114.65351,
            43.86511
          ],
          [
            -114.65369,
            43.86499
          ],
          [
            -114.65376,
            43.86475
          ],
          [
            -114.65332,
            43.86438
          ],
          [
            -114.65343,
            43.86396
          ],
          [
            -114.65364,
            43.86383
          ],
          [
            -114.65351,
            43.86369
          ],
          [
            -114.65363,
            43.86349
          ],
          [
            -114.65349,
            43.86313
          ],
          [
            -114.65302,
            43.86287
          ],
          [
            -114.65308,
            43.86269
          ],
          [
            -114.6533,
            43.86251
          ],
          [
            -114.65333,
            43.86229
          ],
          [
            -114.65327,
            43.86215
          ],
          [
            -114.65258,
            43.86205
          ],
          [
            -114.65232,
            43.86182
          ],
          [
            -114.65204,
            43.86182
          ],
          [
            -114.65201,
            43.86162
          ],
          [
            -114.65173,
            43.86128
          ],
          [
            -114.65163,
            43.86083
          ],
          [
            -114.65136,
            43.86074
          ],
          [
            -114.65148,
            43.86035
          ],
          [
            -114.65142,
            43.86023
          ],
          [
            -114.65155,
            43.86
          ],
          [
            -114.65106,
            43.85985
          ],
          [
            -114.65105,
            43.85972
          ],
          [
            -114.6512,
            43.85956
          ],
          [
            -114.65077,
            43.85951
          ],
          [
            -114.65047,
            43.85935
          ],
          [
            -114.65032,
            43.85934
          ],
          [
            -114.65014,
            43.85951
          ],
          [
            -114.64998,
            43.85948
          ],
          [
            -114.6495,
            43.85887
          ],
          [
            -114.64917,
            43.8586
          ],
          [
            -114.64913,
            43.85845
          ],
          [
            -114.6493,
            43.85836
          ],
          [
            -114.64901,
            43.85806
          ],
          [
            -114.64885,
            43.85802
          ],
          [
            -114.6488,
            43.85815
          ],
          [
            -114.64857,
            43.85814
          ],
          [
            -114.64862,
            43.85774
          ],
          [
            -114.64786,
            43.85766
          ],
          [
            -114.64755,
            43.85729
          ],
          [
            -114.6476,
            43.85684
          ],
          [
            -114.64735,
            43.85684
          ],
          [
            -114.64723,
            43.8565
          ],
          [
            -114.6468,
            43.85625
          ],
          [
            -114.64609,
            43.8561
          ],
          [
            -114.64529,
            43.85532
          ],
          [
            -114.64476,
            43.85493
          ],
          [
            -114.64479,
            43.85448
          ],
          [
            -114.64466,
            43.85417
          ],
          [
            -114.64401,
            43.85393
          ],
          [
            -114.64385,
            43.85375
          ],
          [
            -114.64342,
            43.85356
          ],
          [
            -114.64292,
            43.85298
          ],
          [
            -114.64275,
            43.85283
          ],
          [
            -114.64235,
            43.85246
          ],
          [
            -114.642,
            43.85182
          ],
          [
            -114.64169,
            43.85165
          ],
          [
            -114.64119,
            43.85099
          ],
          [
            -114.64119,
            43.85075
          ],
          [
            -114.64106,
            43.85045
          ],
          [
            -114.64112,
            43.85015
          ],
          [
            -114.64095,
            43.84933
          ],
          [
            -114.64078,
            43.84927
          ],
          [
            -114.64068,
            43.84911
          ],
          [
            -114.64086,
            43.84868
          ],
          [
            -114.64058,
            43.84807
          ],
          [
            -114.64023,
            43.84715
          ],
          [
            -114.64017,
            43.84628
          ],
          [
            -114.64004,
            43.84614
          ],
          [
            -114.63971,
            43.84597
          ],
          [
            -114.63921,
            43.84593
          ],
          [
            -114.63876,
            43.84553
          ],
          [
            -114.6383,
            43.84541
          ],
          [
            -114.63802,
            43.84509
          ],
          [
            -114.63749,
            43.84482
          ],
          [
            -114.63719,
            43.84438
          ],
          [
            -114.63701,
            43.84424
          ],
          [
            -114.63671,
            43.84417
          ],
          [
            -114.63576,
            43.84358
          ],
          [
            -114.63549,
            43.84336
          ],
          [
            -114.63543,
            43.84324
          ],
          [
            -114.6355,
            43.84293
          ],
          [
            -114.63533,
            43.84273
          ],
          [
            -114.63408,
            43.84239
          ],
          [
            -114.63375,
            43.84201
          ],
          [
            -114.63308,
            43.84158
          ],
          [
            -114.63282,
            43.84152
          ],
          [
            -114.63252,
            43.84105
          ],
          [
            -114.63191,
            43.8407
          ],
          [
            -114.63132,
            43.8407
          ],
          [
            -114.63116,
            43.84023
          ],
          [
            -114.631,
            43.84015
          ],
          [
            -114.63017,
            43.84004
          ],
          [
            -114.62977,
            43.83978
          ],
          [
            -114.62917,
            43.83962
          ],
          [
            -114.62891,
            43.83969
          ],
          [
            -114.62878,
            43.83987
          ],
          [
            -114.62839,
            43.83971
          ],
          [
            -114.62809,
            43.8397
          ],
          [
            -114.62785,
            43.83956
          ],
          [
            -114.62767,
            43.83897
          ],
          [
            -114.62695,
            43.83876
          ],
          [
            -114.62684,
            43.83856
          ],
          [
            -114.62691,
            43.83848
          ],
          [
            -114.62691,
            43.83833
          ],
          [
            -114.62667,
            43.83786
          ],
          [
            -114.62662,
            43.83729
          ],
          [
            -114.62633,
            43.83658
          ],
          [
            -114.62631,
            43.83642
          ],
          [
            -114.62647,
            43.83606
          ],
          [
            -114.62619,
            43.83565
          ],
          [
            -114.62626,
            43.835
          ],
          [
            -114.62696,
            43.83469
          ],
          [
            -114.62703,
            43.83457
          ],
          [
            -114.62685,
            43.83444
          ],
          [
            -114.6267,
            43.83417
          ],
          [
            -114.62661,
            43.83382
          ],
          [
            -114.62641,
            43.83358
          ],
          [
            -114.62643,
            43.83342
          ],
          [
            -114.62679,
            43.83307
          ],
          [
            -114.62684,
            43.83286
          ],
          [
            -114.62719,
            43.83276
          ],
          [
            -114.6273,
            43.83264
          ],
          [
            -114.62705,
            43.83231
          ],
          [
            -114.6272,
            43.8322
          ],
          [
            -114.62721,
            43.832
          ],
          [
            -114.62684,
            43.83164
          ],
          [
            -114.62608,
            43.83112
          ],
          [
            -114.62621,
            43.83068
          ],
          [
            -114.62607,
            43.83038
          ],
          [
            -114.62624,
            43.82991
          ],
          [
            -114.62613,
            43.82954
          ],
          [
            -114.6253,
            43.82882
          ],
          [
            -114.62462,
            43.82846
          ],
          [
            -114.6245,
            43.82811
          ],
          [
            -114.62381,
            43.82779
          ],
          [
            -114.62319,
            43.82806
          ],
          [
            -114.62285,
            43.82806
          ],
          [
            -114.62194,
            43.82772
          ],
          [
            -114.62171,
            43.82747
          ],
          [
            -114.62134,
            43.82736
          ],
          [
            -114.62123,
            43.82736
          ],
          [
            -114.62119,
            43.82749
          ],
          [
            -114.62104,
            43.82761
          ],
          [
            -114.61968,
            43.82718
          ],
          [
            -114.61913,
            43.82734
          ],
          [
            -114.6187,
            43.82715
          ],
          [
            -114.61813,
            43.82706
          ],
          [
            -114.6178,
            43.82667
          ],
          [
            -114.61749,
            43.82632
          ],
          [
            -114.61695,
            43.82619
          ],
          [
            -114.61669,
            43.82584
          ],
          [
            -114.61612,
            43.82582
          ],
          [
            -114.61592,
            43.82593
          ],
          [
            -114.61557,
            43.82588
          ],
          [
            -114.61529,
            43.82544
          ],
          [
            -114.61504,
            43.82546
          ],
          [
            -114.61493,
            43.82572
          ],
          [
            -114.61464,
            43.82569
          ],
          [
            -114.61389,
            43.82521
          ],
          [
            -114.61366,
            43.82467
          ],
          [
            -114.61339,
            43.82453
          ],
          [
            -114.61244,
            43.82431
          ],
          [
            -114.61218,
            43.82412
          ],
          [
            -114.6119,
            43.82409
          ],
          [
            -114.61026,
            43.82467
          ],
          [
            -114.60948,
            43.82466
          ],
          [
            -114.60865,
            43.82429
          ],
          [
            -114.60772,
            43.82367
          ],
          [
            -114.60765,
            43.82344
          ],
          [
            -114.60734,
            43.82334
          ],
          [
            -114.60683,
            43.82341
          ],
          [
            -114.60584,
            43.82298
          ],
          [
            -114.60545,
            43.82267
          ],
          [
            -114.60472,
            43.82199
          ],
          [
            -114.60428,
            43.82209
          ],
          [
            -114.60381,
            43.82174
          ],
          [
            -114.60361,
            43.82176
          ],
          [
            -114.60338,
            43.82189
          ],
          [
            -114.60286,
            43.82181
          ],
          [
            -114.60245,
            43.82187
          ],
          [
            -114.60189,
            43.82181
          ],
          [
            -114.60109,
            43.82152
          ],
          [
            -114.60106,
            43.82146
          ],
          [
            -114.60136,
            43.82133
          ],
          [
            -114.60139,
            43.82074
          ],
          [
            -114.60112,
            43.82062
          ],
          [
            -114.60085,
            43.8202
          ],
          [
            -114.6007,
            43.8201
          ],
          [
            -114.59957,
            43.81997
          ],
          [
            -114.59921,
            43.82012
          ],
          [
            -114.59896,
            43.8204
          ],
          [
            -114.59865,
            43.82006
          ],
          [
            -114.59866,
            43.81966
          ],
          [
            -114.5981,
            43.8196
          ],
          [
            -114.59787,
            43.81979
          ],
          [
            -114.59773,
            43.8198
          ],
          [
            -114.59736,
            43.8195
          ],
          [
            -114.59718,
            43.81965
          ],
          [
            -114.59686,
            43.81957
          ],
          [
            -114.59652,
            43.81962
          ],
          [
            -114.59629,
            43.81944
          ],
          [
            -114.59619,
            43.8191
          ],
          [
            -114.59585,
            43.81887
          ],
          [
            -114.59569,
            43.81872
          ],
          [
            -114.59557,
            43.81842
          ],
          [
            -114.59558,
            43.81799
          ],
          [
            -114.59551,
            43.81787
          ],
          [
            -114.59472,
            43.81759
          ],
          [
            -114.59423,
            43.81717
          ],
          [
            -114.59375,
            43.81697
          ],
          [
            -114.59318,
            43.81624
          ],
          [
            -114.59261,
            43.81575
          ],
          [
            -114.59221,
            43.81528
          ],
          [
            -114.59202,
            43.81518
          ],
          [
            -114.59139,
            43.81515
          ],
          [
            -114.59112,
            43.81496
          ],
          [
            -114.59081,
            43.81453
          ],
          [
            -114.59054,
            43.81452
          ],
          [
            -114.59031,
            43.81464
          ],
          [
            -114.58999,
            43.81463
          ],
          [
            -114.58974,
            43.81413
          ],
          [
            -114.58924,
            43.81406
          ],
          [
            -114.58859,
            43.81373
          ],
          [
            -114.58786,
            43.81365
          ],
          [
            -114.58796,
            43.81312
          ],
          [
            -114.58775,
            43.81288
          ],
          [
            -114.58688,
            43.81249
          ],
          [
            -114.58694,
            43.81195
          ],
          [
            -114.58639,
            43.81158
          ],
          [
            -114.58631,
            43.81121
          ],
          [
            -114.58617,
            43.81097
          ],
          [
            -114.58613,
            43.81093
          ],
          [
            -114.5853,
            43.81018
          ],
          [
            -114.58486,
            43.81014
          ],
          [
            -114.58436,
            43.81022
          ],
          [
            -114.58358,
            43.80958
          ],
          [
            -114.58348,
            43.80926
          ],
          [
            -114.58324,
            43.80894
          ],
          [
            -114.58321,
            43.80837
          ],
          [
            -114.58308,
            43.80803
          ],
          [
            -114.5828,
            43.80766
          ],
          [
            -114.58286,
            43.8073
          ],
          [
            -114.58248,
            43.80695
          ],
          [
            -114.5819,
            43.80678
          ],
          [
            -114.58177,
            43.80652
          ],
          [
            -114.58107,
            43.80585
          ],
          [
            -114.58092,
            43.80506
          ],
          [
            -114.58067,
            43.80474
          ],
          [
            -114.58067,
            43.8045
          ],
          [
            -114.58085,
            43.80418
          ],
          [
            -114.58072,
            43.80377
          ],
          [
            -114.58073,
            43.80341
          ],
          [
            -114.58033,
            43.80284
          ],
          [
            -114.5802,
            43.80269
          ],
          [
            -114.58002,
            43.80235
          ],
          [
            -114.57948,
            43.80224
          ],
          [
            -114.57858,
            43.80179
          ],
          [
            -114.57845,
            43.80159
          ],
          [
            -114.57848,
            43.8012
          ],
          [
            -114.57837,
            43.801
          ],
          [
            -114.57819,
            43.80072
          ],
          [
            -114.57764,
            43.80031
          ],
          [
            -114.5775,
            43.80005
          ],
          [
            -114.5776,
            43.79923
          ],
          [
            -114.57716,
            43.79886
          ],
          [
            -114.57682,
            43.79881
          ],
          [
            -114.57638,
            43.79848
          ],
          [
            -114.57632,
            43.79798
          ],
          [
            -114.57686,
            43.79754
          ],
          [
            -114.57679,
            43.79734
          ],
          [
            -114.57636,
            43.79727
          ],
          [
            -114.57609,
            43.79685
          ],
          [
            -114.57618,
            43.79661
          ],
          [
            -114.57641,
            43.79646
          ],
          [
            -114.57625,
            43.79617
          ],
          [
            -114.57567,
            43.79611
          ],
          [
            -114.57532,
            43.79574
          ],
          [
            -114.57524,
            43.7953
          ],
          [
            -114.57429,
            43.7943
          ],
          [
            -114.57421,
            43.79352
          ],
          [
            -114.57409,
            43.79316
          ],
          [
            -114.57374,
            43.79276
          ],
          [
            -114.57374,
            43.79228
          ],
          [
            -114.57338,
            43.79184
          ],
          [
            -114.57277,
            43.79147
          ],
          [
            -114.57202,
            43.79123
          ],
          [
            -114.57018,
            43.78983
          ],
          [
            -114.56956,
            43.78958
          ],
          [
            -114.56904,
            43.78919
          ],
          [
            -114.56841,
            43.78896
          ],
          [
            -114.56812,
            43.78853
          ],
          [
            -114.56742,
            43.78804
          ],
          [
            -114.56726,
            43.78786
          ],
          [
            -114.56702,
            43.78781
          ],
          [
            -114.56646,
            43.78806
          ],
          [
            -114.5662,
            43.78834
          ],
          [
            -114.56595,
            43.78838
          ],
          [
            -114.56579,
            43.7883
          ],
          [
            -114.56579,
            43.78811
          ],
          [
            -114.56572,
            43.78806
          ],
          [
            -114.56506,
            43.78815
          ],
          [
            -114.56385,
            43.78755
          ],
          [
            -114.56296,
            43.78743
          ],
          [
            -114.56304,
            43.78696
          ],
          [
            -114.56201,
            43.78655
          ],
          [
            -114.56129,
            43.78607
          ],
          [
            -114.56087,
            43.78598
          ],
          [
            -114.55979,
            43.78599
          ],
          [
            -114.55946,
            43.78596
          ],
          [
            -114.55901,
            43.78569
          ],
          [
            -114.55871,
            43.78568
          ],
          [
            -114.55859,
            43.78576
          ],
          [
            -114.55817,
            43.78576
          ],
          [
            -114.55781,
            43.786
          ],
          [
            -114.55715,
            43.78618
          ],
          [
            -114.55692,
            43.78617
          ],
          [
            -114.55621,
            43.78589
          ],
          [
            -114.55397,
            43.78543
          ],
          [
            -114.55375,
            43.78546
          ],
          [
            -114.5535,
            43.7857
          ],
          [
            -114.55326,
            43.78574
          ],
          [
            -114.55315,
            43.78572
          ],
          [
            -114.5531,
            43.78545
          ],
          [
            -114.5527,
            43.78535
          ],
          [
            -114.5524,
            43.7854
          ],
          [
            -114.55147,
            43.78579
          ],
          [
            -114.55111,
            43.78608
          ],
          [
            -114.55054,
            43.78615
          ],
          [
            -114.55034,
            43.78586
          ],
          [
            -114.55051,
            43.78563
          ],
          [
            -114.55048,
            43.78526
          ],
          [
            -114.55029,
            43.78493
          ],
          [
            -114.55007,
            43.7849
          ],
          [
            -114.54948,
            43.78496
          ],
          [
            -114.54906,
            43.78511
          ],
          [
            -114.54867,
            43.78525
          ],
          [
            -114.54826,
            43.7852
          ],
          [
            -114.54776,
            43.78477
          ],
          [
            -114.54776,
            43.78455
          ],
          [
            -114.54758,
            43.78449
          ],
          [
            -114.5464,
            43.78397
          ],
          [
            -114.54581,
            43.7836
          ],
          [
            -114.54552,
            43.78328
          ],
          [
            -114.54516,
            43.78262
          ],
          [
            -114.54456,
            43.78181
          ],
          [
            -114.54415,
            43.78152
          ],
          [
            -114.54313,
            43.78133
          ],
          [
            -114.54275,
            43.78101
          ],
          [
            -114.54143,
            43.78077
          ],
          [
            -114.54083,
            43.78047
          ],
          [
            -114.53969,
            43.78067
          ],
          [
            -114.53914,
            43.78032
          ],
          [
            -114.53872,
            43.78023
          ],
          [
            -114.5385,
            43.77955
          ],
          [
            -114.53799,
            43.77911
          ],
          [
            -114.53749,
            43.77891
          ],
          [
            -114.53683,
            43.77906
          ],
          [
            -114.53602,
            43.77893
          ],
          [
            -114.5343,
            43.77826
          ],
          [
            -114.53375,
            43.77825
          ],
          [
            -114.53356,
            43.77826
          ],
          [
            -114.5332,
            43.77853
          ],
          [
            -114.53305,
            43.77869
          ],
          [
            -114.53302,
            43.77885
          ],
          [
            -114.53271,
            43.77913
          ],
          [
            -114.53187,
            43.77933
          ],
          [
            -114.53043,
            43.77921
          ],
          [
            -114.52983,
            43.77889
          ],
          [
            -114.5293,
            43.77885
          ],
          [
            -114.52875,
            43.77895
          ],
          [
            -114.52813,
            43.77891
          ],
          [
            -114.52716,
            43.77897
          ],
          [
            -114.52692,
            43.77886
          ],
          [
            -114.5266,
            43.7785
          ],
          [
            -114.52612,
            43.77838
          ],
          [
            -114.52592,
            43.77821
          ],
          [
            -114.52584,
            43.77797
          ],
          [
            -114.52622,
            43.77791
          ],
          [
            -114.52598,
            43.77754
          ],
          [
            -114.52476,
            43.77725
          ],
          [
            -114.52426,
            43.777
          ],
          [
            -114.52337,
            43.7769
          ],
          [
            -114.523,
            43.77677
          ],
          [
            -114.52237,
            43.77673
          ],
          [
            -114.52158,
            43.7771
          ],
          [
            -114.52114,
            43.77711
          ],
          [
            -114.52068,
            43.77655
          ],
          [
            -114.52027,
            43.77635
          ],
          [
            -114.51998,
            43.7764
          ],
          [
            -114.5195,
            43.77682
          ],
          [
            -114.51903,
            43.77684
          ],
          [
            -114.51856,
            43.776
          ],
          [
            -114.51779,
            43.77568
          ],
          [
            -114.51623,
            43.77556
          ],
          [
            -114.51598,
            43.77541
          ],
          [
            -114.51566,
            43.77534
          ],
          [
            -114.51554,
            43.77544
          ],
          [
            -114.51562,
            43.77573
          ],
          [
            -114.51559,
            43.77597
          ],
          [
            -114.5154,
            43.77612
          ],
          [
            -114.5151,
            43.77613
          ],
          [
            -114.51454,
            43.77594
          ],
          [
            -114.51413,
            43.77581
          ],
          [
            -114.51395,
            43.77584
          ],
          [
            -114.51295,
            43.77624
          ],
          [
            -114.51285,
            43.7762
          ],
          [
            -114.51266,
            43.77584
          ],
          [
            -114.51231,
            43.77579
          ],
          [
            -114.51204,
            43.77587
          ],
          [
            -114.51096,
            43.77646
          ],
          [
            -114.51081,
            43.77647
          ],
          [
            -114.51051,
            43.77637
          ],
          [
            -114.51017,
            43.77605
          ],
          [
            -114.50986,
            43.77589
          ],
          [
            -114.50901,
            43.77563
          ],
          [
            -114.50869,
            43.77563
          ],
          [
            -114.5086,
            43.7757
          ],
          [
            -114.50852,
            43.77596
          ],
          [
            -114.50812,
            43.77602
          ],
          [
            -114.5079,
            43.77587
          ],
          [
            -114.50795,
            43.77563
          ],
          [
            -114.5079,
            43.77555
          ],
          [
            -114.50742,
            43.77522
          ],
          [
            -114.50756,
            43.7749
          ],
          [
            -114.50746,
            43.77469
          ],
          [
            -114.50735,
            43.77468
          ],
          [
            -114.50647,
            43.77507
          ],
          [
            -114.50596,
            43.7756
          ],
          [
            -114.50565,
            43.77567
          ],
          [
            -114.5054,
            43.77566
          ],
          [
            -114.50505,
            43.7754
          ],
          [
            -114.50508,
            43.7753
          ],
          [
            -114.50555,
            43.77514
          ],
          [
            -114.50554,
            43.775
          ],
          [
            -114.50537,
            43.77494
          ],
          [
            -114.50464,
            43.77503
          ],
          [
            -114.50375,
            43.77541
          ],
          [
            -114.50265,
            43.77528
          ],
          [
            -114.50145,
            43.77539
          ],
          [
            -114.50089,
            43.77548
          ],
          [
            -114.4994,
            43.77593
          ],
          [
            -114.49878,
            43.77683
          ],
          [
            -114.49845,
            43.77682
          ],
          [
            -114.4983,
            43.77666
          ],
          [
            -114.49824,
            43.77642
          ],
          [
            -114.49799,
            43.77644
          ],
          [
            -114.49765,
            43.77666
          ],
          [
            -114.4975,
            43.77688
          ],
          [
            -114.4974,
            43.77737
          ],
          [
            -114.49727,
            43.77756
          ],
          [
            -114.49667,
            43.77806
          ],
          [
            -114.49572,
            43.77884
          ],
          [
            -114.49533,
            43.77893
          ],
          [
            -114.4947,
            43.77871
          ],
          [
            -114.49388,
            43.77859
          ],
          [
            -114.49337,
            43.77874
          ],
          [
            -114.49309,
            43.77901
          ],
          [
            -114.49254,
            43.77906
          ],
          [
            -114.49191,
            43.77933
          ],
          [
            -114.4913,
            43.77981
          ],
          [
            -114.4912,
            43.77997
          ],
          [
            -114.49119,
            43.78008
          ],
          [
            -114.49146,
            43.7804
          ],
          [
            -114.49095,
            43.78086
          ],
          [
            -114.49088,
            43.7811
          ],
          [
            -114.49097,
            43.78133
          ],
          [
            -114.49147,
            43.78168
          ],
          [
            -114.49176,
            43.78199
          ],
          [
            -114.49186,
            43.78218
          ],
          [
            -114.49173,
            43.78235
          ],
          [
            -114.49137,
            43.78232
          ],
          [
            -114.49095,
            43.78204
          ],
          [
            -114.49005,
            43.78202
          ],
          [
            -114.48949,
            43.78214
          ],
          [
            -114.48908,
            43.78242
          ],
          [
            -114.48852,
            43.78255
          ],
          [
            -114.48846,
            43.78263
          ],
          [
            -114.4885,
            43.78291
          ],
          [
            -114.48906,
            43.78337
          ],
          [
            -114.48897,
            43.78376
          ],
          [
            -114.48875,
            43.78404
          ],
          [
            -114.48825,
            43.78429
          ],
          [
            -114.48687,
            43.78443
          ],
          [
            -114.48597,
            43.78473
          ],
          [
            -114.48568,
            43.78496
          ],
          [
            -114.48536,
            43.78496
          ],
          [
            -114.48497,
            43.78479
          ],
          [
            -114.48457,
            43.78477
          ],
          [
            -114.48425,
            43.78495
          ],
          [
            -114.48423,
            43.78505
          ],
          [
            -114.48424,
            43.78523
          ],
          [
            -114.48445,
            43.78562
          ],
          [
            -114.48439,
            43.78595
          ],
          [
            -114.48422,
            43.78622
          ],
          [
            -114.4837,
            43.78662
          ],
          [
            -114.48341,
            43.78711
          ],
          [
            -114.48281,
            43.78779
          ],
          [
            -114.48209,
            43.78809
          ],
          [
            -114.48153,
            43.78858
          ],
          [
            -114.48012,
            43.78909
          ],
          [
            -114.47847,
            43.78932
          ],
          [
            -114.47665,
            43.78888
          ],
          [
            -114.47619,
            43.78909
          ],
          [
            -114.47602,
            43.78932
          ],
          [
            -114.47568,
            43.78953
          ],
          [
            -114.47543,
            43.78958
          ],
          [
            -114.47476,
            43.78956
          ],
          [
            -114.4739,
            43.78934
          ],
          [
            -114.47343,
            43.78934
          ],
          [
            -114.47252,
            43.78957
          ],
          [
            -114.47203,
            43.7899
          ],
          [
            -114.47188,
            43.79047
          ],
          [
            -114.47139,
            43.79117
          ],
          [
            -114.47117,
            43.79166
          ],
          [
            -114.47095,
            43.79204
          ],
          [
            -114.47067,
            43.79225
          ],
          [
            -114.46955,
            43.79204
          ],
          [
            -114.46911,
            43.7921
          ],
          [
            -114.46897,
            43.79223
          ],
          [
            -114.46871,
            43.79274
          ],
          [
            -114.46851,
            43.79285
          ],
          [
            -114.46743,
            43.79313
          ],
          [
            -114.46618,
            43.79316
          ],
          [
            -114.46487,
            43.79273
          ],
          [
            -114.46323,
            43.79262
          ],
          [
            -114.46309,
            43.79273
          ],
          [
            -114.46313,
            43.7933
          ],
          [
            -114.46285,
            43.7935
          ],
          [
            -114.4604,
            43.79392
          ],
          [
            -114.45879,
            43.79395
          ],
          [
            -114.45784,
            43.7939
          ],
          [
            -114.45656,
            43.79352
          ],
          [
            -114.45537,
            43.79275
          ],
          [
            -114.45498,
            43.79263
          ],
          [
            -114.45448,
            43.79305
          ],
          [
            -114.45426,
            43.7931
          ],
          [
            -114.45381,
            43.79339
          ],
          [
            -114.45258,
            43.79377
          ],
          [
            -114.45219,
            43.79384
          ],
          [
            -114.4513,
            43.79384
          ],
          [
            -114.44951,
            43.79337
          ],
          [
            -114.4489,
            43.79334
          ],
          [
            -114.44816,
            43.79358
          ],
          [
            -114.44691,
            43.79366
          ],
          [
            -114.4458,
            43.79446
          ],
          [
            -114.44555,
            43.79456
          ],
          [
            -114.44437,
            43.79446
          ],
          [
            -114.44412,
            43.79435
          ],
          [
            -114.44352,
            43.7938
          ],
          [
            -114.44333,
            43.79379
          ],
          [
            -114.4422,
            43.79451
          ],
          [
            -114.44106,
            43.79507
          ],
          [
            -114.44048,
            43.79516
          ],
          [
            -114.44005,
            43.79501
          ],
          [
            -114.43972,
            43.79474
          ],
          [
            -114.43953,
            43.79434
          ],
          [
            -114.43886,
            43.79399
          ],
          [
            -114.43738,
            43.79391
          ],
          [
            -114.43656,
            43.79377
          ],
          [
            -114.43548,
            43.7939
          ],
          [
            -114.43495,
            43.79387
          ],
          [
            -114.43408,
            43.79356
          ],
          [
            -114.43328,
            43.79315
          ],
          [
            -114.43279,
            43.7926
          ],
          [
            -114.43244,
            43.79185
          ],
          [
            -114.43204,
            43.79142
          ],
          [
            -114.4318,
            43.79027
          ],
          [
            -114.43145,
            43.79007
          ],
          [
            -114.43126,
            43.79004
          ],
          [
            -114.43028,
            43.79038
          ],
          [
            -114.42946,
            43.7901
          ],
          [
            -114.42928,
            43.78995
          ],
          [
            -114.4292,
            43.7898
          ],
          [
            -114.42923,
            43.78958
          ],
          [
            -114.42949,
            43.78872
          ],
          [
            -114.4294,
            43.78859
          ],
          [
            -114.42906,
            43.78848
          ],
          [
            -114.42779,
            43.7885
          ],
          [
            -114.42681,
            43.78837
          ],
          [
            -114.42655,
            43.78818
          ],
          [
            -114.42649,
            43.78803
          ],
          [
            -114.42661,
            43.7876
          ],
          [
            -114.42657,
            43.78732
          ],
          [
            -114.4253,
            43.78657
          ],
          [
            -114.4247,
            43.78605
          ],
          [
            -114.42384,
            43.78566
          ],
          [
            -114.42308,
            43.78549
          ],
          [
            -114.42197,
            43.78538
          ],
          [
            -114.42032,
            43.78463
          ],
          [
            -114.41877,
            43.78394
          ],
          [
            -114.41788,
            43.78388
          ],
          [
            -114.41714,
            43.78394
          ],
          [
            -114.41692,
            43.78386
          ],
          [
            -114.41648,
            43.78387
          ],
          [
            -114.41609,
            43.784
          ],
          [
            -114.416,
            43.78412
          ],
          [
            -114.41572,
            43.78415
          ],
          [
            -114.41539,
            43.78401
          ],
          [
            -114.41517,
            43.78373
          ],
          [
            -114.41512,
            43.78295
          ],
          [
            -114.41494,
            43.78252
          ],
          [
            -114.41407,
            43.78206
          ],
          [
            -114.41361,
            43.78194
          ],
          [
            -114.41312,
            43.78195
          ],
          [
            -114.4122,
            43.78223
          ],
          [
            -114.41133,
            43.78156
          ],
          [
            -114.40991,
            43.78048
          ],
          [
            -114.40967,
            43.78018
          ],
          [
            -114.40969,
            43.78002
          ],
          [
            -114.4103,
            43.77988
          ],
          [
            -114.41052,
            43.77974
          ],
          [
            -114.41058,
            43.77929
          ],
          [
            -114.40907,
            43.77821
          ],
          [
            -114.40792,
            43.7779
          ],
          [
            -114.40754,
            43.77758
          ],
          [
            -114.40746,
            43.77731
          ],
          [
            -114.40745,
            43.77667
          ],
          [
            -114.40691,
            43.77561
          ],
          [
            -114.40675,
            43.77434
          ],
          [
            -114.4064,
            43.7736
          ],
          [
            -114.40636,
            43.77332
          ],
          [
            -114.40648,
            43.77233
          ],
          [
            -114.40639,
            43.77159
          ],
          [
            -114.40673,
            43.77077
          ],
          [
            -114.40758,
            43.7695
          ],
          [
            -114.40757,
            43.76918
          ],
          [
            -114.4072,
            43.76868
          ],
          [
            -114.40712,
            43.76845
          ],
          [
            -114.40736,
            43.76768
          ],
          [
            -114.40735,
            43.76702
          ],
          [
            -114.40762,
            43.76612
          ],
          [
            -114.40763,
            43.76588
          ],
          [
            -114.40752,
            43.76573
          ],
          [
            -114.40625,
            43.76502
          ],
          [
            -114.40608,
            43.7648
          ],
          [
            -114.406,
            43.7641
          ],
          [
            -114.4059,
            43.7639
          ],
          [
            -114.40512,
            43.76342
          ],
          [
            -114.40464,
            43.76309
          ],
          [
            -114.40433,
            43.76257
          ],
          [
            -114.40436,
            43.76229
          ],
          [
            -114.40471,
            43.76178
          ],
          [
            -114.40467,
            43.76154
          ],
          [
            -114.40452,
            43.7614
          ],
          [
            -114.40413,
            43.76126
          ],
          [
            -114.4034,
            43.76131
          ],
          [
            -114.40313,
            43.76116
          ],
          [
            -114.40301,
            43.76093
          ],
          [
            -114.40305,
            43.76054
          ],
          [
            -114.40412,
            43.75939
          ],
          [
            -114.40406,
            43.75909
          ],
          [
            -114.40347,
            43.75827
          ],
          [
            -114.40271,
            43.75743
          ],
          [
            -114.40117,
            43.7564
          ],
          [
            -114.40063,
            43.75519
          ],
          [
            -114.39973,
            43.75415
          ],
          [
            -114.39901,
            43.75303
          ],
          [
            -114.39818,
            43.75276
          ],
          [
            -114.39674,
            43.75262
          ],
          [
            -114.39584,
            43.75227
          ],
          [
            -114.39484,
            43.75134
          ],
          [
            -114.39385,
            43.75062
          ],
          [
            -114.3935,
            43.75012
          ],
          [
            -114.39349,
            43.74898
          ],
          [
            -114.39322,
            43.74833
          ],
          [
            -114.39293,
            43.74805
          ],
          [
            -114.39189,
            43.74809
          ],
          [
            -114.3917,
            43.74799
          ],
          [
            -114.39165,
            43.74772
          ],
          [
            -114.3918,
            43.74746
          ],
          [
            -114.39192,
            43.74694
          ],
          [
            -114.39186,
            43.74662
          ],
          [
            -114.3918,
            43.74653
          ],
          [
            -114.39121,
            43.74628
          ],
          [
            -114.39095,
            43.74581
          ],
          [
            -114.3912,
            43.74548
          ],
          [
            -114.39199,
            43.74494
          ],
          [
            -114.39205,
            43.74459
          ],
          [
            -114.39163,
            43.74403
          ],
          [
            -114.3913,
            43.74401
          ],
          [
            -114.39091,
            43.74375
          ],
          [
            -114.39083,
            43.74354
          ],
          [
            -114.39086,
            43.74295
          ],
          [
            -114.39057,
            43.74254
          ],
          [
            -114.39007,
            43.7421
          ],
          [
            -114.38912,
            43.74149
          ],
          [
            -114.38877,
            43.7411
          ],
          [
            -114.38857,
            43.74051
          ],
          [
            -114.38841,
            43.73963
          ],
          [
            -114.3887,
            43.73884
          ],
          [
            -114.38873,
            43.73859
          ],
          [
            -114.38862,
            43.73831
          ],
          [
            -114.38822,
            43.73785
          ],
          [
            -114.38764,
            43.73757
          ],
          [
            -114.3875,
            43.73732
          ],
          [
            -114.38765,
            43.7368
          ],
          [
            -114.38827,
            43.73621
          ],
          [
            -114.38831,
            43.73596
          ],
          [
            -114.38821,
            43.73562
          ],
          [
            -114.38779,
            43.73539
          ],
          [
            -114.38667,
            43.73537
          ],
          [
            -114.38642,
            43.73519
          ],
          [
            -114.3861,
            43.7348
          ],
          [
            -114.3861,
            43.7344
          ],
          [
            -114.38654,
            43.73407
          ],
          [
            -114.38662,
            43.7338
          ],
          [
            -114.38659,
            43.73355
          ],
          [
            -114.38623,
            43.7334
          ],
          [
            -114.38615,
            43.73316
          ],
          [
            -114.38633,
            43.73151
          ],
          [
            -114.38628,
            43.73119
          ],
          [
            -114.38613,
            43.73105
          ],
          [
            -114.38607,
            43.73083
          ],
          [
            -114.38587,
            43.73068
          ],
          [
            -114.38516,
            43.73059
          ],
          [
            -114.38371,
            43.72944
          ],
          [
            -114.38314,
            43.72883
          ],
          [
            -114.38302,
            43.72845
          ],
          [
            -114.38316,
            43.72694
          ],
          [
            -114.38307,
            43.72652
          ],
          [
            -114.38253,
            43.72617
          ],
          [
            -114.38144,
            43.72597
          ],
          [
            -114.38113,
            43.72561
          ],
          [
            -114.38122,
            43.72506
          ],
          [
            -114.38014,
            43.72431
          ],
          [
            -114.37971,
            43.72384
          ],
          [
            -114.37951,
            43.72315
          ],
          [
            -114.37953,
            43.72272
          ],
          [
            -114.37944,
            43.72223
          ],
          [
            -114.37886,
            43.72153
          ],
          [
            -114.37859,
            43.72063
          ],
          [
            -114.37861,
            43.71996
          ],
          [
            -114.37908,
            43.71923
          ],
          [
            -114.37913,
            43.71899
          ],
          [
            -114.37907,
            43.71867
          ],
          [
            -114.37891,
            43.71841
          ],
          [
            -114.37829,
            43.71768
          ],
          [
            -114.37833,
            43.71737
          ],
          [
            -114.37849,
            43.71729
          ],
          [
            -114.37879,
            43.71706
          ],
          [
            -114.37915,
            43.71669
          ],
          [
            -114.37922,
            43.71645
          ],
          [
            -114.37918,
            43.71627
          ],
          [
            -114.37878,
            43.71596
          ],
          [
            -114.37803,
            43.71517
          ],
          [
            -114.37765,
            43.71459
          ],
          [
            -114.37694,
            43.71413
          ],
          [
            -114.37653,
            43.71417
          ],
          [
            -114.37581,
            43.71369
          ],
          [
            -114.37553,
            43.7132
          ],
          [
            -114.37552,
            43.71281
          ],
          [
            -114.3757,
            43.71248
          ],
          [
            -114.37572,
            43.71168
          ],
          [
            -114.37554,
            43.71102
          ],
          [
            -114.37553,
            43.71031
          ],
          [
            -114.37543,
            43.71004
          ],
          [
            -114.37477,
            43.70885
          ],
          [
            -114.37391,
            43.70853
          ],
          [
            -114.37371,
            43.70828
          ],
          [
            -114.3737,
            43.70807
          ],
          [
            -114.3737,
            43.70775
          ],
          [
            -114.37386,
            43.70739
          ],
          [
            -114.37379,
            43.7064
          ],
          [
            -114.37404,
            43.70589
          ],
          [
            -114.37446,
            43.70585
          ],
          [
            -114.37466,
            43.70553
          ],
          [
            -114.37487,
            43.70398
          ],
          [
            -114.37483,
            43.70379
          ],
          [
            -114.37475,
            43.70322
          ],
          [
            -114.37525,
            43.70231
          ],
          [
            -114.37529,
            43.70185
          ],
          [
            -114.37526,
            43.70171
          ],
          [
            -114.37486,
            43.70151
          ],
          [
            -114.37475,
            43.70134
          ],
          [
            -114.37463,
            43.70115
          ],
          [
            -114.37466,
            43.70098
          ],
          [
            -114.37485,
            43.70061
          ],
          [
            -114.3751,
            43.70047
          ],
          [
            -114.37526,
            43.7001
          ],
          [
            -114.37517,
            43.69971
          ],
          [
            -114.37471,
            43.69921
          ],
          [
            -114.37392,
            43.69807
          ],
          [
            -114.37399,
            43.6979
          ],
          [
            -114.37393,
            43.69689
          ],
          [
            -114.37404,
            43.69659
          ],
          [
            -114.37448,
            43.69632
          ],
          [
            -114.37456,
            43.69615
          ],
          [
            -114.37454,
            43.69601
          ],
          [
            -114.37425,
            43.69553
          ],
          [
            -114.37419,
            43.69525
          ],
          [
            -114.37415,
            43.69458
          ],
          [
            -114.37451,
            43.69431
          ],
          [
            -114.37484,
            43.69401
          ],
          [
            -114.37478,
            43.69365
          ],
          [
            -114.37448,
            43.69341
          ],
          [
            -114.37359,
            43.69315
          ],
          [
            -114.37354,
            43.6931
          ],
          [
            -114.3734,
            43.69284
          ],
          [
            -114.37342,
            43.69259
          ],
          [
            -114.37406,
            43.69129
          ],
          [
            -114.37439,
            43.69104
          ],
          [
            -114.37454,
            43.6907
          ],
          [
            -114.37459,
            43.69026
          ],
          [
            -114.37441,
            43.68975
          ],
          [
            -114.37319,
            43.68896
          ],
          [
            -114.37302,
            43.68879
          ],
          [
            -114.37315,
            43.6886
          ],
          [
            -114.37329,
            43.68833
          ],
          [
            -114.37333,
            43.68787
          ],
          [
            -114.37301,
            43.6871
          ],
          [
            -114.37296,
            43.68663
          ],
          [
            -114.37305,
            43.68656
          ],
          [
            -114.37296,
            43.6863
          ],
          [
            -114.37313,
            43.68608
          ],
          [
            -114.37358,
            43.68588
          ],
          [
            -114.3743,
            43.6857
          ],
          [
            -114.37458,
            43.68555
          ],
          [
            -114.37473,
            43.68511
          ],
          [
            -114.37487,
            43.68498
          ],
          [
            -114.3749,
            43.68463
          ],
          [
            -114.37469,
            43.68439
          ],
          [
            -114.37444,
            43.68428
          ],
          [
            -114.37446,
            43.68393
          ],
          [
            -114.3747,
            43.68358
          ],
          [
            -114.3752,
            43.6833
          ],
          [
            -114.3756,
            43.68317
          ],
          [
            -114.37594,
            43.68316
          ],
          [
            -114.37624,
            43.68293
          ],
          [
            -114.37653,
            43.68232
          ],
          [
            -114.37678,
            43.68226
          ],
          [
            -114.37707,
            43.68177
          ],
          [
            -114.37709,
            43.6816
          ],
          [
            -114.3772,
            43.68141
          ],
          [
            -114.37745,
            43.68103
          ],
          [
            -114.37716,
            43.6801
          ],
          [
            -114.37646,
            43.67949
          ],
          [
            -114.37601,
            43.67864
          ],
          [
            -114.37588,
            43.67801
          ],
          [
            -114.37603,
            43.67742
          ],
          [
            -114.37599,
            43.67725
          ],
          [
            -114.37562,
            43.67684
          ],
          [
            -114.37408,
            43.67558
          ],
          [
            -114.37342,
            43.67443
          ],
          [
            -114.37303,
            43.67407
          ],
          [
            -114.37228,
            43.67375
          ],
          [
            -114.37146,
            43.67385
          ],
          [
            -114.37099,
            43.67376
          ],
          [
            -114.37031,
            43.67341
          ],
          [
            -114.36895,
            43.6723
          ],
          [
            -114.36867,
            43.67223
          ],
          [
            -114.36794,
            43.67225
          ],
          [
            -114.36742,
            43.67191
          ],
          [
            -114.36678,
            43.67072
          ],
          [
            -114.36672,
            43.6702
          ],
          [
            -114.36683,
            43.66953
          ],
          [
            -114.36695,
            43.66875
          ],
          [
            -114.36608,
            43.66799
          ],
          [
            -114.36563,
            43.66785
          ],
          [
            -114.36369,
            43.66682
          ],
          [
            -114.3634,
            43.66669
          ],
          [
            -114.36283,
            43.66659
          ],
          [
            -114.36146,
            43.66663
          ],
          [
            -114.36044,
            43.66646
          ],
          [
            -114.35843,
            43.66571
          ],
          [
            -114.35778,
            43.66532
          ],
          [
            -114.35736,
            43.66498
          ],
          [
            -114.35694,
            43.66441
          ],
          [
            -114.3568,
            43.66353
          ],
          [
            -114.35692,
            43.66263
          ],
          [
            -114.35685,
            43.66239
          ],
          [
            -114.35634,
            43.66179
          ],
          [
            -114.35589,
            43.66146
          ],
          [
            -114.35563,
            43.66118
          ],
          [
            -114.35526,
            43.66011
          ],
          [
            -114.35467,
            43.65965
          ],
          [
            -114.35498,
            43.65932
          ],
          [
            -114.35477,
            43.65898
          ],
          [
            -114.35477,
            43.65875
          ],
          [
            -114.35448,
            43.65789
          ],
          [
            -114.35471,
            43.65698
          ],
          [
            -114.35459,
            43.65672
          ],
          [
            -114.35383,
            43.65599
          ],
          [
            -114.35307,
            43.65561
          ],
          [
            -114.35266,
            43.65551
          ],
          [
            -114.3522,
            43.65524
          ],
          [
            -114.35216,
            43.65507
          ],
          [
            -114.35147,
            43.65446
          ],
          [
            -114.35122,
            43.6543
          ],
          [
            -114.3508,
            43.65418
          ],
          [
            -114.35021,
            43.65399
          ],
          [
            -114.34968,
            43.65403
          ],
          [
            -114.34797,
            43.65375
          ],
          [
            -114.34667,
            43.65343
          ],
          [
            -114.34634,
            43.6532
          ],
          [
            -114.34628,
            43.65303
          ],
          [
            -114.34644,
            43.6528
          ],
          [
            -114.34645,
            43.65253
          ],
          [
            -114.34624,
            43.65226
          ],
          [
            -114.34516,
            43.65164
          ],
          [
            -114.34444,
            43.65173
          ],
          [
            -114.34424,
            43.65171
          ],
          [
            -114.34409,
            43.65159
          ],
          [
            -114.34406,
            43.6511
          ],
          [
            -114.34371,
            43.65024
          ],
          [
            -114.34288,
            43.64944
          ],
          [
            -114.34279,
            43.64895
          ],
          [
            -114.34287,
            43.64838
          ],
          [
            -114.34308,
            43.64794
          ],
          [
            -114.34325,
            43.6472
          ],
          [
            -114.34321,
            43.64689
          ],
          [
            -114.34385,
            43.64523
          ],
          [
            -114.34446,
            43.64459
          ],
          [
            -114.34538,
            43.64405
          ],
          [
            -114.3456,
            43.6437
          ],
          [
            -114.34559,
            43.64334
          ],
          [
            -114.34548,
            43.64309
          ],
          [
            -114.34526,
            43.64295
          ],
          [
            -114.34445,
            43.64312
          ],
          [
            -114.34391,
            43.64308
          ],
          [
            -114.34354,
            43.643
          ],
          [
            -114.3435,
            43.6429
          ],
          [
            -114.34354,
            43.64272
          ],
          [
            -114.34426,
            43.642
          ],
          [
            -114.34457,
            43.64114
          ],
          [
            -114.3446,
            43.64078
          ],
          [
            -114.34471,
            43.64056
          ],
          [
            -114.34453,
            43.64028
          ],
          [
            -114.34445,
            43.63996
          ],
          [
            -114.34456,
            43.63904
          ],
          [
            -114.3448,
            43.63835
          ],
          [
            -114.3452,
            43.63814
          ],
          [
            -114.34585,
            43.6373
          ],
          [
            -114.34631,
            43.6371
          ],
          [
            -114.34724,
            43.63627
          ],
          [
            -114.34812,
            43.63564
          ],
          [
            -114.34836,
            43.63514
          ],
          [
            -114.3486,
            43.63419
          ],
          [
            -114.34895,
            43.63372
          ],
          [
            -114.34905,
            43.63342
          ],
          [
            -114.3489,
            43.63281
          ],
          [
            -114.34889,
            43.63266
          ],
          [
            -114.34898,
            43.63262
          ],
          [
            -114.34892,
            43.6323
          ],
          [
            -114.34827,
            43.6316
          ],
          [
            -114.34854,
            43.63071
          ],
          [
            -114.34849,
            43.63057
          ],
          [
            -114.34896,
            43.62987
          ],
          [
            -114.34904,
            43.62948
          ],
          [
            -114.34898,
            43.62913
          ],
          [
            -114.34854,
            43.62853
          ],
          [
            -114.34852,
            43.62803
          ],
          [
            -114.34865,
            43.62751
          ],
          [
            -114.34921,
            43.6268
          ],
          [
            -114.34926,
            43.62659
          ],
          [
            -114.34916,
            43.62644
          ],
          [
            -114.34808,
            43.62604
          ],
          [
            -114.34787,
            43.62576
          ],
          [
            -114.34781,
            43.62536
          ],
          [
            -114.34793,
            43.62511
          ],
          [
            -114.34871,
            43.62456
          ],
          [
            -114.349,
            43.62421
          ],
          [
            -114.3491,
            43.62409
          ],
          [
            -114.34949,
            43.62396
          ],
          [
            -114.34955,
            43.62383
          ],
          [
            -114.35001,
            43.62356
          ],
          [
            -114.35024,
            43.6235
          ],
          [
            -114.35077,
            43.62313
          ],
          [
            -114.35095,
            43.62262
          ],
          [
            -114.3508,
            43.62217
          ],
          [
            -114.35051,
            43.62172
          ],
          [
            -114.35021,
            43.62144
          ],
          [
            -114.34996,
            43.62133
          ],
          [
            -114.34978,
            43.62081
          ],
          [
            -114.34987,
            43.61961
          ],
          [
            -114.35032,
            43.61832
          ],
          [
            -114.35052,
            43.61799
          ],
          [
            -114.35054,
            43.61774
          ],
          [
            -114.3507,
            43.61757
          ],
          [
            -114.35125,
            43.61742
          ],
          [
            -114.35181,
            43.61729
          ],
          [
            -114.3525,
            43.61683
          ],
          [
            -114.35245,
            43.61621
          ],
          [
            -114.35216,
            43.61534
          ],
          [
            -114.35186,
            43.61516
          ],
          [
            -114.3516,
            43.61472
          ],
          [
            -114.35161,
            43.61454
          ],
          [
            -114.35131,
            43.6143
          ],
          [
            -114.35097,
            43.614
          ],
          [
            -114.35088,
            43.61386
          ],
          [
            -114.35084,
            43.61369
          ],
          [
            -114.35121,
            43.61292
          ],
          [
            -114.35124,
            43.61269
          ],
          [
            -114.3515,
            43.61237
          ],
          [
            -114.35159,
            43.61174
          ],
          [
            -114.35128,
            43.61126
          ],
          [
            -114.35047,
            43.61081
          ],
          [
            -114.35036,
            43.61047
          ],
          [
            -114.35036,
            43.60979
          ],
          [
            -114.35012,
            43.60929
          ],
          [
            -114.34971,
            43.60898
          ],
          [
            -114.34865,
            43.60878
          ],
          [
            -114.34833,
            43.60863
          ],
          [
            -114.34759,
            43.60784
          ],
          [
            -114.34763,
            43.60739
          ],
          [
            -114.3479,
            43.60677
          ],
          [
            -114.3479,
            43.60649
          ],
          [
            -114.34742,
            43.60605
          ],
          [
            -114.34727,
            43.60576
          ],
          [
            -114.34706,
            43.60553
          ],
          [
            -114.34602,
            43.60422
          ],
          [
            -114.34564,
            43.60299
          ],
          [
            -114.3456,
            43.60262
          ],
          [
            -114.34572,
            43.60152
          ],
          [
            -114.34568,
            43.59911
          ],
          [
            -114.34587,
            43.59845
          ],
          [
            -114.34658,
            43.59755
          ],
          [
            -114.34857,
            43.5962
          ],
          [
            -114.34884,
            43.59595
          ],
          [
            -114.34904,
            43.59559
          ],
          [
            -114.34896,
            43.59448
          ],
          [
            -114.34832,
            43.5928
          ],
          [
            -114.34797,
            43.59143
          ],
          [
            -114.34789,
            43.59094
          ],
          [
            -114.34799,
            43.59052
          ],
          [
            -114.34823,
            43.59013
          ],
          [
            -114.34872,
            43.58983
          ],
          [
            -114.34918,
            43.5897
          ],
          [
            -114.35033,
            43.58957
          ],
          [
            -114.35044,
            43.58927
          ],
          [
            -114.35031,
            43.589
          ],
          [
            -114.34987,
            43.58854
          ],
          [
            -114.34912,
            43.58797
          ],
          [
            -114.34884,
            43.5876
          ],
          [
            -114.34877,
            43.58741
          ],
          [
            -114.34931,
            43.58644
          ],
          [
            -114.34941,
            43.5861
          ],
          [
            -114.34934,
            43.58549
          ],
          [
            -114.34912,
            43.58473
          ],
          [
            -114.34887,
            43.5842
          ],
          [
            -114.34859,
            43.58383
          ],
          [
            -114.34858,
            43.58351
          ],
          [
            -114.34809,
            43.5829
          ],
          [
            -114.34813,
            43.58201
          ],
          [
            -114.348,
            43.58171
          ],
          [
            -114.34782,
            43.58155
          ],
          [
            -114.34793,
            43.58106
          ],
          [
            -114.34772,
            43.58051
          ],
          [
            -114.34747,
            43.58037
          ],
          [
            -114.3473,
            43.58012
          ],
          [
            -114.34695,
            43.57992
          ],
          [
            -114.34595,
            43.57991
          ],
          [
            -114.34584,
            43.57977
          ],
          [
            -114.34521,
            43.5796
          ],
          [
            -114.34489,
            43.57897
          ],
          [
            -114.34459,
            43.57873
          ],
          [
            -114.34452,
            43.57801
          ],
          [
            -114.34436,
            43.57748
          ],
          [
            -114.34408,
            43.57724
          ],
          [
            -114.34367,
            43.57712
          ],
          [
            -114.34332,
            43.57707
          ],
          [
            -114.34269,
            43.5768
          ],
          [
            -114.34248,
            43.57649
          ],
          [
            -114.34235,
            43.576
          ],
          [
            -114.34174,
            43.57571
          ],
          [
            -114.33992,
            43.57525
          ],
          [
            -114.33937,
            43.575
          ],
          [
            -114.3392,
            43.57455
          ],
          [
            -114.33933,
            43.5735
          ],
          [
            -114.33927,
            43.5733
          ],
          [
            -114.34049,
            43.57285
          ],
          [
            -114.34077,
            43.57265
          ],
          [
            -114.34091,
            43.57238
          ],
          [
            -114.34076,
            43.57201
          ],
          [
            -114.34046,
            43.57177
          ],
          [
            -114.34003,
            43.5716
          ],
          [
            -114.33884,
            43.57135
          ],
          [
            -114.33854,
            43.57095
          ],
          [
            -114.33856,
            43.57064
          ],
          [
            -114.33895,
            43.5701
          ],
          [
            -114.33912,
            43.56973
          ],
          [
            -114.33919,
            43.56891
          ],
          [
            -114.3394,
            43.56819
          ],
          [
            -114.33923,
            43.56771
          ],
          [
            -114.33861,
            43.56716
          ],
          [
            -114.33858,
            43.5667
          ],
          [
            -114.33873,
            43.56643
          ],
          [
            -114.33893,
            43.56611
          ],
          [
            -114.33915,
            43.56592
          ],
          [
            -114.34037,
            43.56536
          ],
          [
            -114.34078,
            43.56517
          ],
          [
            -114.34103,
            43.56486
          ],
          [
            -114.34107,
            43.56472
          ],
          [
            -114.34129,
            43.56458
          ],
          [
            -114.34141,
            43.56383
          ],
          [
            -114.3413,
            43.56335
          ],
          [
            -114.34116,
            43.5632
          ],
          [
            -114.34123,
            43.56253
          ],
          [
            -114.34115,
            43.56225
          ],
          [
            -114.3409,
            43.5619
          ],
          [
            -114.3409,
            43.56168
          ],
          [
            -114.34107,
            43.56128
          ],
          [
            -114.34148,
            43.56077
          ],
          [
            -114.34174,
            43.56042
          ],
          [
            -114.34221,
            43.55948
          ],
          [
            -114.34331,
            43.55856
          ],
          [
            -114.34351,
            43.55828
          ],
          [
            -114.3434,
            43.5579
          ],
          [
            -114.34187,
            43.55683
          ],
          [
            -114.34155,
            43.55644
          ],
          [
            -114.34152,
            43.55616
          ],
          [
            -114.3417,
            43.55517
          ],
          [
            -114.34182,
            43.55486
          ],
          [
            -114.34182,
            43.55443
          ],
          [
            -114.34201,
            43.55408
          ],
          [
            -114.342,
            43.55334
          ],
          [
            -114.34217,
            43.55214
          ],
          [
            -114.34245,
            43.55193
          ],
          [
            -114.34257,
            43.55158
          ],
          [
            -114.34251,
            43.55134
          ],
          [
            -114.3423,
            43.55119
          ],
          [
            -114.34232,
            43.55088
          ],
          [
            -114.34215,
            43.5504
          ],
          [
            -114.34206,
            43.54976
          ],
          [
            -114.34157,
            43.54927
          ],
          [
            -114.34117,
            43.54896
          ],
          [
            -114.34037,
            43.54854
          ],
          [
            -114.34008,
            43.5483
          ],
          [
            -114.33997,
            43.54802
          ],
          [
            -114.33985,
            43.5471
          ],
          [
            -114.33955,
            43.54665
          ],
          [
            -114.33911,
            43.5464
          ],
          [
            -114.33887,
            43.54617
          ],
          [
            -114.33866,
            43.54577
          ],
          [
            -114.33863,
            43.54538
          ],
          [
            -114.33875,
            43.54502
          ],
          [
            -114.3387,
            43.54485
          ],
          [
            -114.33888,
            43.5446
          ],
          [
            -114.33983,
            43.54423
          ],
          [
            -114.34022,
            43.54329
          ],
          [
            -114.34,
            43.54281
          ],
          [
            -114.33951,
            43.54217
          ],
          [
            -114.33865,
            43.5416
          ],
          [
            -114.3381,
            43.54095
          ],
          [
            -114.33784,
            43.54086
          ],
          [
            -114.33764,
            43.54065
          ],
          [
            -114.33735,
            43.54004
          ],
          [
            -114.33732,
            43.53984
          ],
          [
            -114.33717,
            43.53975
          ],
          [
            -114.33706,
            43.53956
          ],
          [
            -114.33718,
            43.53918
          ],
          [
            -114.3373,
            43.53907
          ],
          [
            -114.33707,
            43.53851
          ],
          [
            -114.3365,
            43.53793
          ],
          [
            -114.3364,
            43.5374
          ],
          [
            -114.33596,
            43.53697
          ],
          [
            -114.33564,
            43.53638
          ],
          [
            -114.33488,
            43.53589
          ],
          [
            -114.33331,
            43.53548
          ],
          [
            -114.33278,
            43.53514
          ],
          [
            -114.33241,
            43.53472
          ],
          [
            -114.33226,
            43.53446
          ],
          [
            -114.33223,
            43.53392
          ],
          [
            -114.332,
            43.53353
          ],
          [
            -114.33077,
            43.53278
          ],
          [
            -114.33077,
            43.5325
          ],
          [
            -114.33132,
            43.53221
          ],
          [
            -114.3314,
            43.53198
          ],
          [
            -114.32957,
            43.53116
          ],
          [
            -114.32906,
            43.53084
          ],
          [
            -114.32878,
            43.53051
          ],
          [
            -114.3288,
            43.53028
          ],
          [
            -114.3286,
            43.5298
          ],
          [
            -114.32809,
            43.52917
          ],
          [
            -114.32725,
            43.52742
          ],
          [
            -114.32692,
            43.52638
          ],
          [
            -114.32681,
            43.52564
          ],
          [
            -114.32622,
            43.52478
          ],
          [
            -114.32586,
            43.52389
          ],
          [
            -114.32521,
            43.52301
          ],
          [
            -114.32482,
            43.52199
          ],
          [
            -114.32323,
            43.5193
          ],
          [
            -114.32271,
            43.5181
          ],
          [
            -114.32239,
            43.51762
          ],
          [
            -114.3208,
            43.51624
          ],
          [
            -114.31969,
            43.51501
          ],
          [
            -114.31922,
            43.51388
          ],
          [
            -114.31899,
            43.51291
          ],
          [
            -114.31876,
            43.5123
          ],
          [
            -114.31852,
            43.51157
          ],
          [
            -114.31862,
            43.51097
          ],
          [
            -114.31858,
            43.51072
          ],
          [
            -114.31802,
            43.51044
          ],
          [
            -114.31734,
            43.51021
          ],
          [
            -114.31727,
            43.50972
          ],
          [
            -114.31758,
            43.50877
          ],
          [
            -114.31763,
            43.50852
          ],
          [
            -114.31747,
            43.50825
          ],
          [
            -114.31647,
            43.50741
          ],
          [
            -114.31541,
            43.50682
          ],
          [
            -114.31461,
            43.50656
          ],
          [
            -114.31387,
            43.50635
          ],
          [
            -114.31281,
            43.5059
          ],
          [
            -114.31203,
            43.50531
          ],
          [
            -114.31169,
            43.50488
          ],
          [
            -114.31116,
            43.50362
          ],
          [
            -114.31102,
            43.50263
          ],
          [
            -114.31086,
            43.50211
          ],
          [
            -114.31014,
            43.50139
          ],
          [
            -114.30906,
            43.50071
          ],
          [
            -114.30866,
            43.50035
          ],
          [
            -114.30821,
            43.49907
          ],
          [
            -114.30737,
            43.4979
          ],
          [
            -114.30653,
            43.49691
          ],
          [
            -114.3054,
            43.49582
          ],
          [
            -114.30467,
            43.49485
          ],
          [
            -114.30425,
            43.49397
          ],
          [
            -114.30389,
            43.49355
          ],
          [
            -114.30302,
            43.49297
          ],
          [
            -114.30137,
            43.49241
          ],
          [
            -114.30018,
            43.49177
          ],
          [
            -114.29941,
            43.49153
          ],
          [
            -114.29858,
            43.49144
          ],
          [
            -114.29806,
            43.49169
          ],
          [
            -114.29757,
            43.49173
          ],
          [
            -114.29688,
            43.49192
          ],
          [
            -114.29615,
            43.49193
          ],
          [
            -114.29586,
            43.49181
          ],
          [
            -114.29554,
            43.49149
          ],
          [
            -114.29429,
            43.4914
          ],
          [
            -114.29357,
            43.4912
          ],
          [
            -114.29321,
            43.49095
          ],
          [
            -114.29251,
            43.49013
          ],
          [
            -114.29239,
            43.48982
          ],
          [
            -114.2921,
            43.48969
          ],
          [
            -114.29194,
            43.48951
          ],
          [
            -114.29187,
            43.48934
          ],
          [
            -114.29191,
            43.48921
          ],
          [
            -114.29178,
            43.48907
          ],
          [
            -114.28974,
            43.48827
          ],
          [
            -114.28913,
            43.48775
          ],
          [
            -114.28857,
            43.48646
          ],
          [
            -114.28858,
            43.48592
          ],
          [
            -114.28874,
            43.48558
          ],
          [
            -114.28876,
            43.48522
          ],
          [
            -114.28911,
            43.48452
          ],
          [
            -114.28893,
            43.48427
          ],
          [
            -114.28844,
            43.48397
          ],
          [
            -114.28749,
            43.48376
          ],
          [
            -114.28692,
            43.48355
          ],
          [
            -114.28569,
            43.48272
          ],
          [
            -114.28479,
            43.48228
          ],
          [
            -114.28392,
            43.48214
          ],
          [
            -114.28333,
            43.48183
          ],
          [
            -114.28324,
            43.48153
          ],
          [
            -114.28278,
            43.48079
          ],
          [
            -114.28265,
            43.48033
          ],
          [
            -114.28241,
            43.4799
          ],
          [
            -114.28188,
            43.47934
          ],
          [
            -114.28168,
            43.47924
          ],
          [
            -114.28132,
            43.4789
          ],
          [
            -114.28096,
            43.47872
          ],
          [
            -114.28045,
            43.47825
          ],
          [
            -114.28076,
            43.47789
          ],
          [
            -114.28118,
            43.47713
          ],
          [
            -114.28113,
            43.47671
          ],
          [
            -114.28102,
            43.4765
          ],
          [
            -114.28112,
            43.4763
          ],
          [
            -114.28108,
            43.47597
          ],
          [
            -114.28068,
            43.47512
          ],
          [
            -114.28053,
            43.47498
          ],
          [
            -114.27969,
            43.47469
          ],
          [
            -114.27882,
            43.47456
          ],
          [
            -114.2776,
            43.47469
          ],
          [
            -114.27737,
            43.47482
          ],
          [
            -114.27703,
            43.47486
          ],
          [
            -114.27606,
            43.4746
          ],
          [
            -114.27441,
            43.4744
          ],
          [
            -114.2733,
            43.47394
          ],
          [
            -114.27288,
            43.47365
          ],
          [
            -114.27282,
            43.47342
          ],
          [
            -114.27231,
            43.47303
          ],
          [
            -114.27197,
            43.47268
          ],
          [
            -114.27183,
            43.47241
          ],
          [
            -114.27176,
            43.47163
          ],
          [
            -114.27195,
            43.47147
          ],
          [
            -114.27202,
            43.4713
          ],
          [
            -114.27186,
            43.47104
          ],
          [
            -114.26977,
            43.4701
          ],
          [
            -114.26885,
            43.46917
          ],
          [
            -114.26854,
            43.46865
          ],
          [
            -114.26728,
            43.46747
          ],
          [
            -114.26682,
            43.46692
          ],
          [
            -114.26524,
            43.46596
          ],
          [
            -114.26443,
            43.46562
          ],
          [
            -114.26409,
            43.46522
          ],
          [
            -114.26393,
            43.46477
          ],
          [
            -114.26374,
            43.46437
          ],
          [
            -114.26388,
            43.46371
          ],
          [
            -114.26373,
            43.46341
          ],
          [
            -114.26372,
            43.46279
          ],
          [
            -114.26238,
            43.46197
          ],
          [
            -114.26214,
            43.46162
          ],
          [
            -114.26214,
            43.46117
          ],
          [
            -114.26152,
            43.46095
          ],
          [
            -114.2613,
            43.46076
          ],
          [
            -114.2612,
            43.46052
          ],
          [
            -114.26125,
            43.4596
          ],
          [
            -114.26142,
            43.45926
          ],
          [
            -114.26184,
            43.45897
          ],
          [
            -114.26145,
            43.45804
          ],
          [
            -114.26154,
            43.45745
          ],
          [
            -114.26174,
            43.45732
          ],
          [
            -114.26208,
            43.45689
          ],
          [
            -114.2621,
            43.45671
          ],
          [
            -114.26202,
            43.45651
          ],
          [
            -114.26232,
            43.45598
          ],
          [
            -114.26274,
            43.45573
          ],
          [
            -114.26292,
            43.45541
          ],
          [
            -114.26283,
            43.45521
          ],
          [
            -114.2625,
            43.45506
          ],
          [
            -114.26232,
            43.45461
          ],
          [
            -114.26215,
            43.45443
          ],
          [
            -114.26205,
            43.45415
          ],
          [
            -114.26205,
            43.45366
          ],
          [
            -114.26221,
            43.45299
          ],
          [
            -114.26263,
            43.45263
          ],
          [
            -114.26292,
            43.45207
          ],
          [
            -114.26287,
            43.45175
          ],
          [
            -114.26262,
            43.45141
          ],
          [
            -114.26267,
            43.45095
          ],
          [
            -114.26244,
            43.45056
          ],
          [
            -114.26254,
            43.45012
          ],
          [
            -114.26244,
            43.44974
          ],
          [
            -114.26166,
            43.44915
          ],
          [
            -114.26104,
            43.44879
          ],
          [
            -114.26072,
            43.44849
          ],
          [
            -114.25957,
            43.44771
          ],
          [
            -114.25936,
            43.44736
          ],
          [
            -114.25942,
            43.44711
          ],
          [
            -114.25928,
            43.44675
          ],
          [
            -114.25971,
            43.4465
          ],
          [
            -114.25999,
            43.44616
          ],
          [
            -114.26086,
            43.44591
          ],
          [
            -114.2611,
            43.44575
          ],
          [
            -114.26125,
            43.44541
          ],
          [
            -114.26127,
            43.44426
          ],
          [
            -114.26124,
            43.44421
          ],
          [
            -114.26114,
            43.44386
          ],
          [
            -114.26074,
            43.44332
          ],
          [
            -114.26074,
            43.44303
          ],
          [
            -114.26094,
            43.44226
          ],
          [
            -114.26207,
            43.44099
          ],
          [
            -114.2623,
            43.44048
          ],
          [
            -114.26223,
            43.4401
          ],
          [
            -114.2619,
            43.43981
          ],
          [
            -114.2619,
            43.4396
          ],
          [
            -114.26216,
            43.43868
          ],
          [
            -114.2628,
            43.43809
          ],
          [
            -114.26278,
            43.43771
          ],
          [
            -114.26313,
            43.43736
          ],
          [
            -114.26328,
            43.4371
          ],
          [
            -114.26326,
            43.43655
          ],
          [
            -114.26311,
            43.43617
          ],
          [
            -114.26332,
            43.43587
          ],
          [
            -114.26335,
            43.43566
          ],
          [
            -114.26324,
            43.43531
          ],
          [
            -114.26311,
            43.43516
          ],
          [
            -114.26314,
            43.43399
          ],
          [
            -114.26232,
            43.43255
          ],
          [
            -114.26261,
            43.43217
          ],
          [
            -114.26257,
            43.4314
          ],
          [
            -114.2622,
            43.43112
          ],
          [
            -114.2618,
            43.43101
          ],
          [
            -114.26169,
            43.4302
          ],
          [
            -114.26163,
            43.42959
          ],
          [
            -114.2609,
            43.42871
          ],
          [
            -114.26053,
            43.42794
          ],
          [
            -114.26052,
            43.42776
          ],
          [
            -114.26085,
            43.42623
          ],
          [
            -114.26092,
            43.42479
          ],
          [
            -114.26112,
            43.42435
          ],
          [
            -114.26197,
            43.42376
          ],
          [
            -114.26264,
            43.42312
          ],
          [
            -114.2633,
            43.42225
          ],
          [
            -114.2634,
            43.42189
          ],
          [
            -114.2634,
            43.42152
          ],
          [
            -114.2632,
            43.42111
          ],
          [
            -114.26297,
            43.4208
          ],
          [
            -114.26281,
            43.4201
          ],
          [
            -114.26271,
            43.41912
          ],
          [
            -114.26269,
            43.41802
          ],
          [
            -114.26283,
            43.41732
          ],
          [
            -114.26302,
            43.41689
          ],
          [
            -114.26346,
            43.41642
          ],
          [
            -114.26458,
            43.4158
          ],
          [
            -114.26536,
            43.41558
          ],
          [
            -114.26553,
            43.41545
          ],
          [
            -114.26576,
            43.4152
          ],
          [
            -114.26581,
            43.41503
          ],
          [
            -114.26591,
            43.4139
          ],
          [
            -114.26582,
            43.41362
          ],
          [
            -114.26542,
            43.41322
          ],
          [
            -114.26544,
            43.41298
          ],
          [
            -114.26585,
            43.41225
          ],
          [
            -114.26677,
            43.41163
          ],
          [
            -114.26751,
            43.41077
          ],
          [
            -114.26793,
            43.41044
          ],
          [
            -114.26839,
            43.40999
          ],
          [
            -114.26866,
            43.40954
          ],
          [
            -114.26864,
            43.40933
          ],
          [
            -114.26633,
            43.40713
          ],
          [
            -114.26594,
            43.40673
          ],
          [
            -114.26586,
            43.40632
          ],
          [
            -114.26596,
            43.40593
          ],
          [
            -114.26646,
            43.40518
          ],
          [
            -114.26676,
            43.40491
          ],
          [
            -114.26748,
            43.40394
          ],
          [
            -114.26831,
            43.40325
          ],
          [
            -114.26862,
            43.4029
          ],
          [
            -114.26851,
            43.40217
          ],
          [
            -114.26855,
            43.40109
          ],
          [
            -114.26842,
            43.40002
          ],
          [
            -114.26858,
            43.39955
          ],
          [
            -114.26942,
            43.39884
          ],
          [
            -114.26996,
            43.3982
          ],
          [
            -114.27138,
            43.39778
          ],
          [
            -114.2718,
            43.3973
          ],
          [
            -114.27194,
            43.39669
          ],
          [
            -114.27193,
            43.39612
          ],
          [
            -114.27205,
            43.39544
          ],
          [
            -114.27301,
            43.39367
          ],
          [
            -114.2733,
            43.3926
          ],
          [
            -114.27329,
            43.39193
          ],
          [
            -114.27361,
            43.39122
          ],
          [
            -114.27406,
            43.39074
          ],
          [
            -114.27547,
            43.39006
          ],
          [
            -114.2755,
            43.38972
          ],
          [
            -114.27534,
            43.38925
          ],
          [
            -114.27489,
            43.38887
          ],
          [
            -114.27449,
            43.38836
          ],
          [
            -114.27444,
            43.38802
          ],
          [
            -114.2749,
            43.38751
          ],
          [
            -114.2756,
            43.38697
          ],
          [
            -114.27567,
            43.38661
          ],
          [
            -114.27561,
            43.38625
          ],
          [
            -114.27512,
            43.38559
          ],
          [
            -114.27504,
            43.38548
          ],
          [
            -114.2751,
            43.38529
          ],
          [
            -114.27501,
            43.38447
          ],
          [
            -114.275,
            43.38415
          ],
          [
            -114.27514,
            43.38363
          ],
          [
            -114.27588,
            43.38262
          ],
          [
            -114.27605,
            43.38208
          ],
          [
            -114.27613,
            43.38161
          ],
          [
            -114.27641,
            43.38073
          ],
          [
            -114.2773,
            43.37955
          ],
          [
            -114.27775,
            43.37917
          ],
          [
            -114.27784,
            43.37909
          ],
          [
            -114.27817,
            43.37874
          ],
          [
            -114.27847,
            43.37826
          ],
          [
            -114.27839,
            43.37735
          ],
          [
            -114.27846,
            43.37685
          ],
          [
            -114.27859,
            43.37664
          ],
          [
            -114.27905,
            43.37608
          ],
          [
            -114.27923,
            43.37542
          ],
          [
            -114.27928,
            43.37422
          ],
          [
            -114.27953,
            43.37361
          ],
          [
            -114.28004,
            43.37287
          ],
          [
            -114.28018,
            43.37246
          ],
          [
            -114.28017,
            43.37225
          ],
          [
            -114.28001,
            43.37195
          ],
          [
            -114.27907,
            43.37109
          ],
          [
            -114.27911,
            43.37063
          ],
          [
            -114.27952,
            43.36983
          ],
          [
            -114.27947,
            43.36947
          ],
          [
            -114.28011,
            43.36898
          ],
          [
            -114.28102,
            43.36857
          ],
          [
            -114.28161,
            43.36839
          ],
          [
            -114.28205,
            43.36839
          ],
          [
            -114.28303,
            43.36874
          ],
          [
            -114.28338,
            43.36819
          ],
          [
            -114.28387,
            43.36779
          ],
          [
            -114.28418,
            43.36707
          ],
          [
            -114.28413,
            43.36636
          ],
          [
            -114.28383,
            43.36587
          ],
          [
            -114.28323,
            43.36523
          ],
          [
            -114.28307,
            43.36489
          ],
          [
            -114.2831,
            43.36476
          ],
          [
            -114.28336,
            43.36442
          ],
          [
            -114.28451,
            43.36393
          ],
          [
            -114.2854,
            43.36326
          ],
          [
            -114.28729,
            43.36237
          ],
          [
            -114.28752,
            43.36186
          ],
          [
            -114.28795,
            43.36128
          ],
          [
            -114.28822,
            43.36099
          ],
          [
            -114.28973,
            43.36046
          ],
          [
            -114.29023,
            43.36037
          ],
          [
            -114.29088,
            43.35969
          ],
          [
            -114.29101,
            43.35935
          ],
          [
            -114.29148,
            43.3591
          ],
          [
            -114.29215,
            43.35899
          ],
          [
            -114.29266,
            43.35906
          ],
          [
            -114.29379,
            43.35861
          ],
          [
            -114.29435,
            43.35849
          ],
          [
            -114.29508,
            43.35897
          ],
          [
            -114.29574,
            43.35922
          ],
          [
            -114.29627,
            43.35916
          ],
          [
            -114.2969,
            43.35888
          ],
          [
            -114.29717,
            43.35867
          ],
          [
            -114.29735,
            43.35837
          ],
          [
            -114.29769,
            43.35672
          ],
          [
            -114.29806,
            43.3561
          ],
          [
            -114.29851,
            43.35567
          ],
          [
            -114.29983,
            43.35519
          ],
          [
            -114.29986,
            43.35491
          ],
          [
            -114.3002,
            43.35428
          ],
          [
            -114.30048,
            43.35395
          ],
          [
            -114.30075,
            43.35387
          ],
          [
            -114.30085,
            43.3533
          ],
          [
            -114.30122,
            43.35272
          ],
          [
            -114.30354,
            43.35178
          ],
          [
            -114.30387,
            43.35147
          ],
          [
            -114.30462,
            43.35048
          ],
          [
            -114.30616,
            43.34971
          ],
          [
            -114.30646,
            43.34938
          ],
          [
            -114.30683,
            43.34921
          ],
          [
            -114.30697,
            43.3489
          ],
          [
            -114.30727,
            43.34853
          ],
          [
            -114.30744,
            43.34751
          ],
          [
            -114.30857,
            43.34677
          ],
          [
            -114.30928,
            43.34598
          ],
          [
            -114.30953,
            43.34586
          ],
          [
            -114.30973,
            43.34561
          ],
          [
            -114.30998,
            43.3447
          ],
          [
            -114.31028,
            43.34454
          ],
          [
            -114.31059,
            43.34394
          ],
          [
            -114.31108,
            43.34359
          ],
          [
            -114.31119,
            43.34343
          ],
          [
            -114.31124,
            43.34275
          ],
          [
            -114.31115,
            43.34255
          ],
          [
            -114.31095,
            43.34239
          ],
          [
            -114.31088,
            43.34147
          ],
          [
            -114.31172,
            43.34023
          ],
          [
            -114.31279,
            43.33954
          ],
          [
            -114.31322,
            43.33907
          ],
          [
            -114.31329,
            43.33889
          ],
          [
            -114.31319,
            43.33829
          ],
          [
            -114.31329,
            43.33762
          ],
          [
            -114.31342,
            43.33735
          ],
          [
            -114.31372,
            43.33701
          ],
          [
            -114.31563,
            43.33543
          ],
          [
            -114.31628,
            43.33504
          ],
          [
            -114.31668,
            43.33487
          ],
          [
            -114.31701,
            43.33492
          ],
          [
            -114.31758,
            43.33479
          ],
          [
            -114.31793,
            43.33466
          ],
          [
            -114.31806,
            43.3345
          ],
          [
            -114.31808,
            43.3344
          ],
          [
            -114.31845,
            43.33422
          ],
          [
            -114.31857,
            43.33403
          ],
          [
            -114.31846,
            43.33338
          ],
          [
            -114.31783,
            43.33288
          ],
          [
            -114.31779,
            43.33255
          ],
          [
            -114.31766,
            43.33224
          ],
          [
            -114.31739,
            43.33194
          ],
          [
            -114.31732,
            43.33159
          ],
          [
            -114.31754,
            43.33093
          ],
          [
            -114.31773,
            43.33076
          ],
          [
            -114.3179,
            43.33009
          ],
          [
            -114.31802,
            43.32982
          ],
          [
            -114.31822,
            43.32961
          ],
          [
            -114.32038,
            43.3281
          ],
          [
            -114.32112,
            43.32735
          ],
          [
            -114.3217,
            43.32698
          ],
          [
            -114.32298,
            43.32711
          ],
          [
            -114.32328,
            43.32723
          ],
          [
            -114.32401,
            43.32732
          ],
          [
            -114.32441,
            43.32727
          ],
          [
            -114.32502,
            43.32756
          ],
          [
            -114.32549,
            43.32765
          ],
          [
            -114.32621,
            43.32744
          ],
          [
            -114.32648,
            43.32725
          ],
          [
            -114.32774,
            43.32711
          ],
          [
            -114.3296,
            43.3263
          ],
          [
            -114.33091,
            43.3261
          ],
          [
            -114.33198,
            43.32606
          ],
          [
            -114.33411,
            43.32623
          ],
          [
            -114.33466,
            43.32639
          ],
          [
            -114.3351,
            43.32663
          ],
          [
            -114.33586,
            43.32752
          ],
          [
            -114.33725,
            43.32774
          ],
          [
            -114.33859,
            43.32741
          ],
          [
            -114.34063,
            43.32779
          ],
          [
            -114.34164,
            43.32754
          ],
          [
            -114.34176,
            43.32728
          ],
          [
            -114.34206,
            43.3271
          ],
          [
            -114.34268,
            43.32696
          ],
          [
            -114.34321,
            43.32679
          ],
          [
            -114.34389,
            43.32682
          ],
          [
            -114.34434,
            43.32703
          ],
          [
            -114.34518,
            43.32685
          ],
          [
            -114.34562,
            43.3268
          ],
          [
            -114.34638,
            43.32694
          ],
          [
            -114.34661,
            43.32701
          ],
          [
            -114.34672,
            43.32716
          ],
          [
            -114.34757,
            43.32732
          ],
          [
            -114.34862,
            43.32714
          ],
          [
            -114.34902,
            43.327
          ],
          [
            -114.34928,
            43.32674
          ],
          [
            -114.35093,
            43.3262
          ],
          [
            -114.35175,
            43.32645
          ],
          [
            -114.35262,
            43.32708
          ],
          [
            -114.3537,
            43.32824
          ],
          [
            -114.35472,
            43.32889
          ],
          [
            -114.35549,
            43.32878
          ],
          [
            -114.35638,
            43.32827
          ],
          [
            -114.3567,
            43.32819
          ],
          [
            -114.35718,
            43.32836
          ],
          [
            -114.35826,
            43.32914
          ],
          [
            -114.35874,
            43.32933
          ],
          [
            -114.35908,
            43.32937
          ],
          [
            -114.3603,
            43.32929
          ],
          [
            -114.36155,
            43.32946
          ],
          [
            -114.36219,
            43.32941
          ],
          [
            -114.36351,
            43.32911
          ],
          [
            -114.36615,
            43.328
          ],
          [
            -114.36649,
            43.32775
          ],
          [
            -114.36679,
            43.32703
          ],
          [
            -114.36702,
            43.32671
          ],
          [
            -114.36762,
            43.32641
          ],
          [
            -114.36899,
            43.32601
          ],
          [
            -114.36958,
            43.32594
          ],
          [
            -114.37032,
            43.32599
          ],
          [
            -114.37134,
            43.32612
          ],
          [
            -114.37247,
            43.32638
          ],
          [
            -114.37354,
            43.32689
          ],
          [
            -114.37459,
            43.32721
          ],
          [
            -114.37693,
            43.32749
          ],
          [
            -114.37867,
            43.32715
          ],
          [
            -114.37918,
            43.32729
          ],
          [
            -114.37993,
            43.3278
          ],
          [
            -114.38034,
            43.32793
          ],
          [
            -114.38136,
            43.32782
          ],
          [
            -114.38249,
            43.32787
          ],
          [
            -114.38258,
            43.32701
          ],
          [
            -114.38269,
            43.32681
          ],
          [
            -114.38287,
            43.3267
          ],
          [
            -114.38448,
            43.32672
          ],
          [
            -114.38517,
            43.32664
          ],
          [
            -114.38595,
            43.32669
          ],
          [
            -114.38621,
            43.32679
          ],
          [
            -114.387,
            43.32679
          ],
          [
            -114.38736,
            43.3266
          ],
          [
            -114.3874,
            43.3265
          ],
          [
            -114.3872,
            43.32599
          ],
          [
            -114.38728,
            43.32571
          ],
          [
            -114.38749,
            43.32547
          ],
          [
            -114.38783,
            43.32526
          ],
          [
            -114.39145,
            43.32525
          ],
          [
            -114.39206,
            43.3254
          ],
          [
            -114.39225,
            43.32544
          ],
          [
            -114.39309,
            43.32617
          ],
          [
            -114.39417,
            43.32628
          ],
          [
            -114.39481,
            43.32662
          ],
          [
            -114.39766,
            43.32685
          ],
          [
            -114.40006,
            43.32653
          ],
          [
            -114.40073,
            43.32636
          ],
          [
            -114.40077,
            43.32476
          ],
          [
            -114.40128,
            43.32395
          ],
          [
            -114.40178,
            43.32342
          ],
          [
            -114.40239,
            43.32294
          ],
          [
            -114.4023,
            43.32173
          ],
          [
            -114.40217,
            43.32139
          ],
          [
            -114.40191,
            43.32108
          ],
          [
            -114.40155,
            43.32042
          ],
          [
            -114.40137,
            43.31968
          ],
          [
            -114.40126,
            43.31869
          ],
          [
            -114.40068,
            43.31825
          ],
          [
            -114.3994,
            43.31702
          ],
          [
            -114.39904,
            43.31663
          ],
          [
            -114.39843,
            43.31573
          ],
          [
            -114.39746,
            43.31478
          ],
          [
            -114.39578,
            43.31384
          ],
          [
            -114.39473,
            43.31293
          ],
          [
            -114.39418,
            43.31202
          ],
          [
            -114.39372,
            43.31081
          ],
          [
            -114.39317,
            43.30969
          ],
          [
            -114.39277,
            43.308
          ],
          [
            -114.39122,
            43.30634
          ],
          [
            -114.3901,
            43.30475
          ],
          [
            -114.38931,
            43.30344
          ],
          [
            -114.38771,
            43.30217
          ],
          [
            -114.38554,
            43.29911
          ],
          [
            -114.38224,
            43.29654
          ],
          [
            -114.38021,
            43.29404
          ],
          [
            -114.37884,
            43.2912
          ],
          [
            -114.37783,
            43.28945
          ],
          [
            -114.37756,
            43.28883
          ],
          [
            -114.37702,
            43.28613
          ],
          [
            -114.37641,
            43.28536
          ],
          [
            -114.37575,
            43.28397
          ],
          [
            -114.3749,
            43.28117
          ],
          [
            -114.37467,
            43.27962
          ],
          [
            -114.37422,
            43.27742
          ],
          [
            -114.37308,
            43.27643
          ],
          [
            -114.37116,
            43.27421
          ],
          [
            -114.36909,
            43.27108
          ],
          [
            -114.36799,
            43.26927
          ],
          [
            -114.3677,
            43.26818
          ],
          [
            -114.36724,
            43.26554
          ],
          [
            -114.3646,
            43.26366
          ],
          [
            -114.36257,
            43.262
          ],
          [
            -114.36156,
            43.26102
          ],
          [
            -114.36006,
            43.25937
          ],
          [
            -114.3611,
            43.25846
          ],
          [
            -114.36425,
            43.25638
          ],
          [
            -114.36405,
            43.25519
          ],
          [
            -114.36371,
            43.25304
          ],
          [
            -114.36356,
            43.25299
          ],
          [
            -114.36227,
            43.25252
          ],
          [
            -114.36142,
            43.25208
          ],
          [
            -114.3612,
            43.25188
          ],
          [
            -114.36099,
            43.25183
          ],
          [
            -114.36038,
            43.25177
          ],
          [
            -114.35989,
            43.25148
          ],
          [
            -114.35968,
            43.25147
          ],
          [
            -114.35968,
            43.25133
          ],
          [
            -114.35963,
            43.25098
          ],
          [
            -114.35929,
            43.2505
          ],
          [
            -114.35896,
            43.2503
          ],
          [
            -114.35834,
            43.24966
          ],
          [
            -114.35718,
            43.24902
          ],
          [
            -114.35652,
            43.24823
          ],
          [
            -114.35608,
            43.2479
          ],
          [
            -114.35547,
            43.24725
          ],
          [
            -114.35476,
            43.24632
          ],
          [
            -114.35335,
            43.24522
          ],
          [
            -114.35323,
            43.24503
          ],
          [
            -114.35303,
            43.24419
          ],
          [
            -114.35283,
            43.24276
          ],
          [
            -114.35274,
            43.24268
          ],
          [
            -114.35273,
            43.2425
          ],
          [
            -114.35289,
            43.24234
          ],
          [
            -114.3529,
            43.24224
          ],
          [
            -114.35274,
            43.24202
          ],
          [
            -114.35281,
            43.24181
          ],
          [
            -114.35266,
            43.24147
          ],
          [
            -114.3525,
            43.24129
          ],
          [
            -114.35103,
            43.24029
          ],
          [
            -114.35077,
            43.24001
          ],
          [
            -114.35104,
            43.23963
          ],
          [
            -114.35195,
            43.23929
          ],
          [
            -114.35315,
            43.2385
          ],
          [
            -114.35415,
            43.23804
          ],
          [
            -114.35497,
            43.23748
          ],
          [
            -114.35573,
            43.23673
          ],
          [
            -114.35596,
            43.23597
          ],
          [
            -114.35616,
            43.23558
          ],
          [
            -114.35621,
            43.2353
          ],
          [
            -114.35612,
            43.23508
          ],
          [
            -114.35582,
            43.23485
          ],
          [
            -114.35516,
            43.23457
          ],
          [
            -114.35451,
            43.23399
          ],
          [
            -114.3544,
            43.23364
          ],
          [
            -114.35439,
            43.23315
          ],
          [
            -114.35472,
            43.23255
          ],
          [
            -114.3559,
            43.23124
          ],
          [
            -114.35604,
            43.23086
          ],
          [
            -114.35599,
            43.23062
          ],
          [
            -114.35576,
            43.23026
          ],
          [
            -114.35456,
            43.22895
          ],
          [
            -114.35416,
            43.22811
          ],
          [
            -114.35401,
            43.22751
          ],
          [
            -114.35395,
            43.22619
          ],
          [
            -114.35387,
            43.22584
          ],
          [
            -114.3539,
            43.22499
          ],
          [
            -114.354,
            43.22474
          ],
          [
            -114.35401,
            43.22427
          ],
          [
            -114.35458,
            43.2234
          ],
          [
            -114.35529,
            43.22261
          ],
          [
            -114.35554,
            43.22247
          ],
          [
            -114.35582,
            43.22217
          ],
          [
            -114.35597,
            43.22187
          ],
          [
            -114.35675,
            43.22157
          ],
          [
            -114.35683,
            43.22175
          ],
          [
            -114.35795,
            43.22174
          ],
          [
            -114.35865,
            43.22189
          ],
          [
            -114.35974,
            43.2221
          ],
          [
            -114.36049,
            43.22178
          ],
          [
            -114.36113,
            43.22167
          ],
          [
            -114.36138,
            43.22163
          ],
          [
            -114.3615,
            43.22147
          ],
          [
            -114.36109,
            43.22082
          ],
          [
            -114.36097,
            43.22057
          ],
          [
            -114.36047,
            43.22019
          ],
          [
            -114.36028,
            43.22013
          ],
          [
            -114.36015,
            43.21981
          ],
          [
            -114.35986,
            43.21958
          ],
          [
            -114.35936,
            43.21907
          ],
          [
            -114.35898,
            43.21885
          ],
          [
            -114.35887,
            43.21886
          ],
          [
            -114.35871,
            43.21888
          ],
          [
            -114.35821,
            43.21844
          ],
          [
            -114.35782,
            43.21824
          ],
          [
            -114.3573,
            43.21729
          ],
          [
            -114.35766,
            43.21608
          ],
          [
            -114.35808,
            43.2156
          ],
          [
            -114.35805,
            43.21528
          ],
          [
            -114.3578,
            43.21512
          ],
          [
            -114.35742,
            43.21506
          ],
          [
            -114.35449,
            43.21505
          ],
          [
            -114.35097,
            43.21427
          ],
          [
            -114.35014,
            43.21359
          ],
          [
            -114.3499,
            43.21272
          ],
          [
            -114.34986,
            43.21225
          ],
          [
            -114.34999,
            43.21212
          ],
          [
            -114.35,
            43.21198
          ],
          [
            -114.34985,
            43.2118
          ],
          [
            -114.34967,
            43.21175
          ],
          [
            -114.34932,
            43.21035
          ],
          [
            -114.34949,
            43.20969
          ],
          [
            -114.34957,
            43.20877
          ],
          [
            -114.34948,
            43.20795
          ],
          [
            -114.34931,
            43.20733
          ],
          [
            -114.34889,
            43.20676
          ],
          [
            -114.34863,
            43.20645
          ],
          [
            -114.34822,
            43.20579
          ],
          [
            -114.34826,
            43.2056
          ],
          [
            -114.34818,
            43.20544
          ],
          [
            -114.34771,
            43.20538
          ],
          [
            -114.34725,
            43.20549
          ],
          [
            -114.34715,
            43.2055
          ],
          [
            -114.34643,
            43.2055
          ],
          [
            -114.34598,
            43.20564
          ],
          [
            -114.34571,
            43.20556
          ],
          [
            -114.34534,
            43.20535
          ],
          [
            -114.34507,
            43.20494
          ],
          [
            -114.34442,
            43.20441
          ],
          [
            -114.34426,
            43.20419
          ],
          [
            -114.34384,
            43.20409
          ],
          [
            -114.34324,
            43.20371
          ],
          [
            -114.34314,
            43.2037
          ],
          [
            -114.34299,
            43.20359
          ],
          [
            -114.3429,
            43.20332
          ],
          [
            -114.34277,
            43.2032
          ],
          [
            -114.34231,
            43.20285
          ],
          [
            -114.34141,
            43.20255
          ],
          [
            -114.34111,
            43.20258
          ],
          [
            -114.3406,
            43.20248
          ],
          [
            -114.34035,
            43.20235
          ],
          [
            -114.33993,
            43.20219
          ],
          [
            -114.3393,
            43.20224
          ],
          [
            -114.33882,
            43.20214
          ],
          [
            -114.33815,
            43.20231
          ],
          [
            -114.33792,
            43.20246
          ],
          [
            -114.33695,
            43.20261
          ],
          [
            -114.33693,
            43.20269
          ],
          [
            -114.33547,
            43.2027
          ],
          [
            -114.33456,
            43.20252
          ],
          [
            -114.33436,
            43.20243
          ],
          [
            -114.33423,
            43.20227
          ],
          [
            -114.33397,
            43.20154
          ],
          [
            -114.33357,
            43.20107
          ],
          [
            -114.33345,
            43.20073
          ],
          [
            -114.33321,
            43.20052
          ],
          [
            -114.33225,
            43.20011
          ],
          [
            -114.33192,
            43.19935
          ],
          [
            -114.33058,
            43.19843
          ],
          [
            -114.3295,
            43.19823
          ],
          [
            -114.32913,
            43.19801
          ],
          [
            -114.32874,
            43.19747
          ],
          [
            -114.32859,
            43.19685
          ],
          [
            -114.32867,
            43.19653
          ],
          [
            -114.32832,
            43.19602
          ],
          [
            -114.32772,
            43.19586
          ],
          [
            -114.32691,
            43.19598
          ],
          [
            -114.3258,
            43.19591
          ],
          [
            -114.32552,
            43.19583
          ],
          [
            -114.32539,
            43.1957
          ],
          [
            -114.32505,
            43.19489
          ],
          [
            -114.32494,
            43.19454
          ],
          [
            -114.32529,
            43.1938
          ],
          [
            -114.32525,
            43.19363
          ],
          [
            -114.32475,
            43.19324
          ],
          [
            -114.32391,
            43.19291
          ],
          [
            -114.32386,
            43.19281
          ],
          [
            -114.32401,
            43.1926
          ],
          [
            -114.32398,
            43.1923
          ],
          [
            -114.32388,
            43.19216
          ],
          [
            -114.32331,
            43.19177
          ],
          [
            -114.32287,
            43.19063
          ],
          [
            -114.32238,
            43.19032
          ],
          [
            -114.32221,
            43.19012
          ],
          [
            -114.32174,
            43.18942
          ],
          [
            -114.32139,
            43.18924
          ],
          [
            -114.32145,
            43.18895
          ],
          [
            -114.32109,
            43.1882
          ],
          [
            -114.32057,
            43.18779
          ],
          [
            -114.32028,
            43.1878
          ],
          [
            -114.31876,
            43.18791
          ],
          [
            -114.31821,
            43.18781
          ],
          [
            -114.3171,
            43.18776
          ],
          [
            -114.31685,
            43.18765
          ],
          [
            -114.31666,
            43.18731
          ],
          [
            -114.31642,
            43.1863
          ],
          [
            -114.31663,
            43.18535
          ],
          [
            -114.31618,
            43.18435
          ],
          [
            -114.31566,
            43.18357
          ],
          [
            -114.31469,
            43.18285
          ],
          [
            -114.31471,
            43.18241
          ],
          [
            -114.31505,
            43.1817
          ],
          [
            -114.31519,
            43.18107
          ],
          [
            -114.31532,
            43.18078
          ],
          [
            -114.31592,
            43.18001
          ],
          [
            -114.31621,
            43.17961
          ],
          [
            -114.31632,
            43.17923
          ],
          [
            -114.31664,
            43.17906
          ],
          [
            -114.31747,
            43.17824
          ],
          [
            -114.31747,
            43.17806
          ],
          [
            -114.31726,
            43.17766
          ],
          [
            -114.31718,
            43.17621
          ],
          [
            -114.31701,
            43.17555
          ],
          [
            -114.31713,
            43.17509
          ],
          [
            -114.31735,
            43.17491
          ],
          [
            -114.3174,
            43.17487
          ],
          [
            -114.3174,
            43.17451
          ],
          [
            -114.31778,
            43.17358
          ],
          [
            -114.31836,
            43.1728
          ],
          [
            -114.31983,
            43.17191
          ],
          [
            -114.32164,
            43.17105
          ],
          [
            -114.32256,
            43.17041
          ],
          [
            -114.32271,
            43.17008
          ],
          [
            -114.32268,
            43.16922
          ],
          [
            -114.32233,
            43.16879
          ],
          [
            -114.32162,
            43.1683
          ],
          [
            -114.32114,
            43.16744
          ],
          [
            -114.32132,
            43.16678
          ],
          [
            -114.3213,
            43.16635
          ],
          [
            -114.32139,
            43.16627
          ],
          [
            -114.32163,
            43.16612
          ],
          [
            -114.32169,
            43.16598
          ],
          [
            -114.32161,
            43.16554
          ],
          [
            -114.3211,
            43.16525
          ],
          [
            -114.32047,
            43.16509
          ],
          [
            -114.31975,
            43.16467
          ],
          [
            -114.31895,
            43.16449
          ],
          [
            -114.31825,
            43.16424
          ],
          [
            -114.3178,
            43.16386
          ],
          [
            -114.31771,
            43.16339
          ],
          [
            -114.3177,
            43.16318
          ],
          [
            -114.31704,
            43.16152
          ],
          [
            -114.31687,
            43.16122
          ],
          [
            -114.31663,
            43.1611
          ],
          [
            -114.31648,
            43.16077
          ],
          [
            -114.31589,
            43.16004
          ],
          [
            -114.31581,
            43.1598
          ],
          [
            -114.31598,
            43.15939
          ],
          [
            -114.31607,
            43.15818
          ],
          [
            -114.3163,
            43.15687
          ],
          [
            -114.31622,
            43.1563
          ],
          [
            -114.31585,
            43.15564
          ],
          [
            -114.31573,
            43.15497
          ],
          [
            -114.31577,
            43.15383
          ],
          [
            -114.31561,
            43.1527
          ],
          [
            -114.31595,
            43.15167
          ],
          [
            -114.31604,
            43.15133
          ],
          [
            -114.31598,
            43.15098
          ],
          [
            -114.31617,
            43.14785
          ],
          [
            -114.31628,
            43.14724
          ],
          [
            -114.31658,
            43.14653
          ],
          [
            -114.31699,
            43.14604
          ],
          [
            -114.31718,
            43.14593
          ],
          [
            -114.31762,
            43.14604
          ],
          [
            -114.31851,
            43.14628
          ],
          [
            -114.31919,
            43.14656
          ],
          [
            -114.31942,
            43.14671
          ],
          [
            -114.32177,
            43.14643
          ],
          [
            -114.32332,
            43.14564
          ],
          [
            -114.32584,
            43.1457
          ],
          [
            -114.32897,
            43.14396
          ],
          [
            -114.33051,
            43.14348
          ],
          [
            -114.33077,
            43.14327
          ],
          [
            -114.33099,
            43.14275
          ],
          [
            -114.33078,
            43.1425
          ],
          [
            -114.33126,
            43.14211
          ],
          [
            -114.33215,
            43.14151
          ],
          [
            -114.33239,
            43.14113
          ],
          [
            -114.33246,
            43.14061
          ],
          [
            -114.33151,
            43.13881
          ],
          [
            -114.33205,
            43.13764
          ],
          [
            -114.33204,
            43.13671
          ],
          [
            -114.33169,
            43.13634
          ],
          [
            -114.33157,
            43.13597
          ],
          [
            -114.33172,
            43.13494
          ],
          [
            -114.33105,
            43.13349
          ],
          [
            -114.33103,
            43.13328
          ],
          [
            -114.33113,
            43.13304
          ],
          [
            -114.33144,
            43.13272
          ],
          [
            -114.33147,
            43.13234
          ],
          [
            -114.33162,
            43.13211
          ],
          [
            -114.33238,
            43.13161
          ],
          [
            -114.33261,
            43.13134
          ],
          [
            -114.33273,
            43.13082
          ],
          [
            -114.33268,
            43.13057
          ],
          [
            -114.33245,
            43.13031
          ],
          [
            -114.33251,
            43.12989
          ],
          [
            -114.33259,
            43.12939
          ],
          [
            -114.33271,
            43.12916
          ],
          [
            -114.33314,
            43.1288
          ],
          [
            -114.33331,
            43.12855
          ],
          [
            -114.33322,
            43.1281
          ],
          [
            -114.33327,
            43.12771
          ],
          [
            -114.33319,
            43.12747
          ],
          [
            -114.33284,
            43.12714
          ],
          [
            -114.33208,
            43.12675
          ],
          [
            -114.33174,
            43.12605
          ],
          [
            -114.3309,
            43.12522
          ],
          [
            -114.33071,
            43.12464
          ],
          [
            -114.33038,
            43.12443
          ],
          [
            -114.3294,
            43.12409
          ],
          [
            -114.32889,
            43.12371
          ],
          [
            -114.32908,
            43.12316
          ],
          [
            -114.32965,
            43.12297
          ],
          [
            -114.32985,
            43.12277
          ],
          [
            -114.32982,
            43.12224
          ],
          [
            -114.33009,
            43.12148
          ],
          [
            -114.33004,
            43.12124
          ],
          [
            -114.32993,
            43.12076
          ],
          [
            -114.33004,
            43.12049
          ],
          [
            -114.3301,
            43.11942
          ],
          [
            -114.32992,
            43.11926
          ],
          [
            -114.32959,
            43.11819
          ],
          [
            -114.32923,
            43.11765
          ],
          [
            -114.32901,
            43.11751
          ],
          [
            -114.32834,
            43.11751
          ],
          [
            -114.32811,
            43.11759
          ],
          [
            -114.32781,
            43.11777
          ],
          [
            -114.32764,
            43.11801
          ],
          [
            -114.32731,
            43.11824
          ],
          [
            -114.32687,
            43.11842
          ],
          [
            -114.32588,
            43.11788
          ],
          [
            -114.32395,
            43.11763
          ],
          [
            -114.32383,
            43.11744
          ],
          [
            -114.32362,
            43.11736
          ],
          [
            -114.32365,
            43.11699
          ],
          [
            -114.32308,
            43.11674
          ],
          [
            -114.32252,
            43.11622
          ],
          [
            -114.32222,
            43.11614
          ],
          [
            -114.32207,
            43.11575
          ],
          [
            -114.32181,
            43.11539
          ],
          [
            -114.32177,
            43.11482
          ],
          [
            -114.32202,
            43.11465
          ],
          [
            -114.3219,
            43.11426
          ],
          [
            -114.32203,
            43.11347
          ],
          [
            -114.32198,
            43.11319
          ],
          [
            -114.32183,
            43.1128
          ],
          [
            -114.32088,
            43.11167
          ],
          [
            -114.31908,
            43.11131
          ],
          [
            -114.3172,
            43.11153
          ],
          [
            -114.31618,
            43.11182
          ],
          [
            -114.31506,
            43.11234
          ],
          [
            -114.3145,
            43.11242
          ],
          [
            -114.31396,
            43.11278
          ],
          [
            -114.31323,
            43.11275
          ],
          [
            -114.31223,
            43.11286
          ],
          [
            -114.31134,
            43.11319
          ],
          [
            -114.31096,
            43.11324
          ],
          [
            -114.31061,
            43.11312
          ],
          [
            -114.30982,
            43.11317
          ],
          [
            -114.30838,
            43.11297
          ],
          [
            -114.30779,
            43.11271
          ],
          [
            -114.30749,
            43.11268
          ],
          [
            -114.30702,
            43.1123
          ],
          [
            -114.30674,
            43.11224
          ],
          [
            -114.30631,
            43.11197
          ],
          [
            -114.30505,
            43.11157
          ],
          [
            -114.30439,
            43.111
          ],
          [
            -114.30424,
            43.11071
          ],
          [
            -114.30448,
            43.11048
          ],
          [
            -114.30457,
            43.11017
          ],
          [
            -114.30478,
            43.10995
          ],
          [
            -114.30486,
            43.10966
          ],
          [
            -114.3049,
            43.1094
          ],
          [
            -114.30456,
            43.10855
          ],
          [
            -114.30464,
            43.10829
          ],
          [
            -114.30457,
            43.10774
          ],
          [
            -114.30467,
            43.10737
          ],
          [
            -114.30513,
            43.10662
          ],
          [
            -114.30521,
            43.10619
          ],
          [
            -114.30517,
            43.10599
          ],
          [
            -114.30424,
            43.10489
          ],
          [
            -114.30304,
            43.10402
          ],
          [
            -114.30226,
            43.10391
          ],
          [
            -114.30164,
            43.10357
          ],
          [
            -114.30142,
            43.10309
          ],
          [
            -114.30139,
            43.10273
          ],
          [
            -114.30149,
            43.10244
          ],
          [
            -114.30145,
            43.10228
          ],
          [
            -114.30127,
            43.10211
          ],
          [
            -114.30076,
            43.10207
          ],
          [
            -114.30035,
            43.10186
          ],
          [
            -114.29915,
            43.10156
          ],
          [
            -114.29904,
            43.10135
          ],
          [
            -114.29892,
            43.10075
          ],
          [
            -114.29865,
            43.10022
          ],
          [
            -114.29868,
            43.1001
          ],
          [
            -114.29847,
            43.09977
          ],
          [
            -114.29838,
            43.09938
          ],
          [
            -114.29846,
            43.09904
          ],
          [
            -114.29855,
            43.09895
          ],
          [
            -114.29885,
            43.09859
          ],
          [
            -114.29882,
            43.09777
          ],
          [
            -114.29915,
            43.09709
          ],
          [
            -114.29878,
            43.09708
          ],
          [
            -114.29751,
            43.09746
          ],
          [
            -114.29696,
            43.09731
          ],
          [
            -114.2966,
            43.09669
          ],
          [
            -114.29668,
            43.09635
          ],
          [
            -114.29585,
            43.09527
          ],
          [
            -114.29577,
            43.09473
          ],
          [
            -114.29583,
            43.09441
          ],
          [
            -114.29561,
            43.09369
          ],
          [
            -114.29633,
            43.09278
          ],
          [
            -114.29587,
            43.09228
          ],
          [
            -114.29592,
            43.09207
          ],
          [
            -114.29646,
            43.09116
          ],
          [
            -114.29638,
            43.09076
          ],
          [
            -114.29562,
            43.0902
          ],
          [
            -114.29519,
            43.09013
          ],
          [
            -114.29456,
            43.08987
          ],
          [
            -114.29375,
            43.08981
          ],
          [
            -114.29341,
            43.08917
          ],
          [
            -114.2929,
            43.08854
          ],
          [
            -114.29274,
            43.08807
          ],
          [
            -114.29278,
            43.0878
          ],
          [
            -114.29347,
            43.08685
          ],
          [
            -114.29373,
            43.08666
          ],
          [
            -114.29385,
            43.08639
          ],
          [
            -114.29435,
            43.08588
          ],
          [
            -114.29471,
            43.08505
          ],
          [
            -114.29474,
            43.08472
          ],
          [
            -114.29466,
            43.08446
          ],
          [
            -114.29456,
            43.08424
          ],
          [
            -114.29391,
            43.08397
          ],
          [
            -114.29386,
            43.08348
          ],
          [
            -114.29534,
            43.08265
          ],
          [
            -114.29576,
            43.08196
          ],
          [
            -114.29555,
            43.0816
          ],
          [
            -114.29573,
            43.08128
          ],
          [
            -114.29632,
            43.08094
          ],
          [
            -114.29734,
            43.08088
          ],
          [
            -114.29759,
            43.0808
          ],
          [
            -114.29785,
            43.08059
          ],
          [
            -114.29805,
            43.0802
          ],
          [
            -114.29802,
            43.07955
          ],
          [
            -114.2982,
            43.07908
          ],
          [
            -114.29839,
            43.07884
          ],
          [
            -114.29865,
            43.07866
          ],
          [
            -114.29959,
            43.07833
          ],
          [
            -114.30059,
            43.07811
          ],
          [
            -114.30127,
            43.07772
          ],
          [
            -114.30254,
            43.07793
          ],
          [
            -114.30374,
            43.07793
          ],
          [
            -114.30419,
            43.07783
          ],
          [
            -114.3046,
            43.0776
          ],
          [
            -114.30472,
            43.07741
          ],
          [
            -114.30476,
            43.07713
          ],
          [
            -114.30468,
            43.07647
          ],
          [
            -114.30488,
            43.07585
          ],
          [
            -114.30482,
            43.07557
          ],
          [
            -114.30462,
            43.07524
          ],
          [
            -114.30512,
            43.07453
          ],
          [
            -114.30507,
            43.07443
          ],
          [
            -114.30521,
            43.07439
          ],
          [
            -114.30545,
            43.07365
          ],
          [
            -114.30695,
            43.07278
          ],
          [
            -114.30735,
            43.07264
          ],
          [
            -114.30772,
            43.07223
          ],
          [
            -114.30768,
            43.07194
          ],
          [
            -114.30735,
            43.07162
          ],
          [
            -114.30741,
            43.07087
          ],
          [
            -114.30737,
            43.07024
          ],
          [
            -114.30766,
            43.06954
          ],
          [
            -114.30888,
            43.06908
          ],
          [
            -114.30948,
            43.069
          ],
          [
            -114.30987,
            43.06857
          ],
          [
            -114.30994,
            43.06833
          ],
          [
            -114.30985,
            43.06789
          ],
          [
            -114.30945,
            43.06735
          ],
          [
            -114.30952,
            43.0669
          ],
          [
            -114.30972,
            43.06665
          ],
          [
            -114.3103,
            43.06647
          ],
          [
            -114.3118,
            43.0667
          ],
          [
            -114.31276,
            43.06656
          ],
          [
            -114.31355,
            43.06635
          ],
          [
            -114.31433,
            43.06602
          ],
          [
            -114.31538,
            43.06534
          ],
          [
            -114.31575,
            43.06528
          ],
          [
            -114.31641,
            43.06537
          ],
          [
            -114.31685,
            43.0653
          ],
          [
            -114.31698,
            43.06513
          ],
          [
            -114.31706,
            43.0647
          ],
          [
            -114.31774,
            43.06426
          ],
          [
            -114.31775,
            43.06417
          ],
          [
            -114.31822,
            43.06386
          ],
          [
            -114.31953,
            43.06352
          ],
          [
            -114.31988,
            43.06329
          ],
          [
            -114.32005,
            43.06309
          ],
          [
            -114.32006,
            43.06294
          ],
          [
            -114.31979,
            43.06272
          ],
          [
            -114.3198,
            43.06252
          ],
          [
            -114.32014,
            43.06224
          ],
          [
            -114.32067,
            43.06208
          ],
          [
            -114.32134,
            43.06157
          ],
          [
            -114.32214,
            43.06143
          ],
          [
            -114.32246,
            43.06148
          ],
          [
            -114.32263,
            43.06162
          ],
          [
            -114.32277,
            43.06167
          ],
          [
            -114.3229,
            43.06162
          ],
          [
            -114.32301,
            43.06135
          ],
          [
            -114.32299,
            43.06103
          ],
          [
            -114.32283,
            43.06079
          ],
          [
            -114.32277,
            43.06049
          ],
          [
            -114.32296,
            43.05942
          ],
          [
            -114.32296,
            43.05917
          ],
          [
            -114.32236,
            43.05825
          ],
          [
            -114.32203,
            43.05795
          ],
          [
            -114.32204,
            43.0577
          ],
          [
            -114.32195,
            43.05758
          ],
          [
            -114.32105,
            43.05718
          ],
          [
            -114.32014,
            43.05696
          ],
          [
            -114.31957,
            43.05669
          ],
          [
            -114.31951,
            43.05618
          ],
          [
            -114.3192,
            43.05584
          ],
          [
            -114.31923,
            43.05519
          ],
          [
            -114.31979,
            43.05447
          ],
          [
            -114.32056,
            43.05387
          ],
          [
            -114.32086,
            43.05312
          ],
          [
            -114.3211,
            43.05286
          ],
          [
            -114.32197,
            43.05255
          ],
          [
            -114.32188,
            43.0522
          ],
          [
            -114.32167,
            43.05189
          ],
          [
            -114.32167,
            43.05161
          ],
          [
            -114.32191,
            43.05143
          ],
          [
            -114.32226,
            43.05137
          ],
          [
            -114.32243,
            43.0508
          ],
          [
            -114.3231,
            43.05046
          ],
          [
            -114.32326,
            43.04997
          ],
          [
            -114.32395,
            43.04922
          ],
          [
            -114.32421,
            43.0488
          ],
          [
            -114.32406,
            43.04833
          ],
          [
            -114.32409,
            43.04817
          ],
          [
            -114.32442,
            43.04799
          ],
          [
            -114.32564,
            43.04764
          ],
          [
            -114.32585,
            43.04743
          ],
          [
            -114.32595,
            43.04719
          ],
          [
            -114.32586,
            43.04695
          ],
          [
            -114.32501,
            43.04654
          ],
          [
            -114.32498,
            43.04634
          ],
          [
            -114.32528,
            43.04573
          ],
          [
            -114.32523,
            43.04561
          ],
          [
            -114.32424,
            43.04544
          ],
          [
            -114.32415,
            43.04497
          ],
          [
            -114.32421,
            43.04467
          ],
          [
            -114.32478,
            43.04434
          ],
          [
            -114.32482,
            43.04424
          ],
          [
            -114.32472,
            43.04405
          ],
          [
            -114.3249,
            43.04353
          ],
          [
            -114.32475,
            43.04317
          ],
          [
            -114.32388,
            43.04275
          ],
          [
            -114.32382,
            43.04264
          ],
          [
            -114.32399,
            43.04214
          ],
          [
            -114.32445,
            43.04142
          ],
          [
            -114.32441,
            43.04084
          ],
          [
            -114.32466,
            43.04001
          ],
          [
            -114.3254,
            43.03906
          ],
          [
            -114.32629,
            43.03825
          ],
          [
            -114.32634,
            43.03794
          ],
          [
            -114.32623,
            43.03753
          ],
          [
            -114.32679,
            43.03717
          ],
          [
            -114.32679,
            43.0367
          ],
          [
            -114.32608,
            43.03603
          ],
          [
            -114.32597,
            43.03583
          ],
          [
            -114.32645,
            43.03466
          ],
          [
            -114.32652,
            43.03392
          ],
          [
            -114.32758,
            43.03351
          ],
          [
            -114.32765,
            43.03342
          ],
          [
            -114.32753,
            43.03319
          ],
          [
            -114.32705,
            43.03296
          ],
          [
            -114.32696,
            43.03282
          ],
          [
            -114.32694,
            43.03249
          ],
          [
            -114.32583,
            43.0318
          ],
          [
            -114.32592,
            43.03166
          ],
          [
            -114.32583,
            43.03125
          ],
          [
            -114.32592,
            43.03118
          ],
          [
            -114.32565,
            43.0306
          ],
          [
            -114.32558,
            43.03007
          ],
          [
            -114.32525,
            43.02967
          ],
          [
            -114.32536,
            43.02937
          ],
          [
            -114.3252,
            43.02912
          ],
          [
            -114.32542,
            43.02838
          ],
          [
            -114.32535,
            43.0281
          ],
          [
            -114.32539,
            43.0276
          ],
          [
            -114.32521,
            43.02724
          ],
          [
            -114.32532,
            43.02713
          ],
          [
            -114.3257,
            43.02702
          ],
          [
            -114.32577,
            43.0269
          ],
          [
            -114.32603,
            43.02587
          ],
          [
            -114.32617,
            43.02567
          ],
          [
            -114.32694,
            43.02547
          ],
          [
            -114.32712,
            43.02533
          ],
          [
            -114.32741,
            43.02454
          ],
          [
            -114.32743,
            43.02394
          ],
          [
            -114.32764,
            43.02355
          ],
          [
            -114.32731,
            43.023
          ],
          [
            -114.32683,
            43.02244
          ],
          [
            -114.32678,
            43.02215
          ],
          [
            -114.32606,
            43.02098
          ],
          [
            -114.32627,
            43.02082
          ],
          [
            -114.32688,
            43.02068
          ],
          [
            -114.32715,
            43.01992
          ],
          [
            -114.32714,
            43.01973
          ],
          [
            -114.32683,
            43.01929
          ],
          [
            -114.3268,
            43.01909
          ],
          [
            -114.3266,
            43.01877
          ],
          [
            -114.32653,
            43.01841
          ],
          [
            -114.32693,
            43.0181
          ],
          [
            -114.32715,
            43.01776
          ],
          [
            -114.32746,
            43.01751
          ],
          [
            -114.32754,
            43.01698
          ],
          [
            -114.3273,
            43.01606
          ],
          [
            -114.32707,
            43.01531
          ],
          [
            -114.32768,
            43.01446
          ],
          [
            -114.32775,
            43.0142
          ],
          [
            -114.32757,
            43.01407
          ],
          [
            -114.3276,
            43.01391
          ],
          [
            -114.32775,
            43.01354
          ],
          [
            -114.32826,
            43.01306
          ],
          [
            -114.32914,
            43.01286
          ],
          [
            -114.33021,
            43.0129
          ],
          [
            -114.33026,
            43.01281
          ],
          [
            -114.33047,
            43.01279
          ],
          [
            -114.33071,
            43.01263
          ],
          [
            -114.33151,
            43.01183
          ],
          [
            -114.33175,
            43.01178
          ],
          [
            -114.33188,
            43.01159
          ],
          [
            -114.33222,
            43.01149
          ],
          [
            -114.33281,
            43.01103
          ],
          [
            -114.33313,
            43.01075
          ],
          [
            -114.33376,
            43.00993
          ],
          [
            -114.33406,
            43.00986
          ],
          [
            -114.33426,
            43.00967
          ],
          [
            -114.33522,
            43.00948
          ],
          [
            -114.33553,
            43.00929
          ],
          [
            -114.33559,
            43.00922
          ],
          [
            -114.33535,
            43.00874
          ],
          [
            -114.33535,
            43.00855
          ],
          [
            -114.33544,
            43.00829
          ],
          [
            -114.33565,
            43.00812
          ],
          [
            -114.33693,
            43.00734
          ],
          [
            -114.33858,
            43.00677
          ],
          [
            -114.33902,
            43.00669
          ],
          [
            -114.33987,
            43.00677
          ],
          [
            -114.3411,
            43.00734
          ],
          [
            -114.34243,
            43.00753
          ],
          [
            -114.3427,
            43.00753
          ],
          [
            -114.34435,
            43.00707
          ],
          [
            -114.34464,
            43.00673
          ],
          [
            -114.34465,
            43.00655
          ],
          [
            -114.3445,
            43.00621
          ],
          [
            -114.34482,
            43.00571
          ],
          [
            -114.34466,
            43.0052
          ],
          [
            -114.34486,
            43.00466
          ],
          [
            -114.34508,
            43.00433
          ],
          [
            -114.3457,
            43.00398
          ],
          [
            -114.34594,
            43.00376
          ],
          [
            -114.34642,
            43.00367
          ],
          [
            -114.34693,
            43.0037
          ],
          [
            -114.34793,
            43.00341
          ],
          [
            -114.34836,
            43.00314
          ],
          [
            -114.34844,
            43.00237
          ],
          [
            -114.34781,
            43.00211
          ],
          [
            -114.34797,
            43.00167
          ],
          [
            -114.34841,
            43.00103
          ],
          [
            -114.34854,
            43.00067
          ],
          [
            -114.3489,
            43.00039
          ],
          [
            -114.34931,
            42.99979
          ],
          [
            -114.34979,
            42.99944
          ],
          [
            -114.34996,
            42.99919
          ],
          [
            -114.35004,
            42.99847
          ],
          [
            -114.3498,
            42.99772
          ],
          [
            -114.34984,
            42.99717
          ],
          [
            -114.34969,
            42.99642
          ],
          [
            -114.34981,
            42.99602
          ],
          [
            -114.35013,
            42.99545
          ],
          [
            -114.35013,
            42.99515
          ],
          [
            -114.34925,
            42.99447
          ],
          [
            -114.34909,
            42.99421
          ],
          [
            -114.34874,
            42.9939
          ],
          [
            -114.34812,
            42.99363
          ],
          [
            -114.34775,
            42.99322
          ],
          [
            -114.3475,
            42.99277
          ],
          [
            -114.34679,
            42.99245
          ],
          [
            -114.34654,
            42.9914
          ],
          [
            -114.34578,
            42.9906
          ],
          [
            -114.34567,
            42.99041
          ],
          [
            -114.34566,
            42.98947
          ],
          [
            -114.34593,
            42.98925
          ],
          [
            -114.34727,
            42.98934
          ],
          [
            -114.34764,
            42.98948
          ],
          [
            -114.34811,
            42.9894
          ],
          [
            -114.34869,
            42.98891
          ],
          [
            -114.34946,
            42.98864
          ],
          [
            -114.35018,
            42.98818
          ],
          [
            -114.35067,
            42.98798
          ],
          [
            -114.35127,
            42.98756
          ],
          [
            -114.35207,
            42.98681
          ],
          [
            -114.35245,
            42.98622
          ],
          [
            -114.3523,
            42.98596
          ],
          [
            -114.3515,
            42.98528
          ],
          [
            -114.3513,
            42.98489
          ],
          [
            -114.35136,
            42.98406
          ],
          [
            -114.35131,
            42.98367
          ],
          [
            -114.35138,
            42.98346
          ],
          [
            -114.35221,
            42.98301
          ],
          [
            -114.35303,
            42.98329
          ],
          [
            -114.35386,
            42.98297
          ],
          [
            -114.35433,
            42.98265
          ],
          [
            -114.35531,
            42.98261
          ],
          [
            -114.35628,
            42.98234
          ],
          [
            -114.35692,
            42.98249
          ],
          [
            -114.35817,
            42.98261
          ],
          [
            -114.35854,
            42.98285
          ],
          [
            -114.35868,
            42.98305
          ],
          [
            -114.35824,
            42.98335
          ],
          [
            -114.35824,
            42.98361
          ],
          [
            -114.35859,
            42.98379
          ],
          [
            -114.35901,
            42.98372
          ],
          [
            -114.35917,
            42.98376
          ],
          [
            -114.35961,
            42.98397
          ],
          [
            -114.35993,
            42.984
          ],
          [
            -114.36008,
            42.98416
          ],
          [
            -114.36022,
            42.9842
          ],
          [
            -114.36035,
            42.98415
          ],
          [
            -114.36078,
            42.98369
          ],
          [
            -114.36111,
            42.98355
          ],
          [
            -114.36347,
            42.98342
          ],
          [
            -114.36474,
            42.98309
          ],
          [
            -114.36567,
            42.98308
          ],
          [
            -114.36658,
            42.98272
          ],
          [
            -114.3676,
            42.98252
          ],
          [
            -114.36823,
            42.98255
          ],
          [
            -114.36894,
            42.983
          ],
          [
            -114.36981,
            42.98312
          ],
          [
            -114.37109,
            42.98282
          ],
          [
            -114.37175,
            42.98237
          ],
          [
            -114.37201,
            42.98239
          ],
          [
            -114.37309,
            42.98254
          ],
          [
            -114.37398,
            42.98234
          ],
          [
            -114.37451,
            42.98233
          ],
          [
            -114.37495,
            42.98249
          ],
          [
            -114.37496,
            42.98263
          ],
          [
            -114.37522,
            42.98279
          ],
          [
            -114.37537,
            42.98315
          ],
          [
            -114.3756,
            42.98332
          ],
          [
            -114.37648,
            42.9834
          ],
          [
            -114.37701,
            42.98302
          ],
          [
            -114.37808,
            42.98206
          ],
          [
            -114.3789,
            42.98163
          ],
          [
            -114.38002,
            42.98101
          ],
          [
            -114.38145,
            42.98067
          ],
          [
            -114.38218,
            42.98069
          ],
          [
            -114.38237,
            42.98087
          ],
          [
            -114.38239,
            42.98109
          ],
          [
            -114.38232,
            42.98121
          ],
          [
            -114.38237,
            42.98141
          ],
          [
            -114.38243,
            42.98157
          ],
          [
            -114.3831,
            42.98226
          ],
          [
            -114.3832,
            42.98231
          ],
          [
            -114.38326,
            42.98225
          ],
          [
            -114.38386,
            42.98251
          ],
          [
            -114.38524,
            42.98261
          ],
          [
            -114.38674,
            42.983
          ],
          [
            -114.38723,
            42.98322
          ],
          [
            -114.38771,
            42.9832
          ],
          [
            -114.38838,
            42.98324
          ],
          [
            -114.38918,
            42.98335
          ],
          [
            -114.39107,
            42.98394
          ],
          [
            -114.39169,
            42.98387
          ],
          [
            -114.39194,
            42.98376
          ],
          [
            -114.39189,
            42.98367
          ],
          [
            -114.39215,
            42.98337
          ],
          [
            -114.39271,
            42.9832
          ],
          [
            -114.39313,
            42.98323
          ],
          [
            -114.3949,
            42.98386
          ],
          [
            -114.39533,
            42.984
          ],
          [
            -114.39557,
            42.98418
          ],
          [
            -114.39568,
            42.98437
          ],
          [
            -114.39582,
            42.98521
          ],
          [
            -114.39624,
            42.98565
          ],
          [
            -114.39642,
            42.98564
          ],
          [
            -114.39667,
            42.9856
          ],
          [
            -114.39701,
            42.98566
          ],
          [
            -114.3975,
            42.98592
          ],
          [
            -114.39767,
            42.98594
          ],
          [
            -114.39803,
            42.98634
          ],
          [
            -114.39838,
            42.98662
          ],
          [
            -114.39877,
            42.98678
          ],
          [
            -114.39978,
            42.98723
          ],
          [
            -114.40087,
            42.98739
          ],
          [
            -114.40116,
            42.98756
          ],
          [
            -114.40252,
            42.98905
          ],
          [
            -114.40289,
            42.98908
          ],
          [
            -114.40353,
            42.98899
          ],
          [
            -114.40441,
            42.98914
          ],
          [
            -114.40533,
            42.98891
          ],
          [
            -114.40598,
            42.98901
          ],
          [
            -114.40612,
            42.98894
          ],
          [
            -114.40621,
            42.98858
          ],
          [
            -114.40649,
            42.98854
          ],
          [
            -114.40712,
            42.98864
          ],
          [
            -114.40819,
            42.98907
          ],
          [
            -114.40874,
            42.98915
          ],
          [
            -114.40927,
            42.98913
          ],
          [
            -114.40988,
            42.98926
          ],
          [
            -114.41054,
            42.98899
          ],
          [
            -114.41067,
            42.98888
          ],
          [
            -114.41077,
            42.98849
          ],
          [
            -114.4113,
            42.98826
          ],
          [
            -114.41162,
            42.98839
          ],
          [
            -114.41178,
            42.98854
          ],
          [
            -114.41235,
            42.98877
          ],
          [
            -114.41275,
            42.98911
          ],
          [
            -114.41401,
            42.98991
          ],
          [
            -114.41448,
            42.99001
          ],
          [
            -114.41494,
            42.98993
          ],
          [
            -114.4153,
            42.98989
          ],
          [
            -114.41644,
            42.98971
          ],
          [
            -114.41669,
            42.9896
          ],
          [
            -114.41702,
            42.98879
          ],
          [
            -114.41726,
            42.98857
          ],
          [
            -114.41837,
            42.98844
          ],
          [
            -114.41867,
            42.9882
          ],
          [
            -114.41905,
            42.98815
          ],
          [
            -114.4202,
            42.9881
          ],
          [
            -114.42051,
            42.98801
          ],
          [
            -114.42077,
            42.988
          ],
          [
            -114.42095,
            42.98791
          ],
          [
            -114.42112,
            42.98768
          ],
          [
            -114.42134,
            42.98743
          ],
          [
            -114.42192,
            42.98724
          ],
          [
            -114.42279,
            42.98726
          ],
          [
            -114.42362,
            42.98747
          ],
          [
            -114.42381,
            42.98737
          ],
          [
            -114.42392,
            42.98731
          ],
          [
            -114.42421,
            42.98731
          ],
          [
            -114.42456,
            42.98694
          ],
          [
            -114.42551,
            42.9862
          ],
          [
            -114.4265,
            42.98543
          ],
          [
            -114.42696,
            42.9852
          ],
          [
            -114.42716,
            42.98511
          ],
          [
            -114.42761,
            42.98494
          ],
          [
            -114.42868,
            42.98477
          ],
          [
            -114.42936,
            42.98446
          ],
          [
            -114.42967,
            42.98427
          ],
          [
            -114.43005,
            42.98432
          ],
          [
            -114.43044,
            42.98458
          ],
          [
            -114.43076,
            42.98455
          ],
          [
            -114.43101,
            42.98443
          ],
          [
            -114.43174,
            42.98437
          ],
          [
            -114.43216,
            42.98442
          ],
          [
            -114.43292,
            42.98466
          ],
          [
            -114.4332,
            42.98493
          ],
          [
            -114.4339,
            42.98598
          ],
          [
            -114.43398,
            42.98598
          ],
          [
            -114.43448,
            42.9868
          ],
          [
            -114.43484,
            42.98718
          ],
          [
            -114.43524,
            42.98737
          ],
          [
            -114.43539,
            42.98724
          ],
          [
            -114.43603,
            42.9868
          ],
          [
            -114.43636,
            42.98672
          ],
          [
            -114.43669,
            42.9867
          ],
          [
            -114.43758,
            42.98706
          ],
          [
            -114.43775,
            42.98713
          ],
          [
            -114.43793,
            42.98745
          ],
          [
            -114.43796,
            42.98767
          ],
          [
            -114.43788,
            42.98786
          ],
          [
            -114.43778,
            42.98798
          ],
          [
            -114.43753,
            42.98798
          ],
          [
            -114.43722,
            42.98823
          ],
          [
            -114.43692,
            42.98831
          ],
          [
            -114.43648,
            42.98862
          ],
          [
            -114.43598,
            42.98911
          ],
          [
            -114.43586,
            42.98991
          ],
          [
            -114.43618,
            42.99025
          ],
          [
            -114.43667,
            42.99054
          ],
          [
            -114.43695,
            42.99093
          ],
          [
            -114.43722,
            42.99111
          ],
          [
            -114.43897,
            42.9919
          ],
          [
            -114.43993,
            42.99192
          ],
          [
            -114.44069,
            42.99217
          ],
          [
            -114.44183,
            42.99216
          ],
          [
            -114.44195,
            42.99202
          ],
          [
            -114.44207,
            42.99145
          ],
          [
            -114.44229,
            42.99113
          ],
          [
            -114.44354,
            42.99103
          ],
          [
            -114.44446,
            42.99114
          ],
          [
            -114.44494,
            42.99104
          ],
          [
            -114.44528,
            42.99088
          ],
          [
            -114.44701,
            42.98967
          ],
          [
            -114.44852,
            42.98953
          ],
          [
            -114.44967,
            42.99008
          ],
          [
            -114.45038,
            42.99036
          ],
          [
            -114.45044,
            42.99043
          ],
          [
            -114.45065,
            42.99062
          ],
          [
            -114.45071,
            42.99068
          ],
          [
            -114.45137,
            42.99138
          ],
          [
            -114.45181,
            42.99169
          ],
          [
            -114.45194,
            42.99174
          ],
          [
            -114.45212,
            42.99197
          ],
          [
            -114.45235,
            42.99223
          ],
          [
            -114.45289,
            42.99259
          ],
          [
            -114.45421,
            42.9932
          ],
          [
            -114.4548,
            42.99323
          ],
          [
            -114.45609,
            42.99301
          ],
          [
            -114.45641,
            42.99292
          ],
          [
            -114.45652,
            42.99273
          ],
          [
            -114.45661,
            42.99256
          ],
          [
            -114.45658,
            42.99235
          ],
          [
            -114.45675,
            42.99202
          ],
          [
            -114.45681,
            42.99196
          ],
          [
            -114.45701,
            42.992
          ],
          [
            -114.45749,
            42.99207
          ],
          [
            -114.45793,
            42.99204
          ],
          [
            -114.45817,
            42.99215
          ],
          [
            -114.45865,
            42.99255
          ],
          [
            -114.45924,
            42.99326
          ],
          [
            -114.45969,
            42.99354
          ],
          [
            -114.46034,
            42.99378
          ],
          [
            -114.46126,
            42.9937
          ],
          [
            -114.4618,
            42.99352
          ],
          [
            -114.46195,
            42.99338
          ],
          [
            -114.46321,
            42.99258
          ],
          [
            -114.4638,
            42.99235
          ],
          [
            -114.46439,
            42.99225
          ],
          [
            -114.46491,
            42.9923
          ],
          [
            -114.46522,
            42.99252
          ],
          [
            -114.46533,
            42.9928
          ],
          [
            -114.46516,
            42.99339
          ],
          [
            -114.46479,
            42.99401
          ],
          [
            -114.46467,
            42.99476
          ],
          [
            -114.46463,
            42.99516
          ],
          [
            -114.46486,
            42.99562
          ],
          [
            -114.46619,
            42.99651
          ],
          [
            -114.46681,
            42.99648
          ],
          [
            -114.46782,
            42.99609
          ],
          [
            -114.46839,
            42.99596
          ],
          [
            -114.46915,
            42.99596
          ],
          [
            -114.46948,
            42.99613
          ],
          [
            -114.47042,
            42.99608
          ],
          [
            -114.47071,
            42.99621
          ],
          [
            -114.4708,
            42.99637
          ],
          [
            -114.47106,
            42.99672
          ],
          [
            -114.47146,
            42.99692
          ],
          [
            -114.47223,
            42.99706
          ],
          [
            -114.47269,
            42.99696
          ],
          [
            -114.47339,
            42.99631
          ],
          [
            -114.4738,
            42.99622
          ],
          [
            -114.47426,
            42.99617
          ],
          [
            -114.4746,
            42.99631
          ],
          [
            -114.47517,
            42.99688
          ],
          [
            -114.47561,
            42.99747
          ],
          [
            -114.47595,
            42.9977
          ],
          [
            -114.47621,
            42.99794
          ],
          [
            -114.47641,
            42.99824
          ],
          [
            -114.47667,
            42.99849
          ],
          [
            -114.47779,
            42.9991
          ],
          [
            -114.47804,
            42.99913
          ],
          [
            -114.4783,
            42.99893
          ],
          [
            -114.47895,
            42.99812
          ],
          [
            -114.47931,
            42.99779
          ],
          [
            -114.48025,
            42.99724
          ],
          [
            -114.48085,
            42.99707
          ],
          [
            -114.48258,
            42.99713
          ],
          [
            -114.48349,
            42.99702
          ],
          [
            -114.48469,
            42.99726
          ],
          [
            -114.48606,
            42.99713
          ],
          [
            -114.48659,
            42.99683
          ],
          [
            -114.48696,
            42.99651
          ],
          [
            -114.4874,
            42.99594
          ],
          [
            -114.48787,
            42.99565
          ],
          [
            -114.48817,
            42.99548
          ],
          [
            -114.48879,
            42.99527
          ],
          [
            -114.48924,
            42.99536
          ],
          [
            -114.48956,
            42.99542
          ],
          [
            -114.48981,
            42.99549
          ],
          [
            -114.48988,
            42.99564
          ],
          [
            -114.49083,
            42.99629
          ],
          [
            -114.49125,
            42.99636
          ],
          [
            -114.49149,
            42.99624
          ],
          [
            -114.49194,
            42.99593
          ],
          [
            -114.49324,
            42.99602
          ],
          [
            -114.49423,
            42.99585
          ],
          [
            -114.49493,
            42.99584
          ],
          [
            -114.49549,
            42.99574
          ],
          [
            -114.49647,
            42.99535
          ],
          [
            -114.49707,
            42.9953
          ],
          [
            -114.49846,
            42.99536
          ],
          [
            -114.49983,
            42.9957
          ],
          [
            -114.50071,
            42.99608
          ],
          [
            -114.50082,
            42.99631
          ],
          [
            -114.50066,
            42.99682
          ],
          [
            -114.50091,
            42.99708
          ],
          [
            -114.50158,
            42.99717
          ],
          [
            -114.50188,
            42.99708
          ],
          [
            -114.50283,
            42.99686
          ],
          [
            -114.50359,
            42.99658
          ],
          [
            -114.5045,
            42.9964
          ],
          [
            -114.50554,
            42.9963
          ],
          [
            -114.50575,
            42.99619
          ],
          [
            -114.50611,
            42.99607
          ],
          [
            -114.50684,
            42.9963
          ],
          [
            -114.50729,
            42.99632
          ],
          [
            -114.50817,
            42.99584
          ],
          [
            -114.50943,
            42.99615
          ],
          [
            -114.50962,
            42.99621
          ],
          [
            -114.50987,
            42.99612
          ],
          [
            -114.51007,
            42.99592
          ],
          [
            -114.51053,
            42.99574
          ],
          [
            -114.51092,
            42.99572
          ],
          [
            -114.5111,
            42.99609
          ],
          [
            -114.5111,
            42.99651
          ],
          [
            -114.51121,
            42.99667
          ],
          [
            -114.51213,
            42.9972
          ],
          [
            -114.51286,
            42.99746
          ],
          [
            -114.51311,
            42.99763
          ],
          [
            -114.51318,
            42.99776
          ],
          [
            -114.513,
            42.9981
          ],
          [
            -114.5131,
            42.9983
          ],
          [
            -114.51474,
            43.00054
          ],
          [
            -114.51584,
            43.00179
          ],
          [
            -114.5163,
            43.00245
          ],
          [
            -114.51665,
            43.00268
          ],
          [
            -114.51712,
            43.00268
          ],
          [
            -114.51784,
            43.00232
          ],
          [
            -114.51806,
            43.00202
          ],
          [
            -114.51784,
            43.00159
          ],
          [
            -114.51778,
            43.0011
          ],
          [
            -114.51768,
            43.00086
          ],
          [
            -114.51708,
            43.00035
          ],
          [
            -114.51681,
            42.99991
          ],
          [
            -114.51747,
            42.99877
          ],
          [
            -114.51791,
            42.99839
          ],
          [
            -114.51828,
            42.99826
          ],
          [
            -114.51856,
            42.99815
          ],
          [
            -114.51872,
            42.998
          ],
          [
            -114.51937,
            42.99764
          ],
          [
            -114.51992,
            42.99762
          ],
          [
            -114.52006,
            42.99754
          ],
          [
            -114.5201,
            42.99723
          ],
          [
            -114.52036,
            42.99702
          ],
          [
            -114.52157,
            42.99689
          ],
          [
            -114.52367,
            42.997
          ],
          [
            -114.52449,
            42.99711
          ],
          [
            -114.52485,
            42.99729
          ],
          [
            -114.52599,
            42.99839
          ],
          [
            -114.52613,
            42.99839
          ],
          [
            -114.52639,
            42.99819
          ],
          [
            -114.52668,
            42.99814
          ],
          [
            -114.52837,
            42.9978
          ],
          [
            -114.5298,
            42.99699
          ],
          [
            -114.53087,
            42.99656
          ],
          [
            -114.5316,
            42.99655
          ],
          [
            -114.53285,
            42.99687
          ],
          [
            -114.53378,
            42.99689
          ],
          [
            -114.53405,
            42.9968
          ],
          [
            -114.53506,
            42.99675
          ],
          [
            -114.53543,
            42.99665
          ],
          [
            -114.53604,
            42.99643
          ],
          [
            -114.5362,
            42.99631
          ],
          [
            -114.53676,
            42.99568
          ],
          [
            -114.53809,
            42.99464
          ],
          [
            -114.53843,
            42.99376
          ],
          [
            -114.53852,
            42.9929
          ],
          [
            -114.53856,
            42.99263
          ],
          [
            -114.53867,
            42.99239
          ],
          [
            -114.5389,
            42.99218
          ],
          [
            -114.53978,
            42.99162
          ],
          [
            -114.54087,
            42.99067
          ],
          [
            -114.54199,
            42.99012
          ],
          [
            -114.54223,
            42.9901
          ],
          [
            -114.54295,
            42.98994
          ],
          [
            -114.54341,
            42.99023
          ],
          [
            -114.54368,
            42.99093
          ],
          [
            -114.54353,
            42.99126
          ],
          [
            -114.54353,
            42.99131
          ],
          [
            -114.54398,
            42.99154
          ],
          [
            -114.54431,
            42.99153
          ],
          [
            -114.54477,
            42.99141
          ],
          [
            -114.54515,
            42.99118
          ],
          [
            -114.54563,
            42.99112
          ],
          [
            -114.54587,
            42.99125
          ],
          [
            -114.54636,
            42.99138
          ],
          [
            -114.54699,
            42.99132
          ],
          [
            -114.54724,
            42.99121
          ],
          [
            -114.54753,
            42.99116
          ],
          [
            -114.54784,
            42.99097
          ],
          [
            -114.5486,
            42.99082
          ],
          [
            -114.54907,
            42.99082
          ],
          [
            -114.55294,
            42.99183
          ],
          [
            -114.5539,
            42.99216
          ],
          [
            -114.55426,
            42.99249
          ],
          [
            -114.55418,
            42.99368
          ],
          [
            -114.55434,
            42.99397
          ],
          [
            -114.55451,
            42.99408
          ],
          [
            -114.55472,
            42.99383
          ],
          [
            -114.5551,
            42.99363
          ],
          [
            -114.55534,
            42.99356
          ],
          [
            -114.55574,
            42.9936
          ],
          [
            -114.55614,
            42.99382
          ],
          [
            -114.55649,
            42.9939
          ],
          [
            -114.55659,
            42.99391
          ],
          [
            -114.55648,
            42.99411
          ],
          [
            -114.55653,
            42.99521
          ],
          [
            -114.55672,
            42.99561
          ],
          [
            -114.55697,
            42.99588
          ],
          [
            -114.55767,
            42.9962
          ],
          [
            -114.5581,
            42.9962
          ],
          [
            -114.55847,
            42.99593
          ],
          [
            -114.55854,
            42.99557
          ],
          [
            -114.55872,
            42.99558
          ],
          [
            -114.55936,
            42.99536
          ],
          [
            -114.55968,
            42.99534
          ],
          [
            -114.56034,
            42.99582
          ],
          [
            -114.5609,
            42.99604
          ],
          [
            -114.56112,
            42.99602
          ],
          [
            -114.56155,
            42.9958
          ],
          [
            -114.56198,
            42.9958
          ],
          [
            -114.56316,
            42.99633
          ],
          [
            -114.56407,
            42.99632
          ],
          [
            -114.56489,
            42.99615
          ],
          [
            -114.56587,
            42.99641
          ],
          [
            -114.56659,
            42.99656
          ],
          [
            -114.56733,
            42.99648
          ],
          [
            -114.56815,
            42.99643
          ],
          [
            -114.56915,
            42.99659
          ],
          [
            -114.57017,
            42.9965
          ],
          [
            -114.57107,
            42.99677
          ],
          [
            -114.57165,
            42.99682
          ],
          [
            -114.57203,
            42.99667
          ],
          [
            -114.57278,
            42.99673
          ],
          [
            -114.57331,
            42.99668
          ],
          [
            -114.57412,
            42.99636
          ],
          [
            -114.5746,
            42.99641
          ],
          [
            -114.57476,
            42.99654
          ],
          [
            -114.57474,
            42.99661
          ],
          [
            -114.57408,
            42.99708
          ],
          [
            -114.57397,
            42.99739
          ],
          [
            -114.57353,
            42.998
          ],
          [
            -114.57369,
            42.99851
          ],
          [
            -114.57346,
            42.99902
          ],
          [
            -114.57347,
            42.99919
          ],
          [
            -114.57378,
            42.99935
          ],
          [
            -114.57566,
            42.99981
          ],
          [
            -114.57705,
            43.00001
          ],
          [
            -114.57777,
            42.99997
          ],
          [
            -114.57896,
            42.9996
          ],
          [
            -114.58063,
            42.99921
          ],
          [
            -114.58086,
            42.99899
          ],
          [
            -114.58094,
            42.99806
          ],
          [
            -114.581,
            42.99793
          ],
          [
            -114.58129,
            42.99774
          ],
          [
            -114.58221,
            42.99727
          ],
          [
            -114.5839,
            42.99712
          ],
          [
            -114.58416,
            42.99737
          ],
          [
            -114.58413,
            42.99751
          ],
          [
            -114.58359,
            42.99803
          ],
          [
            -114.58344,
            42.99837
          ],
          [
            -114.58348,
            42.99865
          ],
          [
            -114.5838,
            42.999
          ],
          [
            -114.58428,
            42.99931
          ],
          [
            -114.58538,
            42.99947
          ],
          [
            -114.58614,
            42.99991
          ],
          [
            -114.58701,
            43
          ],
          [
            -114.5873,
            42.99995
          ],
          [
            -114.58767,
            42.99964
          ],
          [
            -114.5881,
            42.99916
          ],
          [
            -114.58837,
            42.99852
          ],
          [
            -114.58832,
            42.99831
          ],
          [
            -114.58795,
            42.99798
          ],
          [
            -114.58782,
            42.99771
          ],
          [
            -114.58793,
            42.99741
          ],
          [
            -114.58817,
            42.99718
          ],
          [
            -114.58861,
            42.99702
          ],
          [
            -114.58899,
            42.997
          ],
          [
            -114.58932,
            42.99708
          ],
          [
            -114.58975,
            42.99736
          ],
          [
            -114.59023,
            42.99751
          ],
          [
            -114.59099,
            42.9976
          ],
          [
            -114.59141,
            42.99751
          ],
          [
            -114.59262,
            42.99687
          ],
          [
            -114.59296,
            42.99683
          ],
          [
            -114.59314,
            42.99689
          ],
          [
            -114.59405,
            42.99822
          ],
          [
            -114.59435,
            42.99849
          ],
          [
            -114.59541,
            42.99859
          ],
          [
            -114.59559,
            42.99849
          ],
          [
            -114.59584,
            42.99849
          ],
          [
            -114.59626,
            42.99857
          ],
          [
            -114.59655,
            42.99875
          ],
          [
            -114.5967,
            42.99919
          ],
          [
            -114.5973,
            42.9997
          ],
          [
            -114.59745,
            43.00105
          ],
          [
            -114.59762,
            43.00131
          ],
          [
            -114.59821,
            43.00162
          ],
          [
            -114.59854,
            43.00161
          ],
          [
            -114.59897,
            43.00134
          ],
          [
            -114.59933,
            43.00155
          ],
          [
            -114.59958,
            43.00208
          ],
          [
            -114.59985,
            43.00347
          ],
          [
            -114.60024,
            43.00396
          ],
          [
            -114.60076,
            43.00415
          ],
          [
            -114.60269,
            43.00432
          ],
          [
            -114.6031,
            43.0045
          ],
          [
            -114.60343,
            43.00479
          ],
          [
            -114.60343,
            43.00497
          ],
          [
            -114.60312,
            43.00524
          ],
          [
            -114.60235,
            43.00505
          ],
          [
            -114.602,
            43.00516
          ],
          [
            -114.60188,
            43.00535
          ],
          [
            -114.60186,
            43.00574
          ],
          [
            -114.60141,
            43.00644
          ],
          [
            -114.60095,
            43.00694
          ],
          [
            -114.60103,
            43.00761
          ],
          [
            -114.60164,
            43.00811
          ],
          [
            -114.60271,
            43.00847
          ],
          [
            -114.60433,
            43.00802
          ],
          [
            -114.6059,
            43.00836
          ],
          [
            -114.60661,
            43.00872
          ],
          [
            -114.60778,
            43.00992
          ],
          [
            -114.60837,
            43.01039
          ],
          [
            -114.60878,
            43.01058
          ],
          [
            -114.60931,
            43.01065
          ],
          [
            -114.61025,
            43.01049
          ],
          [
            -114.61057,
            43.01033
          ],
          [
            -114.61083,
            43.00977
          ],
          [
            -114.61081,
            43.00963
          ],
          [
            -114.61055,
            43.00929
          ],
          [
            -114.61068,
            43.00903
          ],
          [
            -114.61092,
            43.00893
          ],
          [
            -114.61174,
            43.00885
          ],
          [
            -114.61213,
            43.00862
          ],
          [
            -114.61216,
            43.00802
          ],
          [
            -114.61245,
            43.00757
          ],
          [
            -114.61342,
            43.00657
          ],
          [
            -114.6143,
            43.00602
          ],
          [
            -114.61487,
            43.00549
          ],
          [
            -114.61529,
            43.00525
          ],
          [
            -114.61565,
            43.00453
          ],
          [
            -114.61605,
            43.0044
          ],
          [
            -114.61748,
            43.00423
          ],
          [
            -114.61799,
            43.00398
          ],
          [
            -114.61886,
            43.00322
          ],
          [
            -114.6192,
            43.00303
          ],
          [
            -114.62005,
            43.00292
          ],
          [
            -114.6208,
            43.00266
          ],
          [
            -114.62293,
            43.00226
          ],
          [
            -114.62449,
            43.00183
          ],
          [
            -114.62504,
            43.00138
          ],
          [
            -114.62529,
            43.00084
          ],
          [
            -114.62544,
            43.00024
          ],
          [
            -114.62569,
            42.99994
          ],
          [
            -114.62603,
            42.9998
          ],
          [
            -114.62642,
            42.99976
          ],
          [
            -114.62705,
            42.99972
          ],
          [
            -114.62731,
            42.99962
          ],
          [
            -114.62784,
            42.9993
          ],
          [
            -114.62802,
            42.99901
          ],
          [
            -114.62854,
            42.99875
          ],
          [
            -114.62871,
            42.99858
          ],
          [
            -114.62873,
            42.99829
          ],
          [
            -114.62857,
            42.99796
          ],
          [
            -114.62769,
            42.9972
          ],
          [
            -114.6282,
            42.99665
          ],
          [
            -114.62876,
            42.99644
          ],
          [
            -114.62922,
            42.99608
          ],
          [
            -114.62999,
            42.99509
          ],
          [
            -114.63026,
            42.99488
          ],
          [
            -114.6302,
            42.99447
          ],
          [
            -114.6303,
            42.9943
          ],
          [
            -114.6301,
            42.9941
          ],
          [
            -114.63009,
            42.99382
          ],
          [
            -114.63017,
            42.99366
          ],
          [
            -114.63099,
            42.99311
          ],
          [
            -114.63189,
            42.99237
          ],
          [
            -114.63226,
            42.9922
          ],
          [
            -114.63347,
            42.99225
          ],
          [
            -114.63409,
            42.99257
          ],
          [
            -114.6346,
            42.99238
          ],
          [
            -114.63613,
            42.99203
          ],
          [
            -114.63671,
            42.99203
          ],
          [
            -114.6371,
            42.99217
          ],
          [
            -114.63793,
            42.99212
          ],
          [
            -114.63814,
            42.99204
          ],
          [
            -114.63884,
            42.99181
          ],
          [
            -114.64024,
            42.99151
          ],
          [
            -114.64115,
            42.99139
          ],
          [
            -114.64215,
            42.99089
          ],
          [
            -114.6431,
            42.99074
          ],
          [
            -114.64372,
            42.99084
          ],
          [
            -114.64432,
            42.99108
          ],
          [
            -114.6445,
            42.99163
          ],
          [
            -114.64485,
            42.99187
          ],
          [
            -114.64695,
            42.99181
          ],
          [
            -114.64726,
            42.99198
          ],
          [
            -114.64746,
            42.99199
          ],
          [
            -114.64822,
            42.99188
          ],
          [
            -114.64894,
            42.9915
          ],
          [
            -114.64918,
            42.99148
          ],
          [
            -114.6499,
            42.99168
          ],
          [
            -114.6509,
            42.99219
          ],
          [
            -114.65185,
            42.99237
          ],
          [
            -114.6526,
            42.99263
          ],
          [
            -114.65292,
            42.99285
          ],
          [
            -114.65283,
            42.99309
          ],
          [
            -114.65311,
            42.99414
          ],
          [
            -114.65333,
            42.99445
          ],
          [
            -114.65351,
            42.99458
          ],
          [
            -114.65564,
            42.99461
          ],
          [
            -114.65582,
            42.99501
          ],
          [
            -114.65633,
            42.99521
          ],
          [
            -114.65681,
            42.9957
          ],
          [
            -114.65682,
            42.99584
          ],
          [
            -114.65659,
            42.99631
          ],
          [
            -114.6572,
            42.99645
          ],
          [
            -114.65835,
            42.99691
          ],
          [
            -114.65871,
            42.9972
          ],
          [
            -114.65879,
            42.99738
          ],
          [
            -114.6588,
            42.9974
          ],
          [
            -114.65946,
            42.99751
          ],
          [
            -114.6598,
            42.99749
          ],
          [
            -114.6602,
            42.99729
          ],
          [
            -114.66045,
            42.99707
          ],
          [
            -114.66051,
            42.99691
          ],
          [
            -114.66036,
            42.99682
          ],
          [
            -114.66029,
            42.99666
          ],
          [
            -114.66033,
            42.99613
          ],
          [
            -114.66044,
            42.99585
          ],
          [
            -114.66076,
            42.99565
          ],
          [
            -114.66114,
            42.99469
          ],
          [
            -114.66221,
            42.99444
          ],
          [
            -114.6631,
            42.99395
          ],
          [
            -114.6632,
            42.99375
          ],
          [
            -114.66322,
            42.99297
          ],
          [
            -114.66342,
            42.99265
          ],
          [
            -114.66481,
            42.99279
          ],
          [
            -114.66574,
            42.99274
          ],
          [
            -114.66607,
            42.99259
          ],
          [
            -114.66611,
            42.99247
          ],
          [
            -114.66553,
            42.9922
          ],
          [
            -114.66527,
            42.99199
          ],
          [
            -114.66525,
            42.99188
          ],
          [
            -114.66554,
            42.99117
          ],
          [
            -114.66598,
            42.99058
          ],
          [
            -114.66622,
            42.98997
          ],
          [
            -114.66665,
            42.98951
          ],
          [
            -114.66705,
            42.98867
          ],
          [
            -114.66723,
            42.98864
          ],
          [
            -114.66747,
            42.98877
          ],
          [
            -114.66809,
            42.98882
          ],
          [
            -114.66858,
            42.98929
          ],
          [
            -114.66917,
            42.98966
          ],
          [
            -114.67014,
            42.98989
          ],
          [
            -114.67045,
            42.99006
          ],
          [
            -114.6708,
            42.99005
          ],
          [
            -114.67094,
            42.99004
          ],
          [
            -114.67139,
            42.9897
          ],
          [
            -114.67131,
            42.98954
          ],
          [
            -114.67136,
            42.98918
          ],
          [
            -114.67116,
            42.98879
          ],
          [
            -114.67138,
            42.98828
          ],
          [
            -114.67134,
            42.9879
          ],
          [
            -114.67156,
            42.98747
          ],
          [
            -114.67176,
            42.98732
          ],
          [
            -114.67204,
            42.98724
          ],
          [
            -114.6724,
            42.98751
          ],
          [
            -114.67401,
            42.98806
          ],
          [
            -114.67444,
            42.98803
          ],
          [
            -114.6746,
            42.98762
          ],
          [
            -114.67474,
            42.98748
          ],
          [
            -114.67601,
            42.98678
          ],
          [
            -114.67648,
            42.9867
          ],
          [
            -114.6769,
            42.98679
          ],
          [
            -114.679,
            42.98674
          ],
          [
            -114.67976,
            42.9865
          ],
          [
            -114.68011,
            42.98617
          ],
          [
            -114.68011,
            42.98571
          ],
          [
            -114.67995,
            42.98534
          ],
          [
            -114.67778,
            42.98467
          ],
          [
            -114.67659,
            42.98414
          ],
          [
            -114.6761,
            42.98357
          ],
          [
            -114.67341,
            42.98169
          ],
          [
            -114.67316,
            42.98131
          ],
          [
            -114.67324,
            42.98107
          ],
          [
            -114.67339,
            42.98094
          ],
          [
            -114.67378,
            42.98093
          ],
          [
            -114.67516,
            42.98052
          ],
          [
            -114.6762,
            42.97972
          ],
          [
            -114.67686,
            42.97936
          ],
          [
            -114.67712,
            42.97926
          ],
          [
            -114.67756,
            42.97927
          ],
          [
            -114.67783,
            42.97913
          ],
          [
            -114.67783,
            42.97824
          ],
          [
            -114.67744,
            42.97768
          ],
          [
            -114.67729,
            42.97705
          ],
          [
            -114.67738,
            42.97667
          ],
          [
            -114.67734,
            42.97643
          ],
          [
            -114.67751,
            42.97622
          ],
          [
            -114.67756,
            42.97594
          ],
          [
            -114.67733,
            42.97467
          ],
          [
            -114.67735,
            42.97418
          ],
          [
            -114.67749,
            42.97388
          ],
          [
            -114.67788,
            42.97363
          ],
          [
            -114.67834,
            42.97365
          ],
          [
            -114.67851,
            42.97389
          ],
          [
            -114.67873,
            42.97396
          ],
          [
            -114.67897,
            42.97377
          ],
          [
            -114.67901,
            42.97359
          ],
          [
            -114.67886,
            42.97338
          ],
          [
            -114.67886,
            42.97323
          ],
          [
            -114.679,
            42.97315
          ],
          [
            -114.67923,
            42.97279
          ],
          [
            -114.67958,
            42.97205
          ],
          [
            -114.67955,
            42.97191
          ],
          [
            -114.6794,
            42.97184
          ],
          [
            -114.67939,
            42.97149
          ],
          [
            -114.67924,
            42.97111
          ],
          [
            -114.67938,
            42.97048
          ],
          [
            -114.67922,
            42.97019
          ],
          [
            -114.67923,
            42.96972
          ],
          [
            -114.67911,
            42.96923
          ],
          [
            -114.6789,
            42.96891
          ],
          [
            -114.67881,
            42.96856
          ],
          [
            -114.67888,
            42.96836
          ],
          [
            -114.67918,
            42.96818
          ],
          [
            -114.67946,
            42.9682
          ],
          [
            -114.67973,
            42.96835
          ],
          [
            -114.68011,
            42.96831
          ],
          [
            -114.68024,
            42.96781
          ],
          [
            -114.68057,
            42.9676
          ],
          [
            -114.68074,
            42.96722
          ],
          [
            -114.68033,
            42.96591
          ],
          [
            -114.68051,
            42.9654
          ],
          [
            -114.68068,
            42.96527
          ],
          [
            -114.68084,
            42.96519
          ],
          [
            -114.68091,
            42.96502
          ],
          [
            -114.68072,
            42.96407
          ],
          [
            -114.68083,
            42.96376
          ],
          [
            -114.68153,
            42.96363
          ],
          [
            -114.6826,
            42.96307
          ],
          [
            -114.68378,
            42.96233
          ],
          [
            -114.6843,
            42.96169
          ],
          [
            -114.68515,
            42.96147
          ],
          [
            -114.68537,
            42.96131
          ],
          [
            -114.68567,
            42.96094
          ],
          [
            -114.68638,
            42.96058
          ],
          [
            -114.68701,
            42.95999
          ],
          [
            -114.68721,
            42.95992
          ],
          [
            -114.6873,
            42.95976
          ],
          [
            -114.68769,
            42.95948
          ],
          [
            -114.68783,
            42.95923
          ],
          [
            -114.68831,
            42.95921
          ],
          [
            -114.68871,
            42.95951
          ],
          [
            -114.68885,
            42.95953
          ],
          [
            -114.68916,
            42.95941
          ],
          [
            -114.68933,
            42.95916
          ],
          [
            -114.69003,
            42.95878
          ],
          [
            -114.69078,
            42.95861
          ],
          [
            -114.69144,
            42.9587
          ],
          [
            -114.69329,
            42.95852
          ],
          [
            -114.69382,
            42.95835
          ],
          [
            -114.69416,
            42.95815
          ],
          [
            -114.69498,
            42.95796
          ],
          [
            -114.6954,
            42.95771
          ],
          [
            -114.69568,
            42.95718
          ],
          [
            -114.69571,
            42.9568
          ],
          [
            -114.69596,
            42.95645
          ],
          [
            -114.69629,
            42.95637
          ],
          [
            -114.69731,
            42.95633
          ],
          [
            -114.69761,
            42.95622
          ],
          [
            -114.69767,
            42.95605
          ],
          [
            -114.69717,
            42.95544
          ],
          [
            -114.69711,
            42.95506
          ],
          [
            -114.69745,
            42.95472
          ],
          [
            -114.69811,
            42.95313
          ],
          [
            -114.6986,
            42.95274
          ],
          [
            -114.69909,
            42.95257
          ],
          [
            -114.69993,
            42.95247
          ],
          [
            -114.70089,
            42.95257
          ],
          [
            -114.70187,
            42.95257
          ],
          [
            -114.70384,
            42.9524
          ],
          [
            -114.70435,
            42.95219
          ],
          [
            -114.70477,
            42.9519
          ],
          [
            -114.70515,
            42.95122
          ],
          [
            -114.7053,
            42.95108
          ],
          [
            -114.70715,
            42.95021
          ],
          [
            -114.7084,
            42.95018
          ],
          [
            -114.70975,
            42.9503
          ],
          [
            -114.70993,
            42.95041
          ],
          [
            -114.7105,
            42.95124
          ],
          [
            -114.71087,
            42.95153
          ],
          [
            -114.71202,
            42.95187
          ],
          [
            -114.71276,
            42.9519
          ],
          [
            -114.71373,
            42.95165
          ],
          [
            -114.71592,
            42.9508
          ],
          [
            -114.71654,
            42.95077
          ],
          [
            -114.71717,
            42.95098
          ],
          [
            -114.71814,
            42.95152
          ],
          [
            -114.71852,
            42.95185
          ],
          [
            -114.71918,
            42.95276
          ],
          [
            -114.7194,
            42.9529
          ],
          [
            -114.71979,
            42.95293
          ],
          [
            -114.72252,
            42.95188
          ],
          [
            -114.72291,
            42.95166
          ],
          [
            -114.72298,
            42.95144
          ],
          [
            -114.72298,
            42.95142
          ],
          [
            -114.72299,
            42.9511
          ],
          [
            -114.72273,
            42.95068
          ],
          [
            -114.72257,
            42.95008
          ],
          [
            -114.72255,
            42.94972
          ],
          [
            -114.72268,
            42.94953
          ],
          [
            -114.72368,
            42.94909
          ],
          [
            -114.7263,
            42.94827
          ],
          [
            -114.72746,
            42.94798
          ],
          [
            -114.72826,
            42.948
          ],
          [
            -114.72912,
            42.94809
          ],
          [
            -114.7301,
            42.94855
          ],
          [
            -114.73052,
            42.94847
          ],
          [
            -114.73077,
            42.9483
          ],
          [
            -114.73173,
            42.94804
          ],
          [
            -114.73277,
            42.94763
          ],
          [
            -114.73402,
            42.94636
          ],
          [
            -114.73456,
            42.94595
          ],
          [
            -114.73486,
            42.94583
          ],
          [
            -114.73525,
            42.94582
          ],
          [
            -114.73666,
            42.94595
          ],
          [
            -114.73687,
            42.94611
          ],
          [
            -114.73697,
            42.94642
          ],
          [
            -114.73756,
            42.94667
          ],
          [
            -114.73827,
            42.94754
          ],
          [
            -114.73873,
            42.94785
          ],
          [
            -114.73891,
            42.94836
          ],
          [
            -114.73901,
            42.94957
          ],
          [
            -114.73915,
            42.95002
          ],
          [
            -114.73994,
            42.95082
          ],
          [
            -114.74023,
            42.95095
          ],
          [
            -114.74133,
            42.95183
          ],
          [
            -114.74155,
            42.95188
          ],
          [
            -114.74205,
            42.95221
          ],
          [
            -114.7422,
            42.9524
          ],
          [
            -114.74269,
            42.95284
          ],
          [
            -114.74297,
            42.95298
          ],
          [
            -114.74449,
            42.95334
          ],
          [
            -114.74454,
            42.95335
          ],
          [
            -114.74511,
            42.95342
          ],
          [
            -114.7458,
            42.95309
          ],
          [
            -114.74619,
            42.95309
          ],
          [
            -114.74662,
            42.95285
          ],
          [
            -114.74695,
            42.95279
          ],
          [
            -114.74719,
            42.95281
          ],
          [
            -114.74761,
            42.9531
          ],
          [
            -114.74868,
            42.95315
          ],
          [
            -114.74898,
            42.95326
          ],
          [
            -114.74912,
            42.95356
          ],
          [
            -114.74896,
            42.95412
          ],
          [
            -114.74909,
            42.95453
          ],
          [
            -114.74909,
            42.95496
          ],
          [
            -114.74996,
            42.95563
          ],
          [
            -114.7502,
            42.95601
          ],
          [
            -114.75,
            42.95628
          ],
          [
            -114.74971,
            42.95642
          ],
          [
            -114.74929,
            42.95702
          ],
          [
            -114.74935,
            42.9583
          ],
          [
            -114.74955,
            42.95862
          ],
          [
            -114.75018,
            42.95917
          ],
          [
            -114.75026,
            42.95938
          ],
          [
            -114.75084,
            42.9597
          ],
          [
            -114.75132,
            42.95969
          ],
          [
            -114.75266,
            42.95988
          ],
          [
            -114.75355,
            42.95968
          ],
          [
            -114.75423,
            42.95967
          ],
          [
            -114.75564,
            42.95996
          ],
          [
            -114.7573,
            42.95998
          ],
          [
            -114.75929,
            42.96081
          ],
          [
            -114.76081,
            42.96182
          ],
          [
            -114.76145,
            42.96208
          ],
          [
            -114.76275,
            42.96194
          ],
          [
            -114.76529,
            42.9614
          ],
          [
            -114.7659,
            42.96139
          ],
          [
            -114.76614,
            42.96152
          ],
          [
            -114.76626,
            42.96175
          ],
          [
            -114.76629,
            42.96207
          ],
          [
            -114.76609,
            42.96269
          ],
          [
            -114.76626,
            42.96324
          ],
          [
            -114.76647,
            42.96355
          ],
          [
            -114.76667,
            42.96366
          ],
          [
            -114.76691,
            42.96366
          ],
          [
            -114.76755,
            42.96323
          ],
          [
            -114.76798,
            42.96324
          ],
          [
            -114.76822,
            42.96336
          ],
          [
            -114.76927,
            42.96433
          ],
          [
            -114.76969,
            42.96435
          ],
          [
            -114.77076,
            42.96471
          ],
          [
            -114.77105,
            42.96473
          ],
          [
            -114.77173,
            42.96494
          ],
          [
            -114.77319,
            42.96503
          ],
          [
            -114.77481,
            42.96531
          ],
          [
            -114.77521,
            42.96519
          ],
          [
            -114.77584,
            42.96512
          ],
          [
            -114.77667,
            42.96519
          ],
          [
            -114.77689,
            42.96532
          ],
          [
            -114.77657,
            42.96594
          ],
          [
            -114.77654,
            42.96619
          ],
          [
            -114.77662,
            42.96645
          ],
          [
            -114.77689,
            42.96679
          ],
          [
            -114.77736,
            42.96698
          ],
          [
            -114.77812,
            42.96666
          ],
          [
            -114.77878,
            42.96673
          ],
          [
            -114.77917,
            42.96717
          ],
          [
            -114.7804,
            42.96776
          ],
          [
            -114.78232,
            42.96898
          ],
          [
            -114.78364,
            42.96923
          ],
          [
            -114.78385,
            42.96908
          ],
          [
            -114.78402,
            42.96906
          ],
          [
            -114.78512,
            42.96901
          ],
          [
            -114.7859,
            42.96906
          ],
          [
            -114.78659,
            42.96939
          ],
          [
            -114.78674,
            42.96953
          ],
          [
            -114.78679,
            42.96981
          ],
          [
            -114.78689,
            42.96986
          ],
          [
            -114.78731,
            42.97004
          ],
          [
            -114.78765,
            42.97009
          ],
          [
            -114.78855,
            42.96975
          ],
          [
            -114.79004,
            42.96902
          ],
          [
            -114.79089,
            42.96802
          ],
          [
            -114.79154,
            42.96755
          ],
          [
            -114.79211,
            42.96727
          ],
          [
            -114.79236,
            42.96701
          ],
          [
            -114.79274,
            42.96639
          ],
          [
            -114.79295,
            42.96577
          ],
          [
            -114.79316,
            42.96555
          ],
          [
            -114.79483,
            42.96505
          ],
          [
            -114.79517,
            42.96506
          ],
          [
            -114.79586,
            42.96533
          ],
          [
            -114.79644,
            42.96542
          ],
          [
            -114.79761,
            42.96544
          ],
          [
            -114.79815,
            42.96527
          ],
          [
            -114.79836,
            42.96508
          ],
          [
            -114.7985,
            42.96477
          ],
          [
            -114.7982,
            42.96392
          ],
          [
            -114.79817,
            42.96205
          ],
          [
            -114.79853,
            42.96155
          ],
          [
            -114.79918,
            42.96106
          ],
          [
            -114.79962,
            42.9609
          ],
          [
            -114.80027,
            42.96052
          ],
          [
            -114.80067,
            42.96
          ],
          [
            -114.80082,
            42.95915
          ],
          [
            -114.80108,
            42.95881
          ],
          [
            -114.80117,
            42.9585
          ],
          [
            -114.80114,
            42.95768
          ],
          [
            -114.80128,
            42.95683
          ],
          [
            -114.8012,
            42.95663
          ],
          [
            -114.8018,
            42.95538
          ],
          [
            -114.80163,
            42.95501
          ],
          [
            -114.80115,
            42.95471
          ],
          [
            -114.80077,
            42.95424
          ],
          [
            -114.80001,
            42.95298
          ],
          [
            -114.79897,
            42.95172
          ],
          [
            -114.79884,
            42.95109
          ],
          [
            -114.7988,
            42.94965
          ],
          [
            -114.7987,
            42.94907
          ],
          [
            -114.7985,
            42.94886
          ],
          [
            -114.79727,
            42.94802
          ],
          [
            -114.79664,
            42.94721
          ],
          [
            -114.79566,
            42.9457
          ],
          [
            -114.79576,
            42.94475
          ]
        ]
      }
    }
  ]
}
